cmd/balldebug/diff_windows.go:10	NN-<State>-alive.png	placeholder
cmd/balldebug/diff_windows.go:11	NN-<State>-dead.png	placeholder
cmd/balldebug/diff_windows.go:12	NN-<State>-diff.png	placeholder
cmd/balldebug/main.go:226	config.toml	bare-unresolvable
cmd/llmrecord/main.go:3	testdata/golden/<name>.sse	placeholder
cmd/wisp/always_write_no_clobber_226_test.go:3	config.toml	bare-unresolvable
cmd/wisp/approval_always.go:40	config.toml	bare-unresolvable
cmd/wisp/approval_always.go:59	run.go	bare-ambiguous
cmd/wisp/approval_always.go:169	run.go	bare-ambiguous
cmd/wisp/approval_always_201_test.go:14	config.toml	bare-unresolvable
cmd/wisp/approval_always_201_test.go:18	config.toml	bare-unresolvable
cmd/wisp/approval_reply.go:13	_test.go	bare-unresolvable
cmd/wisp/approval_reply.go:47	run.go	bare-ambiguous
cmd/wisp/approval_reply.go:74	gate.go	bare-ambiguous
cmd/wisp/approval_reply.go:327	gate.go	bare-ambiguous
cmd/wisp/approval_reply.go:429	run.go	bare-ambiguous
cmd/wisp/approval_reply.go:474	run.go	bare-ambiguous
cmd/wisp/approval_reply.go:600	bridge.go	bare-ambiguous
cmd/wisp/approval_reply_201_test.go:106	config.toml	bare-unresolvable
cmd/wisp/approval_reply_stdin_other.go:16	main.go	bare-ambiguous
cmd/wisp/config_readers_255.go:185	config.toml	bare-unresolvable
cmd/wisp/config_readers_255.go:196	path.go	bare-unresolvable
cmd/wisp/config_readers_255.go:301	tiers_255_test.go	bare-ambiguous
cmd/wisp/config_receipt_255_test.go:14	file.go	bare-unresolvable
cmd/wisp/config_receipt_255_test.go:67	repo>/cmd/wisp/config_receipt_255_test.go	placeholder
cmd/wisp/config_receipt_255_test.go:399	schema.go	bare-ambiguous
cmd/wisp/config_reload.go:3	config.toml	bare-unresolvable
cmd/wisp/config_reload.go:12	config.toml	bare-unresolvable
cmd/wisp/config_reload.go:14	_test.go	bare-unresolvable
cmd/wisp/config_reload.go:18	_test.go	bare-unresolvable
cmd/wisp/config_reload.go:79	run.go	bare-ambiguous
cmd/wisp/config_reload.go:93	config.toml	bare-unresolvable
cmd/wisp/config_reload.go:385	migrate_test.go	bare-ambiguous
cmd/wisp/config_reload_223_test.go:71	config.toml	bare-unresolvable
cmd/wisp/config_reload_223_test.go:244	schema.go	bare-ambiguous
cmd/wisp/config_reload_223_test.go:324	_test.go	bare-unresolvable
cmd/wisp/config_reload_223_test.go:543	migrate_test.go	bare-ambiguous
cmd/wisp/config_reload_223_test.go:606	config.toml	bare-unresolvable
cmd/wisp/config_sentences_223r2_test.go:5	config.toml	bare-unresolvable
cmd/wisp/config_sentences_223r2_test.go:16	migrate_test.go	bare-ambiguous
cmd/wisp/config_sentences_223r2_test.go:75	migrate_test.go	bare-ambiguous
cmd/wisp/console_other.go:13	main.go	bare-ambiguous
cmd/wisp/console_other.go:14	slo_windows.go	bare-ambiguous
cmd/wisp/dataroot_128_test.go:8	wisp-<date>-001.jsonl	placeholder
cmd/wisp/dataroot_128_test.go:9	config.toml	bare-unresolvable
cmd/wisp/dataroot_128_test.go:23	wisp.exe	bare-unresolvable
cmd/wisp/dataroot_128_test.go:74	portable.txt	bare-unresolvable
cmd/wisp/dataroot_128_test.go:342	config.toml	bare-unresolvable
cmd/wisp/dataroot_128_windows_test.go:7	wisp.exe	bare-unresolvable
cmd/wisp/dataroot_128_windows_test.go:16	wisp-<date>-001.jsonl	placeholder
cmd/wisp/dataroot_128_windows_test.go:17	config.toml	bare-unresolvable
cmd/wisp/dataroot_128_windows_test.go:53	portable.txt	bare-unresolvable
cmd/wisp/doctor.go:243	config.toml	bare-unresolvable
cmd/wisp/doctor.go:243	memory.db	bare-unresolvable
cmd/wisp/firstrun.go:3	config.toml	bare-unresolvable
cmd/wisp/firstrun.go:7	defaults.go	bare-ambiguous
cmd/wisp/firstrun.go:7	schema.go	bare-ambiguous
cmd/wisp/firstrun.go:13	run.go	bare-ambiguous
cmd/wisp/firstrun.go:19	config.toml	bare-unresolvable
cmd/wisp/firstrun.go:21	config.toml	bare-unresolvable
cmd/wisp/firstrun.go:22	config.toml	bare-unresolvable
cmd/wisp/firstrun.go:27	main.go	bare-ambiguous
cmd/wisp/firstrun.go:35	run.go	bare-ambiguous
cmd/wisp/firstrun.go:50	config.toml	bare-unresolvable
cmd/wisp/firstrun.go:66	store.go	bare-ambiguous
cmd/wisp/firstrun.go:68	run.go	bare-ambiguous
cmd/wisp/firstrun.go:100	store.go	bare-ambiguous
cmd/wisp/firstrun.go:101	config.toml	bare-unresolvable
cmd/wisp/firstrun.go:102	schema.go	bare-ambiguous
cmd/wisp/firstrun.go:104	store.go	bare-ambiguous
cmd/wisp/firstrun.go:107	models.go	bare-ambiguous
cmd/wisp/firstrun_198_test.go:186	config.toml	bare-unresolvable
cmd/wisp/firstrun_198_test.go:190	defaults.go	bare-ambiguous
cmd/wisp/firstrun_198_test.go:208	schema.go	bare-ambiguous
cmd/wisp/firstrun_198r2_test.go:18	run.go	bare-ambiguous
cmd/wisp/firstrun_198r2_test.go:25	firstrun.go	bare-ambiguous
cmd/wisp/firstrun_198r2_test.go:77	defaults.go	bare-ambiguous
cmd/wisp/firstrun_198r2_test.go:135	defaults.go	bare-ambiguous
cmd/wisp/firstrun_198r2_test.go:290	run.go	bare-ambiguous
cmd/wisp/firstrun_198r2_test.go:295	store.go	bare-ambiguous
cmd/wisp/firstrun_198r2_test.go:296	firstrun.go	bare-ambiguous
cmd/wisp/firstrun_198r2_test.go:356	store.go	bare-ambiguous
cmd/wisp/firstrun_198r2_test.go:357	schema.go	bare-ambiguous
cmd/wisp/leg_dispatch_gate_133_test.go:7	main.go	bare-ambiguous
cmd/wisp/leg_dispatch_gate_133_test.go:43	main.go	bare-ambiguous
cmd/wisp/leg_dispatch_gate_133_test.go:94	_windows_test.go	bare-unresolvable
cmd/wisp/leg_dispatch_gate_133_test.go:147	main.go	bare-ambiguous
cmd/wisp/leg_dispatch_gate_133_test.go:254	logSink.log	bare-unresolvable
cmd/wisp/leg_dispatch_gate_133_test.go:306	_test.go	bare-unresolvable
cmd/wisp/leg_dispatch_gate_133_test.go:307	_test.go	bare-unresolvable
cmd/wisp/leg_dispatch_gate_133_test.go:455	_test.go	bare-unresolvable
cmd/wisp/leg_dispatch_gate_133_test.go:462	_linux_test.go	bare-unresolvable
cmd/wisp/leg_dispatch_gate_133_test.go:730	_test.go	bare-unresolvable
cmd/wisp/leg_dispatch_gate_133_test.go:1155	main.go	bare-ambiguous
cmd/wisp/leg_dispatch_gate_133_test.go:1661	_windows_test.go	bare-unresolvable
cmd/wisp/leg_sink_gate_131_test.go:11	main.go	bare-ambiguous
cmd/wisp/leg_sink_gate_131_test.go:22	main.go	bare-ambiguous
cmd/wisp/leg_sink_gate_131_test.go:40	main.go	bare-ambiguous
cmd/wisp/leg_sink_gate_131_test.go:108	_windows_test.go	bare-unresolvable
cmd/wisp/leg_sink_gate_131_test.go:386	_windows_test.go	bare-unresolvable
cmd/wisp/leg_sink_gate_131_test.go:485	slo_windows.go	bare-ambiguous
cmd/wisp/leg_sink_gate_131_test.go:486	slo_windows.go	bare-ambiguous
cmd/wisp/leg_sink_gate_131_test.go:550	main.go	bare-ambiguous
cmd/wisp/leg_sink_nail_131_windows_test.go:5	main.go	bare-ambiguous
cmd/wisp/leg_sink_nail_131_windows_test.go:23	main.go	bare-ambiguous
cmd/wisp/leg_sink_nail_131_windows_test.go:27	main.go	bare-ambiguous
cmd/wisp/leg_sink_nail_131_windows_test.go:43	models.go	bare-ambiguous
cmd/wisp/leg_sink_nail_131_windows_test.go:54	models.go	bare-ambiguous
cmd/wisp/leg_sink_nail_131_windows_test.go:116	models.go	bare-ambiguous
cmd/wisp/leg_sink_nail_131_windows_test.go:383	models.go	bare-ambiguous
cmd/wisp/leg_sink_nail_131_windows_test.go:416	config.toml	bare-unresolvable
cmd/wisp/leg_sink_nail_131_windows_test.go:454	config.toml	bare-unresolvable
cmd/wisp/leg_sink_nail_131_windows_test.go:589	config.toml	bare-unresolvable
cmd/wisp/leg_sink_nail_131_windows_test.go:616	main.go	bare-ambiguous
cmd/wisp/leg_sink_nail_131_windows_test.go:620	main.go	bare-ambiguous
cmd/wisp/logsink.go:17	slo_windows.go	bare-ambiguous
cmd/wisp/logsink.go:40	config.toml	bare-unresolvable
cmd/wisp/logsink.go:40	memory.db	bare-unresolvable
cmd/wisp/logsink.go:56	main.go	bare-ambiguous
cmd/wisp/logsink_test.go:13	config.toml	bare-unresolvable
cmd/wisp/logsink_test.go:13	memory.db	bare-unresolvable
cmd/wisp/logsink_windows_test.go:10	main.go	bare-ambiguous
cmd/wisp/logsink_windows_test.go:134	wisp-<YYYYMMDD>-001.jsonl	placeholder
cmd/wisp/logsink_windows_test.go:159	config.toml	bare-unresolvable
cmd/wisp/models.go:18	doc.go	bare-ambiguous
cmd/wisp/models.go:19	doc.go	bare-ambiguous
cmd/wisp/models.go:278	run.go	bare-ambiguous
cmd/wisp/panel_assets_143_test.go:201	provenance.go	bare-ambiguous
cmd/wisp/panel_config_248_test.go:301	config.toml	bare-unresolvable
cmd/wisp/panel_config_248_test.go:410	main.go	bare-ambiguous
cmd/wisp/panel_config_store.go:23	config.toml	bare-unresolvable
cmd/wisp/panel_config_store.go:27	run.go	bare-ambiguous
cmd/wisp/panel_config_store.go:79	run.go	bare-ambiguous
cmd/wisp/panel_geometry_255_test.go:24	config.toml	bare-unresolvable
cmd/wisp/panel_geometry_255_test.go:180	config.toml	bare-unresolvable
cmd/wisp/panel_geometry_255_test.go:302	config.toml	bare-unresolvable
cmd/wisp/panel_geometry_255_test.go:445	repo>/cmd/wisp/panel_geometry_255_test.go	placeholder
cmd/wisp/panel_geometry_255_winlive_test.go:206	webview.go	bare-unresolvable
cmd/wisp/panel_host_gate_test.go:381	go.mod/go.sum	multi-ext
cmd/wisp/panel_host_gate_test.go:392	go.mod	bare-ambiguous
cmd/wisp/panel_host_windows.go:13	bridge_test.go	bare-ambiguous
cmd/wisp/panel_host_windows.go:46	chromium_amd64.go	bare-unresolvable
cmd/wisp/panel_host_windows.go:48	webview.go	bare-unresolvable
cmd/wisp/panel_host_windows.go:181	config.toml	bare-unresolvable
cmd/wisp/panel_host_windows.go:404	bridge.go	bare-ambiguous
cmd/wisp/panel_host_windows.go:453	index.html	bare-only-design-frontend
cmd/wisp/panel_host_windows.go:728	webview.go	bare-unresolvable
cmd/wisp/panel_host_windows_test.go:92	webview.go	bare-unresolvable
cmd/wisp/panel_host_windows_test.go:93	webview.go	bare-unresolvable
cmd/wisp/panel_host_windows_test.go:97	chromium.go	bare-unresolvable
cmd/wisp/panel_host_windows_test.go:253	msedgewebview2.exe	bare-unresolvable
cmd/wisp/panel_host_windows_test.go:825	msedgewebview2.exe	bare-unresolvable
cmd/wisp/panel_inbound.go:9	_test.go	bare-unresolvable
cmd/wisp/panel_inbound.go:27	config.toml	bare-unresolvable
cmd/wisp/panel_inbound.go:29	_test.go	bare-unresolvable
cmd/wisp/panel_inbound.go:32	run.go	bare-ambiguous
cmd/wisp/panel_inbound.go:43	go.mod	bare-ambiguous
cmd/wisp/panel_inbound.go:102	main.go	bare-ambiguous
cmd/wisp/panel_inbound.go:130	config.toml	bare-unresolvable
cmd/wisp/panel_inbound.go:207	panel.mod	bare-unresolvable
cmd/wisp/panel_inbound.go:211	config.toml	bare-unresolvable
cmd/wisp/panel_inbound.go:251	run.go	bare-ambiguous
cmd/wisp/panel_inbound_33_test.go:21	config.toml	bare-unresolvable
cmd/wisp/panel_inbound_33_test.go:38	bridge.go	bare-ambiguous
cmd/wisp/panel_inbound_33_test.go:44	main.go	bare-ambiguous
cmd/wisp/panel_inbound_33_test.go:122	bridge.go	bare-ambiguous
cmd/wisp/panel_pump.go:25	composer.mod	bare-unresolvable
cmd/wisp/panel_pump.go:234	run.go	bare-ambiguous
cmd/wisp/panel_pump_test.go:18	composer.mod	bare-unresolvable
cmd/wisp/panel_resident_windows.go:167	config.toml	bare-unresolvable
cmd/wisp/panel_resident_windows.go:171	run.go	bare-ambiguous
cmd/wisp/panel_resident_windows.go:173	config.toml	bare-unresolvable
cmd/wisp/panel_resident_windows.go:184	config.toml	bare-unresolvable
cmd/wisp/panel_resident_windows.go:192	config.toml	bare-unresolvable
cmd/wisp/panel_resident_windows.go:220	run.go	bare-ambiguous
cmd/wisp/panel_resident_windows.go:249	config.toml	bare-unresolvable
cmd/wisp/panel_resident_windows.go:474	webview.go	bare-unresolvable
cmd/wisp/panel_resident_windows_test.go:339	webview.go	bare-unresolvable
cmd/wisp/panel_resident_windows_test.go:425	webview.go	bare-unresolvable
cmd/wisp/panel_resident_windows_test.go:428	chromium.go	bare-unresolvable
cmd/wisp/panel_resident_windows_test.go:430	chromium.go	bare-unresolvable
cmd/wisp/resident_approval_windows.go:69	run.go	bare-ambiguous
cmd/wisp/resident_approval_windows.go:97	run.go	bare-ambiguous
cmd/wisp/resident_approval_windows.go:202	run.go	bare-ambiguous
cmd/wisp/resident_approval_windows.go:222	gate.go	bare-ambiguous
cmd/wisp/resident_ball_228_test.go:62	_test.go	bare-unresolvable
cmd/wisp/resident_ball_228_test.go:224	_windows.go	bare-unresolvable
cmd/wisp/resident_ball_228_windows_test.go:51	wisp.exe	bare-unresolvable
cmd/wisp/resident_sink_nail_127_windows_test.go:19	main.go	bare-ambiguous
cmd/wisp/resident_sink_nail_127_windows_test.go:24	wisp.exe	bare-unresolvable
cmd/wisp/resident_sink_nail_127_windows_test.go:195	wisp.exe	bare-unresolvable
cmd/wisp/resident_sink_nail_127_windows_test.go:236	wisp.exe	bare-unresolvable
cmd/wisp/resident_task_source_246_windows_test.go:23	wisp.db	bare-unresolvable
cmd/wisp/resident_task_source_246_windows_test.go:293	wisp.db	bare-unresolvable
cmd/wisp/resident_task_source_246_windows_test.go:354	config.toml	bare-unresolvable
cmd/wisp/resident_task_source_live_246_windows_test.go:8	wisp.exe	bare-unresolvable
cmd/wisp/resident_task_source_live_246_windows_test.go:303	config.toml	bare-unresolvable
cmd/wisp/resident_task_source_windows.go:32	config.toml	bare-unresolvable
cmd/wisp/resident_task_source_windows.go:60	config.toml	bare-unresolvable
cmd/wisp/resident_task_source_windows.go:121	wisp.exe	bare-unresolvable
cmd/wisp/resident_windows.go:25	main.go	bare-ambiguous
cmd/wisp/resident_windows.go:28	main.go	bare-ambiguous
cmd/wisp/resident_windows.go:119	run.go	bare-ambiguous
cmd/wisp/resident_windows.go:200	config.toml	bare-unresolvable
cmd/wisp/restart_tier_keys_255r2_test.go:10	_test.go	bare-unresolvable
cmd/wisp/run.go:25	config.toml	bare-unresolvable
cmd/wisp/run.go:106	config.toml	bare-unresolvable
cmd/wisp/run.go:106	memory.db	bare-unresolvable
cmd/wisp/run.go:203	config.toml	bare-unresolvable
cmd/wisp/run.go:234	config.toml	bare-unresolvable
cmd/wisp/run.go:253	wisp.db	bare-unresolvable
cmd/wisp/run.go:342	panel_pump.go	bare-ambiguous
cmd/wisp/run.go:597	gate.go	bare-ambiguous
cmd/wisp/run.go:646	config.toml	bare-unresolvable
cmd/wisp/run.go:697	panel_pump.go	bare-ambiguous
cmd/wisp/run.go:723	panel_pump.go	bare-ambiguous
cmd/wisp/run.go:733	panel_pump.go	bare-ambiguous
cmd/wisp/run.go:873	run.go	bare-ambiguous
cmd/wisp/run.go:1034	config.toml	bare-unresolvable
cmd/wisp/run.go:1351	approval.go	bare-ambiguous
cmd/wisp/run_mode101_test.go:72	config.toml	bare-unresolvable
cmd/wisp/run_mode101_test.go:101	config.toml	bare-unresolvable
cmd/wisp/run_mode101_test.go:435	run.go	bare-ambiguous
cmd/wisp/run_test.go:5	config.toml	bare-unresolvable
cmd/wisp/run_test.go:73	config.toml	bare-unresolvable
cmd/wisp/secret.go:98	portable.txt	bare-unresolvable
cmd/wisp/secret.go:154	portable.txt	bare-unresolvable
cmd/wisp/secret_test.go:1090	config.toml	bare-unresolvable
cmd/wisp/slo_exit_os_156_windows_test.go:31	slo_windows.go	bare-ambiguous
cmd/wisp/slo_exit_os_156_windows_test.go:34	cmd.exe	bare-unresolvable
cmd/wisp/slo_exit_os_156_windows_test.go:34	ping.exe	bare-unresolvable
cmd/wisp/slo_exit_os_156_windows_test.go:96	slo_windows.go	bare-ambiguous
cmd/wisp/slo_exit_os_156_windows_test.go:263	slo_windows.go	bare-ambiguous
cmd/wisp/slo_exit_os_156_windows_test.go:394	slo_windows.go	bare-ambiguous
cmd/wisp/slo_other.go:21	slo.go	bare-unresolvable
cmd/wisp/slo_other.go:28	slo_windows.go	bare-ambiguous
cmd/wisp/slo_report_144_windows_test.go:536	last.sum	bare-unresolvable
cmd/wisp/slo_report_144_windows_test.go:723	asis.log	bare-ambiguous
cmd/wisp/slo_report_144_windows_test.go:739	g1-restored-borrowed-value-case14off.log	bare-ambiguous
cmd/wisp/slo_report_144_windows_test.go:740	g1-restored-borrowed-value.log	bare-ambiguous
cmd/wisp/slo_report_144_windows_test.go:851	docs/evidence/s1/152-...-accept-r1.md	ellipsis
cmd/wisp/slo_report_144_windows_test.go:869	152-...-accept-r1.md	ellipsis
cmd/wisp/slo_windows.go:185	slo_windows.go	bare-ambiguous
cmd/wisp/slo_windows.go:671	asis.log	bare-ambiguous
cmd/wisp/slo_windows.go:707	slo_windows.go	bare-ambiguous
cmd/wisp/subagent_blocked_197_test.go:22	run.go	bare-ambiguous
cmd/wisp/subagent_blocked_197_test.go:47	run.go	bare-ambiguous
cmd/wisp/subagent_blocked_197_test.go:113	run.go	bare-ambiguous
cmd/wisp/subagent_carrier_197_test.go:8	run.go	bare-ambiguous
cmd/wisp/subagent_carrier_197_test.go:17	run.go	bare-ambiguous
cmd/wisp/subagent_carrier_197_test.go:625	panel_pump.go	bare-ambiguous
cmd/wisp/subagent_selfapproval_197_test.go:12	gate.go	bare-ambiguous
cmd/wisp/subagent_selfapproval_197_test.go:14	approval.go	bare-ambiguous
cmd/wisp/subagent_selfapproval_197_test.go:15	approval.go	bare-ambiguous
cmd/wisp/subagent_selfapproval_197_test.go:125	gate.go	bare-ambiguous
cmd/wisp/subagent_selfapproval_197_test.go:198	run.go	bare-ambiguous
cmd/wisp/subagent_selfapproval_197_test.go:496	run.go	bare-ambiguous
cmd/wisp/subagent_selfapproval_197_test.go:498	run.go	bare-ambiguous
cmd/wisp/subagent_stream_key_197_test.go:6	pump.go	bare-ambiguous
cmd/wisp/subagent_stream_key_197_test.go:49	pump.go	bare-ambiguous
cmd/wisp/ticket224_assembly_test.go:72	wisp.db	bare-unresolvable
docs/BUILD.md:12	go.mod	bare-ambiguous
docs/BUILD.md:15	tar.exe	bare-unresolvable
docs/BUILD.md:27	go.mod	bare-ambiguous
docs/BUILD.md:27	go.sum	bare-ambiguous
docs/BUILD.md:54	wisp.exe	bare-unresolvable
docs/BUILD.md:57	wisp.exe	bare-unresolvable
docs/BUILD.md:59	gcc.exe	bare-unresolvable
docs/BUILD.md:60	gcc.exe	bare-unresolvable
docs/BUILD.md:67	wisp.exe	bare-unresolvable
docs/BUILD.md:71	wisp.exe	bare-unresolvable
docs/BUILD.md:72	wisp.exe	bare-unresolvable
docs/BUILD.md:82	portable.txt	bare-unresolvable
docs/BUILD.md:85	wisp.exe	bare-unresolvable
docs/BUILD.md:91	wisp.exe	bare-unresolvable
docs/BUILD.md:92	wisp.exe	bare-unresolvable
docs/BUILD.md:92	out.txt	bare-unresolvable
docs/BUILD.md:96	gcc.exe	bare-unresolvable
docs/BUILD.md:98	cgo.exe	bare-unresolvable
docs/BUILD.md:103	script.ps1	bare-unresolvable
docs/BUILD.md:107	wisp.exe	bare-unresolvable
docs/PLAN.md:91	msedgewebview2.exe	bare-unresolvable
docs/PLAN.md:176	config.toml	bare-unresolvable
docs/PLAN.md:216	config.toml	bare-unresolvable
docs/PLAN.md:431	ool-output-<id>.txt	placeholder
docs/PLAN.md:432	shell.exe	bare-unresolvable
docs/PLAN.md:503	msedgewebview2.exe	bare-unresolvable
docs/PLAN.md:681	tool.exe	bare-unresolvable
docs/PLAN.md:685	package.json	bare-only-design-frontend
docs/PLAN.md:1231	config.toml	bare-unresolvable
docs/PLAN.md:1275	config.toml	bare-unresolvable
docs/PLAN.md:1365	config.toml	bare-unresolvable
docs/PLAN.md:1380	msedgewebview2.exe	bare-unresolvable
docs/PLAN.md:1470	config.toml	bare-unresolvable
docs/PLAN.md:1589	config.toml	bare-unresolvable
docs/PLAN.md:1630	config.toml	bare-unresolvable
docs/PLAN.md:1704	config.toml	bare-unresolvable
docs/PLAN.md:1704	wisp.db	bare-unresolvable
docs/PLAN.md:1784	Solid.js	bare-unresolvable
docs/PLAN.md:1798	config.toml	bare-unresolvable
docs/PLAN.md:1883	config.toml	bare-unresolvable
docs/PLAN.md:1888	config.toml	bare-unresolvable
docs/PLAN.md:1924	config.toml	bare-unresolvable
docs/PLAN.md:1925	wisp.db	bare-unresolvable
docs/PLAN.md:1927	portable.txt	bare-unresolvable
docs/PLAN.md:1929	wisp.db	bare-unresolvable
docs/PLAN.md:1931	config.toml	bare-unresolvable
docs/PLAN.md:1931	wisp.db	bare-unresolvable
docs/PLAN.md:2031	shell.exe	bare-unresolvable
docs/PLAN.md:2227	msedgewebview2.exe	bare-unresolvable
docs/PLAN.md:2237	msedgewebview2.exe	bare-unresolvable
docs/PLAN.md:2394	config.toml	bare-unresolvable
docs/PLAN.md:2509	shell.exe	bare-unresolvable
docs/PLAN.md:2568	shell.exe	bare-unresolvable
docs/PLAN.md:2646	shell.exe	bare-unresolvable
docs/PLAN.md:2648	shell.exe	bare-unresolvable
docs/PLAN.md:2654	tasks.json	bare-unresolvable
docs/PLAN.md:2659	cmd.exe	bare-unresolvable
docs/PLAN.md:2667	shell.exe	bare-unresolvable
docs/PLAN.md:2668	shell.exe	bare-unresolvable
docs/PLAN.md:2669	shell.exe	bare-unresolvable
docs/PLAN.md:2672	x.exe	bare-unresolvable
docs/PLAN.md:2676	shell.exe	bare-unresolvable
docs/PLAN.md:2692	wisp.db	bare-unresolvable
docs/PLAN.md:2721	config.toml	bare-unresolvable
docs/PLAN.md:2763	config.toml	bare-unresolvable
docs/PLAN.md:2870	msedgewebview2.exe	bare-unresolvable
docs/PLAN.md:2888	wisp.exe	bare-unresolvable
docs/PLAN.md:2890	wisp-updater.exe	bare-unresolvable
docs/PLAN.md:2894	config.toml	bare-unresolvable
docs/PLAN.md:2894	wisp.db	bare-unresolvable
docs/PLAN.md:2895	update-pending.json	bare-unresolvable
docs/PLAN.md:2908	update-pending.json	bare-unresolvable
docs/PLAN.md:2909	wisp-updater.exe	bare-unresolvable
docs/PLAN.md:3061	config.toml	bare-unresolvable
docs/PLAN.md:3178	DECISIONS.md	bare-unresolvable
docs/PLAN.md:3294	slim-island-hawk.md	bare-unresolvable
docs/PLAN.md:3296	index.html	bare-only-design-frontend
docs/PLAN.md:3298	tokens.css	bare-only-design-frontend
docs/PLAN.md:3299	base.css	bare-only-design-frontend
docs/PLAN.md:3300	icons.js	bare-only-design-frontend
docs/PLAN.md:3301	theme.js	bare-only-design-frontend
docs/PLAN.md:3303	ball.html	bare-only-design-frontend
docs/PLAN.md:3304	chat.html	bare-only-design-frontend
docs/PLAN.md:3305	palette.html	bare-only-design-frontend
docs/PLAN.md:3306	approval.html	bare-only-design-frontend
docs/PLAN.md:3307	tasks.html	bare-only-design-frontend
docs/PLAN.md:3308	config.html	bare-only-design-frontend
docs/PLAN.md:3309	firstrun.html	bare-only-design-frontend
docs/PLAN.md:3310	states.html	bare-only-design-frontend
docs/PLAN.md:3311	security.html	bare-only-design-frontend
docs/PLAN.md:3312	privacy.html	bare-only-design-frontend
docs/PLAN.md:3313	cost.html	bare-only-design-frontend
docs/PLAN.md:3332	tokens.css	bare-only-design-frontend
docs/PLAN.md:3385	tokens.css	bare-only-design-frontend
docs/PLAN.md:3388	tokens.css	bare-only-design-frontend
docs/PLAN.md:3398	tokens.css	bare-only-design-frontend
docs/PLAN.md:3412	tokens.css	bare-only-design-frontend
docs/PLAN.md:3459	icons.js	bare-only-design-frontend
docs/PLAN.md:3511	icons.js	bare-only-design-frontend
docs/PLAN.md:3519	highlight.js	bare-unresolvable
docs/PLAN.md:3532	ball.html	bare-only-design-frontend
docs/PLAN.md:3582	tokens.css	bare-only-design-frontend
docs/PLAN.md:3585	chat.html	bare-only-design-frontend
docs/PLAN.md:3594	tokens.css	bare-only-design-frontend
docs/PLAN.md:3596	ball.html	bare-only-design-frontend
docs/PLAN.md:3598	approval.html	bare-only-design-frontend
docs/PLAN.md:3599	chat.html	bare-only-design-frontend
docs/PLAN.md:3600	ball.html	bare-only-design-frontend
docs/PLAN.md:3600	states.html	bare-only-design-frontend
docs/PRECHECK.md:68	portable.txt	bare-unresolvable
docs/PRECHECK.md:110	tokens.txt	bare-unresolvable
docs/PRECHECK.md:118	checksum.txt	bare-unresolvable
docs/PRECHECK.md:153	host.db	bare-unresolvable
docs/PRECHECK.md:162	provenance.go	bare-ambiguous
docs/SLO.md:185	wisp.exe	bare-unresolvable
docs/SLO.md:185	balldebug.exe	bare-unresolvable
docs/SLO.md:475	slo-report.json	bare-unresolvable
docs/SLO.md:556	i.json	bare-unresolvable
docs/SLO.md:566	i.log	bare-unresolvable
docs/evidence/s0/01-adversarial-acceptance.md:35	wisp.exe	bare-unresolvable
docs/evidence/s0/01-adversarial-acceptance.md:42	wisp.exe	bare-unresolvable
docs/evidence/s0/01-adversarial-acceptance.md:43	wisp.exe	bare-unresolvable
docs/evidence/s0/01-adversarial-acceptance.md:82	go.sum	bare-ambiguous
docs/evidence/s0/01-adversarial-acceptance.md:91	go.mod	bare-ambiguous
docs/evidence/s0/01-adversarial-acceptance.md:93	tar.exe	bare-unresolvable
docs/evidence/s0/01-adversarial-acceptance.md:105	main.go	bare-ambiguous
docs/evidence/s0/01-adversarial-acceptance.md:114	.go/.ps1/.toml/.mod/.sum	stemless
docs/evidence/s0/01-adversarial-acceptance.md:119	go.mod	bare-ambiguous
docs/evidence/s0/01-adversarial-acceptance.md:120	tar.exe	bare-unresolvable
docs/evidence/s0/01-adversarial-acceptance.md:141	go.mod	bare-ambiguous
docs/evidence/s0/01-adversarial-acceptance.md:142	go.mod	bare-ambiguous
docs/evidence/s0/01-adversarial-acceptance.md:151	01-build-chain.md	bare-unresolvable
docs/evidence/s0/01-adversarial-acceptance.md:155	wisp.exe	bare-unresolvable
docs/evidence/s0/01-adversarial-acceptance.md:158	go.mod	bare-ambiguous
docs/evidence/s0/02-adversarial-acceptance.md:90	go.mod/go.sum	multi-ext
docs/evidence/s0/02-adversarial-acceptance.md:90	go.mod	bare-ambiguous
docs/evidence/s0/02-adversarial-acceptance.md:97	tokens.txt	bare-unresolvable
docs/evidence/s0/02-spike-report.md:191	tokens.txt	bare-unresolvable
docs/evidence/s0/02-spike-report.md:191	keywords.txt	bare-unresolvable
docs/evidence/s0/02-spike-report.md:195	tokens.txt	bare-unresolvable
docs/evidence/s0/02-spike-report.md:198	lexicon.txt	bare-unresolvable
docs/evidence/s0/02-spike-report.md:198	tokens.txt	bare-unresolvable
docs/evidence/s0/03-adversarial-acceptance.md:35	doc.go	bare-ambiguous
docs/evidence/s0/03-adversarial-acceptance.md:37	doc.go	bare-ambiguous
docs/evidence/s0/03-adversarial-acceptance.md:48	go.mod	bare-ambiguous
docs/evidence/s0/03-adversarial-acceptance.md:49	doc.go	bare-ambiguous
docs/evidence/s0/03-adversarial-acceptance.md:82	wisp.exe	bare-unresolvable
docs/evidence/s0/03-adversarial-acceptance.md:104	_test.go	bare-unresolvable
docs/evidence/s0/03-adversarial-acceptance.md:110	go.mod	bare-ambiguous
docs/evidence/s0/03-adversarial-acceptance.md:147	go.mod	bare-ambiguous
docs/evidence/s0/04-adversarial-acceptance.md:138	go.sum	bare-ambiguous
docs/evidence/s0/04-adversarial-acceptance.md:145	go.mod/go.sum	multi-ext
docs/evidence/s0/04-adversarial-acceptance.md:149	schema.go	bare-ambiguous
docs/evidence/s0/04-adversarial-acceptance.md:185	q.exe	bare-unresolvable
docs/evidence/s0/04-adversarial-acceptance.md:202	go.mod	bare-ambiguous
docs/evidence/s0/06-adversarial-acceptance.md:16	store.go	bare-ambiguous
docs/evidence/s0/06-adversarial-acceptance.md:34	store_test.go	bare-ambiguous
docs/evidence/s1/05-adversarial-acceptance.md:11	schema.go	bare-ambiguous
docs/evidence/s1/05-adversarial-acceptance.md:12	go.mod/go.sum	multi-ext
docs/evidence/s1/05-adversarial-acceptance.md:13	migrate.go	bare-ambiguous
docs/evidence/s1/05-adversarial-acceptance.md:24	config.toml	bare-unresolvable
docs/evidence/s1/07-adversarial-acceptance.md:23	balldebug.exe	bare-unresolvable
docs/evidence/s1/07-adversarial-acceptance.md:58	machine.go	bare-ambiguous
docs/evidence/s1/07-adversarial-acceptance.md:113	balldebug.exe	bare-unresolvable
docs/evidence/s1/08-adversarial-acceptance.md:45	slo-snapshot.json	bare-unresolvable
docs/evidence/s1/08-adversarial-acceptance.md:65	slo-snapshot.json	bare-unresolvable
docs/evidence/s1/08-adversarial-acceptance.md:137	main.go	bare-ambiguous
docs/evidence/s1/09-adversarial-acceptance.md:7	go.mod	bare-ambiguous
docs/evidence/s1/09-adversarial-acceptance.md:7	go.sum	bare-ambiguous
docs/evidence/s1/09-adversarial-acceptance.md:28	events.go	bare-ambiguous
docs/evidence/s1/09-adversarial-acceptance.md:33	events.go	bare-ambiguous
docs/evidence/s1/09-adversarial-acceptance.md:38	adapter.go	bare-ambiguous
docs/evidence/s1/09-adversarial-acceptance.md:40	events.go	bare-ambiguous
docs/evidence/s1/09-adversarial-acceptance.md:45	events.go	bare-ambiguous
docs/evidence/s1/09-adversarial-acceptance.md:45	adapter.go	bare-ambiguous
docs/evidence/s1/09-adversarial-acceptance.md:89	schema.go	bare-ambiguous
docs/evidence/s1/09-adversarial-acceptance.md:119	catalog_test.go	bare-ambiguous
docs/evidence/s1/09-adversarial-acceptance.md:132	go.mod	bare-ambiguous
docs/evidence/s1/09-adversarial-acceptance.md:138	go.mod/go.sum	multi-ext
docs/evidence/s1/09-adversarial-acceptance.md:142	catalog_test.go	bare-ambiguous
docs/evidence/s1/09-adversarial-acceptance.md:174	main.go	bare-ambiguous
docs/evidence/s1/09-adversarial-acceptance.md:210	go.mod	bare-ambiguous
docs/evidence/s1/09-adversarial-acceptance.md:210	go.sum	bare-ambiguous
docs/evidence/s1/10-adversarial-acceptance.md:5	_test.go	bare-unresolvable
docs/evidence/s1/10-adversarial-acceptance.md:24	loop.go	bare-ambiguous
docs/evidence/s1/10-adversarial-acceptance.md:27	loop.go	bare-ambiguous
docs/evidence/s1/10-adversarial-acceptance.md:28	control.go	bare-ambiguous
docs/evidence/s1/10-adversarial-acceptance.md:28	loop.go	bare-ambiguous
docs/evidence/s1/10-adversarial-acceptance.md:30	loop.go	bare-ambiguous
docs/evidence/s1/10-adversarial-acceptance.md:31	loop.go	bare-ambiguous
docs/evidence/s1/10-adversarial-acceptance.md:33	loop.go	bare-ambiguous
docs/evidence/s1/10-adversarial-acceptance.md:34	loop.go	bare-ambiguous
docs/evidence/s1/10-adversarial-acceptance.md:46	loop.go	bare-ambiguous
docs/evidence/s1/10-adversarial-acceptance.md:46	q.db	bare-unresolvable
docs/evidence/s1/10-adversarial-acceptance.md:47	loop.go	bare-ambiguous
docs/evidence/s1/10-adversarial-acceptance.md:54	loop.go	bare-ambiguous
docs/evidence/s1/10-adversarial-acceptance.md:57	_test.go	bare-unresolvable
docs/evidence/s1/10-adversarial-acceptance.md:61	loop.go	bare-ambiguous
docs/evidence/s1/10-adversarial-acceptance.md:69	loop.go	bare-ambiguous
docs/evidence/s1/10-adversarial-acceptance.md:70	loop.go	bare-ambiguous
docs/evidence/s1/10-adversarial-acceptance.md:72	writeQueue.exe	bare-unresolvable
docs/evidence/s1/10-adversarial-acceptance.md:99	zz_probe2_test.go	bare-unresolvable
docs/evidence/s1/101-adversarial-acceptance.md:21	_test.go	bare-unresolvable
docs/evidence/s1/101-adversarial-acceptance.md:27	_test.go	bare-unresolvable
docs/evidence/s1/101-adversarial-acceptance.md:39	rt.mod	bare-unresolvable
docs/evidence/s1/101-adversarial-acceptance.md:39	run.go	bare-ambiguous
docs/evidence/s1/101-adversarial-acceptance.md:41	rt.mod	bare-unresolvable
docs/evidence/s1/101-adversarial-acceptance.md:41	bridge.go	bare-ambiguous
docs/evidence/s1/101-adversarial-acceptance.md:42	run.go	bare-ambiguous
docs/evidence/s1/101-adversarial-acceptance.md:62	rt.mod	bare-unresolvable
docs/evidence/s1/101-adversarial-acceptance.md:62	rt.ui.sh	bare-unresolvable
docs/evidence/s1/101-adversarial-acceptance.md:62	note.txt	bare-unresolvable
docs/evidence/s1/101-adversarial-acceptance.md:62	config.toml	bare-unresolvable
docs/evidence/s1/101-adversarial-acceptance.md:63	d.txt	bare-unresolvable
docs/evidence/s1/101-adversarial-acceptance.md:85	config.toml	bare-unresolvable
docs/evidence/s1/101-adversarial-acceptance.md:93	run.go	bare-ambiguous
docs/evidence/s1/101-adversarial-acceptance.md:95	run.go	bare-ambiguous
docs/evidence/s1/101-adversarial-acceptance.md:98	config.toml	bare-unresolvable
docs/evidence/s1/101-adversarial-acceptance.md:100	run.go	bare-ambiguous
docs/evidence/s1/101-adversarial-acceptance.md:122	rt.mod	bare-unresolvable
docs/evidence/s1/101-adversarial-acceptance.md:123	rt.mod	bare-unresolvable
docs/evidence/s1/101-adversarial-acceptance.md:124	rt.mod	bare-unresolvable
docs/evidence/s1/101-adversarial-acceptance.md:125	rt.mod	bare-unresolvable
docs/evidence/s1/101-adversarial-acceptance.md:126	rt.mod	bare-unresolvable
docs/evidence/s1/101-adversarial-acceptance.md:127	rt.mod	bare-unresolvable
docs/evidence/s1/101-adversarial-acceptance.md:128	rt.mod	bare-unresolvable
docs/evidence/s1/101-adversarial-acceptance.md:171	_test.go	bare-unresolvable
docs/evidence/s1/101-adversarial-acceptance.md:172	store_test.go	bare-ambiguous
docs/evidence/s1/101-adversarial-acceptance.md:198	s.log	bare-unresolvable
docs/evidence/s1/101-adversarial-acceptance.md:199	s.log	bare-unresolvable
docs/evidence/s1/101-adversarial-acceptance.md:207	run.go	bare-ambiguous
docs/evidence/s1/101-adversarial-acceptance.md:226	_test.go	bare-unresolvable
docs/evidence/s1/101-adversarial-acceptance.md:228	config.toml	bare-unresolvable
docs/evidence/s1/101-adversarial-acceptance.md:228	rt.mod	bare-unresolvable
docs/evidence/s1/101-adversarial-acceptance.md:231	config.toml	bare-unresolvable
docs/evidence/s1/101-adversarial-acceptance.md:242	store.go	bare-ambiguous
docs/evidence/s1/101-adversarial-acceptance.md:245	rt.mod	bare-unresolvable
docs/evidence/s1/101-adversarial-acceptance.md:245	runSpec.mod	bare-unresolvable
docs/evidence/s1/101-adversarial-acceptance.md:246	config.toml	bare-unresolvable
docs/evidence/s1/101-adversarial-acceptance.md:265	config.toml	bare-unresolvable
docs/evidence/s1/101-adversarial-acceptance.md:268	config.toml	bare-unresolvable
docs/evidence/s1/102-adversarial-acceptance.md:54	_test.go	bare-unresolvable
docs/evidence/s1/102-adversarial-acceptance.md:56	_test.go	bare-unresolvable
docs/evidence/s1/102-adversarial-acceptance.md:178	zz_probe_ticket102.go	bare-unresolvable
docs/evidence/s1/102-adversarial-acceptance.md:200	config.toml	bare-unresolvable
docs/evidence/s1/102-adversarial-acceptance.md:218	bridge.go	bare-ambiguous
docs/evidence/s1/102-adversarial-acceptance.md:218	fs.go	bare-ambiguous
docs/evidence/s1/102-adversarial-acceptance.md:218	fs_write.go	bare-ambiguous
docs/evidence/s1/102-adversarial-acceptance.md:218	mode.go	bare-ambiguous
docs/evidence/s1/102-adversarial-acceptance.md:226	fs.go	bare-ambiguous
docs/evidence/s1/102-adversarial-acceptance.md:226	fs_write.go	bare-ambiguous
docs/evidence/s1/102-adversarial-acceptance.md:226	mode.go	bare-ambiguous
docs/evidence/s1/103-adversarial-acceptance.md:9	migrate.go	bare-ambiguous
docs/evidence/s1/103-adversarial-acceptance.md:9	_test.go	bare-unresolvable
docs/evidence/s1/103-adversarial-acceptance.md:73	ac103probe2_windows_test.go	bare-unresolvable
docs/evidence/s1/103-adversarial-acceptance.md:117	keep-me.txt	bare-unresolvable
docs/evidence/s1/103-adversarial-acceptance.md:131	keep-me.txt	bare-unresolvable
docs/evidence/s1/103-adversarial-acceptance.md:146	resolve.go/winsec.go/winsec_other.go/winsec_windows.go	multi-ext
docs/evidence/s1/103-adversarial-acceptance.md:149	_test.go	bare-unresolvable
docs/evidence/s1/103-adversarial-acceptance.md:199	keep-me.txt	bare-unresolvable
docs/evidence/s1/103-adversarial-acceptance.md:200	keep-me.txt	bare-unresolvable
docs/evidence/s1/103-adversarial-acceptance.md:210	_test.go	bare-unresolvable
docs/evidence/s1/103-adversarial-acceptance.md:246	migrate.go	bare-ambiguous
docs/evidence/s1/103-adversarial-acceptance.md:256	_test.go	bare-unresolvable
docs/evidence/s1/104-adversarial-acceptance.md:50	run-fix-ac123.log	bare-unresolvable
docs/evidence/s1/104-adversarial-acceptance.md:51	log-leg.txt	bare-unresolvable
docs/evidence/s1/104-adversarial-acceptance.md:181	gofumpt.exe	bare-unresolvable
docs/evidence/s1/104-adversarial-acceptance.md:181	staticcheck.exe	bare-unresolvable
docs/evidence/s1/104-adversarial-acceptance.md:182	bridge_test.go	bare-ambiguous
docs/evidence/s1/104-adversarial-acceptance.md:189	d22-4d43447.log	bare-unresolvable
docs/evidence/s1/104-adversarial-acceptance.md:191	run-ac4-count2.log	bare-unresolvable
docs/evidence/s1/104-adversarial-acceptance.md:200	89-...-done.md	ellipsis
docs/evidence/s1/104-adversarial-acceptance.md:278	gofumpt.exe	bare-unresolvable
docs/evidence/s1/104-adversarial-acceptance.md:279	gofumpt.exe	bare-unresolvable
docs/evidence/s1/104-adversarial-acceptance.md:288	run-fix-ac123.log	bare-unresolvable
docs/evidence/s1/104-adversarial-acceptance.md:288	run-ac4-count2.log	bare-unresolvable
docs/evidence/s1/104-adversarial-acceptance.md:288	d22-4d43447.log	bare-unresolvable
docs/evidence/s1/104-adversarial-acceptance.md:289	run-red-ac123.log	bare-unresolvable
docs/evidence/s1/104-adversarial-acceptance.md:289	d22-4693feb.log	bare-unresolvable
docs/evidence/s1/104-adversarial-acceptance.md:290	head-ac123.log	bare-unresolvable
docs/evidence/s1/104-adversarial-acceptance.md:290	d22-head.log	bare-unresolvable
docs/evidence/s1/104-adversarial-acceptance.md:291	N>.log	placeholder
docs/evidence/s1/104-adversarial-acceptance.md:299	MEMORY.md	bare-unresolvable
docs/evidence/s1/105-adversarial-acceptance.md:15	bridge.go	bare-ambiguous
docs/evidence/s1/105-adversarial-acceptance.md:27	_test.go	bare-unresolvable
docs/evidence/s1/105-adversarial-acceptance.md:36	_test.go	bare-unresolvable
docs/evidence/s1/105-adversarial-acceptance.md:38	bridge.go	bare-ambiguous
docs/evidence/s1/105-adversarial-acceptance.md:40	bridge.go	bare-ambiguous
docs/evidence/s1/105-adversarial-acceptance.md:50	run.go	bare-ambiguous
docs/evidence/s1/105-adversarial-acceptance.md:52	bridge.go	bare-ambiguous
docs/evidence/s1/105-adversarial-acceptance.md:52	b.log	bare-unresolvable
docs/evidence/s1/105-adversarial-acceptance.md:54	bridge.go	bare-ambiguous
docs/evidence/s1/105-adversarial-acceptance.md:57	run.go	bare-ambiguous
docs/evidence/s1/105-adversarial-acceptance.md:57	main.go	bare-ambiguous
docs/evidence/s1/105-adversarial-acceptance.md:58	run.go	bare-ambiguous
docs/evidence/s1/105-adversarial-acceptance.md:84	zz_probe_105b_test.go	bare-unresolvable
docs/evidence/s1/105-adversarial-acceptance.md:87	new.md	bare-unresolvable
docs/evidence/s1/105-adversarial-acceptance.md:88	new.md	bare-unresolvable
docs/evidence/s1/105-adversarial-acceptance.md:89	new.md	bare-unresolvable
docs/evidence/s1/105-adversarial-acceptance.md:90	new.md	bare-unresolvable
docs/evidence/s1/105-adversarial-acceptance.md:96	zz_probe_105b_reachable_windows_test.go	bare-unresolvable
docs/evidence/s1/105-adversarial-acceptance.md:96	new.md	bare-unresolvable
docs/evidence/s1/105-adversarial-acceptance.md:104	new.md	bare-unresolvable
docs/evidence/s1/105-adversarial-acceptance.md:117	zz_probe_105b_reachable_windows_test.go	bare-unresolvable
docs/evidence/s1/105-adversarial-acceptance.md:153	/wisp/go.mod	root-ambiguous
docs/evidence/s1/105-adversarial-acceptance.md:162	bridge.go	bare-ambiguous
docs/evidence/s1/105-adversarial-acceptance.md:163	gofumpt.exe	bare-unresolvable
docs/evidence/s1/105-adversarial-acceptance.md:168	/wisp/go.mod	root-ambiguous
docs/evidence/s1/105-adversarial-acceptance.md:168	ticket105_windows_test.go	bare-unresolvable
docs/evidence/s1/105-adversarial-acceptance.md:207	loop.go	bare-ambiguous
docs/evidence/s1/105-adversarial-acceptance.md:207	bridge.go	bare-ambiguous
docs/evidence/s1/105-adversarial-acceptance.md:221	zz_probe_105b_reachable_windows_test.go	bare-unresolvable
docs/evidence/s1/106-adversarial-acceptance.md:78	gofumpt.exe	bare-unresolvable
docs/evidence/s1/107-adversarial-acceptance.md:105	portable_test.go	bare-unresolvable
docs/evidence/s1/107-adversarial-acceptance.md:106	/001/proj-evil/b.txt	root-ambiguous
docs/evidence/s1/107-adversarial-acceptance.md:115	_test.go	bare-unresolvable
docs/evidence/s1/107-adversarial-acceptance.md:142	bridge.go	bare-ambiguous
docs/evidence/s1/107-adversarial-acceptance.md:150	MEMORY.md	bare-unresolvable
docs/evidence/s1/108-adversarial-acceptance.md:13	zz_accept108_windows_test.go	bare-unresolvable
docs/evidence/s1/108-adversarial-acceptance.md:13	zz_accept108_other_test.go	bare-unresolvable
docs/evidence/s1/108-adversarial-acceptance.md:36	keep-me.txt	bare-unresolvable
docs/evidence/s1/108-adversarial-acceptance.md:42	keep-me.txt	bare-unresolvable
docs/evidence/s1/108-adversarial-acceptance.md:48	2Fkeep-me.txt	bare-unresolvable
docs/evidence/s1/108-adversarial-acceptance.md:111	_test.go	bare-unresolvable
docs/evidence/s1/108-adversarial-acceptance.md:121	_test.go	bare-unresolvable
docs/evidence/s1/108-adversarial-acceptance.md:132	MEMORY.md	bare-unresolvable
docs/evidence/s1/109-adversarial-acceptance.md:1	bridge.go	bare-ambiguous
docs/evidence/s1/109-adversarial-acceptance.md:24	bridge.go	bare-ambiguous
docs/evidence/s1/109-adversarial-acceptance.md:29	bridge.go	bare-ambiguous
docs/evidence/s1/109-adversarial-acceptance.md:35	bridge.go	bare-ambiguous
docs/evidence/s1/109-adversarial-acceptance.md:50	bridge.go	bare-ambiguous
docs/evidence/s1/109-adversarial-acceptance.md:54	bridge.go	bare-ambiguous
docs/evidence/s1/109-adversarial-acceptance.md:55	_test.go	bare-unresolvable
docs/evidence/s1/109-adversarial-acceptance.md:55	bridge_test.go	bare-ambiguous
docs/evidence/s1/109-adversarial-acceptance.md:56	bridge.go	bare-ambiguous
docs/evidence/s1/109-adversarial-acceptance.md:56	bridge_test.go	bare-ambiguous
docs/evidence/s1/109-adversarial-acceptance.md:65	bridge.go	bare-ambiguous
docs/evidence/s1/109-adversarial-acceptance.md:67	bridge.go	bare-ambiguous
docs/evidence/s1/109-adversarial-acceptance.md:68	doc.go	bare-ambiguous
docs/evidence/s1/109-adversarial-acceptance.md:69	doc.go	bare-ambiguous
docs/evidence/s1/109-adversarial-acceptance.md:78	bridge.go	bare-ambiguous
docs/evidence/s1/109-adversarial-acceptance.md:86	bridge.go	bare-ambiguous
docs/evidence/s1/109-adversarial-acceptance.md:97	bridge.go	bare-ambiguous
docs/evidence/s1/109-adversarial-acceptance.md:99	b.log	bare-unresolvable
docs/evidence/s1/109-adversarial-acceptance.md:100	doc.go/events.go/machine.go/states.go/table.go/timeouts.go	multi-ext
docs/evidence/s1/109-adversarial-acceptance.md:110	tokens.txt	bare-unresolvable
docs/evidence/s1/109-adversarial-acceptance.md:110	README.md	bare-ambiguous
docs/evidence/s1/109-adversarial-acceptance.md:174	bridge.go	bare-ambiguous
docs/evidence/s1/109-adversarial-acceptance.md:176	bridge.go	bare-ambiguous
docs/evidence/s1/109-adversarial-acceptance.md:179	windows_test.go	bare-unresolvable
docs/evidence/s1/109-adversarial-acceptance.md:184	bridge.go	bare-ambiguous
docs/evidence/s1/109-adversarial-acceptance.md:189	bridge.go	bare-ambiguous
docs/evidence/s1/109-adversarial-acceptance.md:219	gofumpt.exe	bare-unresolvable
docs/evidence/s1/109-adversarial-acceptance.md:232	/w/go.mod	root-ambiguous
docs/evidence/s1/109-adversarial-acceptance.md:236	/w/go.mod	root-ambiguous
docs/evidence/s1/109-adversarial-acceptance.md:298	bridge.go	bare-ambiguous
docs/evidence/s1/109-adversarial-acceptance.md:319	doc.go	bare-ambiguous
docs/evidence/s1/109-adversarial-acceptance.md:324	bridge.go	bare-ambiguous
docs/evidence/s1/109-adversarial-acceptance.md:339	bridge.go	bare-ambiguous
docs/evidence/s1/109-adversarial-acceptance.md:347	/w/go.mod	root-ambiguous
docs/evidence/s1/109-adversarial-acceptance.md:369	MEMORY.md	bare-unresolvable
docs/evidence/s1/109-adversarial-acceptance.md:389	run.go	bare-ambiguous
docs/evidence/s1/110-adversarial-acceptance.md:14	_test.go	bare-unresolvable
docs/evidence/s1/110-adversarial-acceptance.md:14	4_test-windows.txt	bare-unresolvable
docs/evidence/s1/110-adversarial-acceptance.md:14	test-core/7_...txt	ellipsis
docs/evidence/s1/110-adversarial-acceptance.md:16	_test.go	bare-unresolvable
docs/evidence/s1/110-adversarial-acceptance.md:39	MEMORY.md	bare-unresolvable
docs/evidence/s1/111-ci-step-readings-attempt2.md:80	win.log	bare-unresolvable
docs/evidence/s1/111-ci-step-readings-attempt2.md:96	core.log	bare-unresolvable
docs/evidence/s1/111-ci-step-readings-attempt2.md:102	core.log	bare-unresolvable
docs/evidence/s1/111-ci-step-readings-attempt2.md:112	win.log	bare-unresolvable
docs/evidence/s1/111-ci-step-readings-attempt2.md:128	core.log	bare-unresolvable
docs/evidence/s1/111-ci-step-readings-attempt2.md:132	win.log	bare-unresolvable
docs/evidence/s1/111-ci-step-readings-attempt2.md:137	core.log	bare-unresolvable
docs/evidence/s1/111-ci-step-readings-attempt2.md:138	win.log	bare-unresolvable
docs/evidence/s1/111-ci-step-readings-attempt2.md:154	lint.log	bare-unresolvable
docs/evidence/s1/111-ci-step-readings.md:153	MEMORY.md	bare-unresolvable
docs/evidence/s1/113-adversarial-acceptance.md:72	/src/go.mod	root-ambiguous
docs/evidence/s1/113-adversarial-acceptance.md:75	/src/113-red-ac113.log	root-ambiguous
docs/evidence/s1/113-adversarial-acceptance.md:103	_test.go	bare-unresolvable
docs/evidence/s1/113-adversarial-acceptance.md:123	MEMORY.md	bare-unresolvable
docs/evidence/s1/114-ac1-status-table.md:7	run.go	bare-ambiguous
docs/evidence/s1/114-ac1-status-table.md:7	models.go	bare-ambiguous
docs/evidence/s1/114-ac1-status-table.md:8	rt.mod	bare-unresolvable
docs/evidence/s1/114-ac1-status-table.md:8	run.go	bare-ambiguous
docs/evidence/s1/114-ac1-status-table.md:14	_test.go	bare-unresolvable
docs/evidence/s1/114-ac1-status-table.md:23	bridge.go	bare-ambiguous
docs/evidence/s1/114-ac1-status-table.md:31	bridge.go	bare-ambiguous
docs/evidence/s1/114-ac1-status-table.md:32	bridge_test.go	bare-ambiguous
docs/evidence/s1/114-ac1-status-table.md:48	rt.mod	bare-unresolvable
docs/evidence/s1/114-ac1-status-table.md:51	rt.mod	bare-unresolvable
docs/evidence/s1/114-ac1-status-table.md:51	run.go	bare-ambiguous
docs/evidence/s1/114-ac1-status-table.md:52	s.mod	bare-unresolvable
docs/evidence/s1/114-ac1-status-table.md:52	run.go	bare-ambiguous
docs/evidence/s1/114-ac1-status-table.md:89	s.mod	bare-unresolvable
docs/evidence/s1/114-ac1-status-table.md:89	run.go	bare-ambiguous
docs/evidence/s1/114-ac1-status-table.md:91	store.go	bare-ambiguous
docs/evidence/s1/114-ac1-status-table.md:98	store.go	bare-ambiguous
docs/evidence/s1/114-ac1-status-table.md:100	rt.mod	bare-unresolvable
docs/evidence/s1/114-ac1-status-table.md:119	panel.ts	bare-only-design-frontend
docs/evidence/s1/114-ac1-status-table.md:128	.ts/.tsx/.js/.mjs/.jsx/.css/.html	stemless
docs/evidence/s1/114-ac1-status-table.md:129	.ts/.tsx/.css	stemless
docs/evidence/s1/114-ac1-status-table.md:138	main.go	bare-ambiguous
docs/evidence/s1/114-ac1-status-table.md:139	main.go	bare-ambiguous
docs/evidence/s1/114-ac1-status-table.md:145	gen-tokens.mjs	bare-only-design-frontend
docs/evidence/s1/114-ac1-status-table.md:145	vendor.mjs	bare-only-design-frontend
docs/evidence/s1/114-ac1-status-table.md:145	vendor-shadcn.mjs	bare-only-design-frontend
docs/evidence/s1/114-ac1-status-table.md:152	.json/.md/.go	stemless
docs/evidence/s1/114-ac1-status-table.md:153	panel.ts	bare-only-design-frontend
docs/evidence/s1/114-ac1-status-table.md:168	panel.mod	bare-unresolvable
docs/evidence/s1/114-ac1-status-table.md:173	panel.ts	bare-only-design-frontend
docs/evidence/s1/114-ac1-status-table.md:173	bridge_test.go	bare-ambiguous
docs/evidence/s1/114-ac1-status-table.md:179	panel.ts	bare-only-design-frontend
docs/evidence/s1/114-ac1-status-table.md:188	main.go	bare-ambiguous
docs/evidence/s1/114-ac1-status-table.md:207	bridge.go	bare-ambiguous
docs/evidence/s1/114-ac1-status-table.md:219	MEMORY.md	bare-unresolvable
docs/evidence/s1/114-ac1-status-table.md:245	bridge.go	bare-ambiguous
docs/evidence/s1/114-ac1-status-table.md:245	bridge_test.go	bare-ambiguous
docs/evidence/s1/114-ac1-status-table.md:246	store.go	bare-ambiguous
docs/evidence/s1/114-ac1-status-table.md:247	_test.go	bare-unresolvable
docs/evidence/s1/114-ac1-status-table.md:249	panel.ts	bare-only-design-frontend
docs/evidence/s1/114-ac2-native-gate.md:17	rt.mod	bare-unresolvable
docs/evidence/s1/114-ac2-native-gate.md:17	run.go	bare-ambiguous
docs/evidence/s1/114-ac2-native-gate.md:17	s.mod	bare-unresolvable
docs/evidence/s1/114-ac2-native-gate.md:69	rt.mod	bare-unresolvable
docs/evidence/s1/114-ac2-native-gate.md:72	/src/go.mod	root-ambiguous
docs/evidence/s1/114-ac2-native-gate.md:89	rt.mod	bare-unresolvable
docs/evidence/s1/114-ac2-native-gate.md:92	rt.mod	bare-unresolvable
docs/evidence/s1/114-ac2-native-gate.md:99	_test.go	bare-unresolvable
docs/evidence/s1/114-ac2-native-gate.md:110	/c/Users/swq/.qoder-cn/memory/MEMORY.md	root-ambiguous
docs/evidence/s1/114-ac2-native-gate.md:118	rt.mod	bare-unresolvable
docs/evidence/s1/114-ac2-native-gate.md:119	_test.go	bare-unresolvable
docs/evidence/s1/116-adversarial-acceptance.md:7	snapshot>/internal/risk/syncdirs.go	placeholder
docs/evidence/s1/116-adversarial-acceptance.md:13	/wisp/go.mod	root-ambiguous
docs/evidence/s1/116-adversarial-acceptance.md:36	/wisp/go.mod	root-ambiguous
docs/evidence/s1/116-adversarial-acceptance.md:36	/new.md	root-ambiguous
docs/evidence/s1/116-adversarial-acceptance.md:50	zz_acceprobe_116acc_test.go	bare-unresolvable
docs/evidence/s1/116-adversarial-acceptance.md:74	new.md	bare-unresolvable
docs/evidence/s1/116-adversarial-acceptance.md:81	/wisp/go.mod	root-ambiguous
docs/evidence/s1/116-adversarial-acceptance.md:81	116_test.go	bare-unresolvable
docs/evidence/s1/116-adversarial-acceptance.md:87	_test.go	bare-unresolvable
docs/evidence/s1/116-adversarial-acceptance.md:120	_116_test.go	bare-unresolvable
docs/evidence/s1/117-adversarial-acceptance.md:16	go.mod	bare-ambiguous
docs/evidence/s1/117-adversarial-acceptance.md:36	run.go	bare-ambiguous
docs/evidence/s1/117-adversarial-acceptance.md:87	_test.go	bare-unresolvable
docs/evidence/s1/117-adversarial-acceptance.md:105	run.go	bare-ambiguous
docs/evidence/s1/117-adversarial-acceptance.md:105	rt.spec.sink.log	bare-unresolvable
docs/evidence/s1/117-adversarial-acceptance.md:114	run.go	bare-ambiguous
docs/evidence/s1/117-adversarial-acceptance.md:129	_test.go	bare-unresolvable
docs/evidence/s1/117-adversarial-acceptance.md:134	run.go	bare-ambiguous
docs/evidence/s1/117-adversarial-acceptance.md:140	run.go	bare-ambiguous
docs/evidence/s1/117-adversarial-acceptance.md:176	wisp-20260922-001.jsonl	bare-unresolvable
docs/evidence/s1/117-adversarial-acceptance.md:188	_test.go	bare-unresolvable
docs/evidence/s1/117-adversarial-acceptance.md:233	wisp-20260922-001.jsonl	bare-unresolvable
docs/evidence/s1/117-adversarial-acceptance.md:250	config.toml	bare-unresolvable
docs/evidence/s1/117-adversarial-acceptance.md:250	memory.db	bare-unresolvable
docs/evidence/s1/117-adversarial-acceptance.md:262	wisp-20260922-001.jsonl	bare-unresolvable
docs/evidence/s1/117-adversarial-acceptance.md:283	wisp.exe	bare-unresolvable
docs/evidence/s1/117-adversarial-acceptance.md:290	config.toml	bare-unresolvable
docs/evidence/s1/117-adversarial-acceptance.md:318	wisp-a117.exe	bare-unresolvable
docs/evidence/s1/117-adversarial-acceptance.md:334	run-leg-3.txt	bare-unresolvable
docs/evidence/s1/117-adversarial-acceptance.md:379	redact.go	bare-ambiguous
docs/evidence/s1/117-adversarial-acceptance.md:387	config.toml	bare-unresolvable
docs/evidence/s1/117-adversarial-acceptance.md:458	_test.go	bare-unresolvable
docs/evidence/s1/117-adversarial-acceptance.md:507	run.go	bare-ambiguous
docs/evidence/s1/117-adversarial-acceptance.md:507	models.go	bare-ambiguous
docs/evidence/s1/117-adversarial-acceptance.md:513	_test.go	bare-unresolvable
docs/evidence/s1/117-adversarial-acceptance.md:514	config.toml	bare-unresolvable
docs/evidence/s1/117-adversarial-acceptance.md:514	memory.db	bare-unresolvable
docs/evidence/s1/117-adversarial-acceptance.md:516	run.go	bare-ambiguous
docs/evidence/s1/117-adversarial-acceptance.md:517	wisp-<date>-001.jsonl	placeholder
docs/evidence/s1/117-adversarial-acceptance.md:574	_test.go	bare-unresolvable
docs/evidence/s1/118-adversarial-acceptance.md:88	service-stands-here.txt	bare-unresolvable
docs/evidence/s1/118-adversarial-acceptance.md:125	/work/posix.sh	root-ambiguous
docs/evidence/s1/118-adversarial-acceptance.md:128	/work/base/go.mod	root-ambiguous
docs/evidence/s1/118-adversarial-acceptance.md:129	posix_out.txt	bare-unresolvable
docs/evidence/s1/118-adversarial-acceptance.md:204	_test.go	bare-unresolvable
docs/evidence/s1/118-adversarial-acceptance.md:268	/d/tmp/ac118b-c1/base/internal/winsec/ac118b_xvol_118b_probe_windows_test.go	root-ambiguous
docs/evidence/s1/118-adversarial-acceptance.md:272	artifact.txt	bare-unresolvable
docs/evidence/s1/118-adversarial-acceptance.md:275	artifact.txt	bare-unresolvable
docs/evidence/s1/118-adversarial-acceptance.md:276	artifact.txt	bare-unresolvable
docs/evidence/s1/118-adversarial-acceptance.md:278	artifact.txt	bare-unresolvable
docs/evidence/s1/119-ac1-ac2-r2-acceptance.md:61	/wisp/go.mod	root-ambiguous
docs/evidence/s1/119-ac1-ac2-r2-acceptance.md:62	/wisp/go.mod	root-ambiguous
docs/evidence/s1/119-ac1-ac2-r2-acceptance.md:64	go.mod	bare-ambiguous
docs/evidence/s1/119-ac1-ac2-r2-acceptance.md:67	/wisp/go.mod	root-ambiguous
docs/evidence/s1/119-ac1-ac2-r2-acceptance.md:104	_test.go	bare-unresolvable
docs/evidence/s1/119-ac1-ac2-r2-acceptance.md:214	.scratch/wisp/issues/119-...-symlinked-data-roots.md	ellipsis
docs/evidence/s1/119-ac1-ac2-r2-acceptance.md:473	wisp119r2-before-other.go	bare-unresolvable
docs/evidence/s1/119-ac1-ac2-r2-acceptance.md:480	MEMORY.md	bare-unresolvable
docs/evidence/s1/119-ac1-ac2-r2-acceptance.md:496	/scripts/r2-run1.sh	root-ambiguous
docs/evidence/s1/119-ac1-ac2-r2-acceptance.md:501	r2-run4.sh	bare-unresolvable
docs/evidence/s1/119-ac1-ac2-r2-acceptance.md:515	MEMORY.md	bare-unresolvable
docs/evidence/s1/119-ac2-r2b-acceptance.md:146	_test.go	bare-unresolvable
docs/evidence/s1/119-ac2-r2b-acceptance.md:231	/wisp/go.mod	root-ambiguous
docs/evidence/s1/119-ac2-r2b-acceptance.md:232	/wisp/go.mod	root-ambiguous
docs/evidence/s1/119-ac2-r2b-acceptance.md:257	/001/config.toml	root-ambiguous
docs/evidence/s1/119-ac2-r2b-acceptance.md:258	/001/config.toml	root-ambiguous
docs/evidence/s1/119-ac2-r2b-acceptance.md:259	/001/config.toml	root-ambiguous
docs/evidence/s1/119-ac2-r2b-acceptance.md:260	/001/config.toml	root-ambiguous
docs/evidence/s1/119-ac2-r2b-acceptance.md:261	/planted119r2b/config.toml	root-ambiguous
docs/evidence/s1/119-ac2-r2b-acceptance.md:262	/planted119r2b/config.toml	root-ambiguous
docs/evidence/s1/119-ac2-r2b-acceptance.md:270	config.toml	bare-unresolvable
docs/evidence/s1/119-ac2-r2b-acceptance.md:303	_test.go	bare-unresolvable
docs/evidence/s1/119-ac2-r2b-acceptance.md:307	_test.go	bare-unresolvable
docs/evidence/s1/119-ac2-r2b-acceptance.md:360	/d/tmp/wisp119r2b-work/summary.txt	root-ambiguous
docs/evidence/s1/119-ac2-r2b-acceptance.md:435	config.toml	bare-unresolvable
docs/evidence/s1/119-ac2-r2b-acceptance.md:452	drive.sh	bare-unresolvable
docs/evidence/s1/119-ac2-r2b-acceptance.md:452	patch.sh	bare-unresolvable
docs/evidence/s1/119-ac2-r2b-acceptance.md:453	md5-head.txt	bare-unresolvable
docs/evidence/s1/119-ac2-r2b-acceptance.md:453	summary.txt	bare-ambiguous
docs/evidence/s1/119-ac2-r2b-acceptance.md:454	base-code.txt	bare-unresolvable
docs/evidence/s1/119-ac2-r2b-acceptance.md:454	head-code.txt	bare-unresolvable
docs/evidence/s1/119-ac2-r2b-acceptance.md:458	zz_r2b_landing_probe_119_test.go	bare-unresolvable
docs/evidence/s1/119-ac2-r2b-acceptance.md:480	base.css	bare-only-design-frontend
docs/evidence/s1/119-ac2-r2b-acceptance.md:480	icons.js	bare-only-design-frontend
docs/evidence/s1/119-ac2-r2b-acceptance.md:480	theme.js	bare-only-design-frontend
docs/evidence/s1/119-ac2-r2b-acceptance.md:493	MEMORY.md	bare-unresolvable
docs/evidence/s1/119-ac7-impl.md:94	/wisp/go.mod	root-ambiguous
docs/evidence/s1/119-ac7-impl.md:94	head.txt	bare-unresolvable
docs/evidence/s1/119-ac7-impl.md:95	/wisp/go.mod	root-ambiguous
docs/evidence/s1/119-ac7-impl.md:96	/wisp/go.mod	root-ambiguous
docs/evidence/s1/119-ac7-impl.md:96	go.mod	bare-ambiguous
docs/evidence/s1/119-ac7-impl.md:100	/wisp/go.mod	root-ambiguous
docs/evidence/s1/119-ac7-impl.md:108	parse.py	bare-unresolvable
docs/evidence/s1/119-ac7-impl.md:123	head.txt	bare-unresolvable
docs/evidence/s1/119-ac7-impl.md:126	winsec_other.go/winsec.go	multi-ext
docs/evidence/s1/119-ac7-impl.md:230	head.txt	bare-unresolvable
docs/evidence/s1/119-ac7-impl.md:254	b4-after-mutd-link-full.v.log	bare-unresolvable
docs/evidence/s1/119-ac7-impl.md:271	c2-after-mutd2-link-full.v.log	bare-unresolvable
docs/evidence/s1/119-ac7-impl.md:341	gofumpt.exe	bare-unresolvable
docs/evidence/s1/119-ac7-impl.md:346	gate-nonnv-link.log	bare-unresolvable
docs/evidence/s1/119-ac7-impl.md:352	_test.go	bare-unresolvable
docs/evidence/s1/119-ac7-impl.md:383	.scratch/wisp/issues/119-...-data-roots.md	ellipsis
docs/evidence/s1/119-ac7-impl.md:398	MEMORY.md	bare-unresolvable
docs/evidence/s1/119-ac7-impl.md:414	MEMORY.md	bare-unresolvable
docs/evidence/s1/119-ac7-impl.md:425	.head.txt	bare-unresolvable
docs/evidence/s1/119-ac7-impl.md:425	.v.log	bare-unresolvable
docs/evidence/s1/119-ac7-impl.md:425	.counts.txt	bare-unresolvable
docs/evidence/s1/119-ac7-impl.md:425	.run.txt	bare-unresolvable
docs/evidence/s1/119-ac7-impl.md:425	.colour.txt	bare-unresolvable
docs/evidence/s1/119-ac7-impl.md:426	gates-after.txt	bare-unresolvable
docs/evidence/s1/119-ac7-impl.md:426	gate-nonnv.log	bare-unresolvable
docs/evidence/s1/119-ac7-impl.md:426	gate-nonnv-link.log	bare-unresolvable
docs/evidence/s1/119-ac7-impl.md:426	gate-d22scan.log	bare-ambiguous
docs/evidence/s1/119-ac7-impl.md:427	ac3-base.txt	bare-unresolvable
docs/evidence/s1/119-ac7-impl.md:427	ac3-after.txt	bare-unresolvable
docs/evidence/s1/119-ac7-impl.md:428	run_one.sh	bare-unresolvable
docs/evidence/s1/119-ac7-impl.md:429	drive.sh	bare-unresolvable
docs/evidence/s1/119-ac7-impl.md:430	parse.py	bare-unresolvable
docs/evidence/s1/119-ac7-impl.md:431	mutd.py	bare-unresolvable
docs/evidence/s1/119-ac7-impl.md:432	mutd2.py	bare-unresolvable
docs/evidence/s1/119-ac7-impl.md:433	gates.sh	bare-unresolvable
docs/evidence/s1/119-ac7-impl.md:456	.head.txt	bare-unresolvable
docs/evidence/s1/119-ac7-r1-acceptance.md:100	/wisp/go.mod	root-ambiguous
docs/evidence/s1/119-ac7-r1-acceptance.md:100	head.txt	bare-unresolvable
docs/evidence/s1/119-ac7-r1-acceptance.md:101	/wisp/go.mod	root-ambiguous
docs/evidence/s1/119-ac7-r1-acceptance.md:102	/wisp/go.mod	root-ambiguous
docs/evidence/s1/119-ac7-r1-acceptance.md:114	gofumpt.exe	bare-unresolvable
docs/evidence/s1/119-ac7-r1-acceptance.md:125	_test.go	bare-unresolvable
docs/evidence/s1/119-ac7-r1-acceptance.md:128	gates.txt	bare-unresolvable
docs/evidence/s1/119-ac7-r1-acceptance.md:269	_test.go	bare-unresolvable
docs/evidence/s1/119-ac7-r1-acceptance.md:271	head.txt	bare-unresolvable
docs/evidence/s1/119-ac7-r1-acceptance.md:289	gates.txt	bare-unresolvable
docs/evidence/s1/119-ac7-r1-acceptance.md:290	head.txt	bare-unresolvable
docs/evidence/s1/119-ac7-r1-acceptance.md:418	credit.py	bare-unresolvable
docs/evidence/s1/119-ac7-r1-acceptance.md:488	head.txt	bare-unresolvable
docs/evidence/s1/119-ac7-r1-acceptance.md:512	/acwpriv/wacc119tmp/TestAC3POSIXLinkInsideAResolvedDataRootStillRefused1194083439489/001/data/out/keep-me.txt	root-ambiguous
docs/evidence/s1/119-ac7-r1-acceptance.md:546	credit.py	bare-unresolvable
docs/evidence/s1/119-ac7-r1-acceptance.md:595	run_one.sh	bare-unresolvable
docs/evidence/s1/119-ac7-r1-acceptance.md:595	head.txt	bare-unresolvable
docs/evidence/s1/119-ac7-r1-acceptance.md:604	gofumpt.exe	bare-unresolvable
docs/evidence/s1/119-ac7-r1-acceptance.md:607	gates.txt	bare-unresolvable
docs/evidence/s1/119-ac7-r1-acceptance.md:610	_test.go	bare-unresolvable
docs/evidence/s1/119-ac7-r1-acceptance.md:665	run_one.sh	bare-unresolvable
docs/evidence/s1/119-ac7-r1-acceptance.md:666	drive.sh	bare-unresolvable
docs/evidence/s1/119-ac7-r1-acceptance.md:666	mutate.py	bare-ambiguous
docs/evidence/s1/119-ac7-r1-acceptance.md:667	batch.sh	bare-unresolvable
docs/evidence/s1/119-ac7-r1-acceptance.md:667	credit.py	bare-unresolvable
docs/evidence/s1/119-ac7-r1-acceptance.md:667	flipunion.py	bare-unresolvable
docs/evidence/s1/119-ac7-r1-acceptance.md:670	head.txt	bare-unresolvable
docs/evidence/s1/119-ac7-r1-acceptance.md:670	gates.txt	bare-unresolvable
docs/evidence/s1/119-ac7-r1-acceptance.md:670	tag>.v.log	placeholder
docs/evidence/s1/119-ac7-r1-acceptance.md:671	tag>.roster-run.txt	placeholder
docs/evidence/s1/119-ac7-r1-acceptance.md:671	tag>.roster-colour.txt	placeholder
docs/evidence/s1/119-ac7-r1-acceptance.md:671	tag>.roster-skip.txt	placeholder
docs/evidence/s1/119-ac7-r1-acceptance.md:672	tag>.colours119.txt	placeholder
docs/evidence/s1/119-ac7-r1-acceptance.md:672	tag>.refusals.txt	placeholder
docs/evidence/s1/119-ac7-r1-acceptance.md:672	tag>.redlines.txt	placeholder
docs/evidence/s1/119-ac7-r1-acceptance.md:673	pairs.txt	bare-unresolvable
docs/evidence/s1/119-ac7-r1-acceptance.md:673	flipunion.py	bare-unresolvable
docs/evidence/s1/119-ac7-r1-acceptance.md:674	ac7_head.txt	bare-unresolvable
docs/evidence/s1/119-ac7-r1-acceptance.md:674	ac7_disk.txt	bare-unresolvable
docs/evidence/s1/119-ac7-r1-acceptance.md:674	tk_b4.md	bare-unresolvable
docs/evidence/s1/119-ac7-r1-acceptance.md:674	tk_head.md	bare-unresolvable
docs/evidence/s1/119-ac7-r1-acceptance.md:686	MEMORY.md	bare-unresolvable
docs/evidence/s1/119-ac7-r1-acceptance.md:687	run_one.sh	bare-unresolvable
docs/evidence/s1/119-ac7-r1-acceptance.md:695	MEMORY.md	bare-unresolvable
docs/evidence/s1/119-ac7-r1-acceptance.md:710	mutate.py	bare-ambiguous
docs/evidence/s1/119-adversarial-acceptance.md:16	/src/go.mod	root-ambiguous
docs/evidence/s1/119-adversarial-acceptance.md:47	asym.sh	bare-unresolvable
docs/evidence/s1/119-adversarial-acceptance.md:56	/src/go.mod	root-ambiguous
docs/evidence/s1/119-adversarial-acceptance.md:78	/src/go.mod	root-ambiguous
docs/evidence/s1/119-adversarial-acceptance.md:111	_test.go	bare-unresolvable
docs/evidence/s1/119-adversarial-acceptance.md:112	_test.go	bare-unresolvable
docs/evidence/s1/119-adversarial-acceptance.md:138	/src/go.mod	root-ambiguous
docs/evidence/s1/119-adversarial-acceptance.md:334	/mut/<x>/go.mod	root-ambiguous
docs/evidence/s1/119-adversarial-acceptance.md:539	/src/go.mod	root-ambiguous
docs/evidence/s1/119-adversarial-acceptance.md:547	before-link.summary.txt	bare-unresolvable
docs/evidence/s1/119-next-audit-r1.md:140	doc.go	bare-ambiguous
docs/evidence/s1/119-next-audit-r1.md:229	105-c26-rewrite-account-has-no-production-reader.md	bare-unresolvable
docs/evidence/s1/119-next-audit-r1.md:229	116-ancestor-actable-leg-still-has-no-behavior-case.md	bare-unresolvable
docs/evidence/s1/121-adversarial-acceptance.md:29	bridge.go	bare-ambiguous
docs/evidence/s1/121-adversarial-acceptance.md:30	bridge.go	bare-ambiguous
docs/evidence/s1/121-adversarial-acceptance.md:33	bridge.go	bare-ambiguous
docs/evidence/s1/121-adversarial-acceptance.md:33	doc.go	bare-ambiguous
docs/evidence/s1/121-adversarial-acceptance.md:105	doc.go	bare-ambiguous
docs/evidence/s1/121-adversarial-acceptance.md:105	models.go	bare-ambiguous
docs/evidence/s1/121-adversarial-acceptance.md:106	bridge.go	bare-ambiguous
docs/evidence/s1/121-adversarial-acceptance.md:107	bridge.go	bare-ambiguous
docs/evidence/s1/121-adversarial-acceptance.md:110	portable.txt	bare-unresolvable
docs/evidence/s1/121-adversarial-acceptance.md:135	main.go	bare-ambiguous
docs/evidence/s1/121-adversarial-acceptance.md:135	models.go	bare-ambiguous
docs/evidence/s1/121-adversarial-acceptance.md:136	models.go	bare-ambiguous
docs/evidence/s1/121-adversarial-acceptance.md:136	main.go	bare-ambiguous
docs/evidence/s1/121-adversarial-acceptance.md:138	models_probe121_test.go	bare-unresolvable
docs/evidence/s1/121-adversarial-acceptance.md:138	_test.go	bare-unresolvable
docs/evidence/s1/121-adversarial-acceptance.md:148	gate.go	bare-ambiguous
docs/evidence/s1/121-adversarial-acceptance.md:160	_test.go	bare-unresolvable
docs/evidence/s1/121-adversarial-acceptance.md:161	_test.go	bare-unresolvable
docs/evidence/s1/121-adversarial-acceptance.md:167	main.go	bare-ambiguous
docs/evidence/s1/121-adversarial-acceptance.md:167	models.go	bare-ambiguous
docs/evidence/s1/121-adversarial-acceptance.md:215	bridge.go	bare-ambiguous
docs/evidence/s1/121-adversarial-acceptance.md:216	_test.go	bare-unresolvable
docs/evidence/s1/121-adversarial-acceptance.md:217	config.toml	bare-unresolvable
docs/evidence/s1/121-adversarial-acceptance.md:219	doc.go	bare-ambiguous
docs/evidence/s1/121-adversarial-acceptance.md:279	_test.go	bare-unresolvable
docs/evidence/s1/121-adversarial-acceptance.md:302	MEMORY.md	bare-unresolvable
docs/evidence/s1/121-preflight-deps-reachability.md:30	go.mod	bare-ambiguous
docs/evidence/s1/121-preflight-deps-reachability.md:48	_test.go	bare-unresolvable
docs/evidence/s1/121-preflight-deps-reachability.md:118	go.mod	bare-ambiguous
docs/evidence/s1/121-preflight-deps-reachability.md:129	go.mod	bare-ambiguous
docs/evidence/s1/121-preflight-deps-reachability.md:171	_test.go	bare-unresolvable
docs/evidence/s1/121-preflight-deps-reachability.md:185	doc.go	bare-ambiguous
docs/evidence/s1/121-preflight-deps-reachability.md:188	_test.go	bare-unresolvable
docs/evidence/s1/121-preflight-deps-reachability.md:191	doc.go	bare-ambiguous
docs/evidence/s1/121-preflight-deps-reachability.md:192	doc.go	bare-ambiguous
docs/evidence/s1/121-preflight-deps-reachability.md:193	_test.go	bare-unresolvable
docs/evidence/s1/121-preflight-deps-reachability.md:194	doc.go	bare-ambiguous
docs/evidence/s1/121-preflight-deps-reachability.md:214	main.go	bare-ambiguous
docs/evidence/s1/121-preflight-deps-reachability.md:223	doc.go	bare-ambiguous
docs/evidence/s1/121-preflight-deps-reachability.md:225	doc.go	bare-ambiguous
docs/evidence/s1/121-preflight-deps-reachability.md:227	doc.go	bare-ambiguous
docs/evidence/s1/121-preflight-deps-reachability.md:228	doc.go	bare-ambiguous
docs/evidence/s1/121-preflight-deps-reachability.md:229	doc.go	bare-ambiguous
docs/evidence/s1/121-preflight-deps-reachability.md:230	doc.go	bare-ambiguous
docs/evidence/s1/121-preflight-deps-reachability.md:232	doc.go	bare-ambiguous
docs/evidence/s1/121-preflight-deps-reachability.md:242	doc.go	bare-ambiguous
docs/evidence/s1/121-preflight-deps-reachability.md:244	bridge.go	bare-ambiguous
docs/evidence/s1/121-preflight-deps-reachability.md:311	doc.go	bare-ambiguous
docs/evidence/s1/121-preflight-deps-reachability.md:312	doc.go	bare-ambiguous
docs/evidence/s1/121-preflight-deps-reachability.md:319	doc.go	bare-ambiguous
docs/evidence/s1/121-preflight-deps-reachability.md:351	_test.go	bare-unresolvable
docs/evidence/s1/121-preflight-deps-reachability.md:361	rt.mod	bare-unresolvable
docs/evidence/s1/121-preflight-deps-reachability.md:361	b.mod	bare-unresolvable
docs/evidence/s1/121-preflight-deps-reachability.md:363	bridge.go	bare-ambiguous
docs/evidence/s1/121-preflight-deps-reachability.md:364	bridge.go	bare-ambiguous
docs/evidence/s1/121-preflight-deps-reachability.md:366	_windows.go	bare-unresolvable
docs/evidence/s1/121-preflight-deps-reachability.md:412	bridge.go	bare-ambiguous
docs/evidence/s1/121-preflight-deps-reachability.md:413	doc.go	bare-ambiguous
docs/evidence/s1/121-preflight-deps-reachability.md:421	bridge.go	bare-ambiguous
docs/evidence/s1/121-preflight-deps-reachability.md:434	doc.go	bare-ambiguous
docs/evidence/s1/121-preflight-deps-reachability.md:461	rt.mod	bare-unresolvable
docs/evidence/s1/121-preflight-deps-reachability.md:473	MEMORY.md	bare-unresolvable
docs/evidence/s1/124-ac1-denominator-readings.md:13	/src/go.mod	root-ambiguous
docs/evidence/s1/124-ac1-denominator-readings.md:14	/src/internal/winsec/resolve.go	root-ambiguous
docs/evidence/s1/124-ac1-denominator-readings.md:24	/src/go.mod	root-ambiguous
docs/evidence/s1/124-ac1-denominator-readings.md:34	/d/tmp/w124-ac1-h.sh	root-ambiguous
docs/evidence/s1/124-ac1-denominator-readings.md:34	/h.sh	root-ambiguous
docs/evidence/s1/124-ac1-denominator-readings.md:37	/h.sh	root-ambiguous
docs/evidence/s1/124-ac1-denominator-readings.md:37	/d/tmp/w124-ac1-logs/<TAG>.driver.txt	root-ambiguous
docs/evidence/s1/124-ac1-denominator-readings.md:40	/h.sh	root-ambiguous
docs/evidence/s1/124-ac1-denominator-readings.md:48	/h.sh	root-ambiguous
docs/evidence/s1/124-ac1-denominator-readings.md:59	TAG.summary.txt	bare-unresolvable
docs/evidence/s1/124-ac1-denominator-readings.md:73	/src/go.mod	root-ambiguous
docs/evidence/s1/124-ac1-denominator-readings.md:74	/src/go.mod	root-ambiguous
docs/evidence/s1/124-ac1-denominator-readings.md:74	/src/internal/winsec/resolve.go	root-ambiguous
docs/evidence/s1/124-ac1-denominator-readings.md:106	slug.txt	bare-unresolvable
docs/evidence/s1/124-ac1-denominator-readings.md:145	/src/go.mod	root-ambiguous
docs/evidence/s1/124-ac1-denominator-readings.md:146	/src/go.mod	root-ambiguous
docs/evidence/s1/124-ac1-denominator-readings.md:147	/src/internal/winsec/resolve.go	root-ambiguous
docs/evidence/s1/124-ac1-denominator-readings.md:378	/d/tmp/w124-ac1-logs/L1.summary.txt	root-ambiguous
docs/evidence/s1/124-ac1-denominator-readings.md:378	/d/tmp/w124-ac1-logs/L2.summary.txt	root-ambiguous
docs/evidence/s1/124-ac1-denominator-readings.md:387	/src/go.mod	root-ambiguous
docs/evidence/s1/124-ac1-denominator-readings.md:388	/src/go.mod	root-ambiguous
docs/evidence/s1/124-ac1-denominator-readings.md:389	/src/internal/winsec/resolve.go	root-ambiguous
docs/evidence/s1/124-ac1-denominator-readings.md:634	/src/go.mod	root-ambiguous
docs/evidence/s1/124-ac1-denominator-readings.md:635	/src/go.mod	root-ambiguous
docs/evidence/s1/124-ac1-denominator-readings.md:636	/src/internal/winsec/resolve.go	root-ambiguous
docs/evidence/s1/124-ac1-denominator-readings.md:725	/realpriv/w124tmp/TestAC3POSIXLinkInsideAResolvedDataRootStillRefused1192984876379/001/data/out/keep-me.txt	root-ambiguous
docs/evidence/s1/124-ac1-denominator-readings.md:964	_test.go	bare-unresolvable
docs/evidence/s1/124-ac2a-leg-classification.md:12	/src/go.mod	root-ambiguous
docs/evidence/s1/124-ac2a-leg-classification.md:14	/src/go.mod	root-ambiguous
docs/evidence/s1/124-ac2a-leg-classification.md:51	_test.go	bare-unresolvable
docs/evidence/s1/124-ac2a-leg-classification.md:185	config.toml	bare-unresolvable
docs/evidence/s1/124-ac2a-leg-classification.md:187	config.toml	bare-unresolvable
docs/evidence/s1/124-ac2a-leg-classification.md:190	migrate_test.go	bare-ambiguous
docs/evidence/s1/124-ac2a-leg-classification.md:191	migrate_test.go	bare-ambiguous
docs/evidence/s1/124-ac2a-leg-classification.md:219	config.toml	bare-unresolvable
docs/evidence/s1/124-ac2a-leg-classification.md:276	bridge_test.go	bare-ambiguous
docs/evidence/s1/124-ac2a-leg-classification.md:278	bridge_test.go	bare-ambiguous
docs/evidence/s1/124-ac2a-leg-classification.md:297	pathshape_portable_test.go	bare-ambiguous
docs/evidence/s1/124-ac2a-leg-classification.md:339	list132.txt	bare-unresolvable
docs/evidence/s1/124-ac2b-1-conversion.md:3	_test.go	bare-unresolvable
docs/evidence/s1/124-ac2b-1-conversion.md:10	go.mod	bare-ambiguous
docs/evidence/s1/124-ac2b-1-conversion.md:10	go.sum	bare-ambiguous
docs/evidence/s1/124-ac2b-1-conversion.md:23	/src/go.mod	root-ambiguous
docs/evidence/s1/124-ac2b-1-conversion.md:26	/d/tmp/wisp124-ac2a-h.sh	root-ambiguous
docs/evidence/s1/124-ac2b-1-conversion.md:26	/d/tmp/wisp124-2b1-h.sh	root-ambiguous
docs/evidence/s1/124-ac2b-1-conversion.md:26	/h.sh	root-ambiguous
docs/evidence/s1/124-ac2b-1-conversion.md:26	/d/tmp/wisp124-2b1-m.sh	root-ambiguous
docs/evidence/s1/124-ac2b-1-conversion.md:26	/d/tmp/wisp124-2b1-probe-patch.py	root-ambiguous
docs/evidence/s1/124-ac2b-1-conversion.md:26	/d/tmp/wisp124-2b1-mutate.py	root-ambiguous
docs/evidence/s1/124-ac2b-1-conversion.md:109	_test.go	bare-unresolvable
docs/evidence/s1/124-ac2b-1-conversion.md:115	/d/tmp/wisp124-2b1-logs/restored-memory-subtests.txt	root-ambiguous
docs/evidence/s1/124-ac2b-1-conversion.md:119	POST-L.<pkg>.res.txt	placeholder
docs/evidence/s1/124-ac2b-1-conversion.md:134	canary-literal.txt	bare-unresolvable
docs/evidence/s1/124-ac2b-1-conversion.md:134	canary-dotdot-literal.txt	bare-unresolvable
docs/evidence/s1/124-ac2b-1-conversion.md:134	/realpriv/w124tmp/TestDeleteArtifactRejectsTheFourHostileShapes84453475/001/Users/carlos/Documents/canary-drive-letter.txt	root-ambiguous
docs/evidence/s1/124-ac2b-1-conversion.md:134	/canary-unc.txt	root-ambiguous
docs/evidence/s1/124-ac2b-1-conversion.md:137	a.txt	bare-unresolvable
docs/evidence/s1/124-ac2b-1-conversion.md:137	dir.txt	bare-unresolvable
docs/evidence/s1/124-ac2b-1-conversion.md:142	config.toml	bare-unresolvable
docs/evidence/s1/124-ac2b-1-conversion.md:142	risk.sh	bare-unresolvable
docs/evidence/s1/124-ac2b-1-conversion.md:142	shell.exe	bare-unresolvable
docs/evidence/s1/124-ac2b-1-conversion.md:149	/d/tmp/wisp124-2b1-m.sh	root-ambiguous
docs/evidence/s1/124-ac2b-1-conversion.md:174	/h.sh	root-ambiguous
docs/evidence/s1/124-ac2b-1-conversion.md:190	_test.go	bare-unresolvable
docs/evidence/s1/124-ac2b-1-conversion.md:196	_test.go	bare-unresolvable
docs/evidence/s1/124-ac2b-1-conversion.md:221	.summary.txt	bare-unresolvable
docs/evidence/s1/124-ac2b-1-conversion.md:221	.res.txt	bare-unresolvable
docs/evidence/s1/124-ac2b-1-conversion.md:221	restored-memory-subtests.txt	bare-unresolvable
docs/evidence/s1/124-ac2b-1-conversion.md:221	batch-table.md	bare-unresolvable
docs/evidence/s1/124-ac2b-1-conversion.md:221	/d/tmp/wisp124-2b1-h.sh	root-ambiguous
docs/evidence/s1/124-ac2b-1-conversion.md:221	/d/tmp/wisp124-2b1-m.sh	root-ambiguous
docs/evidence/s1/124-ac2b-1-conversion.md:221	/d/tmp/wisp124-2b1-probe-patch.py	root-ambiguous
docs/evidence/s1/124-ac2b-1-conversion.md:221	/d/tmp/wisp124-2b1-mutate.py	root-ambiguous
docs/evidence/s1/124-ac2b-2-conversion.md:3	_test.go	bare-unresolvable
docs/evidence/s1/124-ac2b-2-conversion.md:10	go.mod	bare-ambiguous
docs/evidence/s1/124-ac2b-2-conversion.md:10	go.sum	bare-ambiguous
docs/evidence/s1/124-ac2b-2-conversion.md:14	/src/go.mod	root-ambiguous
docs/evidence/s1/124-ac2b-2-conversion.md:16	/d/tmp/wisp124-2b2-h.sh	root-ambiguous
docs/evidence/s1/124-ac2b-2-conversion.md:16	/h.sh	root-ambiguous
docs/evidence/s1/124-ac2b-2-conversion.md:16	/d/tmp/wisp124-2b2-m.sh	root-ambiguous
docs/evidence/s1/124-ac2b-2-conversion.md:16	/d/tmp/wisp124-2b2-convert.py	root-ambiguous
docs/evidence/s1/124-ac2b-2-conversion.md:32	A2L.__internal_tools_.txt	bare-unresolvable
docs/evidence/s1/124-ac2b-2-conversion.md:117	_test.go	bare-unresolvable
docs/evidence/s1/124-ac2b-2-conversion.md:130	probe-patch.py	bare-unresolvable
docs/evidence/s1/124-ac2b-2-conversion.md:134	/realpriv/w124tmp/TestFSTrashGoesToTheRecycleBin2188308832/001/trashme.txt	root-ambiguous
docs/evidence/s1/124-ac2b-2-conversion.md:139	/realpriv/w124tmp/TestFSReadTaintFeedsR44178382413/001/id.txt	root-ambiguous
docs/evidence/s1/124-ac2b-2-conversion.md:147	/d/tmp/wisp124-2b2-m2.sh	root-ambiguous
docs/evidence/s1/124-ac2b-2-conversion.md:183	go.mod	bare-ambiguous
docs/evidence/s1/124-ac2b-2-conversion.md:183	go.sum	bare-ambiguous
docs/evidence/s1/124-ac2b-2-conversion.md:185	/src/go.mod	root-ambiguous
docs/evidence/s1/124-ac2b-2-conversion.md:185	/src/internal/winsec/resolve.go	root-ambiguous
docs/evidence/s1/124-ac2b-2-conversion.md:186	/d/tmp/wisp124-2b2-r2-gate.sh	root-ambiguous
docs/evidence/s1/124-ac2b-2-conversion.md:186	/d/tmp/wisp124-2b2-r2-vet.sh	root-ambiguous
docs/evidence/s1/124-ac2b-2-conversion.md:187	RUN-COUNT2.out.txt	bare-unresolvable
docs/evidence/s1/124-ac2b-2-conversion.md:201	/d/tmp/wisp124-2b2-logs/POST-L2.summary.txt	root-ambiguous
docs/evidence/s1/124-ac2b-2-conversion.md:207	/d/tmp/wisp124-2b2-r2-logs/GOFMT-HOST.txt	root-ambiguous
docs/evidence/s1/124-ac2b-2-conversion.md:209	/d/tmp/wisp124-2b2-r2-logs/VET-CONTAINER-RUN.txt	root-ambiguous
docs/evidence/s1/124-ac2b-2-conversion.md:213	/d/tmp/wisp124-2b2-r2-logs/GOFUMPT-HOST.txt	root-ambiguous
docs/evidence/s1/124-ac2b-2-conversion.md:219	VET-WINDOWS-HOST-ANCHOR.txt	bare-unresolvable
docs/evidence/s1/124-ac2b-2-conversion.md:220	VET-WINDOWS-HOST-PKGS.txt	bare-unresolvable
docs/evidence/s1/124-ac2b-2-conversion.md:221	VET-LINUX-NATIVE-ALL.txt	bare-unresolvable
docs/evidence/s1/124-ac2b-2-conversion.md:221	VET-CONTAINER-RUN.txt	bare-unresolvable
docs/evidence/s1/124-ac2b-2-conversion.md:223	VET-LINUX-HOST-CROSS-PKGS.txt	bare-unresolvable
docs/evidence/s1/124-ac2b-2-conversion.md:225	VET-LINUX-HOST-CROSS-EXCL.txt	bare-unresolvable
docs/evidence/s1/124-ac2b-2-conversion.md:227	VET-LINUX-HOST-CROSS-ANCHOR.txt	bare-unresolvable
docs/evidence/s1/124-ac2b-2-conversion.md:235	VET-LINUX-HOST-CROSS-PRE5417.txt	bare-unresolvable
docs/evidence/s1/124-ac2b-2-conversion.md:235	VET-LINUX-HOST-CROSS-ANCHOR.txt	bare-unresolvable
docs/evidence/s1/124-ac2b-2-conversion.md:242	/d/tmp/wisp124-2b2-r2-logs/D22-ANCHOR.txt	root-ambiguous
docs/evidence/s1/124-ac2b-2-conversion.md:255	_test.go	bare-unresolvable
docs/evidence/s1/124-ac2b-2-conversion.md:267	pathshape_portable_test.go	bare-ambiguous
docs/evidence/s1/124-ac2b-2-conversion.md:276	RUN-COUNT2.out.txt	bare-unresolvable
docs/evidence/s1/124-ac2b-2-conversion.md:289	_other_test.go	bare-unresolvable
docs/evidence/s1/124-ac2b-2-conversion.md:298	go.mod	bare-ambiguous
docs/evidence/s1/124-ac2b-2-conversion.md:298	go.sum	bare-ambiguous
docs/evidence/s1/124-ac2b-2-conversion.md:299	/src/go.mod	root-ambiguous
docs/evidence/s1/124-ac2b-2-conversion.md:299	go.mod	bare-ambiguous
docs/evidence/s1/124-ac2b-2-conversion.md:307	/d/tmp/wisp124-2b2-h.sh	root-ambiguous
docs/evidence/s1/124-ac2b-2-conversion.md:307	/d/tmp/wisp124-2b2-convert.py	root-ambiguous
docs/evidence/s1/124-ac2b-3a-conversion.md:3	_test.go	bare-unresolvable
docs/evidence/s1/124-ac2b-3a-conversion.md:18	_test.go	bare-unresolvable
docs/evidence/s1/124-ac2b-3a-conversion.md:23	/src/go.mod	root-ambiguous
docs/evidence/s1/124-ac2b-3a-conversion.md:23	/src/internal/winsec/resolve.go	root-ambiguous
docs/evidence/s1/124-ac2b-3a-conversion.md:26	/d/tmp/wisp124-2b3a-h.sh	root-ambiguous
docs/evidence/s1/124-ac2b-3a-conversion.md:26	/h3a.sh	root-ambiguous
docs/evidence/s1/124-ac2b-3a-conversion.md:26	/d/tmp/wisp124-2b3a-convert.py	root-ambiguous
docs/evidence/s1/124-ac2b-3a-conversion.md:26	/d/tmp/wisp124-2b3a-probe-patch.py	root-ambiguous
docs/evidence/s1/124-ac2b-3a-conversion.md:26	/d/tmp/wisp124-2b3a-mutate.py	root-ambiguous
docs/evidence/s1/124-ac2b-3a-conversion.md:33	RED-PRE-L.txt	bare-unresolvable
docs/evidence/s1/124-ac2b-3a-conversion.md:49	.names.txt	bare-unresolvable
docs/evidence/s1/124-ac2b-3a-conversion.md:49	TABLE-26.txt	bare-unresolvable
docs/evidence/s1/124-ac2b-3a-conversion.md:49	TABLE-26.md	bare-unresolvable
docs/evidence/s1/124-ac2b-3a-conversion.md:111	_test.go	bare-unresolvable
docs/evidence/s1/124-ac2b-3a-conversion.md:125	_test.go	bare-unresolvable
docs/evidence/s1/124-ac2b-3a-conversion.md:138	probe-patch.py	bare-unresolvable
docs/evidence/s1/124-ac2b-3a-conversion.md:138	/d/tmp/wisp124-2b3a-logs/PROBE-L.__internal_agent_.txt	root-ambiguous
docs/evidence/s1/124-ac2b-3a-conversion.md:146	/realpriv/w124tmp/TestWriteFileExclusiveIsExclusive1049974371/001/artifact.txt	root-ambiguous
docs/evidence/s1/124-ac2b-3a-conversion.md:147	canary.txt	bare-unresolvable
docs/evidence/s1/124-ac2b-3a-conversion.md:147	/diary.txt	root-ambiguous
docs/evidence/s1/124-ac2b-3a-conversion.md:149	2Fq.txt	bare-unresolvable
docs/evidence/s1/124-ac2b-3a-conversion.md:149	2Fescape.txt	bare-unresolvable
docs/evidence/s1/124-ac2b-3a-conversion.md:149	5Cdrop.txt	bare-unresolvable
docs/evidence/s1/124-ac2b-3a-conversion.md:149	5Cpayload.txt	bare-unresolvable
docs/evidence/s1/124-ac2b-3a-conversion.md:157	/d/tmp/wisp124-2b3a-h.sh	root-ambiguous
docs/evidence/s1/124-ac2b-3a-conversion.md:159	/d/tmp/wisp124-2b3a-logs/MUT-PROOF.txt	root-ambiguous
docs/evidence/s1/124-ac2b-3a-conversion.md:179	RED-PRE-L.txt	bare-unresolvable
docs/evidence/s1/124-ac2b-3a-conversion.md:179	RED-MUT-L.txt	bare-unresolvable
docs/evidence/s1/124-ac2b-3a-conversion.md:201	/d/tmp/wisp124-2b3a-logs/STATIC-HOST.txt	root-ambiguous
docs/evidence/s1/124-ac2b-3a-conversion.md:203	VET-LINUX-CONTAINER.txt	bare-unresolvable
docs/evidence/s1/124-ac2b-3a-conversion.md:205	_test.go	bare-unresolvable
docs/evidence/s1/124-ac2b-3a-conversion.md:209	STATIC-HOST.txt	bare-unresolvable
docs/evidence/s1/124-ac2b-3a-conversion.md:209	GOFUMPT-CI-SHAPE.txt	bare-unresolvable
docs/evidence/s1/124-ac2b-3a-conversion.md:215	VET-HOST.txt	bare-unresolvable
docs/evidence/s1/124-ac2b-3a-conversion.md:217	VET-LINUX-CONTAINER.txt	bare-unresolvable
docs/evidence/s1/124-ac2b-3a-conversion.md:221	VET-HOST-EXCL.txt	bare-unresolvable
docs/evidence/s1/124-ac2b-3a-conversion.md:223	VET-HOST.txt	bare-unresolvable
docs/evidence/s1/124-ac2b-3a-conversion.md:268	doc.go	bare-ambiguous
docs/evidence/s1/124-ac2b-3a-conversion.md:285	/d/tmp/wisp124-2b3a-h.sh	root-ambiguous
docs/evidence/s1/124-ac2b-3a-conversion.md:285	/h3a.sh	root-ambiguous
docs/evidence/s1/124-ac2b-3a-conversion.md:285	.names.txt	bare-unresolvable
docs/evidence/s1/124-ac2b-3a-conversion.md:285	/d/tmp/wisp124-2b3a-convert.py	root-ambiguous
docs/evidence/s1/124-ac2b-3a-conversion.md:285	/d/tmp/wisp124-2b3a-probe-patch.py	root-ambiguous
docs/evidence/s1/124-ac2b-3a-conversion.md:285	/d/tmp/wisp124-2b3a-mutate.py	root-ambiguous
docs/evidence/s1/124-ac2b-3a-conversion.md:290	/d/tmp/wisp124-2b3a-logs/RED-PRE-L.txt	root-ambiguous
docs/evidence/s1/124-ac2b-3a-conversion.md:297	/d/tmp/wisp124-2b3a-h.sh	root-ambiguous
docs/evidence/s1/124-ac2b-3a-conversion.md:298	.__internal_agent_.txt	bare-unresolvable
docs/evidence/s1/124-ac2b-3a-conversion.md:298	.summary.txt	bare-unresolvable
docs/evidence/s1/124-ac2b-3a-conversion.md:298	.roster.txt	bare-unresolvable
docs/evidence/s1/124-ac2b-3a-conversion.md:298	.names.txt	bare-unresolvable
docs/evidence/s1/124-ac2b-3a-conversion.md:298	.byname.txt	bare-unresolvable
docs/evidence/s1/124-ac2b-3a-conversion.md:298	RED-PRE-L.txt	bare-unresolvable
docs/evidence/s1/124-ac2b-3a-conversion.md:298	RED-MUT-L.txt	bare-unresolvable
docs/evidence/s1/124-ac2b-3a-conversion.md:298	TABLE-26.txt	bare-unresolvable
docs/evidence/s1/124-ac2b-3a-conversion.md:298	TABLE-26.md	bare-unresolvable
docs/evidence/s1/124-ac2b-3a-conversion.md:298	STATIC-HOST.txt	bare-unresolvable
docs/evidence/s1/124-ac2b-3a-conversion.md:298	VET-HOST.txt	bare-unresolvable
docs/evidence/s1/124-ac2b-3a-conversion.md:298	VET-HOST-EXCL.txt	bare-unresolvable
docs/evidence/s1/124-ac2b-3a-conversion.md:298	VET-LINUX-CONTAINER.txt	bare-unresolvable
docs/evidence/s1/124-ac2b-3a-conversion.md:298	MUT-PROOF.txt	bare-unresolvable
docs/evidence/s1/124-ac2b-3a-conversion.md:298	D22-PRE.txt	bare-unresolvable
docs/evidence/s1/124-ac2b-3a-conversion.md:298	D22-POST.txt	bare-unresolvable
docs/evidence/s1/124-ac2b-3a-conversion.md:298	GH-RUN-LIST.txt	bare-unresolvable
docs/evidence/s1/124-ac2b-3b-conversion.md:12	/src/go.mod	root-ambiguous
docs/evidence/s1/124-ac2b-3b-conversion.md:15	/d/tmp/wisp124-2b3b-run.sh	root-ambiguous
docs/evidence/s1/124-ac2b-3b-conversion.md:15	/d/tmp/wisp124-2b3b-run-lf.sh	root-ambiguous
docs/evidence/s1/124-ac2b-3b-conversion.md:23	/d/tmp/wisp124-2b3b-logs/BASE-L.log	root-ambiguous
docs/evidence/s1/124-ac2b-3b-conversion.md:81	_other_test.go	bare-unresolvable
docs/evidence/s1/124-ac2b-3b-conversion.md:91	zz_cycleprobe_124_test.go	bare-unresolvable
docs/evidence/s1/124-ac2b-3b-conversion.md:101	BASE-L.log	bare-unresolvable
docs/evidence/s1/124-ac2b-3b-conversion.md:101	/varlink/.../002/root/link/keep-me.txt	root-ambiguous
docs/evidence/s1/124-ac2b-3b-conversion.md:103	BASE-P.log	bare-unresolvable
docs/evidence/s1/124-ac2b-3b-conversion.md:103	/plainroot/.../002/root/link/keep-me.txt	root-ambiguous
docs/evidence/s1/124-ac2b-3b-conversion.md:127	BASE-L.log	bare-unresolvable
docs/evidence/s1/124-ac2b-3b-conversion.md:189	/src/go.mod	root-ambiguous
docs/evidence/s1/124-ac2b-3b-conversion.md:289	artifact.txt	bare-unresolvable
docs/evidence/s1/124-ac2b-3b-conversion.md:289	plain.txt	bare-unresolvable
docs/evidence/s1/124-ac2b-3b-conversion.md:292	/002/root/artifact.txt	root-ambiguous
docs/evidence/s1/124-ac2b-3b-conversion.md:293	artifact.txt	bare-unresolvable
docs/evidence/s1/124-ac2b-3b-conversion.md:297	POST-L.log	bare-unresolvable
docs/evidence/s1/124-ac2b-3b-conversion.md:297	GATE-L.log	bare-unresolvable
docs/evidence/s1/124-ac2b-3b-conversion.md:307	/wisp124-2b3b-mut/internal/winsec/tempdir_resolved_124_other_test.go	root-ambiguous
docs/evidence/s1/124-ac2b-3b-conversion.md:309	MUT-BUILD.log	bare-unresolvable
docs/evidence/s1/124-ac2b-3b-conversion.md:406	_test.go	bare-unresolvable
docs/evidence/s1/124-ac2b-3b-conversion.md:467	go.mod	bare-ambiguous
docs/evidence/s1/124-ac2b-3b-conversion.md:471	VET-CONTAINER.log	bare-unresolvable
docs/evidence/s1/124-ac2b-3b-conversion.md:486	/d/tmp/wisp124-2b3b-run.sh	root-ambiguous
docs/evidence/s1/124-ac2b-3b-conversion.md:487	PRE-L-red.txt	bare-unresolvable
docs/evidence/s1/124-ac2b-3b-conversion.md:487	MUT-L-red.txt	bare-unresolvable
docs/evidence/s1/124-ac2b-3b-conversion.md:488	/d/tmp/wisp124-2b3b-frag-3-7.md	root-ambiguous
docs/evidence/s1/124-ac2b-4-conversion.md:3	_test.go	bare-unresolvable
docs/evidence/s1/124-ac2b-4-conversion.md:26	/src/go.mod	root-ambiguous
docs/evidence/s1/124-ac2b-4-conversion.md:26	/src/internal/winsec/resolve.go	root-ambiguous
docs/evidence/s1/124-ac2b-4-conversion.md:29	/d/tmp/wisp124-2b4-h.sh	root-ambiguous
docs/evidence/s1/124-ac2b-4-conversion.md:29	/h4.sh	root-ambiguous
docs/evidence/s1/124-ac2b-4-conversion.md:29	/d/tmp/wisp124-2b4-docker.sh	root-ambiguous
docs/evidence/s1/124-ac2b-4-conversion.md:29	/d/tmp/wisp124-2b4-roster.sh	root-ambiguous
docs/evidence/s1/124-ac2b-4-conversion.md:29	/d/tmp/wisp124-2b4-convert.py	root-ambiguous
docs/evidence/s1/124-ac2b-4-conversion.md:29	/d/tmp/wisp124-2b4-probe-patch.py	root-ambiguous
docs/evidence/s1/124-ac2b-4-conversion.md:29	/d/tmp/wisp124-2b4-mutate.py	root-ambiguous
docs/evidence/s1/124-ac2b-4-conversion.md:29	/d/tmp/wisp124-2b4-mutproof.sh	root-ambiguous
docs/evidence/s1/124-ac2b-4-conversion.md:32	/d/tmp/wisp124-2b4-logs/GH-RUN-LIST.txt	root-ambiguous
docs/evidence/s1/124-ac2b-4-conversion.md:47	/d/tmp/wisp124-2b4-logs/only-in-link.txt	root-ambiguous
docs/evidence/s1/124-ac2b-4-conversion.md:49	/d/tmp/wisp124-2b4-logs/both-red.txt	root-ambiguous
docs/evidence/s1/124-ac2b-4-conversion.md:63	postl-seal-parents.txt	bare-unresolvable
docs/evidence/s1/124-ac2b-4-conversion.md:87	.names.txt	bare-unresolvable
docs/evidence/s1/124-ac2b-4-conversion.md:99	/d/tmp/wisp124-2b4-logs/PRE-L.__cmd_wisp_.txt	root-ambiguous
docs/evidence/s1/124-ac2b-4-conversion.md:109	/d/tmp/wisp124-2b4-logs/both-red.txt	root-ambiguous
docs/evidence/s1/124-ac2b-4-conversion.md:109	both-red-post.txt	bare-unresolvable
docs/evidence/s1/124-ac2b-4-conversion.md:110	POST-L.red.txt	bare-unresolvable
docs/evidence/s1/124-ac2b-4-conversion.md:110	POST-P.red.txt	bare-unresolvable
docs/evidence/s1/124-ac2b-4-conversion.md:119	PRE-P.red.txt	bare-unresolvable
docs/evidence/s1/124-ac2b-4-conversion.md:119	POST-P.red.txt	bare-unresolvable
docs/evidence/s1/124-ac2b-4-conversion.md:120	both-red.txt	bare-unresolvable
docs/evidence/s1/124-ac2b-4-conversion.md:120	both-red-post.txt	bare-unresolvable
docs/evidence/s1/124-ac2b-4-conversion.md:142	_test.go	bare-unresolvable
docs/evidence/s1/124-ac2b-4-conversion.md:149	_windows_test.go	bare-unresolvable
docs/evidence/s1/124-ac2b-4-conversion.md:159	POST-L.skip.txt	bare-unresolvable
docs/evidence/s1/124-ac2b-4-conversion.md:159	PRE-L.skip.txt	bare-unresolvable
docs/evidence/s1/124-ac2b-4-conversion.md:166	/d/tmp/wisp124-2b4-probe-patch.py	root-ambiguous
docs/evidence/s1/124-ac2b-4-conversion.md:166	POST-L.red.txt	bare-unresolvable
docs/evidence/s1/124-ac2b-4-conversion.md:166	PROBE-L.red.txt	bare-unresolvable
docs/evidence/s1/124-ac2b-4-conversion.md:166	/d/tmp/wisp124-2b4-logs/PROBE-L.__cmd_wisp_.txt	root-ambiguous
docs/evidence/s1/124-ac2b-4-conversion.md:189	/d/tmp/wisp124-2b4-h.sh	root-ambiguous
docs/evidence/s1/124-ac2b-4-conversion.md:189	/d/tmp/wisp124-2b4-mutate.py	root-ambiguous
docs/evidence/s1/124-ac2b-4-conversion.md:191	/d/tmp/wisp124-2b4-logs/MUT-PROOF.txt	root-ambiguous
docs/evidence/s1/124-ac2b-4-conversion.md:205	go.mod	bare-ambiguous
docs/evidence/s1/124-ac2b-4-conversion.md:212	PRE-L.red.txt	bare-unresolvable
docs/evidence/s1/124-ac2b-4-conversion.md:212	MUT-L.red.txt	bare-unresolvable
docs/evidence/s1/124-ac2b-4-conversion.md:212	only-in-link.txt	bare-unresolvable
docs/evidence/s1/124-ac2b-4-conversion.md:212	mut-only-in-link.txt	bare-unresolvable
docs/evidence/s1/124-ac2b-4-conversion.md:213	PRE-P.red.txt	bare-unresolvable
docs/evidence/s1/124-ac2b-4-conversion.md:213	MUT-P.red.txt	bare-unresolvable
docs/evidence/s1/124-ac2b-4-conversion.md:231	GATE2-LINK.red.txt	bare-unresolvable
docs/evidence/s1/124-ac2b-4-conversion.md:231	GATE2-PLAIN.red.txt	bare-unresolvable
docs/evidence/s1/124-ac2b-4-conversion.md:240	VET-LINUX-CONTAINER.txt	bare-unresolvable
docs/evidence/s1/124-ac2b-4-conversion.md:242	_test.go	bare-unresolvable
docs/evidence/s1/124-ac2b-4-conversion.md:248	gofumpt.exe	bare-unresolvable
docs/evidence/s1/124-ac2b-4-conversion.md:250	/d/tmp/wisp124-2b4-logs/GOFUMPT-CI-SHAPE.txt	root-ambiguous
docs/evidence/s1/124-ac2b-4-conversion.md:257	VET-HOST.txt	bare-unresolvable
docs/evidence/s1/124-ac2b-4-conversion.md:259	VET-LINUX-CONTAINER.txt	bare-unresolvable
docs/evidence/s1/124-ac2b-4-conversion.md:264	VET-HOST-PRE.txt	bare-unresolvable
docs/evidence/s1/124-ac2b-4-conversion.md:296	_test.go	bare-unresolvable
docs/evidence/s1/124-ac2b-4-conversion.md:306	_test.go	bare-unresolvable
docs/evidence/s1/124-ac2b-4-conversion.md:311	_windows_test.go	bare-unresolvable
docs/evidence/s1/124-ac2b-4-conversion.md:311	run.go	bare-ambiguous
docs/evidence/s1/124-ac2b-4-conversion.md:311	models.go	bare-ambiguous
docs/evidence/s1/124-ac2b-4-conversion.md:311	main.go	bare-ambiguous
docs/evidence/s1/124-ac2b-4-conversion.md:339	/d/tmp/wisp124-2b4-logs/both-red.txt	root-ambiguous
docs/evidence/s1/124-ac2b-4-conversion.md:339	both-red.txt	bare-unresolvable
docs/evidence/s1/124-ac2b-4-conversion.md:345	/d/tmp/wisp124-2b4-logs/only-in-link.txt	root-ambiguous
docs/evidence/s1/124-ac2b-4-conversion.md:356	/d/tmp/wisp124-2b4-h.sh	root-ambiguous
docs/evidence/s1/124-ac2b-4-conversion.md:357	.__cmd_wisp_.txt	bare-unresolvable
docs/evidence/s1/124-ac2b-4-conversion.md:357	.names.txt	bare-unresolvable
docs/evidence/s1/124-ac2b-4-conversion.md:357	.red.txt	bare-unresolvable
docs/evidence/s1/124-ac2b-4-conversion.md:357	.pass.txt	bare-unresolvable
docs/evidence/s1/124-ac2b-4-conversion.md:357	.skip.txt	bare-unresolvable
docs/evidence/s1/124-ac2b-4-conversion.md:357	.summary.txt	bare-unresolvable
docs/evidence/s1/124-ac2b-4-conversion.md:357	only-in-link.txt	bare-unresolvable
docs/evidence/s1/124-ac2b-4-conversion.md:357	mut-only-in-link.txt	bare-unresolvable
docs/evidence/s1/124-ac2b-4-conversion.md:357	only-in-link-post.txt	bare-unresolvable
docs/evidence/s1/124-ac2b-4-conversion.md:357	both-red.txt	bare-unresolvable
docs/evidence/s1/124-ac2b-4-conversion.md:357	both-red-post.txt	bare-unresolvable
docs/evidence/s1/124-ac2b-4-conversion.md:357	nameset-diff.txt	bare-unresolvable
docs/evidence/s1/124-ac2b-4-conversion.md:357	postl-seal-parents.txt	bare-unresolvable
docs/evidence/s1/124-ac2b-4-conversion.md:357	MUT-PROOF.txt	bare-unresolvable
docs/evidence/s1/124-ac2b-4-conversion.md:357	VET-HOST.txt	bare-unresolvable
docs/evidence/s1/124-ac2b-4-conversion.md:357	VET-HOST-PRE.txt	bare-unresolvable
docs/evidence/s1/124-ac2b-4-conversion.md:357	VET-LINUX-CONTAINER.txt	bare-unresolvable
docs/evidence/s1/124-ac2b-4-conversion.md:357	GOFUMPT-CI-SHAPE.txt	bare-unresolvable
docs/evidence/s1/124-ac2b-4-conversion.md:357	ac1-cmdwisp-bothred.txt	bare-unresolvable
docs/evidence/s1/124-ac2b-4-conversion.md:357	GH-RUN-LIST.txt	bare-unresolvable
docs/evidence/s1/124-ac2b-4-conversion.md:358	/d/tmp/wisp124-2b4-frag-3-6.md	root-ambiguous
docs/evidence/s1/124-ac2b-4-conversion.md:358	/d/tmp/wisp124-2b4-frag-7.md	root-ambiguous
docs/evidence/s1/125-ac1-ac4-r1-acceptance.md:48	mount>/go.mod	placeholder
docs/evidence/s1/125-ac1-ac4-r1-acceptance.md:52	_other_test.go	bare-unresolvable
docs/evidence/s1/125-ac1-ac4-r1-acceptance.md:150	/mutA/go.mod	root-ambiguous
docs/evidence/s1/125-ac1-ac4-r1-acceptance.md:225	go.mod	bare-ambiguous
docs/evidence/s1/125-ac1-ac4-r1-acceptance.md:447	/wisp-test-3164/logs/wisp-20260924-001.jsonl	root-ambiguous
docs/evidence/s1/125-ac1-ac4-r1-acceptance.md:524	mnt>/go.mod	placeholder
docs/evidence/s1/125-ac1-ac4-r1-acceptance.md:554	gofumpt.exe	bare-unresolvable
docs/evidence/s1/125-ac1-ac4-r1-acceptance.md:594	_test.go	bare-unresolvable
docs/evidence/s1/125-ac1-ac4-r1-acceptance.md:701	MEMORY.md	bare-unresolvable
docs/evidence/s1/126-adversarial-acceptance.md:27	_test.go	bare-unresolvable
docs/evidence/s1/126-adversarial-acceptance.md:32	/src/go.mod	root-ambiguous
docs/evidence/s1/126-adversarial-acceptance.md:79	_test.go	bare-unresolvable
docs/evidence/s1/126-adversarial-acceptance.md:109	/src/go.mod	root-ambiguous
docs/evidence/s1/126-adversarial-acceptance.md:367	artifact.txt	bare-unresolvable
docs/evidence/s1/126-adversarial-acceptance.md:368	path.txt	bare-unresolvable
docs/evidence/s1/126-adversarial-acceptance.md:403	/src/go.mod	root-ambiguous
docs/evidence/s1/126-adversarial-acceptance.md:406	/src/go.mod	root-ambiguous
docs/evidence/s1/126-adversarial-acceptance.md:423	_test.go	bare-unresolvable
docs/evidence/s1/126-adversarial-acceptance.md:485	path.txt	bare-unresolvable
docs/evidence/s1/126-adversarial-acceptance.md:486	/src/go.mod	root-ambiguous
docs/evidence/s1/127-adversarial-acceptance.md:73	tmp>/wisp.exe	placeholder
docs/evidence/s1/127-adversarial-acceptance.md:75	wisp.exe	bare-unresolvable
docs/evidence/s1/127-adversarial-acceptance.md:101	wisp-20260922-001.jsonl	bare-unresolvable
docs/evidence/s1/127-adversarial-acceptance.md:241	_test.go	bare-unresolvable
docs/evidence/s1/127-adversarial-acceptance.md:248	_test.go	bare-unresolvable
docs/evidence/s1/127-adversarial-acceptance.md:249	_test.go	bare-unresolvable
docs/evidence/s1/127-adversarial-acceptance.md:257	_test.go	bare-unresolvable
docs/evidence/s1/127-adversarial-acceptance.md:266	run.go	bare-ambiguous
docs/evidence/s1/127-adversarial-acceptance.md:269	_test.go	bare-unresolvable
docs/evidence/s1/127-adversarial-acceptance.md:269	run.go	bare-ambiguous
docs/evidence/s1/127-adversarial-acceptance.md:269	models.go	bare-ambiguous
docs/evidence/s1/127-adversarial-acceptance.md:270	wisp.exe	bare-unresolvable
docs/evidence/s1/127-adversarial-acceptance.md:351	models.go	bare-ambiguous
docs/evidence/s1/127-adversarial-acceptance.md:382	_test.go	bare-unresolvable
docs/evidence/s1/127-adversarial-acceptance.md:386	models.go	bare-ambiguous
docs/evidence/s1/127-adversarial-acceptance.md:388	run.go	bare-ambiguous
docs/evidence/s1/127-adversarial-acceptance.md:414	wisp-<day>-<seq>.jsonl	placeholder
docs/evidence/s1/127-adversarial-acceptance.md:438	wisp.exe	bare-unresolvable
docs/evidence/s1/127-adversarial-acceptance.md:441	_test.go	bare-unresolvable
docs/evidence/s1/127-adversarial-acceptance.md:442	models.go	bare-ambiguous
docs/evidence/s1/127-adversarial-acceptance.md:497	ac127-probe.exe	bare-unresolvable
docs/evidence/s1/127-adversarial-acceptance.md:498	wisp.exe	bare-unresolvable
docs/evidence/s1/127-adversarial-acceptance.md:524	models.go	bare-ambiguous
docs/evidence/s1/127-adversarial-acceptance.md:526	main.go	bare-ambiguous
docs/evidence/s1/127-adversarial-acceptance.md:532	wisp.exe	bare-unresolvable
docs/evidence/s1/128-ac1-consequences.md:36	config.toml	bare-unresolvable
docs/evidence/s1/128-ac1-consequences.md:36	memory.db	bare-unresolvable
docs/evidence/s1/128-ac1-consequences.md:58	config.toml	bare-unresolvable
docs/evidence/s1/128-ac1-consequences.md:62	config.toml	bare-unresolvable
docs/evidence/s1/128-ac1-consequences.md:63	config.toml	bare-unresolvable
docs/evidence/s1/128-ac1-consequences.md:70	wisp-20260923-001.jsonl	bare-unresolvable
docs/evidence/s1/128-ac1-consequences.md:71	config.toml	bare-unresolvable
docs/evidence/s1/128-ac1-consequences.md:73	memory.db	bare-unresolvable
docs/evidence/s1/128-ac1-consequences.md:73	wisp.db	bare-unresolvable
docs/evidence/s1/128-ac1-consequences.md:75	config.toml	bare-unresolvable
docs/evidence/s1/128-ac1-consequences.md:80	config.toml	bare-unresolvable
docs/evidence/s1/128-ac1-consequences.md:81	config.toml	bare-unresolvable
docs/evidence/s1/128-ac1-consequences.md:84	config.toml	bare-unresolvable
docs/evidence/s1/128-ac1-consequences.md:92	config.toml	bare-unresolvable
docs/evidence/s1/128-ac1-consequences.md:93	config.toml	bare-unresolvable
docs/evidence/s1/128-ac1-consequences.md:106	config.toml	bare-unresolvable
docs/evidence/s1/128-ac1-consequences.md:117	wisp-20260923-001.jsonl	bare-unresolvable
docs/evidence/s1/128-ac1-consequences.md:118	config.toml	bare-unresolvable
docs/evidence/s1/128-ac1-consequences.md:120	memory.db	bare-unresolvable
docs/evidence/s1/128-ac1-consequences.md:120	wisp.db	bare-unresolvable
docs/evidence/s1/128-ac1-consequences.md:136	memory.db	bare-unresolvable
docs/evidence/s1/128-ac1-consequences.md:139	wisp.db	bare-unresolvable
docs/evidence/s1/128-ac1-consequences.md:140	memory.db	bare-unresolvable
docs/evidence/s1/128-ac1-consequences.md:152	config.toml	bare-unresolvable
docs/evidence/s1/128-ac1-consequences.md:153	wisp-20260923-001.jsonl	bare-unresolvable
docs/evidence/s1/128-ac1-consequences.md:164	config.toml	bare-unresolvable
docs/evidence/s1/128-ac1-consequences.md:169	config.toml	bare-unresolvable
docs/evidence/s1/128-ac1-consequences.md:180	wisp.exe	bare-unresolvable
docs/evidence/s1/128-ac1-consequences.md:188	wisp.exe	bare-unresolvable
docs/evidence/s1/128-ac1-consequences.md:194	wisp-20260923-001.jsonl	bare-unresolvable
docs/evidence/s1/128-ac1-consequences.md:216	wisp.exe	bare-unresolvable
docs/evidence/s1/128-ac1-consequences.md:221	memory.db	bare-unresolvable
docs/evidence/s1/128-ac1-consequences.md:221	wisp.db	bare-unresolvable
docs/evidence/s1/128-ac1-consequences.md:222	wisp.db	bare-unresolvable
docs/evidence/s1/128-ac1-consequences.md:230	portable.txt	bare-unresolvable
docs/evidence/s1/128-ac1-consequences.md:239	.golangci.yml	bare-unresolvable
docs/evidence/s1/128-ac2-refusal-and-ac3-mutation.md:14	run.go	bare-ambiguous
docs/evidence/s1/128-ac2-refusal-and-ac3-mutation.md:14	models.go	bare-ambiguous
docs/evidence/s1/128-ac2-refusal-and-ac3-mutation.md:41	portable.txt	bare-unresolvable
docs/evidence/s1/128-ac2-refusal-and-ac3-mutation.md:49	config.toml	bare-unresolvable
docs/evidence/s1/128-ac2-refusal-and-ac3-mutation.md:49	memory.db	bare-unresolvable
docs/evidence/s1/128-ac2-refusal-and-ac3-mutation.md:55	wisp-<date>-001.jsonl	placeholder
docs/evidence/s1/128-ac2-refusal-and-ac3-mutation.md:55	config.toml	bare-unresolvable
docs/evidence/s1/128-ac2-refusal-and-ac3-mutation.md:77	wisp-20260923-001.jsonl	bare-unresolvable
docs/evidence/s1/128-ac2-refusal-and-ac3-mutation.md:134	memory.db	bare-unresolvable
docs/evidence/s1/128-ac2-refusal-and-ac3-mutation.md:136	portable.txt	bare-unresolvable
docs/evidence/s1/128-ac4-gates-and-ci-divergence.md:36	t128-ci-logfailed.txt	bare-unresolvable
docs/evidence/s1/128-ac4-gates-and-ci-divergence.md:59	config.toml	bare-unresolvable
docs/evidence/s1/128-ac4-gates-and-ci-divergence.md:60	config.toml	bare-unresolvable
docs/evidence/s1/128-ac4-gates-and-ci-divergence.md:61	config.toml	bare-unresolvable
docs/evidence/s1/128-ac4-gates-and-ci-divergence.md:109	run.go	bare-ambiguous
docs/evidence/s1/128-ac4-gates-and-ci-divergence.md:110	models.go	bare-ambiguous
docs/evidence/s1/128-ac4-gates-and-ci-divergence.md:117	portable.txt	bare-unresolvable
docs/evidence/s1/128-ac4-gates-and-ci-divergence.md:236	_test.go	bare-unresolvable
docs/evidence/s1/128-ac4-gates-and-ci-divergence.md:286	MEMORY.md	bare-unresolvable
docs/evidence/s1/128-ac4-gates-and-ci-divergence.md:297	_test.go	bare-unresolvable
docs/evidence/s1/128-ac4-gates-and-ci-divergence.md:323	_test.go	bare-unresolvable
docs/evidence/s1/128-ac4-gates-and-ci-divergence.md:325	.scratch/wisp/issues/128-...-memory.md	ellipsis
docs/evidence/s1/128-ac4-gates-and-ci-divergence.md:342	t128-ci-logfailed.txt	bare-unresolvable
docs/evidence/s1/128-ac4-gates-and-ci-divergence.md:343	owner-dirs-before.txt	bare-unresolvable
docs/evidence/s1/128-ac4-gates-and-ci-divergence.md:343	owner-dirs-after.txt	bare-unresolvable
docs/evidence/s1/128-ac4-gates-and-ci-divergence.md:344	R1-before-local.log	bare-unresolvable
docs/evidence/s1/128-ac4-gates-and-ci-divergence.md:344	R2-before-cienv.log	bare-unresolvable
docs/evidence/s1/128-ac4-gates-and-ci-divergence.md:344	R3-after-cienv.log	bare-unresolvable
docs/evidence/s1/128-ac4-gates-and-ci-divergence.md:344	R4-after-local.log	bare-unresolvable
docs/evidence/s1/128-ac4-gates-and-ci-divergence.md:346	V-fix-cienv.log	bare-unresolvable
docs/evidence/s1/128-ac4-gates-and-ci-divergence.md:347	d22scan-c94927d.log	bare-unresolvable
docs/evidence/s1/128-ac4-gates-and-ci-divergence.md:347	d22scan-c2fa2e9.log	bare-unresolvable
docs/evidence/s1/128-ac4-gates-and-ci-divergence.md:348	vet-native.log	bare-unresolvable
docs/evidence/s1/128-ac4-gates-and-ci-divergence.md:350	measure2.sh	bare-unresolvable
docs/evidence/s1/128-ac4-r1-acceptance.md:4	.scratch/wisp/issues/128-resolvedatadir-...-memory.md	ellipsis
docs/evidence/s1/128-ac4-r1-acceptance.md:22	gh-selffetch.txt	bare-unresolvable
docs/evidence/s1/128-ac4-r1-acceptance.md:22	t128-ci-logfailed.txt	bare-unresolvable
docs/evidence/s1/128-ac4-r1-acceptance.md:124	t128-ci-logfailed.txt	bare-unresolvable
docs/evidence/s1/128-ac4-r1-acceptance.md:157	N-ci.txt	bare-unresolvable
docs/evidence/s1/128-ac4-r1-acceptance.md:157	N-p1.txt	bare-unresolvable
docs/evidence/s1/128-ac4-r1-acceptance.md:175	t128-ci-logfailed.txt	bare-unresolvable
docs/evidence/s1/128-ac4-r1-acceptance.md:225	M-IV-both-removed-testenv.log	bare-unresolvable
docs/evidence/s1/128-ac4-r1-acceptance.md:345	P1-pre-cishape.log	bare-unresolvable
docs/evidence/s1/128-ac4-r1-acceptance.md:383	P1-pre-cishape.log	bare-unresolvable
docs/evidence/s1/128-ac4-r1-acceptance.md:384	M-PRE-basefallback-testenv.log	bare-unresolvable
docs/evidence/s1/128-ac4-r1-acceptance.md:424	_windows_test.go	bare-unresolvable
docs/evidence/s1/128-ac4-r1-acceptance.md:535	memory.db	bare-unresolvable
docs/evidence/s1/128-ac4-r1-acceptance.md:535	wisp.db	bare-unresolvable
docs/evidence/s1/128-ac4-r1-acceptance.md:553	go.mod	bare-ambiguous
docs/evidence/s1/128-ac4-r1-acceptance.md:559	gh-selffetch.txt	bare-unresolvable
docs/evidence/s1/128-ac4-r1-acceptance.md:559	blob_test.go	bare-unresolvable
docs/evidence/s1/128-ac4-r1-acceptance.md:567	MEMORY.md	bare-unresolvable
docs/evidence/s1/128-ac4-r1-acceptance.md:593	G7-post-cishape-recheck.log	bare-unresolvable
docs/evidence/s1/128-ac4-r1-acceptance.md:600	gh-selffetch.txt	bare-unresolvable
docs/evidence/s1/128-adversarial-acceptance.md:21	portable.txt	bare-unresolvable
docs/evidence/s1/128-adversarial-acceptance.md:24	_windows_test.go	bare-unresolvable
docs/evidence/s1/128-adversarial-acceptance.md:31	base-128.log	bare-unresolvable
docs/evidence/s1/128-adversarial-acceptance.md:46	wisp-20260923-001.jsonl	bare-unresolvable
docs/evidence/s1/128-adversarial-acceptance.md:46	m1.log	bare-ambiguous
docs/evidence/s1/128-adversarial-acceptance.md:46	m-c2.log	bare-unresolvable
docs/evidence/s1/128-adversarial-acceptance.md:46	memory.db	bare-unresolvable
docs/evidence/s1/128-adversarial-acceptance.md:47	run.go	bare-ambiguous
docs/evidence/s1/128-adversarial-acceptance.md:47	models.go	bare-ambiguous
docs/evidence/s1/128-adversarial-acceptance.md:48	models.go	bare-ambiguous
docs/evidence/s1/128-adversarial-acceptance.md:48	run.go	bare-ambiguous
docs/evidence/s1/128-adversarial-acceptance.md:51	wisp-20260923-001.jsonl	bare-unresolvable
docs/evidence/s1/128-adversarial-acceptance.md:51	m1.log	bare-ambiguous
docs/evidence/s1/128-adversarial-acceptance.md:67	m-c2.log	bare-unresolvable
docs/evidence/s1/128-adversarial-acceptance.md:68	_windows_test.go	bare-unresolvable
docs/evidence/s1/128-adversarial-acceptance.md:69	_windows_test.go	bare-unresolvable
docs/evidence/s1/128-adversarial-acceptance.md:70	run.go	bare-ambiguous
docs/evidence/s1/128-adversarial-acceptance.md:70	m-f2.log	bare-unresolvable
docs/evidence/s1/128-adversarial-acceptance.md:81	run.go	bare-ambiguous
docs/evidence/s1/128-adversarial-acceptance.md:99	_test.go	bare-unresolvable
docs/evidence/s1/128-adversarial-acceptance.md:110	MEMORY.md	bare-unresolvable
docs/evidence/s1/129-ac4-ac5-mutation-and-gates.md:57	artifact.txt	bare-unresolvable
docs/evidence/s1/129-ac4-ac5-mutation-and-gates.md:60	keep-me.txt	bare-unresolvable
docs/evidence/s1/129-ac4-ac5-mutation-and-gates.md:97	_129_windows_test.go	bare-unresolvable
docs/evidence/s1/129-ac4-ac5-mutation-and-gates.md:131	go.mod	bare-ambiguous
docs/evidence/s1/129-ac4-ac5-mutation-and-gates.md:131	go.sum	bare-ambiguous
docs/evidence/s1/129-ac4-ac5-mutation-and-gates.md:144	/src/go.mod	root-ambiguous
docs/evidence/s1/129-ac4-ac5-mutation-and-gates.md:159	_test.go	bare-unresolvable
docs/evidence/s1/129-ac4-ac5-mutation-and-gates.md:166	_129_windows_test.go	bare-unresolvable
docs/evidence/s1/129-adversarial-acceptance.md:41	_windows_test.go	bare-unresolvable
docs/evidence/s1/129-adversarial-acceptance.md:48	4824bb8..db	bare-unresolvable
docs/evidence/s1/129-adversarial-acceptance.md:81	_test.go	bare-unresolvable
docs/evidence/s1/129-adversarial-acceptance.md:89	_windows_test.go	bare-unresolvable
docs/evidence/s1/129-adversarial-acceptance.md:102	_test.go	bare-unresolvable
docs/evidence/s1/129-adversarial-acceptance.md:128	artifact.txt	bare-unresolvable
docs/evidence/s1/129-adversarial-acceptance.md:129	artifact.txt	bare-unresolvable
docs/evidence/s1/129-adversarial-acceptance.md:139	artifact.txt	bare-unresolvable
docs/evidence/s1/129-adversarial-acceptance.md:140	artifact.txt	bare-unresolvable
docs/evidence/s1/129-adversarial-acceptance.md:142	artifact.txt	bare-unresolvable
docs/evidence/s1/129-adversarial-acceptance.md:295	zz_accmonotone_129acc_test.go	bare-unresolvable
docs/evidence/s1/129-adversarial-acceptance.md:338	keep-me.txt	bare-unresolvable
docs/evidence/s1/129-adversarial-acceptance.md:345	keep-me.txt	bare-unresolvable
docs/evidence/s1/129-adversarial-acceptance.md:351	keep-me.txt	bare-unresolvable
docs/evidence/s1/129-adversarial-acceptance.md:358	keep-me.txt	bare-unresolvable
docs/evidence/s1/129-adversarial-acceptance.md:365	keep-me.txt	bare-unresolvable
docs/evidence/s1/129-adversarial-acceptance.md:409	4824bb8..db	bare-unresolvable
docs/evidence/s1/129-adversarial-acceptance.md:439	_windows_test.go	bare-unresolvable
docs/evidence/s1/129-adversarial-acceptance.md:446	/wisp129/store-44440/artifact.txt	root-ambiguous
docs/evidence/s1/129-adversarial-acceptance.md:456	/wisp129/store-44440/artifact.txt	root-ambiguous
docs/evidence/s1/129-adversarial-acceptance.md:457	/wisp129/store-44440/artifact.txt	root-ambiguous
docs/evidence/s1/129-adversarial-acceptance.md:458	/wisp129/store-44440/artifact.txt	root-ambiguous
docs/evidence/s1/129-adversarial-acceptance.md:459	/wisp129/store-44440/artifact.txt	root-ambiguous
docs/evidence/s1/129-adversarial-acceptance.md:521	_windows_test.go	bare-unresolvable
docs/evidence/s1/129-adversarial-acceptance.md:549	leg_sink_nail_131_test.go	bare-unresolvable
docs/evidence/s1/129-adversarial-acceptance.md:549	_windows_test.go	bare-unresolvable
docs/evidence/s1/129-adversarial-acceptance.md:607	_test.go	bare-unresolvable
docs/evidence/s1/129-adversarial-acceptance.md:608	_test.go	bare-unresolvable
docs/evidence/s1/129-adversarial-acceptance.md:616	leg_sink_nail_131_test.go	bare-unresolvable
docs/evidence/s1/129-adversarial-acceptance.md:687	MEMORY.md	bare-unresolvable
docs/evidence/s1/130-ac1-inventory-and-ruling.md:52	run.go	bare-ambiguous
docs/evidence/s1/130-ac1-inventory-and-ruling.md:52	models.go	bare-ambiguous
docs/evidence/s1/130-ac1-inventory-and-ruling.md:52	slo_windows.go	bare-ambiguous
docs/evidence/s1/130-ac1-inventory-and-ruling.md:62	wisp-<day>-<seq>.jsonl	placeholder
docs/evidence/s1/130-ac1-inventory-and-ruling.md:103	run.go	bare-ambiguous
docs/evidence/s1/130-ac1-inventory-and-ruling.md:129	models.go	bare-ambiguous
docs/evidence/s1/130-ac1-inventory-and-ruling.md:129	run.go	bare-ambiguous
docs/evidence/s1/130-ac1-inventory-and-ruling.md:140	wisp-20260923-001.jsonl	bare-unresolvable
docs/evidence/s1/130-ac1-inventory-and-ruling.md:181	s.log	bare-unresolvable
docs/evidence/s1/130-ac1-inventory-and-ruling.md:181	l.log	bare-unresolvable
docs/evidence/s1/130-ac1-inventory-and-ruling.md:231	/src/go.mod	root-ambiguous
docs/evidence/s1/130-ac1-inventory-and-ruling.md:259	_test.go	bare-unresolvable
docs/evidence/s1/130-ac1-inventory-and-ruling.md:263	MEMORY.md	bare-unresolvable
docs/evidence/s1/130-ac3-a-with-mirror-implementation.md:44	wisp.exe	bare-unresolvable
docs/evidence/s1/130-ac3-a-with-mirror-implementation.md:146	leg_sink_nail_131_test.go	bare-unresolvable
docs/evidence/s1/130-ac3-a-with-mirror-implementation.md:170	MEMORY.md	bare-unresolvable
docs/evidence/s1/131-adversarial-acceptance.md:1	main.go	bare-ambiguous
docs/evidence/s1/131-adversarial-acceptance.md:33	wisp.exe	bare-unresolvable
docs/evidence/s1/131-adversarial-acceptance.md:66	leg_sink_nail_131_test.go	bare-unresolvable
docs/evidence/s1/131-adversarial-acceptance.md:72	main.go	bare-ambiguous
docs/evidence/s1/131-adversarial-acceptance.md:73	main.go	bare-ambiguous
docs/evidence/s1/131-adversarial-acceptance.md:74	main.go	bare-ambiguous
docs/evidence/s1/131-adversarial-acceptance.md:75	main.go	bare-ambiguous
docs/evidence/s1/131-adversarial-acceptance.md:76	main.go	bare-ambiguous
docs/evidence/s1/131-adversarial-acceptance.md:77	main.go	bare-ambiguous
docs/evidence/s1/131-adversarial-acceptance.md:78	main.go	bare-ambiguous
docs/evidence/s1/131-adversarial-acceptance.md:79	main.go	bare-ambiguous
docs/evidence/s1/131-adversarial-acceptance.md:80	main.go	bare-ambiguous
docs/evidence/s1/131-adversarial-acceptance.md:81	main.go	bare-ambiguous
docs/evidence/s1/131-adversarial-acceptance.md:82	main.go	bare-ambiguous
docs/evidence/s1/131-adversarial-acceptance.md:83	main.go	bare-ambiguous
docs/evidence/s1/131-adversarial-acceptance.md:84	main.go	bare-ambiguous
docs/evidence/s1/131-adversarial-acceptance.md:85	main.go	bare-ambiguous
docs/evidence/s1/131-adversarial-acceptance.md:86	main.go	bare-ambiguous
docs/evidence/s1/131-adversarial-acceptance.md:89	main.go	bare-ambiguous
docs/evidence/s1/131-adversarial-acceptance.md:91	run.go	bare-ambiguous
docs/evidence/s1/131-adversarial-acceptance.md:91	models.go	bare-ambiguous
docs/evidence/s1/131-adversarial-acceptance.md:111	main.go	bare-ambiguous
docs/evidence/s1/131-adversarial-acceptance.md:113	leg_sink_nail_131_test.go	bare-unresolvable
docs/evidence/s1/131-adversarial-acceptance.md:113	wisp-<day>-<seq>.jsonl	placeholder
docs/evidence/s1/131-adversarial-acceptance.md:116	leg_sink_nail_131_test.go	bare-unresolvable
docs/evidence/s1/131-adversarial-acceptance.md:130	main.go	bare-ambiguous
docs/evidence/s1/131-adversarial-acceptance.md:134	main.go	bare-ambiguous
docs/evidence/s1/131-adversarial-acceptance.md:152	main.go	bare-ambiguous
docs/evidence/s1/131-adversarial-acceptance.md:155	_test.go	bare-unresolvable
docs/evidence/s1/131-adversarial-acceptance.md:156	models.go	bare-ambiguous
docs/evidence/s1/131-adversarial-acceptance.md:163	main.go	bare-ambiguous
docs/evidence/s1/131-adversarial-acceptance.md:171	main.go	bare-ambiguous
docs/evidence/s1/131-adversarial-acceptance.md:195	wisp-20260923-001.jsonl	bare-unresolvable
docs/evidence/s1/131-adversarial-acceptance.md:214	main.go	bare-ambiguous
docs/evidence/s1/131-adversarial-acceptance.md:217	diag131.go	bare-unresolvable
docs/evidence/s1/131-adversarial-acceptance.md:218	main.go	bare-ambiguous
docs/evidence/s1/131-adversarial-acceptance.md:222	leg_sink_nail_131_test.go	bare-unresolvable
docs/evidence/s1/131-adversarial-acceptance.md:229	main.go	bare-ambiguous
docs/evidence/s1/131-adversarial-acceptance.md:230	main.go	bare-ambiguous
docs/evidence/s1/131-adversarial-acceptance.md:241	main.go	bare-ambiguous
docs/evidence/s1/131-adversarial-acceptance.md:248	main.go	bare-ambiguous
docs/evidence/s1/131-adversarial-acceptance.md:252	main.go	bare-ambiguous
docs/evidence/s1/131-adversarial-acceptance.md:276	main.go	bare-ambiguous
docs/evidence/s1/131-adversarial-acceptance.md:283	main.go	bare-ambiguous
docs/evidence/s1/131-adversarial-acceptance.md:284	main.go	bare-ambiguous
docs/evidence/s1/131-adversarial-acceptance.md:315	models.go	bare-ambiguous
docs/evidence/s1/131-adversarial-acceptance.md:321	main.go	bare-ambiguous
docs/evidence/s1/131-adversarial-acceptance.md:328	main.go	bare-ambiguous
docs/evidence/s1/131-adversarial-acceptance.md:342	main.go	bare-ambiguous
docs/evidence/s1/131-adversarial-acceptance.md:351	wisp-20260923-001.jsonl	bare-unresolvable
docs/evidence/s1/131-adversarial-acceptance.md:363	wisp.exe	bare-unresolvable
docs/evidence/s1/131-adversarial-acceptance.md:376	leg_sink_nail_131_test.go	bare-unresolvable
docs/evidence/s1/131-adversarial-acceptance.md:387	wisp-<day>-<seq>.jsonl	placeholder
docs/evidence/s1/131-adversarial-acceptance.md:387	wisp131-x12.exe	bare-unresolvable
docs/evidence/s1/131-adversarial-acceptance.md:387	main.go	bare-ambiguous
docs/evidence/s1/131-adversarial-acceptance.md:398	models.go	bare-ambiguous
docs/evidence/s1/131-adversarial-acceptance.md:414	leg_sink_nail_131_test.go	bare-unresolvable
docs/evidence/s1/131-adversarial-acceptance.md:416	wisp-<day>-<seq>.jsonl	placeholder
docs/evidence/s1/131-adversarial-acceptance.md:507	main.go	bare-ambiguous
docs/evidence/s1/131-adversarial-acceptance.md:572	wisp.exe	bare-unresolvable
docs/evidence/s1/131-adversarial-acceptance.md:580	MEMORY.md	bare-unresolvable
docs/evidence/s1/131-adversarial-acceptance.md:581	MEMORY.md	bare-unresolvable
docs/evidence/s1/131-adversarial-acceptance.md:587	MEMORY.md	bare-unresolvable
docs/evidence/s1/131-adversarial-acceptance.md:616	leg_sink_nail_131_test.go	bare-unresolvable
docs/evidence/s1/131-adversarial-acceptance.md:620	leg_sink_nail_131_test.go	bare-unresolvable
docs/evidence/s1/131-followup-0-crossplatform.md:19	leg_sink_nail_131_test.go	bare-unresolvable
docs/evidence/s1/131-followup-0-crossplatform.md:19	_windows_test.go	bare-unresolvable
docs/evidence/s1/131-followup-0-crossplatform.md:33	/work/base/go.mod	root-ambiguous
docs/evidence/s1/131-followup-0-crossplatform.md:61	_windows_test.go	bare-unresolvable
docs/evidence/s1/131-followup-0-crossplatform.md:66	main.go	bare-ambiguous
docs/evidence/s1/131-followup-0-crossplatform.md:67	main.go	bare-ambiguous
docs/evidence/s1/131-followup-0-crossplatform.md:68	main.go	bare-ambiguous
docs/evidence/s1/131-followup-0-crossplatform.md:69	main.go	bare-ambiguous
docs/evidence/s1/131-followup-0-crossplatform.md:83	_windows_test.go	bare-unresolvable
docs/evidence/s1/131-followup-0-crossplatform.md:100	_windows_test.go	bare-unresolvable
docs/evidence/s1/131-followup-0-crossplatform.md:111	main.go	bare-ambiguous
docs/evidence/s1/131-followup-0-crossplatform.md:112	main.go	bare-ambiguous
docs/evidence/s1/131-followup-0-crossplatform.md:113	main.go	bare-ambiguous
docs/evidence/s1/131-followup-0-crossplatform.md:114	main.go	bare-ambiguous
docs/evidence/s1/131-followup-1-three-shapes.md:10	main.go	bare-ambiguous
docs/evidence/s1/131-followup-1-three-shapes.md:10	slo_windows.go	bare-ambiguous
docs/evidence/s1/131-followup-1-three-shapes.md:27	slo_windows.go	bare-ambiguous
docs/evidence/s1/131-followup-1-three-shapes.md:64	main.go	bare-ambiguous
docs/evidence/s1/131-followup-1-three-shapes.md:70	wisp-20260923-001.jsonl	bare-unresolvable
docs/evidence/s1/131-followup-1-three-shapes.md:76	main.go	bare-ambiguous
docs/evidence/s1/131-followup-1-three-shapes.md:79	main.go	bare-ambiguous
docs/evidence/s1/131-followup-1-three-shapes.md:86	diag131.go	bare-unresolvable
docs/evidence/s1/131-followup-1-three-shapes.md:86	main.go	bare-ambiguous
docs/evidence/s1/131-followup-1-three-shapes.md:96	main.go	bare-ambiguous
docs/evidence/s1/131-followup-1-three-shapes.md:97	main.go	bare-ambiguous
docs/evidence/s1/131-followup-1-three-shapes.md:101	main.go	bare-ambiguous
docs/evidence/s1/131-followup-1-three-shapes.md:116	wisp-20260923-001.jsonl	bare-unresolvable
docs/evidence/s1/131-followup-1-three-shapes.md:122	main.go	bare-ambiguous
docs/evidence/s1/131-followup-1-three-shapes.md:132	models.go	bare-ambiguous
docs/evidence/s1/131-followup-1-three-shapes.md:179	main.go	bare-ambiguous
docs/evidence/s1/131-followup-1-three-shapes.md:179	slo_windows.go	bare-ambiguous
docs/evidence/s1/131-followup-1-three-shapes.md:202	slo_windows.go	bare-ambiguous
docs/evidence/s1/131-followup-1-three-shapes.md:212	slo_windows.go	bare-ambiguous
docs/evidence/s1/131-followup-1-three-shapes.md:213	slo_windows.go	bare-ambiguous
docs/evidence/s1/131-followup-1-three-shapes.md:214	slo_windows.go	bare-ambiguous
docs/evidence/s1/131-followup-1-three-shapes.md:227	main.go	bare-ambiguous
docs/evidence/s1/131-followup-1-three-shapes.md:228	main.go	bare-ambiguous
docs/evidence/s1/131-followup-1-three-shapes.md:240	models.go	bare-ambiguous
docs/evidence/s1/131-followup-1-three-shapes.md:240	main.go	bare-ambiguous
docs/evidence/s1/131-followup-1-three-shapes.md:242	models.go	bare-ambiguous
docs/evidence/s1/131-followup-1-three-shapes.md:242	main.go	bare-ambiguous
docs/evidence/s1/131-followup-1-three-shapes.md:243	main.go	bare-ambiguous
docs/evidence/s1/131-followup-1-three-shapes.md:250	wisp-<day>-<seq>.jsonl	placeholder
docs/evidence/s1/131-followup-1-three-shapes.md:261	slo_windows.go	bare-ambiguous
docs/evidence/s1/131-followup-2-ratification-and-linux.md:7	_windows_test.go	bare-unresolvable
docs/evidence/s1/131-followup-2-ratification-and-linux.md:10	/src/go.mod	root-ambiguous
docs/evidence/s1/131-followup-2-ratification-and-linux.md:13	/src/go.mod	root-ambiguous
docs/evidence/s1/131-followup-2-ratification-and-linux.md:29	_windows_test.go	bare-unresolvable
docs/evidence/s1/131-followup-2-ratification-and-linux.md:36	main.go	bare-ambiguous
docs/evidence/s1/131-followup-2-ratification-and-linux.md:37	main.go	bare-ambiguous
docs/evidence/s1/131-followup-2-ratification-and-linux.md:38	main.go	bare-ambiguous
docs/evidence/s1/131-followup-2-ratification-and-linux.md:39	main.go	bare-ambiguous
docs/evidence/s1/131-followup-2-ratification-and-linux.md:40	main.go	bare-ambiguous
docs/evidence/s1/131-followup-2-ratification-and-linux.md:116	slo_windows.go	bare-ambiguous
docs/evidence/s1/131-followup-2-ratification-and-linux.md:152	main.go	bare-ambiguous
docs/evidence/s1/131-followup-2-ratification-and-linux.md:153	slo_windows.go	bare-ambiguous
docs/evidence/s1/131-reaccept-ac4.md:86	run.go	bare-ambiguous
docs/evidence/s1/131-reaccept-ac4.md:94	models.go	bare-ambiguous
docs/evidence/s1/131-reaccept-ac4.md:94	run.go	bare-ambiguous
docs/evidence/s1/131-reaccept-ac4.md:99	models.go	bare-ambiguous
docs/evidence/s1/131-reaccept-ac4.md:107	main.go	bare-ambiguous
docs/evidence/s1/131-reaccept-ac4.md:107	fake131.go	bare-unresolvable
docs/evidence/s1/131-reaccept-ac4.md:107	diag131.go	bare-unresolvable
docs/evidence/s1/131-reaccept-ac4.md:112	models.go	bare-ambiguous
docs/evidence/s1/131-reaccept-ac4.md:112	main.go	bare-ambiguous
docs/evidence/s1/131-reaccept-ac4.md:114	models.go	bare-ambiguous
docs/evidence/s1/131-reaccept-ac4.md:114	main.go	bare-ambiguous
docs/evidence/s1/131-reaccept-ac4.md:115	fake131.go	bare-unresolvable
docs/evidence/s1/131-reaccept-ac4.md:115	main.go	bare-ambiguous
docs/evidence/s1/131-reaccept-ac4.md:117	main.go	bare-ambiguous
docs/evidence/s1/131-reaccept-ac4.md:139	main.go	bare-ambiguous
docs/evidence/s1/131-reaccept-ac4.md:143	main.go	bare-ambiguous
docs/evidence/s1/131-reaccept-ac4.md:150	wisp.exe	bare-unresolvable
docs/evidence/s1/131-reaccept-ac4.md:154	main.go	bare-ambiguous
docs/evidence/s1/131-reaccept-ac4.md:160	main.go	bare-ambiguous
docs/evidence/s1/131-reaccept-ac4.md:161	main.go	bare-ambiguous
docs/evidence/s1/131-reaccept-ac4.md:162	main.go	bare-ambiguous
docs/evidence/s1/131-reaccept-ac4.md:166	wisp.exe	bare-unresolvable
docs/evidence/s1/131-reaccept-ac4.md:171	main.go	bare-ambiguous
docs/evidence/s1/131-reaccept-ac4.md:175	main.go	bare-ambiguous
docs/evidence/s1/131-reaccept-ac4.md:180	wisp.exe	bare-unresolvable
docs/evidence/s1/131-reaccept-ac4.md:198	slo_windows.go	bare-ambiguous
docs/evidence/s1/131-reaccept-ac4.md:201	slo_windows.go	bare-ambiguous
docs/evidence/s1/131-reaccept-ac4.md:210	main.go	bare-ambiguous
docs/evidence/s1/131-reaccept-ac4.md:212	slo_windows.go	bare-ambiguous
docs/evidence/s1/131-reaccept-ac4.md:219	_test.go	bare-unresolvable
docs/evidence/s1/131-reaccept-ac4.md:225	slo_windows.go	bare-ambiguous
docs/evidence/s1/131-reaccept-ac4.md:238	slo_windows.go	bare-ambiguous
docs/evidence/s1/131-reaccept-ac4.md:244	slo_windows.go	bare-ambiguous
docs/evidence/s1/131-reaccept-ac4.md:268	/src/go.mod	root-ambiguous
docs/evidence/s1/131-reaccept-ac4.md:284	main.go	bare-ambiguous
docs/evidence/s1/131-reaccept-ac4.md:285	main.go	bare-ambiguous
docs/evidence/s1/131-reaccept-ac4.md:286	main.go	bare-ambiguous
docs/evidence/s1/131-reaccept-ac4.md:287	main.go	bare-ambiguous
docs/evidence/s1/131-reaccept-ac4.md:290	_windows_test.go	bare-unresolvable
docs/evidence/s1/131-reaccept-ac4.md:299	_windows_test.go	bare-unresolvable
docs/evidence/s1/131-reaccept-ac4.md:312	cmd/wisp/<file>.go	placeholder
docs/evidence/s1/131-reaccept-ac4.md:326	models.go	bare-ambiguous
docs/evidence/s1/131-reaccept-ac4.md:381	_test.go	bare-unresolvable
docs/evidence/s1/131-reaccept-ac4.md:382	models.go	bare-ambiguous
docs/evidence/s1/131-reaccept-ac4.md:382	run.go	bare-ambiguous
docs/evidence/s1/131-reaccept-ac4.md:401	main.go	bare-ambiguous
docs/evidence/s1/131-reaccept-ac4.md:404	sfx131.go	bare-unresolvable
docs/evidence/s1/131-reaccept-ac4.md:407	wisp-20260923-001.jsonl	bare-unresolvable
docs/evidence/s1/131-reaccept-ac4.md:409	main.go	bare-ambiguous
docs/evidence/s1/131-reaccept-ac4.md:423	_test.go	bare-unresolvable
docs/evidence/s1/131-reaccept-ac4.md:424	main.go	bare-ambiguous
docs/evidence/s1/131-reaccept-ac4.md:454	.summary.txt	bare-unresolvable
docs/evidence/s1/131-reaccept-ac4.md:455	.summary.txt	bare-unresolvable
docs/evidence/s1/131-reaccept-ac4.md:459	main.go	bare-ambiguous
docs/evidence/s1/131-reaccept-ac4.md:463	wisp.exe	bare-unresolvable
docs/evidence/s1/131-reaccept-ac4.md:478	MEMORY.md	bare-unresolvable
docs/evidence/s1/131-reaccept-ac4.md:482	MEMORY.md	bare-unresolvable
docs/evidence/s1/131-reaccept-ac4.md:500	main.go	bare-ambiguous
docs/evidence/s1/131-reaccept-ac4.md:511	wisp-<day>-<seq>.jsonl	placeholder
docs/evidence/s1/133-ac1-ac2-instrument.md:56	main.go	bare-ambiguous
docs/evidence/s1/133-ac1-ac2-instrument.md:104	models.go	bare-ambiguous
docs/evidence/s1/133-ac1-ac2-instrument.md:105	models.go	bare-ambiguous
docs/evidence/s1/133-ac1-ac2-instrument.md:106	models.go	bare-ambiguous
docs/evidence/s1/133-ac1-ac2-instrument.md:107	main.go	bare-ambiguous
docs/evidence/s1/133-ac1-ac2-instrument.md:121	main.go	bare-ambiguous
docs/evidence/s1/133-ac1-ac2-instrument.md:139	main.go	bare-ambiguous
docs/evidence/s1/133-ac1-ac2-instrument.md:140	main.go	bare-ambiguous
docs/evidence/s1/133-ac1-ac2-instrument.md:141	slo_windows.go	bare-ambiguous
docs/evidence/s1/133-ac1-ac2-instrument.md:159	main.go	bare-ambiguous
docs/evidence/s1/133-ac1-ac2-instrument.md:181	main.go	bare-ambiguous
docs/evidence/s1/133-ac1-ac2-instrument.md:202	main.go	bare-ambiguous
docs/evidence/s1/133-ac1-ac2-instrument.md:205	main.go	bare-ambiguous
docs/evidence/s1/133-ac1-ac2-instrument.md:212	sfx131.go	bare-unresolvable
docs/evidence/s1/133-ac1-ac2-instrument.md:349	roster-skip133.txt	bare-unresolvable
docs/evidence/s1/133-ac1-ac2-instrument.md:353	roster-skip133.txt	bare-unresolvable
docs/evidence/s1/133-ac1-ac2-instrument.md:356	roster-skip133.txt	bare-unresolvable
docs/evidence/s1/133-ac1-ac2-instrument.md:359	roster-skip133.txt	bare-unresolvable
docs/evidence/s1/133-ac1-ac2-instrument.md:428	main.go	bare-ambiguous
docs/evidence/s1/133-ac1-ac2-instrument.md:428	slo_windows.go	bare-ambiguous
docs/evidence/s1/133-ac1-ac2-instrument.md:457	main.go	bare-ambiguous
docs/evidence/s1/133-ac1-ac2-instrument.md:457	slo_windows.go	bare-ambiguous
docs/evidence/s1/133-ac1-ac2-instrument.md:493	/src/go.mod	root-ambiguous
docs/evidence/s1/133-ac1-ac2-instrument.md:496	/src/go.mod	root-ambiguous
docs/evidence/s1/133-ac1-ac2-instrument.md:506	/src/go.mod	root-ambiguous
docs/evidence/s1/133-ac1-ac2-instrument.md:529	go.mod	bare-ambiguous
docs/evidence/s1/133-ac1-ac2-instrument.md:549	_test.go	bare-unresolvable
docs/evidence/s1/133-ac1-ac2-instrument.md:550	_test.go	bare-unresolvable
docs/evidence/s1/133-ac1-ac2-instrument.md:594	main.go/panel_assets.go	multi-ext
docs/evidence/s1/133-ac1-ac2-instrument.md:595	slo_windows.go	bare-ambiguous
docs/evidence/s1/133-ac2-fix.md:14	go.mod	bare-ambiguous
docs/evidence/s1/133-ac2-fix.md:17	/d/tmp/wisp133-ac2fix-mutate.py	root-ambiguous
docs/evidence/s1/133-ac2-fix.md:17	/d/tmp/wisp133-ac2fix-probe.py	root-ambiguous
docs/evidence/s1/133-ac2-fix.md:19	/d/tmp/wisp133-ac2fix-run.sh	root-ambiguous
docs/evidence/s1/133-ac2-fix.md:43	/d/tmp/wisp133-ac2fix-run.sh	root-ambiguous
docs/evidence/s1/133-ac2-fix.md:55	extra.sh	bare-unresolvable
docs/evidence/s1/133-ac2-fix.md:56	main.go	bare-ambiguous
docs/evidence/s1/133-ac2-fix.md:56	probe.py	bare-unresolvable
docs/evidence/s1/133-ac2-fix.md:57	main.go	bare-ambiguous
docs/evidence/s1/133-ac2-fix.md:62	main.go	bare-ambiguous
docs/evidence/s1/133-ac2-fix.md:64	sfx131x.go	bare-unresolvable
docs/evidence/s1/133-ac2-fix.md:65	_test.go	bare-unresolvable
docs/evidence/s1/133-ac2-fix.md:66	main.go	bare-ambiguous
docs/evidence/s1/133-ac2-fix.md:86	_test.go	bare-unresolvable
docs/evidence/s1/133-ac2-fix.md:95	_test.go	bare-unresolvable
docs/evidence/s1/133-ac2-fix.md:103	probe133_test.go	bare-unresolvable
docs/evidence/s1/133-ac2-fix.md:109	_windows_test.go	bare-unresolvable
docs/evidence/s1/133-ac2-fix.md:135	main.go	bare-ambiguous
docs/evidence/s1/133-ac2-fix.md:136	slo_windows.go	bare-ambiguous
docs/evidence/s1/133-ac2-fix.md:136	main.go	bare-ambiguous
docs/evidence/s1/133-ac2-fix.md:150	main.go	bare-ambiguous
docs/evidence/s1/133-ac2-fix.md:187	main.go	bare-ambiguous
docs/evidence/s1/133-ac2-fix.md:188	main.go	bare-ambiguous
docs/evidence/s1/133-ac2-fix.md:191	probe133_test.go	bare-unresolvable
docs/evidence/s1/133-ac2-fix.md:194	main.go	bare-ambiguous
docs/evidence/s1/133-ac2-fix.md:195	main.go	bare-ambiguous
docs/evidence/s1/133-ac2-fix.md:202	main.go	bare-ambiguous
docs/evidence/s1/133-ac2-fix.md:204	probe133_test.go	bare-unresolvable
docs/evidence/s1/133-ac2-fix.md:214	/d/tmp/wisp133-ac2fix-out/LEDGER-pre-fix.txt	root-ambiguous
docs/evidence/s1/133-ac2-fix.md:214	/d/tmp/wisp133-ac2fix-out/LEDGER-post-fix1.txt	root-ambiguous
docs/evidence/s1/133-ac2-fix.md:215	/d/tmp/wisp133-ac2fix-out/LEDGER-pre-fix.txt	root-ambiguous
docs/evidence/s1/133-ac2-fix.md:216	/d/tmp/wisp133-ac2fix-out/LEDGER-post-fix1.txt	root-ambiguous
docs/evidence/s1/133-ac2-fix.md:225	probe.py	bare-unresolvable
docs/evidence/s1/133-ac2-fix.md:227	POST-p2.log	bare-unresolvable
docs/evidence/s1/133-ac2-fix.md:234	main.go	bare-ambiguous
docs/evidence/s1/133-ac2-fix.md:235	sfx131x.go	bare-unresolvable
docs/evidence/s1/133-ac2-fix.md:241	main.go	bare-ambiguous
docs/evidence/s1/133-ac2-fix.md:241	sfx131x.go	bare-unresolvable
docs/evidence/s1/133-ac2-fix.md:244	main.go	bare-ambiguous
docs/evidence/s1/133-ac2-fix.md:245	main.go	bare-ambiguous
docs/evidence/s1/133-ac2-fix.md:250	sfx131x.go	bare-unresolvable
docs/evidence/s1/133-ac2-fix.md:255	main.go	bare-ambiguous
docs/evidence/s1/133-ac2-fix.md:255	sfx131x.go	bare-unresolvable
docs/evidence/s1/133-ac2-fix.md:261	main.go	bare-ambiguous
docs/evidence/s1/133-ac2-fix.md:261	extra.sh	bare-unresolvable
docs/evidence/s1/133-ac2-fix.md:262	main.go	bare-ambiguous
docs/evidence/s1/133-ac2-fix.md:265	main.go	bare-ambiguous
docs/evidence/s1/133-ac2-fix.md:268	main.go	bare-ambiguous
docs/evidence/s1/133-ac2-fix.md:269	main.go	bare-ambiguous
docs/evidence/s1/133-ac2-fix.md:279	main.go	bare-ambiguous
docs/evidence/s1/133-ac2-fix.md:281	/d/tmp/wisp133-ac2fix-p6.sh	root-ambiguous
docs/evidence/s1/133-ac2-fix.md:286	main.go	bare-ambiguous
docs/evidence/s1/133-ac2-fix.md:290	main.go	bare-ambiguous
docs/evidence/s1/133-ac2-fix.md:291	main.go	bare-ambiguous
docs/evidence/s1/133-ac2-fix.md:296	main.go	bare-ambiguous
docs/evidence/s1/133-ac2-fix.md:299	main.go	bare-ambiguous
docs/evidence/s1/133-ac2-fix.md:350	FINAL-B.log	bare-unresolvable
docs/evidence/s1/133-ac2-fix.md:354	main.go	bare-ambiguous
docs/evidence/s1/133-ac2-fix.md:355	probe133_test.go	bare-unresolvable
docs/evidence/s1/133-ac2-fix.md:356	main.go	bare-ambiguous
docs/evidence/s1/133-ac2-fix.md:358	main.go	bare-ambiguous
docs/evidence/s1/133-ac2-fix.md:369	FINAL-A.log	bare-unresolvable
docs/evidence/s1/133-ac2-fix.md:381	F-roster-ins.txt	bare-unresolvable
docs/evidence/s1/133-ac2-fix.md:381	F-roster-skip.txt	bare-unresolvable
docs/evidence/s1/133-ac2-fix.md:382	F-roster-ins.txt	bare-unresolvable
docs/evidence/s1/133-ac2-fix.md:382	F-roster-skip.txt	bare-unresolvable
docs/evidence/s1/133-ac2-fix.md:383	F-roster-ins.txt	bare-unresolvable
docs/evidence/s1/133-ac2-fix.md:383	F-roster-skip.txt	bare-unresolvable
docs/evidence/s1/133-ac2-fix.md:390	_133_test.go	bare-unresolvable
docs/evidence/s1/133-ac2-fix.md:393	FINAL-C.log	bare-unresolvable
docs/evidence/s1/133-ac2-fix.md:403	/src/go.mod	root-ambiguous
docs/evidence/s1/133-ac2-fix.md:403	/src/cmd/wisp/leg_dispatch_gate_133_test.go	root-ambiguous
docs/evidence/s1/133-ac2-fix.md:404	_test.go	bare-unresolvable
docs/evidence/s1/133-ac2-fix.md:427	C-symlinktmp.log	bare-unresolvable
docs/evidence/s1/133-ac2-fix.md:427	C-symlinktmp-PREFIX.log	bare-unresolvable
docs/evidence/s1/133-ac2-fix.md:428	t-normal.txt	bare-unresolvable
docs/evidence/s1/133-ac2-fix.md:428	t-sym.txt	bare-unresolvable
docs/evidence/s1/133-ac2-fix.md:436	_windows_test.go	bare-unresolvable
docs/evidence/s1/133-ac2-fix.md:442	main.go	bare-ambiguous
docs/evidence/s1/133-ac2-fix.md:442	slo_windows.go	bare-ambiguous
docs/evidence/s1/133-ac2-fix.md:444	main.go	bare-ambiguous
docs/evidence/s1/133-ac2-fix.md:457	main.go	bare-ambiguous
docs/evidence/s1/133-ac2-fix.md:457	slo_windows.go	bare-ambiguous
docs/evidence/s1/133-ac2-fix.md:461	/src/go.mod	root-ambiguous
docs/evidence/s1/133-ac2-r2-acceptance.md:58	/d/tmp/wisp133-r2-tree1/cmd/wisp/leg_dispatch_gate_133_test.go	root-ambiguous
docs/evidence/s1/133-ac2-r2-acceptance.md:68	/d/tmp/wisp133-r2-run.sh	root-ambiguous
docs/evidence/s1/133-ac2-r2-acceptance.md:70	probe.py	bare-unresolvable
docs/evidence/s1/133-ac2-r2-acceptance.md:79	/d/tmp/wisp133-acc-r1-mutate.py	root-ambiguous
docs/evidence/s1/133-ac2-r2-acceptance.md:79	/d/tmp/wisp133-ac2fix-mutate.py	root-ambiguous
docs/evidence/s1/133-ac2-r2-acceptance.md:81	/d/tmp/wisp133-acc-r1-probe.py	root-ambiguous
docs/evidence/s1/133-ac2-r2-acceptance.md:81	/d/tmp/wisp133-ac2fix-probe.py	root-ambiguous
docs/evidence/s1/133-ac2-r2-acceptance.md:87	/d/tmp/wisp133-ac2fix-p6.sh	root-ambiguous
docs/evidence/s1/133-ac2-r2-acceptance.md:88	/d/tmp/wisp133-r2-p6.sh	root-ambiguous
docs/evidence/s1/133-ac2-r2-acceptance.md:167	main.go	bare-ambiguous
docs/evidence/s1/133-ac2-r2-acceptance.md:172	main.go	bare-ambiguous
docs/evidence/s1/133-ac2-r2-acceptance.md:174	main.go	bare-ambiguous
docs/evidence/s1/133-ac2-r2-acceptance.md:184	probe133_test.go	bare-unresolvable
docs/evidence/s1/133-ac2-r2-acceptance.md:188	main.go	bare-ambiguous
docs/evidence/s1/133-ac2-r2-acceptance.md:205	main.go	bare-ambiguous
docs/evidence/s1/133-ac2-r2-acceptance.md:205	sfx131x.go	bare-unresolvable
docs/evidence/s1/133-ac2-r2-acceptance.md:206	main.go	bare-ambiguous
docs/evidence/s1/133-ac2-r2-acceptance.md:214	sfx131x.go	bare-unresolvable
docs/evidence/s1/133-ac2-r2-acceptance.md:215	sfx131x.go	bare-unresolvable
docs/evidence/s1/133-ac2-r2-acceptance.md:216	main.go	bare-ambiguous
docs/evidence/s1/133-ac2-r2-acceptance.md:229	main.go	bare-ambiguous
docs/evidence/s1/133-ac2-r2-acceptance.md:231	probe133_test.go	bare-unresolvable
docs/evidence/s1/133-ac2-r2-acceptance.md:242	main.go	bare-ambiguous
docs/evidence/s1/133-ac2-r2-acceptance.md:242	extra.sh	bare-unresolvable
docs/evidence/s1/133-ac2-r2-acceptance.md:244	main.go	bare-ambiguous
docs/evidence/s1/133-ac2-r2-acceptance.md:248	main.go	bare-ambiguous
docs/evidence/s1/133-ac2-r2-acceptance.md:251	main.go	bare-ambiguous
docs/evidence/s1/133-ac2-r2-acceptance.md:252	main.go	bare-ambiguous
docs/evidence/s1/133-ac2-r2-acceptance.md:271	main.go	bare-ambiguous
docs/evidence/s1/133-ac2-r2-acceptance.md:280	/d/tmp/wisp133-r2-p6.sh	root-ambiguous
docs/evidence/s1/133-ac2-r2-acceptance.md:282	main.go	bare-ambiguous
docs/evidence/s1/133-ac2-r2-acceptance.md:286	main.go	bare-ambiguous
docs/evidence/s1/133-ac2-r2-acceptance.md:289	main.go	bare-ambiguous
docs/evidence/s1/133-ac2-r2-acceptance.md:303	/d/tmp/wisp133-r2-mutate.py	root-ambiguous
docs/evidence/s1/133-ac2-r2-acceptance.md:367	/d/tmp/wisp133-r2-p7.sh	root-ambiguous
docs/evidence/s1/133-ac2-r2-acceptance.md:367	/d/tmp/wisp133-r2-p8.sh	root-ambiguous
docs/evidence/s1/133-ac2-r2-acceptance.md:375	probe133r2b_linux_test.go	bare-unresolvable
docs/evidence/s1/133-ac2-r2-acceptance.md:376	main.go	bare-ambiguous
docs/evidence/s1/133-ac2-r2-acceptance.md:381	main.go	bare-ambiguous
docs/evidence/s1/133-ac2-r2-acceptance.md:428	R2-p7-full.log	bare-unresolvable
docs/evidence/s1/133-ac2-r2-acceptance.md:437	R2-p1-full.log	bare-unresolvable
docs/evidence/s1/133-ac2-r2-acceptance.md:454	main.go	bare-ambiguous
docs/evidence/s1/133-ac2-r2-acceptance.md:455	main.go	bare-ambiguous
docs/evidence/s1/133-ac2-r2-acceptance.md:458	main.go	bare-ambiguous
docs/evidence/s1/133-ac2-r2-acceptance.md:463	main.go	bare-ambiguous
docs/evidence/s1/133-ac2-r2-acceptance.md:474	_windows_test.go	bare-unresolvable
docs/evidence/s1/133-ac2-r2-acceptance.md:490	_windows_test.go	bare-unresolvable
docs/evidence/s1/133-ac2-r2-acceptance.md:503	tempdir_resolved_124_test.go	bare-ambiguous
docs/evidence/s1/133-ac2-r2-acceptance.md:523	/src/go.mod	root-ambiguous
docs/evidence/s1/133-ac2-r2-acceptance.md:523	/src/cmd/wisp/zz_r2_funcval_probe_test.go	root-ambiguous
docs/evidence/s1/133-ac2-r2-acceptance.md:548	slo_windows.go	bare-ambiguous
docs/evidence/s1/133-ac2-r2-acceptance.md:559	main.go	bare-ambiguous
docs/evidence/s1/133-ac2-r2-acceptance.md:560	slo_windows.go	bare-ambiguous
docs/evidence/s1/133-ac2-r2-acceptance.md:564	main.go	bare-ambiguous
docs/evidence/s1/133-ac2-r2-acceptance.md:564	slo_windows.go	bare-ambiguous
docs/evidence/s1/133-ac2-r2-acceptance.md:569	main.go	bare-ambiguous
docs/evidence/s1/133-ac2-r2-acceptance.md:631	_linux_test.go	bare-unresolvable
docs/evidence/s1/133-ac2-r2-acceptance.md:644	/d/tmp/wisp133-r2-run.sh	root-ambiguous
docs/evidence/s1/133-ac2-r2-acceptance.md:645	/d/tmp/wisp133-r2-p7.sh	root-ambiguous
docs/evidence/s1/133-ac2-r2-acceptance.md:669	main.go	bare-ambiguous
docs/evidence/s1/133-ac2-r2-acceptance.md:669	slo_windows.go	bare-ambiguous
docs/evidence/s1/133-ac2-r2-acceptance.md:682	_linux_test.go	bare-unresolvable
docs/evidence/s1/133-ac2-r2-acceptance.md:682	/d/tmp/wisp133-r2-p7.sh	root-ambiguous
docs/evidence/s1/133-ac2-r2-acceptance.md:682	_windows.go	bare-unresolvable
docs/evidence/s1/133-ac2-r2-acceptance.md:682	_linux.go	bare-unresolvable
docs/evidence/s1/133-ac2-r2-acceptance.md:682	_other.go	bare-unresolvable
docs/evidence/s1/133-ac2-r2-acceptance.md:684	main.go	bare-ambiguous
docs/evidence/s1/133-ac2-r2-acceptance.md:684	/d/tmp/wisp133-r2-p8.sh	root-ambiguous
docs/evidence/s1/133-ac2-r2-acceptance.md:684	slo_windows.go	bare-ambiguous
docs/evidence/s1/133-ac2-r2-acceptance.md:685	R2-B0-c2.log	bare-unresolvable
docs/evidence/s1/133-ac2-r2-acceptance.md:685	R2-B0-nogate.log	bare-unresolvable
docs/evidence/s1/133-ac2-r2-acceptance.md:685	R2-B1-base.log	bare-unresolvable
docs/evidence/s1/133-ac2-r2-acceptance.md:685	R2-B1-c2.log	bare-unresolvable
docs/evidence/s1/133-ac2-r2-acceptance.md:696	MEMORY.md	bare-unresolvable
docs/evidence/s1/133-ac2-r2-acceptance.md:697	MEMORY.md	bare-unresolvable
docs/evidence/s1/133-ac2-r2-acceptance.md:698	MEMORY.md	bare-unresolvable
docs/evidence/s1/133-adversarial-acceptance.md:17	main.go	bare-ambiguous
docs/evidence/s1/133-adversarial-acceptance.md:17	slo_windows.go	bare-ambiguous
docs/evidence/s1/133-adversarial-acceptance.md:30	/d/tmp/wisp133-acc-r1-run.sh	root-ambiguous
docs/evidence/s1/133-adversarial-acceptance.md:45	A-base-ins-doorclosed.log	bare-unresolvable
docs/evidence/s1/133-adversarial-acceptance.md:52	/d/tmp/wisp133-acc-r1-mutate.py	root-ambiguous
docs/evidence/s1/133-adversarial-acceptance.md:53	main.go	bare-ambiguous
docs/evidence/s1/133-adversarial-acceptance.md:54	/d/tmp/wisp133-acc-r1-run.sh	root-ambiguous
docs/evidence/s1/133-adversarial-acceptance.md:65	shots.txt	bare-unresolvable
docs/evidence/s1/133-adversarial-acceptance.md:65	shots-v2.txt	bare-unresolvable
docs/evidence/s1/133-adversarial-acceptance.md:65	v3-probes.txt	bare-unresolvable
docs/evidence/s1/133-adversarial-acceptance.md:80	main.go	bare-ambiguous
docs/evidence/s1/133-adversarial-acceptance.md:84	main.go	bare-ambiguous
docs/evidence/s1/133-adversarial-acceptance.md:85	main.go	bare-ambiguous
docs/evidence/s1/133-adversarial-acceptance.md:87	main.go	bare-ambiguous
docs/evidence/s1/133-adversarial-acceptance.md:88	main.go	bare-ambiguous
docs/evidence/s1/133-adversarial-acceptance.md:89	sfx131x.go	bare-unresolvable
docs/evidence/s1/133-adversarial-acceptance.md:90	sfx131x.go	bare-unresolvable
docs/evidence/s1/133-adversarial-acceptance.md:97	root>/logs/wisp-20260923-001.jsonl	placeholder
docs/evidence/s1/133-adversarial-acceptance.md:98	root>/logs/wisp-20260923-001.jsonl	placeholder
docs/evidence/s1/133-adversarial-acceptance.md:103	3ins-n3-doorclosed.log	bare-unresolvable
docs/evidence/s1/133-adversarial-acceptance.md:106	models.go	bare-ambiguous
docs/evidence/s1/133-adversarial-acceptance.md:107	models.go	bare-ambiguous
docs/evidence/s1/133-adversarial-acceptance.md:108	models.go	bare-ambiguous
docs/evidence/s1/133-adversarial-acceptance.md:109	main.go	bare-ambiguous
docs/evidence/s1/133-adversarial-acceptance.md:112	3v2ins-x4-doorclosed.log	bare-unresolvable
docs/evidence/s1/133-adversarial-acceptance.md:112	main.go	bare-ambiguous
docs/evidence/s1/133-adversarial-acceptance.md:113	3ins-x8-doorclosed.log	bare-unresolvable
docs/evidence/s1/133-adversarial-acceptance.md:113	slo_windows.go	bare-ambiguous
docs/evidence/s1/133-adversarial-acceptance.md:114	3v2ins-x12-doorclosed.log	bare-unresolvable
docs/evidence/s1/133-adversarial-acceptance.md:114	main.go	bare-ambiguous
docs/evidence/s1/133-adversarial-acceptance.md:115	3v3ins-x14c-doorclosed.log	bare-unresolvable
docs/evidence/s1/133-adversarial-acceptance.md:115	main.go	bare-ambiguous
docs/evidence/s1/133-adversarial-acceptance.md:116	3v3ins-x14b2c-doorclosed.log	bare-unresolvable
docs/evidence/s1/133-adversarial-acceptance.md:116	main.go	bare-ambiguous
docs/evidence/s1/133-adversarial-acceptance.md:158	_test.go	bare-unresolvable
docs/evidence/s1/133-adversarial-acceptance.md:183	wisp133-acc-r1-mutate.py	bare-unresolvable
docs/evidence/s1/133-adversarial-acceptance.md:183	wisp133-acc-r1-probe.py	bare-unresolvable
docs/evidence/s1/133-adversarial-acceptance.md:185	v3-probes.txt	bare-unresolvable
docs/evidence/s1/133-adversarial-acceptance.md:185	extra.txt	bare-unresolvable
docs/evidence/s1/133-adversarial-acceptance.md:190	main.go	bare-ambiguous
docs/evidence/s1/133-adversarial-acceptance.md:192	_test.go	bare-unresolvable
docs/evidence/s1/133-adversarial-acceptance.md:195	P-p1-fullpackage-doorclosed.log	bare-unresolvable
docs/evidence/s1/133-adversarial-acceptance.md:227	_test.go	bare-unresolvable
docs/evidence/s1/133-adversarial-acceptance.md:236	_test.go	bare-unresolvable
docs/evidence/s1/133-adversarial-acceptance.md:248	main.go	bare-ambiguous
docs/evidence/s1/133-adversarial-acceptance.md:299	/d/tmp/wisp133-acc-r1/cmd/wisp/leg_dispatch_gate_133_test.go	root-ambiguous
docs/evidence/s1/133-adversarial-acceptance.md:315	roster-ins.txt	bare-unresolvable
docs/evidence/s1/133-adversarial-acceptance.md:315	roster-skip.txt	bare-unresolvable
docs/evidence/s1/133-adversarial-acceptance.md:327	/src/go.mod	root-ambiguous
docs/evidence/s1/133-adversarial-acceptance.md:328	/src/cmd/wisp/leg_dispatch_gate_133_test.go	root-ambiguous
docs/evidence/s1/133-adversarial-acceptance.md:346	_test.go	bare-unresolvable
docs/evidence/s1/133-adversarial-acceptance.md:346	wisp133-acc-r1-mutate.py	bare-unresolvable
docs/evidence/s1/133-adversarial-acceptance.md:346	wisp133-acc-r1-probe.py	bare-unresolvable
docs/evidence/s1/133-adversarial-acceptance.md:347	probe.py	bare-unresolvable
docs/evidence/s1/133-adversarial-acceptance.md:348	probe.py	bare-unresolvable
docs/evidence/s1/133-adversarial-acceptance.md:348	sfx131x.go	bare-unresolvable
docs/evidence/s1/133-adversarial-acceptance.md:349	probe.py	bare-unresolvable
docs/evidence/s1/133-adversarial-acceptance.md:385	MEMORY.md	bare-unresolvable
docs/evidence/s1/133-adversarial-acceptance.md:386	/d/tmp/wisp133-acc-r1-run.sh	root-ambiguous
docs/evidence/s1/133-adversarial-acceptance.md:387	/d/tmp/wisp133-acc-r1-shots.sh	root-ambiguous
docs/evidence/s1/133-adversarial-acceptance.md:388	/d/tmp/wisp133-acc-r1-shots-v2.sh	root-ambiguous
docs/evidence/s1/133-adversarial-acceptance.md:389	/d/tmp/wisp133-acc-r1-v3-probes.sh	root-ambiguous
docs/evidence/s1/133-adversarial-acceptance.md:390	/d/tmp/wisp133-acc-r1-extra.sh	root-ambiguous
docs/evidence/s1/134-ac2-ac3-trigger-and-freshness-pin.md:13	wisp.exe	bare-unresolvable
docs/evidence/s1/134-ac2-ac3-trigger-and-freshness-pin.md:34	Worker_20260923-023150-utc.log	bare-unresolvable
docs/evidence/s1/134-ac2-ac3-trigger-and-freshness-pin.md:36	wisp.exe	bare-unresolvable
docs/evidence/s1/134-ac2-ac3-trigger-and-freshness-pin.md:75	github.sh	bare-unresolvable
docs/evidence/s1/134-ac2-ac3-trigger-and-freshness-pin.md:164	slo-report.json	bare-unresolvable
docs/evidence/s1/134-ac2-ac3-trigger-and-freshness-pin.md:167	powershell.exe	bare-unresolvable
docs/evidence/s1/134-ac4-machine-contended-readings.md:8	go.exe	bare-unresolvable
docs/evidence/s1/134-ac4-machine-contended-readings.md:10	go.exe	bare-unresolvable
docs/evidence/s1/134-ac4-machine-contended-readings.md:14	go.exe	bare-unresolvable
docs/evidence/s1/134-ac4-machine-contended-readings.md:19	go.exe	bare-unresolvable
docs/evidence/s1/134-ac4-machine-contended-readings.md:20	compile.exe	bare-unresolvable
docs/evidence/s1/134-ac4-machine-contended-readings.md:22	slo-report.json	bare-unresolvable
docs/evidence/s1/134-ac4-machine-contended-readings.md:30	ping.exe	bare-unresolvable
docs/evidence/s1/134-ac4-machine-contended-readings.md:30	foreignping.exe	bare-unresolvable
docs/evidence/s1/134-ac4-machine-contended-readings.md:37	foreignping.exe	bare-unresolvable
docs/evidence/s1/134-ac4-machine-contended-readings.md:38	slo-report.json	bare-unresolvable
docs/evidence/s1/134-ac4-machine-contended-readings.md:54	notwisp.exe	bare-unresolvable
docs/evidence/s1/134-ac4-machine-contended-readings.md:54	ping.exe	bare-unresolvable
docs/evidence/s1/134-ac4-machine-contended-readings.md:60	slo-report.json	bare-unresolvable
docs/evidence/s1/134-ac4-machine-contended-readings.md:62	slo-report.json	bare-unresolvable
docs/evidence/s1/134-ac4-machine-contended-readings.md:64	wisp.exe	bare-unresolvable
docs/evidence/s1/134-ac5-gate-readings.md:33	_test.go	bare-unresolvable
docs/evidence/s1/134-ac5-gate-readings.md:48	github.sh	bare-unresolvable
docs/evidence/s1/134-ac5-gate-readings.md:69	134-ac2-ac3-...md	ellipsis
docs/evidence/s1/134-ac6-contended-no-conclusion.md:32	go.exe	bare-unresolvable
docs/evidence/s1/134-ac6-contended-no-conclusion.md:34	slo-report.json	bare-unresolvable
docs/evidence/s1/134-ac6-contended-no-conclusion.md:81	slo-report.json	bare-unresolvable
docs/evidence/s1/134-ac6-contended-no-conclusion.md:110	slo-report.json	bare-unresolvable
docs/evidence/s1/134-ac6-contended-no-conclusion.md:161	slo-report.json	bare-unresolvable
docs/evidence/s1/134-ac6-contended-no-conclusion.md:166	slo-report.json	bare-unresolvable
docs/evidence/s1/134-ac6-contended-no-conclusion.md:191	go.exe	bare-unresolvable
docs/evidence/s1/134-ac6-contended-no-conclusion.md:197	go.exe	bare-unresolvable
docs/evidence/s1/134-ac6-contended-no-conclusion.md:204	go.exe	bare-unresolvable
docs/evidence/s1/134-ac6-contended-no-conclusion.md:205	slo-report.json	bare-unresolvable
docs/evidence/s1/134-ac6-contended-no-conclusion.md:219	slo-no-conclusion.json	bare-unresolvable
docs/evidence/s1/134-ac6-contended-no-conclusion.md:219	slo-report.json	bare-unresolvable
docs/evidence/s1/134-ac6-contended-no-conclusion.md:224	slo-no-conclusion.json	bare-unresolvable
docs/evidence/s1/134-ac6-contended-no-conclusion.md:224	settle.json	bare-unresolvable
docs/evidence/s1/134-ac6-contended-no-conclusion.md:224	leak.json	bare-unresolvable
docs/evidence/s1/134-ac6-contended-no-conclusion.md:225	slo-report.json	bare-unresolvable
docs/evidence/s1/134-ac6-contended-no-conclusion.md:236	go.exe	bare-unresolvable
docs/evidence/s1/134-ac6-contended-no-conclusion.md:238	go.exe	bare-unresolvable
docs/evidence/s1/134-ac6-contended-no-conclusion.md:249	go.exe	bare-unresolvable
docs/evidence/s1/134-ac6-contended-no-conclusion.md:250	go.exe	bare-unresolvable
docs/evidence/s1/134-ac6-contended-no-conclusion.md:254	go.exe	bare-unresolvable
docs/evidence/s1/134-ac6-contended-no-conclusion.md:262	slo-report.json	bare-unresolvable
docs/evidence/s1/134-ac6-contended-no-conclusion.md:276	slo-report.json	bare-unresolvable
docs/evidence/s1/134-ac6-contended-no-conclusion.md:299	github.sh	bare-unresolvable
docs/evidence/s1/134-ac6-contended-no-conclusion.md:321	slo-report.json	bare-unresolvable
docs/evidence/s1/134-ac6-contended-no-conclusion.md:529	go.exe	bare-unresolvable
docs/evidence/s1/134-ac6-contended-no-conclusion.md:529	gofmt.exe	bare-unresolvable
docs/evidence/s1/134-ac6-contended-no-conclusion.md:529	cgo.exe	bare-unresolvable
docs/evidence/s1/134-ac6-contended-no-conclusion.md:529	compile.exe	bare-unresolvable
docs/evidence/s1/134-ac6-contended-no-conclusion.md:529	asm.exe	bare-unresolvable
docs/evidence/s1/134-ac6-contended-no-conclusion.md:529	link.exe	bare-unresolvable
docs/evidence/s1/134-ac6-contended-no-conclusion.md:554	/src/go.mod	root-ambiguous
docs/evidence/s1/134-ac6-contended-no-conclusion.md:558	/src/mountproof.sh	root-ambiguous
docs/evidence/s1/134-ac6-contended-no-conclusion.md:568	/src/scripts/slo-freshness.sh	root-ambiguous
docs/evidence/s1/134-ac6-contended-no-conclusion.md:571	/src/scripts/slo-freshness.sh	root-ambiguous
docs/evidence/s1/134-ac6-contended-no-conclusion.md:586	/src/scripts/slo-freshness.sh	root-ambiguous
docs/evidence/s1/134-ac6-contended-no-conclusion.md:632	go.exe	bare-unresolvable
docs/evidence/s1/134-ac6-contended-no-conclusion.md:633	link.exe	bare-unresolvable
docs/evidence/s1/134-ac6-contended-no-conclusion.md:634	gcc.exe	bare-unresolvable
docs/evidence/s1/134-ac6-contended-no-conclusion.md:635	cc1.exe	bare-unresolvable
docs/evidence/s1/134-ac6-contended-no-conclusion.md:636	slo-report.json	bare-unresolvable
docs/evidence/s1/134-ac6-contended-no-conclusion.md:638	slo-no-conclusion.json	bare-unresolvable
docs/evidence/s1/134-ac6-contended-no-conclusion.md:638	slo-report.json	bare-unresolvable
docs/evidence/s1/134-ac6-contended-no-conclusion.md:725	MEMORY.md	bare-unresolvable
docs/evidence/s1/134-ac6-contended-no-conclusion.md:726	file.md	bare-unresolvable
docs/evidence/s1/134-ac6-contended-no-conclusion.md:730	up.ts	bare-unresolvable
docs/evidence/s1/134-ac6-contended-no-conclusion.md:730	MEMORY.md	bare-unresolvable
docs/evidence/s1/134-ac6-contended-no-conclusion.md:769	wisp.exe	bare-unresolvable
docs/evidence/s1/134-ac6-contended-no-conclusion.md:786	slo-report.json	bare-unresolvable
docs/evidence/s1/134-ac6-contended-no-conclusion.md:873	mountproof.sh	bare-unresolvable
docs/evidence/s1/134-ac6-contended-no-conclusion.md:873	/src/mountproof.sh	root-ambiguous
docs/evidence/s1/134-ac6-contended-no-conclusion.md:883	ness.sh	bare-unresolvable
docs/evidence/s1/134-ac6-contended-no-conclusion.md:932	MEMORY.md	bare-unresolvable
docs/evidence/s1/134-adversarial-acceptance.md:30	wisp.exe	bare-unresolvable
docs/evidence/s1/134-adversarial-acceptance.md:37	wisp.exe	bare-unresolvable
docs/evidence/s1/134-adversarial-acceptance.md:37	three-states.sh	bare-unresolvable
docs/evidence/s1/134-adversarial-acceptance.md:37	lock-test.ps1	bare-unresolvable
docs/evidence/s1/134-adversarial-acceptance.md:38	run-p3.sh	bare-unresolvable
docs/evidence/s1/134-adversarial-acceptance.md:38	run-p3b.sh	bare-unresolvable
docs/evidence/s1/134-adversarial-acceptance.md:38	scrub_token.py	bare-unresolvable
docs/evidence/s1/134-adversarial-acceptance.md:39	yaml_check.py	bare-unresolvable
docs/evidence/s1/134-adversarial-acceptance.md:39	direction_check.py	bare-unresolvable
docs/evidence/s1/134-adversarial-acceptance.md:39	cite_audit.py	bare-unresolvable
docs/evidence/s1/134-adversarial-acceptance.md:40	slo-report.json	bare-unresolvable
docs/evidence/s1/134-adversarial-acceptance.md:40	inspect_artifacts.py	bare-unresolvable
docs/evidence/s1/134-adversarial-acceptance.md:41	retry-leakpass.sh	bare-unresolvable
docs/evidence/s1/134-adversarial-acceptance.md:42	canary-bad.sh	bare-unresolvable
docs/evidence/s1/134-adversarial-acceptance.md:42	slo-freshness-44ab500.sh	bare-unresolvable
docs/evidence/s1/134-adversarial-acceptance.md:42	slo-freshness-6effb7e.sh	bare-unresolvable
docs/evidence/s1/134-adversarial-acceptance.md:43	proc-probe.ps1	bare-unresolvable
docs/evidence/s1/134-adversarial-acceptance.md:43	parse-check.ps1	bare-unresolvable
docs/evidence/s1/134-adversarial-acceptance.md:43	token-count.ps1	bare-unresolvable
docs/evidence/s1/134-adversarial-acceptance.md:48	scrub_token.py	bare-unresolvable
docs/evidence/s1/134-adversarial-acceptance.md:50	run-p3b.sh	bare-unresolvable
docs/evidence/s1/134-adversarial-acceptance.md:59	wisp.exe	bare-unresolvable
docs/evidence/s1/134-adversarial-acceptance.md:124	go.exe	bare-unresolvable
docs/evidence/s1/134-adversarial-acceptance.md:125	link.exe	bare-unresolvable
docs/evidence/s1/134-adversarial-acceptance.md:126	gcc.exe	bare-unresolvable
docs/evidence/s1/134-adversarial-acceptance.md:127	cc1.exe	bare-unresolvable
docs/evidence/s1/134-adversarial-acceptance.md:128	slo-report.json	bare-unresolvable
docs/evidence/s1/134-adversarial-acceptance.md:148	slo-report.json	bare-unresolvable
docs/evidence/s1/134-adversarial-acceptance.md:154	slo-report.json	bare-unresolvable
docs/evidence/s1/134-adversarial-acceptance.md:177	p1-teeth.sh	bare-unresolvable
docs/evidence/s1/134-adversarial-acceptance.md:178	run-p3b.sh	bare-unresolvable
docs/evidence/s1/134-adversarial-acceptance.md:217	yaml_check.py	bare-unresolvable
docs/evidence/s1/134-adversarial-acceptance.md:240	wisp.exe	bare-unresolvable
docs/evidence/s1/134-adversarial-acceptance.md:241	wisp.exe	bare-unresolvable
docs/evidence/s1/134-adversarial-acceptance.md:242	wisp.exe	bare-unresolvable
docs/evidence/s1/134-adversarial-acceptance.md:245	go.exe	bare-unresolvable
docs/evidence/s1/134-adversarial-acceptance.md:245	link.exe	bare-unresolvable
docs/evidence/s1/134-adversarial-acceptance.md:245	gcc.exe	bare-unresolvable
docs/evidence/s1/134-adversarial-acceptance.md:245	cc1.exe	bare-unresolvable
docs/evidence/s1/134-adversarial-acceptance.md:246	three-states.sh	bare-unresolvable
docs/evidence/s1/134-adversarial-acceptance.md:249	sihost.exe	bare-unresolvable
docs/evidence/s1/134-adversarial-acceptance.md:250	svchost.exe	bare-unresolvable
docs/evidence/s1/134-adversarial-acceptance.md:252	out-E-leakpass.log	bare-unresolvable
docs/evidence/s1/134-adversarial-acceptance.md:255	slo-report.json	bare-unresolvable
docs/evidence/s1/134-adversarial-acceptance.md:258	out-E-fail.log	bare-unresolvable
docs/evidence/s1/134-adversarial-acceptance.md:258	out-E-nofile.log	bare-unresolvable
docs/evidence/s1/134-adversarial-acceptance.md:258	out-E-pass.log	bare-unresolvable
docs/evidence/s1/134-adversarial-acceptance.md:260	slo-no-conclusion.json	bare-unresolvable
docs/evidence/s1/134-adversarial-acceptance.md:261	settle.json	bare-unresolvable
docs/evidence/s1/134-adversarial-acceptance.md:261	slo-report.json	bare-unresolvable
docs/evidence/s1/134-adversarial-acceptance.md:265	direction_check.py	bare-unresolvable
docs/evidence/s1/134-adversarial-acceptance.md:272	go.exe	bare-unresolvable
docs/evidence/s1/134-adversarial-acceptance.md:272	gofmt.exe	bare-unresolvable
docs/evidence/s1/134-adversarial-acceptance.md:364	wisp.exe	bare-unresolvable
docs/evidence/s1/134-adversarial-acceptance.md:394	/src/slo-freshness-6effb7e.sh	root-ambiguous
docs/evidence/s1/134-adversarial-acceptance.md:395	slo-freshness-6effb7e.sh	bare-unresolvable
docs/evidence/s1/134-adversarial-acceptance.md:396	canary-bad.sh	bare-unresolvable
docs/evidence/s1/134-adversarial-acceptance.md:524	slo-report.json	bare-unresolvable
docs/evidence/s1/134-adversarial-acceptance.md:524	state-Sleeping.json	bare-unresolvable
docs/evidence/s1/134-adversarial-acceptance.md:524	slo-no-conclusion.json	bare-unresolvable
docs/evidence/s1/134-adversarial-acceptance.md:527	wisp.exe	bare-unresolvable
docs/evidence/s1/134-adversarial-acceptance.md:532	slo-report.json	bare-unresolvable
docs/evidence/s1/134-adversarial-acceptance.md:539	zzr2_guard_probe_test.go	bare-unresolvable
docs/evidence/s1/134-adversarial-acceptance.md:541	_test.go	bare-unresolvable
docs/evidence/s1/134-adversarial-acceptance.md:600	slo-report.json	bare-unresolvable
docs/evidence/s1/134-adversarial-acceptance.md:632	wisp.exe	bare-unresolvable
docs/evidence/s1/134-adversarial-acceptance.md:634	slo_windows.go	bare-ambiguous
docs/evidence/s1/134-adversarial-acceptance.md:647	slo-no-conclusion.json	bare-unresolvable
docs/evidence/s1/134-adversarial-acceptance.md:673	wisp.exe	bare-unresolvable
docs/evidence/s1/134-adversarial-acceptance.md:702	_test.go	bare-unresolvable
docs/evidence/s1/134-adversarial-acceptance.md:702	zzr2_guard_probe_test.go	bare-unresolvable
docs/evidence/s1/134-adversarial-acceptance.md:727	wisp.exe	bare-unresolvable
docs/evidence/s1/134-adversarial-acceptance.md:735	real-run-R0.log	bare-unresolvable
docs/evidence/s1/134-adversarial-acceptance.md:735	top12.json	bare-unresolvable
docs/evidence/s1/134-adversarial-acceptance.md:735	job-107065251117.log	bare-unresolvable
docs/evidence/s1/134-adversarial-acceptance.md:735	job-107069434922.log	bare-unresolvable
docs/evidence/s1/134-adversarial-acceptance.md:735	job-107084825136.log	bare-unresolvable
docs/evidence/s1/134-adversarial-acceptance.md:735	job-107083592018.log	bare-unresolvable
docs/evidence/s1/134-adversarial-acceptance.md:735	yaml_r2.py	bare-unresolvable
docs/evidence/s1/134-adversarial-acceptance.md:735	FA-ps1.log	bare-unresolvable
docs/evidence/s1/134-adversarial-acceptance.md:735	FA2-ps1.log	bare-unresolvable
docs/evidence/s1/134-adversarial-acceptance.md:735	fd-short.json	bare-unresolvable
docs/evidence/s1/134-adversarial-acceptance.md:735	sec6.md	bare-unresolvable
docs/evidence/s1/134-adversarial-acceptance.md:736	zzr2_guard_probe_test.go	bare-unresolvable
docs/evidence/s1/134-adversarial-acceptance.md:738	canary-bad.sh	bare-unresolvable
docs/evidence/s1/134-adversarial-acceptance.md:738	d22scan-6effb7e.sh	bare-unresolvable
docs/evidence/s1/134-adversarial-acceptance.md:746	MEMORY.md	bare-unresolvable
docs/evidence/s1/134-adversarial-acceptance.md:747	MEMORY.md	bare-unresolvable
docs/evidence/s1/134-adversarial-acceptance.md:751	MEMORY.md	bare-unresolvable
docs/evidence/s1/134-adversarial-acceptance.md:755	go.exe	bare-unresolvable
docs/evidence/s1/135-ac8-mg-impl.md:24	Runner.Worker.exe	bare-unresolvable
docs/evidence/s1/135-ac8-mg-impl.md:24	Runner.Listener.exe	bare-unresolvable
docs/evidence/s1/135-ac8-mg-impl.md:29	/d/tmp/wisp135mg-r2-gate/poll.sh	root-ambiguous
docs/evidence/s1/135-ac8-mg-impl.md:40	Runner.Worker.exe	bare-unresolvable
docs/evidence/s1/135-ac8-mg-impl.md:40	Runner.Listener.exe	bare-unresolvable
docs/evidence/s1/135-ac8-mg-impl.md:41	Runner.Listener.exe	bare-unresolvable
docs/evidence/s1/135-ac8-mg-impl.md:42	Runner.Worker.exe	bare-unresolvable
docs/evidence/s1/135-ac8-mg-impl.md:49	Runner.Worker.exe	bare-unresolvable
docs/evidence/s1/135-ac8-mg-impl.md:49	Runner.Listener.exe	bare-unresolvable
docs/evidence/s1/135-ac8-mg-impl.md:50	Runner.Listener.exe	bare-unresolvable
docs/evidence/s1/135-ac8-mg-impl.md:55	/d/tmp/wisp135mg-r2-gate/gate-rounds.log	root-ambiguous
docs/evidence/s1/135-ac8-mg-impl.md:69	Runner.Listener.exe	bare-unresolvable
docs/evidence/s1/135-ac8-mg-impl.md:69	Runner.Worker.exe	bare-unresolvable
docs/evidence/s1/135-ac8-mg-impl.md:79	Runner.Worker.exe	bare-unresolvable
docs/evidence/s1/135-ac8-mg-impl.md:81	/d/tmp/wisp135mg-r2-out/R2-B1.log	root-ambiguous
docs/evidence/s1/135-ac8-mg-impl.md:86	Runner.Worker.exe	bare-unresolvable
docs/evidence/s1/135-ac8-mg-impl.md:88	poll.sh	bare-unresolvable
docs/evidence/s1/135-ac8-mg-impl.md:88	/d/tmp/wisp135mg-r2-gate/gate-rounds.log	root-ambiguous
docs/evidence/s1/135-ac8-mg-impl.md:111	/d/tmp/wisp135mg-r2-tree/cmd/wisp/leg_dispatch_gate_133_test.go	root-ambiguous
docs/evidence/s1/135-ac8-mg-impl.md:114	/d/tmp/wisp135mg-r2-tree/cmd/wisp/main.go	root-ambiguous
docs/evidence/s1/135-ac8-mg-impl.md:128	/d/tmp/wisp135mg-r2-oldgate.go	root-ambiguous
docs/evidence/s1/135-ac8-mg-impl.md:129	/d/tmp/wisp135mg-r2-oldgate.go	root-ambiguous
docs/evidence/s1/135-ac8-mg-impl.md:180	_linux_test.go	bare-unresolvable
docs/evidence/s1/135-ac8-mg-impl.md:189	_windows_test.go	bare-unresolvable
docs/evidence/s1/135-ac8-mg-impl.md:199	/d/tmp/wisp135mg-r2-run.sh	root-ambiguous
docs/evidence/s1/135-ac8-mg-impl.md:262	/d/tmp/wisp135mg-r2-mutate.py	root-ambiguous
docs/evidence/s1/135-ac8-mg-impl.md:262	/d/tmp/wisp135mg-r2-probe.py	root-ambiguous
docs/evidence/s1/135-ac8-mg-impl.md:263	probe133r2b_linux_test.go	bare-unresolvable
docs/evidence/s1/135-ac8-mg-impl.md:264	probe135mg_linux_test.go	bare-unresolvable
docs/evidence/s1/135-ac8-mg-impl.md:265	sfx135r2leg.go	bare-unresolvable
docs/evidence/s1/135-ac8-mg-impl.md:266	probe135r2m_linux_test.go	bare-unresolvable
docs/evidence/s1/135-ac8-mg-impl.md:285	/d/tmp/wisp135mg-r2-out/batch-b1r.txt	root-ambiguous
docs/evidence/s1/135-ac8-mg-impl.md:289	main.go	bare-ambiguous
docs/evidence/s1/135-ac8-mg-impl.md:290	sfx135r2leg.go	bare-unresolvable
docs/evidence/s1/135-ac8-mg-impl.md:291	main.go	bare-ambiguous
docs/evidence/s1/135-ac8-mg-impl.md:292	probe135r2m_linux_test.go	bare-unresolvable
docs/evidence/s1/135-ac8-mg-impl.md:299	sfx135r2leg.go	bare-unresolvable
docs/evidence/s1/135-ac8-mg-impl.md:300	sfx135r2leg.go	bare-unresolvable
docs/evidence/s1/135-ac8-mg-impl.md:301	/d/tmp/wisp135mg-r2-oldgate.go	root-ambiguous
docs/evidence/s1/135-ac8-mg-impl.md:319	R2-MGn2.log	bare-unresolvable
docs/evidence/s1/135-ac8-mg-impl.md:322	main.go	bare-ambiguous
docs/evidence/s1/135-ac8-mg-impl.md:327	probe135r2m_linux_test.go	bare-unresolvable
docs/evidence/s1/135-ac8-mg-impl.md:353	/d/tmp/wisp135mg-r2-out/R2-MGFo.log	root-ambiguous
docs/evidence/s1/135-ac8-mg-impl.md:357	main.go	bare-ambiguous
docs/evidence/s1/135-ac8-mg-impl.md:358	R2-MGF-n.log	bare-unresolvable
docs/evidence/s1/135-ac8-mg-impl.md:378	/d/tmp/wisp135mg-r2-out/batch-b1.txt	root-ambiguous
docs/evidence/s1/135-ac8-mg-impl.md:378	batch-b1r.txt	bare-unresolvable
docs/evidence/s1/135-ac8-mg-impl.md:378	batch-b2.txt	bare-unresolvable
docs/evidence/s1/135-ac8-mg-impl.md:383	probe135r2m_test.go	bare-unresolvable
docs/evidence/s1/135-ac8-mg-impl.md:409	probe135r2m_linux_test.go	bare-unresolvable
docs/evidence/s1/135-ac8-mg-impl.md:410	sfx135r2leg.go	bare-unresolvable
docs/evidence/s1/135-ac8-mg-impl.md:411	wisp.exe	bare-unresolvable
docs/evidence/s1/135-ac8-mg-impl.md:414	wisp.exe	bare-unresolvable
docs/evidence/s1/135-ac8-mg-impl.md:418	wisp.exe	bare-unresolvable
docs/evidence/s1/135-ac8-mg-impl.md:427	R2-BL1.log	bare-unresolvable
docs/evidence/s1/135-ac8-mg-impl.md:427	R2-RST.log	bare-unresolvable
docs/evidence/s1/135-ac8-mg-impl.md:455	/d/tmp/wisp135mg-r2-gates.sh	root-ambiguous
docs/evidence/s1/135-ac8-mg-impl.md:500	.vet-cross-ledger.txt	bare-unresolvable
docs/evidence/s1/135-ac8-mg-impl.md:522	/d/tmp/wisp135mg-r2-out/d22scan-r2.exe	root-ambiguous
docs/evidence/s1/135-ac8-mg-impl.md:536	gates-post.d22scan.txt	bare-unresolvable
docs/evidence/s1/135-ac8-mg-impl.md:561	/src/go.mod	root-ambiguous
docs/evidence/s1/135-ac8-mg-impl.md:561	/src/cmd/wisp/leg_dispatch_gate_133_test.go	root-ambiguous
docs/evidence/s1/135-ac8-mg-impl.md:582	linux-run.log	bare-unresolvable
docs/evidence/s1/135-ac8-mg-impl.md:582	linux-run2.log	bare-unresolvable
docs/evidence/s1/135-ac8-mg-impl.md:593	_linux_test.go	bare-unresolvable
docs/evidence/s1/135-ac8-mg-impl.md:620	Runner.Worker.exe	bare-unresolvable
docs/evidence/s1/135-ac8-mg-impl.md:623	Runner.Worker.exe	bare-unresolvable
docs/evidence/s1/135-ac8-mg-impl.md:630	wisp135mg-r2-run.sh	bare-unresolvable
docs/evidence/s1/135-ac8-mg-impl.md:634	poll.sh	bare-unresolvable
docs/evidence/s1/135-ac8-mg-impl.md:635	wisp135mg-r2-batch.sh	bare-unresolvable
docs/evidence/s1/135-ac8-mg-impl.md:649	batch-b1.txt	bare-unresolvable
docs/evidence/s1/135-ac8-mg-impl.md:649	batch-b1r.txt	bare-unresolvable
docs/evidence/s1/135-ac8-mg-impl.md:649	batch-b2.txt	bare-unresolvable
docs/evidence/s1/135-ac8-mg-impl.md:649	batch-b3.txt	bare-unresolvable
docs/evidence/s1/135-ac8-mg-impl.md:651	d22scan-r2.exe	bare-unresolvable
docs/evidence/s1/135-ac8-mg-impl.md:651	linux-run.log	bare-unresolvable
docs/evidence/s1/135-ac8-mg-impl.md:651	linux-run2.log	bare-unresolvable
docs/evidence/s1/135-ac8-mg-impl.md:652	poll.sh	bare-unresolvable
docs/evidence/s1/135-ac8-mg-impl.md:652	gate-rounds.log	bare-unresolvable
docs/evidence/s1/135-ac8-mg-impl.md:654	wisp135mg-r2-run.sh	bare-unresolvable
docs/evidence/s1/135-ac8-mg-impl.md:655	wisp135mg-r2-batch.sh	bare-unresolvable
docs/evidence/s1/135-ac8-mg-impl.md:656	wisp135mg-r2-gates.sh	bare-unresolvable
docs/evidence/s1/135-ac8-mg-impl.md:657	wisp135mg-r2-oldgate.go	bare-unresolvable
docs/evidence/s1/135-ac8-mg-impl.md:661	wisp.exe	bare-unresolvable
docs/evidence/s1/135-ac8-mg-impl.md:685	MEMORY.md	bare-unresolvable
docs/evidence/s1/135-ac8-mg-impl.md:686	MEMORY.md	bare-unresolvable
docs/evidence/s1/135-ac8-mg-impl.md:702	g-vet-win.txt	bare-unresolvable
docs/evidence/s1/135-ac8-mg-impl.md:725	Runner.Worker.exe	bare-unresolvable
docs/evidence/s1/135-ac8-r1-acceptance.md:23	Runner.Listener.exe	bare-unresolvable
docs/evidence/s1/135-ac8-r1-acceptance.md:24	Runner.Worker.exe	bare-unresolvable
docs/evidence/s1/135-ac8-r1-acceptance.md:34	Runner.Worker.exe	bare-unresolvable
docs/evidence/s1/135-ac8-r1-acceptance.md:41	Runner.Listener.exe	bare-unresolvable
docs/evidence/s1/135-ac8-r1-acceptance.md:50	Runner.Worker.exe	bare-unresolvable
docs/evidence/s1/135-ac8-r1-acceptance.md:56	Runner.Worker.exe	bare-unresolvable
docs/evidence/s1/135-ac8-r1-acceptance.md:56	Runner.Listener.exe	bare-unresolvable
docs/evidence/s1/135-ac8-r1-acceptance.md:57	Runner.Listener.exe	bare-unresolvable
docs/evidence/s1/135-ac8-r1-acceptance.md:70	/d/tmp/wisp135ac8r1-gate/gate.sh	root-ambiguous
docs/evidence/s1/135-ac8-r1-acceptance.md:71	/d/tmp/wisp135ac8r1-gate/poll.sh	root-ambiguous
docs/evidence/s1/135-ac8-r1-acceptance.md:71	gate-rounds.log	bare-unresolvable
docs/evidence/s1/135-ac8-r1-acceptance.md:73	Runner.Worker.exe	bare-unresolvable
docs/evidence/s1/135-ac8-r1-acceptance.md:73	Runner.Listener.exe	bare-unresolvable
docs/evidence/s1/135-ac8-r1-acceptance.md:80	/d/tmp/wisp135ac8r1-gate/gate-rounds.log	root-ambiguous
docs/evidence/s1/135-ac8-r1-acceptance.md:93	batch-1.log	bare-unresolvable
docs/evidence/s1/135-ac8-r1-acceptance.md:94	batch-2.log	bare-unresolvable
docs/evidence/s1/135-ac8-r1-acceptance.md:95	batch-3.log	bare-unresolvable
docs/evidence/s1/135-ac8-r1-acceptance.md:96	batch-4.log	bare-unresolvable
docs/evidence/s1/135-ac8-r1-acceptance.md:97	batch-5.log	bare-unresolvable
docs/evidence/s1/135-ac8-r1-acceptance.md:98	batch-6.log	bare-unresolvable
docs/evidence/s1/135-ac8-r1-acceptance.md:102	Runner.Listener.exe	bare-unresolvable
docs/evidence/s1/135-ac8-r1-acceptance.md:106	/d/tmp/wisp135ac8r1-gate/gate2.sh	root-ambiguous
docs/evidence/s1/135-ac8-r1-acceptance.md:107	/d/tmp/wisp135ac8r1-gate/batch.sh	root-ambiguous
docs/evidence/s1/135-ac8-r1-acceptance.md:108	/d/tmp/wisp135ac8r1-batchR.sh	root-ambiguous
docs/evidence/s1/135-ac8-r1-acceptance.md:114	batch.sh	bare-unresolvable
docs/evidence/s1/135-ac8-r1-acceptance.md:116	gate-rounds.log	bare-unresolvable
docs/evidence/s1/135-ac8-r1-acceptance.md:152	/d/tmp/wisp135ac8r1-run.sh	root-ambiguous
docs/evidence/s1/135-ac8-r1-acceptance.md:159	/d/tmp/wisp135ac8r1-tree/cmd/wisp/leg_dispatch_gate_133_test.go	root-ambiguous
docs/evidence/s1/135-ac8-r1-acceptance.md:161	repo>/cmd/wisp/leg_dispatch_gate_133_test.go	placeholder
docs/evidence/s1/135-ac8-r1-acceptance.md:167	oldgate.go	bare-unresolvable
docs/evidence/s1/135-ac8-r1-acceptance.md:179	README.md	bare-ambiguous
docs/evidence/s1/135-ac8-r1-acceptance.md:188	/d/tmp/wisp135ac8r1-oldgate.go	root-ambiguous
docs/evidence/s1/135-ac8-r1-acceptance.md:189	/d/tmp/wisp135ac8r1-oldgate.go	root-ambiguous
docs/evidence/s1/135-ac8-r1-acceptance.md:208	probe135ac8tag_test.go	bare-unresolvable
docs/evidence/s1/135-ac8-r1-acceptance.md:224	oldgate.go	bare-unresolvable
docs/evidence/s1/135-ac8-r1-acceptance.md:236	_test.go	bare-unresolvable
docs/evidence/s1/135-ac8-r1-acceptance.md:237	_test.go	bare-unresolvable
docs/evidence/s1/135-ac8-r1-acceptance.md:238	oldgate.go	bare-unresolvable
docs/evidence/s1/135-ac8-r1-acceptance.md:240	_linux_test.go	bare-unresolvable
docs/evidence/s1/135-ac8-r1-acceptance.md:274	_linux_test.go	bare-unresolvable
docs/evidence/s1/135-ac8-r1-acceptance.md:277	_linux_test.go	bare-unresolvable
docs/evidence/s1/135-ac8-r1-acceptance.md:277	_aix_test.go	bare-unresolvable
docs/evidence/s1/135-ac8-r1-acceptance.md:278	/d/tmp/wisp133-r2-run.sh	root-ambiguous
docs/evidence/s1/135-ac8-r1-acceptance.md:286	sfx135r2leg.go	bare-unresolvable
docs/evidence/s1/135-ac8-r1-acceptance.md:286	probe135ac8leg.go	bare-unresolvable
docs/evidence/s1/135-ac8-r1-acceptance.md:287	probe133r2b_linux_test.go	bare-unresolvable
docs/evidence/s1/135-ac8-r1-acceptance.md:287	probe135mg_linux_test.go	bare-unresolvable
docs/evidence/s1/135-ac8-r1-acceptance.md:287	probe135r2m_linux_test.go	bare-unresolvable
docs/evidence/s1/135-ac8-r1-acceptance.md:287	probe135ac8tag_test.go	bare-unresolvable
docs/evidence/s1/135-ac8-r1-acceptance.md:287	probe135ac8_aix_test.go	bare-unresolvable
docs/evidence/s1/135-ac8-r1-acceptance.md:291	/d/tmp/wisp135ac8r1-mutate.py	root-ambiguous
docs/evidence/s1/135-ac8-r1-acceptance.md:291	/d/tmp/wisp135ac8r1-run.sh	root-ambiguous
docs/evidence/s1/135-ac8-r1-acceptance.md:296	R-MGN2.log	bare-unresolvable
docs/evidence/s1/135-ac8-r1-acceptance.md:317	impl54.txt	bare-unresolvable
docs/evidence/s1/135-ac8-r1-acceptance.md:318	impl54.txt	bare-unresolvable
docs/evidence/s1/135-ac8-r1-acceptance.md:319	impl54.txt	bare-unresolvable
docs/evidence/s1/135-ac8-r1-acceptance.md:350	/d/tmp/wisp135ac8r1-oldgate.go	root-ambiguous
docs/evidence/s1/135-ac8-r1-acceptance.md:357	probe135ac8leg.go	bare-unresolvable
docs/evidence/s1/135-ac8-r1-acceptance.md:373	R-MGFO2C.log	bare-unresolvable
docs/evidence/s1/135-ac8-r1-acceptance.md:401	R-MGN2.log	bare-unresolvable
docs/evidence/s1/135-ac8-r1-acceptance.md:404	main.go	bare-ambiguous
docs/evidence/s1/135-ac8-r1-acceptance.md:409	probe135ac8tag_test.go	bare-unresolvable
docs/evidence/s1/135-ac8-r1-acceptance.md:413	R-U2N.log	bare-unresolvable
docs/evidence/s1/135-ac8-r1-acceptance.md:416	main.go	bare-ambiguous
docs/evidence/s1/135-ac8-r1-acceptance.md:450	probe135ac8leg.go	bare-unresolvable
docs/evidence/s1/135-ac8-r1-acceptance.md:487	analyseR.txt	bare-unresolvable
docs/evidence/s1/135-ac8-r1-acceptance.md:495	probe135ac8ok_test.go	bare-unresolvable
docs/evidence/s1/135-ac8-r1-acceptance.md:501	probe135ac8aix_test.go	bare-unresolvable
docs/evidence/s1/135-ac8-r1-acceptance.md:501	name>_<GOOS>_test.go	placeholder
docs/evidence/s1/135-ac8-r1-acceptance.md:501	probe135ac8_aix_test.go	bare-unresolvable
docs/evidence/s1/135-ac8-r1-acceptance.md:559	analyseR.txt	bare-unresolvable
docs/evidence/s1/135-ac8-r1-acceptance.md:562	wisp.exe	bare-unresolvable
docs/evidence/s1/135-ac8-r1-acceptance.md:564	main.go	bare-ambiguous
docs/evidence/s1/135-ac8-r1-acceptance.md:564	probe135ac8leg.go	bare-unresolvable
docs/evidence/s1/135-ac8-r1-acceptance.md:565	main.go	bare-ambiguous
docs/evidence/s1/135-ac8-r1-acceptance.md:565	probe135ac8leg.go	bare-unresolvable
docs/evidence/s1/135-ac8-r1-acceptance.md:567	main.go	bare-ambiguous
docs/evidence/s1/135-ac8-r1-acceptance.md:567	probe135ac8leg.go	bare-unresolvable
docs/evidence/s1/135-ac8-r1-acceptance.md:567	probe135ac8ok_test.go	bare-unresolvable
docs/evidence/s1/135-ac8-r1-acceptance.md:568	main.go	bare-ambiguous
docs/evidence/s1/135-ac8-r1-acceptance.md:568	probe135ac8leg.go	bare-unresolvable
docs/evidence/s1/135-ac8-r1-acceptance.md:568	probe135ac8tag_test.go	bare-unresolvable
docs/evidence/s1/135-ac8-r1-acceptance.md:577	wisp.exe	bare-unresolvable
docs/evidence/s1/135-ac8-r1-acceptance.md:578	R-BLNEW.log	bare-unresolvable
docs/evidence/s1/135-ac8-r1-acceptance.md:578	R-RST.log	bare-unresolvable
docs/evidence/s1/135-ac8-r1-acceptance.md:607	main.go	bare-ambiguous
docs/evidence/s1/135-ac8-r1-acceptance.md:615	analyseR.txt	bare-unresolvable
docs/evidence/s1/135-ac8-r1-acceptance.md:646	R-NH1.log	bare-unresolvable
docs/evidence/s1/135-ac8-r1-acceptance.md:646	R-NH2.log	bare-unresolvable
docs/evidence/s1/135-ac8-r1-acceptance.md:646	batchR.log	bare-unresolvable
docs/evidence/s1/135-ac8-r1-acceptance.md:646	analyseR.txt	bare-unresolvable
docs/evidence/s1/135-ac8-r1-acceptance.md:658	batchR.log	bare-unresolvable
docs/evidence/s1/135-ac8-r1-acceptance.md:658	batchS.log	bare-unresolvable
docs/evidence/s1/135-ac8-r1-acceptance.md:674	Runner.Worker.exe	bare-unresolvable
docs/evidence/s1/135-ac8-r1-acceptance.md:680	batch.sh	bare-unresolvable
docs/evidence/s1/135-ac8-r1-acceptance.md:682	Runner.Listener.exe	bare-unresolvable
docs/evidence/s1/135-ac8-r1-acceptance.md:696	6.log	bare-unresolvable
docs/evidence/s1/135-ac8-r1-acceptance.md:696	batchR.log	bare-unresolvable
docs/evidence/s1/135-ac8-r1-acceptance.md:696	batchS.log	bare-unresolvable
docs/evidence/s1/135-ac8-r1-acceptance.md:696	analyseR.txt	bare-unresolvable
docs/evidence/s1/135-ac8-r1-acceptance.md:697	gate2.sh	bare-unresolvable
docs/evidence/s1/135-ac8-r1-acceptance.md:697	poll.sh	bare-unresolvable
docs/evidence/s1/135-ac8-r1-acceptance.md:697	batch.sh	bare-unresolvable
docs/evidence/s1/135-ac8-r1-acceptance.md:698	gate-rounds.log	bare-unresolvable
docs/evidence/s1/135-ac8-r1-acceptance.md:698	dbg.txt	bare-unresolvable
docs/evidence/s1/135-ac8-r1-acceptance.md:699	wisp135ac8r1-mutate.py	bare-unresolvable
docs/evidence/s1/135-ac8-r1-acceptance.md:700	wisp135ac8r1-batchR.sh	bare-unresolvable
docs/evidence/s1/135-ac8-r1-acceptance.md:701	wisp135ac8r1-oldgate.go	bare-unresolvable
docs/evidence/s1/135-ac8-r1-acceptance.md:702	wisp.exe	bare-unresolvable
docs/evidence/s1/135-ac8-r1-acceptance.md:713	MEMORY.md	bare-unresolvable
docs/evidence/s1/135-ac8-r1-acceptance.md:714	MEMORY.md	bare-unresolvable
docs/evidence/s1/135-ac8-r1-acceptance.md:741	main.go	bare-ambiguous
docs/evidence/s1/135-ac8-r1-acceptance.md:765	/d/tmp/wisp133-r2-run.sh	root-ambiguous
docs/evidence/s1/136-ac1-adversarial-acceptance.md:17	mut.py	bare-unresolvable
docs/evidence/s1/136-ac1-adversarial-acceptance.md:17	battery.sh	bare-unresolvable
docs/evidence/s1/136-ac1-adversarial-acceptance.md:17	whole-repo.sh	bare-unresolvable
docs/evidence/s1/136-ac1-adversarial-acceptance.md:17	tree3-whole.sh	bare-unresolvable
docs/evidence/s1/136-ac1-adversarial-acceptance.md:33	/src/go.mod	root-ambiguous
docs/evidence/s1/136-ac1-adversarial-acceptance.md:34	/src/go.mod	root-ambiguous
docs/evidence/s1/136-ac1-adversarial-acceptance.md:194	/src/go.mod	root-ambiguous
docs/evidence/s1/136-ac1-adversarial-acceptance.md:195	/src/internal/observe/sampler.go	root-ambiguous
docs/evidence/s1/136-ac1-adversarial-acceptance.md:257	_test.go	bare-unresolvable
docs/evidence/s1/136-ac1-adversarial-acceptance.md:311	/d/tmp/wisp136-acc-r1-tree2/internal/observe/zz_acceptor_probe_136r1_test.go	root-ambiguous
docs/evidence/s1/136-ac1-adversarial-acceptance.md:338	slo_windows.go	bare-ambiguous
docs/evidence/s1/136-ac1-adversarial-acceptance.md:353	zz_acceptor_probe_136r1_test.go	bare-unresolvable
docs/evidence/s1/136-ac1-adversarial-acceptance.md:365	MEMORY.md	bare-unresolvable
docs/evidence/s1/136-ac1-adversarial-acceptance.md:365	mut.py	bare-unresolvable
docs/evidence/s1/136-ac1-adversarial-acceptance.md:365	/d/tmp/wisp136-acc-r1-runs/whole-repo.log	root-ambiguous
docs/evidence/s1/136-ac1-zero-sample-nail.md:19	.scratch/wisp/issues/136-...md	ellipsis
docs/evidence/s1/136-ac1-zero-sample-nail.md:31	/d/tmp/wisp136-ac1-mutate.py	root-ambiguous
docs/evidence/s1/136-ac1-zero-sample-nail.md:84	pre-full.txt	bare-unresolvable
docs/evidence/s1/136-ac1-zero-sample-nail.md:84	m1-full.txt	bare-unresolvable
docs/evidence/s1/136-ac1-zero-sample-nail.md:86	pre-full.txt	bare-unresolvable
docs/evidence/s1/136-ac1-zero-sample-nail.md:86	m1-full.txt	bare-unresolvable
docs/evidence/s1/136-ac1-zero-sample-nail.md:87	wisp136-ac1-pre-full.txt	bare-unresolvable
docs/evidence/s1/136-ac1-zero-sample-nail.md:88	wisp136-ac1-m1-full.txt	bare-unresolvable
docs/evidence/s1/136-ac1-zero-sample-nail.md:142	/d/tmp/wisp136-ac1-mutate.py	root-ambiguous
docs/evidence/s1/136-ac1-zero-sample-nail.md:214	/d/tmp/wisp136-ac1-nail-M3-targeted.txt	root-ambiguous
docs/evidence/s1/136-ac1-zero-sample-nail.md:222	/d/tmp/wisp136-ac1-mutate.py	root-ambiguous
docs/evidence/s1/136-ac1-zero-sample-nail.md:276	_test.go	bare-unresolvable
docs/evidence/s1/136-ac1-zero-sample-nail.md:315	_test.go	bare-unresolvable
docs/evidence/s1/136-ac1-zero-sample-nail.md:320	_test.go	bare-unresolvable
docs/evidence/s1/136-ac1-zero-sample-nail.md:333	/src/go.mod	root-ambiguous
docs/evidence/s1/136-ac1-zero-sample-nail.md:334	/src/go.mod	root-ambiguous
docs/evidence/s1/136-ac10-ac14-preflight-r1.md:31	.scratch/wisp/issues/136-...md	ellipsis
docs/evidence/s1/136-ac10-ac14-preflight-r1.md:69	wisp.exe	bare-unresolvable
docs/evidence/s1/136-ac10-ac14-preflight-r1.md:77	go.exe	bare-unresolvable
docs/evidence/s1/136-ac10-ac14-preflight-r1.md:77	gofmt.exe	bare-unresolvable
docs/evidence/s1/136-ac10-ac14-preflight-r1.md:77	cgo.exe	bare-unresolvable
docs/evidence/s1/136-ac10-ac14-preflight-r1.md:77	compile.exe	bare-unresolvable
docs/evidence/s1/136-ac10-ac14-preflight-r1.md:77	asm.exe	bare-unresolvable
docs/evidence/s1/136-ac10-ac14-preflight-r1.md:77	link.exe	bare-unresolvable
docs/evidence/s1/136-ac10-ac14-preflight-r1.md:77	gcc.exe	bare-unresolvable
docs/evidence/s1/136-ac10-ac14-preflight-r1.md:77	wisp.exe	bare-unresolvable
docs/evidence/s1/136-ac10-ac14-preflight-r1.md:77	staticcheck.exe	bare-unresolvable
docs/evidence/s1/136-ac10-ac14-preflight-r1.md:110	.scratch/wisp/issues/136-...md	ellipsis
docs/evidence/s1/136-ac10-ac14-preflight-r1.md:120	_test.go	bare-unresolvable
docs/evidence/s1/136-ac10-ac14-preflight-r1.md:122	go.exe	bare-unresolvable
docs/evidence/s1/136-ac10-ac14-preflight-r1.md:122	compile.exe	bare-unresolvable
docs/evidence/s1/136-ac10-ac14-preflight-r1.md:122	link.exe	bare-unresolvable
docs/evidence/s1/136-ac10-ac14-preflight-r1.md:132	_test.go	bare-unresolvable
docs/evidence/s1/136-ac10-ac14-preflight-r1.md:144	slo_windows.go	bare-ambiguous
docs/evidence/s1/136-ac10-ac14-preflight-r1.md:188	slo_windows.go	bare-ambiguous
docs/evidence/s1/136-ac10-ac14-preflight-r1.md:212	_test.go	bare-unresolvable
docs/evidence/s1/136-ac10-ac14-preflight-r1.md:213	_test.go	bare-unresolvable
docs/evidence/s1/136-ac10-ac14-preflight-r1.md:215	slo_windows.go	bare-ambiguous
docs/evidence/s1/136-ac10-ac14-preflight-r1.md:248	slo_windows.go	bare-ambiguous
docs/evidence/s1/136-ac10-ac14-preflight-r1.md:259	slo_windows.go	bare-ambiguous
docs/evidence/s1/136-ac10-ac14-preflight-r1.md:268	_test.go	bare-unresolvable
docs/evidence/s1/136-ac10-ac14-preflight-r1.md:285	_test.go	bare-unresolvable
docs/evidence/s1/136-ac10-ac14-preflight-r1.md:304	MEMORY.md	bare-unresolvable
docs/evidence/s1/136-ac11-impl.md:12	_test.go	bare-unresolvable
docs/evidence/s1/136-ac11-impl.md:14	gofumpt.exe	bare-unresolvable
docs/evidence/s1/136-ac11-impl.md:22	/d/tmp/wisp136ac11-gate.sh	root-ambiguous
docs/evidence/s1/136-ac11-impl.md:22	/d/tmp/wisp136ac11-gate2.sh	root-ambiguous
docs/evidence/s1/136-ac11-impl.md:25	wisp136ac11-gate-before.txt	bare-unresolvable
docs/evidence/s1/136-ac11-impl.md:30	Runner.Listener.exe	bare-unresolvable
docs/evidence/s1/136-ac11-impl.md:38	Worker_20260924-062600-utc.log	bare-unresolvable
docs/evidence/s1/136-ac11-impl.md:40	wisp136ac11-gate-after.txt	bare-unresolvable
docs/evidence/s1/136-ac11-impl.md:44	go.exe	bare-unresolvable
docs/evidence/s1/136-ac11-impl.md:45	compile.exe	bare-unresolvable
docs/evidence/s1/136-ac11-impl.md:46	Runner.Listener.exe	bare-unresolvable
docs/evidence/s1/136-ac11-impl.md:50	go.exe	bare-unresolvable
docs/evidence/s1/136-ac11-impl.md:50	compile.exe	bare-unresolvable
docs/evidence/s1/136-ac11-impl.md:51	go.exe	bare-unresolvable
docs/evidence/s1/136-ac11-impl.md:51	compile.exe	bare-unresolvable
docs/evidence/s1/136-ac11-impl.md:52	wisp136ac11-gate2-probe.txt	bare-unresolvable
docs/evidence/s1/136-ac11-impl.md:54	wisp136ac11-waitlog-after2.txt	bare-unresolvable
docs/evidence/s1/136-ac11-impl.md:63	wisp136ac11-gate-post.txt	bare-unresolvable
docs/evidence/s1/136-ac11-impl.md:67	wisp136ac11-waitlog-before2.txt	bare-unresolvable
docs/evidence/s1/136-ac11-impl.md:74	wisp136ac11-gate-ci-now.txt	bare-unresolvable
docs/evidence/s1/136-ac11-impl.md:76	Runner.Worker.exe	bare-unresolvable
docs/evidence/s1/136-ac11-impl.md:77	Runner.Worker.exe	bare-unresolvable
docs/evidence/s1/136-ac11-impl.md:82	Worker_20260924-062600-utc.log	bare-unresolvable
docs/evidence/s1/136-ac11-impl.md:86	wisp136ac11-gate2-probe.txt	bare-unresolvable
docs/evidence/s1/136-ac11-impl.md:86	Runner.Worker.exe	bare-unresolvable
docs/evidence/s1/136-ac11-impl.md:86	go.exe	bare-unresolvable
docs/evidence/s1/136-ac11-impl.md:86	compile.exe	bare-unresolvable
docs/evidence/s1/136-ac11-impl.md:86	cgo.exe	bare-unresolvable
docs/evidence/s1/136-ac11-impl.md:93	wisp136ac11-run-batch.sh	bare-unresolvable
docs/evidence/s1/136-ac11-impl.md:93	.v.log	bare-unresolvable
docs/evidence/s1/136-ac11-impl.md:93	wisp136ac11-digest.py	bare-unresolvable
docs/evidence/s1/136-ac11-impl.md:105	15.v.log	bare-unresolvable
docs/evidence/s1/136-ac11-impl.md:106	29.v.log	bare-unresolvable
docs/evidence/s1/136-ac11-impl.md:112	6.v.log	bare-unresolvable
docs/evidence/s1/136-ac11-impl.md:112	14.v.log	bare-unresolvable
docs/evidence/s1/136-ac11-impl.md:117	/d/tmp/wisp136ac11-before-count500.log	root-ambiguous
docs/evidence/s1/136-ac11-impl.md:132	/d/tmp/wisp136ac11-tree-probe/internal/observe/zz_probe136ac11_test.go	root-ambiguous
docs/evidence/s1/136-ac11-impl.md:133	/d/tmp/wisp136ac11-probe-whichkey.log	root-ambiguous
docs/evidence/s1/136-ac11-impl.md:222	/d/tmp/wisp136ac11-after-count500.log	root-ambiguous
docs/evidence/s1/136-ac11-impl.md:232	wisp136ac11-digest.py	bare-unresolvable
docs/evidence/s1/136-ac11-impl.md:246	/d/tmp/wisp136ac11-count2.log	root-ambiguous
docs/evidence/s1/136-ac11-impl.md:247	_test.go	bare-unresolvable
docs/evidence/s1/136-ac11-impl.md:256	wisp136ac11-probe-whichkey.log	bare-unresolvable
docs/evidence/s1/136-ac11-impl.md:259	.v.log	bare-unresolvable
docs/evidence/s1/136-ac11-impl.md:274	_other_test.go	bare-unresolvable
docs/evidence/s1/136-ac11-impl.md:290	index.txt	bare-unresolvable
docs/evidence/s1/136-ac11-impl.md:291	wisp136ac11-smoke.1.v.log	bare-unresolvable
docs/evidence/s1/136-ac11-impl.md:291	wisp136ac11-count2.log	bare-unresolvable
docs/evidence/s1/136-ac11-impl.md:291	wisp136ac11-before-count500.log	bare-unresolvable
docs/evidence/s1/136-ac11-impl.md:291	wisp136ac11-after-count500.log	bare-unresolvable
docs/evidence/s1/136-ac11-impl.md:292	wisp136ac11-probe-whichkey.log	bare-unresolvable
docs/evidence/s1/136-ac11-impl.md:292	wisp136ac11-negctl-orig.go	bare-unresolvable
docs/evidence/s1/136-ac11-impl.md:293	wisp136ac11-gate-before.txt	bare-unresolvable
docs/evidence/s1/136-ac11-impl.md:294	wisp136ac11-gate.sh	bare-unresolvable
docs/evidence/s1/136-ac11-impl.md:295	wisp136ac11-summary-after.txt	bare-unresolvable
docs/evidence/s1/136-ac11-impl.md:305	MEMORY.md	bare-unresolvable
docs/evidence/s1/136-ac11-impl.md:324	.v.log	bare-unresolvable
docs/evidence/s1/136-ac11-impl.md:325	/d/tmp/wisp136ac11-probe-whichkey.log	root-ambiguous
docs/evidence/s1/136-ac11-impl.md:340	/d/tmp/wisp136ac11-run-batch3.sh	root-ambiguous
docs/evidence/s1/136-ac11-orchestrator-readings.md:14	go.exe	bare-unresolvable
docs/evidence/s1/136-ac11-orchestrator-readings.md:19	Runner.Worker.exe	bare-unresolvable
docs/evidence/s1/136-ac11-orchestrator-readings.md:19	Runner.Listener.exe	bare-unresolvable
docs/evidence/s1/136-ac11-orchestrator-readings.md:27	15.v.log	bare-unresolvable
docs/evidence/s1/136-ac11-orchestrator-readings.md:27	29.v.log	bare-unresolvable
docs/evidence/s1/136-ac11-orchestrator-readings.md:40	/d/tmp/wisp136ac11-probe-whichkey.log	root-ambiguous
docs/evidence/s1/136-ac11-orchestrator-readings.md:79	ac11-orch-base.log	bare-unresolvable
docs/evidence/s1/136-ac11-orchestrator-readings.md:79	ac11-orch-after.log	bare-unresolvable
docs/evidence/s1/136-ac11-orchestrator-readings.md:80	/d/tmp/ac11-orch-gate.txt	root-ambiguous
docs/evidence/s1/136-ac11-orchestrator-readings.md:80	/d/tmp/A157-block.md	root-ambiguous
docs/evidence/s1/136-ac11-orchestrator-readings.md:83	MEMORY.md	bare-unresolvable
docs/evidence/s1/136-ac11-r1-acceptance.md:24	.v.log	bare-unresolvable
docs/evidence/s1/136-ac11-r1-acceptance.md:62	_test.go	bare-unresolvable
docs/evidence/s1/136-ac11-r1-acceptance.md:66	gate.txt	bare-ambiguous
docs/evidence/s1/136-ac11-r1-acceptance.md:81	wisp136ac11v-batch.sh	bare-unresolvable
docs/evidence/s1/136-ac11-r1-acceptance.md:82	gate.txt	bare-ambiguous
docs/evidence/s1/136-ac11-r1-acceptance.md:86	.v.log	bare-unresolvable
docs/evidence/s1/136-ac11-r1-acceptance.md:88	/d/tmp/wisp136ac11v-gate-firstattempt-rounds1-3.txt	root-ambiguous
docs/evidence/s1/136-ac11-r1-acceptance.md:105	MEMORY.md	bare-unresolvable
docs/evidence/s1/136-ac11-r1-acceptance.md:131	_test.go	bare-unresolvable
docs/evidence/s1/136-ac11-r1-acceptance.md:134	/d/tmp/wisp136ac11v-batch.sh	root-ambiguous
docs/evidence/s1/136-ac11-r1-acceptance.md:135	NN.v.log	bare-unresolvable
docs/evidence/s1/136-ac11-r1-acceptance.md:135	gate.txt	bare-ambiguous
docs/evidence/s1/136-ac11-r1-acceptance.md:177	09.v.log	bare-unresolvable
docs/evidence/s1/136-ac11-r1-acceptance.md:180	22.v.log	bare-unresolvable
docs/evidence/s1/136-ac11-r1-acceptance.md:192	gate.txt	bare-ambiguous
docs/evidence/s1/136-ac11-r1-acceptance.md:193	gate-post.txt	bare-unresolvable
docs/evidence/s1/136-ac11-r1-acceptance.md:214	_test.go	bare-unresolvable
docs/evidence/s1/136-ac11-r1-acceptance.md:264	gate.txt	bare-ambiguous
docs/evidence/s1/136-ac11-r1-acceptance.md:265	gate-post.txt	bare-unresolvable
docs/evidence/s1/136-ac11-r1-acceptance.md:284	.v.log	bare-unresolvable
docs/evidence/s1/136-ac11-r1-acceptance.md:284	gate.txt	bare-ambiguous
docs/evidence/s1/136-ac11-r1-acceptance.md:338	_test.go	bare-unresolvable
docs/evidence/s1/136-ac11-r1-acceptance.md:343	_test.go	bare-unresolvable
docs/evidence/s1/136-ac11-r1-acceptance.md:368	/d/tmp/wisp136ac11v-assert-before.txt	root-ambiguous
docs/evidence/s1/136-ac11-r1-acceptance.md:368	/d/tmp/wisp136ac11v-assert-after.txt	root-ambiguous
docs/evidence/s1/136-ac11-r1-acceptance.md:476	/d/tmp/wisp136ac11-probe-whichkey.log	root-ambiguous
docs/evidence/s1/136-ac11-r1-acceptance.md:480	/d/tmp/wisp136ac11v-probe-500.log	root-ambiguous
docs/evidence/s1/136-ac11-r1-acceptance.md:500	/d/tmp/wisp136ac11v-probe-500.log	root-ambiguous
docs/evidence/s1/136-ac11-r1-acceptance.md:524	wisp136ac11-probe-whichkey.log	bare-unresolvable
docs/evidence/s1/136-ac11-r1-acceptance.md:599	_test.go	bare-unresolvable
docs/evidence/s1/136-ac11-r1-acceptance.md:635	_other_test.go	bare-unresolvable
docs/evidence/s1/136-ac11-r1-acceptance.md:646	MEMORY.md	bare-unresolvable
docs/evidence/s1/136-ac11-second-witness-readings.md:42	/d/tmp/wisp136ac11b-gate.sh	root-ambiguous
docs/evidence/s1/136-ac11-second-witness-readings.md:42	wisp136ac11-gate.sh	bare-unresolvable
docs/evidence/s1/136-ac11-second-witness-readings.md:48	Runner.Worker.exe	bare-unresolvable
docs/evidence/s1/136-ac11-second-witness-readings.md:48	go.exe	bare-unresolvable
docs/evidence/s1/136-ac11-second-witness-readings.md:48	compile.exe	bare-unresolvable
docs/evidence/s1/136-ac11-second-witness-readings.md:48	cgo.exe	bare-unresolvable
docs/evidence/s1/136-ac11-second-witness-readings.md:49	Runner.Worker.exe	bare-unresolvable
docs/evidence/s1/136-ac11-second-witness-readings.md:50	go.exe	bare-unresolvable
docs/evidence/s1/136-ac11-second-witness-readings.md:51	compile.exe	bare-unresolvable
docs/evidence/s1/136-ac11-second-witness-readings.md:52	cgo.exe	bare-unresolvable
docs/evidence/s1/136-ac11-second-witness-readings.md:56	Runner.Listener.exe	bare-unresolvable
docs/evidence/s1/136-ac11-second-witness-readings.md:69	Worker_20260924-040204-utc.log	bare-unresolvable
docs/evidence/s1/136-ac11-second-witness-readings.md:76	Worker_20260924-062600-utc.log	bare-unresolvable
docs/evidence/s1/136-ac11-second-witness-readings.md:78	Runner.Worker.exe	bare-unresolvable
docs/evidence/s1/136-ac11-second-witness-readings.md:84	ac11-orch-after.log	bare-unresolvable
docs/evidence/s1/136-ac11-second-witness-readings.md:85	go.exe	bare-unresolvable
docs/evidence/s1/136-ac11-second-witness-readings.md:91	go.exe	bare-unresolvable
docs/evidence/s1/136-ac11-second-witness-readings.md:92	go.exe	bare-unresolvable
docs/evidence/s1/136-ac11-second-witness-readings.md:93	go.exe	bare-unresolvable
docs/evidence/s1/136-ac11-second-witness-readings.md:94	go.exe	bare-unresolvable
docs/evidence/s1/136-ac11-second-witness-readings.md:95	go.exe	bare-unresolvable
docs/evidence/s1/136-ac11-second-witness-readings.md:96	go.exe	bare-unresolvable
docs/evidence/s1/136-ac11-second-witness-readings.md:107	/d/tmp/wisp136ac11b-run-batch.sh	root-ambiguous
docs/evidence/s1/136-ac11-second-witness-readings.md:107	/d/tmp/wisp136ac11b-batch-before/<n>.v.log	root-ambiguous
docs/evidence/s1/136-ac11-second-witness-readings.md:118	/d/tmp/wisp136ac11b-summarize.py	root-ambiguous
docs/evidence/s1/136-ac11-second-witness-readings.md:118	/d/tmp/wisp136ac11b-b1-roster.txt	root-ambiguous
docs/evidence/s1/136-ac11-second-witness-readings.md:118	.v.log	bare-unresolvable
docs/evidence/s1/136-ac11-second-witness-readings.md:136	.v.log	bare-unresolvable
docs/evidence/s1/136-ac11-second-witness-readings.md:136	index.txt	bare-unresolvable
docs/evidence/s1/136-ac11-second-witness-readings.md:141	15.v.log	bare-unresolvable
docs/evidence/s1/136-ac11-second-witness-readings.md:141	29.v.log	bare-unresolvable
docs/evidence/s1/136-ac11-second-witness-readings.md:142	27.v.log	bare-unresolvable
docs/evidence/s1/136-ac11-second-witness-readings.md:142	29.v.log	bare-unresolvable
docs/evidence/s1/136-ac11-second-witness-readings.md:151	25.v.log	bare-unresolvable
docs/evidence/s1/136-ac11-second-witness-readings.md:168	/d/tmp/wisp136ac11b-probe-copy_test.go	root-ambiguous
docs/evidence/s1/136-ac11-second-witness-readings.md:172	/d/tmp/wisp136ac11b-probe-whichkey.log	root-ambiguous
docs/evidence/s1/136-ac11-second-witness-readings.md:201	/d/tmp/wisp136ac11-probe-whichkey.log	root-ambiguous
docs/evidence/s1/136-ac11-second-witness-readings.md:248	/d/work/base/gopath/bin/gofumpt.exe	root-ambiguous
docs/evidence/s1/136-ac11-second-witness-readings.md:251	/d/tmp/wisp136ac11b-count2-after.log	root-ambiguous
docs/evidence/s1/136-ac11-second-witness-readings.md:254	zz_probe136ac11b_test.go	bare-unresolvable
docs/evidence/s1/136-ac11-second-witness-readings.md:269	/d/tmp/wisp136ac11b-foreign-gitstatus-1.txt	root-ambiguous
docs/evidence/s1/136-ac11-second-witness-readings.md:270	/d/tmp/wisp136ac11b-foreign-md5-1.txt	root-ambiguous
docs/evidence/s1/136-ac11-second-witness-readings.md:282	25.v.log	bare-unresolvable
docs/evidence/s1/136-ac11-second-witness-readings.md:303	Runner.Worker.exe	bare-unresolvable
docs/evidence/s1/136-ac11-second-witness-readings.md:317	MEMORY.md	bare-unresolvable
docs/evidence/s1/136-ac11-second-witness-readings.md:318	/d/tmp/A157-block.md	root-ambiguous
docs/evidence/s1/136-ac11-second-witness-readings.md:347	run-batch.sh	bare-unresolvable
docs/evidence/s1/136-ac11-second-witness-readings.md:347	summarize.py	bare-unresolvable
docs/evidence/s1/136-ac11-second-witness-readings.md:349	b0discarded-roster.txt	bare-unresolvable
docs/evidence/s1/136-ac11-second-witness-readings.md:349	b1-roster.txt	bare-unresolvable
docs/evidence/s1/136-ac11-second-witness-readings.md:349	a1-roster.txt	bare-unresolvable
docs/evidence/s1/136-ac11-second-witness-readings.md:350	b1-names.txt	bare-unresolvable
docs/evidence/s1/136-ac11-second-witness-readings.md:350	a1-names.txt	bare-unresolvable
docs/evidence/s1/136-ac11-second-witness-readings.md:350	r1-names.txt	bare-unresolvable
docs/evidence/s1/136-ac11-second-witness-readings.md:350	gate-poll1.txt	bare-unresolvable
docs/evidence/s1/136-ac11-second-witness-readings.md:350	gate-postbatches.txt	bare-unresolvable
docs/evidence/s1/136-ac11-second-witness-readings.md:351	probe-copy_test.go	bare-unresolvable
docs/evidence/s1/136-ac11-second-witness-readings.md:351	probe-whichkey.log	bare-unresolvable
docs/evidence/s1/136-ac11-second-witness-readings.md:351	count2-after.log	bare-unresolvable
docs/evidence/s1/136-ac11-second-witness-readings.md:352	foreign-gitstatus-1.txt	bare-unresolvable
docs/evidence/s1/136-ac11-second-witness-readings.md:352	foreign-md5-1.txt	bare-unresolvable
docs/evidence/s1/136-ac12-ac13-impl.md:21	/d/work/base/gopath/bin/gofumpt.exe	root-ambiguous
docs/evidence/s1/136-ac12-ac13-impl.md:31	/d/tmp/wisp136ac1213-tree0-baseline-v.txt	root-ambiguous
docs/evidence/s1/136-ac12-ac13-impl.md:47	/d/tmp/wisp136ac1213-tree0-probe-v.txt	root-ambiguous
docs/evidence/s1/136-ac12-ac13-impl.md:108	/d/tmp/wisp136ac1213-tree1-probe-v.txt	root-ambiguous
docs/evidence/s1/136-ac12-ac13-impl.md:120	_test.go	bare-unresolvable
docs/evidence/s1/136-ac12-ac13-impl.md:124	_test.go	bare-unresolvable
docs/evidence/s1/136-ac12-ac13-impl.md:145	/d/tmp/wisp136ac1213-ac12probe_test.go	root-ambiguous
docs/evidence/s1/136-ac12-ac13-impl.md:217	/d/tmp/wisp136ac1213-mut.py	root-ambiguous
docs/evidence/s1/136-ac12-ac13-impl.md:241	/d/tmp/wisp136ac1213-cmdwisp.test.exe	root-ambiguous
docs/evidence/s1/136-ac12-ac13-impl.md:245	/d/tmp/wisp136ac1213-tree2-MD-v.txt	root-ambiguous
docs/evidence/s1/136-ac12-ac13-impl.md:262	_test.go	bare-unresolvable
docs/evidence/s1/136-ac12-ac13-impl.md:265	_test.go	bare-unresolvable
docs/evidence/s1/136-ac12-ac13-impl.md:275	/d/work/base/gopath/bin/gofumpt.exe	root-ambiguous
docs/evidence/s1/136-ac12-ac13-impl.md:289	_test.go	bare-unresolvable
docs/evidence/s1/136-ac12-ac13-impl.md:299	_test.go	bare-unresolvable
docs/evidence/s1/136-ac12-ac13-impl.md:316	/d/tmp/wisp136ac1213-d22-tree1.txt	root-ambiguous
docs/evidence/s1/136-ac12-ac13-impl.md:318	/d/tmp/wisp136ac1213-ac12probe_test.go	root-ambiguous
docs/evidence/s1/136-ac12-ac13-impl.md:318	/d/tmp/wisp136ac1213-mut.py	root-ambiguous
docs/evidence/s1/136-ac12-ac13-impl.md:342	/d/tmp/wisp136ac1213-final-worktree-v.txt	root-ambiguous
docs/evidence/s1/136-ac12-ac13-impl.md:344	_test.go	bare-unresolvable
docs/evidence/s1/136-ac12-ac13-impl.md:360	MEMORY.md	bare-unresolvable
docs/evidence/s1/136-ac12-ac13-r1-acceptance.md:19	/d/tmp/wisp136r1-acceptor-driver.py	root-ambiguous
docs/evidence/s1/136-ac12-ac13-r1-acceptance.md:20	/d/tmp/wisp136r1-probe-src/zz_acceptor_r1_probe_136_test.go	root-ambiguous
docs/evidence/s1/136-ac12-ac13-r1-acceptance.md:21	/d/tmp/wisp136r1-tree-baseline-v.txt	root-ambiguous
docs/evidence/s1/136-ac12-ac13-r1-acceptance.md:22	/d/tmp/wisp136r1-baseline-names.txt	root-ambiguous
docs/evidence/s1/136-ac12-ac13-r1-acceptance.md:41	/d/tmp/wisp136r1-pre-probe-v.txt	root-ambiguous
docs/evidence/s1/136-ac12-ac13-r1-acceptance.md:54	/d/tmp/wisp136r1-pre-swallowed.txt	root-ambiguous
docs/evidence/s1/136-ac12-ac13-r1-acceptance.md:69	_test.go	bare-unresolvable
docs/evidence/s1/136-ac12-ac13-r1-acceptance.md:70	_test.go	bare-unresolvable
docs/evidence/s1/136-ac12-ac13-r1-acceptance.md:78	wisp136r1-baseline-names.txt	bare-unresolvable
docs/evidence/s1/136-ac12-ac13-r1-acceptance.md:82	/d/tmp/wisp136r1-tree-probe-v.txt	root-ambiguous
docs/evidence/s1/136-ac12-ac13-r1-acceptance.md:94	/d/tmp/wisp136r1-MA-swallowed.txt	root-ambiguous
docs/evidence/s1/136-ac12-ac13-r1-acceptance.md:128	aaa_acceptor_r1_wire_probe_136_test.go	bare-unresolvable
docs/evidence/s1/136-ac12-ac13-r1-acceptance.md:147	/d/tmp/wisp136r1-tree-MC-v.txt	root-ambiguous
docs/evidence/s1/136-ac12-ac13-r1-acceptance.md:231	wisp136r1-acceptor-driver.py	bare-unresolvable
docs/evidence/s1/136-ac12-ac13-r1-acceptance.md:231	wisp136r1-compose.py	bare-unresolvable
docs/evidence/s1/136-ac12-ac13-r1-acceptance.md:232	wisp136r1-tree-baseline-v.txt	bare-unresolvable
docs/evidence/s1/136-ac12-ac13-r1-acceptance.md:232	wisp136r1-pre-baseline-v.txt	bare-unresolvable
docs/evidence/s1/136-ac12-ac13-r1-acceptance.md:232	wisp136r1-pre-probe-v.txt	bare-unresolvable
docs/evidence/s1/136-ac12-ac13-r1-acceptance.md:232	wisp136r1-tree-probe-v.txt	bare-unresolvable
docs/evidence/s1/136-ac12-ac13-r1-acceptance.md:232	wisp136r1-tree-restored-v.txt	bare-unresolvable
docs/evidence/s1/136-ac12-ac13-r1-acceptance.md:232	wisp136r1-tree-restored2-v.txt	bare-unresolvable
docs/evidence/s1/136-ac12-ac13-r1-acceptance.md:232	wisp136r1-tree-MA-v.txt	bare-unresolvable
docs/evidence/s1/136-ac12-ac13-r1-acceptance.md:232	wisp136r1-tree-AB-v.txt	bare-unresolvable
docs/evidence/s1/136-ac12-ac13-r1-acceptance.md:232	wisp136r1-tree-MD-v.txt	bare-unresolvable
docs/evidence/s1/136-ac12-ac13-r1-acceptance.md:232	wisp136r1-tree-ME-v.txt	bare-unresolvable
docs/evidence/s1/136-ac12-ac13-r1-acceptance.md:232	wisp136r1-tree-MF-v.txt	bare-unresolvable
docs/evidence/s1/136-ac12-ac13-r1-acceptance.md:232	wisp136r1-tree-MC-v.txt	bare-unresolvable
docs/evidence/s1/136-ac12-ac13-r1-acceptance.md:233	swallowed.txt	bare-unresolvable
docs/evidence/s1/136-ac12-ac13-r1-acceptance.md:233	wisp136r1-myshas.txt	bare-unresolvable
docs/evidence/s1/136-ac12-ac13-r1-acceptance.md:233	wisp136r1-baseline-names.txt	bare-unresolvable
docs/evidence/s1/136-ac12-ac13-r1-acceptance.md:234	wisp136r1-anchor-sampler.go	bare-unresolvable
docs/evidence/s1/136-ac12-ac13-r1-acceptance.md:234	wisp136r1-cmdwisp.test.exe	bare-unresolvable
docs/evidence/s1/136-ac12-ac13-r1-acceptance.md:234	wisp136r1-sec01-tmp.md	bare-unresolvable
docs/evidence/s1/136-ac12-ac13-r1-acceptance.md:234	wisp136r1-sec2-tmp.md	bare-unresolvable
docs/evidence/s1/136-ac12-ac13-r1-acceptance.md:256	MEMORY.md	bare-unresolvable
docs/evidence/s1/136-ac14-impl.md:3	.scratch/wisp/issues/136-...md	ellipsis
docs/evidence/s1/136-ac14-impl.md:38	base-v-1.txt	bare-unresolvable
docs/evidence/s1/136-ac14-impl.md:38	base-v-2.txt	bare-unresolvable
docs/evidence/s1/136-ac14-impl.md:47	d22-base.txt	bare-unresolvable
docs/evidence/s1/136-ac14-impl.md:50	_test.go	bare-unresolvable
docs/evidence/s1/136-ac14-impl.md:64	link.exe	bare-unresolvable
docs/evidence/s1/136-ac14-impl.md:64	g++.exe	bare-unresolvable
docs/evidence/s1/136-ac14-impl.md:64	cc1.exe	bare-unresolvable
docs/evidence/s1/136-ac14-impl.md:64	cc1plus.exe	bare-unresolvable
docs/evidence/s1/136-ac14-impl.md:64	as.exe	bare-unresolvable
docs/evidence/s1/136-ac14-impl.md:64	ld.exe	bare-unresolvable
docs/evidence/s1/136-ac14-impl.md:64	wisp-cli.exe	bare-unresolvable
docs/evidence/s1/136-ac14-impl.md:70	wisp.exe	bare-unresolvable
docs/evidence/s1/136-ac14-impl.md:73	wisp.exe	bare-unresolvable
docs/evidence/s1/136-ac14-impl.md:74	readings.ps1	bare-unresolvable
docs/evidence/s1/136-ac14-impl.md:207	_test.go	bare-unresolvable
docs/evidence/s1/136-ac14-impl.md:208	_test.go	bare-unresolvable
docs/evidence/s1/136-ac14-impl.md:211	_test.go	bare-unresolvable
docs/evidence/s1/136-ac14-impl.md:214	_test.go	bare-unresolvable
docs/evidence/s1/136-ac14-impl.md:215	slo_windows.go	bare-ambiguous
docs/evidence/s1/136-ac14-impl.md:234	_test.go	bare-unresolvable
docs/evidence/s1/136-ac14-impl.md:249	_test.go	bare-unresolvable
docs/evidence/s1/136-ac14-impl.md:258	slo_windows.go	bare-ambiguous
docs/evidence/s1/136-ac14-impl.md:267	.scratch/wisp/issues/136-...md	ellipsis
docs/evidence/s1/136-ac14-r1-acceptance.md:4	.scratch/wisp/issues/136-...md	ellipsis
docs/evidence/s1/136-ac14-r1-acceptance.md:16	136-...md	ellipsis
docs/evidence/s1/136-ac14-r1-acceptance.md:69	head-v-1.txt	bare-unresolvable
docs/evidence/s1/136-ac14-r1-acceptance.md:69	head-v-2.txt	bare-unresolvable
docs/evidence/s1/136-ac14-r1-acceptance.md:69	pre-v-1.txt	bare-unresolvable
docs/evidence/s1/136-ac14-r1-acceptance.md:210	coverage_136_test.go	bare-unresolvable
docs/evidence/s1/136-ac14-r1-acceptance.md:210	gate_136_test.go	bare-unresolvable
docs/evidence/s1/136-ac14-r1-acceptance.md:277	_test.go	bare-unresolvable
docs/evidence/s1/136-ac14-r1-acceptance.md:330	_test.go	bare-unresolvable
docs/evidence/s1/136-ac14b-impl.md:4	.scratch/wisp/issues/136-...md	ellipsis
docs/evidence/s1/136-ac14b-impl.md:29	base-v.txt	bare-unresolvable
docs/evidence/s1/136-ac14b-impl.md:112	post-v.txt	bare-unresolvable
docs/evidence/s1/136-ac14b-impl.md:141	fliponly-v.txt	bare-unresolvable
docs/evidence/s1/136-ac14b-impl.md:169	m1-v.txt	bare-unresolvable
docs/evidence/s1/136-ac14b-impl.md:176	wisp.exe	bare-unresolvable
docs/evidence/s1/136-ac14b-impl.md:179	wisp.exe	bare-unresolvable
docs/evidence/s1/136-ac14b-impl.md:182	wisp.exe	bare-unresolvable
docs/evidence/s1/136-ac14b-impl.md:185	slo-shots.ps1	bare-unresolvable
docs/evidence/s1/136-ac14b-impl.md:187	wisp.exe	bare-unresolvable
docs/evidence/s1/136-ac14b-impl.md:213	settle-1..6.json	bare-unresolvable
docs/evidence/s1/136-ac14b-impl.md:222	gofumpt.exe	bare-unresolvable
docs/evidence/s1/136-ac14b-r2-acceptance.md:101	test-head.txt	bare-unresolvable
docs/evidence/s1/136-ac14b-r2-acceptance.md:185	coverage_136_test.go	bare-unresolvable
docs/evidence/s1/136-ac14b-r2-acceptance.md:246	wisp.exe	bare-unresolvable
docs/evidence/s1/136-ac14b-r2-acceptance.md:250	shots.sh	bare-unresolvable
docs/evidence/s1/136-ac14b-r2-acceptance.md:250	shots.txt	bare-unresolvable
docs/evidence/s1/136-ac14b-r2-acceptance.md:255	wisp.exe	bare-unresolvable
docs/evidence/s1/136-ac14b-r2-acceptance.md:323	_gate_136_test.go	bare-unresolvable
docs/evidence/s1/136-ac15-denominator-census-r1.md:38	base_observe.txt	bare-unresolvable
docs/evidence/s1/136-ac15-denominator-census-r1.md:39	base_cmd.txt	bare-unresolvable
docs/evidence/s1/136-ac15-denominator-census-r1.md:40	full_observe.txt	bare-unresolvable
docs/evidence/s1/136-ac15-denominator-census-r1.md:40	wisp136-ac1-m1-observe-test.txt	bare-unresolvable
docs/evidence/s1/136-ac15-denominator-census-r1.md:55	/d/tmp/wisp136ac11v-batch.sh	root-ambiguous
docs/evidence/s1/136-ac15-denominator-census-r1.md:75	ac11-orch-base.log	bare-unresolvable
docs/evidence/s1/136-ac15-denominator-census-r1.md:76	ac11-orch-after.log	bare-unresolvable
docs/evidence/s1/136-ac15-denominator-census-r1.md:80	index.txt	bare-unresolvable
docs/evidence/s1/136-ac15-denominator-census-r1.md:80	gate.txt	bare-ambiguous
docs/evidence/s1/136-ac15-denominator-census-r1.md:80	gate-post.txt	bare-unresolvable
docs/evidence/s1/136-ac15-denominator-census-r1.md:84	/d/tmp/ac11-orch-base.log	root-ambiguous
docs/evidence/s1/136-ac15-denominator-census-r1.md:94	25.v.log	bare-unresolvable
docs/evidence/s1/136-ac15-denominator-census-r1.md:109	wisp136ac11-before-count500.log	bare-unresolvable
docs/evidence/s1/136-ac15-denominator-census-r1.md:110	wisp136ac11-after-count500.log	bare-unresolvable
docs/evidence/s1/136-ac15-denominator-census-r1.md:111	wisp136ac11-count2.log	bare-unresolvable
docs/evidence/s1/136-ac15-denominator-census-r1.md:112	wisp136ac11-count2.log	bare-unresolvable
docs/evidence/s1/136-ac15-denominator-census-r1.md:113	wisp136ac11b-count2-after.log	bare-unresolvable
docs/evidence/s1/136-ac15-denominator-census-r1.md:114	wisp136ac11v-probe-500.log	bare-unresolvable
docs/evidence/s1/136-ac15-denominator-census-r1.md:136	25.v.log	bare-unresolvable
docs/evidence/s1/136-ac15-denominator-census-r1.md:144	ac11-orch-base.log	bare-unresolvable
docs/evidence/s1/136-ac15-denominator-census-r1.md:145	ac11-orch-after.log	bare-unresolvable
docs/evidence/s1/136-ac15-denominator-census-r1.md:148	/d/tmp/wisp136ac11-batch-before/25.v.log	root-ambiguous
docs/evidence/s1/136-ac15-denominator-census-r1.md:213	ac11-orch-base.log	bare-unresolvable
docs/evidence/s1/136-ac15-denominator-census-r1.md:213	ac11-orch-after.log	bare-unresolvable
docs/evidence/s1/136-ac15-denominator-census-r1.md:279	.v.log	bare-unresolvable
docs/evidence/s1/136-ac15-denominator-census-r1.md:281	/d/tmp/wisp136ac11b-run-batch.sh	root-ambiguous
docs/evidence/s1/136-ac15-denominator-census-r1.md:285	i.v.log	bare-unresolvable
docs/evidence/s1/136-ac15-denominator-census-r1.md:294	/d/tmp/wisp136ac11v-batch.sh	root-ambiguous
docs/evidence/s1/136-ac15-denominator-census-r1.md:304	gate.txt	bare-ambiguous
docs/evidence/s1/136-ac15-denominator-census-r1.md:304	_test.go	bare-unresolvable
docs/evidence/s1/136-ac15-denominator-census-r1.md:306	gate-post.txt	bare-unresolvable
docs/evidence/s1/136-ac15-denominator-census-r1.md:315	_test.go	bare-unresolvable
docs/evidence/s1/136-ac15-denominator-census-r1.md:332	wisp136ac11-before-count500.log	bare-unresolvable
docs/evidence/s1/136-ac15-denominator-census-r1.md:344	/d/tmp/wisp136ac11-summarize.py	root-ambiguous
docs/evidence/s1/136-ac15-denominator-census-r1.md:344	/d/tmp/wisp136ac11b-summarize.py	root-ambiguous
docs/evidence/s1/136-ac15-denominator-census-r1.md:350	_test.go	bare-unresolvable
docs/evidence/s1/136-ac15-denominator-census-r1.md:354	prefix>-<label>-roster.txt	placeholder
docs/evidence/s1/136-ac15-denominator-census-r1.md:355	/d/tmp/wisp136ac11b-b1-names.txt	root-ambiguous
docs/evidence/s1/136-ac15-denominator-census-r1.md:372	_test.go	bare-unresolvable
docs/evidence/s1/136-ac15-denominator-census-r1.md:378	/d/tmp/ac14b-r2-136/test-head.txt	root-ambiguous
docs/evidence/s1/136-ac15-denominator-census-r1.md:410	_test.go	bare-unresolvable
docs/evidence/s1/136-ac15-denominator-census-r1.md:411	test-head.txt	bare-unresolvable
docs/evidence/s1/136-ac15-denominator-census-r1.md:413	wisp136ac11b-b1-names.txt	bare-unresolvable
docs/evidence/s1/136-ac15-denominator-census-r1.md:429	/d/tmp/wisp136ac15denom-r1-scan-failnames.txt	root-ambiguous
docs/evidence/s1/136-ac15-denominator-census-r1.md:431	wisp136ac1213-tree2-MD-v.txt	bare-unresolvable
docs/evidence/s1/136-ac15-denominator-census-r1.md:432	M2.log	bare-unresolvable
docs/evidence/s1/136-ac15-denominator-census-r1.md:433	mut-M2.txt	bare-ambiguous
docs/evidence/s1/136-ac15-denominator-census-r1.md:434	mut-M3a-t.txt	bare-unresolvable
docs/evidence/s1/136-ac15-denominator-census-r1.md:434	mut-M4.txt	bare-ambiguous
docs/evidence/s1/136-ac15-denominator-census-r1.md:434	wisp136r1-tree-MD-v.txt	bare-unresolvable
docs/evidence/s1/136-ac15-denominator-census-r1.md:434	wisp136r1-tree-MF-v.txt	bare-unresolvable
docs/evidence/s1/136-ac15-denominator-census-r1.md:441	25.v.log	bare-unresolvable
docs/evidence/s1/136-ac15-denominator-census-r1.md:441	/d/tmp/wisp136ac15denom-r1-scan-sentence.txt	root-ambiguous
docs/evidence/s1/136-ac15-denominator-census-r1.md:458	/d/tmp/wisp136ac15-batch.sh	root-ambiguous
docs/evidence/s1/136-ac15-denominator-census-r1.md:464	i.v.log	bare-unresolvable
docs/evidence/s1/136-ac15-denominator-census-r1.md:474	/d/tmp/wisp136ac15-B-target.log	root-ambiguous
docs/evidence/s1/136-ac15-denominator-census-r1.md:539	index.txt	bare-unresolvable
docs/evidence/s1/136-ac15-denominator-census-r1.md:591	wisp136ac11b-b1-names.txt	bare-unresolvable
docs/evidence/s1/136-ac15-denominator-census-r1.md:591	run.txt	bare-unresolvable
docs/evidence/s1/136-ac15-denominator-census-r1.md:591	reported.txt	bare-unresolvable
docs/evidence/s1/136-ac15-denominator-census-r1.md:592	run.txt	bare-unresolvable
docs/evidence/s1/136-ac15-denominator-census-r1.md:592	golden.txt	bare-unresolvable
docs/evidence/s1/136-ac15-denominator-census-r1.md:621	i.v.log	bare-unresolvable
docs/evidence/s1/136-ac15-denominator-census-r1.md:631	/d/tmp/wisp136ac15-batch.sh	root-ambiguous
docs/evidence/s1/136-ac15-denominator-census-r1.md:632	.v.log	bare-unresolvable
docs/evidence/s1/136-ac15-denominator-census-r1.md:632	index.txt	bare-unresolvable
docs/evidence/s1/136-ac15-denominator-census-r1.md:635	.v.log	bare-unresolvable
docs/evidence/s1/136-ac15-denominator-census-r1.md:636	_test.go	bare-unresolvable
docs/evidence/s1/136-ac15-denominator-census-r1.md:639	_test.go	bare-unresolvable
docs/evidence/s1/136-ac15-denominator-census-r1.md:650	/d/tmp/wisp136ac15denom-r1-scan-failnames.txt	root-ambiguous
docs/evidence/s1/136-ac15-denominator-census-r1.md:651	/d/tmp/wisp136ac15denom-r1-scan-sentence.txt	root-ambiguous
docs/evidence/s1/136-ac15-denominator-census-r1.md:668	MEMORY.md	bare-unresolvable
docs/evidence/s1/136-ac15-denominator-census-r1.md:669	agents.md	bare-unresolvable
docs/evidence/s1/136-ac15-rate-r1.md:28	/d/tmp/wisp136ac15m-pin.txt	root-ambiguous
docs/evidence/s1/136-ac15-rate-r1.md:31	/d/tmp/wisp136ac15m-tree-md5.txt	root-ambiguous
docs/evidence/s1/136-ac15-rate-r1.md:73	.v.log	bare-unresolvable
docs/evidence/s1/136-ac15-rate-r1.md:83	/d/tmp/wisp136ac15m-batch.sh	root-ambiguous
docs/evidence/s1/136-ac15-rate-r1.md:83	/d/tmp/wisp136ac11v-batch.sh	root-ambiguous
docs/evidence/s1/136-ac15-rate-r1.md:83	gate.txt	bare-ambiguous
docs/evidence/s1/136-ac15-rate-r1.md:83	gate-post.txt	bare-unresolvable
docs/evidence/s1/136-ac15-rate-r1.md:83	index.txt	bare-unresolvable
docs/evidence/s1/136-ac15-rate-r1.md:84	/d/tmp/wisp136ac15m-summarize.py	root-ambiguous
docs/evidence/s1/136-ac15-rate-r1.md:84	/d/tmp/wisp136ac11-summarize.py	root-ambiguous
docs/evidence/s1/136-ac15-rate-r1.md:107	gate.txt	bare-ambiguous
docs/evidence/s1/136-ac15-rate-r1.md:108	gate-post.txt	bare-unresolvable
docs/evidence/s1/136-ac15-rate-r1.md:125	/d/tmp/wisp136ac15m-batch.sh	root-ambiguous
docs/evidence/s1/136-ac15-rate-r1.md:132	/d/tmp/wisp136ac15m-golden.txt	root-ambiguous
docs/evidence/s1/136-ac15-rate-r1.md:137	/d/tmp/wisp136ac15m-timing-probe.log	root-ambiguous
docs/evidence/s1/136-ac15-rate-r1.md:143	/d/tmp/wisp136ac15m-B1-target.log	root-ambiguous
docs/evidence/s1/136-ac15-rate-r1.md:162	/d/tmp/wisp136ac15m-B-gate.txt	root-ambiguous
docs/evidence/s1/136-ac15-rate-r1.md:200	/d/tmp/wisp136ac15m-B2-family.log	root-ambiguous
docs/evidence/s1/136-ac15-rate-r1.md:235	index.txt	bare-unresolvable
docs/evidence/s1/136-ac15-rate-r1.md:250	gate-post.txt	bare-unresolvable
docs/evidence/s1/136-ac15-rate-r1.md:278	index.txt	bare-unresolvable
docs/evidence/s1/136-ac15-rate-r1.md:312	/d/tmp/wisp136ac15m-B1-target.log	root-ambiguous
docs/evidence/s1/136-ac15-rate-r1.md:344	_test.go	bare-unresolvable
docs/evidence/s1/136-ac15-rate-r1.md:388	index.txt	bare-unresolvable
docs/evidence/s1/136-ac15-rate-r1.md:398	compile.exe	bare-unresolvable
docs/evidence/s1/136-ac15-rate-r1.md:400	compile.exe	bare-unresolvable
docs/evidence/s1/136-ac15-rate-r1.md:403	/d/tmp/wisp136ac15m-batch2.sh	root-ambiguous
docs/evidence/s1/136-ac15-rate-r1.md:403	wisp136ac15m-batch.sh	bare-unresolvable
docs/evidence/s1/136-ac15-rate-r1.md:404	go.exe	bare-unresolvable
docs/evidence/s1/136-ac15-rate-r1.md:404	compile.exe	bare-unresolvable
docs/evidence/s1/136-ac15-rate-r1.md:404	cgo.exe	bare-unresolvable
docs/evidence/s1/136-ac15-rate-r1.md:404	Runner.Worker.exe	bare-unresolvable
docs/evidence/s1/136-ac15-rate-r1.md:406	index.txt	bare-unresolvable
docs/evidence/s1/136-ac15-rate-r1.md:434	gate.txt	bare-ambiguous
docs/evidence/s1/136-ac15-rate-r1.md:438	/d/tmp/wisp136ac15m-B3-target.log	root-ambiguous
docs/evidence/s1/136-ac15-rate-r1.md:490	.v.log	bare-unresolvable
docs/evidence/s1/136-ac15-rate-r1.md:572	wisp-20260918-001.jsonl	bare-unresolvable
docs/evidence/s1/136-ac15-rate-r1.md:594	gate.txt	bare-ambiguous
docs/evidence/s1/136-ac15-rate-r1.md:594	index.txt	bare-unresolvable
docs/evidence/s1/136-ac15-rate-r1.md:601	gate-post.txt	bare-unresolvable
docs/evidence/s1/136-ac15-rate-r1.md:604	go.exe	bare-unresolvable
docs/evidence/s1/136-ac15-rate-r1.md:605	sh.exe	bare-unresolvable
docs/evidence/s1/136-ac15-rate-r1.md:605	wisp136ac15m-batch2.sh	bare-unresolvable
docs/evidence/s1/136-ac15-rate-r1.md:606	index.txt	bare-unresolvable
docs/evidence/s1/136-ac15-rate-r1.md:606	go.exe	bare-unresolvable
docs/evidence/s1/136-ac15-rate-r1.md:610	N.v.log	bare-unresolvable
docs/evidence/s1/136-ac15-rate-r1.md:618	go.exe	bare-unresolvable
docs/evidence/s1/136-ac15-rate-r1.md:659	agents.md	bare-unresolvable
docs/evidence/s1/136-ac15-rate-r1.md:659	MEMORY.md	bare-unresolvable
docs/evidence/s1/136-ac15-rate-r1.md:660	MEMORY.md	bare-unresolvable
docs/evidence/s1/136-ac15-rate-r1.md:660	agents.md	bare-unresolvable
docs/evidence/s1/136-ac15-rate-r1.md:664	go.exe	bare-unresolvable
docs/evidence/s1/136-ac15-target-census-r2.md:226	_test.go	bare-unresolvable
docs/evidence/s1/136-ac15-target-census-r2.md:234	_test.go	bare-unresolvable
docs/evidence/s1/136-ac15-target-census-r2.md:259	_test.go	bare-unresolvable
docs/evidence/s1/136-ac15-target-census-r2.md:267	_test.go	bare-unresolvable
docs/evidence/s1/136-ac15-target-census-r2.md:301	.v.log	bare-unresolvable
docs/evidence/s1/136-ac15-target-census-r2.md:302	.v.log	bare-unresolvable
docs/evidence/s1/136-ac15-target-census-r2.md:304	.v.log	bare-unresolvable
docs/evidence/s1/136-ac15-target-census-r2.md:314	/d/tmp/wisp136ac11-batch-before/25.v.log	root-ambiguous
docs/evidence/s1/136-ac15-target-census-r2.md:398	_test.go	bare-unresolvable
docs/evidence/s1/136-ac15-target-census-r2.md:563	_test.go	bare-unresolvable
docs/evidence/s1/136-ac15-target-census-r2.md:598	_test.go	bare-unresolvable
docs/evidence/s1/136-ac15-target-census-r2.md:643	MEMORY.md	bare-unresolvable
docs/evidence/s1/136-ac15-target-census-r2.md:692	.scratch/wisp/issues/136-...md	ellipsis
docs/evidence/s1/136-ac8-ac9-impl.md:29	/d/tmp/wisp136ac8-ac9-mut.py	root-ambiguous
docs/evidence/s1/136-ac8-ac9-impl.md:36	/d/work/base/gopath/bin/gofumpt.exe	root-ambiguous
docs/evidence/s1/136-ac8-ac9-impl.md:58	/d/tmp/wisp136ac8-ac9-tree0/internal/observe/sampler.go	root-ambiguous
docs/evidence/s1/136-ac8-ac9-impl.md:66	/d/tmp/wisp136ac8-ac9-tree0-M3-prefix-v.txt	root-ambiguous
docs/evidence/s1/136-ac8-ac9-impl.md:86	wisp136ac8-ac9-mut.py	bare-unresolvable
docs/evidence/s1/136-ac8-ac9-impl.md:117	_test.go	bare-unresolvable
docs/evidence/s1/136-ac8-ac9-impl.md:148	/d/tmp/wisp136ac8-ac9-tree1/internal/observe/sampler.go	root-ambiguous
docs/evidence/s1/136-ac8-ac9-impl.md:152	/d/tmp/wisp136ac8-ac9-tree1-M3-v.txt	root-ambiguous
docs/evidence/s1/136-ac8-ac9-impl.md:183	/d/tmp/wisp136ac8-ac9-tree1-M3-v.txt	root-ambiguous
docs/evidence/s1/136-ac8-ac9-impl.md:195	/d/tmp/wisp136ac8-ac9-tree1-M3-restore-v.txt	root-ambiguous
docs/evidence/s1/136-ac8-ac9-impl.md:216	/d/tmp/wisp136ac8-ac9-tree2-baseline-v.txt	root-ambiguous
docs/evidence/s1/136-ac8-ac9-impl.md:229	/d/tmp/wisp136ac8-ac9-tree2/internal/observe/sampler.go	root-ambiguous
docs/evidence/s1/136-ac8-ac9-impl.md:237	/d/tmp/wisp136ac8-ac9-tree2-M10-v.txt	root-ambiguous
docs/evidence/s1/136-ac8-ac9-impl.md:256	/d/tmp/wisp136ac8-ac9-tree1-M10-rerun1-v.txt	root-ambiguous
docs/evidence/s1/136-ac8-ac9-impl.md:261	wisp136ac8-ac9-mut.py	bare-unresolvable
docs/evidence/s1/136-ac8-ac9-impl.md:280	/d/tmp/wisp136ac8-ac9-tree2-M11-restore-v.txt	root-ambiguous
docs/evidence/s1/136-ac8-ac9-impl.md:291	/d/tmp/wisp136ac8-ac9-tree1-M10-nailless-v.txt	root-ambiguous
docs/evidence/s1/136-ac8-ac9-impl.md:291	/d/tmp/wisp136ac8-ac9-final-v.txt	root-ambiguous
docs/evidence/s1/136-ac8-ac9-impl.md:291	/d/tmp/wisp136ac8-ac9-final-r1..3.txt	root-ambiguous
docs/evidence/s1/136-ac8-ac9-impl.md:307	/d/work/base/gopath/bin/gofumpt.exe	root-ambiguous
docs/evidence/s1/136-ac8-ac9-impl.md:309	/d/work/base/gopath/bin/gofumpt.exe	root-ambiguous
docs/evidence/s1/136-ac8-ac9-impl.md:324	/d/tmp/wisp136ac8-ac9-vet-linux-nocmds.txt	root-ambiguous
docs/evidence/s1/136-ac8-ac9-impl.md:324	/d/tmp/wisp136ac8-ac9-pkgs-nocmd.txt	root-ambiguous
docs/evidence/s1/136-ac8-ac9-impl.md:337	/d/tmp/wisp136ac8-ac9-names-before.txt	root-ambiguous
docs/evidence/s1/136-ac8-ac9-impl.md:355	_test.go	bare-unresolvable
docs/evidence/s1/136-ac8-ac9-r1-acceptance.md:58	/d/tmp/wisp136r2-ac8ac9-mut.py	root-ambiguous
docs/evidence/s1/136-ac8-ac9-r1-acceptance.md:59	/d/tmp/wisp136r2-ac8ac9-counts.sh	root-ambiguous
docs/evidence/s1/136-ac8-ac9-r1-acceptance.md:61	/d/work/base/gopath/bin/gofumpt.exe	root-ambiguous
docs/evidence/s1/136-ac8-ac9-r1-acceptance.md:94	tree>/sampler.go	placeholder
docs/evidence/s1/136-ac8-ac9-r1-acceptance.md:100	/d/tmp/wisp136r2-ac8ac9-noguard-M3-v.txt	root-ambiguous
docs/evidence/s1/136-ac8-ac9-r1-acceptance.md:118	/d/tmp/wisp136r2-ac8ac9-anchor-M3-v.txt	root-ambiguous
docs/evidence/s1/136-ac8-ac9-r1-acceptance.md:133	_136_test.go	bare-unresolvable
docs/evidence/s1/136-ac8-ac9-r1-acceptance.md:225	pristine-anchor>/sampler.go	placeholder
docs/evidence/s1/136-ac8-ac9-r1-acceptance.md:225	anchor>/sampler.go	placeholder
docs/evidence/s1/136-ac8-ac9-r1-acceptance.md:231	/d/tmp/wisp136r2-ac8ac9-anchor-M10-v.txt	root-ambiguous
docs/evidence/s1/136-ac8-ac9-r1-acceptance.md:258	wisp136r2-ac8ac9-mut.py	bare-unresolvable
docs/evidence/s1/136-ac8-ac9-r1-acceptance.md:260	pristine-anchor>/sampler.go	placeholder
docs/evidence/s1/136-ac8-ac9-r1-acceptance.md:260	anchor>/sampler.go	placeholder
docs/evidence/s1/136-ac8-ac9-r1-acceptance.md:261	76662d8>/sampler.go	placeholder
docs/evidence/s1/136-ac8-ac9-r1-acceptance.md:261	anchor>/sampler.go	placeholder
docs/evidence/s1/136-ac8-ac9-r1-acceptance.md:340	_test.go	bare-unresolvable
docs/evidence/s1/136-ac8-ac9-r1-acceptance.md:348	_test.go	bare-unresolvable
docs/evidence/s1/136-ac8-ac9-r1-acceptance.md:358	errors.go	bare-ambiguous
docs/evidence/s1/136-ac8-ac9-r1-acceptance.md:378	zz_acceptor136r2_probe2_test.go	bare-unresolvable
docs/evidence/s1/136-ac8-ac9-r1-acceptance.md:382	zz_acceptor136r2_probe2_test.go	bare-unresolvable
docs/evidence/s1/136-ac8-ac9-r1-acceptance.md:415	/src/go.mod	root-ambiguous
docs/evidence/s1/136-ac8-ac9-r1-acceptance.md:422	/src/go.mod	root-ambiguous
docs/evidence/s1/136-ac8-ac9-r1-acceptance.md:433	/d/work/base/gopath/bin/gofumpt.exe	root-ambiguous
docs/evidence/s1/136-ac8-ac9-r1-acceptance.md:433	gofumpt.exe	bare-unresolvable
docs/evidence/s1/136-ac8-ac9-r1-acceptance.md:434	_test.go	bare-unresolvable
docs/evidence/s1/136-ac8-ac9-r1-acceptance.md:453	zz_acceptor136r2_probe_test.go	bare-unresolvable
docs/evidence/s1/136-ac8-ac9-r1-acceptance.md:453	probe2_test.go	bare-unresolvable
docs/evidence/s1/136-ac8-ac9-r1-acceptance.md:463	/d/tmp/wisp136r2-ac8ac9-probe/internal/observe/zz_acceptor136r2_probe_test.go	root-ambiguous
docs/evidence/s1/136-ac8-ac9-r1-acceptance.md:465	/d/tmp/wisp136r2-ac8ac9-probe/internal/observe/zz_acceptor136r2_probe2_test.go	root-ambiguous
docs/evidence/s1/136-ac8-ac9-r1-acceptance.md:467	/d/tmp/wisp136r2-ac8ac9-noguard-baseline-v.txt	root-ambiguous
docs/evidence/s1/136-ac8-ac9-r1-acceptance.md:477	MEMORY.md	bare-unresolvable
docs/evidence/s1/136-ac8-ac9-r1-acceptance.md:498	_test.go	bare-unresolvable
docs/evidence/s1/136-instr-fixes-r1.md:27	/d/tmp/wisp136ac15-verify/summarize.py	root-ambiguous
docs/evidence/s1/136-instr-fixes-r1.md:28	/d/tmp/wisp136instr-r1/summarize.sh	root-ambiguous
docs/evidence/s1/136-instr-fixes-r1.md:34	/d/tmp/wisp136instr-r1/pre.log	root-ambiguous
docs/evidence/s1/136-instr-fixes-r1.md:68	gofumpt.exe	bare-unresolvable
docs/evidence/s1/136-instr-fixes-r1.md:68	staticcheck.exe	bare-unresolvable
docs/evidence/s1/136-instr-fixes-r1.md:72	staticcheck.exe	bare-unresolvable
docs/evidence/s1/136-instr-fixes-r1.md:95	sc-pre.txt	bare-unresolvable
docs/evidence/s1/136-instr-fixes-r1.md:95	sc-post.txt	bare-unresolvable
docs/evidence/s1/136-instr-fixes-r1.md:100	/d/tmp/wisp136instr-r1/sc-pre.txt	root-ambiguous
docs/evidence/s1/136-instr-fixes-r1.md:100	/d/tmp/wisp136instr-r1/sc-post.txt	root-ambiguous
docs/evidence/s1/136-instr-fixes-r1.md:232	pre.log	bare-unresolvable
docs/evidence/s1/136-instr-fixes-r1.md:233	post-guard.log	bare-unresolvable
docs/evidence/s1/136-instr-fixes-r1.md:234	final.log	bare-unresolvable
docs/evidence/s1/136-instr-fixes-r1.md:261	gofumpt.exe	bare-unresolvable
docs/evidence/s1/136-instr-fixes-r1.md:263	staticcheck.exe	bare-unresolvable
docs/evidence/s1/136-instr-fixes-r1.md:276	composer.tsx	bare-only-design-frontend
docs/evidence/s1/136-instr-fixes-r1.md:278	_test.go	bare-unresolvable
docs/evidence/s1/136-instr-fixes-r1.md:300	d22-pre.txt	bare-unresolvable
docs/evidence/s1/136-instr-fixes-r1.md:300	d22-post.txt	bare-unresolvable
docs/evidence/s1/136-instr-fixes-r1.md:329	_test.go	bare-unresolvable
docs/evidence/s1/136-instr-fixes-r1.md:343	summarize.sh	bare-unresolvable
docs/evidence/s1/136-instr-fixes-r1.md:343	pre.log	bare-unresolvable
docs/evidence/s1/136-instr-fixes-r1.md:343	post-guard.log	bare-unresolvable
docs/evidence/s1/136-instr-fixes-r1.md:343	probe-noguard.log	bare-unresolvable
docs/evidence/s1/136-instr-fixes-r1.md:344	probe-guard.log	bare-unresolvable
docs/evidence/s1/136-instr-fixes-r1.md:344	post.log	bare-unresolvable
docs/evidence/s1/136-instr-fixes-r1.md:344	final.log	bare-unresolvable
docs/evidence/s1/136-instr-fixes-r1.md:344	sc-pre.txt	bare-unresolvable
docs/evidence/s1/136-instr-fixes-r1.md:344	sc-post.txt	bare-unresolvable
docs/evidence/s1/136-instr-fixes-r1.md:344	d22-pre.txt	bare-unresolvable
docs/evidence/s1/136-instr-fixes-r1.md:344	d22-post.txt	bare-unresolvable
docs/evidence/s1/136-instr-fixes-r1.md:352	MEMORY.md	bare-unresolvable
docs/evidence/s1/136-instr-fixes-r1.md:401	pre.unique.txt	bare-unresolvable
docs/evidence/s1/136-instr-fixes-r1.md:401	probe-noguard.unique.txt	bare-unresolvable
docs/evidence/s1/136-slo-output-contract-census-r1.md:67	wisp.db	bare-unresolvable
docs/evidence/s1/136-slo-output-contract-census-r1.md:71	slo-report.json	bare-unresolvable
docs/evidence/s1/136-slo-output-contract-census-r1.md:110	slo-report.json	bare-unresolvable
docs/evidence/s1/136-slo-output-contract-census-r1.md:133	_test.go	bare-unresolvable
docs/evidence/s1/136-slo-output-contract-census-r1.md:140	slo_windows.go	bare-ambiguous
docs/evidence/s1/136-slo-output-contract-census-r1.md:143	agents.md	bare-unresolvable
docs/evidence/s1/136-slo-output-contract-census-r1.md:153	_test.go	bare-unresolvable
docs/evidence/s1/136-slo-output-contract-census-r1.md:178	_test.go	bare-unresolvable
docs/evidence/s1/137-ac1-r1-acceptance.md:34	/src/go.mod	root-ambiguous
docs/evidence/s1/137-ac1-r1-acceptance.md:37	/src/go.mod	root-ambiguous
docs/evidence/s1/137-ac1-r1-acceptance.md:38	go.mod	bare-ambiguous
docs/evidence/s1/137-ac1-r1-acceptance.md:44	/src/go.mod	root-ambiguous
docs/evidence/s1/137-ac1-r1-acceptance.md:45	go.mod	bare-ambiguous
docs/evidence/s1/137-ac1-r1-acceptance.md:47	go.mod	bare-ambiguous
docs/evidence/s1/137-ac1-r1-acceptance.md:62	mutate.py	bare-ambiguous
docs/evidence/s1/137-ac1-r1-acceptance.md:62	make-trees.sh	bare-unresolvable
docs/evidence/s1/137-ac1-r1-acceptance.md:63	parse.py	bare-unresolvable
docs/evidence/s1/137-ac1-r1-acceptance.md:63	matrix.py	bare-unresolvable
docs/evidence/s1/137-ac1-r1-acceptance.md:83	/002/root/link/keep-me.txt	root-ambiguous
docs/evidence/s1/137-ac1-r1-acceptance.md:85	mutate.py	bare-ambiguous
docs/evidence/s1/137-ac1-r1-acceptance.md:135	/r2link/w137r2tmp/TestAC1POSIXSealFileThroughASymlinkRefusesAndLeavesTheForeignTre2309564223/002/root/link/keep-me.txt	root-ambiguous
docs/evidence/s1/137-ac1-r1-acceptance.md:136	/r2priv/w137r2tmp/TestAC1POSIXSealFileThroughASymlinkRefusesAndLeavesTheForeignTre2309564223/001/foreign/keep-me.txt	root-ambiguous
docs/evidence/s1/137-ac1-r1-acceptance.md:155	/r2link/w137r2tmp/TestAC2POSIXAncestorGuardRefusesASpellingThroughASymlink3890533288/002/root/link/keep-me.txt	root-ambiguous
docs/evidence/s1/137-ac1-r1-acceptance.md:162	/r2plain/w137r2tmp/TestAC2POSIXAncestorGuardRefusesASpellingThroughASymlink4154713178/002/root/link/keep-me.txt	root-ambiguous
docs/evidence/s1/137-ac1-r1-acceptance.md:171	/r2priv/w137r2tmp/TestAC118POSIXSealFileRefusesALinkStandingWhereTheFileWasNamed1221542493/002/root/artifact.txt	root-ambiguous
docs/evidence/s1/137-ac1-r1-acceptance.md:172	/r2priv/w137r2tmp/TestAC118POSIXPrivateFileRefusesALinkStandingWhereTheFileWasName2055800904/002/root/artifact.txt	root-ambiguous
docs/evidence/s1/137-ac1-r1-acceptance.md:386	MEMORY.md	bare-unresolvable
docs/evidence/s1/137-ac1-r1-acceptance.md:387	MEMORY.md	bare-unresolvable
docs/evidence/s1/137-ac1-r1-acceptance.md:387	go.mod	bare-ambiguous
docs/evidence/s1/137-ac1-r1-acceptance.md:389	fix-order2.py	bare-unresolvable
docs/evidence/s1/137-ac1-r1-acceptance.md:390	fix-order4.py	bare-unresolvable
docs/evidence/s1/137-ac1-r1-acceptance.md:395	matrix.py	bare-unresolvable
docs/evidence/s1/137-ac1-r1-acceptance.md:395	fix-counts.py	bare-unresolvable
docs/evidence/s1/137-ac1-r1-acceptance.md:398	parse.py	bare-unresolvable
docs/evidence/s1/137-ac1-r1-acceptance.md:401	MEMORY.md	bare-unresolvable
docs/evidence/s1/137-ac1-r1-acceptance.md:401	go.mod	bare-ambiguous
docs/evidence/s1/137-ac1-r1-acceptance.md:415	swap-roots.py	bare-unresolvable
docs/evidence/s1/137-ac1-r1-acceptance.md:472	.meta.txt	bare-unresolvable
docs/evidence/s1/137-ac1-r1-acceptance.md:472	.colours.txt	bare-unresolvable
docs/evidence/s1/137-ac1-r1-acceptance.md:472	.runnames.txt	bare-unresolvable
docs/evidence/s1/137-ac1-teeth-or-not.md:17	/src/go.mod	root-ambiguous
docs/evidence/s1/137-ac1-teeth-or-not.md:20	/src/go.mod	root-ambiguous
docs/evidence/s1/137-ac1-teeth-or-not.md:24	/src/go.mod	root-ambiguous
docs/evidence/s1/137-ac1-teeth-or-not.md:34	proxy.go	bare-unresolvable
docs/evidence/s1/137-ac1-teeth-or-not.md:36	/d/tmp/wisp137-ac1-io/run.sh	root-ambiguous
docs/evidence/s1/137-ac1-teeth-or-not.md:36	table.sh	bare-unresolvable
docs/evidence/s1/137-ac1-teeth-or-not.md:36	attrib.sh	bare-ambiguous
docs/evidence/s1/137-ac1-teeth-or-not.md:37	.v.log	bare-unresolvable
docs/evidence/s1/137-ac1-teeth-or-not.md:37	.summary.txt	bare-unresolvable
docs/evidence/s1/137-ac1-teeth-or-not.md:81	attrib.sh	bare-ambiguous
docs/evidence/s1/137-ac1-teeth-or-not.md:97	/002/root/artifact.txt	root-ambiguous
docs/evidence/s1/137-ac1-teeth-or-not.md:98	/002/root/artifact.txt	root-ambiguous
docs/evidence/s1/137-ac1-teeth-or-not.md:122	table.sh	bare-unresolvable
docs/evidence/s1/137-ac1-teeth-or-not.md:122	/d/tmp/wisp137-ac1-io/per-name-table.txt	root-ambiguous
docs/evidence/s1/137-ac1-teeth-or-not.md:185	/varlink/w137tmp/TestAC1POSIXSealFileThroughASymlinkRefusesAndLeavesTheForeignTre656599375/002/root/link/keep-me.txt	root-ambiguous
docs/evidence/s1/137-ac1-teeth-or-not.md:186	/001/foreign/keep-me.txt	root-ambiguous
docs/evidence/s1/137-ac1-teeth-or-not.md:223	names-plain.txt	bare-unresolvable
docs/evidence/s1/137-ac1-teeth-or-not.md:223	names-link.txt	bare-unresolvable
docs/evidence/s1/137-ac1-teeth-or-not.md:225	.v.log	bare-unresolvable
docs/evidence/s1/137-ac1-teeth-or-not.md:245	MEMORY.md	bare-unresolvable
docs/evidence/s1/137-ac2-ac5-impl.md:42	go.mod	bare-ambiguous
docs/evidence/s1/137-ac2-ac5-impl.md:47	mutate.py	bare-ambiguous
docs/evidence/s1/137-ac2-ac5-impl.md:48	make-trees.sh	bare-unresolvable
docs/evidence/s1/137-ac2-ac5-impl.md:48	go.sh	bare-unresolvable
docs/evidence/s1/137-ac2-ac5-impl.md:49	parse.py	bare-unresolvable
docs/evidence/s1/137-ac2-ac5-impl.md:50	.v.log	bare-unresolvable
docs/evidence/s1/137-ac2-ac5-impl.md:50	.head.txt	bare-unresolvable
docs/evidence/s1/137-ac2-ac5-impl.md:85	_test.go	bare-unresolvable
docs/evidence/s1/137-ac2-ac5-impl.md:85	go.mod	bare-ambiguous
docs/evidence/s1/137-ac2-ac5-impl.md:85	go.sum	bare-ambiguous
docs/evidence/s1/137-ac2-ac5-impl.md:102	/src/go.mod	root-ambiguous
docs/evidence/s1/137-ac2-ac5-impl.md:116	parse.py	bare-unresolvable
docs/evidence/s1/137-ac2-ac5-impl.md:195	parse.py	bare-unresolvable
docs/evidence/s1/137-ac2-ac5-impl.md:199	dtight-link-1.v.log	bare-unresolvable
docs/evidence/s1/137-ac2-ac5-impl.md:202	/r137link/w137ac2tmp/TestAC2POSIXAncestorGuardRefusesASpellingThroughASymlink4055766027/002/root/link/keep-me.txt	root-ambiguous
docs/evidence/s1/137-ac2-ac5-impl.md:211	dorig-link-1.v.log	bare-unresolvable
docs/evidence/s1/137-ac2-ac5-impl.md:218	work-plain-1.v.log	bare-unresolvable
docs/evidence/s1/137-ac2-ac5-impl.md:228	_test.go	bare-unresolvable
docs/evidence/s1/137-ac2-ac5-impl.md:231	_test.go	bare-unresolvable
docs/evidence/s1/137-ac2-ac5-impl.md:235	go.mod	bare-ambiguous
docs/evidence/s1/137-ac2-ac5-impl.md:242	gofumpt.exe	bare-unresolvable
docs/evidence/s1/137-ac2-ac5-impl.md:255	/d/tmp/wisp137ac2-io/vet-linux-cross-perpkg.txt	root-ambiguous
docs/evidence/s1/137-ac2-ac5-impl.md:265	main.go	bare-ambiguous
docs/evidence/s1/137-ac2-ac5-impl.md:283	parse.py	bare-unresolvable
docs/evidence/s1/137-ac2-ac5-impl.md:296	/d/tmp/wisp137ac2-io/d22scan-worktree.txt	root-ambiguous
docs/evidence/s1/137-ac2-ac5-impl.md:347	.head.txt	bare-unresolvable
docs/evidence/s1/137-ac2-ac5-impl.md:347	.parsed.txt	bare-unresolvable
docs/evidence/s1/137-ac2-ac5-impl.md:348	vet-linux-cross-perpkg.txt	bare-unresolvable
docs/evidence/s1/137-ac2-ac5-impl.md:348	pkgs.txt	bare-unresolvable
docs/evidence/s1/137-ac2-ac5-impl.md:358	_test.go	bare-unresolvable
docs/evidence/s1/137-ac2-ac5-impl.md:396	MEMORY.md	bare-unresolvable
docs/evidence/s1/137-ac2-ac5-impl.md:413	MEMORY.md	bare-unresolvable
docs/evidence/s1/137-ac2-ac5-r1-acceptance.md:35	mutate.py	bare-ambiguous
docs/evidence/s1/137-ac2-ac5-r1-acceptance.md:35	go.sh	bare-unresolvable
docs/evidence/s1/137-ac2-ac5-r1-acceptance.md:35	batch.sh	bare-unresolvable
docs/evidence/s1/137-ac2-ac5-r1-acceptance.md:35	parse.py	bare-unresolvable
docs/evidence/s1/137-ac2-ac5-r1-acceptance.md:35	compare.py	bare-unresolvable
docs/evidence/s1/137-ac2-ac5-r1-acceptance.md:35	gates.sh	bare-unresolvable
docs/evidence/s1/137-ac2-ac5-r1-acceptance.md:36	.v.log	bare-unresolvable
docs/evidence/s1/137-ac2-ac5-r1-acceptance.md:36	.head.txt	bare-unresolvable
docs/evidence/s1/137-ac2-ac5-r1-acceptance.md:46	go.mod	bare-ambiguous
docs/evidence/s1/137-ac2-ac5-r1-acceptance.md:51	/src/go.mod	root-ambiguous
docs/evidence/s1/137-ac2-ac5-r1-acceptance.md:52	/src/go.mod	root-ambiguous
docs/evidence/s1/137-ac2-ac5-r1-acceptance.md:95	go.mod	bare-ambiguous
docs/evidence/s1/137-ac2-ac5-r1-acceptance.md:95	go.sum	bare-ambiguous
docs/evidence/s1/137-ac2-ac5-r1-acceptance.md:96	_test.go	bare-unresolvable
docs/evidence/s1/137-ac2-ac5-r1-acceptance.md:122	mutate.py	bare-ambiguous
docs/evidence/s1/137-ac2-ac5-r1-acceptance.md:129	/002/root/link/keep-me.txt	root-ambiguous
docs/evidence/s1/137-ac2-ac5-r1-acceptance.md:204	d-loose-link.v.log	bare-unresolvable
docs/evidence/s1/137-ac2-ac5-r1-acceptance.md:320	go.mod	bare-ambiguous
docs/evidence/s1/137-ac2-ac5-r1-acceptance.md:320	go.sum	bare-ambiguous
docs/evidence/s1/137-ac2-ac5-r1-acceptance.md:335	gates.sh	bare-unresolvable
docs/evidence/s1/137-ac2-ac5-r1-acceptance.md:340	go.mod	bare-ambiguous
docs/evidence/s1/137-ac2-ac5-r1-acceptance.md:352	gofumpt.exe	bare-unresolvable
docs/evidence/s1/137-ac2-ac5-r1-acceptance.md:373	main.go	bare-ambiguous
docs/evidence/s1/137-ac2-ac5-r1-acceptance.md:382	gates-wisp137r2-tree-tight.vet-cross-whole.txt	bare-unresolvable
docs/evidence/s1/137-ac2-ac5-r1-acceptance.md:416	go.mod	bare-ambiguous
docs/evidence/s1/137-ac2-ac5-r1-acceptance.md:519	MEMORY.md	bare-unresolvable
docs/evidence/s1/137-ac2-ac5-r1-acceptance.md:520	MEMORY.md	bare-unresolvable
docs/evidence/s1/137-ac2-ac5-r1-acceptance.md:521	batch.sh	bare-unresolvable
docs/evidence/s1/137-ac2-ac5-r1-acceptance.md:522	gates.sh	bare-unresolvable
docs/evidence/s1/137-ac2-ac5-r1-acceptance.md:524	agents.md	bare-unresolvable
docs/evidence/s1/137-ac2-ac5-r1-acceptance.md:541	/d/tmp/wisp137r2-ac2-io/batch.sh	root-ambiguous
docs/evidence/s1/137-ac3-r1-acceptance.md:26	Desktop.exe	bare-unresolvable
docs/evidence/s1/137-ac3-r1-acceptance.md:27	com.docker.backend.exe	bare-unresolvable
docs/evidence/s1/137-ac3-r1-acceptance.md:28	docker.exe	bare-unresolvable
docs/evidence/s1/137-ac3-r1-acceptance.md:29	cargo.exe	bare-unresolvable
docs/evidence/s1/137-ac3-r1-acceptance.md:30	cargo.exe	bare-unresolvable
docs/evidence/s1/137-ac3-r1-acceptance.md:31	Runner.Worker.exe	bare-unresolvable
docs/evidence/s1/137-ac3-r1-acceptance.md:31	go.exe	bare-unresolvable
docs/evidence/s1/137-ac3-r1-acceptance.md:31	compile.exe	bare-unresolvable
docs/evidence/s1/137-ac3-r1-acceptance.md:31	cgo.exe	bare-unresolvable
docs/evidence/s1/137-ac3-r1-acceptance.md:44	Runner.Listener.exe	bare-unresolvable
docs/evidence/s1/137-ac3-r1-acceptance.md:45	cargo.exe	bare-unresolvable
docs/evidence/s1/137-ac3-r1-acceptance.md:51	Runner.Listener.exe	bare-unresolvable
docs/evidence/s1/137-ac3-r1-acceptance.md:59	cargo.exe	bare-unresolvable
docs/evidence/s1/137-ac3-r1-acceptance.md:59	Runner.Listener.exe	bare-unresolvable
docs/evidence/s1/137-ac3-r1-acceptance.md:60	Runner.Worker.exe	bare-unresolvable
docs/evidence/s1/137-ac3-r1-acceptance.md:60	go.exe	bare-unresolvable
docs/evidence/s1/137-ac3-r1-acceptance.md:60	compile.exe	bare-unresolvable
docs/evidence/s1/137-ac3-r1-acceptance.md:60	cgo.exe	bare-unresolvable
docs/evidence/s1/137-ac3-r1-acceptance.md:75	go.exe	bare-unresolvable
docs/evidence/s1/137-ac3-r1-acceptance.md:75	compile.exe	bare-unresolvable
docs/evidence/s1/137-ac3-r1-acceptance.md:118	/d/tmp/wisp137ac3-io/mutate.py	root-ambiguous
docs/evidence/s1/137-ac3-r1-acceptance.md:127	/002/root/link/keep-me.txt	root-ambiguous
docs/evidence/s1/137-ac3-r1-acceptance.md:136	/src/go.mod	root-ambiguous
docs/evidence/s1/137-ac3-r1-acceptance.md:137	/src/go.mod	root-ambiguous
docs/evidence/s1/137-ac3-r1-acceptance.md:161	.head.txt	bare-unresolvable
docs/evidence/s1/137-ac3-r1-acceptance.md:162	parse.py	bare-unresolvable
docs/evidence/s1/137-ac3-r1-acceptance.md:240	compare.py	bare-unresolvable
docs/evidence/s1/137-ac3-r1-acceptance.md:260	ac3-d-tight-link.v.log	bare-unresolvable
docs/evidence/s1/137-ac3-r1-acceptance.md:262	/ac3link/w137ac3tmp/TestAC1POSIXSealFileThroughASymlinkRefusesAndLeavesTheForeignTre507587569/002/root/link/keep-me.txt	root-ambiguous
docs/evidence/s1/137-ac3-r1-acceptance.md:281	compare.py	bare-unresolvable
docs/evidence/s1/137-ac3-r1-acceptance.md:337	ac3-d-loose-link.v.log	bare-unresolvable
docs/evidence/s1/137-ac3-r1-acceptance.md:337	ac3-d-tight-link.v.log	bare-unresolvable
docs/evidence/s1/137-ac3-r1-acceptance.md:337	ac3-tight-link.v.log	bare-unresolvable
docs/evidence/s1/137-ac3-r1-acceptance.md:338	ac3-d-loose-plain.v.log	bare-unresolvable
docs/evidence/s1/137-ac3-r1-acceptance.md:338	ac3-d-tight-plain.v.log	bare-unresolvable
docs/evidence/s1/137-ac3-r1-acceptance.md:338	ac3-tight-plain.v.log	bare-unresolvable
docs/evidence/s1/137-ac3-r1-acceptance.md:340	parse.py	bare-unresolvable
docs/evidence/s1/137-ac3-r1-acceptance.md:403	ac3-d-tight-link.v.ac3fail.txt	bare-unresolvable
docs/evidence/s1/137-ac3-r1-acceptance.md:404	ac3-d-loose-link.v.ac3fail.txt	bare-unresolvable
docs/evidence/s1/137-ac3-r1-acceptance.md:405	ac3-d-tight-plain.v.ac3fail.txt	bare-unresolvable
docs/evidence/s1/137-ac3-r1-acceptance.md:406	ac3-tight-link.v.ac3fail.txt	bare-unresolvable
docs/evidence/s1/137-ac3-r1-acceptance.md:460	mutate.py	bare-ambiguous
docs/evidence/s1/137-ac3-r1-acceptance.md:460	go.sh	bare-unresolvable
docs/evidence/s1/137-ac3-r1-acceptance.md:460	batch.sh	bare-unresolvable
docs/evidence/s1/137-ac3-r1-acceptance.md:460	parse.py	bare-unresolvable
docs/evidence/s1/137-ac3-r1-acceptance.md:460	compare.py	bare-unresolvable
docs/evidence/s1/137-ac3-r1-acceptance.md:461	.head.txt	bare-unresolvable
docs/evidence/s1/137-ac3-r1-acceptance.md:461	.v.log	bare-unresolvable
docs/evidence/s1/137-ac3-r1-acceptance.md:466	MEMORY.md	bare-unresolvable
docs/evidence/s1/137-ac3-r1-acceptance.md:467	MEMORY.md	bare-unresolvable
docs/evidence/s1/137-ac3-r1-acceptance.md:468	MEMORY.md	bare-unresolvable
docs/evidence/s1/137-ac3-r2-acceptance.md:17	tasklist.exe	bare-unresolvable
docs/evidence/s1/137-ac3-r2-acceptance.md:17	Runner.Worker.exe	bare-unresolvable
docs/evidence/s1/137-ac3-r2-acceptance.md:19	tasklist.exe	bare-unresolvable
docs/evidence/s1/137-ac3-r2-acceptance.md:19	go.exe	bare-unresolvable
docs/evidence/s1/137-ac3-r2-acceptance.md:21	tasklist.exe	bare-unresolvable
docs/evidence/s1/137-ac3-r2-acceptance.md:21	compile.exe	bare-unresolvable
docs/evidence/s1/137-ac3-r2-acceptance.md:23	tasklist.exe	bare-unresolvable
docs/evidence/s1/137-ac3-r2-acceptance.md:23	cgo.exe	bare-unresolvable
docs/evidence/s1/137-ac3-r2-acceptance.md:49	Runner.Worker.exe	bare-unresolvable
docs/evidence/s1/137-ac3-r2-acceptance.md:49	go.exe	bare-unresolvable
docs/evidence/s1/137-ac3-r2-acceptance.md:49	compile.exe	bare-unresolvable
docs/evidence/s1/137-ac3-r2-acceptance.md:49	cgo.exe	bare-unresolvable
docs/evidence/s1/137-ac3-r2-acceptance.md:49	docker.exe	bare-unresolvable
docs/evidence/s1/137-ac3-r2-acceptance.md:49	tasklist.exe	bare-unresolvable
docs/evidence/s1/137-ac3-r2-acceptance.md:50	Runner.Worker.exe	bare-unresolvable
docs/evidence/s1/137-ac3-r2-acceptance.md:51	go.exe	bare-unresolvable
docs/evidence/s1/137-ac3-r2-acceptance.md:52	compile.exe	bare-unresolvable
docs/evidence/s1/137-ac3-r2-acceptance.md:53	cgo.exe	bare-unresolvable
docs/evidence/s1/137-ac3-r2-acceptance.md:54	docker.exe	bare-unresolvable
docs/evidence/s1/137-ac3-r2-acceptance.md:96	_other_test.go	bare-unresolvable
docs/evidence/s1/137-ac3-r2-acceptance.md:113	go.mod	bare-ambiguous
docs/evidence/s1/137-ac3-r2-acceptance.md:134	mutate.py	bare-ambiguous
docs/evidence/s1/137-ac3-r2-acceptance.md:155	/src/go.mod	root-ambiguous
docs/evidence/s1/137-ac3-r2-acceptance.md:169	mutate.py	bare-ambiguous
docs/evidence/s1/137-ac3-r2-acceptance.md:169	go.sh	bare-unresolvable
docs/evidence/s1/137-ac3-r2-acceptance.md:169	batch.sh	bare-unresolvable
docs/evidence/s1/137-ac3-r2-acceptance.md:169	parse.py	bare-unresolvable
docs/evidence/s1/137-ac3-r2-acceptance.md:169	.head.txt	bare-unresolvable
docs/evidence/s1/137-ac3-r2-acceptance.md:169	.v.log	bare-unresolvable
docs/evidence/s1/137-ac3-r2-acceptance.md:253	parse.py	bare-unresolvable
docs/evidence/s1/137-ac3-r2-acceptance.md:253	.fail.txt	bare-unresolvable
docs/evidence/s1/137-ac3-r2-acceptance.md:253	.colour.txt	bare-unresolvable
docs/evidence/s1/137-ac3-r2-acceptance.md:265	Runner.Worker.exe	bare-unresolvable
docs/evidence/s1/137-ac3-r2-acceptance.md:265	go.exe	bare-unresolvable
docs/evidence/s1/137-ac3-r2-acceptance.md:265	compile.exe	bare-unresolvable
docs/evidence/s1/137-ac3-r2-acceptance.md:265	cgo.exe	bare-unresolvable
docs/evidence/s1/137-ac3-r2-acceptance.md:265	tasklist.exe	bare-unresolvable
docs/evidence/s1/137-ac3-r2-acceptance.md:266	Runner.Worker.exe	bare-unresolvable
docs/evidence/s1/137-ac3-r2-acceptance.md:267	go.exe	bare-unresolvable
docs/evidence/s1/137-ac3-r2-acceptance.md:268	compile.exe	bare-unresolvable
docs/evidence/s1/137-ac3-r2-acceptance.md:269	cgo.exe	bare-unresolvable
docs/evidence/s1/137-ac3-r2-acceptance.md:287	/src/go.mod	root-ambiguous
docs/evidence/s1/137-ac3-r2-acceptance.md:288	/src/go.mod	root-ambiguous
docs/evidence/s1/137-ac3-r2-acceptance.md:289	/src/internal/winsec/winsec.go	root-ambiguous
docs/evidence/s1/137-ac3-r2-acceptance.md:290	/src/internal/winsec/winsec_other.go	root-ambiguous
docs/evidence/s1/137-ac3-r2-acceptance.md:291	/src/internal/winsec/placement_symlink_113_other_test.go	root-ambiguous
docs/evidence/s1/137-ac3-r2-acceptance.md:292	/src/internal/winsec/ancestor_separator_108_other_test.go	root-ambiguous
docs/evidence/s1/137-ac3-r2-acceptance.md:293	/src/internal/winsec/placement_leaf_118_other_test.go	root-ambiguous
docs/evidence/s1/137-ac3-r2-acceptance.md:302	parse.py	bare-unresolvable
docs/evidence/s1/137-ac3-r2-acceptance.md:364	s04-dtight-link.v.fail.txt	bare-unresolvable
docs/evidence/s1/137-ac3-r2-acceptance.md:388	/r2ac3link/w137ac3rtmp/TestAC2POSIXAncestorGuardRefusesASpellingThroughASymlink517751341/002/root/link/keep-me.txt	root-ambiguous
docs/evidence/s1/137-ac3-r2-acceptance.md:420	parse.py	bare-unresolvable
docs/evidence/s1/137-ac3-r2-acceptance.md:623	MEMORY.md	bare-unresolvable
docs/evidence/s1/137-ac3-r2-acceptance.md:626	MEMORY.md	bare-unresolvable
docs/evidence/s1/137-ac3-r2-acceptance.md:626	wisp-truth-source-docs.md	bare-unresolvable
docs/evidence/s1/137-ac3-r2-acceptance.md:645	go.sh	bare-unresolvable
docs/evidence/s1/137-ac3-r2-acceptance.md:645	batch.sh	bare-unresolvable
docs/evidence/s1/137-ac3-r2-acceptance.md:645	batch2.sh	bare-unresolvable
docs/evidence/s1/137-ac3-r2-acceptance.md:645	mutate.py	bare-ambiguous
docs/evidence/s1/137-ac3-r2-acceptance.md:645	parse.py	bare-unresolvable
docs/evidence/s1/137-ac3-r2-acceptance.md:645	matrix.py	bare-unresolvable
docs/evidence/s1/137-ac3-r2-acceptance.md:646	.v.log	bare-unresolvable
docs/evidence/s1/137-ac3-r2-acceptance.md:646	.head.txt	bare-unresolvable
docs/evidence/s1/137-ac3-r2-acceptance.md:655	/io/run.sh	root-ambiguous
docs/evidence/s1/137-ac3-r2-acceptance.md:658	.v.log	bare-unresolvable
docs/evidence/s1/137-ac3-r2-acceptance.md:658	parse.py	bare-unresolvable
docs/evidence/s1/137-ac3-r2-acceptance.md:658	matrix.py	bare-unresolvable
docs/evidence/s1/137-ac4-impl.md:59	/src/go.mod	root-ambiguous
docs/evidence/s1/137-ac4-impl.md:60	/src/go.mod	root-ambiguous
docs/evidence/s1/137-ac4-impl.md:60	head.txt	bare-unresolvable
docs/evidence/s1/137-ac4-impl.md:79	parse.py	bare-unresolvable
docs/evidence/s1/137-ac4-impl.md:335	gates.sh	bare-unresolvable
docs/evidence/s1/137-ac4-impl.md:393	d22.sh	bare-unresolvable
docs/evidence/s1/137-ac4-impl.md:408	_test.go	bare-unresolvable
docs/evidence/s1/137-ac4-impl.md:492	batch.sh	bare-unresolvable
docs/evidence/s1/137-ac4-impl.md:492	mutate.py	bare-ambiguous
docs/evidence/s1/137-ac4-impl.md:492	parse.py	bare-unresolvable
docs/evidence/s1/137-ac4-impl.md:492	gates.sh	bare-unresolvable
docs/evidence/s1/137-ac4-impl.md:492	d22.sh	bare-unresolvable
docs/evidence/s1/137-ac4-impl.md:492	.head.txt	bare-unresolvable
docs/evidence/s1/137-ac4-impl.md:492	.v.log	bare-unresolvable
docs/evidence/s1/137-ac4-impl.md:492	pkgs.txt	bare-unresolvable
docs/evidence/s1/137-ac4-impl.md:492	vet-cross-linux.txt	bare-unresolvable
docs/evidence/s1/137-ac4-r1-acceptance.md:66	batch.sh	bare-unresolvable
docs/evidence/s1/137-ac4-r1-acceptance.md:79	go.mod	bare-ambiguous
docs/evidence/s1/137-ac4-r1-acceptance.md:80	go.mod	bare-ambiguous
docs/evidence/s1/137-ac4-r1-acceptance.md:92	shot.sh	bare-unresolvable
docs/evidence/s1/137-ac4-r1-acceptance.md:92	batch.sh	bare-unresolvable
docs/evidence/s1/137-ac4-r1-acceptance.md:92	apply_mutd.py	bare-unresolvable
docs/evidence/s1/137-ac4-r1-acceptance.md:92	revert_spot.py	bare-unresolvable
docs/evidence/s1/137-ac4-r1-acceptance.md:92	parse.py	bare-unresolvable
docs/evidence/s1/137-ac4-r1-acceptance.md:94	/src/go.mod	root-ambiguous
docs/evidence/s1/137-ac4-r1-acceptance.md:99	parse.py	bare-unresolvable
docs/evidence/s1/137-ac4-r1-acceptance.md:319	revert_spot.py	bare-unresolvable
docs/evidence/s1/137-ac4-r1-acceptance.md:402	.head.txt	bare-unresolvable
docs/evidence/s1/137-ac4-r1-acceptance.md:409	.v.skip.txt	bare-unresolvable
docs/evidence/s1/137-ac4-r1-acceptance.md:486	_test.go	bare-unresolvable
docs/evidence/s1/137-ac4-r1-acceptance.md:530	_test.go	bare-unresolvable
docs/evidence/s1/137-ac4-r1-acceptance.md:637	shot.sh	bare-unresolvable
docs/evidence/s1/137-ac4-r1-acceptance.md:637	batch.sh	bare-unresolvable
docs/evidence/s1/137-ac4-r1-acceptance.md:637	apply_mutd.py	bare-unresolvable
docs/evidence/s1/137-ac4-r1-acceptance.md:637	revert_spot.py	bare-unresolvable
docs/evidence/s1/137-ac4-r1-acceptance.md:637	parse.py	bare-unresolvable
docs/evidence/s1/137-ac4-r1-acceptance.md:637	.v.log	bare-unresolvable
docs/evidence/s1/137-ac4-r1-acceptance.md:637	.head.txt	bare-unresolvable
docs/evidence/s1/137-ac4-r1-acceptance.md:657	MEMORY.md	bare-unresolvable
docs/evidence/s1/137-ac4-r1-acceptance.md:677	parse.py	bare-unresolvable
docs/evidence/s1/137-ac4-r1-acceptance.md:678	.v.log	bare-unresolvable
docs/evidence/s1/137-ac4-r1-acceptance.md:714	.head.txt	bare-unresolvable
docs/evidence/s1/138-cancel-kills-children-r1-accept-r1.md:63	go.mod	bare-ambiguous
docs/evidence/s1/138-cancel-kills-children-r1-accept-r1.md:63	go.sum	bare-ambiguous
docs/evidence/s1/138-cancel-kills-children-r1-accept-r1.md:70	go.mod	bare-ambiguous
docs/evidence/s1/138-cancel-kills-children-r1-accept-r1.md:70	go.sum	bare-ambiguous
docs/evidence/s1/138-cancel-kills-children-r1-accept-r1.md:72	run.go	bare-ambiguous
docs/evidence/s1/138-cancel-kills-children-r1-accept-r1.md:88	shell.exe	bare-unresolvable
docs/evidence/s1/138-cancel-kills-children-r1-accept-r1.md:117	go.mod	bare-ambiguous
docs/evidence/s1/138-cancel-kills-children-r1-accept-r1.md:117	go.sum	bare-ambiguous
docs/evidence/s1/138-cancel-kills-children-r1-accept-r1.md:198	README.md	bare-ambiguous
docs/evidence/s1/138-cancel-kills-children-r1-accept-r1.md:261	shell.exe	bare-unresolvable
docs/evidence/s1/138-cancel-kills-children-r1-accept-r1.md:277	wisp.exe	bare-unresolvable
docs/evidence/s1/138-cancel-kills-children-r1-accept-r1.md:278	wisp.exe	bare-unresolvable
docs/evidence/s1/138-cancel-kills-children-r1-accept-r1.md:352	run.go	bare-ambiguous
docs/evidence/s1/138-cancel-kills-children-r1-accept-r1.md:357	_test.go	bare-unresolvable
docs/evidence/s1/138-cancel-kills-children-r1-accept-r1.md:360	_test.go	bare-unresolvable
docs/evidence/s1/138-cancel-kills-children-r1-accept-r1.md:366	run.go	bare-ambiguous
docs/evidence/s1/138-cancel-kills-children-r1-accept-r1.md:387	_test.go	bare-unresolvable
docs/evidence/s1/138-cancel-kills-children-r1-accept-r1.md:388	fs.go	bare-ambiguous
docs/evidence/s1/138-cancel-kills-children-r1-accept-r1.md:389	fs.go	bare-ambiguous
docs/evidence/s1/138-cancel-kills-children-r1-accept-r1.md:390	fs_write.go	bare-ambiguous
docs/evidence/s1/138-cancel-kills-children-r1-accept-r1.md:391	fs_write.go	bare-ambiguous
docs/evidence/s1/138-cancel-kills-children-r1-accept-r1.md:392	fs_write.go	bare-ambiguous
docs/evidence/s1/138-cancel-kills-children-r1-accept-r1.md:393	fs_write.go	bare-ambiguous
docs/evidence/s1/138-cancel-kills-children-r1-accept-r1.md:415	_test.go	bare-unresolvable
docs/evidence/s1/138-cancel-kills-children-r1-accept-r1.md:432	_test.go	bare-unresolvable
docs/evidence/s1/138-cancel-kills-children-r1-accept-r1.md:438	_test.go	bare-unresolvable
docs/evidence/s1/138-cancel-kills-children-r1-accept-r1.md:491	_test.go	bare-unresolvable
docs/evidence/s1/138-cancel-kills-children-r1-accept-r1.md:493	_test.go	bare-unresolvable
docs/evidence/s1/138-cancel-kills-children-r1-accept-r1.md:505	bridge.go	bare-ambiguous
docs/evidence/s1/138-cancel-kills-children-r1-accept-r1.md:513	_test.go	bare-unresolvable
docs/evidence/s1/138-cancel-kills-children-r1-accept-r1.md:515	bridge.go	bare-ambiguous
docs/evidence/s1/138-cancel-kills-children-r1-accept-r1.md:521	bridge.go	bare-ambiguous
docs/evidence/s1/138-cancel-kills-children-r1-accept-r1.md:525	provenance.go	bare-ambiguous
docs/evidence/s1/138-cancel-kills-children-r1-accept-r1.md:536	doc.go	bare-ambiguous
docs/evidence/s1/138-cancel-kills-children-r1-accept-r1.md:537	approval.go	bare-ambiguous
docs/evidence/s1/138-cancel-kills-children-r1-accept-r1.md:537	bridge.go	bare-ambiguous
docs/evidence/s1/138-cancel-kills-children-r1-accept-r1.md:538	doc.go	bare-ambiguous
docs/evidence/s1/138-cancel-kills-children-r1-accept-r1.md:538	pump.go	bare-ambiguous
docs/evidence/s1/138-cancel-kills-children-r1-accept-r1.md:541	_test.go	bare-unresolvable
docs/evidence/s1/138-cancel-kills-children-r1-accept-r1.md:542	doc.go	bare-ambiguous
docs/evidence/s1/138-cancel-kills-children-r1-accept-r1.md:554	doc.go	bare-ambiguous
docs/evidence/s1/138-cancel-kills-children-r1-accept-r1.md:571	doc.go	bare-ambiguous
docs/evidence/s1/138-cancel-kills-children-r1-accept-r1.md:578	_test.go	bare-unresolvable
docs/evidence/s1/138-cancel-kills-children-r1-accept-r1.md:610	loop.go	bare-ambiguous
docs/evidence/s1/138-cancel-kills-children-r1-accept-r1.md:627	agent-after-c2.log	bare-unresolvable
docs/evidence/s1/138-cancel-kills-children-r1-accept-r1.md:628	agent-before.log	bare-unresolvable
docs/evidence/s1/138-cancel-kills-children-r1-accept-r1.md:629	d22scan.log	bare-ambiguous
docs/evidence/s1/138-cancel-kills-children-r1-accept-r1.md:629	r1.txt	bare-unresolvable
docs/evidence/s1/138-cancel-kills-children-r1-accept-r1.md:629	r2.txt	bare-unresolvable
docs/evidence/s1/138-cancel-kills-children-r1-accept-r1.md:630	shellexec.txt	bare-unresolvable
docs/evidence/s1/138-cancel-kills-children-r1-accept-r1.md:630	slo144_head.go	bare-unresolvable
docs/evidence/s1/138-cancel-kills-children-r1-accept-r1.md:631	agent-before.log	bare-unresolvable
docs/evidence/s1/138-cancel-kills-children-r1-accept-r1.md:631	agent-after-c2.log	bare-unresolvable
docs/evidence/s1/138-cancel-kills-children-r1-accept-r1.md:632	agent-before.log	bare-unresolvable
docs/evidence/s1/138-cancel-kills-children-r1-accept-r1.md:633	agent-after-c2.log	bare-unresolvable
docs/evidence/s1/138-cancel-kills-children-r1-accept-r1.md:636	agent-before.log	bare-unresolvable
docs/evidence/s1/138-cancel-kills-children-r1-accept-r1.md:637	agent-after-c2.log	bare-unresolvable
docs/evidence/s1/138-cancel-kills-children-r1-accept-r1.md:640	agent-before.log	bare-unresolvable
docs/evidence/s1/138-cancel-kills-children-r1-accept-r1.md:640	agent-after-c2.log	bare-unresolvable
docs/evidence/s1/138-cancel-kills-children-r1-accept-r1.md:641	r.txt	bare-unresolvable
docs/evidence/s1/138-cancel-kills-children-r1-accept-r1.md:642	v.txt	bare-unresolvable
docs/evidence/s1/138-cancel-kills-children-r1-accept-r1.md:643	r.txt	bare-unresolvable
docs/evidence/s1/138-cancel-kills-children-r1-accept-r1.md:643	v.txt	bare-unresolvable
docs/evidence/s1/138-cancel-kills-children-r1-accept-r1.md:659	agent-after-c2.log	bare-unresolvable
docs/evidence/s1/138-cancel-kills-children-r1-accept-r1.md:683	/slo144_head.go	root-ambiguous
docs/evidence/s1/138-cancel-kills-children-r1-accept-r1.md:701	_test.go	bare-unresolvable
docs/evidence/s1/138-cancel-kills-children-r1-accept-r1.md:702	_test.go	bare-unresolvable
docs/evidence/s1/138-cancel-kills-children-r1-accept-r1.md:740	agent-before.log	bare-unresolvable
docs/evidence/s1/138-cancel-kills-children-r1-accept-r1.md:740	agent-after-c2.log	bare-unresolvable
docs/evidence/s1/138-cancel-kills-children-r1-accept-r1.md:740	d22scan.log	bare-ambiguous
docs/evidence/s1/138-cancel-kills-children-r1-accept-r1.md:741	r1.txt	bare-unresolvable
docs/evidence/s1/138-cancel-kills-children-r1-accept-r1.md:741	r2.txt	bare-unresolvable
docs/evidence/s1/138-cancel-kills-children-r1-accept-r1.md:761	_other_test.go	bare-unresolvable
docs/evidence/s1/138-cancel-kills-children-r1-accept-r1.md:762	r1.txt	bare-unresolvable
docs/evidence/s1/138-cancel-kills-children-r1-accept-r1.md:762	r2.txt	bare-unresolvable
docs/evidence/s1/138-cancel-kills-children-r1-accept-r1.md:762	shellexec.txt	bare-unresolvable
docs/evidence/s1/138-cancel-kills-children-r1-accept-r1.md:796	doc.go	bare-ambiguous
docs/evidence/s1/138-cancel-kills-children-r1-accept-r1.md:798	go.mod	bare-ambiguous
docs/evidence/s1/138-cancel-kills-children-r1-accept-r1.md:832	MEMORY.md	bare-unresolvable
docs/evidence/s1/138-cancel-kills-children-r1-accept-r1.md:857	provenance.go	bare-ambiguous
docs/evidence/s1/138-cancel-kills-children-r1-accept-r1.md:860	_other_test.go	bare-unresolvable
docs/evidence/s1/138-cancel-kills-children-r1-accept-r1.md:982	shell.exe	bare-unresolvable
docs/evidence/s1/138-cancel-kills-children-r1-accept-r1.md:985	shell.exe	bare-unresolvable
docs/evidence/s1/138-cancel-kills-children-r1-accept-r1.md:986	shell.exe	bare-unresolvable
docs/evidence/s1/138-cancel-kills-children-r1-accept-r1.md:997	shell.exe	bare-unresolvable
docs/evidence/s1/138-cancel-kills-children-r1-accept-r1.md:1019	NN-slug.md	bare-unresolvable
docs/evidence/s1/138-cancel-kills-children-r1-accept-r1.md:1020	NN-slug-done.md	bare-unresolvable
docs/evidence/s1/138-cancel-kills-children-r1-accept-r1.md:1063	shell.exe	bare-unresolvable
docs/evidence/s1/138-cancel-kills-children-r1-accept-r1.md:1102	shell.exe	bare-unresolvable
docs/evidence/s1/138-cancel-kills-children-r1-accept-r1.md:1102	SPEC-07-tools-plugins.md	bare-unresolvable
docs/evidence/s1/138-cancel-kills-children-r1-accept-r1.md:1103	shell.exe	bare-unresolvable
docs/evidence/s1/138-cancel-kills-children-r1.md:194	wisp.exe	bare-unresolvable
docs/evidence/s1/138-cancel-kills-children-r1.md:231	wisp.exe	bare-unresolvable
docs/evidence/s1/138-cancel-kills-children-r1.md:302	_windows.go	bare-unresolvable
docs/evidence/s1/138-cancel-kills-children-r1.md:309	shell.exe	bare-unresolvable
docs/evidence/s1/138-cancel-kills-children-r1.md:310	shell.exe	bare-unresolvable
docs/evidence/s1/138-cancel-kills-children-r1.md:318	_test.go	bare-unresolvable
docs/evidence/s1/138-cancel-kills-children-r1.md:331	_test.go	bare-unresolvable
docs/evidence/s1/138-cancel-kills-children-r1.md:337	wisp.exe	bare-unresolvable
docs/evidence/s1/138-cancel-kills-children-r1.md:339	mockllm.exe	bare-unresolvable
docs/evidence/s1/138-cancel-kills-children-r1.md:339	_test.go	bare-unresolvable
docs/evidence/s1/138-cancel-kills-children-r1.md:399	shell.exe	bare-unresolvable
docs/evidence/s1/138-cancel-kills-children-r1.md:402	shell.exe	bare-unresolvable
docs/evidence/s1/138-cancel-kills-children-r1.md:404	shell.exe	bare-unresolvable
docs/evidence/s1/138-cancel-kills-children-r1.md:404	_test.go	bare-unresolvable
docs/evidence/s1/138-cancel-kills-children-r1.md:407	_test.go	bare-unresolvable
docs/evidence/s1/138-cancel-kills-children-r1.md:414	shell.exe	bare-unresolvable
docs/evidence/s1/138-cancel-kills-children-r1.md:414	_test.go	bare-unresolvable
docs/evidence/s1/138-cancel-kills-children-r1.md:424	risk.sh	bare-unresolvable
docs/evidence/s1/138-cancel-kills-children-r1.md:425	shell.exe	bare-unresolvable
docs/evidence/s1/138-cancel-kills-children-r1.md:426	shell.exe	bare-unresolvable
docs/evidence/s1/138-cancel-kills-children-r1.md:449	doc.go	bare-ambiguous
docs/evidence/s1/138-cancel-kills-children-r1.md:460	shell.exe	bare-unresolvable
docs/evidence/s1/138-cancel-kills-children-r1.md:478	doc.go	bare-ambiguous
docs/evidence/s1/138-cancel-kills-children-r1.md:528	_test.go	bare-unresolvable
docs/evidence/s1/138-cancel-kills-children-r1.md:546	shell.exe	bare-unresolvable
docs/evidence/s1/138-cancel-kills-children-r1.md:554	shell.exe	bare-unresolvable
docs/evidence/s1/138-cancel-kills-children-r1.md:566	shell.exe	bare-unresolvable
docs/evidence/s1/138-cancel-kills-children-r1.md:571	shell.exe	bare-unresolvable
docs/evidence/s1/138-cancel-kills-children-r1.md:572	shell.exe	bare-unresolvable
docs/evidence/s1/138-cancel-kills-children-r1.md:591	go.mod	bare-ambiguous
docs/evidence/s1/138-cancel-kills-children-r1.md:591	go.sum	bare-ambiguous
docs/evidence/s1/138-cancel-kills-children-r1.md:592	_windows.go	bare-unresolvable
docs/evidence/s1/138-cancel-kills-children-r1.md:592	doc.go	bare-ambiguous
docs/evidence/s1/138-cancel-kills-children-r1.md:644	shell.exe	bare-unresolvable
docs/evidence/s1/138-cancel-kills-children-r1.md:645	shell.exe	bare-unresolvable
docs/evidence/s1/138-cancel-kills-children-r1.md:707	agent-before.log	bare-unresolvable
docs/evidence/s1/138-cancel-kills-children-r1.md:707	agent-after-c2.log	bare-unresolvable
docs/evidence/s1/138-cancel-kills-children-r1.md:770	_test.go	bare-unresolvable
docs/evidence/s1/138-cancel-kills-children-r1.md:771	_test.go	bare-unresolvable
docs/evidence/s1/138-cancel-kills-children-r1.md:779	d22scan.log	bare-ambiguous
docs/evidence/s1/138-cancel-kills-children-r1.md:838	wisp.exe	bare-unresolvable
docs/evidence/s1/138-cancel-kills-children-r1.md:839	wisp.exe	bare-unresolvable
docs/evidence/s1/138-cancel-kills-children-r1.md:847	wisp.exe	bare-unresolvable
docs/evidence/s1/138-cancel-kills-children-r1.md:864	_other_test.go	bare-unresolvable
docs/evidence/s1/139-compression-leaves-no-trace-r1-accept-r1.md:68	main.go	bare-ambiguous
docs/evidence/s1/139-compression-leaves-no-trace-r1-accept-r1.md:68	rt.exe	bare-unresolvable
docs/evidence/s1/139-compression-leaves-no-trace-r1-accept-r1.md:68	run.go	bare-ambiguous
docs/evidence/s1/139-compression-leaves-no-trace-r1-accept-r1.md:80	recs.log	bare-unresolvable
docs/evidence/s1/139-compression-leaves-no-trace-r1-accept-r1.md:94	loop.go	bare-ambiguous
docs/evidence/s1/139-compression-leaves-no-trace-r1-accept-r1.md:94	l.log	bare-unresolvable
docs/evidence/s1/139-compression-leaves-no-trace-r1-accept-r1.md:120	zz_accept139_e2e_test.go	bare-unresolvable
docs/evidence/s1/139-compression-leaves-no-trace-r1-accept-r1.md:129	loop.go	bare-ambiguous
docs/evidence/s1/139-compression-leaves-no-trace-r1-accept-r1.md:136	_test.go	bare-unresolvable
docs/evidence/s1/139-compression-leaves-no-trace-r1-accept-r1.md:139	_test.go	bare-unresolvable
docs/evidence/s1/139-compression-leaves-no-trace-r1-accept-r1.md:149	run.go	bare-ambiguous
docs/evidence/s1/139-compression-leaves-no-trace-r1-accept-r1.md:149	models.go	bare-ambiguous
docs/evidence/s1/139-compression-leaves-no-trace-r1-accept-r1.md:152	run.go	bare-ambiguous
docs/evidence/s1/139-compression-leaves-no-trace-r1-accept-r1.md:154	models.go	bare-ambiguous
docs/evidence/s1/139-compression-leaves-no-trace-r1-accept-r1.md:177	wisp.exe	bare-unresolvable
docs/evidence/s1/139-compression-leaves-no-trace-r1-accept-r1.md:187	loop.go	bare-ambiguous
docs/evidence/s1/139-compression-leaves-no-trace-r1-accept-r1.md:188	mut.sh	bare-unresolvable
docs/evidence/s1/139-compression-leaves-no-trace-r1-accept-r1.md:188	drive.sh	bare-unresolvable
docs/evidence/s1/139-compression-leaves-no-trace-r1-accept-r1.md:235	loop.go	bare-ambiguous
docs/evidence/s1/139-compression-leaves-no-trace-r1-accept-r1.md:276	_test.go	bare-unresolvable
docs/evidence/s1/139-compression-leaves-no-trace-r1-accept-r1.md:277	_test.go	bare-unresolvable
docs/evidence/s1/139-compression-leaves-no-trace-r1-accept-r1.md:278	_test.go	bare-unresolvable
docs/evidence/s1/139-compression-leaves-no-trace-r1-accept-r1.md:278	loop.go	bare-ambiguous
docs/evidence/s1/139-compression-leaves-no-trace-r1-accept-r1.md:282	_test.go	bare-unresolvable
docs/evidence/s1/139-compression-leaves-no-trace-r1-accept-r1.md:283	run.go	bare-ambiguous
docs/evidence/s1/139-compression-leaves-no-trace-r1-accept-r1.md:284	_test.go	bare-unresolvable
docs/evidence/s1/139-compression-leaves-no-trace-r1-accept-r1.md:284	run.go	bare-ambiguous
docs/evidence/s1/139-compression-leaves-no-trace-r1-accept-r1.md:285	_test.go	bare-unresolvable
docs/evidence/s1/139-compression-leaves-no-trace-r1-accept-r1.md:287	run.go	bare-ambiguous
docs/evidence/s1/139-compression-leaves-no-trace-r1-accept-r1.md:296	loop.go	bare-ambiguous
docs/evidence/s1/139-compression-leaves-no-trace-r1-accept-r1.md:302	_test.go	bare-unresolvable
docs/evidence/s1/139-compression-leaves-no-trace-r1-accept-r1.md:303	_test.go	bare-unresolvable
docs/evidence/s1/139-compression-leaves-no-trace-r1-accept-r1.md:305	_test.go	bare-unresolvable
docs/evidence/s1/139-compression-leaves-no-trace-r1-accept-r1.md:314	_test.go	bare-unresolvable
docs/evidence/s1/139-compression-leaves-no-trace-r1-accept-r1.md:315	_test.go	bare-unresolvable
docs/evidence/s1/139-compression-leaves-no-trace-r1-accept-r1.md:317	_test.go	bare-unresolvable
docs/evidence/s1/139-compression-leaves-no-trace-r1-accept-r1.md:343	loop.go	bare-ambiguous
docs/evidence/s1/139-compression-leaves-no-trace-r1-accept-r1.md:344	control.go	bare-ambiguous
docs/evidence/s1/139-compression-leaves-no-trace-r1-accept-r1.md:373	loop.go	bare-ambiguous
docs/evidence/s1/139-compression-leaves-no-trace-r1-accept-r1.md:412	/d/work/base/gopath/bin/gofumpt.exe	root-ambiguous
docs/evidence/s1/139-compression-leaves-no-trace-r1-accept-r1.md:413	gofumpt.exe	bare-unresolvable
docs/evidence/s1/139-compression-leaves-no-trace-r1-accept-r1.md:442	loop.go	bare-ambiguous
docs/evidence/s1/139-compression-leaves-no-trace-r1-accept-r1.md:451	_other_test.go	bare-unresolvable
docs/evidence/s1/139-compression-leaves-no-trace-r1-accept-r1.md:458	loop.go	bare-ambiguous
docs/evidence/s1/139-compression-leaves-no-trace-r1-accept-r1.md:459	loop.go	bare-ambiguous
docs/evidence/s1/139-compression-leaves-no-trace-r1-accept-r1.md:465	loop.go	bare-ambiguous
docs/evidence/s1/139-compression-leaves-no-trace-r1-accept-r1.md:516	MEMORY.md	bare-unresolvable
docs/evidence/s1/139-compression-leaves-no-trace-r1-accept-r1.md:536	wisp.exe	bare-unresolvable
docs/evidence/s1/139-compression-leaves-no-trace-r1-accept-r1.md:557	zz_accept139b_ladders_test.go	bare-unresolvable
docs/evidence/s1/139-compression-leaves-no-trace-r1-accept-r1.md:558	zz_accept139b_ladders_test.go	bare-unresolvable
docs/evidence/s1/139-compression-leaves-no-trace-r1-accept-r1.md:559	zz_accept139b_ladders_test.go	bare-unresolvable
docs/evidence/s1/139-compression-leaves-no-trace-r1-accept-r1.md:563	zz_accept139b_ladders_test.go	bare-unresolvable
docs/evidence/s1/139-compression-leaves-no-trace-r1.md:40	_test.go	bare-unresolvable
docs/evidence/s1/139-compression-leaves-no-trace-r1.md:49	_test.go	bare-unresolvable
docs/evidence/s1/139-compression-leaves-no-trace-r1.md:55	run.go	bare-ambiguous
docs/evidence/s1/139-compression-leaves-no-trace-r1.md:56	run.go	bare-ambiguous
docs/evidence/s1/139-compression-leaves-no-trace-r1.md:59	run.go	bare-ambiguous
docs/evidence/s1/139-compression-leaves-no-trace-r1.md:66	_test.go	bare-unresolvable
docs/evidence/s1/139-compression-leaves-no-trace-r1.md:69	loop.go	bare-ambiguous
docs/evidence/s1/139-compression-leaves-no-trace-r1.md:83	_test.go	bare-unresolvable
docs/evidence/s1/139-compression-leaves-no-trace-r1.md:127	run.go	bare-ambiguous
docs/evidence/s1/139-compression-leaves-no-trace-r1.md:127	models.go	bare-ambiguous
docs/evidence/s1/139-compression-leaves-no-trace-r1.md:129	_test.go	bare-unresolvable
docs/evidence/s1/139-compression-leaves-no-trace-r1.md:149	gate-pre-full.log	bare-ambiguous
docs/evidence/s1/139-compression-leaves-no-trace-r1.md:166	loop.go	bare-ambiguous
docs/evidence/s1/139-compression-leaves-no-trace-r1.md:168	_test.go	bare-unresolvable
docs/evidence/s1/139-compression-leaves-no-trace-r1.md:170	loop.go	bare-ambiguous
docs/evidence/s1/139-compression-leaves-no-trace-r1.md:193	loop.go	bare-ambiguous
docs/evidence/s1/139-compression-leaves-no-trace-r1.md:218	loop.go	bare-ambiguous
docs/evidence/s1/139-compression-leaves-no-trace-r1.md:241	c.log	bare-unresolvable
docs/evidence/s1/139-compression-leaves-no-trace-r1.md:242	loop.go	bare-ambiguous
docs/evidence/s1/139-compression-leaves-no-trace-r1.md:265	loop.go	bare-ambiguous
docs/evidence/s1/139-compression-leaves-no-trace-r1.md:298	gate-pre-full.log	bare-ambiguous
docs/evidence/s1/139-compression-leaves-no-trace-r1.md:299	gate-post-full.log	bare-ambiguous
docs/evidence/s1/139-compression-leaves-no-trace-r1.md:329	gofumpt.exe	bare-unresolvable
docs/evidence/s1/139-compression-leaves-no-trace-r1.md:340	_test.go	bare-unresolvable
docs/evidence/s1/139-compression-leaves-no-trace-r1.md:348	loop.go	bare-ambiguous
docs/evidence/s1/139-compression-leaves-no-trace-r1.md:370	_other_test.go	bare-unresolvable
docs/evidence/s1/139-compression-leaves-no-trace-r1.md:402	gate-pre-full.log	bare-ambiguous
docs/evidence/s1/139-compression-leaves-no-trace-r1.md:402	MEMORY.md	bare-unresolvable
docs/evidence/s1/139-compression-leaves-no-trace-r1.md:403	MEMORY.md	bare-unresolvable
docs/evidence/s1/140-ac1-verdict-r1.md:61	doc.go	bare-ambiguous
docs/evidence/s1/140-ac1-verdict-r1.md:62	_test.go	bare-unresolvable
docs/evidence/s1/140-ac1-verdict-r1.md:62	store_test.go	bare-ambiguous
docs/evidence/s1/140-ac1-verdict-r1.md:62	store.go	bare-ambiguous
docs/evidence/s1/140-ac1-verdict-r1.md:87	_test.go	bare-unresolvable
docs/evidence/s1/140-ac1-verdict-r1.md:88	119_other_test.go	bare-unresolvable
docs/evidence/s1/140-ac1-verdict-r1.md:94	_test.go	bare-unresolvable
docs/evidence/s1/140-ac1-verdict-r1.md:98	tempdir_resolved_124_test.go	bare-ambiguous
docs/evidence/s1/140-ac1-verdict-r1.md:123	_test.go	bare-unresolvable
docs/evidence/s1/140-ac1-verdict-r1.md:161	portable.txt	bare-unresolvable
docs/evidence/s1/140-ac1-verdict-r1.md:186	run.go	bare-ambiguous
docs/evidence/s1/140-ac1-verdict-r1.md:186	models.go	bare-ambiguous
docs/evidence/s1/140-ac1-verdict-r1.md:223	slo_windows.go	bare-ambiguous
docs/evidence/s1/140-ac1-verdict-r1.md:282	wisp.exe	bare-unresolvable
docs/evidence/s1/140-ac1-verdict-r1.md:332	wisp.exe	bare-unresolvable
docs/evidence/s1/140-ac1-verdict-r1.md:357	wisp.exe	bare-unresolvable
docs/evidence/s1/140-ac1-verdict-r1.md:365	run.go	bare-ambiguous
docs/evidence/s1/140-ac1-verdict-r1.md:374	slo_windows.go	bare-ambiguous
docs/evidence/s1/140-ac1-verdict-r1.md:375	main.go	bare-ambiguous
docs/evidence/s1/140-ac1-verdict-r1.md:379	wisp.exe	bare-unresolvable
docs/evidence/s1/140-ac1-verdict-r1.md:379	portable.txt	bare-unresolvable
docs/evidence/s1/140-ac1-verdict-r1.md:418	wisp.exe	bare-unresolvable
docs/evidence/s1/140-ac1-verdict-r1.md:419	portable.txt	bare-unresolvable
docs/evidence/s1/140-ac2-static-blast-radius-r1.md:23	agents.md	bare-unresolvable
docs/evidence/s1/140-ac2-static-blast-radius-r1.md:148	main.go	bare-ambiguous
docs/evidence/s1/140-ac2-static-blast-radius-r1.md:208	gcc.exe	bare-unresolvable
docs/evidence/s1/140-ac2-static-blast-radius-r1.md:217	slo_windows.go	bare-ambiguous
docs/evidence/s1/140-ac2-static-blast-radius-r1.md:259	main.go	bare-ambiguous
docs/evidence/s1/140-ac2-static-blast-radius-r1.md:260	run.go	bare-ambiguous
docs/evidence/s1/140-ac2-static-blast-radius-r1.md:267	portable.txt	bare-unresolvable
docs/evidence/s1/140-ac2-static-blast-radius-r1.md:296	run.go	bare-ambiguous
docs/evidence/s1/140-ac2-static-blast-radius-r1.md:296	models.go	bare-ambiguous
docs/evidence/s1/140-ac2-static-blast-radius-r1.md:297	run.go	bare-ambiguous
docs/evidence/s1/140-ac2-static-blast-radius-r1.md:297	models.go	bare-ambiguous
docs/evidence/s1/140-ac2-static-blast-radius-r1.md:299	main.go	bare-ambiguous
docs/evidence/s1/140-ac2-static-blast-radius-r1.md:345	portable.txt	bare-unresolvable
docs/evidence/s1/140-ac2-static-blast-radius-r1.md:346	wisp.exe	bare-unresolvable
docs/evidence/s1/140-ac2-static-blast-radius-r1.md:346	portable.txt	bare-unresolvable
docs/evidence/s1/140-ac2-static-blast-radius-r1.md:349	portable.txt	bare-unresolvable
docs/evidence/s1/140-ac2-static-blast-radius-r1.md:350	wisp.exe	bare-unresolvable
docs/evidence/s1/140-ac2-static-blast-radius-r1.md:350	portable.txt	bare-unresolvable
docs/evidence/s1/140-ac2-static-blast-radius-r1.md:357	slo_windows.go	bare-ambiguous
docs/evidence/s1/140-ac2-static-blast-radius-r1.md:361	run.go	bare-ambiguous
docs/evidence/s1/140-ac2-static-blast-radius-r1.md:361	models.go	bare-ambiguous
docs/evidence/s1/140-ac2-static-blast-radius-r1.md:362	portable.txt	bare-unresolvable
docs/evidence/s1/140-ac2-static-blast-radius-r1.md:387	wisp.exe	bare-unresolvable
docs/evidence/s1/140-ac2-static-blast-radius-r1.md:392	main.go	bare-ambiguous
docs/evidence/s1/140-ac2-static-blast-radius-r1.md:401	wisp.exe	bare-unresolvable
docs/evidence/s1/140-ac2-static-blast-radius-r1.md:407	slo_windows.go	bare-ambiguous
docs/evidence/s1/140-ac2-static-blast-radius-r1.md:447	main.go	bare-ambiguous
docs/evidence/s1/140-ac2-static-blast-radius-r1.md:468	wisp.exe	bare-unresolvable
docs/evidence/s1/140-ac2-static-blast-radius-r1.md:469	portable.txt	bare-unresolvable
docs/evidence/s1/140-ac2-static-blast-radius-r1.md:469	wisp.exe	bare-unresolvable
docs/evidence/s1/140-ac2-static-blast-radius-r1.md:470	config.toml	bare-unresolvable
docs/evidence/s1/140-ac2-static-blast-radius-r1.md:475	slo_windows.go	bare-ambiguous
docs/evidence/s1/140-ac2-static-blast-radius-r1.md:527	wisp.exe	bare-unresolvable
docs/evidence/s1/140-ac2-static-blast-radius-r1.md:529	wisp.exe	bare-unresolvable
docs/evidence/s1/140-ac2-static-blast-radius-r1.md:530	portable.txt	bare-unresolvable
docs/evidence/s1/140-ac2-static-blast-radius-r1.md:538	slo_windows.go	bare-ambiguous
docs/evidence/s1/140-ac2-static-blast-radius-r1.md:560	slo_windows.go	bare-ambiguous
docs/evidence/s1/140-ac2-static-blast-radius-r1.md:585	_test.go	bare-unresolvable
docs/evidence/s1/140-ac2-static-blast-radius-r1.md:599	_test.go	bare-unresolvable
docs/evidence/s1/140-ac2-static-blast-radius-r1.md:608	_test.go	bare-unresolvable
docs/evidence/s1/140-ac2-static-blast-radius-r1.md:626	slo_windows.go	bare-ambiguous
docs/evidence/s1/140-ac2-static-blast-radius-r1.md:680	go.exe	bare-unresolvable
docs/evidence/s1/140-ac2-static-blast-radius-r1.md:680	compile.exe	bare-unresolvable
docs/evidence/s1/140-ac2-static-blast-radius-r1.md:680	link.exe	bare-unresolvable
docs/evidence/s1/140-ac2-static-blast-radius-r1.md:680	gcc.exe	bare-unresolvable
docs/evidence/s1/140-ac2-static-blast-radius-r1.md:680	wisp.exe	bare-unresolvable
docs/evidence/s1/140-ac2-static-blast-radius-r1.md:681	wisp.exe	bare-unresolvable
docs/evidence/s1/140-ac2-static-blast-radius-r1.md:682	portable.txt	bare-unresolvable
docs/evidence/s1/140-ac2-static-blast-radius-r1.md:689	/wisp/go.mod	root-ambiguous
docs/evidence/s1/140-ac2-static-blast-radius-r1.md:760	slo_windows.go	bare-ambiguous
docs/evidence/s1/140-ac2-static-blast-radius-r1.md:766	wisp.exe	bare-unresolvable
docs/evidence/s1/140-ac2-static-blast-radius-r1.md:767	slo_windows.go	bare-ambiguous
docs/evidence/s1/140-ac2-static-blast-radius-r1.md:783	main.go	bare-ambiguous
docs/evidence/s1/140-ac2-static-blast-radius-r1.md:785	main.go	bare-ambiguous
docs/evidence/s1/140-static-inventory-r1.md:67	wisp.exe	bare-unresolvable
docs/evidence/s1/140-static-inventory-r1.md:129	portable.txt	bare-unresolvable
docs/evidence/s1/140-static-inventory-r1.md:132	run.go	bare-ambiguous
docs/evidence/s1/140-static-inventory-r1.md:132	models.go	bare-ambiguous
docs/evidence/s1/140-static-inventory-r1.md:159	tempdir_resolved_124_test.go	bare-ambiguous
docs/evidence/s1/140-static-inventory-r1.md:164	_other_test.go	bare-unresolvable
docs/evidence/s1/140-static-inventory-r1.md:165	pathshape_portable_test.go	bare-ambiguous
docs/evidence/s1/140-static-inventory-r1.md:167	tempdir_resolved_124_test.go	bare-ambiguous
docs/evidence/s1/140-static-inventory-r1.md:174	_test.go	bare-unresolvable
docs/evidence/s1/140-static-inventory-r1.md:252	wisp.exe	bare-unresolvable
docs/evidence/s1/140-static-inventory-r1.md:326	wisp.exe	bare-unresolvable
docs/evidence/s1/140-static-inventory-r1.md:327	wisp.exe	bare-unresolvable
docs/evidence/s1/140-static-inventory-r1.md:328	wisp.exe	bare-unresolvable
docs/evidence/s1/140-static-inventory-r1.md:333	_windows_test.go	bare-unresolvable
docs/evidence/s1/140-static-inventory-r1.md:339	wisp.exe	bare-unresolvable
docs/evidence/s1/140-static-inventory-r1.md:386	MEMORY.md	bare-unresolvable
docs/evidence/s1/141-ac2-stock-inventory-r1.md:115	fs_write.go	bare-ambiguous
docs/evidence/s1/141-ac2-stock-inventory-r1.md:130	fs_write.go	bare-ambiguous
docs/evidence/s1/141-ac2-stock-inventory-r1.md:202	thinking.tsx	bare-only-design-frontend
docs/evidence/s1/141-ac2-stock-inventory-r1.md:202	tool-chips.tsx	bare-only-design-frontend
docs/evidence/s1/141-ac2-stock-inventory-r1.md:202	composer.tsx	bare-only-design-frontend
docs/evidence/s1/141-ac2-stock-inventory-r1.md:202	composer-states.html	bare-only-design-frontend
docs/evidence/s1/141-ac2-stock-inventory-r1.md:203	fs_write.go	bare-ambiguous
docs/evidence/s1/141-ac2-stock-inventory-r1.md:203	approval-card.tsx	bare-only-design-frontend
docs/evidence/s1/141-ac2-stock-inventory-r1.md:203	task-rows.tsx	bare-only-design-frontend
docs/evidence/s1/141-ac2-stock-inventory-r1.md:217	fs_write.go	bare-ambiguous
docs/evidence/s1/141-ac2-stock-inventory-r1.md:239	_test.go	bare-unresolvable
docs/evidence/s1/141-ac2-stock-inventory-r1.md:261	provenance.go	bare-ambiguous
docs/evidence/s1/141-ac2-stock-inventory-r1.md:289	main.go	bare-ambiguous
docs/evidence/s1/141-ac2-stock-inventory-r1.md:298	main.go	bare-ambiguous
docs/evidence/s1/141-ac2-stock-inventory-r1.md:298	_test.go	bare-unresolvable
docs/evidence/s1/141-ac2-stock-inventory-r1.md:454	fs_write.go	bare-ambiguous
docs/evidence/s1/141-ac2-stock-inventory-r1.md:559	composer.tsx	bare-only-design-frontend
docs/evidence/s1/141-ac2-stock-inventory-r1.md:580	composer.tsx	bare-only-design-frontend
docs/evidence/s1/141-ac2-stock-inventory-r1.md:593	main.go	bare-ambiguous
docs/evidence/s1/141-ac2-stock-inventory-r1.md:634	classified.tsv	bare-unresolvable
docs/evidence/s1/141-ac2-stock-inventory-r1.md:634	fe-classified.tsv	bare-unresolvable
docs/evidence/s1/141-ac2-stock-inventory-r1.md:634	fe-posmap.tsv	bare-unresolvable
docs/evidence/s1/141-ac2-stock-inventory-r1.md:635	tbl-a1.md	bare-unresolvable
docs/evidence/s1/141-ac2-stock-inventory-r1.md:635	tbl-a2.md	bare-unresolvable
docs/evidence/s1/141-ac2-stock-inventory-r1.md:635	tbl-b.md	bare-unresolvable
docs/evidence/s1/141-ac2-stock-inventory-r1.md:636	raw-hits.txt	bare-unresolvable
docs/evidence/s1/141-ac2-stock-inventory-r1.md:636	fe-raw.txt	bare-unresolvable
docs/evidence/s1/141-ac2-stock-inventory-r1.md:636	mycommits.txt	bare-unresolvable
docs/evidence/s1/141-ac34-positive-controls-r1.md:26	_test.go	bare-unresolvable
docs/evidence/s1/141-ac34-positive-controls-r1.md:27	_test.go	bare-unresolvable
docs/evidence/s1/141-ac34-positive-controls-r1.md:68	redact.go	bare-ambiguous
docs/evidence/s1/141-q46c-accept-r1.md:18	main.go	bare-ambiguous
docs/evidence/s1/141-q46c-accept-r1.md:49	composer-states.html	bare-only-design-frontend
docs/evidence/s1/141-q46c-accept-r1.md:49	composer.tsx	bare-only-design-frontend
docs/evidence/s1/141-q46c-accept-r1.md:50	thinking.tsx	bare-only-design-frontend
docs/evidence/s1/141-q46c-accept-r1.md:50	tool-chips.tsx	bare-only-design-frontend
docs/evidence/s1/141-q46c-accept-r1.md:82	main.go	bare-ambiguous
docs/evidence/s1/141-q46c-accept-r1.md:94	_test.go	bare-unresolvable
docs/evidence/s1/141-q46c-accept-r1.md:100	/d/tmp/141-acc-bin/d22-wide-noex.exe	root-ambiguous
docs/evidence/s1/141-q46c-accept-r1.md:101	/d/tmp/141-acc-bin/d22-wide-ex.exe	root-ambiguous
docs/evidence/s1/141-q46c-accept-r1.md:107	run.go	bare-ambiguous
docs/evidence/s1/141-q46c-accept-r1.md:109	control.go	bare-ambiguous
docs/evidence/s1/141-q46c-accept-r1.md:109	doc.go	bare-ambiguous
docs/evidence/s1/141-q46c-accept-r1.md:109	gate.go	bare-ambiguous
docs/evidence/s1/141-q46c-accept-r1.md:111	migrate.go	bare-ambiguous
docs/evidence/s1/141-q46c-accept-r1.md:114	provenance.go	bare-ambiguous
docs/evidence/s1/141-q46c-accept-r1.md:149	d22-base.exe	bare-unresolvable
docs/evidence/s1/141-q46c-accept-r1.md:150	d22-strlen.exe	bare-unresolvable
docs/evidence/s1/141-q46c-accept-r1.md:151	d22-noex.exe	bare-unresolvable
docs/evidence/s1/141-q46c-accept-r1.md:167	d22-base.exe	bare-unresolvable
docs/evidence/s1/141-q46c-accept-r1.md:265	schema.go	bare-ambiguous
docs/evidence/s1/141-q46c-accept-r1.md:289	_test.go	bare-unresolvable
docs/evidence/s1/141-q46c-accept-r1.md:301	main.go	bare-ambiguous
docs/evidence/s1/141-q46c-accept-r1.md:388	.scratch/wisp/issues/141-...md	ellipsis
docs/evidence/s1/141-q46c-accept-r1.md:426	vendor.mjs	bare-only-design-frontend
docs/evidence/s1/141-q46c-accept-r1.md:434	_test.go	bare-unresolvable
docs/evidence/s1/141-q46c-accept-r1.md:436	_test.go	bare-unresolvable
docs/evidence/s1/141-q46c-accept-r1.md:438	main.go	bare-ambiguous
docs/evidence/s1/141-q46c-accept-r1.md:449	_test.go	bare-unresolvable
docs/evidence/s1/141-q46c-accept-r1.md:450	_test.go	bare-unresolvable
docs/evidence/s1/141-q46c-accept-r1.md:456	_test.go	bare-unresolvable
docs/evidence/s1/141-q46c-accept-r1.md:461	_test.go	bare-unresolvable
docs/evidence/s1/141-q46c-accept-r1.md:473	main.go	bare-ambiguous
docs/evidence/s1/141-q46c-accept-r1.md:482	main.go	bare-ambiguous
docs/evidence/s1/141-q46c-accept-r1.md:496	main.go	bare-ambiguous
docs/evidence/s1/141-q46c-accept-r1.md:497	main.go	bare-ambiguous
docs/evidence/s1/141-q46c-accept-r1.md:510	schema.go	bare-ambiguous
docs/evidence/s1/141-q46c-accept-r1.md:514	main.go	bare-ambiguous
docs/evidence/s1/141-q46c-accept-r1.md:532	main.go	bare-ambiguous
docs/evidence/s1/141-q46c-impl.md:29	main.go	bare-ambiguous
docs/evidence/s1/141-q46c-impl.md:39	141-scan-after-change.txt	bare-unresolvable
docs/evidence/s1/141-q46c-impl.md:50	seed.go	bare-unresolvable
docs/evidence/s1/141-q46c-impl.md:52	141-mut-shipped.txt	bare-unresolvable
docs/evidence/s1/141-q46c-impl.md:52	141-mut-noband.txt	bare-unresolvable
docs/evidence/s1/141-q46c-impl.md:126	gofumpt.exe	bare-unresolvable
docs/evidence/s1/141-q46c-impl.md:138	_test.go	bare-unresolvable
docs/evidence/s1/141-q46c-impl.md:140	_test.go	bare-unresolvable
docs/evidence/s1/141-q46c-impl.md:141	main.go	bare-ambiguous
docs/evidence/s1/141-q46c-impl.md:142	main.go	bare-ambiguous
docs/evidence/s1/141-q46c-impl.md:158	MEMORY.md	bare-unresolvable
docs/evidence/s1/141-q46c-impl.md:168	main.go	bare-ambiguous
docs/evidence/s1/141-q46c-impl.md:175	141-q46c-blocked-r1.md	bare-unresolvable
docs/evidence/s1/141-q46c-impl.md:180	141-base-scan.txt	bare-unresolvable
docs/evidence/s1/141-q46c-impl.md:221	composer-states.html	bare-only-design-frontend
docs/evidence/s1/141-q46c-impl.md:221	composer.tsx	bare-only-design-frontend
docs/evidence/s1/141-q46c-impl.md:221	thinking.tsx	bare-only-design-frontend
docs/evidence/s1/141-q46c-impl.md:221	tool-chips.tsx	bare-only-design-frontend
docs/evidence/s1/142-non-quiescent-index-guard-accept-r1.md:3	main.go	bare-ambiguous
docs/evidence/s1/142-non-quiescent-index-guard-accept-r1.md:52	battery-accept.py	bare-unresolvable
docs/evidence/s1/142-non-quiescent-index-guard-accept-r1.md:53	snap-gate.sh	bare-unresolvable
docs/evidence/s1/142-non-quiescent-index-guard-accept-r1.md:53	gate.log	bare-unresolvable
docs/evidence/s1/142-non-quiescent-index-guard-accept-r1.md:53	scan.log	bare-unresolvable
docs/evidence/s1/142-non-quiescent-index-guard-accept-r1.md:53	roster.txt	bare-unresolvable
docs/evidence/s1/142-non-quiescent-index-guard-accept-r1.md:54	skip-gate.log	bare-unresolvable
docs/evidence/s1/142-non-quiescent-index-guard-accept-r1.md:55	ab-worktree.sh	bare-unresolvable
docs/evidence/s1/142-non-quiescent-index-guard-accept-r1.md:56	run-probe.sh	bare-unresolvable
docs/evidence/s1/142-non-quiescent-index-guard-accept-r1.md:56	delivered.log	bare-unresolvable
docs/evidence/s1/142-non-quiescent-index-guard-accept-r1.md:56	s4.log	bare-unresolvable
docs/evidence/s1/142-non-quiescent-index-guard-accept-r1.md:57	linux-leg.sh	bare-unresolvable
docs/evidence/s1/142-non-quiescent-index-guard-accept-r1.md:66	main.go	bare-ambiguous
docs/evidence/s1/142-non-quiescent-index-guard-accept-r1.md:72	main.go	bare-ambiguous
docs/evidence/s1/142-non-quiescent-index-guard-accept-r1.md:87	main.go	bare-ambiguous
docs/evidence/s1/142-non-quiescent-index-guard-accept-r1.md:96	main.go	bare-ambiguous
docs/evidence/s1/142-non-quiescent-index-guard-accept-r1.md:97	main.go	bare-ambiguous
docs/evidence/s1/142-non-quiescent-index-guard-accept-r1.md:99	main.go	bare-ambiguous
docs/evidence/s1/142-non-quiescent-index-guard-accept-r1.md:144	zz_shim_probe_test.go	bare-unresolvable
docs/evidence/s1/142-non-quiescent-index-guard-accept-r1.md:145	zz_shim_probe_test.go	bare-unresolvable
docs/evidence/s1/142-non-quiescent-index-guard-accept-r1.md:148	_test.go	bare-unresolvable
docs/evidence/s1/142-non-quiescent-index-guard-accept-r1.md:159	zz_race_probe_test.go	bare-unresolvable
docs/evidence/s1/142-non-quiescent-index-guard-accept-r1.md:181	battery-accept.py	bare-unresolvable
docs/evidence/s1/142-non-quiescent-index-guard-accept-r1.md:181	battery.py	bare-unresolvable
docs/evidence/s1/142-non-quiescent-index-guard-accept-r1.md:191	main.go	bare-ambiguous
docs/evidence/s1/142-non-quiescent-index-guard-accept-r1.md:191	shipped.tsx	bare-unresolvable
docs/evidence/s1/142-non-quiescent-index-guard-accept-r1.md:238	nird.tsx	bare-unresolvable
docs/evidence/s1/142-non-quiescent-index-guard-accept-r1.md:319	shipped.tsx	bare-unresolvable
docs/evidence/s1/142-non-quiescent-index-guard-accept-r1.md:386	main.go	bare-ambiguous
docs/evidence/s1/142-non-quiescent-index-guard-accept-r1.md:440	render-nav.tsx	bare-only-design-frontend
docs/evidence/s1/142-non-quiescent-index-guard-accept-r1.md:440	nav-rail.tsx	bare-only-design-frontend
docs/evidence/s1/142-non-quiescent-index-guard-accept-r1.md:440	panel-views.ts	bare-only-design-frontend
docs/evidence/s1/142-non-quiescent-index-guard-accept-r1.md:449	skip-gate.log	bare-unresolvable
docs/evidence/s1/142-non-quiescent-index-guard-accept-r1.md:491	main.go	bare-ambiguous
docs/evidence/s1/142-non-quiescent-index-guard-accept-r1.md:501	main.go	bare-ambiguous
docs/evidence/s1/142-non-quiescent-index-guard-accept-r1.md:503	main.go	bare-ambiguous
docs/evidence/s1/142-non-quiescent-index-guard-accept-r1.md:508	main.go	bare-ambiguous
docs/evidence/s1/142-non-quiescent-index-guard-accept-r1.md:556	linux-leg.sh	bare-unresolvable
docs/evidence/s1/142-non-quiescent-index-guard-accept-r1.md:559	/w/tools/d22scan/scan_test.go	root-ambiguous
docs/evidence/s1/142-non-quiescent-index-guard-accept-r1.md:560	/w/tools/d22scan/gitignore.go	root-ambiguous
docs/evidence/s1/142-non-quiescent-index-guard-accept-r1.md:570	d22scan.exe	bare-unresolvable
docs/evidence/s1/142-non-quiescent-index-guard-accept-r1.md:571	_windows.go	bare-unresolvable
docs/evidence/s1/142-non-quiescent-index-guard-accept-r1.md:571	_linux.go	bare-unresolvable
docs/evidence/s1/142-non-quiescent-index-guard-accept-r1.md:571	_other_test.go	bare-unresolvable
docs/evidence/s1/142-non-quiescent-index-guard-accept-r1.md:610	main.go	bare-ambiguous
docs/evidence/s1/142-non-quiescent-index-guard-r1.md:63	main.go	bare-ambiguous
docs/evidence/s1/142-non-quiescent-index-guard-r1.md:64	main.go	bare-ambiguous
docs/evidence/s1/142-non-quiescent-index-guard-r1.md:137	battery.py	bare-unresolvable
docs/evidence/s1/142-non-quiescent-index-guard-r1.md:143	shipped.tsx	bare-unresolvable
docs/evidence/s1/142-non-quiescent-index-guard-r1.md:160	main.go	bare-ambiguous
docs/evidence/s1/142-non-quiescent-index-guard-r1.md:160	shipped.tsx	bare-unresolvable
docs/evidence/s1/142-non-quiescent-index-guard-r1.md:177	shipped.tsx	bare-unresolvable
docs/evidence/s1/142-non-quiescent-index-guard-r1.md:183	battery.py	bare-unresolvable
docs/evidence/s1/142-non-quiescent-index-guard-r1.md:185	M-A-no-guard.log	bare-unresolvable
docs/evidence/s1/142-non-quiescent-index-guard-r1.md:239	main.go	bare-ambiguous
docs/evidence/s1/142-non-quiescent-index-guard-r1.md:273	main.go	bare-ambiguous
docs/evidence/s1/142-non-quiescent-index-guard-r1.md:287	planted.go	bare-unresolvable
docs/evidence/s1/142-non-quiescent-index-guard-r1.md:319	main.go	bare-ambiguous
docs/evidence/s1/142-non-quiescent-index-guard-r1.md:366	battery.py	bare-unresolvable
docs/evidence/s1/143-panel-assets-r4-leg-accept-r1.md:22	pristine-panel_assets-acc143.go	bare-unresolvable
docs/evidence/s1/143-panel-assets-r4-leg-accept-r1.md:49	approval.go	bare-ambiguous
docs/evidence/s1/143-panel-assets-r4-leg-accept-r1.md:59	provenance.go	bare-ambiguous
docs/evidence/s1/143-panel-assets-r4-leg-accept-r1.md:59	_test.go	bare-unresolvable
docs/evidence/s1/143-panel-assets-r4-leg-accept-r1.md:61	wisp-acc-after.exe	bare-unresolvable
docs/evidence/s1/143-panel-assets-r4-leg-accept-r1.md:118	approval.go	bare-ambiguous
docs/evidence/s1/143-panel-assets-r4-leg-accept-r1.md:134	wisp-acc-before.exe	bare-unresolvable
docs/evidence/s1/143-panel-assets-r4-leg-accept-r1.md:135	wisp-acc-after.exe	bare-unresolvable
docs/evidence/s1/143-panel-assets-r4-leg-accept-r1.md:151	x-before.json	bare-unresolvable
docs/evidence/s1/143-panel-assets-r4-leg-accept-r1.md:151	x-after.json	bare-unresolvable
docs/evidence/s1/143-panel-assets-r4-leg-accept-r1.md:184	acc2-M1-full.log	bare-unresolvable
docs/evidence/s1/143-panel-assets-r4-leg-accept-r1.md:192	wisp-acc-M1.exe	bare-unresolvable
docs/evidence/s1/143-panel-assets-r4-leg-accept-r1.md:243	C-after.json	bare-unresolvable
docs/evidence/s1/143-panel-assets-r4-leg-accept-r1.md:312	_test.go	bare-unresolvable
docs/evidence/s1/143-panel-assets-r4-leg-accept-r1.md:340	loop.go	bare-ambiguous
docs/evidence/s1/143-panel-assets-r4-leg-accept-r1.md:343	run.go	bare-ambiguous
docs/evidence/s1/143-panel-assets-r4-leg-accept-r1.md:344	bridge.go	bare-ambiguous
docs/evidence/s1/143-panel-assets-r4-leg-accept-r1.md:345	loop.go	bare-ambiguous
docs/evidence/s1/143-panel-assets-r4-leg-accept-r1.md:392	provenance.go	bare-ambiguous
docs/evidence/s1/143-panel-assets-r4-leg-accept-r1.md:392	taintmatch.go	bare-ambiguous
docs/evidence/s1/143-panel-assets-r4-leg-accept-r1.md:431	panel.ts	bare-only-design-frontend
docs/evidence/s1/143-panel-assets-r4-leg-accept-r1.md:432	wisp-acc-after.exe	bare-unresolvable
docs/evidence/s1/143-panel-assets-r4-leg-accept-r1.md:433	provenance.go	bare-ambiguous
docs/evidence/s1/143-panel-assets-r4-leg-accept-r1.md:433	_test.go	bare-unresolvable
docs/evidence/s1/143-panel-assets-r4-leg-accept-r1.md:434	approval.go	bare-ambiguous
docs/evidence/s1/143-panel-assets-r4-leg-accept-r1.md:434	provenance.go	bare-ambiguous
docs/evidence/s1/143-panel-assets-r4-leg-accept-r1.md:460	bridge.go	bare-ambiguous
docs/evidence/s1/143-panel-assets-r4-leg-accept-r1.md:477	bridge.go	bare-ambiguous
docs/evidence/s1/143-panel-assets-r4-leg-accept-r1.md:484	_other_test.go	bare-unresolvable
docs/evidence/s1/143-panel-assets-r4-leg-accept-r1.md:490	panel.ts	bare-only-design-frontend
docs/evidence/s1/143-panel-assets-r4-leg-accept-r1.md:490	approval-card.tsx	bare-only-design-frontend
docs/evidence/s1/143-panel-assets-r4-leg-accept-r1.md:492	provenance.go	bare-ambiguous
docs/evidence/s1/143-panel-assets-r4-leg-accept-r1.md:545	/d/tmp/acc-143/staged-final.txt	root-ambiguous
docs/evidence/s1/143-panel-assets-r4-leg-r1.md:28	bridge.go	bare-ambiguous
docs/evidence/s1/143-panel-assets-r4-leg-r1.md:28	_test.go	bare-unresolvable
docs/evidence/s1/143-panel-assets-r4-leg-r1.md:37	bridge.go	bare-ambiguous
docs/evidence/s1/143-panel-assets-r4-leg-r1.md:38	bridge.go	bare-ambiguous
docs/evidence/s1/143-panel-assets-r4-leg-r1.md:39	bridge.go	bare-ambiguous
docs/evidence/s1/143-panel-assets-r4-leg-r1.md:41	loop.go	bare-ambiguous
docs/evidence/s1/143-panel-assets-r4-leg-r1.md:60	bridge.go	bare-ambiguous
docs/evidence/s1/143-panel-assets-r4-leg-r1.md:73	provenance.go	bare-ambiguous
docs/evidence/s1/143-panel-assets-r4-leg-r1.md:86	provenance.go	bare-ambiguous
docs/evidence/s1/143-panel-assets-r4-leg-r1.md:87	provenance.go	bare-ambiguous
docs/evidence/s1/143-panel-assets-r4-leg-r1.md:116	/d/tmp/ticket-143/wisp-before.exe	root-ambiguous
docs/evidence/s1/143-panel-assets-r4-leg-r1.md:117	wisp-after.exe	bare-unresolvable
docs/evidence/s1/143-panel-assets-r4-leg-r1.md:121	outA-before.json	bare-unresolvable
docs/evidence/s1/143-panel-assets-r4-leg-r1.md:121	outA-after.json	bare-unresolvable
docs/evidence/s1/143-panel-assets-r4-leg-r1.md:125	wisp-before.exe	bare-unresolvable
docs/evidence/s1/143-panel-assets-r4-leg-r1.md:128	x-before.json	bare-unresolvable
docs/evidence/s1/143-panel-assets-r4-leg-r1.md:128	x-after.json	bare-unresolvable
docs/evidence/s1/143-panel-assets-r4-leg-r1.md:128	wisp-after.exe	bare-unresolvable
docs/evidence/s1/143-panel-assets-r4-leg-r1.md:132	x-before.json	bare-unresolvable
docs/evidence/s1/143-panel-assets-r4-leg-r1.md:132	x-after2.json	bare-unresolvable
docs/evidence/s1/143-panel-assets-r4-leg-r1.md:132	wisp-after2.exe	bare-unresolvable
docs/evidence/s1/143-panel-assets-r4-leg-r1.md:182	go.mod	bare-ambiguous
docs/evidence/s1/143-panel-assets-r4-leg-r1.md:182	go.sum	bare-ambiguous
docs/evidence/s1/143-panel-assets-r4-leg-r1.md:182	embed.go	bare-only-design-frontend
docs/evidence/s1/143-panel-assets-r4-leg-r1.md:184	mut1.txt	bare-unresolvable
docs/evidence/s1/143-panel-assets-r4-leg-r1.md:184	mut2.txt	bare-unresolvable
docs/evidence/s1/143-panel-assets-r4-leg-r1.md:184	mut1b.txt	bare-unresolvable
docs/evidence/s1/143-panel-assets-r4-leg-r1.md:184	mut2b.txt	bare-unresolvable
docs/evidence/s1/143-panel-assets-r4-leg-r1.md:191	/d/tmp/ticket-143/mut/cmd/wisp/panel_assets.go	root-ambiguous
docs/evidence/s1/143-panel-assets-r4-leg-r1.md:203	mut1.txt	bare-unresolvable
docs/evidence/s1/143-panel-assets-r4-leg-r1.md:208	mut1.txt	bare-unresolvable
docs/evidence/s1/143-panel-assets-r4-leg-r1.md:208	mut2.txt	bare-unresolvable
docs/evidence/s1/143-panel-assets-r4-leg-r1.md:208	mut1b.txt	bare-unresolvable
docs/evidence/s1/143-panel-assets-r4-leg-r1.md:208	mut2b.txt	bare-unresolvable
docs/evidence/s1/143-panel-assets-r4-leg-r1.md:249	roster-after2.txt	bare-unresolvable
docs/evidence/s1/143-panel-assets-r4-leg-r1.md:273	_test.go	bare-unresolvable
docs/evidence/s1/143-panel-assets-r4-leg-r1.md:281	provenance.go	bare-ambiguous
docs/evidence/s1/143-panel-assets-r4-leg-r1.md:281	taintmatch.go	bare-ambiguous
docs/evidence/s1/143-panel-assets-r4-leg-r1.md:358	wisp-after2.exe	bare-unresolvable
docs/evidence/s1/143-panel-assets-r4-leg-r1.md:375	provenance.go	bare-ambiguous
docs/evidence/s1/143-panel-assets-r4-leg-r1.md:385	panel.ts	bare-only-design-frontend
docs/evidence/s1/143-panel-assets-r4-leg-r1.md:390	provenance.go	bare-ambiguous
docs/evidence/s1/144-slo-report-partial-read-r1-accept-r1.md:4	slo_windows.go	bare-ambiguous
docs/evidence/s1/144-slo-report-partial-read-r1-accept-r1.md:75	acc144driver_windows_test.go	bare-unresolvable
docs/evidence/s1/144-slo-report-partial-read-r1-accept-r1.md:167	post-full.log	bare-unresolvable
docs/evidence/s1/144-slo-report-partial-read-r1-accept-r1.md:167	s+<file>.go	placeholder
docs/evidence/s1/144-slo-report-partial-read-r1-accept-r1.md:198	_test.go	bare-unresolvable
docs/evidence/s1/144-slo-report-partial-read-r1-accept-r1.md:207	slo_windows.go	bare-ambiguous
docs/evidence/s1/144-slo-report-partial-read-r1-accept-r1.md:208	slo_windows.go	bare-ambiguous
docs/evidence/s1/144-slo-report-partial-read-r1-accept-r1.md:209	slo_windows.go	bare-ambiguous
docs/evidence/s1/144-slo-report-partial-read-r1-accept-r1.md:241	subjectReportRead.sum	bare-unresolvable
docs/evidence/s1/144-slo-report-partial-read-r1-accept-r1.md:337	go.exe	bare-unresolvable
docs/evidence/s1/144-slo-report-partial-read-r1-accept-r1.md:350	acc144probe_windows_test.go	bare-unresolvable
docs/evidence/s1/144-slo-report-partial-read-r1-accept-r1.md:396	go.exe	bare-unresolvable
docs/evidence/s1/144-slo-report-partial-read-r1-accept-r1.md:396	gofmt.exe	bare-unresolvable
docs/evidence/s1/144-slo-report-partial-read-r1-accept-r1.md:396	cgo.exe	bare-unresolvable
docs/evidence/s1/144-slo-report-partial-read-r1-accept-r1.md:396	compile.exe	bare-unresolvable
docs/evidence/s1/144-slo-report-partial-read-r1-accept-r1.md:396	asm.exe	bare-unresolvable
docs/evidence/s1/144-slo-report-partial-read-r1-accept-r1.md:396	link.exe	bare-unresolvable
docs/evidence/s1/144-slo-report-partial-read-r1-accept-r1.md:397	wisp.exe	bare-unresolvable
docs/evidence/s1/144-slo-report-partial-read-r1-accept-r1.md:397	wisp-cli.exe	bare-unresolvable
docs/evidence/s1/144-slo-report-partial-read-r1-accept-r1.md:397	staticcheck.exe	bare-unresolvable
docs/evidence/s1/144-slo-report-partial-read-r1-accept-r1.md:403	go.exe	bare-unresolvable
docs/evidence/s1/144-slo-report-partial-read-r1-accept-r1.md:462	tokens.css	bare-only-design-frontend
docs/evidence/s1/144-slo-report-partial-read-r1-accept-r1.md:467	wisp.exe	bare-unresolvable
docs/evidence/s1/144-slo-report-partial-read-r1-accept-r1.md:470	slo-no-conclusion.json	bare-unresolvable
docs/evidence/s1/144-slo-report-partial-read-r1-accept-r1.md:484	slo_windows.go	bare-ambiguous
docs/evidence/s1/144-slo-report-partial-read-r1-accept-r1.md:553	_test.go	bare-unresolvable
docs/evidence/s1/144-slo-report-partial-read-r1-accept-r1.md:603	post-full.log	bare-unresolvable
docs/evidence/s1/144-slo-report-partial-read-r1-accept-r1.md:662	slo_windows.go	bare-ambiguous
docs/evidence/s1/144-slo-report-partial-read-r1-accept-r1.md:662	_test.go	bare-unresolvable
docs/evidence/s1/144-slo-report-partial-read-r1-accept-r1.md:663	_test.go	bare-unresolvable
docs/evidence/s1/144-slo-report-partial-read-r1.md:32	slo_windows.go	bare-ambiguous
docs/evidence/s1/144-slo-report-partial-read-r1.md:89	slo_windows.go	bare-ambiguous
docs/evidence/s1/144-slo-report-partial-read-r1.md:185	go.mod	bare-ambiguous
docs/evidence/s1/144-slo-report-partial-read-r1.md:185	go.sum	bare-ambiguous
docs/evidence/s1/144-slo-report-partial-read-r1.md:228	scripted.json	bare-unresolvable
docs/evidence/s1/144-slo-report-partial-read-r1.md:239	/d/tmp/wisp-144-bin/wisp-fixed.exe	root-ambiguous
docs/evidence/s1/144-slo-report-partial-read-r1.md:240	/d/tmp/wisp-144-bin/wisp-mut.exe	root-ambiguous
docs/evidence/s1/144-slo-report-partial-read-r1.md:241	fixed-1.json	bare-unresolvable
docs/evidence/s1/144-slo-report-partial-read-r1.md:242	mut-1.json	bare-unresolvable
docs/evidence/s1/144-slo-report-partial-read-r1.md:261	mutA.log	bare-unresolvable
docs/evidence/s1/144-slo-report-partial-read-r1.md:261	mutB.log	bare-unresolvable
docs/evidence/s1/144-slo-report-partial-read-r1.md:261	copy-baseline.log	bare-unresolvable
docs/evidence/s1/144-slo-report-partial-read-r1.md:262	probe-baseline.log	bare-unresolvable
docs/evidence/s1/144-slo-report-partial-read-r1.md:262	r2-before-full.log	bare-unresolvable
docs/evidence/s1/144-slo-report-partial-read-r1.md:262	r2-after-full.log	bare-unresolvable
docs/evidence/s1/144-slo-report-partial-read-r1.md:262	d22scan-r2.log	bare-unresolvable
docs/evidence/s1/144-slo-report-partial-read-r1.md:273	slo_windows.go	bare-ambiguous
docs/evidence/s1/144-slo-report-partial-read-r1.md:284	mutA.log	bare-unresolvable
docs/evidence/s1/144-slo-report-partial-read-r1.md:285	mutB.log	bare-unresolvable
docs/evidence/s1/144-slo-report-partial-read-r1.md:303	z144diff_windows_test.go	bare-unresolvable
docs/evidence/s1/144-slo-report-partial-read-r1.md:397	_test.go	bare-unresolvable
docs/evidence/s1/144-slo-report-partial-read-r1.md:402	_test.go	bare-unresolvable
docs/evidence/s1/144-slo-report-partial-read-r1.md:425	go.exe	bare-unresolvable
docs/evidence/s1/144-slo-report-partial-read-r1.md:425	Runner.Listener.exe	bare-unresolvable
docs/evidence/s1/144-slo-report-partial-read-r1.md:435	slo-report.json	bare-unresolvable
docs/evidence/s1/144-slo-report-partial-read-r1.md:436	slo-report.json	bare-unresolvable
docs/evidence/s1/144-slo-report-partial-read-r1.md:441	slo-report.json	bare-unresolvable
docs/evidence/s1/144-slo-report-partial-read-r1.md:453	slo_windows.go	bare-ambiguous
docs/evidence/s1/144-slo-report-partial-read-r1.md:482	_test.go	bare-unresolvable
docs/evidence/s1/144-slo-report-partial-read-r1.md:541	_test.go	bare-unresolvable
docs/evidence/s1/144-slo-report-partial-read-r1.md:552	Runner.Listener.exe	bare-unresolvable
docs/evidence/s1/145-snapshot-field-census-r1.md:57	approval.go	bare-ambiguous
docs/evidence/s1/145-snapshot-field-census-r1.md:57	bridge.go	bare-ambiguous
docs/evidence/s1/145-snapshot-field-census-r1.md:79	App.tsx	bare-only-design-frontend
docs/evidence/s1/145-snapshot-field-census-r1.md:80	bridge.go	bare-ambiguous
docs/evidence/s1/145-snapshot-field-census-r1.md:80	panel.ts	bare-only-design-frontend
docs/evidence/s1/145-snapshot-field-census-r1.md:90	panel-skeleton.tsx	bare-only-design-frontend
docs/evidence/s1/145-snapshot-field-census-r1.md:94	composer.tsx	bare-only-design-frontend
docs/evidence/s1/145-snapshot-field-census-r1.md:95	App.tsx	bare-only-design-frontend
docs/evidence/s1/145-snapshot-field-census-r1.md:148	store.go	bare-ambiguous
docs/evidence/s1/145-snapshot-field-census-r1.md:215	loop.go	bare-ambiguous
docs/evidence/s1/145-snapshot-field-census-r1.md:224	loop.go	bare-ambiguous
docs/evidence/s1/145-snapshot-field-census-r1.md:235	loop.go	bare-ambiguous
docs/evidence/s1/145-snapshot-field-census-r1.md:236	loop.go	bare-ambiguous
docs/evidence/s1/145-snapshot-field-census-r1.md:240	models.go	bare-ambiguous
docs/evidence/s1/145-snapshot-field-census-r1.md:247	panel-views.ts	bare-only-design-frontend
docs/evidence/s1/145-snapshot-field-census-r1.md:254	models.go	bare-ambiguous
docs/evidence/s1/145-snapshot-field-census-r1.md:256	loop.go	bare-ambiguous
docs/evidence/s1/145-snapshot-field-census-r1.md:257	models.go	bare-ambiguous
docs/evidence/s1/145-snapshot-field-census-r1.md:268	l2-approval-card.tsx	bare-only-design-frontend
docs/evidence/s1/145-snapshot-field-census-r1.md:276	App.tsx	bare-only-design-frontend
docs/evidence/s1/145-snapshot-field-census-r1.md:289	l2-approval-card.tsx	bare-only-design-frontend
docs/evidence/s1/145-snapshot-field-census-r1.md:315	approval.go	bare-ambiguous
docs/evidence/s1/145-snapshot-field-census-r1.md:316	approval.go	bare-ambiguous
docs/evidence/s1/145-snapshot-field-census-r1.md:321	l2-approval-card.tsx	bare-only-design-frontend
docs/evidence/s1/145-snapshot-field-census-r1.md:322	approval.go	bare-ambiguous
docs/evidence/s1/145-snapshot-field-census-r1.md:347	loop.go	bare-ambiguous
docs/evidence/s1/145-snapshot-field-census-r1.md:359	composer.tsx	bare-only-design-frontend
docs/evidence/s1/145-snapshot-field-census-r1.md:359	App.tsx	bare-only-design-frontend
docs/evidence/s1/145-snapshot-field-census-r1.md:370	loop.go	bare-ambiguous
docs/evidence/s1/145-snapshot-field-census-r1.md:371	loop.go	bare-ambiguous
docs/evidence/s1/145-snapshot-field-census-r1.md:374	control.go	bare-ambiguous
docs/evidence/s1/145-snapshot-field-census-r1.md:385	loop.go	bare-ambiguous
docs/evidence/s1/145-snapshot-field-census-r1.md:393	loop.go	bare-ambiguous
docs/evidence/s1/145-snapshot-field-census-r1.md:402	loop.go	bare-ambiguous
docs/evidence/s1/145-snapshot-field-census-r1.md:403	loop.go	bare-ambiguous
docs/evidence/s1/145-snapshot-field-census-r1.md:407	loop.go	bare-ambiguous
docs/evidence/s1/145-snapshot-field-census-r1.md:408	loop.go	bare-ambiguous
docs/evidence/s1/145-snapshot-field-census-r1.md:409	loop.go	bare-ambiguous
docs/evidence/s1/145-snapshot-field-census-r1.md:419	approval.go	bare-ambiguous
docs/evidence/s1/145-snapshot-field-census-r1.md:419	l2-approval-card.tsx	bare-only-design-frontend
docs/evidence/s1/145-snapshot-field-census-r1.md:421	provenance.go	bare-ambiguous
docs/evidence/s1/145-snapshot-field-census-r1.md:452	App.tsx	bare-only-design-frontend
docs/evidence/s1/145-snapshot-field-census-r1.md:453	panel-views.ts	bare-only-design-frontend
docs/evidence/s1/145-snapshot-field-census-r1.md:454	panel.ts	bare-only-design-frontend
docs/evidence/s1/145-snapshot-field-census-r1.md:459	panel-views.ts	bare-only-design-frontend
docs/evidence/s1/145-snapshot-field-census-r1.md:464	panel-views.ts	bare-only-design-frontend
docs/evidence/s1/145-snapshot-field-census-r1.md:467	panel-views.ts	bare-only-design-frontend
docs/evidence/s1/145-snapshot-field-census-r1.md:477	panel.ts	bare-only-design-frontend
docs/evidence/s1/145-snapshot-field-census-r1.md:482	panel.ts	bare-only-design-frontend
docs/evidence/s1/145-snapshot-field-census-r1.md:496	store.go	bare-ambiguous
docs/evidence/s1/145-snapshot-field-census-r1.md:499	panel-views.ts	bare-only-design-frontend
docs/evidence/s1/145-snapshot-field-census-r1.md:512	panel-views.ts	bare-only-design-frontend
docs/evidence/s1/145-snapshot-field-census-r1.md:533	App.tsx	bare-only-design-frontend
docs/evidence/s1/145-snapshot-field-census-r1.md:533	panel-views.ts	bare-only-design-frontend
docs/evidence/s1/145-snapshot-field-census-r1.md:542	_test.go	bare-unresolvable
docs/evidence/s1/145-snapshot-field-census-r1.md:544	approval.go	bare-ambiguous
docs/evidence/s1/145-snapshot-field-census-r1.md:545	approval.go	bare-ambiguous
docs/evidence/s1/145-snapshot-field-census-r1.md:563	App.tsx	bare-only-design-frontend
docs/evidence/s1/145-snapshot-field-census-r1.md:564	loop.go	bare-ambiguous
docs/evidence/s1/145-snapshot-field-census-r1.md:565	events.go	bare-ambiguous
docs/evidence/s1/145-snapshot-field-census-r1.md:565	loop.go	bare-ambiguous
docs/evidence/s1/145-snapshot-field-census-r1.md:566	loop.go	bare-ambiguous
docs/evidence/s1/145-snapshot-field-census-r1.md:566	events.go	bare-ambiguous
docs/evidence/s1/145-snapshot-field-census-r1.md:566	errors.go	bare-ambiguous
docs/evidence/s1/145-snapshot-field-census-r1.md:567	loop.go	bare-ambiguous
docs/evidence/s1/145-snapshot-field-census-r1.md:567	events.go	bare-ambiguous
docs/evidence/s1/145-snapshot-field-census-r1.md:569	loop.go	bare-ambiguous
docs/evidence/s1/145-snapshot-field-census-r1.md:569	models.go	bare-ambiguous
docs/evidence/s1/145-snapshot-field-census-r1.md:570	models.go	bare-ambiguous
docs/evidence/s1/145-snapshot-field-census-r1.md:570	loop.go	bare-ambiguous
docs/evidence/s1/145-snapshot-field-census-r1.md:571	approval.go	bare-ambiguous
docs/evidence/s1/145-snapshot-field-census-r1.md:572	errors.go	bare-ambiguous
docs/evidence/s1/145-snapshot-field-census-r1.md:572	loop.go	bare-ambiguous
docs/evidence/s1/145-snapshot-field-census-r1.md:573	approval.go	bare-ambiguous
docs/evidence/s1/145-snapshot-field-census-r1.md:574	approval.go	bare-ambiguous
docs/evidence/s1/145-snapshot-field-census-r1.md:574	l2-approval-card.tsx	bare-only-design-frontend
docs/evidence/s1/145-snapshot-field-census-r1.md:586	provenance.go	bare-ambiguous
docs/evidence/s1/145-snapshot-field-census-r1.md:587	panel-views.ts	bare-only-design-frontend
docs/evidence/s1/145-snapshot-field-census-r1.md:589	approval.go	bare-ambiguous
docs/evidence/s1/145-snapshot-field-census-r1.md:602	p.go	bare-unresolvable
docs/evidence/s1/145-snapshot-field-census-r1.md:602	p.ts	bare-unresolvable
docs/evidence/s1/145-snapshot-field-census-r1.md:610	panel.ts	bare-only-design-frontend
docs/evidence/s1/145-snapshot-field-census-r1.md:617	panel.ts	bare-only-design-frontend
docs/evidence/s1/145-snapshot-field-census-r1.md:620	panel.ts	bare-only-design-frontend
docs/evidence/s1/145-snapshot-field-census-r1.md:635	approval.go	bare-ambiguous
docs/evidence/s1/145-snapshot-field-census-r1.md:635	l2-approval-card.tsx	bare-only-design-frontend
docs/evidence/s1/145-snapshot-field-census-r1.md:637	theme.css	bare-only-design-frontend
docs/evidence/s1/145-snapshot-field-census-r1.md:638	panel-views.ts	bare-only-design-frontend
docs/evidence/s1/145-snapshot-field-census-r1.md:639	approval.go	bare-ambiguous
docs/evidence/s1/145-snapshot-field-census-r1.md:726	approval.go	bare-ambiguous
docs/evidence/s1/145-snapshot-field-census-r1.md:765	panel-l2-grant-nail-fix-r3-accept-r2.md	bare-unresolvable
docs/evidence/s1/145-snapshot-fields-landed-r1-accept-r1.md:81	panel.ts	bare-only-design-frontend
docs/evidence/s1/145-snapshot-fields-landed-r1-accept-r1.md:83	pump.go	bare-ambiguous
docs/evidence/s1/145-snapshot-fields-landed-r1-accept-r1.md:83	run.go	bare-ambiguous
docs/evidence/s1/145-snapshot-fields-landed-r1-accept-r1.md:83	panel.ts	bare-only-design-frontend
docs/evidence/s1/145-snapshot-fields-landed-r1-accept-r1.md:128	_test.go	bare-unresolvable
docs/evidence/s1/145-snapshot-fields-landed-r1-accept-r1.md:137	run.go	bare-ambiguous
docs/evidence/s1/145-snapshot-fields-landed-r1-accept-r1.md:161	run.go	bare-ambiguous
docs/evidence/s1/145-snapshot-fields-landed-r1-accept-r1.md:171	panel_pump.go	bare-ambiguous
docs/evidence/s1/145-snapshot-fields-landed-r1-accept-r1.md:185	panel.ts	bare-only-design-frontend
docs/evidence/s1/145-snapshot-fields-landed-r1-accept-r1.md:186	pump.go	bare-ambiguous
docs/evidence/s1/145-snapshot-fields-landed-r1-accept-r1.md:187	run.go	bare-ambiguous
docs/evidence/s1/145-snapshot-fields-landed-r1-accept-r1.md:188	_test.go	bare-unresolvable
docs/evidence/s1/145-snapshot-fields-landed-r1-accept-r1.md:192	_test.go	bare-unresolvable
docs/evidence/s1/145-snapshot-fields-landed-r1-accept-r1.md:204	_test.go	bare-unresolvable
docs/evidence/s1/145-snapshot-fields-landed-r1-accept-r1.md:211	pump.go	bare-ambiguous
docs/evidence/s1/145-snapshot-fields-landed-r1-accept-r1.md:218	pump.go	bare-ambiguous
docs/evidence/s1/145-snapshot-fields-landed-r1-accept-r1.md:227	panel.ts	bare-only-design-frontend
docs/evidence/s1/145-snapshot-fields-landed-r1-accept-r1.md:227	run.go	bare-ambiguous
docs/evidence/s1/145-snapshot-fields-landed-r1-accept-r1.md:227	_test.go	bare-unresolvable
docs/evidence/s1/145-snapshot-fields-landed-r1-accept-r1.md:284	pump.go	bare-ambiguous
docs/evidence/s1/145-snapshot-fields-landed-r1-accept-r1.md:285	loop.go	bare-ambiguous
docs/evidence/s1/145-snapshot-fields-landed-r1-accept-r1.md:307	093x-thaw-panel-for-145.md	bare-unresolvable
docs/evidence/s1/145-snapshot-fields-landed-r1-accept-r1.md:344	tokens.css	bare-only-design-frontend
docs/evidence/s1/145-snapshot-fields-landed-r1-accept-r1.md:355	tokens.generated.css	bare-only-design-frontend
docs/evidence/s1/145-snapshot-fields-landed-r1-accept-r1.md:358	generated.css	bare-unresolvable
docs/evidence/s1/145-snapshot-fields-landed-r1-accept-r1.md:396	run.go	bare-ambiguous
docs/evidence/s1/145-snapshot-fields-landed-r1-accept-r1.md:401	run.go	bare-ambiguous
docs/evidence/s1/145-snapshot-fields-landed-r1-accept-r1.md:403	run.go	bare-ambiguous
docs/evidence/s1/145-snapshot-fields-landed-r1-accept-r1.md:406	run.go	bare-ambiguous
docs/evidence/s1/145-snapshot-fields-landed-r1-accept-r1.md:408	pump.go	bare-ambiguous
docs/evidence/s1/145-snapshot-fields-landed-r1-accept-r1.md:412	pump.go	bare-ambiguous
docs/evidence/s1/145-snapshot-fields-landed-r1-accept-r1.md:412	panel_pump.go	bare-ambiguous
docs/evidence/s1/145-snapshot-fields-landed-r1-accept-r1.md:412	run.go	bare-ambiguous
docs/evidence/s1/145-snapshot-fields-landed-r1-accept-r1.md:413	pump.go	bare-ambiguous
docs/evidence/s1/145-snapshot-fields-landed-r1-accept-r1.md:413	panel_pump.go	bare-ambiguous
docs/evidence/s1/145-snapshot-fields-landed-r1-accept-r1.md:430	gate.go	bare-ambiguous
docs/evidence/s1/145-snapshot-fields-landed-r1-accept-r1.md:431	gate.go	bare-ambiguous
docs/evidence/s1/145-snapshot-fields-landed-r1-accept-r1.md:433	gate.go	bare-ambiguous
docs/evidence/s1/145-snapshot-fields-landed-r1-accept-r1.md:499	run.go	bare-ambiguous
docs/evidence/s1/145-snapshot-fields-landed-r1-accept-r1.md:503	_test.go	bare-unresolvable
docs/evidence/s1/145-snapshot-fields-landed-r1-accept-r1.md:508	_test.go	bare-unresolvable
docs/evidence/s1/145-snapshot-fields-landed-r1-accept-r1.md:510	run.go	bare-ambiguous
docs/evidence/s1/145-snapshot-fields-landed-r1-accept-r1.md:543	composer.mod	bare-unresolvable
docs/evidence/s1/145-snapshot-fields-landed-r1-accept-r1.md:545	panel_pump.go	bare-ambiguous
docs/evidence/s1/145-snapshot-fields-landed-r1-accept-r1.md:569	config.toml	bare-unresolvable
docs/evidence/s1/145-snapshot-fields-landed-r1.md:43	slo_windows.go	bare-ambiguous
docs/evidence/s1/145-snapshot-fields-landed-r1.md:44	run.go	bare-ambiguous
docs/evidence/s1/145-snapshot-fields-landed-r1.md:51	_test.go	bare-unresolvable
docs/evidence/s1/145-snapshot-fields-landed-r1.md:66	panel.ts	bare-only-design-frontend
docs/evidence/s1/145-snapshot-fields-landed-r1.md:81	pump.go	bare-ambiguous
docs/evidence/s1/145-snapshot-fields-landed-r1.md:81	panel_pump.go	bare-ambiguous
docs/evidence/s1/145-snapshot-fields-landed-r1.md:82	run.go	bare-ambiguous
docs/evidence/s1/145-snapshot-fields-landed-r1.md:84	panel.ts	bare-only-design-frontend
docs/evidence/s1/145-snapshot-fields-landed-r1.md:85	gate.go	bare-ambiguous
docs/evidence/s1/145-snapshot-fields-landed-r1.md:86	panel-views.ts	bare-only-design-frontend
docs/evidence/s1/145-snapshot-fields-landed-r1.md:86	_test.go	bare-unresolvable
docs/evidence/s1/145-snapshot-fields-landed-r1.md:88	run.go	bare-ambiguous
docs/evidence/s1/145-snapshot-fields-landed-r1.md:89	panel.ts	bare-only-design-frontend
docs/evidence/s1/145-snapshot-fields-landed-r1.md:89	pump.go	bare-ambiguous
docs/evidence/s1/145-snapshot-fields-landed-r1.md:91	run.go	bare-ambiguous
docs/evidence/s1/145-snapshot-fields-landed-r1.md:112	panel.ts	bare-only-design-frontend
docs/evidence/s1/145-snapshot-fields-landed-r1.md:129	panel.ts	bare-only-design-frontend
docs/evidence/s1/145-snapshot-fields-landed-r1.md:158	pump.go	bare-ambiguous
docs/evidence/s1/145-snapshot-fields-landed-r1.md:177	pump.go	bare-ambiguous
docs/evidence/s1/145-snapshot-fields-landed-r1.md:213	_test.go	bare-unresolvable
docs/evidence/s1/145-snapshot-fields-landed-r1.md:217	pump.go	bare-ambiguous
docs/evidence/s1/145-snapshot-fields-landed-r1.md:217	App.tsx	bare-only-design-frontend
docs/evidence/s1/145-snapshot-fields-landed-r1.md:218	run.go	bare-ambiguous
docs/evidence/s1/145-snapshot-fields-landed-r1.md:220	gate.go	bare-ambiguous
docs/evidence/s1/145-snapshot-fields-landed-r1.md:221	loop.go	bare-ambiguous
docs/evidence/s1/145-snapshot-fields-landed-r1.md:221	run.go	bare-ambiguous
docs/evidence/s1/145-snapshot-fields-landed-r1.md:222	loop.go	bare-ambiguous
docs/evidence/s1/145-snapshot-fields-landed-r1.md:223	loop.go	bare-ambiguous
docs/evidence/s1/145-snapshot-fields-landed-r1.md:224	loop.go	bare-ambiguous
docs/evidence/s1/145-snapshot-fields-landed-r1.md:226	run.go	bare-ambiguous
docs/evidence/s1/145-snapshot-fields-landed-r1.md:228	run.go	bare-ambiguous
docs/evidence/s1/145-snapshot-fields-landed-r1.md:234	run.go	bare-ambiguous
docs/evidence/s1/145-snapshot-fields-landed-r1.md:250	_test.go	bare-unresolvable
docs/evidence/s1/145-snapshot-fields-landed-r1.md:261	panel-views.ts	bare-only-design-frontend
docs/evidence/s1/145-snapshot-fields-landed-r1.md:280	bridge.go	bare-ambiguous
docs/evidence/s1/145-snapshot-fields-landed-r1.md:322	tokens.css	bare-only-design-frontend
docs/evidence/s1/145-snapshot-fields-landed-r1.md:335	panel.ts	bare-only-design-frontend
docs/evidence/s1/145-snapshot-fields-landed-r1.md:393	pump.go	bare-ambiguous
docs/evidence/s1/145-snapshot-fields-landed-r1.md:402	loop.go	bare-ambiguous
docs/evidence/s1/145-snapshot-fields-landed-r1.md:434	run.go	bare-ambiguous
docs/evidence/s1/145-snapshot-fields-landed-r1.md:434	panel.ts	bare-only-design-frontend
docs/evidence/s1/145-snapshot-fields-landed-r1.md:435	run.go	bare-ambiguous
docs/evidence/s1/145-snapshot-fields-landed-r1.md:438	loop.go	bare-ambiguous
docs/evidence/s1/145-snapshot-fields-landed-r1.md:471	pump.go	bare-ambiguous
docs/evidence/s1/145-snapshot-fields-landed-r1.md:471	_test.go	bare-unresolvable
docs/evidence/s1/145-snapshot-fields-landed-r1.md:479	run.go	bare-ambiguous
docs/evidence/s1/145-snapshot-fields-landed-r1.md:481	run.go	bare-ambiguous
docs/evidence/s1/145-snapshot-fields-landed-r1.md:482	run.go	bare-ambiguous
docs/evidence/s1/145-snapshot-fields-landed-r1.md:484	run.go	bare-ambiguous
docs/evidence/s1/145-snapshot-fields-landed-r1.md:488	run.go	bare-ambiguous
docs/evidence/s1/145-snapshot-fields-landed-r1.md:490	panel.ts	bare-only-design-frontend
docs/evidence/s1/145-snapshot-fields-landed-r1.md:491	panel.ts	bare-only-design-frontend
docs/evidence/s1/145-snapshot-fields-landed-r1.md:498	gate.go	bare-ambiguous
docs/evidence/s1/145-snapshot-fields-landed-r1.md:518	panel.ts	bare-only-design-frontend
docs/evidence/s1/145-snapshot-fields-landed-r1.md:518	run.go	bare-ambiguous
docs/evidence/s1/145-snapshot-fields-landed-r1.md:518	_test.go	bare-unresolvable
docs/evidence/s1/145-snapshot-growth-r2.md:10	run.go	bare-ambiguous
docs/evidence/s1/145-snapshot-growth-r2.md:46	rightbar.js	bare-unresolvable
docs/evidence/s1/145-snapshot-growth-r2.md:46	sidebar.js	bare-unresolvable
docs/evidence/s1/145-snapshot-growth-r2.md:56	go.mod	bare-ambiguous
docs/evidence/s1/145-snapshot-growth-r2.md:56	go.sum	bare-ambiguous
docs/evidence/s1/145-snapshot-growth-r2.md:67	_test.go	bare-unresolvable
docs/evidence/s1/145-snapshot-growth-r2.md:67	pump.go	bare-ambiguous
docs/evidence/s1/145-snapshot-growth-r2.md:75	pump.go	bare-ambiguous
docs/evidence/s1/145-snapshot-growth-r2.md:78	_test.go	bare-unresolvable
docs/evidence/s1/145-snapshot-growth-r2.md:86	pump.go	bare-ambiguous
docs/evidence/s1/145-snapshot-growth-r2.md:86	run.go	bare-ambiguous
docs/evidence/s1/145-snapshot-growth-r2.md:87	pump.go	bare-ambiguous
docs/evidence/s1/145-snapshot-growth-r2.md:87	panel_pump.go	bare-ambiguous
docs/evidence/s1/145-snapshot-growth-r2.md:87	run.go	bare-ambiguous
docs/evidence/s1/145-snapshot-growth-r2.md:90	llm.providers.<name>.mod	placeholder
docs/evidence/s1/145-snapshot-growth-r2.md:90	_test.go	bare-unresolvable
docs/evidence/s1/145-snapshot-growth-r2.md:90	schema.go	bare-ambiguous
docs/evidence/s1/145-snapshot-growth-r2.md:90	run.go	bare-ambiguous
docs/evidence/s1/145-snapshot-growth-r2.md:91	llm.providers.<name>.mod	placeholder
docs/evidence/s1/145-snapshot-growth-r2.md:93	schema.go	bare-ambiguous
docs/evidence/s1/145-snapshot-growth-r2.md:93	adapter.go	bare-ambiguous
docs/evidence/s1/145-snapshot-growth-r2.md:107	composer.mod	bare-unresolvable
docs/evidence/s1/145-snapshot-growth-r2.md:107	pump.go	bare-ambiguous
docs/evidence/s1/145-snapshot-growth-r2.md:107	_test.go	bare-unresolvable
docs/evidence/s1/145-snapshot-growth-r2.md:108	schema.go	bare-ambiguous
docs/evidence/s1/145-snapshot-growth-r2.md:109	run.go	bare-ambiguous
docs/evidence/s1/145-snapshot-growth-r2.md:111	gate.go	bare-ambiguous
docs/evidence/s1/145-snapshot-growth-r2.md:112	run.go	bare-ambiguous
docs/evidence/s1/145-snapshot-growth-r2.md:113	run.go	bare-ambiguous
docs/evidence/s1/145-snapshot-growth-r2.md:114	loop.go	bare-ambiguous
docs/evidence/s1/145-snapshot-growth-r2.md:114	run.go	bare-ambiguous
docs/evidence/s1/145-snapshot-growth-r2.md:115	run.go	bare-ambiguous
docs/evidence/s1/145-snapshot-growth-r2.md:116	run.go	bare-ambiguous
docs/evidence/s1/145-snapshot-growth-r2.md:117	run.go	bare-ambiguous
docs/evidence/s1/145-snapshot-growth-r2.md:120	App.tsx	bare-only-design-frontend
docs/evidence/s1/145-snapshot-growth-r2.md:120	pump.go	bare-ambiguous
docs/evidence/s1/145-snapshot-growth-r2.md:122	run.go	bare-ambiguous
docs/evidence/s1/145-snapshot-growth-r2.md:141	request.go	bare-ambiguous
docs/evidence/s1/145-snapshot-growth-r2.md:142	request.go	bare-ambiguous
docs/evidence/s1/145-snapshot-growth-r2.md:143	adapter.go	bare-ambiguous
docs/evidence/s1/145-snapshot-growth-r2.md:154	run.go	bare-ambiguous
docs/evidence/s1/145-snapshot-growth-r2.md:156	run.go	bare-ambiguous
docs/evidence/s1/145-snapshot-growth-r2.md:157	run.go	bare-ambiguous
docs/evidence/s1/145-snapshot-growth-r2.md:159	_test.go	bare-unresolvable
docs/evidence/s1/145-snapshot-growth-r2.md:205	gate-before-cmdwisp.txt	bare-ambiguous
docs/evidence/s1/145-snapshot-growth-r2.md:224	go.mod	bare-ambiguous
docs/evidence/s1/145-snapshot-growth-r2.md:224	go.sum	bare-ambiguous
docs/evidence/s1/145-snapshot-growth-r2.md:225	bridge.go	bare-ambiguous
docs/evidence/s1/145-snapshot-growth-r2.md:238	carrier.md	bare-unresolvable
docs/evidence/s1/145-snapshot-growth-r2.md:245	go.mod	bare-ambiguous
docs/evidence/s1/145-snapshot-growth-r2.md:245	go.sum	bare-ambiguous
docs/evidence/s1/145-snapshot-growth-r2.md:275	panel_pump.go	bare-ambiguous
docs/evidence/s1/145-snapshot-growth-r3.md:1	run.go	bare-ambiguous
docs/evidence/s1/145-snapshot-growth-r3.md:22	icons.js	bare-only-design-frontend
docs/evidence/s1/145-snapshot-growth-r3.md:22	theme.js	bare-only-design-frontend
docs/evidence/s1/145-snapshot-growth-r3.md:22	tokens.css	bare-only-design-frontend
docs/evidence/s1/145-snapshot-growth-r3.md:36	rb-files.js	bare-unresolvable
docs/evidence/s1/145-snapshot-growth-r3.md:36	rb-plugins.js	bare-unresolvable
docs/evidence/s1/145-snapshot-growth-r3.md:36	rb-review.js	bare-unresolvable
docs/evidence/s1/145-snapshot-growth-r3.md:36	rb-terminal.js	bare-unresolvable
docs/evidence/s1/145-snapshot-growth-r3.md:36	rightbar.js	bare-unresolvable
docs/evidence/s1/145-snapshot-growth-r3.md:36	sidebar.js	bare-unresolvable
docs/evidence/s1/145-snapshot-growth-r3.md:51	run.go	bare-ambiguous
docs/evidence/s1/145-snapshot-growth-r3.md:61	pump.go	bare-ambiguous
docs/evidence/s1/145-snapshot-growth-r3.md:61	run.go	bare-ambiguous
docs/evidence/s1/145-snapshot-growth-r3.md:62	composer.mod	bare-unresolvable
docs/evidence/s1/145-snapshot-growth-r3.md:70	composer.mod	bare-unresolvable
docs/evidence/s1/145-snapshot-growth-r3.md:73	run.go	bare-ambiguous
docs/evidence/s1/145-snapshot-growth-r3.md:73	gate.go	bare-ambiguous
docs/evidence/s1/145-snapshot-growth-r3.md:74	run.go	bare-ambiguous
docs/evidence/s1/145-snapshot-growth-r3.md:79	run.go	bare-ambiguous
docs/evidence/s1/145-snapshot-growth-r3.md:90	run.go	bare-ambiguous
docs/evidence/s1/145-snapshot-growth-r3.md:91	run.go	bare-ambiguous
docs/evidence/s1/145-snapshot-growth-r3.md:97	bridge.go	bare-ambiguous
docs/evidence/s1/145-snapshot-growth-r3.md:97	gate.go	bare-ambiguous
docs/evidence/s1/145-snapshot-growth-r3.md:99	pump.go	bare-ambiguous
docs/evidence/s1/145-snapshot-growth-r3.md:138	go.mod	bare-ambiguous
docs/evidence/s1/145-snapshot-growth-r3.md:138	go.sum	bare-ambiguous
docs/evidence/s1/145-snapshot-growth-r3.md:144	run.go	bare-ambiguous
docs/evidence/s1/145-snapshot-growth-r3.md:151	run.go	bare-ambiguous
docs/evidence/s1/145-snapshot-growth-r3.md:151	pump.go	bare-ambiguous
docs/evidence/s1/145-snapshot-growth-r3.md:151	panel_pump.go	bare-ambiguous
docs/evidence/s1/145-snapshot-growth-r3.md:151	gate.go	bare-ambiguous
docs/evidence/s1/145-snapshot-growth-r3.md:151	bridge.go	bare-ambiguous
docs/evidence/s1/146-liveapprovals-fix-r1.md:11	approval.go	bare-ambiguous
docs/evidence/s1/146-liveapprovals-fix-r1.md:15	after-full.txt	bare-unresolvable
docs/evidence/s1/146-liveapprovals-fix-r1.md:15	d22scan.txt	bare-ambiguous
docs/evidence/s1/146-liveapprovals-fix-r1.md:133	gate.go	bare-ambiguous
docs/evidence/s1/146-liveapprovals-fix-r1.md:149	_test.go	bare-unresolvable
docs/evidence/s1/146-liveapprovals-fix-r1.md:159	gate.go	bare-ambiguous
docs/evidence/s1/146-liveapprovals-fix-r1.md:214	approval.go	bare-ambiguous
docs/evidence/s1/146-liveapprovals-fix-r1.md:260	agents.md	bare-unresolvable
docs/evidence/s1/146-liveapprovals-r1-accept-r1.md:26	_test.go	bare-unresolvable
docs/evidence/s1/146-liveapprovals-r1-accept-r1.md:32	zz_acceptor_bench_test.go	bare-unresolvable
docs/evidence/s1/146-liveapprovals-r1-accept-r1.md:32	zz_acceptor_depth_test.go	bare-unresolvable
docs/evidence/s1/146-liveapprovals-r1-accept-r1.md:33	zz_acceptor_ninth_test.go	bare-unresolvable
docs/evidence/s1/146-liveapprovals-r1-accept-r1.md:42	_test.go	bare-unresolvable
docs/evidence/s1/146-liveapprovals-r1-accept-r1.md:117	m-d-depth.txt	bare-unresolvable
docs/evidence/s1/146-liveapprovals-r1-accept-r1.md:135	gate.go	bare-ambiguous
docs/evidence/s1/146-liveapprovals-r1-accept-r1.md:140	m-a-ninth-map-no-fixture.txt	bare-unresolvable
docs/evidence/s1/146-liveapprovals-r1-accept-r1.md:144	m-a-live-hole.txt	bare-unresolvable
docs/evidence/s1/146-liveapprovals-r1-accept-r1.md:155	m-a-live-hole.txt	bare-unresolvable
docs/evidence/s1/146-liveapprovals-r1-accept-r1.md:193	m1-revert-all.txt	bare-unresolvable
docs/evidence/s1/146-liveapprovals-r1-accept-r1.md:209	sweep.sh	bare-unresolvable
docs/evidence/s1/146-liveapprovals-r1-accept-r1.md:237	m-e-empty-clone.txt	bare-unresolvable
docs/evidence/s1/146-liveapprovals-r1-accept-r1.md:238	m-e-full-package.txt	bare-unresolvable
docs/evidence/s1/146-liveapprovals-r1-accept-r1.md:252	m-f-full-package.txt	bare-unresolvable
docs/evidence/s1/146-liveapprovals-r1-accept-r1.md:277	m-g-combined.txt	bare-unresolvable
docs/evidence/s1/146-liveapprovals-r1-accept-r1.md:284	qq_combined_check_test.go	bare-unresolvable
docs/evidence/s1/146-liveapprovals-r1-accept-r1.md:331	_test.go	bare-unresolvable
docs/evidence/s1/146-liveapprovals-r1-accept-r1.md:334	_test.go	bare-unresolvable
docs/evidence/s1/146-liveapprovals-r1-accept-r1.md:337	/qq_bside_test.go	root-ambiguous
docs/evidence/s1/146-liveapprovals-r1-accept-r1.md:350	panel_pump.go	bare-ambiguous
docs/evidence/s1/146-liveapprovals-r1-accept-r1.md:360	mside-b1-with-comment.txt	bare-unresolvable
docs/evidence/s1/146-liveapprovals-r1-accept-r1.md:394	panel_pump.go	bare-ambiguous
docs/evidence/s1/146-liveapprovals-r1-accept-r1.md:439	bench-both.txt	bare-unresolvable
docs/evidence/s1/146-liveapprovals-r1-accept-r1.md:439	acceptor_bench_test.go	bare-unresolvable
docs/evidence/s1/146-liveapprovals-r1-accept-r1.md:473	_test.go	bare-unresolvable
docs/evidence/s1/146-liveapprovals-r1-accept-r1.md:477	panel_pump.go	bare-ambiguous
docs/evidence/s1/146-liveapprovals-r1-accept-r1.md:480	panel_pump.go	bare-ambiguous
docs/evidence/s1/146-liveapprovals-r1-accept-r1.md:507	clean-before-630c218.txt	bare-unresolvable
docs/evidence/s1/146-liveapprovals-r1-accept-r1.md:508	clean-after-7f75ff3.txt	bare-unresolvable
docs/evidence/s1/146-liveapprovals-r1-accept-r1.md:540	panel-snap.txt	bare-unresolvable
docs/evidence/s1/146-liveapprovals-r1-accept-r1.md:556	tokens.css	bare-only-design-frontend
docs/evidence/s1/146-liveapprovals-r1-accept-r1.md:558	tokens.css	bare-only-design-frontend
docs/evidence/s1/146-liveapprovals-r1-accept-r1.md:559	tokens.generated.css	bare-only-design-frontend
docs/evidence/s1/146-liveapprovals-r1-accept-r1.md:577	tokens.css	bare-only-design-frontend
docs/evidence/s1/146-liveapprovals-r1-accept-r1.md:579	_test.go	bare-unresolvable
docs/evidence/s1/146-liveapprovals-r1-accept-r1.md:607	agents.md	bare-unresolvable
docs/evidence/s1/146-liveapprovals-r1-accept-r1.md:619	qq_bside_test.go	bare-unresolvable
docs/evidence/s1/146-liveapprovals-r1-accept-r1.md:632	mside-b1-with-comment.txt	bare-unresolvable
docs/evidence/s1/146-liveapprovals-r1-accept-r1.md:632	mside-b2-comment-deleted.txt	bare-unresolvable
docs/evidence/s1/146-liveapprovals-r1-accept-r1.md:633	m-g-combined.txt	bare-unresolvable
docs/evidence/s1/146-liveapprovals-r1-accept-r1.md:634	bench-both.txt	bare-unresolvable
docs/evidence/s1/146-liveapprovals-r1-accept-r1.md:634	run.go	bare-ambiguous
docs/evidence/s1/146-liveapprovals-r1-accept-r2.md:122	zz_acceptor_liveness_test.go	bare-unresolvable
docs/evidence/s1/146-liveapprovals-r1-accept-r2.md:173	zz_acceptor_deeper_test.go	bare-unresolvable
docs/evidence/s1/146-liveapprovals-r1-accept-r2.md:225	zz_acceptor_deeper_test.go	bare-unresolvable
docs/evidence/s1/146-liveapprovals-r1-accept-r2.md:227	out-v-bside.txt	bare-unresolvable
docs/evidence/s1/146-liveapprovals-r1-accept-r2.md:245	gofumpt.exe	bare-unresolvable
docs/evidence/s1/146-liveapprovals-r1-accept-r2.md:248	zz_acceptor_ctrl.go	bare-unresolvable
docs/evidence/s1/146-liveapprovals-r1-accept-r2.md:305	_test.go	bare-unresolvable
docs/evidence/s1/146-liveapprovals-r1-accept-r2.md:318	qq_docpin_test.go	bare-unresolvable
docs/evidence/s1/146-liveapprovals-r1-accept-r2.md:319	qq_docpin_test.go	bare-unresolvable
docs/evidence/s1/146-liveapprovals-r1-accept-r2.md:339	gate.go	bare-ambiguous
docs/evidence/s1/146-liveapprovals-r1-accept-r2.md:363	agents.md	bare-unresolvable
docs/evidence/s1/146-liveapprovals-r1-accept-r2.md:363	MEMORY.md	bare-unresolvable
docs/evidence/s1/146-liveapprovals-r1-accept-r2.md:392	panel_pump.go	bare-ambiguous
docs/evidence/s1/146-liveapprovals-r1-accept-r2.md:414	panel_pump.go	bare-ambiguous
docs/evidence/s1/146-liveapprovals-r1.md:7	before.txt	bare-unresolvable
docs/evidence/s1/146-liveapprovals-r1.md:61	gate.go	bare-ambiguous
docs/evidence/s1/146-liveapprovals-r1.md:62	gate.go	bare-ambiguous
docs/evidence/s1/146-liveapprovals-r1.md:64	gate.go	bare-ambiguous
docs/evidence/s1/146-liveapprovals-r1.md:66	gate.go	bare-ambiguous
docs/evidence/s1/146-liveapprovals-r1.md:69	gate.go	bare-ambiguous
docs/evidence/s1/146-liveapprovals-r1.md:69	mode.go	bare-ambiguous
docs/evidence/s1/146-liveapprovals-r1.md:84	bridge.go	bare-ambiguous
docs/evidence/s1/146-liveapprovals-r1.md:99	_test.go	bare-unresolvable
docs/evidence/s1/146-liveapprovals-r1.md:108	panel_pump.go	bare-ambiguous
docs/evidence/s1/146-liveapprovals-r1.md:109	_test.go	bare-unresolvable
docs/evidence/s1/146-liveapprovals-r1.md:113	approval.go	bare-ambiguous
docs/evidence/s1/146-liveapprovals-r1.md:127	gate.go	bare-ambiguous
docs/evidence/s1/146-liveapprovals-r1.md:127	mode.go	bare-ambiguous
docs/evidence/s1/146-liveapprovals-r1.md:155	panel_pump.go	bare-ambiguous
docs/evidence/s1/146-liveapprovals-r1.md:223	ac2-before-fix.txt	bare-unresolvable
docs/evidence/s1/146-liveapprovals-r1.md:240	bridge.go	bare-ambiguous
docs/evidence/s1/146-liveapprovals-r1.md:271	wisp-before.exe	bare-unresolvable
docs/evidence/s1/146-liveapprovals-r1.md:272	wisp-after.exe	bare-unresolvable
docs/evidence/s1/146-liveapprovals-r1.md:274	arm.exe	bare-unresolvable
docs/evidence/s1/146-liveapprovals-r1.md:274	i.json	bare-unresolvable
docs/evidence/s1/146-liveapprovals-r1.md:297	/d/tmp/wisp-146-agent-a/bench146_liveapprovals_test.go	root-ambiguous
docs/evidence/s1/146-liveapprovals-r1.md:297	/internal/agent/approval/bench146_test.go	root-ambiguous
docs/evidence/s1/146-liveapprovals-r1.md:308	bench146_liveapprovals_test.go	bare-unresolvable
docs/evidence/s1/146-liveapprovals-r1.md:391	d22scan.txt	bare-ambiguous
docs/evidence/s1/146-liveapprovals-r1.md:411	/d/tmp/wisp-146-agent/a-before.txt	root-ambiguous
docs/evidence/s1/146-liveapprovals-r1.md:422	agents.md	bare-unresolvable
docs/evidence/s1/147-offset-naming-r1-accept-r1.md:69	slo_windows.go	bare-ambiguous
docs/evidence/s1/147-offset-naming-r1-accept-r1.md:241	last.sum	bare-unresolvable
docs/evidence/s1/147-offset-naming-r1-accept-r1.md:255	slo_windows.go	bare-ambiguous
docs/evidence/s1/147-offset-naming-r1-accept-r1.md:295	last.sum	bare-unresolvable
docs/evidence/s1/147-offset-naming-r1-accept-r1.md:418	last.sum	bare-unresolvable
docs/evidence/s1/147-offset-naming-r1-accept-r1.md:623	_other_test.go	bare-unresolvable
docs/evidence/s1/147-offset-naming-r1-accept-r1.md:624	slo_windows.go	bare-ambiguous
docs/evidence/s1/147-offset-naming-r1-accept-r1.md:671	/Temp/wisp147/cmd/wisp/slo_windows.go	root-ambiguous
docs/evidence/s1/147-offset-naming-r1-accept-r1.md:752	last.sum	bare-unresolvable
docs/evidence/s1/147-offset-naming-r1.md:83	/d/work/workspace/snap147-1/cmd/wisp/zz147probe_windows_test.go	root-ambiguous
docs/evidence/s1/147-offset-naming-r1.md:116	sloRun.mod	bare-unresolvable
docs/evidence/s1/147-offset-naming-r1.md:143	/d/work/tmp147/slo_windows.go	root-ambiguous
docs/evidence/s1/147-offset-naming-r1.md:158	slo_windows.go	bare-ambiguous
docs/evidence/s1/147-offset-naming-r1.md:175	slo_windows.go	bare-ambiguous
docs/evidence/s1/147-offset-naming-r1.md:214	/d/work/workspace/snap147-1/red-before-fix-final.log	root-ambiguous
docs/evidence/s1/147-offset-naming-r1.md:473	slo_windows.go	bare-ambiguous
docs/evidence/s1/149-three-unpinned-outlets-r1-accept-r1.md:80	README.md	bare-ambiguous
docs/evidence/s1/149-three-unpinned-outlets-r1-accept-r1.md:80	go.mod	bare-ambiguous
docs/evidence/s1/149-three-unpinned-outlets-r1-accept-r1.md:80	go.sum	bare-ambiguous
docs/evidence/s1/149-three-unpinned-outlets-r1-accept-r1.md:112	/tabulate_logs.py	root-ambiguous
docs/evidence/s1/149-three-unpinned-outlets-r1-accept-r1.md:187	obs.sum	bare-unresolvable
docs/evidence/s1/149-three-unpinned-outlets-r1-accept-r1.md:190	obs.sum	bare-unresolvable
docs/evidence/s1/149-three-unpinned-outlets-r1-accept-r1.md:204	post-asis.log	bare-ambiguous
docs/evidence/s1/149-three-unpinned-outlets-r1-accept-r1.md:204	p1-corrupt-fill-to-zero.log	bare-ambiguous
docs/evidence/s1/149-three-unpinned-outlets-r1-accept-r1.md:204	p7-exited-drops-summary.log	bare-ambiguous
docs/evidence/s1/149-three-unpinned-outlets-r1-accept-r1.md:205	p10-multidoc-takes-error-offset.log	bare-ambiguous
docs/evidence/s1/149-three-unpinned-outlets-r1-accept-r1.md:254	myharness.py	bare-unresolvable
docs/evidence/s1/149-three-unpinned-outlets-r1-accept-r1.md:267	m-combo.log	bare-unresolvable
docs/evidence/s1/149-three-unpinned-outlets-r1-accept-r1.md:326	myharness.py	bare-unresolvable
docs/evidence/s1/149-three-unpinned-outlets-r1-accept-r1.md:393	obs.sum	bare-unresolvable
docs/evidence/s1/149-three-unpinned-outlets-r1-accept-r1.md:472	myharness.py	bare-unresolvable
docs/evidence/s1/149-three-unpinned-outlets-r1-accept-r1.md:489	github.com/CarlosShao/wisp/cmd/wisp/slo_windows.go	multi-ext
docs/evidence/s1/149-three-unpinned-outlets-r1-accept-r1.md:492	github.com/CarlosShao/wisp/cmd/wisp/slo_windows.go	multi-ext
docs/evidence/s1/149-three-unpinned-outlets-r1-accept-r1.md:493	github.com/CarlosShao/wisp/cmd/wisp/slo_windows.go	multi-ext
docs/evidence/s1/149-three-unpinned-outlets-r1-accept-r1.md:494	github.com/CarlosShao/wisp/cmd/wisp/slo_windows.go	multi-ext
docs/evidence/s1/149-three-unpinned-outlets-r1-accept-r1.md:505	slo_windows.go	bare-ambiguous
docs/evidence/s1/149-three-unpinned-outlets-r1-accept-r1.md:507	slo_windows.go	bare-ambiguous
docs/evidence/s1/149-three-unpinned-outlets-r1-accept-r1.md:590	last.sum	bare-unresolvable
docs/evidence/s1/149-three-unpinned-outlets-r1-accept-r1.md:654	gofumpt.exe	bare-unresolvable
docs/evidence/s1/149-three-unpinned-outlets-r1-accept-r1.md:656	gofumpt.exe	bare-unresolvable
docs/evidence/s1/149-three-unpinned-outlets-r1-accept-r1.md:670	gates-cli.log	bare-unresolvable
docs/evidence/s1/149-three-unpinned-outlets-r1-accept-r1.md:745	/accept149probe_test.go	root-ambiguous
docs/evidence/s1/149-three-unpinned-outlets-r1-accept-r1.md:855	myharness_b.py	bare-unresolvable
docs/evidence/s1/149-three-unpinned-outlets-r1-accept-r1.md:881	slo_windows.go	bare-ambiguous
docs/evidence/s1/149-three-unpinned-outlets-r1-accept-r1.md:967	MEMORY.md	bare-unresolvable
docs/evidence/s1/149-three-unpinned-outlets-r1-accept-r1.md:968	MEMORY.md	bare-unresolvable
docs/evidence/s1/149-three-unpinned-outlets-r1-accept-r1.md:1009	loop.go	bare-ambiguous
docs/evidence/s1/149-three-unpinned-outlets-r1.md:104	overlay.json	bare-ambiguous
docs/evidence/s1/149-three-unpinned-outlets-r1.md:132	last.sum	bare-unresolvable
docs/evidence/s1/149-three-unpinned-outlets-r1.md:198	slo_windows.go	bare-ambiguous
docs/evidence/s1/149-three-unpinned-outlets-r1.md:236	last.sum	bare-unresolvable
docs/evidence/s1/149-three-unpinned-outlets-r1.md:293	slo_windows.go	bare-ambiguous
docs/evidence/s1/149-three-unpinned-outlets-r1.md:313	last.sum	bare-unresolvable
docs/evidence/s1/149-three-unpinned-outlets-r1.md:318	cmd.exe	bare-unresolvable
docs/evidence/s1/149-three-unpinned-outlets-r1.md:371	slo_windows.go	bare-ambiguous
docs/evidence/s1/149-three-unpinned-outlets-r1.md:435	gate-post-full.log	bare-ambiguous
docs/evidence/s1/149-three-unpinned-outlets-r1.md:438	gate-post-full.log	bare-ambiguous
docs/evidence/s1/149-three-unpinned-outlets-r1.md:451	roster-post.txt	bare-ambiguous
docs/evidence/s1/149-three-unpinned-outlets-r1.md:513	cmd.exe	bare-unresolvable
docs/evidence/s1/149-three-unpinned-outlets-r1.md:533	slo_windows.go	bare-ambiguous
docs/evidence/s1/149-three-unpinned-outlets-r1.md:537	cmd.exe	bare-unresolvable
docs/evidence/s1/149-three-unpinned-outlets-r1.md:538	cmd.exe	bare-unresolvable
docs/evidence/s1/149-three-unpinned-outlets-r1.md:569	agents.md	bare-unresolvable
docs/evidence/s1/149-three-unpinned-outlets-r1.md:618	_test.go	bare-unresolvable
docs/evidence/s1/149-three-unpinned-outlets-r1.md:666	roster-pre.txt	bare-ambiguous
docs/evidence/s1/149-three-unpinned-outlets-r1.md:666	roster-post.txt	bare-ambiguous
docs/evidence/s1/149-three-unpinned-outlets-r1.md:682	repo>/.scratch/wisp/probes/149/harness.py	placeholder
docs/evidence/s1/149-three-unpinned-outlets-r1.md:687	repo>/cmd/wisp/slo_report_144_windows_test.go	placeholder
docs/evidence/s1/151-task-scope-never-closed-r1-accept-r1.md:24	run.go	bare-ambiguous
docs/evidence/s1/151-task-scope-never-closed-r1-accept-r1.md:24	bridge.go	bare-ambiguous
docs/evidence/s1/151-task-scope-never-closed-r1-accept-r1.md:64	run.go	bare-ambiguous
docs/evidence/s1/151-task-scope-never-closed-r1-accept-r1.md:64	bridge.go	bare-ambiguous
docs/evidence/s1/151-task-scope-never-closed-r1-accept-r1.md:66	bridge.go	bare-ambiguous
docs/evidence/s1/151-task-scope-never-closed-r1-accept-r1.md:97	internal/llm/testdata/golden/<name>.sse	placeholder
docs/evidence/s1/151-task-scope-never-closed-r1-accept-r1.md:101	config.toml	bare-unresolvable
docs/evidence/s1/151-task-scope-never-closed-r1-accept-r1.md:115	out.txt	bare-unresolvable
docs/evidence/s1/151-task-scope-never-closed-r1-accept-r1.md:125	loop.go	bare-ambiguous
docs/evidence/s1/151-task-scope-never-closed-r1-accept-r1.md:128	bridge.go	bare-ambiguous
docs/evidence/s1/151-task-scope-never-closed-r1-accept-r1.md:164	run.go	bare-ambiguous
docs/evidence/s1/151-task-scope-never-closed-r1-accept-r1.md:182	b.log	bare-unresolvable
docs/evidence/s1/151-task-scope-never-closed-r1-accept-r1.md:185	b.log	bare-unresolvable
docs/evidence/s1/151-task-scope-never-closed-r1-accept-r1.md:188	bridge.go	bare-ambiguous
docs/evidence/s1/151-task-scope-never-closed-r1-accept-r1.md:189	bridge.go	bare-ambiguous
docs/evidence/s1/151-task-scope-never-closed-r1-accept-r1.md:195	b.log	bare-unresolvable
docs/evidence/s1/151-task-scope-never-closed-r1-accept-r1.md:251	loop.go	bare-ambiguous
docs/evidence/s1/151-task-scope-never-closed-r1-accept-r1.md:251	run.go	bare-ambiguous
docs/evidence/s1/151-task-scope-never-closed-r1-accept-r1.md:251	bridge.go	bare-ambiguous
docs/evidence/s1/151-task-scope-never-closed-r1-accept-r1.md:253	run.go	bare-ambiguous
docs/evidence/s1/151-task-scope-never-closed-r1-accept-r1.md:280	bridge.go	bare-ambiguous
docs/evidence/s1/151-task-scope-never-closed-r1-accept-r1.md:281	b.log	bare-unresolvable
docs/evidence/s1/151-task-scope-never-closed-r1-accept-r1.md:314	run.go	bare-ambiguous
docs/evidence/s1/151-task-scope-never-closed-r1-accept-r1.md:320	loop.go	bare-ambiguous
docs/evidence/s1/151-task-scope-never-closed-r1-accept-r1.md:321	run.go	bare-ambiguous
docs/evidence/s1/151-task-scope-never-closed-r1-accept-r1.md:361	gate-pre-cli-v.txt	bare-ambiguous
docs/evidence/s1/151-task-scope-never-closed-r1-accept-r1.md:378	names-post-tools.txt	bare-ambiguous
docs/evidence/s1/151-task-scope-never-closed-r1-accept-r1.md:379	names-pre-tools.txt	bare-ambiguous
docs/evidence/s1/151-task-scope-never-closed-r1-accept-r1.md:379	names-post-tools.txt	bare-ambiguous
docs/evidence/s1/151-task-scope-never-closed-r1-accept-r1.md:398	_test.go	bare-unresolvable
docs/evidence/s1/151-task-scope-never-closed-r1-accept-r1.md:427	config.toml	bare-unresolvable
docs/evidence/s1/151-task-scope-never-closed-r1-accept-r1.md:440	helpers_test.go	bare-ambiguous
docs/evidence/s1/151-task-scope-never-closed-r1-accept-r1.md:441	bridge_test.go	bare-ambiguous
docs/evidence/s1/151-task-scope-never-closed-r1-accept-r1.md:465	fs.go	bare-ambiguous
docs/evidence/s1/151-task-scope-never-closed-r1-accept-r1.md:465	loop.go	bare-ambiguous
docs/evidence/s1/151-task-scope-never-closed-r1-accept-r1.md:465	run.go	bare-ambiguous
docs/evidence/s1/151-task-scope-never-closed-r1-accept-r1.md:491	fs.go	bare-ambiguous
docs/evidence/s1/151-task-scope-never-closed-r1-accept-r1.md:560	bridge.go	bare-ambiguous
docs/evidence/s1/151-task-scope-never-closed-r1-accept-r1.md:561	out.txt	bare-unresolvable
docs/evidence/s1/151-task-scope-never-closed-r1-accept-r1.md:565	run.go	bare-ambiguous
docs/evidence/s1/151-task-scope-never-closed-r1-accept-r1.md:574	gate-pre-cli-v.txt	bare-ambiguous
docs/evidence/s1/151-task-scope-never-closed-r1-accept-r1.md:576	run.go	bare-ambiguous
docs/evidence/s1/151-task-scope-never-closed-r1-accept-r1.md:577	b.log	bare-unresolvable
docs/evidence/s1/151-task-scope-never-closed-r1-accept-r1.md:578	b.log	bare-unresolvable
docs/evidence/s1/151-task-scope-never-closed-r1-accept-r1.md:585	run.go	bare-ambiguous
docs/evidence/s1/151-task-scope-never-closed-r1-accept-r1.md:587	names-post-tools.txt	bare-ambiguous
docs/evidence/s1/151-task-scope-never-closed-r1-accept-r1.md:588	names-post-tools.txt	bare-ambiguous
docs/evidence/s1/151-task-scope-never-closed-r1-accept-r1.md:590	names-pre-tools.txt	bare-ambiguous
docs/evidence/s1/151-task-scope-never-closed-r1-accept-r1.md:605	/out.txt	root-ambiguous
docs/evidence/s1/151-task-scope-never-closed-r1-accept-r1.md:614	fs.go	bare-ambiguous
docs/evidence/s1/151-task-scope-never-closed-r1.md:8	151-taint-scope-never-closed-r1.md	bare-unresolvable
docs/evidence/s1/151-task-scope-never-closed-r1.md:26	loop.go	bare-ambiguous
docs/evidence/s1/151-task-scope-never-closed-r1.md:51	_test.go	bare-unresolvable
docs/evidence/s1/151-task-scope-never-closed-r1.md:53	bridge.go	bare-ambiguous
docs/evidence/s1/151-task-scope-never-closed-r1.md:85	bridge.go	bare-ambiguous
docs/evidence/s1/151-task-scope-never-closed-r1.md:94	id.txt	bare-unresolvable
docs/evidence/s1/151-task-scope-never-closed-r1.md:98	provenance.go	bare-ambiguous
docs/evidence/s1/151-task-scope-never-closed-r1.md:145	provenance.go	bare-ambiguous
docs/evidence/s1/151-task-scope-never-closed-r1.md:192	loop.go	bare-ambiguous
docs/evidence/s1/151-task-scope-never-closed-r1.md:200	provenance.go	bare-ambiguous
docs/evidence/s1/151-task-scope-never-closed-r1.md:206	b.log	bare-unresolvable
docs/evidence/s1/151-task-scope-never-closed-r1.md:234	gate-pre-tools-v.txt	bare-ambiguous
docs/evidence/s1/151-task-scope-never-closed-r1.md:234	gate-post-tools-v.txt	bare-ambiguous
docs/evidence/s1/151-task-scope-never-closed-r1.md:237	run.go	bare-ambiguous
docs/evidence/s1/151-task-scope-never-closed-r1.md:237	bridge.go	bare-ambiguous
docs/evidence/s1/151-task-scope-never-closed-r1.md:251	names-pre-tools.txt	bare-ambiguous
docs/evidence/s1/151-task-scope-never-closed-r1.md:251	names-post-tools.txt	bare-ambiguous
docs/evidence/s1/151-task-scope-never-closed-r1.md:268	_test.go	bare-unresolvable
docs/evidence/s1/151-task-scope-never-closed-r1.md:283	provenance.go	bare-ambiguous
docs/evidence/s1/151-task-scope-never-closed-r1.md:364	fs.go	bare-ambiguous
docs/evidence/s1/151-task-scope-never-closed-r1.md:365	loop.go	bare-ambiguous
docs/evidence/s1/151-task-scope-never-closed-r1.md:365	run.go	bare-ambiguous
docs/evidence/s1/152-subject-death-never-measured-r1-accept-r1.md:79	slo_windows.go	bare-ambiguous
docs/evidence/s1/152-subject-death-never-measured-r1-accept-r1.md:81	broken-slo-windows.go	bare-unresolvable
docs/evidence/s1/152-subject-death-never-measured-r1-accept-r1.md:98	slo_windows.go	bare-ambiguous
docs/evidence/s1/152-subject-death-never-measured-r1-accept-r1.md:104	probe-post.log	bare-unresolvable
docs/evidence/s1/152-subject-death-never-measured-r1-accept-r1.md:110	slo_windows.go	bare-ambiguous
docs/evidence/s1/152-subject-death-never-measured-r1-accept-r1.md:225	last.sum	bare-unresolvable
docs/evidence/s1/152-subject-death-never-measured-r1-accept-r1.md:256	slo_windows.go	bare-ambiguous
docs/evidence/s1/152-subject-death-never-measured-r1-accept-r1.md:325	last.sum	bare-unresolvable
docs/evidence/s1/152-subject-death-never-measured-r1-accept-r1.md:358	g1-restored-borrowed-value-case14off.log	bare-ambiguous
docs/evidence/s1/152-subject-death-never-measured-r1-accept-r1.md:427	summary.txt	bare-ambiguous
docs/evidence/s1/152-subject-death-never-measured-r1-accept-r1.md:460	spec.go	bare-unresolvable
docs/evidence/s1/152-subject-death-never-measured-r1-accept-r1.md:465	spec.go	bare-unresolvable
docs/evidence/s1/152-subject-death-never-measured-r1-accept-r1.md:477	slo_windows.go	bare-ambiguous
docs/evidence/s1/152-subject-death-never-measured-r1-accept-r1.md:489	slo_windows.go	bare-ambiguous
docs/evidence/s1/152-subject-death-never-measured-r1-accept-r1.md:498	last.sum	bare-unresolvable
docs/evidence/s1/152-subject-death-never-measured-r1-accept-r1.md:513	spec.go	bare-unresolvable
docs/evidence/s1/152-subject-death-never-measured-r1-accept-r1.md:531	slo_windows.go	bare-ambiguous
docs/evidence/s1/152-subject-death-never-measured-r1-accept-r1.md:594	slo_windows.go	bare-ambiguous
docs/evidence/s1/152-subject-death-never-measured-r1-accept-r1.md:609	spec.go	bare-unresolvable
docs/evidence/s1/152-subject-death-never-measured-r1-accept-r1.md:611	last.sum	bare-unresolvable
docs/evidence/s1/152-subject-death-never-measured-r1-accept-r1.md:619	summary.txt	bare-ambiguous
docs/evidence/s1/152-subject-death-never-measured-r1-accept-r1.md:631	_other_test.go	bare-unresolvable
docs/evidence/s1/152-subject-death-never-measured-r1-accept-r1.md:643	MEMORY.md	bare-unresolvable
docs/evidence/s1/152-subject-death-never-measured-r1-accept-r1.md:644	MEMORY.md	bare-unresolvable
docs/evidence/s1/152-subject-death-never-measured-r1-accept-r1.md:651	j-subject-death-never-measured-r1-accept-r1.md	bare-unresolvable
docs/evidence/s1/152-subject-death-never-measured-r1-accept-r1.md:656	slo_windows.go	bare-ambiguous
docs/evidence/s1/152-subject-death-never-measured-r1-accept-r1.md:706	summary.txt	bare-ambiguous
docs/evidence/s1/152-subject-death-never-measured-r1.md:58	run.go	bare-ambiguous
docs/evidence/s1/152-subject-death-never-measured-r1.md:59	slo_windows.go	bare-ambiguous
docs/evidence/s1/152-subject-death-never-measured-r1.md:90	overlay.json	bare-ambiguous
docs/evidence/s1/152-subject-death-never-measured-r1.md:92	wisp.exe	bare-unresolvable
docs/evidence/s1/152-subject-death-never-measured-r1.md:92	wisp-anchor.exe	bare-unresolvable
docs/evidence/s1/152-subject-death-never-measured-r1.md:92	roster-pre.txt	bare-ambiguous
docs/evidence/s1/152-subject-death-never-measured-r1.md:130	overlay-probe.json	bare-ambiguous
docs/evidence/s1/152-subject-death-never-measured-r1.md:164	slo_windows.go	bare-ambiguous
docs/evidence/s1/152-subject-death-never-measured-r1.md:217	slo_windows.go	bare-ambiguous
docs/evidence/s1/152-subject-death-never-measured-r1.md:263	wisp.exe	bare-unresolvable
docs/evidence/s1/152-subject-death-never-measured-r1.md:269	/d/work/tmp/wisp152/scratch/e2e-subject-kill.sh	root-ambiguous
docs/evidence/s1/152-subject-death-never-measured-r1.md:270	/d/work/tmp/wisp152/scratch/e2e-subject-kill2.sh	root-ambiguous
docs/evidence/s1/152-subject-death-never-measured-r1.md:271	/d/work/tmp/wisp152/scratch/e2e-subject-kill3.sh	root-ambiguous
docs/evidence/s1/152-subject-death-never-measured-r1.md:274	wisp.exe	bare-unresolvable
docs/evidence/s1/152-subject-death-never-measured-r1.md:282	wisp.exe	bare-unresolvable
docs/evidence/s1/152-subject-death-never-measured-r1.md:294	/d/work/tmp/wisp152/scratch/wisp-anchor.exe	root-ambiguous
docs/evidence/s1/152-subject-death-never-measured-r1.md:295	/d/work/tmp/wisp152/scratch/wisp-anchor.exe	root-ambiguous
docs/evidence/s1/152-subject-death-never-measured-r1.md:301	wisp.exe	bare-unresolvable
docs/evidence/s1/152-subject-death-never-measured-r1.md:301	base-report.json	bare-unresolvable
docs/evidence/s1/152-subject-death-never-measured-r1.md:311	wisp-anchor.exe	bare-unresolvable
docs/evidence/s1/152-subject-death-never-measured-r1.md:311	/kill-report.json	root-ambiguous
docs/evidence/s1/152-subject-death-never-measured-r1.md:312	wisp-anchor.exe	bare-unresolvable
docs/evidence/s1/152-subject-death-never-measured-r1.md:312	subject-report.json	bare-unresolvable
docs/evidence/s1/152-subject-death-never-measured-r1.md:313	wisp-anchor.exe	bare-unresolvable
docs/evidence/s1/152-subject-death-never-measured-r1.md:313	subject-report.json	bare-unresolvable
docs/evidence/s1/152-subject-death-never-measured-r1.md:317	subject-report.json	bare-unresolvable
docs/evidence/s1/152-subject-death-never-measured-r1.md:326	wisp.exe	bare-unresolvable
docs/evidence/s1/152-subject-death-never-measured-r1.md:326	wisp-anchor.exe	bare-unresolvable
docs/evidence/s1/152-subject-death-never-measured-r1.md:375	slo_windows.go	bare-ambiguous
docs/evidence/s1/152-subject-death-never-measured-r1.md:384	last.sum	bare-unresolvable
docs/evidence/s1/152-subject-death-never-measured-r1.md:399	last.sum	bare-unresolvable
docs/evidence/s1/152-subject-death-never-measured-r1.md:408	last.sum	bare-unresolvable
docs/evidence/s1/152-subject-death-never-measured-r1.md:489	slo_windows.go	bare-ambiguous
docs/evidence/s1/152-subject-death-never-measured-r1.md:496	g1-restored-borrowed-value-case14off.log	bare-ambiguous
docs/evidence/s1/152-subject-death-never-measured-r1.md:500	g2-case14-not-a-test-only.log	bare-ambiguous
docs/evidence/s1/153-ac2-a-closure-r1.md:61	loop.go	bare-ambiguous
docs/evidence/s1/153-ac2-a-closure-r1.md:62	loop.go	bare-ambiguous
docs/evidence/s1/153-ac2-a-closure-r1.md:63	_test.go	bare-unresolvable
docs/evidence/s1/153-ac2-a-closure-r1.md:63	loop.go	bare-ambiguous
docs/evidence/s1/153-ac2-a-closure-r1.md:65	schema.go	bare-ambiguous
docs/evidence/s1/153-ac2-a-closure-r1.md:66	_test.go	bare-unresolvable
docs/evidence/s1/153-ac2-a-closure-r1.md:67	_test.go	bare-unresolvable
docs/evidence/s1/153-ac2-a-closure-r1.md:69	c.log	bare-unresolvable
docs/evidence/s1/153-ac2-a-closure-r1.md:82	_test.go	bare-unresolvable
docs/evidence/s1/153-ac2-a-closure-r1.md:84	_test.go	bare-unresolvable
docs/evidence/s1/153-ac2-a-closure-r1.md:85	_test.go	bare-unresolvable
docs/evidence/s1/153-ac2-a-closure-r1.md:115	schema.go	bare-ambiguous
docs/evidence/s1/153-ac2-a-closure-r1.md:115	models.go	bare-ambiguous
docs/evidence/s1/153-ac2-a-closure-r1.md:116	schema.go	bare-ambiguous
docs/evidence/s1/153-ac2-a-closure-r1.md:116	models.go	bare-ambiguous
docs/evidence/s1/153-ac2-a-closure-r1.md:116	_test.go	bare-unresolvable
docs/evidence/s1/153-ac2-a-closure-r1.md:117	loop.go	bare-ambiguous
docs/evidence/s1/153-ac2-a-closure-r1.md:120	loop.go	bare-ambiguous
docs/evidence/s1/153-ac2-a-closure-r1.md:121	loop.go	bare-ambiguous
docs/evidence/s1/153-ac2-a-closure-r1.md:137	loop.go	bare-ambiguous
docs/evidence/s1/153-ac2-a-closure-r1.md:181	config.toml	bare-unresolvable
docs/evidence/s1/153-ac2-a-closure-r1.md:181	schema.go	bare-ambiguous
docs/evidence/s1/153-trace-lies-unguarded-r1-accept-r1.md:34	loop.go	bare-ambiguous
docs/evidence/s1/153-trace-lies-unguarded-r1-accept-r1.md:78	bec1727.md	bare-unresolvable
docs/evidence/s1/153-trace-lies-unguarded-r1-accept-r1.md:78	6de3d1c.md	bare-unresolvable
docs/evidence/s1/153-trace-lies-unguarded-r1-accept-r1.md:172	loop.go	bare-ambiguous
docs/evidence/s1/153-trace-lies-unguarded-r1-accept-r1.md:172	_test.go	bare-unresolvable
docs/evidence/s1/153-trace-lies-unguarded-r1-accept-r1.md:212	mut153.py	bare-ambiguous
docs/evidence/s1/153-trace-lies-unguarded-r1-accept-r1.md:223	loop.go	bare-ambiguous
docs/evidence/s1/153-trace-lies-unguarded-r1-accept-r1.md:254	_test.go	bare-unresolvable
docs/evidence/s1/153-trace-lies-unguarded-r1-accept-r1.md:384	_test.go	bare-unresolvable
docs/evidence/s1/153-trace-lies-unguarded-r1-accept-r1.md:387	loop.go	bare-ambiguous
docs/evidence/s1/153-trace-lies-unguarded-r1-accept-r1.md:390	c.sum	bare-unresolvable
docs/evidence/s1/153-trace-lies-unguarded-r1-accept-r1.md:399	loop.go	bare-ambiguous
docs/evidence/s1/153-trace-lies-unguarded-r1-accept-r1.md:400	loop.go	bare-ambiguous
docs/evidence/s1/153-trace-lies-unguarded-r1-accept-r1.md:401	loop.go	bare-ambiguous
docs/evidence/s1/153-trace-lies-unguarded-r1-accept-r1.md:435	loop.go	bare-ambiguous
docs/evidence/s1/153-trace-lies-unguarded-r1-accept-r1.md:473	/d/work/base/gopath/bin/gofumpt.exe	root-ambiguous
docs/evidence/s1/153-trace-lies-unguarded-r1-accept-r1.md:548	loop.go	bare-ambiguous
docs/evidence/s1/153-trace-lies-unguarded-r1-accept-r1.md:576	_test.go	bare-unresolvable
docs/evidence/s1/153-trace-lies-unguarded-r1-accept-r1.md:642	agents.md	bare-unresolvable
docs/evidence/s1/153-trace-lies-unguarded-r1-accept-r1.md:649	MEMORY.md	bare-unresolvable
docs/evidence/s1/153-trace-lies-unguarded-r1-accept-r1.md:762	loop.go	bare-ambiguous
docs/evidence/s1/153-trace-lies-unguarded-r1-accept-r1.md:770	recs.log	bare-unresolvable
docs/evidence/s1/153-trace-lies-unguarded-r1-accept-r1.md:771	c.sum	bare-unresolvable
docs/evidence/s1/153-trace-lies-unguarded-r1-accept-r1.md:776	/testdata/golden/<fixture>.sse	root-ambiguous
docs/evidence/s1/153-trace-lies-unguarded-r1-accept-r1.md:777	loop.go	bare-ambiguous
docs/evidence/s1/153-trace-lies-unguarded-r1-accept-r1.md:783	vet.exe	bare-unresolvable
docs/evidence/s1/153-trace-lies-unguarded-r1-accept-r1.md:831	loop.go	bare-ambiguous
docs/evidence/s1/153-trace-lies-unguarded-r1-accept-r1.md:833	loop.go	bare-ambiguous
docs/evidence/s1/153-trace-lies-unguarded-r1-accept-r1.md:842	.log.txt	bare-unresolvable
docs/evidence/s1/153-trace-lies-unguarded-r1-accept-r1.md:871	loop.go	bare-ambiguous
docs/evidence/s1/153-trace-lies-unguarded-r1-accept-r1.md:872	run.go	bare-ambiguous
docs/evidence/s1/153-trace-lies-unguarded-r1-accept-r1.md:876	mut153.py	bare-ambiguous
docs/evidence/s1/153-trace-lies-unguarded-r1-accept-r1.md:902	agents.md	bare-unresolvable
docs/evidence/s1/153-trace-lies-unguarded-r1-accept-r1.md:910	11-2-helpers-and-rulers.txt	bare-unresolvable
docs/evidence/s1/153-trace-lies-unguarded-r1.md:35	loop.go	bare-ambiguous
docs/evidence/s1/153-trace-lies-unguarded-r1.md:38	loop.go	bare-ambiguous
docs/evidence/s1/153-trace-lies-unguarded-r1.md:41	loop.go	bare-ambiguous
docs/evidence/s1/153-trace-lies-unguarded-r1.md:157	loop.go	bare-ambiguous
docs/evidence/s1/153-trace-lies-unguarded-r1.md:179	loop.go	bare-ambiguous
docs/evidence/s1/153-trace-lies-unguarded-r1.md:180	loop.go	bare-ambiguous
docs/evidence/s1/153-trace-lies-unguarded-r1.md:189	_test.go	bare-unresolvable
docs/evidence/s1/153-trace-lies-unguarded-r1.md:204	l.log	bare-unresolvable
docs/evidence/s1/153-trace-lies-unguarded-r1.md:209	_test.go	bare-unresolvable
docs/evidence/s1/153-trace-lies-unguarded-r1.md:210	run.go	bare-ambiguous
docs/evidence/s1/153-trace-lies-unguarded-r1.md:211	run.go	bare-ambiguous
docs/evidence/s1/153-trace-lies-unguarded-r1.md:212	run.go	bare-ambiguous
docs/evidence/s1/153-trace-lies-unguarded-r1.md:216	loop.go	bare-ambiguous
docs/evidence/s1/153-trace-lies-unguarded-r1.md:217	loop.go	bare-ambiguous
docs/evidence/s1/153-trace-lies-unguarded-r1.md:231	loop.go	bare-ambiguous
docs/evidence/s1/153-trace-lies-unguarded-r1.md:242	loop.go	bare-ambiguous
docs/evidence/s1/153-trace-lies-unguarded-r1.md:253	_test.go	bare-unresolvable
docs/evidence/s1/153-trace-lies-unguarded-r1.md:282	loop.go	bare-ambiguous
docs/evidence/s1/153-trace-lies-unguarded-r1.md:287	mut153.py	bare-ambiguous
docs/evidence/s1/153-trace-lies-unguarded-r1.md:324	_test.go	bare-unresolvable
docs/evidence/s1/153-trace-lies-unguarded-r1.md:338	mut153.py	bare-ambiguous
docs/evidence/s1/153-trace-lies-unguarded-r1.md:412	_test.go	bare-unresolvable
docs/evidence/s1/153-trace-lies-unguarded-r1.md:448	/d/work/base/gopath/bin/gofumpt.exe	root-ambiguous
docs/evidence/s1/153-trace-lies-unguarded-r1.md:506	wisp.exe	bare-unresolvable
docs/evidence/s1/153-trace-lies-unguarded-r1.md:520	/wisp/agents.md	root-ambiguous
docs/evidence/s1/153-trace-lies-unguarded-r1.md:525	MEMORY.md	bare-unresolvable
docs/evidence/s1/153-trace-lies-unguarded-r1.md:611	_test.go	bare-unresolvable
docs/evidence/s1/153-trace-lies-unguarded-r1.md:614	schema.go	bare-ambiguous
docs/evidence/s1/153-trace-lies-unguarded-r1.md:617	_test.go	bare-unresolvable
docs/evidence/s1/153-trace-lies-unguarded-r1.md:625	loop.go	bare-ambiguous
docs/evidence/s1/153-trace-lies-unguarded-r1.md:625	schema.go	bare-ambiguous
docs/evidence/s1/153-trace-lies-unguarded-r1.md:638	schema.go	bare-ambiguous
docs/evidence/s1/153-trace-lies-unguarded-r1.md:638	models.go	bare-ambiguous
docs/evidence/s1/153-trace-lies-unguarded-r1.md:639	_test.go	bare-unresolvable
docs/evidence/s1/153-trace-lies-unguarded-r1.md:641	loop.go	bare-ambiguous
docs/evidence/s1/153-trace-lies-unguarded-r1.md:648	loop.go	bare-ambiguous
docs/evidence/s1/153-trace-lies-unguarded-r1.md:648	models.go	bare-ambiguous
docs/evidence/s1/154-close-gate-never-rings-r1-accept-r1.md:53	loop.go	bare-ambiguous
docs/evidence/s1/154-close-gate-never-rings-r1-accept-r1.md:53	bridge.go	bare-ambiguous
docs/evidence/s1/154-close-gate-never-rings-r1-accept-r1.md:87	_test.go	bare-unresolvable
docs/evidence/s1/154-close-gate-never-rings-r1-accept-r1.md:96	_test.go	bare-unresolvable
docs/evidence/s1/154-close-gate-never-rings-r1-accept-r1.md:97	go.mod	bare-ambiguous
docs/evidence/s1/154-close-gate-never-rings-r1-accept-r1.md:97	go.sum	bare-ambiguous
docs/evidence/s1/154-close-gate-never-rings-r1-accept-r1.md:104	_test.go	bare-unresolvable
docs/evidence/s1/154-close-gate-never-rings-r1-accept-r1.md:123	bridge.go	bare-ambiguous
docs/evidence/s1/154-close-gate-never-rings-r1-accept-r1.md:166	bridge.go	bare-ambiguous
docs/evidence/s1/154-close-gate-never-rings-r1-accept-r1.md:166	run.go	bare-ambiguous
docs/evidence/s1/154-close-gate-never-rings-r1-accept-r1.md:167	_test.go	bare-unresolvable
docs/evidence/s1/154-close-gate-never-rings-r1-accept-r1.md:182	provenance.go	bare-ambiguous
docs/evidence/s1/154-close-gate-never-rings-r1-accept-r1.md:189	_test.go	bare-unresolvable
docs/evidence/s1/154-close-gate-never-rings-r1-accept-r1.md:232	bridge.go	bare-ambiguous
docs/evidence/s1/154-close-gate-never-rings-r1-accept-r1.md:232	run.go	bare-ambiguous
docs/evidence/s1/154-close-gate-never-rings-r1-accept-r1.md:233	bridge.go	bare-ambiguous
docs/evidence/s1/154-close-gate-never-rings-r1-accept-r1.md:234	run.go	bare-ambiguous
docs/evidence/s1/154-close-gate-never-rings-r1-accept-r1.md:235	slo_windows.go	bare-ambiguous
docs/evidence/s1/154-close-gate-never-rings-r1-accept-r1.md:244	run.go	bare-ambiguous
docs/evidence/s1/154-close-gate-never-rings-r1-accept-r1.md:247	adapter.go	bare-ambiguous
docs/evidence/s1/154-close-gate-never-rings-r1-accept-r1.md:254	run.go	bare-ambiguous
docs/evidence/s1/154-close-gate-never-rings-r1-accept-r1.md:254	_test.go	bare-unresolvable
docs/evidence/s1/154-close-gate-never-rings-r1-accept-r1.md:258	provenance.go	bare-ambiguous
docs/evidence/s1/154-close-gate-never-rings-r1-accept-r1.md:263	fs_write.go	bare-ambiguous
docs/evidence/s1/154-close-gate-never-rings-r1-accept-r1.md:361	names-post-tools.txt	bare-ambiguous
docs/evidence/s1/154-close-gate-never-rings-r1-accept-r1.md:369	slo_windows.go	bare-ambiguous
docs/evidence/s1/154-close-gate-never-rings-r1-accept-r1.md:372	/anchor-cmd/slo_windows.go	root-ambiguous
docs/evidence/s1/154-close-gate-never-rings-r1-accept-r1.md:443	bridge.go	bare-ambiguous
docs/evidence/s1/154-close-gate-never-rings-r1-accept-r1.md:475	bridge.go	bare-ambiguous
docs/evidence/s1/154-close-gate-never-rings-r1-accept-r1.md:487	go.mod	bare-ambiguous
docs/evidence/s1/154-close-gate-never-rings-r1-accept-r1.md:492	bridge.go	bare-ambiguous
docs/evidence/s1/154-close-gate-never-rings-r1-accept-r1.md:498	bridge.go	bare-ambiguous
docs/evidence/s1/154-close-gate-never-rings-r1-accept-r1.md:512	bridge.go	bare-ambiguous
docs/evidence/s1/154-close-gate-never-rings-r1-accept-r1.md:531	astscan.go	bare-unresolvable
docs/evidence/s1/154-close-gate-never-rings-r1-accept-r1.md:583	bridge.go	bare-ambiguous
docs/evidence/s1/154-host-id-never-closed-r1.md:106	mine-cli.txt	bare-unresolvable
docs/evidence/s1/154-host-id-never-closed-r1.md:106	theirs-cli-sorted.txt	bare-unresolvable
docs/evidence/s1/154-host-id-never-closed-r1.md:108	mine-cli.txt	bare-unresolvable
docs/evidence/s1/154-host-id-never-closed-r1.md:108	theirs-cli-sorted.txt	bare-unresolvable
docs/evidence/s1/154-host-id-never-closed-r1.md:110	mine-tools.txt	bare-unresolvable
docs/evidence/s1/154-host-id-never-closed-r1.md:110	theirs-tools-sorted.txt	bare-unresolvable
docs/evidence/s1/154-host-id-never-closed-r1.md:111	mine-tools.txt	bare-unresolvable
docs/evidence/s1/154-host-id-never-closed-r1.md:111	theirs-tools-sorted.txt	bare-unresolvable
docs/evidence/s1/154-host-id-never-closed-r1.md:132	_test.go	bare-unresolvable
docs/evidence/s1/154-host-id-never-closed-r1.md:139	loop.go	bare-ambiguous
docs/evidence/s1/154-host-id-never-closed-r1.md:140	bridge.go	bare-ambiguous
docs/evidence/s1/154-host-id-never-closed-r1.md:148	go.mod	bare-ambiguous
docs/evidence/s1/154-host-id-never-closed-r1.md:148	go.sum	bare-ambiguous
docs/evidence/s1/154-host-id-never-closed-r1.md:156	_test.go	bare-unresolvable
docs/evidence/s1/154-host-id-never-closed-r1.md:158	_test.go	bare-unresolvable
docs/evidence/s1/154-host-id-never-closed-r1.md:159	_test.go	bare-unresolvable
docs/evidence/s1/154-host-id-never-closed-r1.md:160	_test.go	bare-unresolvable
docs/evidence/s1/154-host-id-never-closed-r1.md:162	_test.go	bare-unresolvable
docs/evidence/s1/154-host-id-never-closed-r1.md:171	close_owner_probe.go	bare-unresolvable
docs/evidence/s1/154-host-id-never-closed-r1.md:184	_test.go	bare-unresolvable
docs/evidence/s1/154-host-id-never-closed-r1.md:195	_test.go	bare-unresolvable
docs/evidence/s1/154-host-id-never-closed-r1.md:196	loop.go	bare-ambiguous
docs/evidence/s1/154-host-id-never-closed-r1.md:258	loop.go	bare-ambiguous
docs/evidence/s1/154-host-id-never-closed-r1.md:305	names-pre-tools.txt	bare-ambiguous
docs/evidence/s1/154-host-id-never-closed-r1.md:305	names-post-tools.txt	bare-ambiguous
docs/evidence/s1/154-host-id-never-closed-r1.md:326	_test.go	bare-unresolvable
docs/evidence/s1/154-host-id-never-closed-r1.md:334	bridge.go	bare-ambiguous
docs/evidence/s1/154-host-id-never-closed-r1.md:335	run.go	bare-ambiguous
docs/evidence/s1/154-host-id-never-closed-r1.md:336	run.go	bare-ambiguous
docs/evidence/s1/154-host-id-never-closed-r1.md:338	run.go	bare-ambiguous
docs/evidence/s1/154-host-id-never-closed-r1.md:338	_test.go	bare-unresolvable
docs/evidence/s1/154-host-id-never-closed-r1.md:342	gate.go	bare-ambiguous
docs/evidence/s1/154-host-id-never-closed-r1.md:345	main.go	bare-ambiguous
docs/evidence/s1/154-host-id-never-closed-r1.md:346	slo_windows.go	bare-ambiguous
docs/evidence/s1/154-host-id-never-closed-r1.md:349	_test.go	bare-unresolvable
docs/evidence/s1/154-host-id-never-closed-r1.md:358	fs.go	bare-ambiguous
docs/evidence/s1/154-host-id-never-closed-r1.md:359	loop.go	bare-ambiguous
docs/evidence/s1/154-host-id-never-closed-r1.md:360	run.go	bare-ambiguous
docs/evidence/s1/154-host-id-never-closed-r1.md:361	bridge.go	bare-ambiguous
docs/evidence/s1/154-host-id-never-closed-r1.md:362	_test.go	bare-unresolvable
docs/evidence/s1/154-host-id-never-closed-r1.md:365	bridge.go	bare-ambiguous
docs/evidence/s1/154-host-id-never-closed-r1.md:374	_test.go	bare-unresolvable
docs/evidence/s1/154-host-id-never-closed-r1.md:452	_test.go	bare-unresolvable
docs/evidence/s1/154-host-id-never-closed-r1.md:473	doc.go	bare-ambiguous
docs/evidence/s1/154-host-id-never-closed-r1.md:473	go.sum	bare-ambiguous
docs/evidence/s1/154-host-id-never-closed-r1.md:479	go.mod	bare-ambiguous
docs/evidence/s1/154-host-id-never-closed-r1.md:480	_golden_test.go	bare-unresolvable
docs/evidence/s1/154-host-id-never-closed-r1.md:549	bridge.go	bare-ambiguous
docs/evidence/s1/154-host-id-never-closed-r1.md:555	bridge.go	bare-ambiguous
docs/evidence/s1/154-host-id-never-closed-r1.md:558	/d/tmp/wisp154-r2/mut/bridge-pre154.go	root-ambiguous
docs/evidence/s1/154-host-id-never-closed-r1.md:559	/d/tmp/wisp154-r2/mut/bridge-pre154.go	root-ambiguous
docs/evidence/s1/154-host-id-never-closed-r1.md:561	bridge-pre154.go	bare-unresolvable
docs/evidence/s1/154-host-id-never-closed-r1.md:575	names-mut-cli.txt	bare-unresolvable
docs/evidence/s1/154-host-id-never-closed-r1.md:576	names-mut-cli.txt	bare-unresolvable
docs/evidence/s1/154-host-id-never-closed-r1.md:578	ac6-mut-tools-strip154-v.txt	bare-ambiguous
docs/evidence/s1/154-host-id-never-closed-r1.md:587	/overlay-noop-close.json	root-ambiguous
docs/evidence/s1/154-host-id-never-closed-r1.md:593	slo_windows.go	bare-ambiguous
docs/evidence/s1/154-host-id-never-closed-r1.md:604	_test.go	bare-unresolvable
docs/evidence/s1/154-host-id-never-closed-r1.md:607	bridge.go	bare-ambiguous
docs/evidence/s1/154-host-id-never-closed-r1.md:608	_test.go	bare-unresolvable
docs/evidence/s1/154-host-id-never-closed-r1.md:639	run.go	bare-ambiguous
docs/evidence/s1/154-host-id-never-closed-r1.md:639	loop.go	bare-ambiguous
docs/evidence/s1/154-host-id-never-closed-r1.md:639	bridge.go	bare-ambiguous
docs/evidence/s1/154-host-id-never-closed-r1.md:649	bridge.go	bare-ambiguous
docs/evidence/s1/154-host-id-never-closed-r1.md:650	bridge.go	bare-ambiguous
docs/evidence/s1/154-host-id-never-closed-r1.md:656	run.go	bare-ambiguous
docs/evidence/s1/154-host-id-never-closed-r1.md:692	run.go	bare-ambiguous
docs/evidence/s1/154-host-id-never-closed-r1.md:721	go.sum	bare-ambiguous
docs/evidence/s1/154-host-id-never-closed-r1.md:728	bridge.go	bare-ambiguous
docs/evidence/s1/154-host-id-never-closed-r1.md:745	bridge.go	bare-ambiguous
docs/evidence/s1/154-host-id-never-closed-r1.md:747	bridge.go	bare-ambiguous
docs/evidence/s1/154-host-id-never-closed-r1.md:774	config.toml	bare-unresolvable
docs/evidence/s1/154-host-id-never-closed-r1.md:781	wisp.test.exe	bare-unresolvable
docs/evidence/s1/154-host-id-never-closed-r1.md:799	loop.go	bare-ambiguous
docs/evidence/s1/154-host-id-never-closed-r1.md:799	pump.go	bare-ambiguous
docs/evidence/s1/155-three-unjudged-cells-r1-accept-r1.md:16	00-preflight.txt	bare-ambiguous
docs/evidence/s1/155-three-unjudged-cells-r1-accept-r1.md:20	run.go	bare-ambiguous
docs/evidence/s1/155-three-unjudged-cells-r1-accept-r1.md:27	mut153.py	bare-ambiguous
docs/evidence/s1/155-three-unjudged-cells-r1-accept-r1.md:47	mksnap.py	bare-unresolvable
docs/evidence/s1/155-three-unjudged-cells-r1-accept-r1.md:77	loop.go	bare-ambiguous
docs/evidence/s1/155-three-unjudged-cells-r1-accept-r1.md:95	loop.go	bare-ambiguous
docs/evidence/s1/155-three-unjudged-cells-r1-accept-r1.md:102	loop.go	bare-ambiguous
docs/evidence/s1/155-three-unjudged-cells-r1-accept-r1.md:103	loop.go	bare-ambiguous
docs/evidence/s1/155-three-unjudged-cells-r1-accept-r1.md:104	loop.go	bare-ambiguous
docs/evidence/s1/155-three-unjudged-cells-r1-accept-r1.md:105	loop.go	bare-ambiguous
docs/evidence/s1/155-three-unjudged-cells-r1-accept-r1.md:108	loop.go	bare-ambiguous
docs/evidence/s1/155-three-unjudged-cells-r1-accept-r1.md:109	loop.go	bare-ambiguous
docs/evidence/s1/155-three-unjudged-cells-r1-accept-r1.md:117	loop.go	bare-ambiguous
docs/evidence/s1/155-three-unjudged-cells-r1-accept-r1.md:126	mksnap.py	bare-unresolvable
docs/evidence/s1/155-three-unjudged-cells-r1-accept-r1.md:201	loop.go	bare-ambiguous
docs/evidence/s1/155-three-unjudged-cells-r1-accept-r1.md:225	mksnap.py	bare-unresolvable
docs/evidence/s1/155-three-unjudged-cells-r1-accept-r1.md:225	manifest-6de3d1c5.json	bare-unresolvable
docs/evidence/s1/155-three-unjudged-cells-r1-accept-r1.md:226	mksnap.py	bare-unresolvable
docs/evidence/s1/155-three-unjudged-cells-r1-accept-r1.md:227	_test.go	bare-unresolvable
docs/evidence/s1/155-three-unjudged-cells-r1-accept-r1.md:227	zzprobe155_ext_ondisk_test.go	bare-unresolvable
docs/evidence/s1/155-three-unjudged-cells-r1-accept-r1.md:244	bridge.go	bare-ambiguous
docs/evidence/s1/155-three-unjudged-cells-r1-accept-r1.md:260	00-preflight.txt	bare-ambiguous
docs/evidence/s1/155-three-unjudged-cells-r1-accept-r1.md:270	mut153.py	bare-ambiguous
docs/evidence/s1/155-three-unjudged-cells-r1-accept-r1.md:272	mut153.py	bare-ambiguous
docs/evidence/s1/155-three-unjudged-cells-r1-accept-r1.md:286	bridge.go	bare-ambiguous
docs/evidence/s1/155-three-unjudged-cells-r1-accept-r1.md:287	_test.go	bare-unresolvable
docs/evidence/s1/155-three-unjudged-cells-r1-accept-r1.md:299	mut153.py	bare-ambiguous
docs/evidence/s1/155-three-unjudged-cells-r1-accept-r1.md:308	agents.md	bare-unresolvable
docs/evidence/s1/155-three-unjudged-cells-r1-accept-r1.md:315	00-preflight.txt	bare-ambiguous
docs/evidence/s1/155-three-unjudged-cells-r1-accept-r1.md:334	mksnap.py	bare-unresolvable
docs/evidence/s1/155-three-unjudged-cells-r1-accept-r1.md:334	mut153.py	bare-ambiguous
docs/evidence/s1/155-three-unjudged-cells-r1.md:65	_test.go	bare-unresolvable
docs/evidence/s1/155-three-unjudged-cells-r1.md:93	loop.go	bare-ambiguous
docs/evidence/s1/155-three-unjudged-cells-r1.md:105	_test.go	bare-unresolvable
docs/evidence/s1/155-three-unjudged-cells-r1.md:105	loop.go	bare-ambiguous
docs/evidence/s1/155-three-unjudged-cells-r1.md:106	loop.go	bare-ambiguous
docs/evidence/s1/155-three-unjudged-cells-r1.md:113	loop.go	bare-ambiguous
docs/evidence/s1/155-three-unjudged-cells-r1.md:114	loop.go	bare-ambiguous
docs/evidence/s1/155-three-unjudged-cells-r1.md:115	loop.go	bare-ambiguous
docs/evidence/s1/155-three-unjudged-cells-r1.md:116	loop.go	bare-ambiguous
docs/evidence/s1/155-three-unjudged-cells-r1.md:123	_test.go	bare-unresolvable
docs/evidence/s1/155-three-unjudged-cells-r1.md:130	run.go	bare-ambiguous
docs/evidence/s1/155-three-unjudged-cells-r1.md:134	loop.go	bare-ambiguous
docs/evidence/s1/155-three-unjudged-cells-r1.md:146	mut153.py	bare-ambiguous
docs/evidence/s1/155-three-unjudged-cells-r1.md:154	loop.go	bare-ambiguous
docs/evidence/s1/155-three-unjudged-cells-r1.md:160	mut153.py	bare-ambiguous
docs/evidence/s1/155-three-unjudged-cells-r1.md:176	mut153.py	bare-ambiguous
docs/evidence/s1/155-three-unjudged-cells-r1.md:176	loop.go	bare-ambiguous
docs/evidence/s1/155-three-unjudged-cells-r1.md:182	_test.go	bare-unresolvable
docs/evidence/s1/155-three-unjudged-cells-r1.md:185	mut153.py	bare-ambiguous
docs/evidence/s1/155-three-unjudged-cells-r1.md:207	mut153.py	bare-ambiguous
docs/evidence/s1/155-three-unjudged-cells-r1.md:224	zzprobe155_ext_ondisk_test.go	bare-unresolvable
docs/evidence/s1/155-three-unjudged-cells-r1.md:227	loop.go	bare-ambiguous
docs/evidence/s1/155-three-unjudged-cells-r1.md:229	_test.go	bare-unresolvable
docs/evidence/s1/155-three-unjudged-cells-r1.md:238	loop.go	bare-ambiguous
docs/evidence/s1/155-three-unjudged-cells-r1.md:277	_test.go	bare-unresolvable
docs/evidence/s1/155-three-unjudged-cells-r1.md:288	agents.md	bare-unresolvable
docs/evidence/s1/155-three-unjudged-cells-r1.md:297	mut153.py	bare-ambiguous
docs/evidence/s1/155-three-unjudged-cells-r1.md:314	loop.go	bare-ambiguous
docs/evidence/s1/155-three-unjudged-cells-r1.md:326	sha-list-6de3d1c5.txt	bare-unresolvable
docs/evidence/s1/155-three-unjudged-cells-r1.md:329	_test.go	bare-unresolvable
docs/evidence/s1/155-three-unjudged-cells-r1.md:365	_test.go	bare-unresolvable
docs/evidence/s1/155-three-unjudged-cells-r1.md:541	loop.go	bare-ambiguous
docs/evidence/s1/155-three-unjudged-cells-r1.md:573	loop.go	bare-ambiguous
docs/evidence/s1/155-three-unjudged-cells-r1.md:579	loop.go	bare-ambiguous
docs/evidence/s1/155-three-unjudged-cells-r1.md:589	loop.go	bare-ambiguous
docs/evidence/s1/155-three-unjudged-cells-r1.md:607	loop.go	bare-ambiguous
docs/evidence/s1/155-three-unjudged-cells-r1.md:611	loop.go	bare-ambiguous
docs/evidence/s1/155-three-unjudged-cells-r1.md:630	run.go	bare-ambiguous
docs/evidence/s1/155-three-unjudged-cells-r1.md:640	loop.go	bare-ambiguous
docs/evidence/s1/155-three-unjudged-cells-r1.md:642	loop.go	bare-ambiguous
docs/evidence/s1/155-three-unjudged-cells-r1.md:660	loop.go	bare-ambiguous
docs/evidence/s1/155-three-unjudged-cells-r1.md:668	_test.go	bare-unresolvable
docs/evidence/s1/155-three-unjudged-cells-r1.md:675	gate.go	bare-ambiguous
docs/evidence/s1/155-three-unjudged-cells-r1.md:675	bridge.go	bare-ambiguous
docs/evidence/s1/155-three-unjudged-cells-r1.md:680	bridge.go	bare-ambiguous
docs/evidence/s1/155-three-unjudged-cells-r1.md:713	bridge.go	bare-ambiguous
docs/evidence/s1/155-three-unjudged-cells-r1.md:741	agents.md	bare-unresolvable
docs/evidence/s1/155-three-unjudged-cells-r1.md:747	MEMORY.md	bare-unresolvable
docs/evidence/s1/155-three-unjudged-cells-r1.md:771	sh/.txt	stemless
docs/evidence/s1/155-three-unjudged-cells-r1.md:820	run.go	bare-ambiguous
docs/evidence/s1/155-three-unjudged-cells-r1.md:820	slo_windows.go	bare-ambiguous
docs/evidence/s1/155-three-unjudged-cells-r1.md:827	22-r2-ac5-cell-and-b1-columns.sh/.txt	stemless
docs/evidence/s1/155-three-unjudged-cells-r1.md:827	23-r2-close-shape.sh/.txt	stemless
docs/evidence/s1/155-three-unjudged-cells-r1.md:835	agents.md	bare-unresolvable
docs/evidence/s1/155-three-unjudged-cells-r1.md:835	MEMORY.md	bare-unresolvable
docs/evidence/s1/156-close-and-load-bearing-r1-accept-r1.md:49	slo_windows.go	bare-ambiguous
docs/evidence/s1/156-close-and-load-bearing-r1-accept-r1.md:74	go.mod	bare-ambiguous
docs/evidence/s1/156-close-and-load-bearing-r1-accept-r1.md:77	go.mod	bare-ambiguous
docs/evidence/s1/156-close-and-load-bearing-r1-accept-r1.md:78	go.mod	bare-ambiguous
docs/evidence/s1/156-close-and-load-bearing-r1-accept-r1.md:78	go.sum	bare-ambiguous
docs/evidence/s1/156-close-and-load-bearing-r1-accept-r1.md:79	go.mod	bare-ambiguous
docs/evidence/s1/156-close-and-load-bearing-r1-accept-r1.md:81	go.mod	bare-ambiguous
docs/evidence/s1/156-close-and-load-bearing-r1-accept-r1.md:82	go.mod	bare-ambiguous
docs/evidence/s1/156-close-and-load-bearing-r1-accept-r1.md:86	go.mod	bare-ambiguous
docs/evidence/s1/156-close-and-load-bearing-r1-accept-r1.md:87	go.mod	bare-ambiguous
docs/evidence/s1/156-close-and-load-bearing-r1-accept-r1.md:91	slo_windows.go	bare-ambiguous
docs/evidence/s1/156-close-and-load-bearing-r1-accept-r1.md:92	go.mod	bare-ambiguous
docs/evidence/s1/156-close-and-load-bearing-r1-accept-r1.md:92	go.sum	bare-ambiguous
docs/evidence/s1/156-close-and-load-bearing-r1-accept-r1.md:93	go.mod	bare-ambiguous
docs/evidence/s1/156-close-and-load-bearing-r1-accept-r1.md:95	go.mod	bare-ambiguous
docs/evidence/s1/156-close-and-load-bearing-r1-accept-r1.md:103	go.mod	bare-ambiguous
docs/evidence/s1/156-close-and-load-bearing-r1-accept-r1.md:103	go.sum	bare-ambiguous
docs/evidence/s1/156-close-and-load-bearing-r1-accept-r1.md:104	go.mod	bare-ambiguous
docs/evidence/s1/156-close-and-load-bearing-r1-accept-r1.md:104	go.sum	bare-ambiguous
docs/evidence/s1/156-close-and-load-bearing-r1-accept-r1.md:105	meta.txt	bare-ambiguous
docs/evidence/s1/156-close-and-load-bearing-r1-accept-r1.md:106	Runner.Listener.exe	bare-unresolvable
docs/evidence/s1/156-close-and-load-bearing-r1-accept-r1.md:106	Runner.Worker.exe	bare-unresolvable
docs/evidence/s1/156-close-and-load-bearing-r1-accept-r1.md:107	meta.txt	bare-ambiguous
docs/evidence/s1/156-close-and-load-bearing-r1-accept-r1.md:108	gofumpt.exe	bare-unresolvable
docs/evidence/s1/156-close-and-load-bearing-r1-accept-r1.md:126	zero156-r4-head.sh	bare-unresolvable
docs/evidence/s1/156-close-and-load-bearing-r1-accept-r1.md:214	go.mod	bare-ambiguous
docs/evidence/s1/156-close-and-load-bearing-r1-accept-r1.md:237	go.mod	bare-ambiguous
docs/evidence/s1/156-close-and-load-bearing-r1-accept-r1.md:239	slo_windows.go	bare-ambiguous
docs/evidence/s1/156-close-and-load-bearing-r1-accept-r1.md:275	_test.go	bare-unresolvable
docs/evidence/s1/156-close-and-load-bearing-r1-accept-r1.md:337	.log.runs.txt	bare-unresolvable
docs/evidence/s1/156-close-and-load-bearing-r1-accept-r1.md:337	f.log	bare-unresolvable
docs/evidence/s1/156-close-and-load-bearing-r1-accept-r1.md:338	cell>.runs.txt	placeholder
docs/evidence/s1/156-close-and-load-bearing-r1-accept-r1.md:338	cell>.verdicts.txt	placeholder
docs/evidence/s1/156-close-and-load-bearing-r1-accept-r1.md:429	g1-restored-borrowed-value-case14off.log	bare-ambiguous
docs/evidence/s1/156-close-and-load-bearing-r1-accept-r1.md:432	case14off.log	bare-unresolvable
docs/evidence/s1/156-close-and-load-bearing-r1-accept-r1.md:455	slo_windows.go	bare-ambiguous
docs/evidence/s1/156-close-and-load-bearing-r1-accept-r1.md:457	_test.go	bare-unresolvable
docs/evidence/s1/156-close-and-load-bearing-r1-accept-r1.md:613	go.mod	bare-ambiguous
docs/evidence/s1/156-close-and-load-bearing-r1-accept-r1.md:613	go.sum	bare-ambiguous
docs/evidence/s1/156-close-and-load-bearing-r1-accept-r1.md:625	go.mod	bare-ambiguous
docs/evidence/s1/156-close-and-load-bearing-r1-accept-r1.md:647	go.mod	bare-ambiguous
docs/evidence/s1/156-close-and-load-bearing-r1-accept-r1.md:647	go.sum	bare-ambiguous
docs/evidence/s1/156-close-and-load-bearing-r1-accept-r1.md:659	_test.go	bare-unresolvable
docs/evidence/s1/156-close-and-load-bearing-r1-accept-r1.md:662	d22scan.txt	bare-ambiguous
docs/evidence/s1/156-close-and-load-bearing-r1-accept-r1.md:669	go.mod	bare-ambiguous
docs/evidence/s1/156-close-and-load-bearing-r1-accept-r1.md:669	go.sum	bare-ambiguous
docs/evidence/s1/156-close-and-load-bearing-r1-accept-r1.md:695	meta.txt	bare-ambiguous
docs/evidence/s1/156-close-and-load-bearing-r1-accept-r1.md:720	meta.txt	bare-ambiguous
docs/evidence/s1/156-close-and-load-bearing-r1-accept-r1.md:794	slo_windows.go	bare-ambiguous
docs/evidence/s1/156-close-and-load-bearing-r1-accept-r1.md:804	go.mod	bare-ambiguous
docs/evidence/s1/156-close-and-load-bearing-r1-accept-r1.md:808	go.mod	bare-ambiguous
docs/evidence/s1/156-close-and-load-bearing-r1-accept-r1.md:808	go.sum	bare-ambiguous
docs/evidence/s1/156-close-and-load-bearing-r1-accept-r1.md:832	case14off.log	bare-unresolvable
docs/evidence/s1/156-close-and-load-bearing-r1-accept-r1.md:869	go.mod	bare-ambiguous
docs/evidence/s1/156-close-and-load-bearing-r1-accept-r1.md:869	go.sum	bare-ambiguous
docs/evidence/s1/156-close-and-load-bearing-r1-accept-r1.md:880	meta.txt	bare-ambiguous
docs/evidence/s1/156-close-and-load-bearing-r1-accept-r1.md:881	meta.txt	bare-ambiguous
docs/evidence/s1/156-close-and-load-bearing-r1-accept-r1.md:886	.log.runs.txt	bare-unresolvable
docs/evidence/s1/156-close-and-load-bearing-r1-accept-r1.md:889	cell>.log	placeholder
docs/evidence/s1/156-exited-asks-os-r1.md:68	go.mod	bare-ambiguous
docs/evidence/s1/156-exited-asks-os-r1.md:68	go.sum	bare-ambiguous
docs/evidence/s1/156-exited-asks-os-r1.md:85	docs/evidence/s1/152-...-accept-r1.md	ellipsis
docs/evidence/s1/156-exited-asks-os-r1.md:208	exec_windows.go	bare-unresolvable
docs/evidence/s1/156-exited-asks-os-r1.md:226	go.mod	bare-ambiguous
docs/evidence/s1/156-exited-asks-os-r1.md:226	go.sum	bare-ambiguous
docs/evidence/s1/156-exited-asks-os-r1.md:233	_test.go	bare-unresolvable
docs/evidence/s1/156-exited-asks-os-r1.md:238	slo_windows.go	bare-ambiguous
docs/evidence/s1/156-exited-asks-os-r1.md:281	/cmdwisp.log	root-ambiguous
docs/evidence/s1/156-exited-asks-os-r1.md:336	152-...-accept-r1.md	ellipsis
docs/evidence/s1/156-exited-asks-os-r1.md:377	g1-restored-borrowed-value-case14off.log	bare-ambiguous
docs/evidence/s1/156-exited-asks-os-r1.md:433	slo_windows.go	bare-ambiguous
docs/evidence/s1/156-exited-asks-os-r1.md:483	slo_windows.go	bare-ambiguous
docs/evidence/s1/156-exited-asks-os-r1.md:484	overlay.json	bare-ambiguous
docs/evidence/s1/156-exited-asks-os-r1.md:531	asis.log	bare-ambiguous
docs/evidence/s1/156-exited-asks-os-r1.md:581	case13-off.log	bare-unresolvable
docs/evidence/s1/156-exited-asks-os-r1.md:612	slo_windows.go	bare-ambiguous
docs/evidence/s1/156-exited-asks-os-r1.md:621	slo_windows.go	bare-ambiguous
docs/evidence/s1/156-exited-asks-os-r1.md:654	slo_windows.go	bare-ambiguous
docs/evidence/s1/156-exited-asks-os-r1.md:663	overlay.json	bare-ambiguous
docs/evidence/s1/156-r4-gates-and-cleanup-r1.md:38	slo_windows.go	bare-ambiguous
docs/evidence/s1/156-r4-gates-and-cleanup-r1.md:74	meta.txt	bare-ambiguous
docs/evidence/s1/156-r4-gates-and-cleanup-r1.md:78	n.log	bare-unresolvable
docs/evidence/s1/156-r4-gates-and-cleanup-r1.md:88	cmdwisp.log	bare-ambiguous
docs/evidence/s1/156-r4-gates-and-cleanup-r1.md:89	cmdwisp.log	bare-ambiguous
docs/evidence/s1/156-r4-gates-and-cleanup-r1.md:95	cmdwisp.log	bare-ambiguous
docs/evidence/s1/156-r4-gates-and-cleanup-r1.md:123	slo_windows.go	bare-ambiguous
docs/evidence/s1/156-r4-gates-and-cleanup-r1.md:166	slo_windows.go	bare-ambiguous
docs/evidence/s1/156-r4-gates-and-cleanup-r1.md:189	asis.log	bare-ambiguous
docs/evidence/s1/156-r4-gates-and-cleanup-r1.md:200	meta.txt	bare-ambiguous
docs/evidence/s1/156-r4-gates-and-cleanup-r1.md:202	meta.txt	bare-ambiguous
docs/evidence/s1/156-r4-gates-and-cleanup-r1.md:223	k.txt	bare-unresolvable
docs/evidence/s1/156-r4-gates-and-cleanup-r1.md:224	k.txt	bare-unresolvable
docs/evidence/s1/156-r4-gates-and-cleanup-r1.md:251	meta.txt	bare-ambiguous
docs/evidence/s1/156-r4-gates-and-cleanup-r1.md:261	.ts/.tsx	stemless
docs/evidence/s1/156-r4-gates-and-cleanup-r1.md:315	_test.go	bare-unresolvable
docs/evidence/s1/156-r4-gates-and-cleanup-r1.md:324	go.mod	bare-ambiguous
docs/evidence/s1/156-r4-gates-and-cleanup-r1.md:324	go.sum	bare-ambiguous
docs/evidence/s1/156-r4-gates-and-cleanup-r1.md:366	k.txt	bare-unresolvable
docs/evidence/s1/156-r4-gates-and-cleanup-r1.md:367	go.mod	bare-ambiguous
docs/evidence/s1/156-r4-gates-and-cleanup-r1.md:367	go.sum	bare-ambiguous
docs/evidence/s1/156-r4-gates-and-cleanup-r1.md:369	.scratch/wisp/probes/156/gate-r3-pre/<pkg>.log	placeholder
docs/evidence/s1/156-r4-gates-and-cleanup-r1.md:372	meta.txt	bare-ambiguous
docs/evidence/s1/156-r4-gates-and-cleanup-r1.md:397	zero156-r4-head.sh	bare-unresolvable
docs/evidence/s1/156-r4-gates-and-cleanup-r1.md:417	meta.txt	bare-ambiguous
docs/evidence/s1/157-ac5-recheck-r1.md:226	agents.md	bare-unresolvable
docs/evidence/s1/157-record-level-cleanup-r1-accept-r1.md:123	run.go	bare-ambiguous
docs/evidence/s1/157-record-level-cleanup-r1-accept-r1.md:123	slo_windows.go	bare-ambiguous
docs/evidence/s1/157-record-level-cleanup-r1-accept-r1.md:123	bridge.go	bare-ambiguous
docs/evidence/s1/157-record-level-cleanup-r1-accept-r1.md:136	_test.go	bare-unresolvable
docs/evidence/s1/157-record-level-cleanup-r1-accept-r1.md:180	10-items4to7.sh	bare-unresolvable
docs/evidence/s1/157-record-level-cleanup-r1-accept-r1.md:195	astfacts2.go	bare-unresolvable
docs/evidence/s1/157-record-level-cleanup-r1-accept-r1.md:198	MEMORY.md	bare-unresolvable
docs/evidence/s1/157-record-level-cleanup-r1-accept-r1.md:219	loopblob.txt	bare-unresolvable
docs/evidence/s1/157-record-level-cleanup-r1-accept-r1.md:219	loop.go	bare-ambiguous
docs/evidence/s1/157-record-level-cleanup-r1-accept-r1.md:219	astfacts2.go	bare-unresolvable
docs/evidence/s1/157-record-level-cleanup-r1-accept-r1.md:219	out-ast-item4-v2.txt	bare-unresolvable
docs/evidence/s1/157-record-level-cleanup-r1-accept-r1.md:219	netdiff.txt	bare-unresolvable
docs/evidence/s1/158-gate-scope-blind-spot-r1-accept-r1.md:52	bridge.go	bare-ambiguous
docs/evidence/s1/158-gate-scope-blind-spot-r1-accept-r1.md:53	_test.go	bare-unresolvable
docs/evidence/s1/158-gate-scope-blind-spot-r1-accept-r1.md:63	_test.go	bare-unresolvable
docs/evidence/s1/158-gate-scope-blind-spot-r1-accept-r1.md:63	provenance.go	bare-ambiguous
docs/evidence/s1/158-gate-scope-blind-spot-r1-accept-r1.md:63	bridge.go	bare-ambiguous
docs/evidence/s1/158-gate-scope-blind-spot-r1-accept-r1.md:69	bridge.go	bare-ambiguous
docs/evidence/s1/158-gate-scope-blind-spot-r1-accept-r1.md:92	bridge.go	bare-ambiguous
docs/evidence/s1/158-gate-scope-blind-spot-r1-accept-r1.md:93	bridge.go	bare-ambiguous
docs/evidence/s1/158-gate-scope-blind-spot-r1-accept-r1.md:95	bridge.go	bare-ambiguous
docs/evidence/s1/158-gate-scope-blind-spot-r1-accept-r1.md:115	bridge.go	bare-ambiguous
docs/evidence/s1/158-gate-scope-blind-spot-r1-accept-r1.md:193	bridge.go	bare-ambiguous
docs/evidence/s1/158-gate-scope-blind-spot-r1-accept-r1.md:235	loop.go	bare-ambiguous
docs/evidence/s1/158-gate-scope-blind-spot-r1-accept-r1.md:236	loop.go	bare-ambiguous
docs/evidence/s1/158-gate-scope-blind-spot-r1-accept-r1.md:236	bridge.go	bare-ambiguous
docs/evidence/s1/158-gate-scope-blind-spot-r1-accept-r1.md:261	bridge.go	bare-ambiguous
docs/evidence/s1/158-gate-scope-blind-spot-r1-accept-r1.md:329	bridge.go	bare-ambiguous
docs/evidence/s1/158-gate-scope-blind-spot-r1-accept-r1.md:354	bridge.go	bare-ambiguous
docs/evidence/s1/158-gate-scope-blind-spot-r1-accept-r1.md:398	right-rail.tsx	bare-only-design-frontend
docs/evidence/s1/158-gate-scope-blind-spot-r1-accept-r1.md:405	right-rail.tsx	bare-only-design-frontend
docs/evidence/s1/158-gate-scope-blind-spot-r1-accept-r1.md:434	main.go	bare-ambiguous
docs/evidence/s1/158-gate-scope-blind-spot-r1-accept-r1.md:439	_test.go	bare-unresolvable
docs/evidence/s1/158-gate-scope-blind-spot-r1-accept-r1.md:439	bridge.go	bare-ambiguous
docs/evidence/s1/158-gate-scope-blind-spot-r1-accept-r1.md:440	_test.go	bare-unresolvable
docs/evidence/s1/158-gate-scope-blind-spot-r1-accept-r1.md:461	bridge.go	bare-ambiguous
docs/evidence/s1/158-gate-scope-blind-spot-r1-accept-r1.md:500	MEMORY.md	bare-unresolvable
docs/evidence/s1/158-gate-scope-blind-spot-r1-accept-r1.md:555	right-rail.tsx	bare-only-design-frontend
docs/evidence/s1/158-gate-scope-blind-spot-r1.md:65	.scratch/.../mut/bridge.canary.go	ellipsis
docs/evidence/s1/158-gate-scope-blind-spot-r1.md:66	.scratch/.../mut/bridge.noopentask.go	ellipsis
docs/evidence/s1/158-gate-scope-blind-spot-r1.md:87	roster-baseline.txt	bare-ambiguous
docs/evidence/s1/158-gate-scope-blind-spot-r1.md:88	roster-baseline.txt	bare-ambiguous
docs/evidence/s1/158-gate-scope-blind-spot-r1.md:97	provenance.go	bare-ambiguous
docs/evidence/s1/158-gate-scope-blind-spot-r1.md:100	bridge.go	bare-ambiguous
docs/evidence/s1/158-gate-scope-blind-spot-r1.md:149	bridge.go	bare-ambiguous
docs/evidence/s1/158-gate-scope-blind-spot-r1.md:160	provenance.go	bare-ambiguous
docs/evidence/s1/158-gate-scope-blind-spot-r1.md:195	_test.go	bare-unresolvable
docs/evidence/s1/158-gate-scope-blind-spot-r1.md:196	_test.go	bare-unresolvable
docs/evidence/s1/158-gate-scope-blind-spot-r1.md:222	_test.go	bare-unresolvable
docs/evidence/s1/158-gate-scope-blind-spot-r1.md:258	provenance.go	bare-ambiguous
docs/evidence/s1/158-gate-scope-blind-spot-r1.md:300	bridge.go	bare-ambiguous
docs/evidence/s1/158-gate-scope-blind-spot-r1.md:309	main.go	bare-ambiguous
docs/evidence/s1/158-gate-scope-blind-spot-r1.md:370	bridge.go	bare-ambiguous
docs/evidence/s1/158-gate-scope-blind-spot-r1.md:393	agents.md	bare-unresolvable
docs/evidence/s1/158-gate-scope-blind-spot-r1.md:398	bridge.go	bare-ambiguous
docs/evidence/s1/158-gate-scope-blind-spot-r1.md:420	_test.go	bare-unresolvable
docs/evidence/s1/158-gate-scope-blind-spot-r1.md:420	bridge.go	bare-ambiguous
docs/evidence/s1/158-gate-scope-blind-spot-r1.md:501	gofumpt-before.txt	bare-unresolvable
docs/evidence/s1/158-gate-scope-blind-spot-r1.md:535	loop.go	bare-ambiguous
docs/evidence/s1/158-gate-scope-blind-spot-r1.md:602	pkg-before.txt	bare-unresolvable
docs/evidence/s1/158-gate-scope-blind-spot-r1.md:602	pkg-after.txt	bare-unresolvable
docs/evidence/s1/158-gate-scope-blind-spot-r1.md:630	_test.go	bare-unresolvable
docs/evidence/s1/158-gate-scope-blind-spot-r1.md:691	_test.go	bare-unresolvable
docs/evidence/s1/158-gate-scope-blind-spot-r1.md:703	right-rail.tsx	bare-only-design-frontend
docs/evidence/s1/158-gate-scope-blind-spot-r1.md:739	bridge.go	bare-ambiguous
docs/evidence/s1/158-gate-scope-blind-spot-r1.md:749	bridge.go	bare-ambiguous
docs/evidence/s1/158-gate-scope-blind-spot-r1.md:763	bridge.go	bare-ambiguous
docs/evidence/s1/158-gate-scope-blind-spot-r1.md:770	bridge.go	bare-ambiguous
docs/evidence/s1/158-gate-scope-blind-spot-r1.md:778	right-rail.tsx	bare-only-design-frontend
docs/evidence/s1/158-gate-scope-blind-spot-r1.md:808	bridge.go	bare-ambiguous
docs/evidence/s1/158-gate-scope-blind-spot-r1.md:875	bridge.go	bare-ambiguous
docs/evidence/s1/158-gate-scope-blind-spot-r1.md:908	right-rail.tsx	bare-only-design-frontend
docs/evidence/s1/158-gate-scope-blind-spot-r1.md:915	bridge.go	bare-ambiguous
docs/evidence/s1/158-gate-scope-blind-spot-r1.md:921	bridge.go	bare-ambiguous
docs/evidence/s1/158-gate-scope-blind-spot-r1.md:960	agents.md	bare-unresolvable
docs/evidence/s1/158-gate-scope-blind-spot-r1.md:960	MEMORY.md	bare-unresolvable
docs/evidence/s1/158-gate-scope-blind-spot-r1.md:983	bridge.go	bare-ambiguous
docs/evidence/s1/158-gate-scope-blind-spot-r1.md:1041	right-rail.tsx	bare-only-design-frontend
docs/evidence/s1/158-gate-scope-blind-spot-r1.md:1075	bridge.go	bare-ambiguous
docs/evidence/s1/160-design-core-c1.md:6	go.mod	bare-ambiguous
docs/evidence/s1/160-design-core-c1.md:27	provenance.go	bare-ambiguous
docs/evidence/s1/160-design-core-c1.md:29	session.ts	bare-unresolvable
docs/evidence/s1/160-design-core-c1.md:58	_test.go	bare-unresolvable
docs/evidence/s1/160-design-core-c1.md:64	bridge.go	bare-ambiguous
docs/evidence/s1/160-design-core-c1.md:65	bridge.go	bare-ambiguous
docs/evidence/s1/160-design-core-c1.md:76	_test.go	bare-unresolvable
docs/evidence/s1/160-design-core-c1.md:78	_test.go	bare-unresolvable
docs/evidence/s1/160-design-core-c1.md:79	provenance.go	bare-ambiguous
docs/evidence/s1/160-design-core-c1.md:83	go.mod	bare-ambiguous
docs/evidence/s1/160-design-core-c1.md:93	_test.go	bare-unresolvable
docs/evidence/s1/160-design-core-c1.md:100	_test.go	bare-unresolvable
docs/evidence/s1/160-design-core-c1.md:102	provenance.go	bare-ambiguous
docs/evidence/s1/160-design-core-c1.md:121	_test.go	bare-unresolvable
docs/evidence/s1/160-design-core-c1.md:135	_test.go	bare-unresolvable
docs/evidence/s1/160-design-core-c1.md:137	provenance.go	bare-ambiguous
docs/evidence/s1/160-design-core-c1.md:154	provenance.go	bare-ambiguous
docs/evidence/s1/160-design-core-c1.md:170	b.log	bare-unresolvable
docs/evidence/s1/160-design-core-c1.md:171	provenance.go	bare-ambiguous
docs/evidence/s1/160-design-core-c1.md:172	provenance.go	bare-ambiguous
docs/evidence/s1/160-design-core-c1.md:180	provenance.go	bare-ambiguous
docs/evidence/s1/160-design-core-c1.md:185	bridge.go	bare-ambiguous
docs/evidence/s1/160-design-core-c1.md:185	provenance.go	bare-ambiguous
docs/evidence/s1/160-design-core-c1.md:186	provenance.go	bare-ambiguous
docs/evidence/s1/160-design-core-c1.md:197	bridge.go	bare-ambiguous
docs/evidence/s1/160-design-core-c1.md:198	provenance.go	bare-ambiguous
docs/evidence/s1/160-design-core-c1.md:199	session.ts	bare-unresolvable
docs/evidence/s1/160-design-core-c1.md:236	bridge.go	bare-ambiguous
docs/evidence/s1/160-design-core-c1.md:244	_test.go	bare-unresolvable
docs/evidence/s1/160-design-core-c1.md:250	provenance.go	bare-ambiguous
docs/evidence/s1/160-design-core-c1.md:251	provenance.go	bare-ambiguous
docs/evidence/s1/160-handle-accept-r1.md:18	.scratch/wisp/issues/160-...-closer.md	ellipsis
docs/evidence/s1/160-handle-accept-r1.md:62	vet.exe	bare-unresolvable
docs/evidence/s1/160-handle-accept-r1.md:62	closebyid.go	bare-ambiguous
docs/evidence/s1/160-handle-accept-r1.md:62	provenance.go	bare-ambiguous
docs/evidence/s1/160-handle-accept-r1.md:63	provenance.go	bare-ambiguous
docs/evidence/s1/160-handle-accept-r1.md:64	bridge.go	bare-ambiguous
docs/evidence/s1/160-handle-accept-r1.md:73	provenance.go	bare-ambiguous
docs/evidence/s1/160-handle-accept-r1.md:84	bridge.go	bare-ambiguous
docs/evidence/s1/160-handle-accept-r1.md:101	bridge.go	bare-ambiguous
docs/evidence/s1/160-handle-accept-r1.md:102	provenance.go	bare-ambiguous
docs/evidence/s1/160-handle-accept-r1.md:103	bridge.go	bare-ambiguous
docs/evidence/s1/160-handle-r1.md:44	fs_edit.go	bare-ambiguous
docs/evidence/s1/160-handle-r1.md:46	provenance.go	bare-ambiguous
docs/evidence/s1/160-handle-r1.md:47	bridge.go	bare-ambiguous
docs/evidence/s1/160-handle-r1.md:47	_test.go	bare-unresolvable
docs/evidence/s1/160-handle-r1.md:48	_test.go	bare-unresolvable
docs/evidence/s1/160-handle-r1.md:51	provenance.go	bare-ambiguous
docs/evidence/s1/160-handle-r1.md:51	bridge.go	bare-ambiguous
docs/evidence/s1/160-handle-r1.md:87	provenance.go	bare-ambiguous
docs/evidence/s1/160-handle-r1.md:95	_test.go	bare-unresolvable
docs/evidence/s1/160-handle-r1.md:145	closebyid.go	bare-ambiguous
docs/evidence/s1/160-handle-r1.md:161	provenance.go	bare-ambiguous
docs/evidence/s1/160-handle-r1.md:162	provenance.go	bare-ambiguous
docs/evidence/s1/160-handle-r1.md:163	provenance.go	bare-ambiguous
docs/evidence/s1/160-handle-r1.md:164	bridge.go	bare-ambiguous
docs/evidence/s1/160-handle-r1.md:167	bridge.go	bare-ambiguous
docs/evidence/s1/160-handle-r1.md:167	provenance.go	bare-ambiguous
docs/evidence/s1/160-handle-r1.md:187	provenance.go	bare-ambiguous
docs/evidence/s1/160-handle-r1.md:216	bridge.go	bare-ambiguous
docs/evidence/s1/160-handle-r1.md:255	bridge.go	bare-ambiguous
docs/evidence/s1/160-handle-r1.md:264	bridge.go	bare-ambiguous
docs/evidence/s1/160-handle-r1.md:266	provenance.go	bare-ambiguous
docs/evidence/s1/161-attrib-selftest-r5.md:21	no2.go	bare-unresolvable
docs/evidence/s1/161-attrib-selftest-r5.md:21	no3.go	bare-unresolvable
docs/evidence/s1/161-attrib-selftest-r5.md:38	.red.txt	bare-unresolvable
docs/evidence/s1/161-attrib-selftest-r5.md:45	attrib.sh	bare-ambiguous
docs/evidence/s1/161-attrib-selftest-r5.md:47	attrib.sh	bare-ambiguous
docs/evidence/s1/161-attrib-selftest-r5.md:87	attrib.sh	bare-ambiguous
docs/evidence/s1/161-attrib-selftest-r5.md:94	bad-sample.go	bare-unresolvable
docs/evidence/s1/161-attrib-selftest-r5.md:96	attrib.sh	bare-ambiguous
docs/evidence/s1/161-attrib-selftest-r5.md:97	attrib.sh	bare-ambiguous
docs/evidence/s1/161-attrib-selftest-r5.md:152	attrib.sh	bare-ambiguous
docs/evidence/s1/161-attrib-selftest-r5.md:153	attrib.sh	bare-ambiguous
docs/evidence/s1/161-attrib-selftest-r5.md:162	go.mod	bare-ambiguous
docs/evidence/s1/161-attrib-selftest-r5.md:169	go.mod	bare-ambiguous
docs/evidence/s1/161-attrib-selftest-r5.md:169	attrib.sh	bare-ambiguous
docs/evidence/s1/161-attrib-selftest-r5.md:203	attrib.sh	bare-ambiguous
docs/evidence/s1/161-attrib-selftest-r5.md:214	attrib.sh	bare-ambiguous
docs/evidence/s1/161-attrib-selftest-r5.md:238	attrib.sh	bare-ambiguous
docs/evidence/s1/161-attrib-selftest-r5.md:247	attrib.sh	bare-ambiguous
docs/evidence/s1/161-doorbell-census-r1.md:85	_other.go	bare-unresolvable
docs/evidence/s1/161-doorbell-census-r1.md:102	approval.go	bare-ambiguous
docs/evidence/s1/161-doorbell-census-r1.md:104	_test.go	bare-unresolvable
docs/evidence/s1/161-doorbell-census-r1.md:167	ruler_b2.go	bare-unresolvable
docs/evidence/s1/161-doorbell-census-r1.md:168	ruler_c.go	bare-unresolvable
docs/evidence/s1/161-doorbell-census-r1.md:169	wisp.exe	bare-unresolvable
docs/evidence/s1/161-doorbell-census-r1.md:183	ruler_b2.go	bare-unresolvable
docs/evidence/s1/161-doorbell-census-r1.md:209	loop.go	bare-ambiguous
docs/evidence/s1/161-doorbell-census-r1.md:209	run.go	bare-ambiguous
docs/evidence/s1/161-doorbell-census-r1.md:215	mode.go	bare-ambiguous
docs/evidence/s1/161-doorbell-census-r1.md:236	ruler_b2.go	bare-unresolvable
docs/evidence/s1/161-doorbell-census-r1.md:240	machine.go	bare-ambiguous
docs/evidence/s1/161-doorbell-census-r1.md:241	main.go	bare-ambiguous
docs/evidence/s1/161-doorbell-census-r1.md:243	ruler_c.go	bare-unresolvable
docs/evidence/s1/161-doorbell-census-r1.md:246	balldebug.exe	bare-unresolvable
docs/evidence/s1/161-doorbell-census-r1.md:250	wisp.exe	bare-unresolvable
docs/evidence/s1/161-doorbell-census-r1.md:255	wisp.exe	bare-unresolvable
docs/evidence/s1/161-doorbell-census-r1.md:264	mode.go	bare-ambiguous
docs/evidence/s1/161-doorbell-census-r1.md:267	_test.go	bare-unresolvable
docs/evidence/s1/161-doorbell-census-r1.md:279	main.go	bare-ambiguous
docs/evidence/s1/161-doorbell-census-r1.md:279	balldebug.exe	bare-unresolvable
docs/evidence/s1/161-doorbell-census-r1.md:280	gate.go	bare-ambiguous
docs/evidence/s1/161-doorbell-census-r1.md:294	approval.go	bare-ambiguous
docs/evidence/s1/161-doorbell-census-r1.md:318	gate.go	bare-ambiguous
docs/evidence/s1/161-doorbell-census-r1.md:320	panel_pump.go	bare-ambiguous
docs/evidence/s1/161-doorbell-census-r1.md:332	.go.txt	bare-unresolvable
docs/evidence/s1/161-doorbell-census-r1.md:352	wisp.exe	bare-unresolvable
docs/evidence/s1/161-doorbell-census-r1.md:356	gate.go	bare-ambiguous
docs/evidence/s1/161-doorbell-census-r1.md:356	run.go	bare-ambiguous
docs/evidence/s1/161-doorbell-census-r1.md:364	wisp.exe	bare-unresolvable
docs/evidence/s1/161-doorbell-census-r1.md:379	gate.go	bare-ambiguous
docs/evidence/s1/161-doorbell-census-r1.md:380	gate.go	bare-ambiguous
docs/evidence/s1/161-doorbell-census-r1.md:397	ruler_b2.go	bare-unresolvable
docs/evidence/s1/161-doorbell-census-r1.md:426	bridge.go	bare-ambiguous
docs/evidence/s1/161-doorbell-census-r1.md:450	p_b8.go	bare-unresolvable
docs/evidence/s1/161-doorbell-census-r1.md:451	p_unp.go	bare-unresolvable
docs/evidence/s1/161-doorbell-census-r1.md:452	p_unp.go	bare-unresolvable
docs/evidence/s1/161-doorbell-census-r1.md:453	p_unp.go	bare-unresolvable
docs/evidence/s1/161-doorbell-census-r1.md:454	p_unp.go	bare-unresolvable
docs/evidence/s1/161-doorbell-census-r1.md:460	guard.no1/no2/no3.go	multi-ext
docs/evidence/s1/161-gate-aggregate-r6.md:115	_test.go	bare-unresolvable
docs/evidence/s1/161-gate-aggregate-r6.md:115	bridge.go	bare-ambiguous
docs/evidence/s1/161-gate-aggregate-r6.md:118	_test.go	bare-unresolvable
docs/evidence/s1/161-gate-aggregate-r6.md:165	attrib.sh	bare-ambiguous
docs/evidence/s1/161-gate-blindspot-r1.md:80	accept-r1.md	bare-unresolvable
docs/evidence/s1/161-gate-blindspot-r1.md:105	main.go	bare-ambiguous
docs/evidence/s1/161-gate-blindspot-r1.md:115	main.go	bare-ambiguous
docs/evidence/s1/161-gate-blindspot-r1.md:120	main.go	bare-ambiguous
docs/evidence/s1/161-gate-blindspot-r1.md:125	main.go	bare-ambiguous
docs/evidence/s1/161-gate-blindspot-r1.md:126	main.go	bare-ambiguous
docs/evidence/s1/161-gate-blindspot-r1.md:127	main.go	bare-ambiguous
docs/evidence/s1/161-gate-blindspot-r1.md:128	main.go	bare-ambiguous
docs/evidence/s1/161-gate-blindspot-r1.md:129	main.go	bare-ambiguous
docs/evidence/s1/161-gate-blindspot-r1.md:130	main.go	bare-ambiguous
docs/evidence/s1/161-gate-blindspot-r1.md:133	main.go	bare-ambiguous
docs/evidence/s1/161-gate-blindspot-r1.md:157	right-rail.tsx	bare-only-design-frontend
docs/evidence/s1/161-gate-blindspot-r1.md:239	main.go	bare-ambiguous
docs/evidence/s1/161-gate-blindspot-r1.md:261	logs/<cell>.scan.log	placeholder
docs/evidence/s1/161-gate-blindspot-r1.md:309	.scan.log	bare-unresolvable
docs/evidence/s1/161-gate-blindspot-r1.md:334	p_unp.go	bare-unresolvable
docs/evidence/s1/161-gate-blindspot-r1.md:336	p_unp.go	bare-unresolvable
docs/evidence/s1/161-gate-blindspot-r1.md:353	main.go	bare-ambiguous
docs/evidence/s1/161-gate-blindspot-r1.md:364	main.go	bare-ambiguous
docs/evidence/s1/161-gate-blindspot-r1.md:371	_test.go	bare-unresolvable
docs/evidence/s1/161-gate-blindspot-r1.md:372	main.go	bare-ambiguous
docs/evidence/s1/161-gate-blindspot-r1.md:376	_test.go	bare-unresolvable
docs/evidence/s1/161-gate-blindspot-r1.md:384	main.go	bare-ambiguous
docs/evidence/s1/161-gate-blindspot-r1.md:393	main.go	bare-ambiguous
docs/evidence/s1/161-gate-blindspot-r1.md:421	main.go	bare-ambiguous
docs/evidence/s1/161-gate-blindspot-r1.md:438	/d/work/base/gopath/bin/gofumpt.exe	root-ambiguous
docs/evidence/s1/161-gate-blindspot-r1.md:443	gofumpt.exe	bare-unresolvable
docs/evidence/s1/161-gate-blindspot-r1.md:498	_test.go	bare-unresolvable
docs/evidence/s1/161-gate-blindspot-r1.md:499	_test.go	bare-unresolvable
docs/evidence/s1/161-gate-blindspot-r1.md:505	main.go	bare-ambiguous
docs/evidence/s1/161-gate-blindspot-r1.md:566	logs/final-runtests.log	suffix-ambiguous
docs/evidence/s1/161-gate-blindspot-r1.md:660	_test.go	bare-unresolvable
docs/evidence/s1/161-gate-order-r4.md:24	.scratch/wisp/issues/161-...-ever-rung.md	ellipsis
docs/evidence/s1/161-gate-order-r4.md:27	.scratch/wisp/issues/161-...-ever-rung.md	ellipsis
docs/evidence/s1/161-gate-order-r4.md:30	no2.go	bare-unresolvable
docs/evidence/s1/161-gate-order-r4.md:30	no3.go	bare-unresolvable
docs/evidence/s1/161-gate-order-r4.md:97	attrib.sh	bare-ambiguous
docs/evidence/s1/161-gate-order-r4.md:98	attrib.sh	bare-ambiguous
docs/evidence/s1/161-gate-order-r4.md:99	attrib.sh	bare-ambiguous
docs/evidence/s1/161-gate-order-r4.md:100	attrib.sh	bare-ambiguous
docs/evidence/s1/161-gate-order-r4.md:123	attrib.sh	bare-ambiguous
docs/evidence/s1/161-gate-order-r4.md:124	attrib.sh	bare-ambiguous
docs/evidence/s1/161-gate-order-r4.md:125	attrib.sh	bare-ambiguous
docs/evidence/s1/161-gate-order-r4.md:130	attrib.sh	bare-ambiguous
docs/evidence/s1/161-gate-order-r4.md:241	main.go	bare-ambiguous
docs/evidence/s1/161-gate-order-r4.md:263	attrib.sh	bare-ambiguous
docs/evidence/s1/161-gate-order-r4.md:271	attrib.sh	bare-ambiguous
docs/evidence/s1/161-gate-order-r4.md:272	attrib.sh	bare-ambiguous
docs/evidence/s1/161-gate-order-r4.md:298	go.mod	bare-ambiguous
docs/evidence/s1/161-gate-order-r4.md:302	attrib.sh	bare-ambiguous
docs/evidence/s1/161-gate-order-r4.md:303	attrib.sh	bare-ambiguous
docs/evidence/s1/161-gate-order-r4.md:309	attrib.sh	bare-ambiguous
docs/evidence/s1/161-gates-accept-r2.md:65	run.go	bare-ambiguous
docs/evidence/s1/161-gates-accept-r2.md:65	bridge.go	bare-ambiguous
docs/evidence/s1/161-gates-accept-r2.md:81	_test.go	bare-unresolvable
docs/evidence/s1/161-gates-accept-r2.md:85	_test.go	bare-unresolvable
docs/evidence/s1/161-gates-accept-r2.md:107	run.go	bare-ambiguous
docs/evidence/s1/161-gates-accept-r2.md:108	bridge.go	bare-ambiguous
docs/evidence/s1/161-gates-accept-r2.md:122	d22base.exe	bare-unresolvable
docs/evidence/s1/161-gates-accept-r2.md:133	d22rem.exe	bare-unresolvable
docs/evidence/s1/161-gates-accept-r2.md:147	main.go	bare-ambiguous
docs/evidence/s1/161-gates-accept-r2.md:183	attrib.sh	bare-ambiguous
docs/evidence/s1/161-gates-accept-r2.md:188	go.mod	bare-ambiguous
docs/evidence/s1/161-gates-accept-r2.md:190	attrib.sh	bare-ambiguous
docs/evidence/s1/161-gates-accept-r2.md:191	attrib.sh	bare-ambiguous
docs/evidence/s1/161-gates-accept-r2.md:195	attrib.sh	bare-ambiguous
docs/evidence/s1/161-gates-accept-r2.md:238	attrib.sh	bare-ambiguous
docs/evidence/s1/161-gates-accept-r2.md:258	attrib.sh	bare-ambiguous
docs/evidence/s1/161-gates-selftest-accept-r1.md:22	_test.go	bare-unresolvable
docs/evidence/s1/161-gates-selftest-accept-r1.md:39	d22scan-v1.exe	bare-unresolvable
docs/evidence/s1/161-gates-selftest-accept-r1.md:78	main.go	bare-ambiguous
docs/evidence/s1/161-gates-selftest-accept-r1.md:85	main.go	bare-ambiguous
docs/evidence/s1/161-gates-selftest-accept-r1.md:94	logs/runtests.txt	suffix-ambiguous
docs/evidence/s1/161-gates-selftest-accept-r1.md:101	leaknamed.go	bare-unresolvable
docs/evidence/s1/161-gates-selftest-accept-r1.md:116	attrib.sh	bare-ambiguous
docs/evidence/s1/161-gates-selftest-accept-r1.md:152	bridge.go	bare-ambiguous
docs/evidence/s1/161-gates-selftest-accept-r1.md:152	gate.go	bare-ambiguous
docs/evidence/s1/161-gates-selftest-accept-r1.md:152	run.go	bare-ambiguous
docs/evidence/s1/161-gates-selftest-accept-r1.md:154	doc.go	bare-ambiguous
docs/evidence/s1/161-selftests-r3.md:62	no2.go	bare-unresolvable
docs/evidence/s1/161-selftests-r3.md:62	no3.go	bare-unresolvable
docs/evidence/s1/161-selftests-r3.md:81	gofumpt-version.txt	bare-ambiguous
docs/evidence/s1/161-selftests-r3.md:81	docs/evidence/s1/158-...accept-r1.md	ellipsis
docs/evidence/s1/161-selftests-r3.md:95	p_b8.go	bare-unresolvable
docs/evidence/s1/161-selftests-r3.md:96	p_unp.go	bare-unresolvable
docs/evidence/s1/161-selftests-r3.md:97	p_unp.go	bare-unresolvable
docs/evidence/s1/161-selftests-r3.md:98	p_unp.go	bare-unresolvable
docs/evidence/s1/161-selftests-r3.md:99	p_unp.go	bare-unresolvable
docs/evidence/s1/161-selftests-r3.md:124	/p_unp.go	root-ambiguous
docs/evidence/s1/161-selftests-r3.md:212	logs/pre-<ovl>.red.txt	placeholder
docs/evidence/s1/161-selftests-r3.md:212	logs/post-<ovl>.red.txt	placeholder
docs/evidence/s1/161-selftests-r3.md:233	ovl>.red.norm.txt	placeholder
docs/evidence/s1/161-selftests-r3.md:249	.go.txt	bare-unresolvable
docs/evidence/s1/162-fs-edit-accept-r1.md:66	v1notes.txt	bare-unresolvable
docs/evidence/s1/162-fs-edit-accept-r1.md:124	fs_write.go	bare-ambiguous
docs/evidence/s1/162-fs-edit-accept-r1.md:204	s1.txt	bare-unresolvable
docs/evidence/s1/162-fs-edit-accept-r1.md:217	fs_edit.go	bare-ambiguous
docs/evidence/s1/162-fs-edit-accept-r1.md:260	fs_edit.go	bare-ambiguous
docs/evidence/s1/162-fs-edit-accept-r1.md:310	fs_write.go	bare-ambiguous
docs/evidence/s1/162-fs-edit-accept-r1.md:311	fs_edit.go	bare-ambiguous
docs/evidence/s1/162-fs-edit-accept-r1.md:314	fs_edit.go	bare-ambiguous
docs/evidence/s1/162-fs-edit-accept-r1.md:315	fs_write.go	bare-ambiguous
docs/evidence/s1/162-fs-edit-accept-r1.md:360	fs_write.go	bare-ambiguous
docs/evidence/s1/162-fs-edit-accept-r1.md:363	bridge_test.go	bare-ambiguous
docs/evidence/s1/162-fs-edit-accept-r1.md:377	build-rigs.sh	bare-ambiguous
docs/evidence/s1/162-fs-edit-accept-r1.md:383	build-rigs.sh	bare-ambiguous
docs/evidence/s1/162-fs-edit-accept-r2.md:16	fs_edit.go	bare-ambiguous
docs/evidence/s1/162-fs-edit-accept-r2.md:62	bridge.go	bare-ambiguous
docs/evidence/s1/162-fs-edit-accept-r2.md:62	b.log	bare-unresolvable
docs/evidence/s1/162-fs-edit-accept-r2.md:127	fs_write.go	bare-ambiguous
docs/evidence/s1/162-fs-edit-accept-r2.md:127	fs_edit.go	bare-ambiguous
docs/evidence/s1/162-fs-edit-accept-r2.md:145	fs_edit.go	bare-ambiguous
docs/evidence/s1/162-fs-edit-accept-r2.md:156	fs_edit.go	bare-ambiguous
docs/evidence/s1/162-fs-edit-accept-r2.md:215	fs_edit.go	bare-ambiguous
docs/evidence/s1/162-fs-edit-accept-r2.md:218	tracked-go.txt	bare-ambiguous
docs/evidence/s1/162-fs-edit-r1.md:27	fs_write.go	bare-ambiguous
docs/evidence/s1/162-fs-edit-r1.md:30	provenance.go	bare-ambiguous
docs/evidence/s1/162-fs-edit-r1.md:58	notes.txt	bare-unresolvable
docs/evidence/s1/162-fs-edit-r1.md:62	notes.txt	bare-unresolvable
docs/evidence/s1/162-fs-edit-r1.md:130	fs_edit.go	bare-ambiguous
docs/evidence/s1/162-fs-edit-r1.md:137	fs.go	bare-ambiguous
docs/evidence/s1/162-fs-edit-r1.md:137	fs_write.go	bare-ambiguous
docs/evidence/s1/162-fs-edit-r1.md:142	fs_write.go	bare-ambiguous
docs/evidence/s1/162-fs-edit-r1.md:144	fs_edit.go	bare-ambiguous
docs/evidence/s1/162-fs-edit-r1.md:164	fs_edit.go	bare-ambiguous
docs/evidence/s1/162-fs-edit-r1.md:184	wisp.exe	bare-unresolvable
docs/evidence/s1/162-fs-edit-r1.md:194	fs_edit.go	bare-ambiguous
docs/evidence/s1/162-fs-edit-r1.md:194	fs.go	bare-ambiguous
docs/evidence/s1/162-fs-edit-r1.md:194	fs_write.go	bare-ambiguous
docs/evidence/s1/162-fs-edit-r1.md:194	doc.go	bare-ambiguous
docs/evidence/s1/162-fs-edit-r1.md:198	fs.go	bare-ambiguous
docs/evidence/s1/162-fs-edit-r1.md:215	tracked-go.txt	bare-ambiguous
docs/evidence/s1/162-fs-edit-r1.md:216	fs_edit.go	bare-ambiguous
docs/evidence/s1/162-fs-edit-r1.md:223	fs_edit.go	bare-ambiguous
docs/evidence/s1/162-fs-edit-r2.md:72	fs_edit.go	bare-ambiguous
docs/evidence/s1/162-fs-edit-r2.md:115	fs_write.go	bare-ambiguous
docs/evidence/s1/162-fs-edit-r2.md:151	edit.ts	bare-unresolvable
docs/evidence/s1/162-fs-edit-r2.md:170	fs_write.go	bare-ambiguous
docs/evidence/s1/162-fs-edit-r2.md:172	doc.go	bare-ambiguous
docs/evidence/s1/162-fs-edit-r2.md:174	fs_write.go	bare-ambiguous
docs/evidence/s1/162-fs-edit-r2.md:175	fs_edit.go	bare-ambiguous
docs/evidence/s1/162-fs-edit-r2.md:178	doc.go	bare-ambiguous
docs/evidence/s1/162-fs-edit-r2.md:182	fs_write.go	bare-ambiguous
docs/evidence/s1/162-fs-edit-r2.md:182	fs_edit.go	bare-ambiguous
docs/evidence/s1/162-fs-edit-r2.md:183	fs.go	bare-ambiguous
docs/evidence/s1/162-fs-edit-r2.md:183	fs_write.go	bare-ambiguous
docs/evidence/s1/162-fs-edit-r2.md:183	doc.go	bare-ambiguous
docs/evidence/s1/162-fs-edit-r2.md:195	_test.go	bare-unresolvable
docs/evidence/s1/162-fs-edit-r2.md:196	bad-sample.go	bare-unresolvable
docs/evidence/s1/162-fs-edit-r2.md:215	fs.go	bare-ambiguous
docs/evidence/s1/162-fs-edit-r2.md:236	fs_edit.go	bare-ambiguous
docs/evidence/s1/162-fs-edit-r2.md:266	fs_edit.go	bare-ambiguous
docs/evidence/s1/162-fs-edit-r2.md:267	fs_write.go	bare-ambiguous
docs/evidence/s1/162-fs-edit-r2.md:272	fs_edit.go	bare-ambiguous
docs/evidence/s1/162-fs-edit-r3.md:40	crlf-mixed.txt	bare-unresolvable
docs/evidence/s1/162-fs-edit-r3.md:92	fs_write.go	bare-ambiguous
docs/evidence/s1/162-fs-edit-r3.md:125	fs_edit.go	bare-ambiguous
docs/evidence/s1/162-fs-edit-r3.md:131	bridge.go	bare-ambiguous
docs/evidence/s1/162-fs-edit-r3.md:132	bridge.go	bare-ambiguous
docs/evidence/s1/162-fs-edit-r3.md:165	fs_edit.go	bare-ambiguous
docs/evidence/s1/162-fs-edit-r3.md:190	logs/m3-on-r3.log	suffix-ambiguous
docs/evidence/s1/162-fs-edit-r3.md:206	logs/m3-on-r3.log	suffix-ambiguous
docs/evidence/s1/162-fs-edit-r3.md:240	taskkill.exe	bare-unresolvable
docs/evidence/s1/162-fs-edit-r3.md:263	logs/order-after-m4.log	suffix-ambiguous
docs/evidence/s1/162-fs-edit-r3.md:282	roster-now.txt	bare-ambiguous
docs/evidence/s1/162-fs-edit-r3.md:282	roster-missing.txt	bare-ambiguous
docs/evidence/s1/162-fs-edit-r3.md:283	roster-now.txt	bare-ambiguous
docs/evidence/s1/162-fs-edit-r3.md:283	roster-added.txt	bare-ambiguous
docs/evidence/s1/162-fs-edit-r3.md:319	/mut/m3/fs_edit.go	root-ambiguous
docs/evidence/s1/162-fs-edit-r3.md:322	build-rigs.sh	bare-ambiguous
docs/evidence/s1/162-risk-tier-accept-v3.md:91	fs_edit.go	bare-ambiguous
docs/evidence/s1/162-risk-tier-accept-v3.md:93	fs_edit.go	bare-ambiguous
docs/evidence/s1/162-risk-tier-accept-v3.md:93	_test.go	bare-unresolvable
docs/evidence/s1/162-risk-tier-accept-v3.md:95	bridge.go	bare-ambiguous
docs/evidence/s1/162-risk-tier-accept-v3.md:103	fs_edit.go	bare-ambiguous
docs/evidence/s1/162-risk-tier-accept-v3.md:104	fs_edit.go	bare-ambiguous
docs/evidence/s1/162-risk-tier-accept-v3.md:106	fs_edit.go	bare-ambiguous
docs/evidence/s1/162-risk-tier-accept-v3.md:107	fs_write.go	bare-ambiguous
docs/evidence/s1/162-risk-tier-accept-v3.md:113	gate_r4_test.go	bare-unresolvable
docs/evidence/s1/162-risk-tier-accept-v3.md:129	tools-v3.txt	bare-unresolvable
docs/evidence/s1/162-risk-tier-accept-v3.md:129	d22scan.txt	bare-ambiguous
docs/evidence/s1/162-risk-tier-accept-v3.md:129	runtests.txt	bare-ambiguous
docs/evidence/s1/162-risk-tier-accept-v3.md:129	gofumpt.txt	bare-ambiguous
docs/evidence/s1/162-risk-tier-accept-v3.md:129	logs_m1_tier.txt	bare-unresolvable
docs/evidence/s1/162-risk-tier-accept-v3.md:155	bridge.go	bare-ambiguous
docs/evidence/s1/162-risk-tier-accept-v3.md:166	fs_edit.go	bare-ambiguous
docs/evidence/s1/162-risk-tier-and-contract-axis-r4.md:40	bridge.go	bare-ambiguous
docs/evidence/s1/162-risk-tier-and-contract-axis-r4.md:44	fs_write.go	bare-ambiguous
docs/evidence/s1/162-risk-tier-and-contract-axis-r4.md:73	note.txt	bare-unresolvable
docs/evidence/s1/162-risk-tier-and-contract-axis-r4.md:75	note.txt	bare-unresolvable
docs/evidence/s1/162-risk-tier-and-contract-axis-r4.md:86	bridge.go	bare-ambiguous
docs/evidence/s1/162-risk-tier-and-contract-axis-r4.md:87	fs_edit.go	bare-ambiguous
docs/evidence/s1/162-risk-tier-and-contract-axis-r4.md:88	fs_edit.go	bare-ambiguous
docs/evidence/s1/162-risk-tier-and-contract-axis-r4.md:88	fs_edit_m1.go	bare-unresolvable
docs/evidence/s1/162-risk-tier-and-contract-axis-r4.md:140	fs_write.go	bare-ambiguous
docs/evidence/s1/162-risk-tier-and-contract-axis-r4.md:140	fs_edit.go	bare-ambiguous
docs/evidence/s1/162-risk-tier-and-contract-axis-r4.md:153	fs_write.go	bare-ambiguous
docs/evidence/s1/162-risk-tier-and-contract-axis-r4.md:153	fs_write_m2.go	bare-unresolvable
docs/evidence/s1/162-risk-tier-and-contract-axis-r4.md:169	tools-verbose-after.txt	bare-unresolvable
docs/evidence/s1/162-risk-tier-and-contract-axis-r4.md:172	/tools-verbose-final.txt	root-ambiguous
docs/evidence/s1/162-risk-tier-and-contract-axis-r4.md:190	fs_write.go	bare-ambiguous
docs/evidence/s1/162-risk-tier-and-contract-axis-r4.md:191	fs_write.go	bare-ambiguous
docs/evidence/s1/162-risk-tier-and-contract-axis-r4.md:198	fs_edit_m1.go	bare-unresolvable
docs/evidence/s1/162-risk-tier-and-contract-axis-r4.md:198	fs_write_m2.go	bare-unresolvable
docs/evidence/s1/162-risk-tier-and-contract-axis-r4.md:198	logs/runtests.txt	suffix-ambiguous
docs/evidence/s1/162-risk-tier-and-contract-axis-r4.md:198	_names-r4.txt	bare-unresolvable
docs/evidence/s1/162-risk-tier-and-contract-axis-r4.md:198	_names-step0.txt	bare-unresolvable
docs/evidence/s1/162-risk-tier-and-contract-axis-r4.md:198	_tracked-go.txt	bare-unresolvable
docs/evidence/s1/162-risk-tier-and-contract-axis-r4.md:203	fs_edit.go	bare-ambiguous
docs/evidence/s1/162-risk-tier-and-contract-axis-r4.md:203	fs_write.go	bare-ambiguous
docs/evidence/s1/163-persistent-shell-session-design-core-a1.md:19	shell.exe	bare-unresolvable
docs/evidence/s1/163-persistent-shell-session-design-core-a1.md:25	shell.exe	bare-unresolvable
docs/evidence/s1/163-persistent-shell-session-design-core-a1.md:27	shell.exe	bare-unresolvable
docs/evidence/s1/163-persistent-shell-session-design-core-a1.md:31	cmd.exe	bare-unresolvable
docs/evidence/s1/163-persistent-shell-session-design-core-a1.md:33	main.go	bare-ambiguous
docs/evidence/s1/163-persistent-shell-session-design-core-a1.md:36	cmd.exe	bare-unresolvable
docs/evidence/s1/163-persistent-shell-session-design-core-a1.md:37	cmd.exe	bare-unresolvable
docs/evidence/s1/163-persistent-shell-session-design-core-a1.md:43	shell.exe	bare-unresolvable
docs/evidence/s1/163-persistent-shell-session-design-core-a1.md:47	shell.exe	bare-unresolvable
docs/evidence/s1/163-persistent-shell-session-design-core-a1.md:51	shell.exe	bare-unresolvable
docs/evidence/s1/163-persistent-shell-session-design-core-a1.md:70	gate.go	bare-ambiguous
docs/evidence/s1/163-persistent-shell-session-design-core-a1.md:96	bridge.go	bare-ambiguous
docs/evidence/s1/163-persistent-shell-session-design-core-a1.md:96	shell.exe	bare-unresolvable
docs/evidence/s1/163-persistent-shell-session-design-core-a1.md:96	provenance.go	bare-ambiguous
docs/evidence/s1/163-persistent-shell-session-design-core-a1.md:97	provenance.go	bare-ambiguous
docs/evidence/s1/163-persistent-shell-session-design-core-a1.md:98	provenance.go	bare-ambiguous
docs/evidence/s1/163-persistent-shell-session-design-core-a1.md:99	provenance.go	bare-ambiguous
docs/evidence/s1/163-persistent-shell-session-design-core-a1.md:100	bridge.go	bare-ambiguous
docs/evidence/s1/163-persistent-shell-session-design-core-a1.md:100	provenance.go	bare-ambiguous
docs/evidence/s1/163-persistent-shell-session-design-core-a1.md:113	cmd.exe	bare-unresolvable
docs/evidence/s1/163-persistent-shell-session-design-core-a1.md:122	shell.exe	bare-unresolvable
docs/evidence/s1/164-task-output-accept-r1.md:25	task.go	bare-ambiguous
docs/evidence/s1/164-task-output-accept-r1.md:26	task.go	bare-ambiguous
docs/evidence/s1/164-task-output-accept-r1.md:27	task.go	bare-ambiguous
docs/evidence/s1/164-task-output-accept-r1.md:111	helpers_test.go	bare-ambiguous
docs/evidence/s1/164-task-output-accept-r1.md:112	helpers_test.go	bare-ambiguous
docs/evidence/s1/164-task-output-accept-r1.md:125	bridge.go	bare-ambiguous
docs/evidence/s1/164-task-output-accept-r1.md:192	task.go	bare-ambiguous
docs/evidence/s1/164-task-output-accept-r1.md:277	_test.go	bare-unresolvable
docs/evidence/s1/164-task-output-accept-r1.md:278	_test.go	bare-unresolvable
docs/evidence/s1/164-task-output-accept-r1.md:290	task.go	bare-ambiguous
docs/evidence/s1/164-task-output-accept-r1.md:342	task.go	bare-ambiguous
docs/evidence/s1/164-task-output-accept-r1.md:346	task.go	bare-ambiguous
docs/evidence/s1/164-task-output-accept-r1.md:347	task.go	bare-ambiguous
docs/evidence/s1/164-task-output-accept-r1.md:393	bridge.go	bare-ambiguous
docs/evidence/s1/164-task-output-accept-r1.md:395	task.go	bare-ambiguous
docs/evidence/s1/164-task-output-accept-r1.md:395	fs.go	bare-ambiguous
docs/evidence/s1/164-task-output-accept-r1.md:395	fs_edit.go	bare-ambiguous
docs/evidence/s1/164-task-output-accept-r1.md:398	provenance.go	bare-ambiguous
docs/evidence/s1/164-task-output-accept-r1.md:399	bridge.go	bare-ambiguous
docs/evidence/s1/164-task-output-accept-r1.md:435	loop.go	bare-ambiguous
docs/evidence/s1/164-task-output-accept-r1.md:435	bridge.go	bare-ambiguous
docs/evidence/s1/164-task-output-accept-r1.md:436	run.go	bare-ambiguous
docs/evidence/s1/164-task-output-accept-r1.md:482	config.toml	bare-unresolvable
docs/evidence/s1/164-task-output-accept-r1.md:493	task.go	bare-ambiguous
docs/evidence/s1/164-task-output-accept-r1.md:494	fs.go	bare-ambiguous
docs/evidence/s1/164-task-output-accept-r1.md:498	provenance.go	bare-ambiguous
docs/evidence/s1/164-task-output-accept-r1.md:499	bridge.go	bare-ambiguous
docs/evidence/s1/164-task-output-accept-r1.md:500	task.go	bare-ambiguous
docs/evidence/s1/164-task-output-design-core-c1.md:63	artifacts<TAB>ool-output-<id>.txt	placeholder
docs/evidence/s1/164-task-output-design-core-c1.md:63	id>.txt	placeholder
docs/evidence/s1/164-task-output-design-core-c1.md:84	_test.go	bare-unresolvable
docs/evidence/s1/164-task-output-design-core-c1.md:96	loop.go	bare-ambiguous
docs/evidence/s1/164-task-output-design-core-c1.md:97	id>.txt	placeholder
docs/evidence/s1/164-task-output-design-core-c1.md:103	doc.go	bare-ambiguous
docs/evidence/s1/164-task-output-design-core-c1.md:104	fs_write.go	bare-ambiguous
docs/evidence/s1/164-task-output-design-core-c1.md:119	_test.go	bare-unresolvable
docs/evidence/s1/164-task-output-design-core-c1.md:137	loop.go	bare-ambiguous
docs/evidence/s1/164-task-output-design-core-c1.md:138	taskkill.exe	bare-unresolvable
docs/evidence/s1/164-task-output-design-core-c1.md:148	provenance.go	bare-ambiguous
docs/evidence/s1/164-task-output-design-core-c1.md:158	fs.go	bare-ambiguous
docs/evidence/s1/164-task-output-design-core-c1.md:158	fs_write.go	bare-ambiguous
docs/evidence/s1/164-task-output-design-core-c1.md:161	_test.go	bare-unresolvable
docs/evidence/s1/164-task-output-design-core-c1.md:176	_other_test.go	bare-unresolvable
docs/evidence/s1/164-task-output-design-core-c1.md:179	_windows_test.go	bare-unresolvable
docs/evidence/s1/164-task-output-design-core-c1.md:180	_other_test.go	bare-unresolvable
docs/evidence/s1/164-task-output-design-core-c1.md:194	_test.go	bare-unresolvable
docs/evidence/s1/164-task-output-design-core-c1.md:195	run.go	bare-ambiguous
docs/evidence/s1/164-task-output-design-core-c1.md:195	bridge.go	bare-ambiguous
docs/evidence/s1/164-task-output-design-core-c1.md:207	bridge.go	bare-ambiguous
docs/evidence/s1/164-task-output-impl-r1-ac2-ac3.md:68	bridge.go	bare-ambiguous
docs/evidence/s1/164-task-output-impl-r1-ac2-ac3.md:80	bridge.go	bare-ambiguous
docs/evidence/s1/164-task-output-impl-r1-ac2-ac3.md:84	schema.go	bare-ambiguous
docs/evidence/s1/164-task-output-impl-r1-ac2-ac3.md:89	artifacts<TAB>ool-output-<id>.txt	placeholder
docs/evidence/s1/164-task-output-impl-r1-ac2-ac3.md:89	id>.txt	placeholder
docs/evidence/s1/164-task-output-impl-r1-ac2-ac3.md:136	task.go	bare-ambiguous
docs/evidence/s1/164-task-output-impl-r1-ac2-ac3.md:142	task.go	bare-ambiguous
docs/evidence/s1/164-task-output-impl-r1-ac2-ac3.md:173	run.go	bare-ambiguous
docs/evidence/s1/164-task-output-impl-r1-ac2-ac3.md:176	_other_test.go	bare-unresolvable
docs/evidence/s1/16x-contract-lines-c1.md:54	162-add-the-patch-one-region-tool-instead-of-rewriting-whole-files.md	bare-unresolvable
docs/evidence/s1/16x-contract-lines-c1.md:92	shell.exe	bare-unresolvable
docs/evidence/s1/16x-contract-lines-c1.md:105	bridge.go	bare-ambiguous
docs/evidence/s1/16x-contract-lines-c1.md:105	provenance.go	bare-ambiguous
docs/evidence/s1/16x-contract-lines-c1.md:107	shell.exe	bare-unresolvable
docs/evidence/s1/16x-contract-lines-c1.md:109	mode.go	bare-ambiguous
docs/evidence/s1/16x-contract-lines-c1.md:125	provenance.go	bare-ambiguous
docs/evidence/s1/16x-contract-lines-c1.md:191	provenance.go	bare-ambiguous
docs/evidence/s1/16x-contract-lines-c1.md:208	bridge.go	bare-ambiguous
docs/evidence/s1/16x-contract-lines-c1.md:214	_test.go	bare-unresolvable
docs/evidence/s1/16x-contract-lines-c1.md:217	_test.go	bare-unresolvable
docs/evidence/s1/16x-contract-lines-c1.md:234	provenance.go	bare-ambiguous
docs/evidence/s1/16x-contract-lines-c1.md:382	fs.go	bare-ambiguous
docs/evidence/s1/16x-contract-lines-c1.md:395	bridge.go	bare-ambiguous
docs/evidence/s1/16x-contract-lines-c1.md:395	doc.go	bare-ambiguous
docs/evidence/s1/16x-contract-lines-c1.md:396	run.go	bare-ambiguous
docs/evidence/s1/16x-contract-lines-c1.md:396	fs_write.go	bare-ambiguous
docs/evidence/s1/16x-contract-lines-c1.md:419	shell.exe	bare-unresolvable
docs/evidence/s1/16x-contract-lines-c1.md:422	shell.exe	bare-unresolvable
docs/evidence/s1/16x-contract-lines-c1.md:425	shell.exe	bare-unresolvable
docs/evidence/s1/16x-contract-lines-c1.md:429	shell.exe	bare-unresolvable
docs/evidence/s1/16x-contract-lines-c1.md:432	shell.exe	bare-unresolvable
docs/evidence/s1/16x-contract-lines-c1.md:436	shell.exe	bare-unresolvable
docs/evidence/s1/16x-contract-lines-c1.md:437	shell.exe	bare-unresolvable
docs/evidence/s1/16x-contract-lines-c1.md:438	shell.exe	bare-unresolvable
docs/evidence/s1/16x-contract-lines-c1.md:441	shell.exe	bare-unresolvable
docs/evidence/s1/16x-contract-lines-c1.md:442	shell.exe	bare-unresolvable
docs/evidence/s1/16x-contract-lines-c1.md:450	shell.exe	bare-unresolvable
docs/evidence/s1/16x-contract-lines-c1.md:454	shell.exe	bare-unresolvable
docs/evidence/s1/16x-contract-lines-c1.md:455	shell.exe	bare-unresolvable
docs/evidence/s1/16x-contract-lines-c1.md:459	shell.exe	bare-unresolvable
docs/evidence/s1/16x-contract-lines-c1.md:460	shell.exe	bare-unresolvable
docs/evidence/s1/16x-contract-lines-c1.md:461	shell.exe	bare-unresolvable
docs/evidence/s1/16x-contract-lines-c1.md:462	shell.exe	bare-unresolvable
docs/evidence/s1/16x-contract-lines-c1.md:463	shell.exe	bare-unresolvable
docs/evidence/s1/16x-contract-lines-c1.md:464	shell.exe	bare-unresolvable
docs/evidence/s1/16x-contract-lines-c1.md:465	shell.exe	bare-unresolvable
docs/evidence/s1/16x-contract-lines-c1.md:471	shell.exe	bare-unresolvable
docs/evidence/s1/16x-contract-lines-c1.md:474	shell.exe	bare-unresolvable
docs/evidence/s1/16x-contract-lines-c1.md:478	shell.exe	bare-unresolvable
docs/evidence/s1/16x-contract-lines-c1.md:481	_test.go	bare-unresolvable
docs/evidence/s1/16x-contract-lines-c1.md:486	shell.exe	bare-unresolvable
docs/evidence/s1/16x-contract-lines-c1.md:496	risk.sh	bare-unresolvable
docs/evidence/s1/16x-contract-lines-c1.md:497	shell.exe	bare-unresolvable
docs/evidence/s1/16x-contract-lines-c1.md:498	shell.exe	bare-unresolvable
docs/evidence/s1/16x-contract-lines-c1.md:503	shell.exe	bare-unresolvable
docs/evidence/s1/16x-contract-lines-c1.md:511	shell.exe	bare-unresolvable
docs/evidence/s1/16x-contract-lines-c1.md:513	shell.exe	bare-unresolvable
docs/evidence/s1/16x-contract-lines-c1.md:541	ool-output-<id>.txt	placeholder
docs/evidence/s1/16x-contract-lines-c1.md:543	ool-output-<id>.txt	placeholder
docs/evidence/s1/16x-contract-lines-c1.md:543	tool-output-<id>.txt	placeholder
docs/evidence/s1/16x-contract-lines-c1.md:578	_test.go	bare-unresolvable
docs/evidence/s1/16x-contract-lines-c1.md:580	_test.go	bare-unresolvable
docs/evidence/s1/16x-contract-lines-c1.md:584	fs.go	bare-ambiguous
docs/evidence/s1/16x-contract-lines-c1.md:662	doc.go	bare-ambiguous
docs/evidence/s1/16x-contract-lines-c1.md:821	shell.exe	bare-unresolvable
docs/evidence/s1/171-contract-axis-rerecount-a1.md:6	main.go	bare-ambiguous
docs/evidence/s1/171-contract-axis-rerecount-a1.md:40	frontend/.../right-rail.tsx	ellipsis
docs/evidence/s1/171-contract-axis-rerecount-a1.md:96	main.go	bare-ambiguous
docs/evidence/s1/171-contract-axis-rerecount-a1.md:110	main.go	bare-ambiguous
docs/evidence/s1/171-pair-legs-accept-r1.md:59	_test.go	bare-unresolvable
docs/evidence/s1/171-pair-legs-accept-r1.md:60	_test.go	bare-unresolvable
docs/evidence/s1/171-pair-legs-accept-r1.md:100	bridge.go	bare-ambiguous
docs/evidence/s1/171-pair-legs-accept-r1.md:115	_test.go	bare-unresolvable
docs/evidence/s1/171-pair-legs-accept-r1.md:179	bridge.go	bare-ambiguous
docs/evidence/s1/171-pair-legs-accept-r1.md:227	bridge.go	bare-ambiguous
docs/evidence/s1/171-pair-legs-accept-r1.md:267	_test.go	bare-unresolvable
docs/evidence/s1/171-pair-legs-r1.md:43	_test.go	bare-unresolvable
docs/evidence/s1/171-pair-legs-r1.md:59	a_paired.go	bare-unresolvable
docs/evidence/s1/171-pair-legs-r1.md:59	bridge.go	bare-ambiguous
docs/evidence/s1/171-pair-legs-r1.md:60	b_leak.go	bare-unresolvable
docs/evidence/s1/171-pair-legs-r1.md:61	c_discarded.go	bare-unresolvable
docs/evidence/s1/171-pair-legs-r1.md:89	_test.go	bare-unresolvable
docs/evidence/s1/171-run-legs-accept-v2.md:19	gate-pre-at-anchor.txt	bare-ambiguous
docs/evidence/s1/171-run-legs-accept-v2.md:19	gate-post-at-anchor.txt	bare-ambiguous
docs/evidence/s1/171-run-legs-accept-v2.md:48	run.go	bare-ambiguous
docs/evidence/s1/171-run-legs-accept-v2.md:56	run.go	bare-ambiguous
docs/evidence/s1/171-run-legs-accept-v2.md:108	pre.txt	bare-unresolvable
docs/evidence/s1/171-run-legs-accept-v2.md:108	post.txt	bare-unresolvable
docs/evidence/s1/171-run-legs-accept-v2.md:134	MEMORY.md	bare-unresolvable
docs/evidence/s1/171-run-legs-accept-v2.md:138	config.toml	bare-unresolvable
docs/evidence/s1/171-run-legs-accept-v2.md:141	run.go	bare-ambiguous
docs/evidence/s1/171-run-legs-and-subtraction-r2.md:173	_test.go	bare-unresolvable
docs/evidence/s1/171-run-legs-and-subtraction-r2.md:175	_test.go	bare-unresolvable
docs/evidence/s1/171-run-legs-and-subtraction-r2.md:196	logs/d22scan.txt	suffix-ambiguous
docs/evidence/s1/171-run-legs-and-subtraction-r2.md:197	logs/runtests.txt	suffix-ambiguous
docs/evidence/s1/171-run-legs-and-subtraction-r2.md:227	config.toml	bare-unresolvable
docs/evidence/s1/171-run-legs-and-subtraction-r2.md:234	bridge.go	bare-ambiguous
docs/evidence/s1/174-ac2d-criterion-r2.md:4	.scratch/wisp/issues/174-...md	ellipsis
docs/evidence/s1/174-ac2d-criterion-r2.md:7	bridge.go	bare-ambiguous
docs/evidence/s1/174-ac2d-criterion-r2.md:25	task.go	bare-ambiguous
docs/evidence/s1/174-ac2d-criterion-r2.md:43	overlay-m1.json	bare-ambiguous
docs/evidence/s1/174-ac2d-criterion-r2.md:43	overlay-m2.json	bare-ambiguous
docs/evidence/s1/174-ac2d-criterion-r2.md:47	task.go	bare-ambiguous
docs/evidence/s1/174-ac2d-criterion-r2.md:70	task.go	bare-ambiguous
docs/evidence/s1/174-ac2d-criterion-r2.md:91	_test.go	bare-unresolvable
docs/evidence/s1/174-ac2d-criterion-r2.md:91	bridge.go	bare-ambiguous
docs/evidence/s1/174-ac2d-criterion-r2.md:117	task.go	bare-ambiguous
docs/evidence/s1/174-artifacts-allowlist-readback-c1.md:9	logs/readings.txt	suffix-ambiguous
docs/evidence/s1/174-artifacts-allowlist-readback-c1.md:22	run.go	bare-ambiguous
docs/evidence/s1/174-artifacts-allowlist-readback-c1.md:34	run.go	bare-ambiguous
docs/evidence/s1/174-artifacts-allowlist-readback-c1.md:37	tool-output-call-1.txt	bare-unresolvable
docs/evidence/s1/174-artifacts-allowlist-readback-c1.md:41	tool-output-call-1.txt	bare-unresolvable
docs/evidence/s1/174-artifacts-allowlist-readback-c1.md:52	bridge.go	bare-ambiguous
docs/evidence/s1/174-artifacts-allowlist-readback-c1.md:55	run.go	bare-ambiguous
docs/evidence/s1/174-artifacts-allowlist-readback-c1.md:85	logs/readings.txt	suffix-ambiguous
docs/evidence/s1/174-artifacts-allowlist-readback-c1.md:86	tool-output-does-not-exist.txt	bare-unresolvable
docs/evidence/s1/174-artifacts-allowlist-readback-c1.md:88	readings.txt	bare-ambiguous
docs/evidence/s1/174-artifacts-allowlist-readback-c1.md:100	wisp-probe.exe	bare-unresolvable
docs/evidence/s1/174-artifacts-allowlist-readback-c1.md:103	task.go	bare-ambiguous
docs/evidence/s1/174-pointer-honesty-accept-v1.md:27	task.go	bare-ambiguous
docs/evidence/s1/174-pointer-honesty-accept-v1.md:39	task.go	bare-ambiguous
docs/evidence/s1/174-pointer-honesty-accept-v1.md:42	task.go	bare-ambiguous
docs/evidence/s1/174-pointer-honesty-accept-v1.md:50	task.go	bare-ambiguous
docs/evidence/s1/174-pointer-honesty-accept-v1.md:52	_test.go	bare-unresolvable
docs/evidence/s1/174-pointer-honesty-accept-v1.md:52	fs.go	bare-ambiguous
docs/evidence/s1/174-pointer-honesty-accept-v1.md:102	task.go	bare-ambiguous
docs/evidence/s1/174-pointer-honesty-accept-v1.md:114	gate-d22scan.txt	bare-ambiguous
docs/evidence/s1/174-pointer-honesty-accept-v1.md:115	gate-runtests.txt	bare-ambiguous
docs/evidence/s1/174-pointer-honesty-accept-v1.md:116	gate-clauses.txt	bare-ambiguous
docs/evidence/s1/174-pointer-honesty-accept-v1.md:128	task.go	bare-ambiguous
docs/evidence/s1/174-pointer-honesty-accept-v1.md:131	gate.go	bare-ambiguous
docs/evidence/s1/174-pointer-honesty-accept-v1.md:154	bridge.go	bare-ambiguous
docs/evidence/s1/174-pointer-honesty-accept-v1.md:157	bridge.go	bare-ambiguous
docs/evidence/s1/174-pointer-honesty-r1.md:20	bridge.go	bare-ambiguous
docs/evidence/s1/174-pointer-honesty-r1.md:27	wisp-probe.exe	bare-unresolvable
docs/evidence/s1/174-pointer-honesty-r1.md:44	tool-output-call-1.txt	bare-unresolvable
docs/evidence/s1/174-pointer-honesty-r1.md:54	tool-output-call-1.txt	bare-unresolvable
docs/evidence/s1/174-pointer-honesty-r1.md:67	tool-output-does-not-exist.txt	bare-unresolvable
docs/evidence/s1/174-pointer-honesty-r1.md:79	tool-output-does-not-exist.txt	bare-unresolvable
docs/evidence/s1/174-pointer-honesty-r1.md:92	run.go	bare-ambiguous
docs/evidence/s1/174-pointer-honesty-r1.md:104	inside-root-real-file.txt	bare-unresolvable
docs/evidence/s1/174-pointer-honesty-r1.md:127	task.go	bare-ambiguous
docs/evidence/s1/174-pointer-honesty-r1.md:140	task.go	bare-ambiguous
docs/evidence/s1/174-pointer-honesty-r1.md:189	logs/readings.txt	suffix-ambiguous
docs/evidence/s1/174-pointer-honesty-r1.md:221	run.go	bare-ambiguous
docs/evidence/s1/174-wiring-cost-census-c2.md:19	overlay.json	bare-ambiguous
docs/evidence/s1/174-wiring-cost-census-c2.md:37	task.go	bare-ambiguous
docs/evidence/s1/174-wiring-cost-census-c2.md:37	run.go	bare-ambiguous
docs/evidence/s1/174-wiring-cost-census-c2.md:40	_test.go	bare-unresolvable
docs/evidence/s1/174-wiring-cost-census-c2.md:40	run.go	bare-ambiguous
docs/evidence/s1/174-wiring-cost-census-c2.md:54	overlay.json	bare-ambiguous
docs/evidence/s1/174-wiring-cost-census-c2.md:74	fs.go	bare-ambiguous
docs/evidence/s1/174-wiring-cost-census-c2.md:89	_test.go	bare-unresolvable
docs/evidence/s1/174-wiring-cost-census-c2.md:94	task.go	bare-ambiguous
docs/evidence/s1/174-wiring-cost-census-c2.md:102	fs.go	bare-ambiguous
docs/evidence/s1/174-wiring-cost-census-c2.md:108	_test.go	bare-unresolvable
docs/evidence/s1/174-wiring-cost-census-c2.md:109	run.go	bare-ambiguous
docs/evidence/s1/174-wiring-cost-census-c2.md:115	bridge.go	bare-ambiguous
docs/evidence/s1/174-wiring-cost-census-c2.md:118	config.toml	bare-unresolvable
docs/evidence/s1/174-wiring-cost-census-c2.md:124	_test.go	bare-unresolvable
docs/evidence/s1/174-wiring-cost-census-c2.md:125	logs/gate-clauses.txt	suffix-ambiguous
docs/evidence/s1/174-wiring-cost-census-c2.md:134	gate-d22scan.txt	bare-ambiguous
docs/evidence/s1/174-wiring-cost-census-c2.md:134	gate-clauses.txt	bare-ambiguous
docs/evidence/s1/174-wiring-cost-census-c2.md:134	readings.txt	bare-ambiguous
docs/evidence/s1/174-wiring-cost-census-c2.md:143	task.go	bare-ambiguous
docs/evidence/s1/174-wiring-cost-census-c2.md:144	task.go	bare-ambiguous
docs/evidence/s1/174-wiring-cost-census-c2.md:147	task.go	bare-ambiguous
docs/evidence/s1/175-c25-marking-roster-scope-c1.md:64	provenance.go	bare-ambiguous
docs/evidence/s1/175-c25-marking-roster-scope-c1.md:105	provenance.go	bare-ambiguous
docs/evidence/s1/175-c25-marking-roster-scope-c1.md:106	bridge.go	bare-ambiguous
docs/evidence/s1/175-c25-marking-roster-scope-c1.md:111	provenance.go	bare-ambiguous
docs/evidence/s1/175-c25-marking-roster-scope-c1.md:116	provenance.go	bare-ambiguous
docs/evidence/s1/175-c25-marking-roster-scope-c1.md:124	_test.go	bare-unresolvable
docs/evidence/s1/175-c25-marking-roster-scope-c1.md:124	bridge.go	bare-ambiguous
docs/evidence/s1/175-c25-marking-roster-scope-c1.md:146	provenance.go	bare-ambiguous
docs/evidence/s1/175-c25-marking-roster-scope-c1.md:150	provenance.go	bare-ambiguous
docs/evidence/s1/175-mark-gate-r1.md:40	go.mod	bare-ambiguous
docs/evidence/s1/175-mark-gate-r1.md:57	bridge.go	bare-ambiguous
docs/evidence/s1/175-mark-gate-r1.md:125	bridge_mark_provenance_ticket175_test.go	bare-unresolvable
docs/evidence/s1/175-mark-gate-r1.md:126	bridge_mark_provenance_ticket175_test.go	bare-unresolvable
docs/evidence/s1/175-mark-gate-r1.md:139	_test.go	bare-unresolvable
docs/evidence/s1/175-mark-gate-r1.md:145	flip-7.txt	bare-unresolvable
docs/evidence/s1/175-mark-gate-r1.md:158	provenance.go	bare-ambiguous
docs/evidence/s1/175-mark-gate-r1.md:174	overlay.json	bare-ambiguous
docs/evidence/s1/175-mark-gate-r1.md:174	go.sum	bare-ambiguous
docs/evidence/s1/175-task-output-stamped-r2.md:81	bridge.go	bare-ambiguous
docs/evidence/s1/175-task-output-stamped-r2.md:83	bridge.go	bare-ambiguous
docs/evidence/s1/175-task-output-stamped-r2.md:97	bridge.go	bare-ambiguous
docs/evidence/s1/175-task-output-stamped-r2.md:99	task.go	bare-ambiguous
docs/evidence/s1/175-task-output-stamped-r2.md:190	_test.go	bare-unresolvable
docs/evidence/s1/175-task-output-stamped-r2.md:191	gate-clauses-after.txt	bare-ambiguous
docs/evidence/s1/175-task-output-stamped-r2.md:192	runtests-after.txt	bare-ambiguous
docs/evidence/s1/175-task-output-stamped-r2.md:204	runtests-after.txt	bare-ambiguous
docs/evidence/s1/175-task-output-stamped-r2.md:222	_test.go	bare-unresolvable
docs/evidence/s1/175-task-output-stamped-r2.md:222	bridge.go	bare-ambiguous
docs/evidence/s1/175-task-output-stamped-r2.md:223	task.go	bare-ambiguous
docs/evidence/s1/175-task-output-stamped-r2.md:223	bridge_mark_provenance_ticket175_test.go	bare-unresolvable
docs/evidence/s1/176-background-start-port-census-a1.md:6	readings.txt	bare-ambiguous
docs/evidence/s1/176-background-start-port-census-a1.md:40	_test.go	bare-unresolvable
docs/evidence/s1/176-background-start-port-census-a1.md:41	_test.go	bare-unresolvable
docs/evidence/s1/176-background-start-port-census-a1.md:42	_test.go	bare-unresolvable
docs/evidence/s1/176-background-start-port-census-a1.md:55	_test.go	bare-unresolvable
docs/evidence/s1/176-background-start-port-census-a1.md:57	task.go	bare-ambiguous
docs/evidence/s1/176-background-start-port-census-a1.md:69	_test.go	bare-unresolvable
docs/evidence/s1/176-background-start-port-census-a1.md:70	_test.go	bare-unresolvable
docs/evidence/s1/176-background-start-port-census-a1.md:120	loop.go	bare-ambiguous
docs/evidence/s1/176-background-start-port-census-a1.md:122	task.go	bare-ambiguous
docs/evidence/s1/176-background-start-port-census-a1.md:132	pump.go	bare-ambiguous
docs/evidence/s1/176-background-start-port-census-a1.md:133	task.go	bare-ambiguous
docs/evidence/s1/176-background-start-port-census-a1.md:145	bridge.go	bare-ambiguous
docs/evidence/s1/176-background-start-port-census-a1.md:147	bridge.go	bare-ambiguous
docs/evidence/s1/176-background-start-port-census-a1.md:148	loop.go	bare-ambiguous
docs/evidence/s1/176-background-start-port-census-a1.md:153	loop.go	bare-ambiguous
docs/evidence/s1/176-background-start-port-census-a1.md:155	task.go	bare-ambiguous
docs/evidence/s1/176-background-start-port-census-a1.md:170	loop.go	bare-ambiguous
docs/evidence/s1/176-background-start-port-census-a1.md:201	loop.go	bare-ambiguous
docs/evidence/s1/176-background-start-port-census-a1.md:206	run.go	bare-ambiguous
docs/evidence/s1/176-background-start-port-census-a1.md:207	task.go	bare-ambiguous
docs/evidence/s1/176-background-start-port-census-a1.md:215	pump.go	bare-ambiguous
docs/evidence/s1/176-background-start-port-census-a1.md:219	.scratch/wisp/dispatches/2026-09-27-235x-readonly-176-a1b-...-retry.md	ellipsis
docs/evidence/s1/176-background-start-port-census-a1.md:227	loop.go	bare-ambiguous
docs/evidence/s1/176-background-start-port-census-a1.md:228	task.go	bare-ambiguous
docs/evidence/s1/176-background-start-port-census-a1b.md:64	_test.go	bare-unresolvable
docs/evidence/s1/176-background-start-port-census-a1b.md:65	_test.go	bare-unresolvable
docs/evidence/s1/176-background-start-port-census-a1b.md:66	_test.go	bare-unresolvable
docs/evidence/s1/176-background-start-port-census-a1b.md:83	_test.go	bare-unresolvable
docs/evidence/s1/176-background-start-port-census-a1b.md:85	_test.go	bare-unresolvable
docs/evidence/s1/176-background-start-port-census-a1b.md:94	_test.go	bare-unresolvable
docs/evidence/s1/176-background-start-port-census-a1b.md:96	_test.go	bare-unresolvable
docs/evidence/s1/176-background-start-port-census-a1b.md:117	task.go	bare-ambiguous
docs/evidence/s1/176-background-start-port-census-a1b.md:123	loop.go	bare-ambiguous
docs/evidence/s1/176-background-start-port-census-a1b.md:123	tool-output-<taskid>.txt	placeholder
docs/evidence/s1/176-background-start-port-census-a1b.md:123	tool-output-<tool-call-id>.txt	placeholder
docs/evidence/s1/176-background-start-port-census-a1b.md:124	loop.go	bare-ambiguous
docs/evidence/s1/176-background-start-port-census-a1b.md:125	task.go	bare-ambiguous
docs/evidence/s1/176-background-start-port-census-a1b.md:148	loop.go	bare-ambiguous
docs/evidence/s1/176-background-start-port-census-a1b.md:149	run.go	bare-ambiguous
docs/evidence/s1/176-background-start-port-census-a1b.md:149	loop.go	bare-ambiguous
docs/evidence/s1/176-background-start-port-census-a1b.md:150	loop.go	bare-ambiguous
docs/evidence/s1/176-background-start-port-census-a1b.md:158	pump.go	bare-ambiguous
docs/evidence/s1/176-background-start-port-census-a1b.md:159	run.go	bare-ambiguous
docs/evidence/s1/176-background-start-port-census-a1b.md:170	loop.go	bare-ambiguous
docs/evidence/s1/176-background-start-port-census-a1b.md:171	loop.go	bare-ambiguous
docs/evidence/s1/176-background-start-port-census-a1b.md:173	loop.go	bare-ambiguous
docs/evidence/s1/176-background-start-port-census-a1b.md:181	task.go	bare-ambiguous
docs/evidence/s1/176-background-start-port-census-a1b.md:191	loop.go	bare-ambiguous
docs/evidence/s1/176-background-start-port-census-a1b.md:222	bridge.go	bare-ambiguous
docs/evidence/s1/176-background-start-port-census-a1b.md:223	_test.go	bare-unresolvable
docs/evidence/s1/176-background-start-port-census-a1b.md:235	loop.go	bare-ambiguous
docs/evidence/s1/176-background-start-port-census-a1b.md:238	task.go	bare-ambiguous
docs/evidence/s1/176-background-start-port-census-a1b.md:264	176-...-zero-writers.md	ellipsis
docs/evidence/s1/176-background-start-port-r1.md:39	loop.go	bare-ambiguous
docs/evidence/s1/176-background-start-port-r1.md:40	loop.go	bare-ambiguous
docs/evidence/s1/176-background-start-port-r1.md:40	task.go	bare-ambiguous
docs/evidence/s1/176-background-start-port-r1.md:43	loop.go	bare-ambiguous
docs/evidence/s1/176-background-start-port-r1.md:50	_test.go	bare-unresolvable
docs/evidence/s1/176-background-start-port-r1.md:50	run.go	bare-ambiguous
docs/evidence/s1/176-background-start-port-r1.md:51	_test.go	bare-unresolvable
docs/evidence/s1/176-background-start-port-r1.md:52	_test.go	bare-unresolvable
docs/evidence/s1/176-background-start-port-r1.md:53	_test.go	bare-unresolvable
docs/evidence/s1/176-background-start-port-r1.md:87	tool-output-e3f1c0a97b2d4865.txt	bare-unresolvable
docs/evidence/s1/176-background-start-port-r1.md:97	loop.go	bare-ambiguous
docs/evidence/s1/176-background-start-port-r1.md:97	task.go	bare-ambiguous
docs/evidence/s1/176-background-start-port-r1.md:101	overlay-e2e.json	bare-ambiguous
docs/evidence/s1/176-background-start-port-r1.md:135	run.go	bare-ambiguous
docs/evidence/s1/177-c25-r4-path-exemption-c1.md:33	_test.go	bare-unresolvable
docs/evidence/s1/177-c25-r4-path-exemption-c1.md:42	provenance.go	bare-ambiguous
docs/evidence/s1/177-c25-r4-path-exemption-c1.md:55	provenance.go	bare-ambiguous
docs/evidence/s1/177-c25-r4-path-exemption-c1.md:60	bridge.go	bare-ambiguous
docs/evidence/s1/177-c25-r4-path-exemption-c1.md:66	task.go	bare-ambiguous
docs/evidence/s1/177-c25-r4-path-exemption-c1.md:79	taintmatch.go	bare-ambiguous
docs/evidence/s1/177-c25-r4-path-exemption-c1.md:92	SPEC-06.md	bare-unresolvable
docs/evidence/s1/177-c25-r4-path-exemption-c1.md:92	taintmatch.go	bare-ambiguous
docs/evidence/s1/177-c25-r4-path-exemption-c1.md:97	provenance.go	bare-ambiguous
docs/evidence/s1/177-c25-r4-path-exemption-c1.md:132	provenance.go	bare-ambiguous
docs/evidence/s1/177-c25-r4-path-exemption-c1.md:154	_test.go	bare-unresolvable
docs/evidence/s1/177-c25-r4-path-exemption-c1.md:188	provenance.go	bare-ambiguous
docs/evidence/s1/177-c25-r4-path-exemption-c1.md:190	provenance.go	bare-ambiguous
docs/evidence/s1/177-c25-r4-path-exemption-c1.md:191	taintmatch.go	bare-ambiguous
docs/evidence/s1/177-c25-r4-path-exemption-c1.md:191	SPEC-06.md	bare-unresolvable
docs/evidence/s1/177-c25-r4-path-exemption-c1.md:192	task.go	bare-ambiguous
docs/evidence/s1/177-mutation-shape-a-redlist-m1.md:27	provenance.go	bare-ambiguous
docs/evidence/s1/177-mutation-shape-a-redlist-m1.md:29	task.go	bare-ambiguous
docs/evidence/s1/177-mutation-shape-a-redlist-m1.md:31	provenance.go	bare-ambiguous
docs/evidence/s1/177-mutation-shape-a-redlist-m1.md:62	SPEC-06.md	bare-unresolvable
docs/evidence/s1/177-mutation-shape-a-redlist-m1.md:62	taintmatch.go	bare-ambiguous
docs/evidence/s1/177-mutation-shape-a-redlist-m1.md:62	provenance.go	bare-ambiguous
docs/evidence/s1/177-mutation-shape-a-redlist-m1.md:142	task.go	bare-ambiguous
docs/evidence/s1/177-mutation-shape-a-redlist-m1.md:151	provenance.go	bare-ambiguous
docs/evidence/s1/177-shape-a-impl-r1.md:29	provenance.go	bare-ambiguous
docs/evidence/s1/177-shape-a-impl-r1.md:69	_test.go	bare-unresolvable
docs/evidence/s1/177-shape-a-impl-r1.md:77	bridge.go	bare-ambiguous
docs/evidence/s1/177-shape-a-impl-r1.md:77	task.go	bare-ambiguous
docs/evidence/s1/179-cli-reread-r2.md:62	tool-output-agent-task-c66c0634-9fe8-42fb-8e40-136bdc0fba73.txt	bare-unresolvable
docs/evidence/s1/179-cli-reread-r2.md:67	tool-output-agent-task-c66c0634-9fe8-42fb-8e40-136bdc0fba73.txt	bare-unresolvable
docs/evidence/s1/179-cli-reread-r2.md:81	tool-output-agent-task-c66c0634-9fe8-42fb-8e40-136bdc0fba73.txt	bare-unresolvable
docs/evidence/s1/179-cli-reread-r2.md:102	e2e-readings.txt	bare-ambiguous
docs/evidence/s1/179-cli-reread-r2.md:110	loop.go	bare-ambiguous
docs/evidence/s1/179-cli-reread-r2.md:110	gate.go	bare-ambiguous
docs/evidence/s1/179-cli-reread-r2.md:111	bridge.go	bare-ambiguous
docs/evidence/s1/179-cli-reread-r2.md:111	gate.go	bare-ambiguous
docs/evidence/s1/179-cli-reread-r2.md:112	task.go	bare-ambiguous
docs/evidence/s1/179-cli-reread-r2.md:126	go.mod	bare-ambiguous
docs/evidence/s1/179-cli-reread-r2.md:156	rt.exe	bare-unresolvable
docs/evidence/s1/179-cli-reread-r2.md:169	fs.go	bare-ambiguous
docs/evidence/s1/179-cli-reread-r2.md:169	task.go	bare-ambiguous
docs/evidence/s1/179-cli-reread-r2.md:169	loop.go	bare-ambiguous
docs/evidence/s1/179-cli-reread-r2.md:169	bridge.go	bare-ambiguous
docs/evidence/s1/179-cli-reread-r2.md:177	logs/gate-clauses.txt	suffix-ambiguous
docs/evidence/s1/179-cli-reread-r2.md:185	config.toml	bare-unresolvable
docs/evidence/s1/179-cli-reread-r2.md:192	logs/e2e-readings.txt	suffix-ambiguous
docs/evidence/s1/179-declared-l0-refused-accept-v1.md:7	d22scan.txt	bare-ambiguous
docs/evidence/s1/179-declared-l0-refused-accept-v1.md:7	runtests.txt	bare-ambiguous
docs/evidence/s1/179-declared-l0-refused-accept-v1.md:7	gate-clauses.txt	bare-ambiguous
docs/evidence/s1/179-declared-l0-refused-accept-v1.md:30	bridge.go	bare-ambiguous
docs/evidence/s1/179-declared-l0-refused-accept-v1.md:39	_test.go	bare-unresolvable
docs/evidence/s1/179-declared-l0-refused-accept-v1.md:50	loop.go	bare-ambiguous
docs/evidence/s1/179-declared-l0-refused-accept-v1.md:152	loop.go	bare-ambiguous
docs/evidence/s1/179-declared-l0-refused-accept-v1.md:194	loop.go	bare-ambiguous
docs/evidence/s1/179-declared-l0-refused-accept-v1.md:195	bridge.go	bare-ambiguous
docs/evidence/s1/179-declared-l0-refused-accept-v1.md:196	bridge.go	bare-ambiguous
docs/evidence/s1/179-declared-l0-refused-accept-v1.md:196	loop.go	bare-ambiguous
docs/evidence/s1/179-declared-l0-refused-accept-v1.md:212	logs/gate-clauses.txt	suffix-ambiguous
docs/evidence/s1/179-declared-l0-refused-accept-v1.md:213	gate-clauses.txt	bare-ambiguous
docs/evidence/s1/179-declared-l0-refused-accept-v1.md:265	bridge.go	bare-ambiguous
docs/evidence/s1/179-declared-l0-refused-accept-v1.md:282	run.go	bare-ambiguous
docs/evidence/s1/179-declared-l0-refused-r1.md:77	bridge.go	bare-ambiguous
docs/evidence/s1/179-declared-l0-refused-r1.md:88	loop.go	bare-ambiguous
docs/evidence/s1/179-declared-l0-refused-r1.md:96	overlay-e2e.json	bare-ambiguous
docs/evidence/s1/179-declared-l0-refused-r1.md:108	logs/e2e-readings.txt	suffix-ambiguous
docs/evidence/s1/179-declared-l0-refused-r1.md:122	/d/work/base/gopath/bin/gofumpt.exe	root-ambiguous
docs/evidence/s1/179-declared-l0-refused-r1.md:147	_test.go	bare-unresolvable
docs/evidence/s1/179-declared-l0-refused-r1.md:147	fs.go	bare-ambiguous
docs/evidence/s1/179-declared-l0-refused-r1.md:147	task.go	bare-ambiguous
docs/evidence/s1/179-declared-l0-refused-r1.md:147	bridge.go	bare-ambiguous
docs/evidence/s1/179-declared-l0-refused-r1.md:147	loop.go	bare-ambiguous
docs/evidence/s1/179-declared-l0-refused-r1.md:147	run.go	bare-ambiguous
docs/evidence/s1/180-182-panel-fields-census-c1.md:28	_test.go	bare-unresolvable
docs/evidence/s1/180-182-panel-fields-census-c1.md:30	_test.go	bare-unresolvable
docs/evidence/s1/180-182-panel-fields-census-c1.md:39	_test.go	bare-unresolvable
docs/evidence/s1/180-182-panel-fields-census-c1.md:69	_test.go	bare-unresolvable
docs/evidence/s1/180-182-panel-fields-census-c1.md:73	schema.go	bare-ambiguous
docs/evidence/s1/180-182-panel-fields-census-c1.md:104	issues/83-...md	ellipsis
docs/evidence/s1/180-182-panel-fields-census-c1.md:105	schema.go	bare-ambiguous
docs/evidence/s1/180-182-panel-fields-census-c1.md:109	schema.go	bare-ambiguous
docs/evidence/s1/180-182-panel-fields-census-c1.md:153	cmd.exe	bare-unresolvable
docs/evidence/s1/180-182-panel-fields-census-c1.md:163	shell.exe	bare-unresolvable
docs/evidence/s1/180-182-panel-fields-census-c1.md:165	loop.go	bare-ambiguous
docs/evidence/s1/180-182-panel-fields-census-c1.md:181	shell.exe	bare-unresolvable
docs/evidence/s1/180-182-panel-fields-census-c1.md:211	panel.mod	bare-unresolvable
docs/evidence/s1/180-182-panel-fields-census-c1.md:221	schema.go	bare-ambiguous
docs/evidence/s1/180-182-panel-fields-census-c1.md:232	config.toml	bare-unresolvable
docs/evidence/s1/180-182-panel-fields-census-c1.md:261	_test.go	bare-unresolvable
docs/evidence/s1/180-182-panel-fields-census-c1.md:274	main.tsx	bare-only-design-frontend
docs/evidence/s1/180-182-panel-fields-census-c1.md:276	tokens.css	bare-only-design-frontend
docs/evidence/s1/180-182-panel-fields-census-c1.md:299	_test.go	bare-unresolvable
docs/evidence/s1/180-182-panel-fields-census-c1.md:307	.scratch/wisp/issues/180-...md	ellipsis
docs/evidence/s1/180-182-panel-fields-census-c1.md:308	.scratch/wisp/issues/182-...md	ellipsis
docs/evidence/s1/180-182-panel-fields-census-c1.md:332	schema.go	bare-ambiguous
docs/evidence/s1/180-panel-width-ownership-a1.md:104	pump.go	bare-ambiguous
docs/evidence/s1/180-panel-width-ownership-a1.md:116	go.mod	bare-ambiguous
docs/evidence/s1/180-panel-width-ownership-a1.md:129	approval.go	bare-ambiguous
docs/evidence/s1/180-panel-width-ownership-a1.md:129	bridge.go	bare-ambiguous
docs/evidence/s1/180-panel-width-ownership-a1.md:130	doc.go	bare-ambiguous
docs/evidence/s1/180-panel-width-ownership-a1.md:130	pump.go	bare-ambiguous
docs/evidence/s1/180-panel-width-ownership-a1.md:131	bridge.go	bare-ambiguous
docs/evidence/s1/180-panel-width-ownership-a1.md:153	_test.go	bare-unresolvable
docs/evidence/s1/180-panel-width-ownership-a1.md:158	_test.go	bare-unresolvable
docs/evidence/s1/180-panel-width-ownership-a1.md:159	_test.go	bare-unresolvable
docs/evidence/s1/180-panel-width-ownership-a1.md:160	_test.go	bare-unresolvable
docs/evidence/s1/180-panel-width-ownership-a1.md:161	_test.go	bare-unresolvable
docs/evidence/s1/180-panel-width-ownership-a1.md:162	_test.go	bare-unresolvable
docs/evidence/s1/180-panel-width-ownership-a1.md:163	_test.go	bare-unresolvable
docs/evidence/s1/180-panel-width-ownership-a1.md:164	_test.go	bare-unresolvable
docs/evidence/s1/180-panel-width-ownership-a1.md:165	go.mod	bare-ambiguous
docs/evidence/s1/180-panel-width-ownership-a1.md:174	_test.go	bare-unresolvable
docs/evidence/s1/180-panel-width-ownership-a1.md:218	go.mod	bare-ambiguous
docs/evidence/s1/180-panel-width-ownership-a1.md:218	go.sum	bare-ambiguous
docs/evidence/s1/180-panel-width-ownership-a1.md:219	schema.go	bare-ambiguous
docs/evidence/s1/181-186-git-detection-census-c1.md:15	_test.go	bare-unresolvable
docs/evidence/s1/181-186-git-detection-census-c1.md:17	_test.go	bare-unresolvable
docs/evidence/s1/181-186-git-detection-census-c1.md:17	bridge.go	bare-ambiguous
docs/evidence/s1/181-186-git-detection-census-c1.md:52	_test.go	bare-unresolvable
docs/evidence/s1/181-186-git-detection-census-c1.md:55	bridge.go	bare-ambiguous
docs/evidence/s1/181-186-git-detection-census-c1.md:56	bridge.go	bare-ambiguous
docs/evidence/s1/181-186-git-detection-census-c1.md:57	run.go	bare-ambiguous
docs/evidence/s1/181-186-git-detection-census-c1.md:79	provenance.go	bare-ambiguous
docs/evidence/s1/181-186-git-detection-census-c1.md:80	doc.go	bare-ambiguous
docs/evidence/s1/181-186-git-detection-census-c1.md:118	panel_pump.go	bare-ambiguous
docs/evidence/s1/181-186-git-detection-census-c1.md:135	doc.go	bare-ambiguous
docs/evidence/s1/181-186-git-detection-census-c1.md:136	loop.go	bare-ambiguous
docs/evidence/s1/181-186-git-detection-census-c1.md:149	base.css	bare-only-design-frontend
docs/evidence/s1/181-186-git-detection-census-c1.md:149	icons.js	bare-only-design-frontend
docs/evidence/s1/181-186-git-detection-census-c1.md:149	theme.js	bare-only-design-frontend
docs/evidence/s1/181-186-git-detection-census-c1.md:149	tokens.css	bare-only-design-frontend
docs/evidence/s1/181-186-git-detection-census-c1.md:170	bridge.go	bare-ambiguous
docs/evidence/s1/181-rewrite-account-r2.md:21	_test.go	bare-unresolvable
docs/evidence/s1/181-rewrite-account-r2.md:106	panel_pump.go	bare-ambiguous
docs/evidence/s1/181-rewrite-account-r2.md:162	_test.go	bare-unresolvable
docs/evidence/s1/181-rewrite-account-r2.md:173	fake_fourth_leg_probe.go	bare-unresolvable
docs/evidence/s1/181-rewrite-account-r2.md:191	panel_pump.go	bare-ambiguous
docs/evidence/s1/181-rewrite-account-r2.md:193	panel_pump.go	bare-ambiguous
docs/evidence/s1/181-rewrite-account-r2.md:202	panel_pump.go	bare-ambiguous
docs/evidence/s1/181-rewrite-account-r2.md:203	panel_pump.go	bare-ambiguous
docs/evidence/s1/181-rewrite-account-r2.md:270	_test.go	bare-unresolvable
docs/evidence/s1/182-rail-stacks-census-a1.md:122	pump.go	bare-ambiguous
docs/evidence/s1/182-rail-stacks-census-a1.md:134	rightbar.js	bare-unresolvable
docs/evidence/s1/182-rail-stacks-census-a1.md:134	rb-files.js	bare-unresolvable
docs/evidence/s1/182-rail-stacks-census-a1.md:134	rb-review.js	bare-unresolvable
docs/evidence/s1/182-rail-stacks-census-a1.md:134	rb-terminal.js	bare-unresolvable
docs/evidence/s1/182-rail-stacks-census-a1.md:134	rb-plugins.js	bare-unresolvable
docs/evidence/s1/182-rail-stacks-census-a1.md:135	app.js	bare-only-design-frontend
docs/evidence/s1/182-rail-stacks-census-a1.md:138	app.js	bare-only-design-frontend
docs/evidence/s1/182-rail-stacks-census-a1.md:144	rightbar.js	bare-unresolvable
docs/evidence/s1/182-rail-stacks-census-a1.md:159	rightbar.js	bare-unresolvable
docs/evidence/s1/182-rail-stacks-census-a1.md:177	panel.mod	bare-unresolvable
docs/evidence/s1/182-rail-stacks-census-a1.md:179	_test.go	bare-unresolvable
docs/evidence/s1/182-rail-stacks-census-a1.md:180	_test.go	bare-unresolvable
docs/evidence/s1/182-rail-stacks-census-a1.md:181	_test.go	bare-unresolvable
docs/evidence/s1/182-rail-stacks-census-a1.md:181	shell.exe	bare-unresolvable
docs/evidence/s1/182-rail-stacks-census-a1.md:182	shell.exe	bare-unresolvable
docs/evidence/s1/182-rail-stacks-census-a1.md:183	_test.go	bare-unresolvable
docs/evidence/s1/182-rail-stacks-census-a1.md:208	shell.exe	bare-unresolvable
docs/evidence/s1/182-rail-stacks-census-a1.md:241	rightbar.js	bare-unresolvable
docs/evidence/s1/182-rail-stacks-census-a1.md:241	bridge.go	bare-ambiguous
docs/evidence/s1/182-rail-stacks-census-a1.md:242	rightbar.js	bare-unresolvable
docs/evidence/s1/182-rail-stacks-census-a1.md:243	rightbar.js	bare-unresolvable
docs/evidence/s1/182-rail-stacks-census-a1.md:244	rb-files.js	bare-unresolvable
docs/evidence/s1/182-rail-stacks-census-a1.md:245	rb-plugins.js	bare-unresolvable
docs/evidence/s1/182-rail-stacks-census-a1.md:246	rb-review.js	bare-unresolvable
docs/evidence/s1/182-rail-stacks-census-a1.md:247	rb-terminal.js	bare-unresolvable
docs/evidence/s1/182-rail-stacks-census-a1.md:264	.scratch/wisp/issues/182-...md	ellipsis
docs/evidence/s1/182-rail-stacks-census-a1.md:266	.scratch/wisp/dispatches/2026-09-28-175x-...md	ellipsis
docs/evidence/s1/182-rail-stacks-census-a1.md:275	rb-files.js	bare-unresolvable
docs/evidence/s1/182-rail-stacks-census-a1.md:275	rb-review.js	bare-unresolvable
docs/evidence/s1/182-rail-stacks-census-a1.md:280	_test.go	bare-unresolvable
docs/evidence/s1/183-exemption-why-not-live-a1.md:26	loop.go	bare-ambiguous
docs/evidence/s1/183-exemption-why-not-live-a1.md:31	/m-A.txt	root-ambiguous
docs/evidence/s1/183-exemption-why-not-live-a1.md:57	provenance.go	bare-ambiguous
docs/evidence/s1/183-exemption-why-not-live-a1.md:73	task.go	bare-ambiguous
docs/evidence/s1/183-exemption-why-not-live-a1.md:87	tool-output-agent-task-<uuid>.txt	placeholder
docs/evidence/s1/183-exemption-why-not-live-a1.md:93	taintmatch.go	bare-ambiguous
docs/evidence/s1/183-exemption-why-not-live-a1.md:94	taintmatch.go	bare-ambiguous
docs/evidence/s1/183-exemption-why-not-live-a1.md:134	provenance.go	bare-ambiguous
docs/evidence/s1/183-exemption-why-not-live-a1.md:140	taintmatch.go	bare-ambiguous
docs/evidence/s1/183-exemption-why-not-live-a1.md:145	provenance.go	bare-ambiguous
docs/evidence/s1/183-exemption-why-not-live-a1.md:145	taintmatch.go	bare-ambiguous
docs/evidence/s1/183-exemption-why-not-live-a1.md:146	provenance.go	bare-ambiguous
docs/evidence/s1/183-exemption-why-not-live-a1.md:153	logs/e2e-readings.txt	suffix-ambiguous
docs/evidence/s1/183-exemption-why-not-live-a1.md:153	loop.go	bare-ambiguous
docs/evidence/s1/183-exemption-why-not-live-a1.md:154	m-A.txt	bare-unresolvable
docs/evidence/s1/183-exemption-why-not-live-a1.md:160	/m-A.txt	root-ambiguous
docs/evidence/s1/183-exemption-why-not-live-a1.md:167	provenance.go	bare-ambiguous
docs/evidence/s1/183-exemption-why-not-live-a1.md:167	taintmatch.go	bare-ambiguous
docs/evidence/s1/183-exemption-why-not-live-a1.md:178	provenance.go	bare-ambiguous
docs/evidence/s1/183-pointer-exemption-accept-v2.md:42	.scratch/wisp/probes/183/v2/logs/mut-<tag>.txt	placeholder
docs/evidence/s1/183-pointer-exemption-accept-v2.md:69	provenance.go	bare-ambiguous
docs/evidence/s1/183-pointer-exemption-accept-v2.md:84	config.toml	bare-unresolvable
docs/evidence/s1/183-pointer-exemption-accept-v2.md:104	taintmatch.go	bare-ambiguous
docs/evidence/s1/183-pointer-exemption-accept-v2.md:110	taintmatch.go	bare-ambiguous
docs/evidence/s1/183-pointer-exemption-accept-v2.md:110	_test.go	bare-unresolvable
docs/evidence/s1/183-pointer-exemption-accept-v2.md:110	provenance.go	bare-ambiguous
docs/evidence/s1/183-pointer-exemption-accept-v2.md:114	taintmatch.go	bare-ambiguous
docs/evidence/s1/183-pointer-exemption-accept-v2.md:116	provenance.go	bare-ambiguous
docs/evidence/s1/183-pointer-exemption-accept-v2.md:127	_test.go	bare-unresolvable
docs/evidence/s1/183-pointer-exemption-accept-v2.md:162	logs/mut-<tag>.txt	placeholder
docs/evidence/s1/183-pointer-exemption-accept-v2.md:171	provenance.go	bare-ambiguous
docs/evidence/s1/183-pointer-exemption-accept-v2.md:174	bridge.go	bare-ambiguous
docs/evidence/s1/183-pointer-exemption-r1.md:18	provenance.go	bare-ambiguous
docs/evidence/s1/183-pointer-exemption-r1.md:18	taintmatch.go	bare-ambiguous
docs/evidence/s1/183-pointer-exemption-r1.md:58	provenance.go	bare-ambiguous
docs/evidence/s1/183-pointer-exemption-r1.md:60	taintmatch.go	bare-ambiguous
docs/evidence/s1/183-pointer-exemption-r1.md:77	provenance.go	bare-ambiguous
docs/evidence/s1/183-pointer-exemption-r1.md:78	provenance.go	bare-ambiguous
docs/evidence/s1/183-pointer-exemption-r1.md:78	taintmatch.go	bare-ambiguous
docs/evidence/s1/183-pointer-exemption-r1.md:80	models.go	bare-ambiguous
docs/evidence/s1/183-pointer-exemption-r1.md:92	logs/cli-no-prefix.txt	suffix-ambiguous
docs/evidence/s1/183-pointer-exemption-r1.md:102	logs/e2e-readings.txt	suffix-ambiguous
docs/evidence/s1/183-pointer-exemption-r1.md:102	tool-output-call-183a1-full.txt	bare-unresolvable
docs/evidence/s1/183-pointer-exemption-r1.md:104	e2e-readings.txt	bare-ambiguous
docs/evidence/s1/183-pointer-exemption-r1.md:114	provenance.go	bare-ambiguous
docs/evidence/s1/183-pointer-exemption-r1.md:114	taintmatch.go	bare-ambiguous
docs/evidence/s1/183-pointer-exemption-r1.md:131	go.mod	bare-ambiguous
docs/evidence/s1/183-pointer-exemption-r1.md:136	loop.go	bare-ambiguous
docs/evidence/s1/183-pointer-exemption-r1.md:141	_test.go	bare-unresolvable
docs/evidence/s1/183-pointer-exemption-r1.md:152	closebyid.go	bare-ambiguous
docs/evidence/s1/183-pointer-exemption-r1.md:160	_test.go	bare-unresolvable
docs/evidence/s1/183-pointer-exemption-r1.md:161	logs/gate-clauses.txt	suffix-ambiguous
docs/evidence/s1/183-pointer-exemption-r1.md:164	cli-no-prefix.txt	bare-ambiguous
docs/evidence/s1/183-pointer-exemption-r1.md:177	closebyid.go	bare-ambiguous
docs/evidence/s1/183-reread-permanent-teeth-r2.md:3	_test.go	bare-unresolvable
docs/evidence/s1/183-reread-permanent-teeth-r2.md:54	_test.go	bare-unresolvable
docs/evidence/s1/183-reread-permanent-teeth-r2.md:107	_test.go	bare-unresolvable
docs/evidence/s1/183-reread-permanent-teeth-r2.md:159	bridge.go	bare-ambiguous
docs/evidence/s1/183-reread-permanent-teeth-r2.md:173	logs/gate-d22scan.txt	suffix-ambiguous
docs/evidence/s1/183-reread-permanent-teeth-r2.md:174	logs/gate-clauses.txt	suffix-ambiguous
docs/evidence/s1/183-reread-permanent-teeth-r2.md:187	provenance.go	bare-ambiguous
docs/evidence/s1/183-reread-permanent-teeth-r2.md:187	taintmatch.go	bare-ambiguous
docs/evidence/s1/184-audit-vocabulary-census-c1.md:5	census.sh	bare-ambiguous
docs/evidence/s1/184-audit-vocabulary-census-c1.md:5	d22scan.log	bare-ambiguous
docs/evidence/s1/184-audit-vocabulary-census-c1.md:20	models.go	bare-ambiguous
docs/evidence/s1/184-audit-vocabulary-census-c1.md:24	bridge.go	bare-ambiguous
docs/evidence/s1/184-audit-vocabulary-census-c1.md:24	loop.go	bare-ambiguous
docs/evidence/s1/184-audit-vocabulary-census-c1.md:25	loop.go	bare-ambiguous
docs/evidence/s1/184-audit-vocabulary-census-c1.md:26	loop.go	bare-ambiguous
docs/evidence/s1/184-audit-vocabulary-census-c1.md:26	gate.go	bare-ambiguous
docs/evidence/s1/184-audit-vocabulary-census-c1.md:32	loop.go	bare-ambiguous
docs/evidence/s1/184-audit-vocabulary-census-c1.md:32	bridge.go	bare-ambiguous
docs/evidence/s1/184-audit-vocabulary-census-c1.md:36	bridge.go	bare-ambiguous
docs/evidence/s1/184-audit-vocabulary-census-c1.md:37	loop.go	bare-ambiguous
docs/evidence/s1/184-audit-vocabulary-census-c1.md:38	bridge.go	bare-ambiguous
docs/evidence/s1/184-audit-vocabulary-census-c1.md:39	bridge.go	bare-ambiguous
docs/evidence/s1/184-audit-vocabulary-census-c1.md:40	loop.go	bare-ambiguous
docs/evidence/s1/184-audit-vocabulary-census-c1.md:42	bridge.go	bare-ambiguous
docs/evidence/s1/184-audit-vocabulary-census-c1.md:46	panel_pump.go	bare-ambiguous
docs/evidence/s1/184-audit-vocabulary-census-c1.md:46	run.go	bare-ambiguous
docs/evidence/s1/184-audit-vocabulary-census-c1.md:52	models.go	bare-ambiguous
docs/evidence/s1/184-audit-vocabulary-census-c1.md:56	bridge_test.go	bare-ambiguous
docs/evidence/s1/184-audit-vocabulary-census-c1.md:60	bridge.go	bare-ambiguous
docs/evidence/s1/184-audit-vocabulary-census-c1.md:60	loop.go	bare-ambiguous
docs/evidence/s1/184-audit-vocabulary-census-c1.md:69	bridge.go	bare-ambiguous
docs/evidence/s1/184-audit-vocabulary-census-c1.md:69	loop.go	bare-ambiguous
docs/evidence/s1/184-audit-vocabulary-census-c1.md:75	schema.go	bare-ambiguous
docs/evidence/s1/184-audit-vocabulary-census-c1.md:76	schema.go	bare-ambiguous
docs/evidence/s1/184-audit-vocabulary-census-c1.md:78	_test.go	bare-unresolvable
docs/evidence/s1/184-audit-vocabulary-census-c1.md:85	schema.go	bare-ambiguous
docs/evidence/s1/184-audit-vocabulary-census-c1.md:85	_test.go	bare-unresolvable
docs/evidence/s1/184-audit-vocabulary-census-c1.md:91	loop.go	bare-ambiguous
docs/evidence/s1/184-audit-vocabulary-census-c1.md:98	bridge.go	bare-ambiguous
docs/evidence/s1/184-audit-vocabulary-census-c1.md:112	census.sh/readings.log/d22scan.log/gate-clauses.log	multi-ext
docs/evidence/s1/185-paged-reread-r1.md:24	_test.go	bare-unresolvable
docs/evidence/s1/185-paged-reread-r1.md:93	ov-m1..m4.json	bare-unresolvable
docs/evidence/s1/185-reread-owner-census-c1.md:17	_test.go	bare-unresolvable
docs/evidence/s1/185-reread-owner-census-c1.md:17	provenance.go	bare-ambiguous
docs/evidence/s1/185-reread-owner-census-c1.md:23	provenance.go	bare-ambiguous
docs/evidence/s1/185-reread-owner-census-c1.md:24	taintmatch.go	bare-ambiguous
docs/evidence/s1/185-reread-owner-census-c1.md:26	_test.go	bare-unresolvable
docs/evidence/s1/185-reread-owner-census-c1.md:26	task.go	bare-ambiguous
docs/evidence/s1/185-reread-owner-census-c1.md:36	bridge.go	bare-ambiguous
docs/evidence/s1/185-reread-owner-census-c1.md:37	bridge.go	bare-ambiguous
docs/evidence/s1/185-reread-owner-census-c1.md:38	bridge.go	bare-ambiguous
docs/evidence/s1/185-reread-owner-census-c1.md:39	bridge.go	bare-ambiguous
docs/evidence/s1/185-reread-owner-census-c1.md:40	task.go	bare-ambiguous
docs/evidence/s1/185-reread-owner-census-c1.md:51	provenance.go	bare-ambiguous
docs/evidence/s1/185-reread-owner-census-c1.md:60	_test.go	bare-unresolvable
docs/evidence/s1/185-reread-owner-census-c1.md:63	bridge.go	bare-ambiguous
docs/evidence/s1/185-reread-owner-census-c1.md:74	task.go	bare-ambiguous
docs/evidence/s1/185-reread-owner-census-c1.md:75	task.go	bare-ambiguous
docs/evidence/s1/185-reread-owner-census-c1.md:87	taintmatch.go	bare-ambiguous
docs/evidence/s1/185-reread-owner-census-c1.md:87	provenance.go	bare-ambiguous
docs/evidence/s1/185-reread-owner-census-c1.md:100	_test.go	bare-unresolvable
docs/evidence/s1/185-reread-owner-census-c1.md:106	provenance.go	bare-ambiguous
docs/evidence/s1/185-reread-owner-census-c1.md:107	provenance.go	bare-ambiguous
docs/evidence/s1/185-reread-owner-census-c1.md:109	taintmatch.go	bare-ambiguous
docs/evidence/s1/185-reread-owner-census-c1.md:110	taintmatch.go	bare-ambiguous
docs/evidence/s1/185-reread-owner-census-c1.md:112	bridge.go	bare-ambiguous
docs/evidence/s1/185-reread-owner-census-c1.md:117	provenance.go	bare-ambiguous
docs/evidence/s1/185-reread-owner-census-c1.md:119	_test.go	bare-unresolvable
docs/evidence/s1/185-reread-owner-census-c1.md:138	_test.go	bare-unresolvable
docs/evidence/s1/185-reread-owner-census-c1.md:139	taintmatch.go	bare-ambiguous
docs/evidence/s1/185-reread-owner-census-c1.md:139	provenance.go	bare-ambiguous
docs/evidence/s1/185-reread-owner-census-c1.md:145	taintmatch.go	bare-ambiguous
docs/evidence/s1/185-reread-owner-census-c1.md:153	_test.go	bare-unresolvable
docs/evidence/s1/185-reread-owner-census-c1.md:172	logs/gate-clauses.txt	suffix-ambiguous
docs/evidence/s1/185-reread-owner-census-c1.md:209	provenance.go	bare-ambiguous
docs/evidence/s1/185-reread-owner-census-c1.md:210	task.go	bare-ambiguous
docs/evidence/s1/188-task-state-r1.md:118	_test.go	bare-unresolvable
docs/evidence/s1/188-task-state-r1.md:146	_test.go	bare-unresolvable
docs/evidence/s1/188-task-state-r1.md:147	_test.go	bare-unresolvable
docs/evidence/s1/188-task-state-r1.md:148	_test.go	bare-unresolvable
docs/evidence/s1/188-task-state-r1.md:148	task.go	bare-ambiguous
docs/evidence/s1/188-task-state-r1.md:155	task.go	bare-ambiguous
docs/evidence/s1/188-task-state-r1.md:168	pump.go	bare-ambiguous
docs/evidence/s1/188-task-state-r1.md:192	docs/evidence/s1/152-...-accept-r1.md	ellipsis
docs/evidence/s1/188-task-state-r2.md:32	run.go	bare-ambiguous
docs/evidence/s1/188-task-state-r2.md:40	_test.go	bare-unresolvable
docs/evidence/s1/188-task-state-r2.md:122	go.mod	bare-ambiguous
docs/evidence/s1/188-task-state-r2.md:122	go.sum	bare-ambiguous
docs/evidence/s1/188-task-state-r2.md:128	run.go	bare-ambiguous
docs/evidence/s1/188-task-state-r2.md:131	task.go	bare-ambiguous
docs/evidence/s1/189-uncommitted-count-design-a1.md:131	_test.go	bare-unresolvable
docs/evidence/s1/189-uncommitted-count-design-a1.md:144	go.mod	bare-ambiguous
docs/evidence/s1/189-uncommitted-count-design-a1.md:158	_test.go	bare-unresolvable
docs/evidence/s1/189-uncommitted-count-design-a1.md:196	go.mod	bare-ambiguous
docs/evidence/s1/189-uncommitted-count-design-a1.md:196	go.sum	bare-ambiguous
docs/evidence/s1/189-uncommitted-count-design-a1.md:208	pump.go	bare-ambiguous
docs/evidence/s1/189-uncommitted-count-design-a1.md:250	pump.go	bare-ambiguous
docs/evidence/s1/189-uncommitted-count-design-a1.md:272	pump.go	bare-ambiguous
docs/evidence/s1/189-uncommitted-count-design-a1.md:272	panel_pump.go	bare-ambiguous
docs/evidence/s1/189-uncommitted-count-design-a1.md:278	git_readonly_exec.go	bare-unresolvable
docs/evidence/s1/189-uncommitted-count-design-a1.md:289	main.go	bare-ambiguous
docs/evidence/s1/189-uncommitted-count-design-a1.md:309	pump.go	bare-ambiguous
docs/evidence/s1/190-file-tree-design-a1.md:17	panel_pump.go	bare-ambiguous
docs/evidence/s1/190-file-tree-design-a1.md:102	flip-7.txt	bare-unresolvable
docs/evidence/s1/190-file-tree-design-a1.md:154	fs.go	bare-ambiguous
docs/evidence/s1/190-file-tree-design-a1.md:154	fs_write.go	bare-ambiguous
docs/evidence/s1/190-file-tree-design-a1.md:154	mode.go	bare-ambiguous
docs/evidence/s1/190-file-tree-design-a1.md:175	run.go	bare-ambiguous
docs/evidence/s1/190-file-tree-design-a1.md:185	pump.go	bare-ambiguous
docs/evidence/s1/190-file-tree-design-a1.md:192	main.go	bare-ambiguous
docs/evidence/s1/190-file-tree-design-a1.md:223	fs.go	bare-ambiguous
docs/evidence/s1/190-file-tree-design-a1.md:260	go.mod	bare-ambiguous
docs/evidence/s1/190-file-tree-design-a1.md:260	go.sum	bare-ambiguous
docs/evidence/s1/193-frontend-gates-census-a1.md:3	go.mod	bare-ambiguous
docs/evidence/s1/193-frontend-gates-census-a1.md:10	go.mod	bare-ambiguous
docs/evidence/s1/193-frontend-gates-census-a1.md:30	_test.go	bare-unresolvable
docs/evidence/s1/193-frontend-gates-census-a1.md:31	_test.go	bare-unresolvable
docs/evidence/s1/193-frontend-gates-census-a1.md:49	_test.go	bare-unresolvable
docs/evidence/s1/193-frontend-gates-census-a1.md:51	_test.go	bare-unresolvable
docs/evidence/s1/193-frontend-gates-census-a1.md:56	main.tsx	bare-only-design-frontend
docs/evidence/s1/193-frontend-gates-census-a1.md:56	tokens.generated.css	bare-only-design-frontend
docs/evidence/s1/193-frontend-gates-census-a1.md:57	main.tsx	bare-only-design-frontend
docs/evidence/s1/193-frontend-gates-census-a1.md:76	tokens.css	bare-only-design-frontend
docs/evidence/s1/193-frontend-gates-census-a1.md:118	_test.go	bare-unresolvable
docs/evidence/s1/193-frontend-gates-census-a1.md:118	schema.go	bare-ambiguous
docs/evidence/s1/193-frontend-gates-census-a1.md:119	_test.go	bare-unresolvable
docs/evidence/s1/193-frontend-gates-census-a1.md:120	_test.go	bare-unresolvable
docs/evidence/s1/193-frontend-gates-census-a1.md:133	bridge_test.go	bare-ambiguous
docs/evidence/s1/193-frontend-gates-census-a1.md:134	schema.go	bare-ambiguous
docs/evidence/s1/193-frontend-gates-census-a1.md:147	main.tsx	bare-only-design-frontend
docs/evidence/s1/193-frontend-gates-census-a1.md:162	_test.go	bare-unresolvable
docs/evidence/s1/193-frontend-gates-census-a1.md:163	config.toml	bare-unresolvable
docs/evidence/s1/193-frontend-gates-census-a1.md:171	bridge_test.go	bare-ambiguous
docs/evidence/s1/193-frontend-gates-census-a1.md:186	pump.go	bare-ambiguous
docs/evidence/s1/193-frontend-gates-census-a1.md:207	go.mod	bare-ambiguous
docs/evidence/s1/193-frontend-gates-census-a1.md:217	go.mod	bare-ambiguous
docs/evidence/s1/193-frontend-gates-census-a1.md:217	go.sum	bare-ambiguous
docs/evidence/s1/193-frontend-gates-census-a1.md:235	right-rail.tsx	bare-only-design-frontend
docs/evidence/s1/194-method-roster-census-c1.md:4	.scratch/wisp/issues/194-...-owner-ruled-align-the-code-to-the-spec.md	ellipsis
docs/evidence/s1/194-method-roster-census-c1.md:45	cost.sum	bare-unresolvable
docs/evidence/s1/194-method-roster-census-c1.md:59	bridge.go	bare-ambiguous
docs/evidence/s1/194-method-roster-census-c1.md:63	panel.mod	bare-unresolvable
docs/evidence/s1/194-method-roster-census-c1.md:63	bridge.go	bare-ambiguous
docs/evidence/s1/194-method-roster-census-c1.md:64	bridge.go	bare-ambiguous
docs/evidence/s1/194-method-roster-census-c1.md:65	bridge.go	bare-ambiguous
docs/evidence/s1/194-method-roster-census-c1.md:66	bridge.go	bare-ambiguous
docs/evidence/s1/194-method-roster-census-c1.md:68	bridge.go	bare-ambiguous
docs/evidence/s1/194-method-roster-census-c1.md:78	_test.go	bare-unresolvable
docs/evidence/s1/194-method-roster-census-c1.md:102	cost.sum	bare-unresolvable
docs/evidence/s1/194-method-roster-census-c1.md:107	cost.sum	bare-unresolvable
docs/evidence/s1/194-method-roster-census-c1.md:116	panel_pump.go	bare-ambiguous
docs/evidence/s1/194-method-roster-census-c1.md:130	bridge.go	bare-ambiguous
docs/evidence/s1/194-method-roster-census-c1.md:134	_test.go	bare-unresolvable
docs/evidence/s1/194-method-roster-census-c1.md:136	panel_pump.go	bare-ambiguous
docs/evidence/s1/194-method-roster-census-c1.md:138	cost.sum	bare-unresolvable
docs/evidence/s1/194-method-roster-census-c1.md:139	cost.sum	bare-unresolvable
docs/evidence/s1/194-method-roster-census-c1.md:141	bridge.go	bare-ambiguous
docs/evidence/s1/194-method-roster-census-c1.md:150	bridge.go	bare-ambiguous
docs/evidence/s1/194-method-roster-census-c1.md:165	_test.go	bare-unresolvable
docs/evidence/s1/194-method-roster-census-c1.md:165	panel.mod	bare-unresolvable
docs/evidence/s1/194-method-roster-census-c1.md:200	go.mod	bare-ambiguous
docs/evidence/s1/194-method-roster-census-c1.md:215	bridge.go	bare-ambiguous
docs/evidence/s1/197-ac5-selfapproval-v1.md:3	subagent-entity.md	bare-unresolvable
docs/evidence/s1/197-ac5-selfapproval-v1.md:54	baseline-targeted.txt	bare-unresolvable
docs/evidence/s1/197-ac5-selfapproval-v1.md:65	baseline-targeted.txt	bare-unresolvable
docs/evidence/s1/197-ac5-selfapproval-v1.md:67	panel_pump.go	bare-ambiguous
docs/evidence/s1/197-ac5-selfapproval-v1.md:72	gate.go	bare-ambiguous
docs/evidence/s1/197-ac5-selfapproval-v1.md:75	approval.go	bare-ambiguous
docs/evidence/s1/197-ac5-selfapproval-v1.md:75	_test.go	bare-unresolvable
docs/evidence/s1/197-ac5-selfapproval-v1.md:76	child197-under-host-allow.txt	bare-unresolvable
docs/evidence/s1/197-ac5-selfapproval-v1.md:80	run.go	bare-ambiguous
docs/evidence/s1/197-ac5-selfapproval-v1.md:80	gate.go	bare-ambiguous
docs/evidence/s1/197-ac5-selfapproval-v1.md:81	approval.go	bare-ambiguous
docs/evidence/s1/197-ac5-selfapproval-v1.md:82	panel_pump.go	bare-ambiguous
docs/evidence/s1/197-ac5-selfapproval-v1.md:99	pump.go	bare-ambiguous
docs/evidence/s1/197-ac5-selfapproval-v1.md:100	gate.go	bare-ambiguous
docs/evidence/s1/197-ac5-selfapproval-v1.md:105	baseline-targeted.txt	bare-unresolvable
docs/evidence/s1/197-ac5-selfapproval-v1.md:182	gate.go	bare-ambiguous
docs/evidence/s1/197-ac5-selfapproval-v1.md:182	approval.go	bare-ambiguous
docs/evidence/s1/197-ac5-selfapproval-v1.md:184	approval.go	bare-ambiguous
docs/evidence/s1/197-ac5-selfapproval-v1.md:185	approval.go	bare-ambiguous
docs/evidence/s1/197-ac5-selfapproval-v1.md:230	approval.go	bare-ambiguous
docs/evidence/s1/197-ac5-selfapproval-v1.md:234	_test.go	bare-unresolvable
docs/evidence/s1/197-ac5-selfapproval-v1.md:284	_test.go	bare-unresolvable
docs/evidence/s1/197-ac5-selfapproval-v1.md:305	_test.go	bare-unresolvable
docs/evidence/s1/197-ac5-selfapproval-v1.md:364	approval.go	bare-ambiguous
docs/evidence/s1/197-ac5-selfapproval-v1.md:388	tokens.css	bare-only-design-frontend
docs/evidence/s1/197-ac5-selfapproval-v1.md:454	/d/work/base/gopath/bin/gofumpt.exe	root-ambiguous
docs/evidence/s1/197-ac5-selfapproval-v1.md:455	_test.go	bare-unresolvable
docs/evidence/s1/197-ac5-selfapproval-v1.md:459	mut.py	bare-unresolvable
docs/evidence/s1/197-ac5-selfapproval-v1.md:460	bridge.go	bare-ambiguous
docs/evidence/s1/197-ac5-selfapproval-v1.md:460	gate.go	bare-ambiguous
docs/evidence/s1/197-ac5-selfapproval-v1.md:470	baseline-targeted.txt	bare-unresolvable
docs/evidence/s1/197-ac5-selfapproval-v1.md:472	final-targeted.txt	bare-unresolvable
docs/evidence/s1/197-blocked-carrier-r4.md:37	run.go	bare-ambiguous
docs/evidence/s1/197-blocked-carrier-r4.md:50	run.go	bare-ambiguous
docs/evidence/s1/197-blocked-carrier-r4.md:103	mutation-log.txt	bare-ambiguous
docs/evidence/s1/197-blocked-carrier-r4.md:148	final-v-panel.txt	bare-ambiguous
docs/evidence/s1/197-blocked-carrier-r4.md:153	d22scan-final.txt	bare-ambiguous
docs/evidence/s1/197-blocked-carrier-r4.md:171	final-v-panel.txt	bare-ambiguous
docs/evidence/s1/197-blocked-carrier-r4.md:199	run.go	bare-ambiguous
docs/evidence/s1/197-blocked-carrier-r4.md:217	gate.go	bare-ambiguous
docs/evidence/s1/197-blocked-carrier-r4.md:245	run.go	bare-ambiguous
docs/evidence/s1/197-blocked-carrier-r4.md:246	run.go	bare-ambiguous
docs/evidence/s1/197-blocked-carrier-r4.md:250	loop.go	bare-ambiguous
docs/evidence/s1/197-blocked-carrier-r4.md:253	gate.go	bare-ambiguous
docs/evidence/s1/197-blocked-carrier-r4.md:255	run.go	bare-ambiguous
docs/evidence/s1/197-blocked-carrier-r4.md:258	gate.go	bare-ambiguous
docs/evidence/s1/197-blocked-carrier-r4.md:268	run.go	bare-ambiguous
docs/evidence/s1/197-blocked-carrier-r4.md:281	mutation-log.txt	bare-ambiguous
docs/evidence/s1/197-blocked-carrier-r4.md:281	d22scan-final.txt	bare-ambiguous
docs/evidence/s1/197-subagent-carrier-r3.md:82	subagent_197.go	bare-ambiguous
docs/evidence/s1/197-subagent-carrier-r3.md:82	pump.go	bare-ambiguous
docs/evidence/s1/197-subagent-carrier-r3.md:97	subagent_roster_197.go	bare-ambiguous
docs/evidence/s1/197-subagent-carrier-r3.md:125	mutation-log.txt	bare-ambiguous
docs/evidence/s1/197-subagent-carrier-r3.md:191	pump.go	bare-ambiguous
docs/evidence/s1/197-subagent-carrier-r3.md:223	subagent_197_test.go	bare-ambiguous
docs/evidence/s1/197-subagent-carrier-r3.md:257	_test.go	bare-unresolvable
docs/evidence/s1/197-subagent-carrier-r3.md:270	final-v-panel.txt	bare-ambiguous
docs/evidence/s1/197-subagent-entity-r1.md:31	loop.go	bare-ambiguous
docs/evidence/s1/197-subagent-entity-r1.md:31	bridge.go	bare-ambiguous
docs/evidence/s1/197-subagent-entity-r1.md:79	subagent_197_test.go	bare-ambiguous
docs/evidence/s1/197-subagent-entity-r1.md:101	_test.go	bare-unresolvable
docs/evidence/s1/197-subagent-entity-r1.md:140	/subagent_197_test.go	root-ambiguous
docs/evidence/s1/197-subagent-entity-r1.md:140	/task.go	root-ambiguous
docs/evidence/s1/197-subagent-entity-r1b.md:66	subagent_197_test.go	bare-ambiguous
docs/evidence/s1/197-subagent-entity-r1b.md:68	subagent_197.go	bare-ambiguous
docs/evidence/s1/197-subagent-entity-r1b.md:79	subagent_197_test.go	bare-ambiguous
docs/evidence/s1/197-subagent-entity-r1b.md:93	subagent_197.go	bare-ambiguous
docs/evidence/s1/197-subagent-entity-r1b.md:93	subagent_197_test.go	bare-ambiguous
docs/evidence/s1/197-subagent-entity-r1b.md:124	d22scan-final.txt	bare-ambiguous
docs/evidence/s1/197-subagent-entity-r1b.md:140	subagent_197_test.go	bare-ambiguous
docs/evidence/s1/197-subagent-entity-r1b.md:142	subagent_197_test.go	bare-ambiguous
docs/evidence/s1/197-subagent-entity-r1b.md:144	subagent_197_test.go	bare-ambiguous
docs/evidence/s1/197-subagent-entity-r1b.md:166	subagent_197.go	bare-ambiguous
docs/evidence/s1/197-subagent-entity-r1b.md:230	_test.go	bare-unresolvable
docs/evidence/s1/197-subagent-entity-r1b.md:267	bridge.go	bare-ambiguous
docs/evidence/s1/197-subagent-entity-r1b.md:278	subagent_197.go	bare-ambiguous
docs/evidence/s1/197-subagent-entity-r1b.md:278	subagent_197_test.go	bare-ambiguous
docs/evidence/s1/197-subagent-entity-r1b.md:279	subagent_197_test.go	bare-ambiguous
docs/evidence/s1/197-subagent-entity-r1b.md:294	subagent_197.go	bare-ambiguous
docs/evidence/s1/197-subagent-stream-r2.md:23	pump.go	bare-ambiguous
docs/evidence/s1/197-subagent-stream-r2.md:24	pump.go	bare-ambiguous
docs/evidence/s1/197-subagent-stream-r2.md:25	pump.go	bare-ambiguous
docs/evidence/s1/197-subagent-stream-r2.md:53	pump.go	bare-ambiguous
docs/evidence/s1/197-subagent-stream-r2.md:56	pump.go	bare-ambiguous
docs/evidence/s1/197-subagent-stream-r2.md:57	pump.go	bare-ambiguous
docs/evidence/s1/197-subagent-stream-r2.md:139	pump.go	bare-ambiguous
docs/evidence/s1/197-subagent-stream-r2.md:142	pump.go	bare-ambiguous
docs/evidence/s1/197-subagent-stream-r2.md:151	subagent_197.go	bare-ambiguous
docs/evidence/s1/197-subagent-stream-r2.md:155	_test.go	bare-unresolvable
docs/evidence/s1/197-subagent-stream-r2.md:156	_test.go	bare-unresolvable
docs/evidence/s1/197-subagent-stream-r2.md:213	pump.go	bare-ambiguous
docs/evidence/s1/197-subagent-stream-r2.md:214	panel.ts	bare-only-design-frontend
docs/evidence/s1/197-subagent-stream-r2.md:215	pump.go	bare-ambiguous
docs/evidence/s1/198-firstrun-config-r2.md:19	mutate.sh	bare-ambiguous
docs/evidence/s1/198-firstrun-config-r2.md:28	schema.go	bare-ambiguous
docs/evidence/s1/198-firstrun-config-r2.md:50	baseline-verbose.txt	bare-ambiguous
docs/evidence/s1/198-firstrun-config-r2.md:54	config.toml	bare-unresolvable
docs/evidence/s1/198-firstrun-config-r2.md:56	run.go	bare-ambiguous
docs/evidence/s1/198-firstrun-config-r2.md:59	config.toml	bare-unresolvable
docs/evidence/s1/198-firstrun-config-r2.md:92	run.go	bare-ambiguous
docs/evidence/s1/198-firstrun-config-r2.md:95	mutate.sh	bare-ambiguous
docs/evidence/s1/198-firstrun-config-v1.md:1	config.toml	bare-unresolvable
docs/evidence/s1/198-firstrun-config-v1.md:33	config.toml	bare-unresolvable
docs/evidence/s1/198-firstrun-config-v1.md:33	verdict.md	bare-ambiguous
docs/evidence/s1/198-firstrun-config-v1.md:34	config.toml	bare-unresolvable
docs/evidence/s1/198-firstrun-config-v1.md:34	schema.go	bare-ambiguous
docs/evidence/s1/198-firstrun-config-v1.md:34	firstrun.go	bare-ambiguous
docs/evidence/s1/198-firstrun-config-v1.md:35	firstrun.go	bare-ambiguous
docs/evidence/s1/198-firstrun-config-v1.md:35	run.go	bare-ambiguous
docs/evidence/s1/198-firstrun-config-v1.md:36	config.toml	bare-unresolvable
docs/evidence/s1/198-firstrun-config-v1.md:37	run.go	bare-ambiguous
docs/evidence/s1/198-firstrun-config-v1.md:37	_test.go	bare-unresolvable
docs/evidence/s1/198-firstrun-config-v1.md:38	config.toml	bare-unresolvable
docs/evidence/s1/198-firstrun-config-v1.md:38	main.go	bare-ambiguous
docs/evidence/s1/198-firstrun-config-v1.md:38	run.go	bare-ambiguous
docs/evidence/s1/198-firstrun-config-v1.md:40	run.go	bare-ambiguous
docs/evidence/s1/198-firstrun-config-v1.md:41	firstrun.go	bare-ambiguous
docs/evidence/s1/198-firstrun-config-v1.md:41	defaults.go	bare-ambiguous
docs/evidence/s1/198-firstrun-config-v1.md:44	schema.go	bare-ambiguous
docs/evidence/s1/198-firstrun-config-v1.md:44	config.toml	bare-unresolvable
docs/evidence/s1/198-firstrun-config-v1.md:59	config.toml	bare-unresolvable
docs/evidence/s1/198-firstrun-config-v1.md:59	firstrun.go	bare-ambiguous
docs/evidence/s1/198-firstrun-config-v1.md:67	config.toml	bare-unresolvable
docs/evidence/s1/198-firstrun-config-v1.md:68	firstrun.go	bare-ambiguous
docs/evidence/s1/198-firstrun-config-v1.md:69	firstrun.go	bare-ambiguous
docs/evidence/s1/198-firstrun-config-v1.md:70	firstrun.go	bare-ambiguous
docs/evidence/s1/198-firstrun-config-v1.md:71	firstrun.go	bare-ambiguous
docs/evidence/s1/198-firstrun-config-v1.md:71	config.toml	bare-unresolvable
docs/evidence/s1/198-firstrun-config-v1.md:72	run.go	bare-ambiguous
docs/evidence/s1/198-firstrun-config-v1.md:72	_test.go	bare-unresolvable
docs/evidence/s1/198-firstrun-config-v1.md:73	firstrun.go	bare-ambiguous
docs/evidence/s1/198-firstrun-config-v1.md:89	config.toml	bare-unresolvable
docs/evidence/s1/198-firstrun-config-v1.md:89	firstrun.go	bare-ambiguous
docs/evidence/s1/198-firstrun-config-v1.md:92	schema.go	bare-ambiguous
docs/evidence/s1/198-firstrun-config-v1.md:102	config.toml	bare-unresolvable
docs/evidence/s1/198-firstrun-config-v1.md:103	run.go	bare-ambiguous
docs/evidence/s1/198-firstrun-config-v1.md:103	config.toml	bare-unresolvable
docs/evidence/s1/198-firstrun-config-v1.md:105	config.toml	bare-unresolvable
docs/evidence/s1/20-a18-taskkill-residue-characterization.md:22	taskkill.exe	bare-unresolvable
docs/evidence/s1/20-a18-taskkill-residue-characterization.md:30	existing.txt	bare-unresolvable
docs/evidence/s1/20-a18-taskkill-residue-characterization.md:30	fs_write.go	bare-ambiguous
docs/evidence/s1/20-a18-taskkill-residue-characterization.md:31	fresh.txt	bare-unresolvable
docs/evidence/s1/20-a18-taskkill-residue-characterization.md:35	fs_write.go	bare-ambiguous
docs/evidence/s1/20-a18-taskkill-residue-characterization.md:45	fresh.txt	bare-unresolvable
docs/evidence/s1/20-bridge-junction-shortname.md:13	_test.go	bare-unresolvable
docs/evidence/s1/20-bridge-junction-shortname.md:41	victim.txt	bare-unresolvable
docs/evidence/s1/20-bridge-junction-shortname.md:42	brand-new.txt	bare-unresolvable
docs/evidence/s1/20-bridge-junction-shortname.md:42	moved.txt	bare-unresolvable
docs/evidence/s1/20-bridge-junction-shortname.md:65	fs.go	bare-ambiguous
docs/evidence/s1/20-bridge-junction-shortname.md:65	fs_write.go	bare-ambiguous
docs/evidence/s1/20-bridge-junction-shortname.md:72	victim.txt	bare-unresolvable
docs/evidence/s1/20-bridge-junction-shortname.md:76	I41EUHE.txt	bare-unresolvable
docs/evidence/s1/20-bridge-junction-shortname.md:90	go.exe	bare-unresolvable
docs/evidence/s1/20-bridge-junction-shortname.md:90	wisp.exe	bare-unresolvable
docs/evidence/s1/20-bridge-junction-shortname.md:90	balldebug.exe	bare-unresolvable
docs/evidence/s1/20-bridge-junction-shortname.md:98	bridge.go	bare-ambiguous
docs/evidence/s1/20-bridge-junction-shortname.md:100	fs.go	bare-ambiguous
docs/evidence/s1/20-bridge-junction-shortname.md:101	fs.go	bare-ambiguous
docs/evidence/s1/20-bridge-junction-shortname.md:102	fs_write.go	bare-ambiguous
docs/evidence/s1/20-bridge-junction-shortname.md:109	loop.go	bare-ambiguous
docs/evidence/s1/20-bridge-junction-shortname.md:129	bridge.go	bare-ambiguous
docs/evidence/s1/20-bridge-junction-shortname.md:129	fs.go	bare-ambiguous
docs/evidence/s1/20-needs-assertion-restored.md:42	fs.go	bare-ambiguous
docs/evidence/s1/20-needs-assertion-restored.md:43	fs_write.go	bare-ambiguous
docs/evidence/s1/20-needs-assertion-restored.md:65	fs_write.go	bare-ambiguous
docs/evidence/s1/20-needs-assertion-restored.md:79	loop.go	bare-ambiguous
docs/evidence/s1/20-needs-assertion-restored.md:82	bridge.go	bare-ambiguous
docs/evidence/s1/200-project-instructions-r1.md:1	CLAUDE.md	bare-unresolvable
docs/evidence/s1/200-project-instructions-r1.md:37	override>AGENTS.md>CLAUDE.md	placeholder
docs/evidence/s1/200-project-instructions-r1.md:62	panel.ts	bare-only-design-frontend
docs/evidence/s1/200-project-instructions-r1.md:65	panel.ts	bare-only-design-frontend
docs/evidence/s1/200-project-instructions-r1.md:70	run.go	bare-ambiguous
docs/evidence/s1/200-project-instructions-r2.md:26	run.go	bare-ambiguous
docs/evidence/s1/200-project-instructions-r2.md:40	start-cmdwisp-v.txt	bare-unresolvable
docs/evidence/s1/200-project-instructions-r2.md:45	d22scan-final.txt	bare-ambiguous
docs/evidence/s1/200-project-instructions-r2.md:46	start-v-roster.txt	bare-unresolvable
docs/evidence/s1/200-project-instructions-r2.md:46	final-v-roster.txt	bare-unresolvable
docs/evidence/s1/200-project-instructions-r2.md:46	start-cmdwisp-v.txt	bare-unresolvable
docs/evidence/s1/200-project-instructions-r2.md:46	final-cmdwisp-v.txt	bare-unresolvable
docs/evidence/s1/200-project-instructions-r2.md:79	run.go	bare-ambiguous
docs/evidence/s1/200-project-instructions-r2.md:81	run.go	bare-ambiguous
docs/evidence/s1/200-project-instructions-r2.md:90	run.go	bare-ambiguous
docs/evidence/s1/200-project-instructions-r2.md:142	panel.ts	bare-only-design-frontend
docs/evidence/s1/200-project-instructions-r2.md:149	subagent_197.go	bare-ambiguous
docs/evidence/s1/200-project-instructions-r2.md:149	subagent_197_test.go	bare-ambiguous
docs/evidence/s1/200-project-instructions-r2.md:154	attrib.sh	bare-ambiguous
docs/evidence/s1/200-project-instructions-r2.md:162	attrib.sh	bare-ambiguous
docs/evidence/s1/200-project-instructions-r2.md:163	gofumpt.exe	bare-unresolvable
docs/evidence/s1/200-project-instructions-r2.md:220	_test.go	bare-unresolvable
docs/evidence/s1/200-project-instructions-r2.md:251	panel.ts	bare-only-design-frontend
docs/evidence/s1/200-project-instructions-r2.md:298	run.go	bare-ambiguous
docs/evidence/s1/200-project-instructions-r2.md:301	run.go	bare-ambiguous
docs/evidence/s1/200-project-instructions-r2.md:312	attrib.sh	bare-ambiguous
docs/evidence/s1/200-project-instructions-r2.md:314	gofumpt.exe	bare-unresolvable
docs/evidence/s1/200-project-instructions-r2.md:315	run.go	bare-ambiguous
docs/evidence/s1/201-reply-listener-r1.md:29	_test.go	bare-unresolvable
docs/evidence/s1/201-reply-listener-r1.md:30	gate.go	bare-ambiguous
docs/evidence/s1/201-reply-listener-r1.md:32	_test.go	bare-unresolvable
docs/evidence/s1/201-reply-listener-r1.md:33	gate.go	bare-ambiguous
docs/evidence/s1/201-reply-listener-r2-verdict.md:25	gates-full.txt	bare-unresolvable
docs/evidence/s1/201-reply-listener-r2-verdict.md:67	_test.go	bare-unresolvable
docs/evidence/s1/201-reply-listener-r2-verdict.md:69	_test.go	bare-unresolvable
docs/evidence/s1/201-reply-listener-r2-verdict.md:73	pump.go	bare-ambiguous
docs/evidence/s1/201-reply-listener-r2-verdict.md:73	panel_pump.go	bare-ambiguous
docs/evidence/s1/201-reply-listener-r2-verdict.md:77	run.go	bare-ambiguous
docs/evidence/s1/201-reply-listener-r2-verdict.md:89	gate.go	bare-ambiguous
docs/evidence/s1/201-reply-listener-r2-verdict.md:90	run.go	bare-ambiguous
docs/evidence/s1/201-reply-listener-r2-verdict.md:92	_test.go	bare-unresolvable
docs/evidence/s1/201-reply-listener-r2-verdict.md:95	run.go	bare-ambiguous
docs/evidence/s1/201-reply-listener-r2-verdict.md:123	gate.go	bare-ambiguous
docs/evidence/s1/201-reply-listener-r2-verdict.md:142	run.go	bare-ambiguous
docs/evidence/s1/201-reply-listener-r2-verdict.md:147	config.toml	bare-unresolvable
docs/evidence/s1/201-reply-listener-r2-verdict.md:164	config.toml	bare-unresolvable
docs/evidence/s1/201-reply-listener-r2-verdict.md:168	config.toml	bare-unresolvable
docs/evidence/s1/201-reply-listener-r2-verdict.md:177	_test.go	bare-unresolvable
docs/evidence/s1/201-reply-listener-r2-verdict.md:190	run.go	bare-ambiguous
docs/evidence/s1/201-reply-listener-r2-verdict.md:191	run.go	bare-ambiguous
docs/evidence/s1/201-reply-listener-r2-verdict.md:208	run.go	bare-ambiguous
docs/evidence/s1/201-reply-listener-r2-verdict.md:214	main.go	bare-ambiguous
docs/evidence/s1/201-reply-listener-r2-verdict.md:214	run.go	bare-ambiguous
docs/evidence/s1/201-reply-listener-r2-verdict.md:223	main.go	bare-ambiguous
docs/evidence/s1/201-reply-listener-r2-verdict.md:253	config.toml	bare-unresolvable
docs/evidence/s1/201-reply-listener-r2-verdict.md:271	_test.go	bare-unresolvable
docs/evidence/s1/201-reply-listener-r2-verdict.md:271	migrate_test.go	bare-ambiguous
docs/evidence/s1/201-reply-listener-r2-verdict.md:273	main.go	bare-ambiguous
docs/evidence/s1/201-reply-listener-r2-verdict.md:286	run.go	bare-ambiguous
docs/evidence/s1/201-reply-listener-r2-verdict.md:324	run.go	bare-ambiguous
docs/evidence/s1/201-reply-listener-r2-verdict.md:326	run.go	bare-ambiguous
docs/evidence/s1/201-reply-listener-r2-verdict.md:343	main.go	bare-ambiguous
docs/evidence/s1/201-reply-listener-r2-verdict.md:346	run.go	bare-ambiguous
docs/evidence/s1/201-reply-listener-r2-verdict.md:371	gate.go	bare-ambiguous
docs/evidence/s1/201-reply-listener-r2-verdict.md:388	panel.mod	bare-unresolvable
docs/evidence/s1/201-reply-listener-r2-verdict.md:389	run.go	bare-ambiguous
docs/evidence/s1/201-reply-listener-r2-verdict.md:389	permission.mod	bare-unresolvable
docs/evidence/s1/201-reply-listener-r2-verdict.md:397	gates-full.txt	bare-unresolvable
docs/evidence/s1/201-reply-listener-r2-verdict.md:410	run.go	bare-ambiguous
docs/evidence/s1/201-reply-listener-r2-verdict.md:426	gates-full.txt	bare-unresolvable
docs/evidence/s1/201-reply-listener-r2.md:16	_test.go	bare-unresolvable
docs/evidence/s1/201-reply-listener-r2.md:17	go.mod	bare-ambiguous
docs/evidence/s1/201-reply-listener-r2.md:32	gate.go	bare-ambiguous
docs/evidence/s1/201-reply-listener-r2.md:35	config.toml	bare-unresolvable
docs/evidence/s1/201-reply-listener-r2.md:36	run.go	bare-ambiguous
docs/evidence/s1/201-reply-listener-r2.md:37	run.go	bare-ambiguous
docs/evidence/s1/201-reply-listener-r2.md:53	_201_test.go	bare-unresolvable
docs/evidence/s1/201-reply-listener-r2.md:65	config.toml	bare-unresolvable
docs/evidence/s1/201-reply-listener-r2.md:87	run.go	bare-ambiguous
docs/evidence/s1/201-reply-listener-r2.md:125	tokens.css	bare-only-design-frontend
docs/evidence/s1/201-reply-listener-r2.md:134	_test.go	bare-unresolvable
docs/evidence/s1/21-segment1-adversarial-acceptance.md:12	gate.go	bare-ambiguous
docs/evidence/s1/21-segment1-adversarial-acceptance.md:12	approval.go	bare-ambiguous
docs/evidence/s1/21-segment1-adversarial-acceptance.md:13	gate.go	bare-ambiguous
docs/evidence/s1/21-segment1-adversarial-acceptance.md:15	doc.go	bare-ambiguous
docs/evidence/s1/21-segment1-adversarial-acceptance.md:24	doc.go	bare-ambiguous
docs/evidence/s1/21-segment1-adversarial-acceptance.md:26	approval.go	bare-ambiguous
docs/evidence/s1/21-segment1-adversarial-acceptance.md:33	fs_write.go	bare-ambiguous
docs/evidence/s1/21-segment1-adversarial-acceptance.md:42	rt.ui.sh	bare-unresolvable
docs/evidence/s1/21-segment1-adversarial-acceptance.md:43	bridge.go	bare-ambiguous
docs/evidence/s1/21-segment1-adversarial-acceptance.md:43	loop.go	bare-ambiguous
docs/evidence/s1/21-segment1-adversarial-acceptance.md:46	bridge.go	bare-ambiguous
docs/evidence/s1/21-segment1-adversarial-acceptance.md:54	gate.go	bare-ambiguous
docs/evidence/s1/219-approval-reply-design-adversarial.md:22	gate.go	bare-ambiguous
docs/evidence/s1/219-approval-reply-design-adversarial.md:23	_test.go	bare-unresolvable
docs/evidence/s1/219-approval-reply-design-adversarial.md:23	schema.go	bare-ambiguous
docs/evidence/s1/219-approval-reply-design-adversarial.md:26	gate.go	bare-ambiguous
docs/evidence/s1/219-approval-reply-design-adversarial.md:28	schema.go	bare-ambiguous
docs/evidence/s1/219-approval-reply-design-adversarial.md:29	gate.go	bare-ambiguous
docs/evidence/s1/219-approval-reply-design-adversarial.md:47	store.go	bare-ambiguous
docs/evidence/s1/219-approval-reply-design-adversarial.md:47	run.go	bare-ambiguous
docs/evidence/s1/219-approval-reply-design-adversarial.md:83	config.toml	bare-unresolvable
docs/evidence/s1/219-approval-reply-design-adversarial.md:100	gate.go	bare-ambiguous
docs/evidence/s1/219-approval-reply-design-adversarial.md:104	schema.go	bare-ambiguous
docs/evidence/s1/219-approval-reply-design-adversarial.md:105	gate.go	bare-ambiguous
docs/evidence/s1/219-approval-reply-design-adversarial.md:115	gate.go	bare-ambiguous
docs/evidence/s1/219-approval-reply-design-adversarial.md:138	gate.go	bare-ambiguous
docs/evidence/s1/219-approval-reply-design-adversarial.md:142	gate.go	bare-ambiguous
docs/evidence/s1/219-approval-reply-design-adversarial.md:147	gate.go	bare-ambiguous
docs/evidence/s1/219-approval-reply-design-adversarial.md:192	run.go	bare-ambiguous
docs/evidence/s1/219-approval-reply-design-adversarial.md:203	run.go	bare-ambiguous
docs/evidence/s1/219-approval-reply-design-adversarial.md:203	gate.go	bare-ambiguous
docs/evidence/s1/219-approval-reply-surface-c1.md:32	gate.go	bare-ambiguous
docs/evidence/s1/219-approval-reply-surface-c1.md:32	bridge.go	bare-ambiguous
docs/evidence/s1/219-approval-reply-surface-c1.md:34	decider.go	bare-unresolvable
docs/evidence/s1/219-approval-reply-surface-c1.md:41	bridge.go	bare-ambiguous
docs/evidence/s1/219-approval-reply-surface-c1.md:42	bridge.go	bare-ambiguous
docs/evidence/s1/219-approval-reply-surface-c1.md:60	gate.go	bare-ambiguous
docs/evidence/s1/219-approval-reply-surface-c1.md:61	schema.go	bare-ambiguous
docs/evidence/s1/219-approval-reply-surface-c1.md:62	models.go	bare-ambiguous
docs/evidence/s1/219-approval-reply-surface-c1.md:63	run.go	bare-ambiguous
docs/evidence/s1/219-approval-reply-surface-c1.md:64	fs.go	bare-ambiguous
docs/evidence/s1/219-approval-reply-surface-c1.md:64	mode.go	bare-ambiguous
docs/evidence/s1/219-approval-reply-surface-c1.md:71	run.go	bare-ambiguous
docs/evidence/s1/219-approval-reply-surface-c1.md:72	run.go	bare-ambiguous
docs/evidence/s1/219-approval-reply-surface-c1.md:77	gate.go	bare-ambiguous
docs/evidence/s1/219-approval-reply-surface-c1.md:86	_test.go	bare-unresolvable
docs/evidence/s1/219-approval-reply-surface-c1.md:91	gate.go	bare-ambiguous
docs/evidence/s1/219-approval-reply-surface-c1.md:92	gate.go	bare-ambiguous
docs/evidence/s1/219-approval-reply-surface-c1.md:93	gate.go	bare-ambiguous
docs/evidence/s1/219-approval-reply-surface-c1.md:94	gate.go	bare-ambiguous
docs/evidence/s1/219-approval-reply-surface-c1.md:95	run.go	bare-ambiguous
docs/evidence/s1/219-approval-reply-surface-c1.md:118	gate.go	bare-ambiguous
docs/evidence/s1/219-approval-reply-surface-c1.md:119	doc.go	bare-ambiguous
docs/evidence/s1/219-approval-reply-surface-c1.md:126	gate.go	bare-ambiguous
docs/evidence/s1/219-approval-reply-surface-c1.md:131	g.log	bare-unresolvable
docs/evidence/s1/219-approval-reply-surface-c1.md:146	gate.go	bare-ambiguous
docs/evidence/s1/219-approval-reply-surface-c1.md:157	bridge.go	bare-ambiguous
docs/evidence/s1/219-approval-reply-surface-c1.md:158	bridge.go	bare-ambiguous
docs/evidence/s1/219-approval-reply-surface-c1.md:162	panel.mod	bare-unresolvable
docs/evidence/s1/219-approval-reply-surface-c1.md:177	run.go	bare-ambiguous
docs/evidence/s1/219-approval-reply-surface-c1.md:178	approval.go	bare-ambiguous
docs/evidence/s1/219-approval-reply-surface-c1.md:181	run.go	bare-ambiguous
docs/evidence/s1/219-approval-reply-surface-c1.md:197	_test.go	bare-unresolvable
docs/evidence/s1/219-approval-reply-surface-c1.md:198	_test.go	bare-unresolvable
docs/evidence/s1/219-approval-reply-surface-c1.md:198	models.go	bare-ambiguous
docs/evidence/s1/219-approval-reply-surface-c1.md:199	schema.go	bare-ambiguous
docs/evidence/s1/219-approval-reply-surface-c1.md:206	store.go	bare-ambiguous
docs/evidence/s1/219-approval-reply-surface-c1.md:213	config.toml	bare-unresolvable
docs/evidence/s1/219-approval-reply-surface-c1.md:215	store.go	bare-ambiguous
docs/evidence/s1/219-approval-reply-surface-c1.md:215	run.go	bare-ambiguous
docs/evidence/s1/219-approval-reply-surface-c1.md:216	schema.go	bare-ambiguous
docs/evidence/s1/219-approval-reply-surface-c1.md:220	config.toml	bare-unresolvable
docs/evidence/s1/219-approval-reply-surface-c1.md:250	models.go	bare-ambiguous
docs/evidence/s1/219-approval-reply-surface-c1.md:250	schema.go	bare-ambiguous
docs/evidence/s1/219-approval-reply-surface-c1.md:274	fs.go	bare-ambiguous
docs/evidence/s1/219-approval-reply-surface-c1.md:277	bridge.go	bare-ambiguous
docs/evidence/s1/219-approval-reply-surface-c1.md:277	task.go	bare-ambiguous
docs/evidence/s1/219-approval-reply-surface-c1.md:297	run.go	bare-ambiguous
docs/evidence/s1/219-approval-reply-surface-c1.md:336	panel.mod	bare-unresolvable
docs/evidence/s1/219-approval-reply-surface-c1.md:356	gate.go	bare-ambiguous
docs/evidence/s1/219-approval-reply-surface-c1.md:358	gate.go	bare-ambiguous
docs/evidence/s1/219-approval-reply-surface-c1.md:362	schema.go	bare-ambiguous
docs/evidence/s1/219-approval-reply-surface-c1.md:370	rt.spec.sink.log	bare-unresolvable
docs/evidence/s1/219-approval-reply-surface-c1.md:373	run.go	bare-ambiguous
docs/evidence/s1/219-approval-reply-surface-c1.md:374	run.go	bare-ambiguous
docs/evidence/s1/219-approval-reply-surface-c1.md:376	gate.go	bare-ambiguous
docs/evidence/s1/219-approval-reply-surface-c1.md:384	bridge.go	bare-ambiguous
docs/evidence/s1/219-approval-reply-surface-c1.md:399	index.ts	bare-unresolvable
docs/evidence/s1/219-approval-reply-surface-c1.md:399	invariant.ts	bare-unresolvable
docs/evidence/s1/219-approval-reply-surface-c1.md:399	locales.ts	bare-unresolvable
docs/evidence/s1/219-approval-reply-surface-c1.md:399	ApprovalPanel.tsx	bare-unresolvable
docs/evidence/s1/219-approval-reply-surface-c1.md:400	locales.ts	bare-unresolvable
docs/evidence/s1/219-approval-reply-surface-c1.md:401	ApprovalPanel.tsx	bare-unresolvable
docs/evidence/s1/219-approval-reply-surface-c1.md:411	permission.json	bare-unresolvable
docs/evidence/s1/219-approval-reply-surface-c1.md:411	types.ts	bare-unresolvable
docs/evidence/s1/219-approval-reply-surface-c1.md:412	rules.ts	bare-unresolvable
docs/evidence/s1/219-approval-reply-surface-c1.md:412	permission.json	bare-unresolvable
docs/evidence/s1/219-approval-reply-surface-c1.md:413	permission.json	bare-unresolvable
docs/evidence/s1/219-approval-reply-surface-c1.md:414	permission-picker.ts	bare-unresolvable
docs/evidence/s1/219-approval-reply-surface-c1.md:415	permission-picker.ts	bare-unresolvable
docs/evidence/s1/219-approval-reply-surface-c1.md:421	usePermissionResponse.ts	bare-unresolvable
docs/evidence/s1/219-approval-reply-surface-c1.md:422	PermissionCard.tsx	bare-unresolvable
docs/evidence/s1/219-approval-reply-surface-c1.md:422	permissionSummary.ts	bare-unresolvable
docs/evidence/s1/219-approval-reply-surface-c1.md:425	client.ts	bare-unresolvable
docs/evidence/s1/219-approval-reply-surface-c1.md:425	session-actions.ts	bare-unresolvable
docs/evidence/s1/219-approval-reply-surface-c1.md:425	usePermissionResponse.ts	bare-unresolvable
docs/evidence/s1/219-approval-reply-surface-c1.md:433	permissions.ts	bare-unresolvable
docs/evidence/s1/219-approval-reply-surface-c1.md:433	types.ts	bare-unresolvable
docs/evidence/s1/219-approval-reply-surface-c1.md:434	pi.js	bare-unresolvable
docs/evidence/s1/219-approval-reply-surface-c1.md:441	permission.json	bare-unresolvable
docs/evidence/s1/219-approval-reply-surface-c1.md:481	gate.go	bare-ambiguous
docs/evidence/s1/219-approval-reply-surface-c1.md:482	gate.go	bare-ambiguous
docs/evidence/s1/219-approval-reply-surface-c1.md:482	bridge.go	bare-ambiguous
docs/evidence/s1/219-approval-reply-surface-c1.md:490	run.go	bare-ambiguous
docs/evidence/s1/219-approval-reply-surface-c1.md:490	rt.spec.sink.log	bare-unresolvable
docs/evidence/s1/219-approval-reply-surface-c1.md:510	gate.go	bare-ambiguous
docs/evidence/s1/219-approval-reply-surface-c1.md:510	decider.go	bare-unresolvable
docs/evidence/s1/219-approval-reply-surface-c1.md:511	_test.go	bare-unresolvable
docs/evidence/s1/219-approval-reply-surface-c1.md:512	config.toml	bare-unresolvable
docs/evidence/s1/219-approval-reply-surface-c1.md:512	wisp.db	bare-unresolvable
docs/evidence/s1/219-approval-reply-surface-c1.md:512	store.go	bare-ambiguous
docs/evidence/s1/219-approval-reply-surface-c1.md:512	run.go	bare-ambiguous
docs/evidence/s1/219-approval-reply-surface-c1.md:519	main.go	bare-ambiguous
docs/evidence/s1/219-approval-reply-surface-c1.md:521	decider.go	bare-unresolvable
docs/evidence/s1/219-approval-reply-surface-c1.md:521	bridge.go	bare-ambiguous
docs/evidence/s1/219-approval-reply-surface-c1.md:521	gate.go	bare-ambiguous
docs/evidence/s1/219-approval-reply-surface-c1.md:523	run.go	bare-ambiguous
docs/evidence/s1/219-approval-reply-surface-c1.md:529	decider.go	bare-unresolvable
docs/evidence/s1/219-approval-reply-surface-c1.md:529	gate.go	bare-ambiguous
docs/evidence/s1/219-approval-reply-surface-c1.md:530	config.toml	bare-unresolvable
docs/evidence/s1/219-approval-reply-surface-c1.md:531	permission-picker.ts	bare-unresolvable
docs/evidence/s1/219-approval-reply-surface-c1.md:531	run.go	bare-ambiguous
docs/evidence/s1/219-approval-reply-surface-c1.md:537	gate.go	bare-ambiguous
docs/evidence/s1/219-approval-reply-surface-c1.md:537	decider.go	bare-unresolvable
docs/evidence/s1/219-approval-reply-surface-c1.md:539	bridge.go	bare-ambiguous
docs/evidence/s1/219-approval-reply-surface-c1.md:539	run.go	bare-ambiguous
docs/evidence/s1/219-approval-reply-surface-c1.md:539	gate.go	bare-ambiguous
docs/evidence/s1/219-approval-reply-surface-c1.md:539	schema.go	bare-ambiguous
docs/evidence/s1/219-approval-reply-surface-c1.md:540	interaction-flow.ts	bare-unresolvable
docs/evidence/s1/219-approval-reply-surface-c1.md:545	run.go	bare-ambiguous
docs/evidence/s1/219-approval-reply-surface-c1.md:546	decider.go	bare-unresolvable
docs/evidence/s1/219-approval-reply-surface-c1.md:562	go.mod	bare-ambiguous
docs/evidence/s1/219-approval-reply-surface-c1.md:588	bridge.go	bare-ambiguous
docs/evidence/s1/219-approval-reply-surface-c1.md:597	run.go	bare-ambiguous
docs/evidence/s1/219-approval-reply-surface-c1.md:597	gate.go	bare-ambiguous
docs/evidence/s1/219-approval-reply-surface-c1.md:601	gate.go	bare-ambiguous
docs/evidence/s1/219-approval-reply-surface-c1.md:601	main.go	bare-ambiguous
docs/evidence/s1/219-approval-reply-surface-c1.md:611	gate.go	bare-ambiguous
docs/evidence/s1/219-approval-reply-surface-c1.md:612	run.go	bare-ambiguous
docs/evidence/s1/219-approval-reply-surface-c1.md:619	run.go	bare-ambiguous
docs/evidence/s1/219-approval-reply-surface-c1.md:633	schema.go	bare-ambiguous
docs/evidence/s1/219-approval-reply-surface-c1.md:640	run.go	bare-ambiguous
docs/evidence/s1/219-approval-reply-surface-c1.md:649	schema.go	bare-ambiguous
docs/evidence/s1/219-approval-reply-surface-c1.md:655	bridge_test.go	bare-ambiguous
docs/evidence/s1/219-approval-reply-surface-c1.md:661	run.go	bare-ambiguous
docs/evidence/s1/219-approval-reply-surface-c1.md:683	run.go	bare-ambiguous
docs/evidence/s1/219-approval-reply-surface-c1.md:693	schema.go	bare-ambiguous
docs/evidence/s1/219-approval-reply-surface-c1.md:772	gate.go	bare-ambiguous
docs/evidence/s1/219-approval-reply-surface-c1.md:778	run.go	bare-ambiguous
docs/evidence/s1/219-approval-reply-surface-c1.md:779	run.go	bare-ambiguous
docs/evidence/s1/219-approval-reply-surface-c1.md:811	approval_reply_211_test.go	bare-unresolvable
docs/evidence/s1/221-task-cancel-v1.md:8	subagent_197.go	bare-ambiguous
docs/evidence/s1/221-task-cancel-v1.md:10	go.exe	bare-unresolvable
docs/evidence/s1/221-task-cancel-v1.md:19	task.go	bare-ambiguous
docs/evidence/s1/221-task-cancel-v1.md:24	run.go	bare-ambiguous
docs/evidence/s1/221-task-cancel-v1.md:56	.scratch/.../logs/t221-baseline.txt	ellipsis
docs/evidence/s1/221-task-cancel-v1.md:58	fs.go	bare-ambiguous
docs/evidence/s1/221-task-cancel-v1.md:58	fs_write.go	bare-ambiguous
docs/evidence/s1/221-task-cancel-v1.md:58	subagent_197.go	bare-ambiguous
docs/evidence/s1/221-task-cancel-v1.md:58	task.go	bare-ambiguous
docs/evidence/s1/221-task-cancel-v1.md:79	subagent_197.go	bare-ambiguous
docs/evidence/s1/221-task-cancel-v1.md:79	task.go	bare-ambiguous
docs/evidence/s1/221-task-cancel-v1.md:79	run.go	bare-ambiguous
docs/evidence/s1/221-task-cancel-v1.md:80	subagent_197.go	bare-ambiguous
docs/evidence/s1/221-task-cancel-v1.md:83	task.go	bare-ambiguous
docs/evidence/s1/221-task-cancel-v1.md:83	subagent_197.go	bare-ambiguous
docs/evidence/s1/221-task-cancel-v1.md:87	bridge.go	bare-ambiguous
docs/evidence/s1/221-task-cancel-v1.md:101	subagent_197.go	bare-ambiguous
docs/evidence/s1/221-task-cancel-v1.md:106	bridge.go	bare-ambiguous
docs/evidence/s1/221-task-cancel-v1.md:112	subagent_197.go	bare-ambiguous
docs/evidence/s1/221-task-cancel-v1.md:129	task.go	bare-ambiguous
docs/evidence/s1/221-task-cancel-v1.md:134	run.go	bare-ambiguous
docs/evidence/s1/221-task-cancel-v1.md:134	subagent_197.go	bare-ambiguous
docs/evidence/s1/221-task-cancel-v1.md:134	task.go	bare-ambiguous
docs/evidence/s1/221-task-cancel-v1.md:137	task.go	bare-ambiguous
docs/evidence/s1/221-task-cancel-v1.md:138	task.go	bare-ambiguous
docs/evidence/s1/221-task-cancel-v1.md:143	task.go	bare-ambiguous
docs/evidence/s1/221-task-cancel-v1.md:145	task.go	bare-ambiguous
docs/evidence/s1/221-task-cancel-v1.md:161	go.exe	bare-unresolvable
docs/evidence/s1/221-task-cancel-v1.md:168	tokens.css	bare-only-design-frontend
docs/evidence/s1/221-task-cancel-v1.md:171	recheck223-1..3.txt	bare-unresolvable
docs/evidence/s1/221-task-cancel-v1.md:183	subagent_197.go	bare-ambiguous
docs/evidence/s1/221-task-cancel-v1.md:186	subagent_197.go	bare-ambiguous
docs/evidence/s1/221-task-cancel-v1.md:191	subagent_197.go	bare-ambiguous
docs/evidence/s1/221-task-cancel-v1.md:193	subagent_197_test.go	bare-ambiguous
docs/evidence/s1/221-task-cancel-v1.md:237	subagent_197.go	bare-ambiguous
docs/evidence/s1/221-task-cancel-v1.md:241	task.go	bare-ambiguous
docs/evidence/s1/221-task-cancel-v1.md:245	_test.go	bare-unresolvable
docs/evidence/s1/221-task-cancel-v1.md:248	loop.go	bare-ambiguous
docs/evidence/s1/221-task-cancel-v1.md:264	go.exe	bare-unresolvable
docs/evidence/s1/221-task-cancel-v1.md:275	task.go	bare-ambiguous
docs/evidence/s1/222-spawn-holds-bridge-permit-v1.md:7	_test.go	bare-unresolvable
docs/evidence/s1/222-spawn-holds-bridge-permit-v1.md:14	baseline-tools-v.txt	bare-ambiguous
docs/evidence/s1/222-spawn-holds-bridge-permit-v1.md:31	subagent_222_test.go	bare-ambiguous
docs/evidence/s1/222-spawn-holds-bridge-permit-v1.md:33	bridge.go	bare-ambiguous
docs/evidence/s1/222-spawn-holds-bridge-permit-v1.md:35	subagent_222_test.go	bare-ambiguous
docs/evidence/s1/222-spawn-holds-bridge-permit-v1.md:42	subagent_197.go	bare-ambiguous
docs/evidence/s1/222-spawn-holds-bridge-permit-v1.md:42	subagent_222_test.go	bare-ambiguous
docs/evidence/s1/222-spawn-holds-bridge-permit-v1.md:48	subagent_197.go	bare-ambiguous
docs/evidence/s1/222-spawn-holds-bridge-permit-v1.md:53	bridge.go	bare-ambiguous
docs/evidence/s1/222-spawn-holds-bridge-permit-v1.md:53	subagent_197.go	bare-ambiguous
docs/evidence/s1/222-spawn-holds-bridge-permit-v1.md:53	subagent_222_test.go	bare-ambiguous
docs/evidence/s1/222-spawn-holds-bridge-permit-v1.md:53	subagent_197_test.go	bare-ambiguous
docs/evidence/s1/222-spawn-holds-bridge-permit-v1.md:71	bridge.go	bare-ambiguous
docs/evidence/s1/222-spawn-holds-bridge-permit-v1.md:78	bridge.go	bare-ambiguous
docs/evidence/s1/222-spawn-holds-bridge-permit-v1.md:79	bridge.go	bare-ambiguous
docs/evidence/s1/222-spawn-holds-bridge-permit-v1.md:81	subagent_222_test.go	bare-ambiguous
docs/evidence/s1/222-spawn-holds-bridge-permit-v1.md:82	subagent_222_test.go	bare-ambiguous
docs/evidence/s1/222-spawn-holds-bridge-permit-v1.md:88	subagent_197.go	bare-ambiguous
docs/evidence/s1/222-spawn-holds-bridge-permit-v1.md:89	bridge.go	bare-ambiguous
docs/evidence/s1/222-spawn-holds-bridge-permit-v1.md:90	bridge.go	bare-ambiguous
docs/evidence/s1/222-spawn-holds-bridge-permit-v1.md:93	subagent_197.go	bare-ambiguous
docs/evidence/s1/222-spawn-holds-bridge-permit-v1.md:120	subagent_197.go	bare-ambiguous
docs/evidence/s1/222-spawn-holds-bridge-permit-v1.md:120	bridge.go	bare-ambiguous
docs/evidence/s1/222-spawn-holds-bridge-permit-v1.md:121	subagent_197.go	bare-ambiguous
docs/evidence/s1/222-spawn-holds-bridge-permit-v1.md:121	bridge.go	bare-ambiguous
docs/evidence/s1/222-spawn-holds-bridge-permit-v1.md:124	subagent_197.go	bare-ambiguous
docs/evidence/s1/222-spawn-holds-bridge-permit-v1.md:127	subagent_222_test.go	bare-ambiguous
docs/evidence/s1/222-spawn-holds-bridge-permit-v1.md:138	bridge.go	bare-ambiguous
docs/evidence/s1/222-spawn-holds-bridge-permit-v1.md:180	subagent_197.go	bare-ambiguous
docs/evidence/s1/222-spawn-holds-bridge-permit-v1.md:181	_test.go	bare-unresolvable
docs/evidence/s1/222-spawn-holds-bridge-permit-v1.md:188	subagent_197.go	bare-ambiguous
docs/evidence/s1/222-spawn-holds-bridge-permit-v1.md:214	subagent_222_test.go	bare-ambiguous
docs/evidence/s1/222-spawn-holds-bridge-permit-v1.md:218	subagent_197_test.go	bare-ambiguous
docs/evidence/s1/222-spawn-holds-bridge-permit-v1.md:222	subagent_197.go	bare-ambiguous
docs/evidence/s1/222-spawn-holds-bridge-permit-v1.md:252	full-v.txt	bare-ambiguous
docs/evidence/s1/222-spawn-holds-bridge-permit-v1.md:253	full-v.txt	bare-ambiguous
docs/evidence/s1/222-spawn-holds-bridge-permit-v1.md:268	bridge.go	bare-ambiguous
docs/evidence/s1/222-spawn-holds-bridge-permit-v1.md:285	bridge.go	bare-ambiguous
docs/evidence/s1/222-spawn-holds-bridge-permit-v1.md:286	full-v.txt	bare-ambiguous
docs/evidence/s1/222-spawn-holds-bridge-permit-v1.md:288	subagent_197_test.go	bare-ambiguous
docs/evidence/s1/222-spawn-holds-bridge-permit-v1.md:290	subagent_197.go	bare-ambiguous
docs/evidence/s1/222-spawn-holds-bridge-permit-v1.md:307	bridge.go	bare-ambiguous
docs/evidence/s1/222-spawn-holds-bridge-permit-v1.md:308	subagent_197.go	bare-ambiguous
docs/evidence/s1/222-spawn-holds-bridge-permit-v1.md:308	task.go	bare-ambiguous
docs/evidence/s1/222-spawn-holds-bridge-permit-v1.md:309	subagent_197_test.go	bare-ambiguous
docs/evidence/s1/222-spawn-holds-bridge-permit-v1.md:317	_test.go	bare-unresolvable
docs/evidence/s1/222-spawn-holds-bridge-permit-v1.md:321	subagent_197_test.go	bare-ambiguous
docs/evidence/s1/222-spawn-holds-bridge-permit-v1.md:349	bridge.go	bare-ambiguous
docs/evidence/s1/222-spawn-holds-bridge-permit-v1.md:349	subagent_197.go	bare-ambiguous
docs/evidence/s1/222-spawn-holds-bridge-permit-v1.md:349	subagent_222_test.go	bare-ambiguous
docs/evidence/s1/222-spawn-holds-bridge-permit-v1.md:349	subagent_197_test.go	bare-ambiguous
docs/evidence/s1/222-spawn-permit-release-r1.md:15	bridge.go	bare-ambiguous
docs/evidence/s1/222-spawn-permit-release-r1.md:15	b.exe	bare-unresolvable
docs/evidence/s1/222-spawn-permit-release-r1.md:15	subagent_197.go	bare-ambiguous
docs/evidence/s1/222-spawn-permit-release-r1.md:16	subagent_197.go	bare-ambiguous
docs/evidence/s1/222-spawn-permit-release-r1.md:17	subagent_197.go	bare-ambiguous
docs/evidence/s1/222-spawn-permit-release-r1.md:18	subagent_197.go	bare-ambiguous
docs/evidence/s1/222-spawn-permit-release-r1.md:18	bridge.go	bare-ambiguous
docs/evidence/s1/222-spawn-permit-release-r1.md:21	bridge.go	bare-ambiguous
docs/evidence/s1/222-spawn-permit-release-r1.md:21	subagent_197.go	bare-ambiguous
docs/evidence/s1/222-spawn-permit-release-r1.md:23	subagent_197.go	bare-ambiguous
docs/evidence/s1/222-spawn-permit-release-r1.md:23	bridge.go	bare-ambiguous
docs/evidence/s1/222-spawn-permit-release-r1.md:47	subagent_222_test.go	bare-ambiguous
docs/evidence/s1/222-spawn-permit-release-r1.md:48	subagent_222_test.go	bare-ambiguous
docs/evidence/s1/222-spawn-permit-release-r1.md:49	subagent_222_test.go	bare-ambiguous
docs/evidence/s1/222-spawn-permit-release-r1.md:50	subagent_222_test.go	bare-ambiguous
docs/evidence/s1/222-spawn-permit-release-r1.md:51	subagent_222_test.go	bare-ambiguous
docs/evidence/s1/222-spawn-permit-release-r1.md:52	subagent_222_test.go	bare-ambiguous
docs/evidence/s1/222-spawn-permit-release-r1.md:76	bridge.go	bare-ambiguous
docs/evidence/s1/222-spawn-permit-release-r1.md:111	bridge.go	bare-ambiguous
docs/evidence/s1/222-spawn-permit-release-r1.md:111	subagent_197.go	bare-ambiguous
docs/evidence/s1/222-spawn-permit-release-r1.md:111	subagent_222_test.go	bare-ambiguous
docs/evidence/s1/222-spawn-permit-release-r1.md:112	_test.go	bare-unresolvable
docs/evidence/s1/222-spawn-permit-release-r1.md:115	tokens.css	bare-only-design-frontend
docs/evidence/s1/222-spawn-permit-release-r1.md:142	subagent_222_test.go	bare-ambiguous
docs/evidence/s1/222-spawn-permit-release-r1.md:144	bridge.go	bare-ambiguous
docs/evidence/s1/222-spawn-permit-release-r1.md:145	subagent_197.go	bare-ambiguous
docs/evidence/s1/222-spawn-permit-release-r1.md:151	subagent_197.go	bare-ambiguous
docs/evidence/s1/222-spawn-permit-release-r1.md:153	bridge.go	bare-ambiguous
docs/evidence/s1/222-spawn-permit-release-r1.md:160	bridge.go	bare-ambiguous
docs/evidence/s1/222-spawn-permit-release-r1.md:161	_test.go	bare-unresolvable
docs/evidence/s1/222-spawn-permit-release-r1.md:168	subagent_197_test.go	bare-ambiguous
docs/evidence/s1/223-hot-reload-wiring-r1.md:14	_test.go	bare-unresolvable
docs/evidence/s1/223-hot-reload-wiring-r1.md:16	_test.go	bare-unresolvable
docs/evidence/s1/223-hot-reload-wiring-r1.md:19	doc.go	bare-ambiguous
docs/evidence/s1/223-hot-reload-wiring-r1.md:28	_test.go	bare-unresolvable
docs/evidence/s1/223-hot-reload-wiring-r1.md:29	_test.go	bare-unresolvable
docs/evidence/s1/223-hot-reload-wiring-r1.md:42	permission.mod	bare-unresolvable
docs/evidence/s1/223-hot-reload-wiring-r1.md:62	rt.mod	bare-unresolvable
docs/evidence/s1/223-hot-reload-wiring-r1.md:81	config.toml	bare-unresolvable
docs/evidence/s1/223-hot-reload-wiring-r1.md:83	config.toml	bare-unresolvable
docs/evidence/s1/223-hot-reload-wiring-r1.md:84	config.toml	bare-unresolvable
docs/evidence/s1/223-hot-reload-wiring-r1.md:87	config.toml	bare-unresolvable
docs/evidence/s1/223-hot-reload-wiring-r1.md:87	migrate_test.go	bare-ambiguous
docs/evidence/s1/223-hot-reload-wiring-r1.md:110	run.go	bare-ambiguous
docs/evidence/s1/223-hot-reload-wiring-r1.md:129	schema.go	bare-ambiguous
docs/evidence/s1/223-hot-reload-wiring-r1.md:140	run.go	bare-ambiguous
docs/evidence/s1/223-hot-reload-wiring-r1.md:144	doc.go	bare-ambiguous
docs/evidence/s1/223-hot-reload-wiring-r2.md:69	hash-config_reload-baseline.txt	bare-ambiguous
docs/evidence/s1/223-hot-reload-wiring-r2.md:77	config.toml	bare-unresolvable
docs/evidence/s1/223-hot-reload-wiring-r2.md:78	config.toml	bare-unresolvable
docs/evidence/s1/223-hot-reload-wiring-r2.md:79	config.toml	bare-unresolvable
docs/evidence/s1/223-hot-reload-wiring-r2.md:80	migrate_test.go	bare-ambiguous
docs/evidence/s1/223-hot-reload-wiring-r2.md:89	config.toml	bare-unresolvable
docs/evidence/s1/223-hot-reload-wiring-r2.md:95	config.toml	bare-unresolvable
docs/evidence/s1/223-hot-reload-wiring-r2.md:96	config.toml	bare-unresolvable
docs/evidence/s1/223-hot-reload-wiring-r2.md:97	migrate_test.go	bare-ambiguous
docs/evidence/s1/223-hot-reload-wiring-r2.md:126	config.toml	bare-unresolvable
docs/evidence/s1/223-hot-reload-wiring-r2.md:134	migrate_test.go	bare-ambiguous
docs/evidence/s1/223-hot-reload-wiring-r2.md:142	_test.go	bare-unresolvable
docs/evidence/s1/223-hot-reload-wiring-r2.md:149	config.toml	bare-unresolvable
docs/evidence/s1/223-hot-reload-wiring-r2.md:176	gates-final.txt	bare-ambiguous
docs/evidence/s1/223-hot-reload-wiring-r2.md:186	config.toml	bare-unresolvable
docs/evidence/s1/223-hot-reload-wiring-r2.md:187	config.toml	bare-unresolvable
docs/evidence/s1/223-hot-reload-wiring-r2.md:189	migrate_test.go	bare-ambiguous
docs/evidence/s1/223-hot-reload-wiring-r2.md:191	_test.go	bare-unresolvable
docs/evidence/s1/223-hot-reload-wiring-r2.md:191	gates-final.txt	bare-ambiguous
docs/evidence/s1/223-hot-reload-wiring-v1.md:18	full-v.txt	bare-ambiguous
docs/evidence/s1/223-hot-reload-wiring-v1.md:30	_test.go	bare-unresolvable
docs/evidence/s1/223-hot-reload-wiring-v1.md:31	_test.go	bare-unresolvable
docs/evidence/s1/223-hot-reload-wiring-v1.md:32	_test.go	bare-unresolvable
docs/evidence/s1/223-hot-reload-wiring-v1.md:33	_test.go	bare-unresolvable
docs/evidence/s1/223-hot-reload-wiring-v1.md:34	_test.go	bare-unresolvable
docs/evidence/s1/223-hot-reload-wiring-v1.md:43	_test.go	bare-unresolvable
docs/evidence/s1/223-hot-reload-wiring-v1.md:45	run.go	bare-ambiguous
docs/evidence/s1/223-hot-reload-wiring-v1.md:47	_test.go	bare-unresolvable
docs/evidence/s1/223-hot-reload-wiring-v1.md:49	full-v.txt	bare-ambiguous
docs/evidence/s1/223-hot-reload-wiring-v1.md:50	run.go	bare-ambiguous
docs/evidence/s1/223-hot-reload-wiring-v1.md:52	run.go	bare-ambiguous
docs/evidence/s1/223-hot-reload-wiring-v1.md:57	_test.go	bare-unresolvable
docs/evidence/s1/223-hot-reload-wiring-v1.md:58	rt.mod	bare-unresolvable
docs/evidence/s1/223-hot-reload-wiring-v1.md:60	_test.go	bare-unresolvable
docs/evidence/s1/223-hot-reload-wiring-v1.md:85	go.exe	bare-unresolvable
docs/evidence/s1/223-hot-reload-wiring-v1.md:85	test.exe	bare-unresolvable
docs/evidence/s1/223-hot-reload-wiring-v1.md:121	_223_test.go	bare-unresolvable
docs/evidence/s1/223-hot-reload-wiring-v1.md:137	run.go	bare-ambiguous
docs/evidence/s1/223-hot-reload-wiring-v1.md:142	overlay.json	bare-ambiguous
docs/evidence/s1/223-hot-reload-wiring-v1.md:144	config.toml	bare-unresolvable
docs/evidence/s1/223-hot-reload-wiring-v1.md:145	config.toml	bare-unresolvable
docs/evidence/s1/223-hot-reload-wiring-v1.md:146	config.toml	bare-unresolvable
docs/evidence/s1/223-hot-reload-wiring-v1.md:154	config.toml	bare-unresolvable
docs/evidence/s1/223-hot-reload-wiring-v1.md:155	migrate_test.go	bare-ambiguous
docs/evidence/s1/223-hot-reload-wiring-v1.md:171	_test.go	bare-unresolvable
docs/evidence/s1/223-hot-reload-wiring-v1.md:172	_test.go	bare-unresolvable
docs/evidence/s1/223-hot-reload-wiring-v1.md:183	config.toml	bare-unresolvable
docs/evidence/s1/223-hot-reload-wiring-v1.md:194	.scratch/wisp/issues/227-...md	ellipsis
docs/evidence/s1/223-hot-reload-wiring-v1.md:198	config.toml	bare-unresolvable
docs/evidence/s1/223-hot-reload-wiring-v1.md:199	config.toml	bare-unresolvable
docs/evidence/s1/223-hot-reload-wiring-v1.md:200	migrate_test.go	bare-ambiguous
docs/evidence/s1/223-hot-reload-wiring-v1.md:201	full-v.txt	bare-ambiguous
docs/evidence/s1/223-hot-reload-wiring-v1.md:205	223-...-r1.md	ellipsis
docs/evidence/s1/223-hot-reload-wiring-v1.md:205	full-v.txt	bare-ambiguous
docs/evidence/s1/223-hot-reload-wiring-v1.md:206	mutation-m1-gut-wiring.txt	bare-unresolvable
docs/evidence/s1/223-hot-reload-wiring-v1.md:206	mutation-m2-no-confirm-hook.txt	bare-unresolvable
docs/evidence/s1/223-hot-reload-wiring-v1.md:207	run.go	bare-ambiguous
docs/evidence/s1/223-hot-reload-wiring-v1.md:213	_test.go	bare-unresolvable
docs/evidence/s1/223-hot-reload-wiring-v1.md:214	_223_test.go	bare-unresolvable
docs/evidence/s1/223-hot-reload-wiring-v1.md:219	full-v.txt	bare-ambiguous
docs/evidence/s1/223-hot-reload-wiring-v1.md:222	run.go	bare-ambiguous
docs/evidence/s1/223-hot-reload-wiring-v1.md:234	full-v.txt	bare-ambiguous
docs/evidence/s1/223-hot-reload-wiring-v1.md:241	_test.go	bare-unresolvable
docs/evidence/s1/223-hot-reload-wiring-v1.md:250	full-v.txt	bare-ambiguous
docs/evidence/s1/223-hot-reload-wiring-v2.md:19	full-v.txt	bare-ambiguous
docs/evidence/s1/223-hot-reload-wiring-v2.md:33	_test.go	bare-unresolvable
docs/evidence/s1/223-hot-reload-wiring-v2.md:34	_test.go	bare-unresolvable
docs/evidence/s1/223-hot-reload-wiring-v2.md:43	full-v.txt	bare-ambiguous
docs/evidence/s1/223-hot-reload-wiring-v2.md:61	full-v.txt	bare-ambiguous
docs/evidence/s1/223-hot-reload-wiring-v2.md:62	_test.go	bare-unresolvable
docs/evidence/s1/223-hot-reload-wiring-v2.md:62	full-v.txt	bare-ambiguous
docs/evidence/s1/223-hot-reload-wiring-v2.md:79	full-v.txt	bare-ambiguous
docs/evidence/s1/223-hot-reload-wiring-v2.md:80	full-v.txt	bare-ambiguous
docs/evidence/s1/223-hot-reload-wiring-v2.md:101	hash-config_reload-baseline.txt	bare-ambiguous
docs/evidence/s1/223-hot-reload-wiring-v2.md:153	config.toml	bare-unresolvable
docs/evidence/s1/223-hot-reload-wiring-v2.md:172	config.toml	bare-unresolvable
docs/evidence/s1/223-hot-reload-wiring-v2.md:177	overlay.json	bare-ambiguous
docs/evidence/s1/223-hot-reload-wiring-v2.md:183	config.toml	bare-unresolvable
docs/evidence/s1/223-hot-reload-wiring-v2.md:184	config.toml	bare-unresolvable
docs/evidence/s1/223-hot-reload-wiring-v2.md:188	config.toml	bare-unresolvable
docs/evidence/s1/223-hot-reload-wiring-v2.md:189	config.toml	bare-unresolvable
docs/evidence/s1/223-hot-reload-wiring-v2.md:193	config.toml	bare-unresolvable
docs/evidence/s1/223-hot-reload-wiring-v2.md:194	config.toml	bare-unresolvable
docs/evidence/s1/223-hot-reload-wiring-v2.md:199	config.toml	bare-unresolvable
docs/evidence/s1/223-hot-reload-wiring-v2.md:200	config.toml	bare-unresolvable
docs/evidence/s1/223-hot-reload-wiring-v2.md:203	config.toml	bare-unresolvable
docs/evidence/s1/223-hot-reload-wiring-v2.md:209	config.toml	bare-unresolvable
docs/evidence/s1/223-hot-reload-wiring-v2.md:213	config.toml	bare-unresolvable
docs/evidence/s1/223-hot-reload-wiring-v2.md:217	config.toml	bare-unresolvable
docs/evidence/s1/223-hot-reload-wiring-v2.md:225	run.go	bare-ambiguous
docs/evidence/s1/223-hot-reload-wiring-v2.md:226	_test.go	bare-unresolvable
docs/evidence/s1/223-hot-reload-wiring-v2.md:261	full-v.txt	bare-ambiguous
docs/evidence/s1/223-hot-reload-wiring-v2.md:263	hash-config_reload-baseline.txt	bare-ambiguous
docs/evidence/s1/223-hot-reload-wiring-v2.md:271	/overlay.json	root-ambiguous
docs/evidence/s1/223-hot-reload-wiring-v2.md:275	_test.go	bare-unresolvable
docs/evidence/s1/223-hot-reload-wiring-v2.md:282	full-v.txt	bare-ambiguous
docs/evidence/s1/223-hot-reload-wiring-v2.md:289	config.toml	bare-unresolvable
docs/evidence/s1/223-hot-reload-wiring-v2.md:290	config.toml	bare-unresolvable
docs/evidence/s1/224-r2-progress.md:99	bridge.go	bare-ambiguous
docs/evidence/s1/224-r2-progress.md:209	notes.txt	bare-unresolvable
docs/evidence/s1/224-r2-progress.md:237	c.txt	bare-unresolvable
docs/evidence/s1/224-r2-progress.md:237	abc.txt	bare-unresolvable
docs/evidence/s1/224-r2-progress.md:247	gate.go	bare-ambiguous
docs/evidence/s1/224-r2-progress.md:247	bridge.go	bare-ambiguous
docs/evidence/s1/224-r2-progress.md:272	bridge.go	bare-ambiguous
docs/evidence/s1/224-session-grant-v1.md:67	overlay.json	bare-ambiguous
docs/evidence/s1/224-session-grant-v1.md:100	gate.go	bare-ambiguous
docs/evidence/s1/224-session-grant-v1.md:101	gate.go	bare-ambiguous
docs/evidence/s1/224-session-grant-v1.md:123	bridge.go	bare-ambiguous
docs/evidence/s1/224-session-grant-v1.md:124	bridge.go	bare-ambiguous
docs/evidence/s1/224-session-grant-v1.md:199	gate.go	bare-ambiguous
docs/evidence/s1/224-session-grant-v1.md:208	gate.go	bare-ambiguous
docs/evidence/s1/224-session-grant-v1.md:224	wisp.db	bare-unresolvable
docs/evidence/s1/224-session-grant-v2.md:56	gate.go	bare-ambiguous
docs/evidence/s1/224-session-grant-v2.md:72	remembered-by-a-click.txt	bare-unresolvable
docs/evidence/s1/224-session-grant-v2.md:112	gate.go	bare-ambiguous
docs/evidence/s1/224-session-grant-v2.md:185	wisp.exe	bare-unresolvable
docs/evidence/s1/224-session-grant-v2.md:188	config.toml	bare-unresolvable
docs/evidence/s1/224-session-grant-v2.md:253	notes.txt	bare-unresolvable
docs/evidence/s1/224-session-grant-v2.md:253	c.txt	bare-unresolvable
docs/evidence/s1/224-session-grant-v2.md:253	abc.txt	bare-unresolvable
docs/evidence/s1/224-session-grant-v2.md:264	remembered-by-a-click.txt	bare-unresolvable
docs/evidence/s1/224-session-grant-v2.md:269	overlay.json	bare-ambiguous
docs/evidence/s1/224-session-grant-v2.md:274	todo.txt	bare-unresolvable
docs/evidence/s1/224-session-grant-v2.md:279	new.txt	bare-unresolvable
docs/evidence/s1/224-session-grant-v2.md:280	new.txt	bare-unresolvable
docs/evidence/s1/224-session-grant-v2.md:300	c.txt	bare-unresolvable
docs/evidence/s1/224-session-grant-v2.md:300	/work/abc.txt	root-ambiguous
docs/evidence/s1/224-session-grant-v2.md:348	gate.txt	bare-ambiguous
docs/evidence/s1/224-session-grant-v2.md:349	balldebug.exe	bare-unresolvable
docs/evidence/s1/224-session-grant-v2.md:381	gate.go	bare-ambiguous
docs/evidence/s1/224-session-grant-v2.md:398	new.txt	bare-unresolvable
docs/evidence/s1/224-session-grant-v2.md:416	overlay.json	bare-ambiguous
docs/evidence/s1/224-session-grant-v2.md:417	gate.txt	bare-ambiguous
docs/evidence/s1/224-session-grant-v2.md:417	posctrl.go	bare-unresolvable
docs/evidence/s1/224-session-grant-v2.md:424	gate.go	bare-ambiguous
docs/evidence/s1/225-deferred-registry-audit.md:18	_test.go	bare-unresolvable
docs/evidence/s1/225-deferred-registry-audit.md:47	doc.go	bare-ambiguous
docs/evidence/s1/225-deferred-registry-audit.md:68	loop.go	bare-ambiguous
docs/evidence/s1/225-deferred-registry-audit.md:225	doc.go	bare-ambiguous
docs/evidence/s1/225-deferred-registry-audit.md:239	doc.go	bare-ambiguous
docs/evidence/s1/225-deferred-registry-audit.md:277	_test.go	bare-unresolvable
docs/evidence/s1/225-deferred-registry-audit.md:318	taintmatch.go	bare-ambiguous
docs/evidence/s1/225-deferred-registry-audit.md:337	doc.go	bare-ambiguous
docs/evidence/s1/226-config-write-no-clobber-r1.md:1	config.toml	bare-unresolvable
docs/evidence/s1/226-config-write-no-clobber-r1.md:38	_test.go	bare-unresolvable
docs/evidence/s1/226-config-write-no-clobber-r1.md:55	gofumpt.exe	bare-unresolvable
docs/evidence/s1/226-config-write-no-clobber-r1.md:56	d22scan.txt	bare-ambiguous
docs/evidence/s1/226-config-write-no-clobber-r1.md:121	config.toml	bare-unresolvable
docs/evidence/s1/226-config-write-no-clobber-r1.md:129	subagent_197.go	bare-ambiguous
docs/evidence/s1/226-config-write-no-clobber-r1.md:129	subagent_222_test.go	bare-ambiguous
docs/evidence/s1/226-config-write-no-clobber-v2.md:1	config.toml	bare-unresolvable
docs/evidence/s1/226-config-write-no-clobber-v2.md:5	/main.go	root-ambiguous
docs/evidence/s1/226-config-write-no-clobber-v2.md:41	head-writeguard_226_test.go	bare-unresolvable
docs/evidence/s1/226-config-write-no-clobber-v2.md:41	/main.go	root-ambiguous
docs/evidence/s1/226-config-write-no-clobber-v2.md:45	g0-config-perm-v.txt	bare-unresolvable
docs/evidence/s1/226-config-write-no-clobber-v2.md:46	a1-config-mutated.txt	bare-unresolvable
docs/evidence/s1/226-config-write-no-clobber-v2.md:47	a1-cmdwisp-mutated.txt	bare-unresolvable
docs/evidence/s1/226-config-write-no-clobber-v2.md:48	a1b-cmdwisp-control.txt	bare-unresolvable
docs/evidence/s1/226-config-write-no-clobber-v2.md:49	a2-config-permmode-mutated.txt	bare-unresolvable
docs/evidence/s1/226-config-write-no-clobber-v2.md:50	a3-config-unconditional-adopt.txt	bare-unresolvable
docs/evidence/s1/226-config-write-no-clobber-v2.md:51	a4-control-as-shipped.txt	bare-unresolvable
docs/evidence/s1/226-config-write-no-clobber-v2.md:52	a4-control-inverted.txt	bare-unresolvable
docs/evidence/s1/226-config-write-no-clobber-v2.md:53	b-probe-deleted-lines.txt	bare-unresolvable
docs/evidence/s1/226-config-write-no-clobber-v2.md:54	b2-probe-deleted-shapes.txt	bare-unresolvable
docs/evidence/s1/226-config-write-no-clobber-v2.md:55	b3-probe-adopt-and-migrate.txt	bare-unresolvable
docs/evidence/s1/226-config-write-no-clobber-v2.md:56	b4-probe-migration-inside-read.txt	bare-unresolvable
docs/evidence/s1/226-config-write-no-clobber-v2.md:56	config.toml	bare-unresolvable
docs/evidence/s1/226-config-write-no-clobber-v2.md:57	b5-probe-refused-write-migrates.txt	bare-unresolvable
docs/evidence/s1/226-config-write-no-clobber-v2.md:58	b6-probe-nothing-written-branch.txt	bare-unresolvable
docs/evidence/s1/226-config-write-no-clobber-v2.md:59	c1-relative-hop-check-removed.txt	bare-unresolvable
docs/evidence/s1/226-config-write-no-clobber-v2.md:60	c2-rollback-and-sethop-removed.txt	bare-unresolvable
docs/evidence/s1/226-config-write-no-clobber-v2.md:61	c3-permmode-rollback-removed.txt	bare-unresolvable
docs/evidence/s1/226-config-write-no-clobber-v2.md:62	c-seed-relative-hop-removed.txt	bare-unresolvable
docs/evidence/s1/226-config-write-no-clobber-v2.md:63	c-seed-rollback-removed.txt	bare-unresolvable
docs/evidence/s1/226-config-write-no-clobber-v2.md:64	c-seed-permmode-rollback-removed.txt	bare-unresolvable
docs/evidence/s1/226-config-write-no-clobber-v2.md:65	d-probe-d36-adopt-bypass.txt	bare-unresolvable
docs/evidence/s1/226-config-write-no-clobber-v2.md:66	f-full-suite.txt	bare-unresolvable
docs/evidence/s1/226-config-write-no-clobber-v2.md:67	f2-full-suite-terminal.txt	bare-unresolvable
docs/evidence/s1/226-config-write-no-clobber-v2.md:68	f3-full-suite-final.txt	bare-unresolvable
docs/evidence/s1/226-config-write-no-clobber-v2.md:69	f-d22scan.txt	bare-unresolvable
docs/evidence/s1/226-config-write-no-clobber-v2.md:70	head-writeguard_226_test.go	bare-unresolvable
docs/evidence/s1/226-config-write-no-clobber-v2.md:94	a3-config-unconditional-adopt.txt	bare-unresolvable
docs/evidence/s1/226-config-write-no-clobber-v2.md:103	/main.go	root-ambiguous
docs/evidence/s1/226-config-write-no-clobber-v2.md:112	a1-config-mutated.txt	bare-unresolvable
docs/evidence/s1/226-config-write-no-clobber-v2.md:112	a1-cmdwisp-mutated.txt	bare-unresolvable
docs/evidence/s1/226-config-write-no-clobber-v2.md:112	a4-control-inverted.txt	bare-unresolvable
docs/evidence/s1/226-config-write-no-clobber-v2.md:116	a1-config-mutated.txt	bare-unresolvable
docs/evidence/s1/226-config-write-no-clobber-v2.md:117	b4-probe-migration-inside-read.txt	bare-unresolvable
docs/evidence/s1/226-config-write-no-clobber-v2.md:117	b6-probe-nothing-written-branch.txt	bare-unresolvable
docs/evidence/s1/226-config-write-no-clobber-v2.md:117	config.toml	bare-unresolvable
docs/evidence/s1/226-config-write-no-clobber-v2.md:120	a3-config-unconditional-adopt.txt	bare-unresolvable
docs/evidence/s1/226-config-write-no-clobber-v2.md:120	d-probe-d36-adopt-bypass.txt	bare-unresolvable
docs/evidence/s1/226-config-write-no-clobber-v2.md:123	a2-config-permmode-mutated.txt	bare-unresolvable
docs/evidence/s1/226-config-write-no-clobber-v2.md:123	c3-permmode-rollback-removed.txt	bare-unresolvable
docs/evidence/s1/226-config-write-no-clobber-v2.md:126	a1-config-mutated.txt	bare-unresolvable
docs/evidence/s1/226-config-write-no-clobber-v2.md:130	f-d22scan.txt	bare-unresolvable
docs/evidence/s1/226-config-write-no-clobber-v2.md:136	/main.go	root-ambiguous
docs/evidence/s1/226-config-write-no-clobber-v2.md:138	config.toml	bare-unresolvable
docs/evidence/s1/226-config-write-no-clobber-v2.md:140	b-probe-deleted-lines.txt	bare-unresolvable
docs/evidence/s1/226-config-write-no-clobber-v2.md:141	b2-probe-deleted-shapes.txt	bare-unresolvable
docs/evidence/s1/226-config-write-no-clobber-v2.md:151	_test.go	bare-unresolvable
docs/evidence/s1/226-config-write-no-clobber-v2.md:160	a1-config-mutated.txt	bare-unresolvable
docs/evidence/s1/226-config-write-no-clobber-v2.md:162	b4-probe-migration-inside-read.txt	bare-unresolvable
docs/evidence/s1/226-config-write-no-clobber-v2.md:162	b6-probe-nothing-written-branch.txt	bare-unresolvable
docs/evidence/s1/226-config-write-no-clobber-v2.md:162	config.toml	bare-unresolvable
docs/evidence/s1/226-config-write-no-clobber-v2.md:163	a4-control-inverted.txt	bare-unresolvable
docs/evidence/s1/226-config-write-no-clobber-v2.md:165	doc.go	bare-ambiguous
docs/evidence/s1/226-config-write-no-clobber-v2.md:169	/main.go	root-ambiguous
docs/evidence/s1/226-config-write-no-clobber-v2.md:169	head-writeguard_226_test.go	bare-unresolvable
docs/evidence/s1/226-config-write-no-clobber-v2.md:178	/main.go	root-ambiguous
docs/evidence/s1/226-config-write-no-clobber-v2.md:180	f-d22scan.txt	bare-unresolvable
docs/evidence/s1/226-config-write-no-clobber-v2.md:181	schema.go	bare-ambiguous
docs/evidence/s1/228-resident-ball-v1.md:13	_test.go	bare-unresolvable
docs/evidence/s1/228-resident-ball-v1.md:13	wisp.exe	bare-unresolvable
docs/evidence/s1/228-resident-ball-v1.md:14	main.go	bare-ambiguous
docs/evidence/s1/228-resident-ball-v1.md:52	wisp.exe	bare-unresolvable
docs/evidence/s1/228-resident-ball-v1.md:62	go.mod	bare-ambiguous
docs/evidence/s1/228-resident-ball-v1.md:62	go.sum	bare-ambiguous
docs/evidence/s1/228-resident-ball-v1.md:63	_test.go	bare-unresolvable
docs/evidence/s1/228-resident-ball-v1.md:68	run.go	bare-ambiguous
docs/evidence/s1/228-resident-ball-v1.md:104	main.go	bare-ambiguous
docs/evidence/s1/228-resident-ball-v1.md:106	main.go	bare-ambiguous
docs/evidence/s1/228-resident-ball-v1.md:134	go.mod	bare-ambiguous
docs/evidence/s1/228-resident-ball-v1.md:134	wisp.exe	bare-unresolvable
docs/evidence/s1/228-resident-ball-v1.md:177	balldebug.exe	bare-unresolvable
docs/evidence/s1/228-resident-ball-v1.md:177	wisp.exe	bare-unresolvable
docs/evidence/s1/228-resident-ball-v1.md:309	balldebug.exe	bare-unresolvable
docs/evidence/s1/228-resident-ball-v1.md:309	wisp.exe	bare-unresolvable
docs/evidence/s1/228-resident-ball-v1.md:339	balldebug.exe	bare-unresolvable
docs/evidence/s1/228-resident-ball-v1.md:339	wisp.exe	bare-unresolvable
docs/evidence/s1/228-resident-ball-v1.md:343	go.mod	bare-ambiguous
docs/evidence/s1/228-resident-ball-v1.md:343	main.go	bare-ambiguous
docs/evidence/s1/235-pool-nail-and-bridge-preread-v1.md:36	subagent_197_test.go	bare-ambiguous
docs/evidence/s1/235-pool-nail-and-bridge-preread-v1.md:36	bridge.go	bare-ambiguous
docs/evidence/s1/235-pool-nail-and-bridge-preread-v1.md:41	subagent_197.go	bare-ambiguous
docs/evidence/s1/235-pool-nail-and-bridge-preread-v1.md:42	bridge.go	bare-ambiguous
docs/evidence/s1/235-pool-nail-and-bridge-preread-v1.md:42	subagent_197.go	bare-ambiguous
docs/evidence/s1/235-pool-nail-and-bridge-preread-v1.md:49	subagent_222_test.go	bare-ambiguous
docs/evidence/s1/235-pool-nail-and-bridge-preread-v1.md:57	v1.md	bare-unresolvable
docs/evidence/s1/235-pool-nail-and-bridge-preread-v1.md:70	subagent_222_test.go	bare-ambiguous
docs/evidence/s1/235-pool-nail-and-bridge-preread-v1.md:79	subagent_197.go	bare-ambiguous
docs/evidence/s1/235-pool-nail-and-bridge-preread-v1.md:113	subagent_222_test.go	bare-ambiguous
docs/evidence/s1/235-pool-nail-and-bridge-preread-v1.md:165	head-tools-v.txt	bare-ambiguous
docs/evidence/s1/235-pool-nail-and-bridge-preread-v1.md:166	_test.go	bare-unresolvable
docs/evidence/s1/235-pool-nail-and-bridge-preread-v1.md:170	_test.go	bare-unresolvable
docs/evidence/s1/235-pool-nail-and-bridge-preread-v1.md:176	subagent_222_test.go	bare-ambiguous
docs/evidence/s1/235-pool-nail-and-bridge-preread-v1.md:184	subagent_197.go	bare-ambiguous
docs/evidence/s1/235-pool-nail-and-bridge-preread-v1.md:220	_test.go	bare-unresolvable
docs/evidence/s1/235-pool-nail-and-bridge-preread-v1.md:227	subagent_197.go	bare-ambiguous
docs/evidence/s1/235-pool-nail-and-bridge-preread-v1.md:236	subagent_197.go	bare-ambiguous
docs/evidence/s1/239-ball-square-fix-v1.md:32	balldebug.exe	bare-unresolvable
docs/evidence/s1/239-ball-square-fix-v1.md:48	balldebug.exe	bare-unresolvable
docs/evidence/s1/239-ball-square-fix-v1.md:61	overlay-m3.json	bare-ambiguous
docs/evidence/s1/241-audio-level-producer-r1.md:19	balldebug.exe	bare-unresolvable
docs/evidence/s1/241-audio-level-producer-r1.md:92	balldebug.exe	bare-unresolvable
docs/evidence/s1/241-audio-level-producer-v1.md:21	balldebug.exe	bare-unresolvable
docs/evidence/s1/241-audio-level-producer-v1.md:44	_test.go	bare-unresolvable
docs/evidence/s1/241-audio-level-producer-v1.md:141	_test.go	bare-unresolvable
docs/evidence/s1/241-audio-level-producer-v1.md:493	d22scan.exe	bare-unresolvable
docs/evidence/s1/241-audio-level-producer-v1.md:493	main.go	bare-ambiguous
docs/evidence/s1/241-audio-level-producer-v1.md:494	balldebug.exe	bare-unresolvable
docs/evidence/s1/241-audio-level-producer-v1.md:507	balldebug.exe	bare-unresolvable
docs/evidence/s1/241-audio-level-producer-v1.md:517	balldebug.exe	bare-unresolvable
docs/evidence/s1/241-audio-level-producer-v1.md:562	gate.go	bare-ambiguous
docs/evidence/s1/242-grant-binding-v1.md:25	approval.go	bare-ambiguous
docs/evidence/s1/242-grant-binding-v1.md:39	approval.go	bare-ambiguous
docs/evidence/s1/242-grant-binding-v1.md:54	approval.go	bare-ambiguous
docs/evidence/s1/242-grant-binding-v1.md:78	_test.go	bare-unresolvable
docs/evidence/s1/242-grant-binding-v1.md:81	gate.go	bare-ambiguous
docs/evidence/s1/242-grant-binding-v1.md:84	approval.go	bare-ambiguous
docs/evidence/s1/242-grant-binding-v1.md:84	gate.go	bare-ambiguous
docs/evidence/s1/242-grant-binding-v1.md:118	approval.go	bare-ambiguous
docs/evidence/s1/242-grant-binding-v1.md:119	m-b.txt	bare-unresolvable
docs/evidence/s1/242-grant-binding-v1.md:120	m-c1.txt	bare-unresolvable
docs/evidence/s1/242-grant-binding-v1.md:122	approval.go	bare-ambiguous
docs/evidence/s1/242-grant-binding-v1.md:122	m-c3.txt	bare-unresolvable
docs/evidence/s1/242-grant-binding-v1.md:124	m-d2.txt	bare-unresolvable
docs/evidence/s1/242-grant-binding-v1.md:125	gate.go	bare-ambiguous
docs/evidence/s1/242-grant-binding-v1.md:125	m-e.txt	bare-unresolvable
docs/evidence/s1/242-grant-binding-v1.md:126	approval.go	bare-ambiguous
docs/evidence/s1/242-grant-binding-v1.md:130	approval.go	bare-ambiguous
docs/evidence/s1/242-grant-binding-v1.md:130	gate.go	bare-ambiguous
docs/evidence/s1/242-grant-binding-v1.md:132	m-a2.txt	bare-unresolvable
docs/evidence/s1/242-grant-binding-v1.md:132	m-b.txt	bare-unresolvable
docs/evidence/s1/242-grant-binding-v1.md:132	m-c1.txt	bare-unresolvable
docs/evidence/s1/242-grant-binding-v1.md:132	m-c2.txt	bare-unresolvable
docs/evidence/s1/242-grant-binding-v1.md:132	m-c3.txt	bare-unresolvable
docs/evidence/s1/242-grant-binding-v1.md:132	m-d1.txt	bare-unresolvable
docs/evidence/s1/242-grant-binding-v1.md:132	m-d2.txt	bare-unresolvable
docs/evidence/s1/242-grant-binding-v1.md:132	m-e.txt	bare-unresolvable
docs/evidence/s1/242-grant-binding-v1.md:132	m-f.txt	bare-unresolvable
docs/evidence/s1/242-grant-binding-v1.md:132	base-v.txt	bare-unresolvable
docs/evidence/s1/242-grant-binding-v1.md:132	final-v.txt	bare-unresolvable
docs/evidence/s1/242-grant-binding-v1.md:132	final2-v.txt	bare-unresolvable
docs/evidence/s1/242-grant-binding-v1.md:132	final3-v.txt	bare-unresolvable
docs/evidence/s1/242-grant-binding-v1.md:132	d22scan.txt	bare-ambiguous
docs/evidence/s1/242-grant-binding-v1.md:138	d22scan.txt	bare-ambiguous
docs/evidence/s1/242-grant-binding-v1.md:165	approval.go	bare-ambiguous
docs/evidence/s1/242-grant-binding-v1.md:222	_test.go	bare-unresolvable
docs/evidence/s1/242-grant-binding-v1.md:231	_test.go	bare-unresolvable
docs/evidence/s1/242-grant-binding-v1.md:249	approval.go	bare-ambiguous
docs/evidence/s1/242-grant-binding-v1.md:249	gate.go	bare-ambiguous
docs/evidence/s1/244-black-console-r1.md:14	wisp.exe	bare-unresolvable
docs/evidence/s1/244-black-console-r1.md:44	wisp.exe	bare-unresolvable
docs/evidence/s1/244-black-console-r1.md:95	out.txt	bare-unresolvable
docs/evidence/s1/244-black-console-r1.md:96	out-v.txt	bare-unresolvable
docs/evidence/s1/244-black-console-r1.md:96	out-h.txt	bare-unresolvable
docs/evidence/s1/244-black-console-r1.md:103	out.txt	bare-unresolvable
docs/evidence/s1/244-black-console-r1.md:105	build-probe.ps1	bare-unresolvable
docs/evidence/s1/244-black-console-r1.md:105	out.txt	bare-unresolvable
docs/evidence/s1/245-esc-not-a-standby-global-hotkey-r1.md:12	balldebug.exe	bare-unresolvable
docs/evidence/s1/245-esc-not-a-standby-global-hotkey-r1.md:12	wisp.exe	bare-unresolvable
docs/evidence/s1/245-esc-not-a-standby-global-hotkey-r1.md:12	go.exe	bare-unresolvable
docs/evidence/s1/245-esc-not-a-standby-global-hotkey-r1.md:21	config.toml	bare-unresolvable
docs/evidence/s1/245-esc-not-a-standby-global-hotkey-r1.md:22	_test.go	bare-unresolvable
docs/evidence/s1/245-esc-not-a-standby-global-hotkey-r1.md:22	main.go	bare-ambiguous
docs/evidence/s1/245-esc-not-a-standby-global-hotkey-r1.md:34	config.toml	bare-unresolvable
docs/evidence/s1/245-esc-not-a-standby-global-hotkey-r1.md:35	.scratch/wisp/issues/245-...md	ellipsis
docs/evidence/s1/245-esc-not-a-standby-global-hotkey-r1.md:87	main.go	bare-ambiguous
docs/evidence/s1/245-esc-not-a-standby-global-hotkey-r1.md:111	msg-skeleton.txt	bare-ambiguous
docs/evidence/s1/245-esc-not-a-standby-global-hotkey-r1.md:111	msg-code.txt	bare-ambiguous
docs/evidence/s1/245-esc-not-a-standby-global-hotkey-r1.md:111	build.txt	bare-ambiguous
docs/evidence/s1/245-esc-not-a-standby-global-hotkey-r1.md:111	d22scan.txt	bare-ambiguous
docs/evidence/s1/245-esc-not-a-standby-global-hotkey-v1.md:35	wisp-clean.exe	bare-unresolvable
docs/evidence/s1/245-esc-not-a-standby-global-hotkey-v1.md:38	_test.go	bare-unresolvable
docs/evidence/s1/245-esc-not-a-standby-global-hotkey-v1.md:50	docs/evidence/s1/245-...-v1.md	ellipsis
docs/evidence/s1/245-esc-not-a-standby-global-hotkey-v1.md:51	icons.js	bare-only-design-frontend
docs/evidence/s1/245-esc-not-a-standby-global-hotkey-v1.md:51	theme.js	bare-only-design-frontend
docs/evidence/s1/245-esc-not-a-standby-global-hotkey-v1.md:52	balldebug.exe	bare-unresolvable
docs/evidence/s1/245-esc-not-a-standby-global-hotkey-v1.md:52	wisp.exe	bare-unresolvable
docs/evidence/s1/245-esc-not-a-standby-global-hotkey-v1.md:52	go.exe	bare-unresolvable
docs/evidence/s1/245-esc-not-a-standby-global-hotkey-v1.md:66	wisp.exe	bare-unresolvable
docs/evidence/s1/245-esc-not-a-standby-global-hotkey-v1.md:66	wisp-mutant.exe	bare-unresolvable
docs/evidence/s1/245-esc-not-a-standby-global-hotkey-v1.md:101	go.mod	bare-ambiguous
docs/evidence/s1/245-esc-not-a-standby-global-hotkey-v1.md:101	main.go	bare-ambiguous
docs/evidence/s1/245-esc-not-a-standby-global-hotkey-v1.md:105	esclistener.exe	bare-unresolvable
docs/evidence/s1/245-esc-not-a-standby-global-hotkey-v1.md:106	esclistener.exe	bare-unresolvable
docs/evidence/s1/245-esc-not-a-standby-global-hotkey-v1.md:107	wisp-clean.exe	bare-unresolvable
docs/evidence/s1/245-esc-not-a-standby-global-hotkey-v1.md:107	esclistener.exe	bare-unresolvable
docs/evidence/s1/245-esc-not-a-standby-global-hotkey-v1.md:108	wisp-mutant.exe	bare-unresolvable
docs/evidence/s1/245-esc-not-a-standby-global-hotkey-v1.md:109	esclistener.exe	bare-unresolvable
docs/evidence/s1/245-esc-not-a-standby-global-hotkey-v1.md:110	esclistener.exe	bare-unresolvable
docs/evidence/s1/245-esc-not-a-standby-global-hotkey-v1.md:126	_test.go	bare-unresolvable
docs/evidence/s1/245-esc-not-a-standby-global-hotkey-v1.md:131	config.toml	bare-unresolvable
docs/evidence/s1/245-esc-not-a-standby-global-hotkey-v1.md:142	main.go	bare-ambiguous
docs/evidence/s1/245-esc-not-a-standby-global-hotkey-v1.md:146	balldebug.exe	bare-unresolvable
docs/evidence/s1/245-esc-not-a-standby-global-hotkey-v1.md:162	m2a-winelive.txt	bare-unresolvable
docs/evidence/s1/245-esc-not-a-standby-global-hotkey-v1.md:162	m2b-winelive.txt	bare-unresolvable
docs/evidence/s1/245-esc-not-a-standby-global-hotkey-v1.md:166	wisp-mutant.exe	bare-unresolvable
docs/evidence/s1/245-esc-not-a-standby-global-hotkey-v1.md:246	end-status-final.txt	bare-unresolvable
docs/evidence/s1/245-esc-not-a-standby-global-hotkey-v1.md:254	msg-skeleton.txt	bare-ambiguous
docs/evidence/s1/245-esc-not-a-standby-global-hotkey-v1.md:254	msg-fill1.txt	bare-unresolvable
docs/evidence/s1/245-esc-not-a-standby-global-hotkey-v1.md:254	msg-fill2.txt	bare-unresolvable
docs/evidence/s1/245-esc-not-a-standby-global-hotkey-v1.md:254	end-status-final.txt	bare-unresolvable
docs/evidence/s1/245-esc-not-a-standby-global-hotkey-v1.md:254	msg-fill3.txt	bare-unresolvable
docs/evidence/s1/245-esc-not-a-standby-global-hotkey-v1.md:254	gates-static.txt	bare-unresolvable
docs/evidence/s1/245-esc-not-a-standby-global-hotkey-v1.md:254	gate-d22-and-ball.txt	bare-unresolvable
docs/evidence/s1/245-esc-not-a-standby-global-hotkey-v1.md:254	gate-cmdwisp-full.txt	bare-unresolvable
docs/evidence/s1/245-esc-not-a-standby-global-hotkey-v1.md:254	gate-cmdwisp-rerun.txt	bare-unresolvable
docs/evidence/s1/245-esc-not-a-standby-global-hotkey-v1.md:254	winelive-ball-baseline.txt	bare-unresolvable
docs/evidence/s1/245-esc-not-a-standby-global-hotkey-v1.md:254	winelive-cmdwisp-baseline.txt	bare-unresolvable
docs/evidence/s1/245-esc-not-a-standby-global-hotkey-v1.md:254	m1-default-tier.txt	bare-unresolvable
docs/evidence/s1/245-esc-not-a-standby-global-hotkey-v1.md:254	m1-winelive-ball.txt	bare-unresolvable
docs/evidence/s1/245-esc-not-a-standby-global-hotkey-v1.md:254	m1-winelive-cmdwisp.txt	bare-unresolvable
docs/evidence/s1/245-esc-not-a-standby-global-hotkey-v1.md:254	m2a-winelive.txt	bare-unresolvable
docs/evidence/s1/245-esc-not-a-standby-global-hotkey-v1.md:254	m2b-winelive.txt	bare-unresolvable
docs/evidence/s1/245-esc-not-a-standby-global-hotkey-v1.md:254	e1-baseline-watch.txt	bare-unresolvable
docs/evidence/s1/245-esc-not-a-standby-global-hotkey-v1.md:254	e2-steal.txt	bare-unresolvable
docs/evidence/s1/245-esc-not-a-standby-global-hotkey-v1.md:254	e3-listener-vs-clean.txt	bare-unresolvable
docs/evidence/s1/245-esc-not-a-standby-global-hotkey-v1.md:254	e4-listener-vs-mutant.txt	bare-unresolvable
docs/evidence/s1/245-esc-not-a-standby-global-hotkey-v1.md:254	e6-steal-holder.txt	bare-unresolvable
docs/evidence/s1/245-esc-not-a-standby-global-hotkey-v1.md:254	e6-winelive-vs-foreign-owner.txt	bare-unresolvable
docs/evidence/s1/245-esc-not-a-standby-global-hotkey-v1.md:254	go.mod	bare-ambiguous
docs/evidence/s1/245-esc-not-a-standby-global-hotkey-v1.md:254	main.go	bare-ambiguous
docs/evidence/s1/246-resident-task-source-r2.md:8	wisp.exe	bare-unresolvable
docs/evidence/s1/246-resident-task-source-r2.md:22	balldebug.exe	bare-unresolvable
docs/evidence/s1/246-resident-task-source-r2.md:22	wisp.exe	bare-unresolvable
docs/evidence/s1/246-resident-task-source-r2.md:37	_test.go	bare-unresolvable
docs/evidence/s1/246-resident-task-source-r2.md:63	config.toml	bare-unresolvable
docs/evidence/s1/246-resident-task-source-r2.md:68	config.toml	bare-unresolvable
docs/evidence/s1/246-resident-task-source-r2.md:90	main.go	bare-ambiguous
docs/evidence/s1/246-resident-task-source-r2.md:107	run.go	bare-ambiguous
docs/evidence/s1/246-resident-task-source-r2.md:108	run.go	bare-ambiguous
docs/evidence/s1/246-resident-task-source-v2.md:17	balldebug.exe	bare-unresolvable
docs/evidence/s1/246-resident-task-source-v2.md:18	wisp.exe	bare-unresolvable
docs/evidence/s1/246-resident-task-source-v2.md:51	main.go	bare-ambiguous
docs/evidence/s1/246-resident-task-source-v2.md:51	src.run.exe	bare-unresolvable
docs/evidence/s1/246-resident-task-source-v2.md:51	run.go	bare-ambiguous
docs/evidence/s1/246-resident-task-source-v2.md:55	config.toml	bare-unresolvable
docs/evidence/s1/246-resident-task-source-v2.md:66	_test.go	bare-unresolvable
docs/evidence/s1/246-resident-task-source-v2.md:77	_test.go	bare-unresolvable
docs/evidence/s1/246-resident-task-source-v2.md:80	_test.go	bare-unresolvable
docs/evidence/s1/246-resident-task-source-v2.md:82	main.go	bare-ambiguous
docs/evidence/s1/246-resident-task-source-v2.md:95	run.exe	bare-unresolvable
docs/evidence/s1/246-resident-task-source-v2.md:95	run.go	bare-ambiguous
docs/evidence/s1/246-resident-task-source-v2.md:102	_test.go	bare-unresolvable
docs/evidence/s1/246-resident-task-source-v2.md:108	doc.go	bare-ambiguous
docs/evidence/s1/246-resident-task-source-v2.md:108	run.go	bare-ambiguous
docs/evidence/s1/246-resident-task-source-v2.md:110	run.go	bare-ambiguous
docs/evidence/s1/246-resident-task-source-v2.md:145	config.toml	bare-unresolvable
docs/evidence/s1/246-resident-task-source-v2.md:154	deps-base.txt	bare-unresolvable
docs/evidence/s1/246-resident-task-source-v2.md:154	deps-head.txt	bare-unresolvable
docs/evidence/s1/246-resident-task-source-v2.md:158	deps-head.txt	bare-unresolvable
docs/evidence/s1/246-resident-task-source-v2.md:203	_test.go	bare-unresolvable
docs/evidence/s1/246-resident-task-source-v2.md:226	roster.log	bare-unresolvable
docs/evidence/s1/246-resident-task-source-v2.md:228	r2.md	bare-unresolvable
docs/evidence/s1/246-resident-task-source-v2.md:233	main.go	bare-ambiguous
docs/evidence/s1/246-resident-task-source-v2.md:244	run.go	bare-ambiguous
docs/evidence/s1/246-veto-channel-in-the-resident-process-r1.md:27	config.toml	bare-unresolvable
docs/evidence/s1/246-veto-channel-in-the-resident-process-r1.md:41	balldebug.exe	bare-unresolvable
docs/evidence/s1/246-veto-channel-in-the-resident-process-r1.md:41	wisp.exe	bare-unresolvable
docs/evidence/s1/246-veto-channel-in-the-resident-process-r1.md:41	esclistener.exe	bare-unresolvable
docs/evidence/s1/246-veto-channel-in-the-resident-process-r1.md:41	go.exe	bare-unresolvable
docs/evidence/s1/246-veto-channel-in-the-resident-process-r1.md:48	deps-cmdwisp-before.txt	bare-unresolvable
docs/evidence/s1/246-veto-channel-in-the-resident-process-r1.md:49	imports-before.txt	bare-unresolvable
docs/evidence/s1/246-veto-channel-in-the-resident-process-r1.md:50	ac5-start-default-tier.txt	bare-unresolvable
docs/evidence/s1/246-veto-channel-in-the-resident-process-r1.md:51	ac5-repeat2-v.txt	bare-unresolvable
docs/evidence/s1/246-veto-channel-in-the-resident-process-r1.md:74	deps-cmdwisp-before.txt	bare-unresolvable
docs/evidence/s1/246-veto-channel-in-the-resident-process-r1.md:74	deps-cmdwisp-after2.txt	bare-unresolvable
docs/evidence/s1/246-veto-channel-in-the-resident-process-r1.md:74	imports-before.txt	bare-unresolvable
docs/evidence/s1/246-veto-channel-in-the-resident-process-r1.md:74	imports-after2.txt	bare-unresolvable
docs/evidence/s1/246-veto-channel-in-the-resident-process-r1.md:75	imports-after.txt	bare-unresolvable
docs/evidence/s1/246-veto-channel-in-the-resident-process-r1.md:77	wisp.exe	bare-unresolvable
docs/evidence/s1/246-veto-channel-in-the-resident-process-r1.md:85	gate.go	bare-ambiguous
docs/evidence/s1/246-veto-channel-in-the-resident-process-r1.md:88	winelive-246-first.txt	bare-unresolvable
docs/evidence/s1/246-veto-channel-in-the-resident-process-r1.md:96	gate.go	bare-ambiguous
docs/evidence/s1/246-veto-channel-in-the-resident-process-r1.md:99	config.toml	bare-unresolvable
docs/evidence/s1/246-veto-channel-in-the-resident-process-r1.md:107	main.go	bare-ambiguous
docs/evidence/s1/246-veto-channel-in-the-resident-process-r1.md:109	winelive-246-first.txt	bare-unresolvable
docs/evidence/s1/246-veto-channel-in-the-resident-process-r1.md:148	wisp.exe	bare-unresolvable
docs/evidence/s1/246-veto-channel-in-the-resident-process-r1.md:185	approval.go	bare-ambiguous
docs/evidence/s1/246-veto-channel-in-the-resident-process-r1.md:194	mutation-summary.json	bare-unresolvable
docs/evidence/s1/246-veto-channel-in-the-resident-process-r1.md:194	mutation-driver.log	bare-unresolvable
docs/evidence/s1/246-veto-channel-in-the-resident-process-r1.md:207	cmd.exe	bare-unresolvable
docs/evidence/s1/246-veto-channel-in-the-resident-process-r1.md:211	mutation-summary.json	bare-unresolvable
docs/evidence/s1/246-veto-channel-in-the-resident-process-r1.md:240	main.go	bare-ambiguous
docs/evidence/s1/246-veto-channel-in-the-resident-process-r1.md:240	run.go	bare-ambiguous
docs/evidence/s1/246-veto-channel-in-the-resident-process-r1.md:244	run.go	bare-ambiguous
docs/evidence/s1/246-veto-channel-in-the-resident-process-r1.md:254	config.toml	bare-unresolvable
docs/evidence/s1/246-veto-channel-in-the-resident-process-r1.md:255	config.toml	bare-unresolvable
docs/evidence/s1/246-veto-channel-in-the-resident-process-r1.md:258	approval.go	bare-ambiguous
docs/evidence/s1/246-veto-channel-in-the-resident-process-r1.md:290	roster-start.txt	bare-ambiguous
docs/evidence/s1/246-veto-channel-in-the-resident-process-v1.md:4	246-...-r1.md	ellipsis
docs/evidence/s1/246-veto-channel-in-the-resident-process-v1.md:5	.scratch/wisp/issues/246-...-no-veto-channel-has-an-executor.md	ellipsis
docs/evidence/s1/246-veto-channel-in-the-resident-process-v1.md:22	wisp.exe	bare-unresolvable
docs/evidence/s1/246-veto-channel-in-the-resident-process-v1.md:22	balldebug.exe	bare-unresolvable
docs/evidence/s1/246-veto-channel-in-the-resident-process-v1.md:22	esclistener.exe	bare-unresolvable
docs/evidence/s1/246-veto-channel-in-the-resident-process-v1.md:23	docs/evidence/s1/246-...-v1.md	ellipsis
docs/evidence/s1/246-veto-channel-in-the-resident-process-v1.md:44	wisp.exe	bare-unresolvable
docs/evidence/s1/246-veto-channel-in-the-resident-process-v1.md:57	rt.sh	bare-unresolvable
docs/evidence/s1/246-veto-channel-in-the-resident-process-v1.md:82	mut6a-guard-neutralized.txt	bare-unresolvable
docs/evidence/s1/246-veto-channel-in-the-resident-process-v1.md:166	roster-start.txt	bare-ambiguous
docs/evidence/s1/246-veto-channel-in-the-resident-process-v1.md:166	head-default-tier-run1.txt	bare-unresolvable
docs/evidence/s1/246-veto-channel-in-the-resident-process-v1.md:166	head-default-tier-run2-v.txt	bare-unresolvable
docs/evidence/s1/246-veto-channel-in-the-resident-process-v1.md:166	head-default-tier-run3.txt	bare-unresolvable
docs/evidence/s1/246-veto-channel-in-the-resident-process-v1.md:166	head-failing-test-count5.txt	bare-unresolvable
docs/evidence/s1/246-veto-channel-in-the-resident-process-v1.md:166	attribution-pairing-count6.txt	bare-unresolvable
docs/evidence/s1/246-veto-channel-in-the-resident-process-v1.md:166	mut6a-guard-neutralized.txt	bare-unresolvable
docs/evidence/s1/246-veto-channel-in-the-resident-process-v1.md:166	winelive-246-run1.txt	bare-unresolvable
docs/evidence/s1/246-veto-channel-in-the-resident-process-v1.md:166	proc-winelive.txt	bare-unresolvable
docs/evidence/s1/246-veto-channel-in-the-resident-process-v1.md:166	d22scan.txt	bare-ambiguous
docs/evidence/s1/246-veto-channel-in-the-resident-process-v1.md:166	msg-skeleton.txt	bare-ambiguous
docs/evidence/s1/248-settings-write-path-r1.md:35	panel.mod	bare-unresolvable
docs/evidence/s1/248-settings-write-path-r1.md:35	bridge.go	bare-ambiguous
docs/evidence/s1/248-settings-write-path-r1.md:39	bridge.go	bare-ambiguous
docs/evidence/s1/248-settings-write-path-r1.md:52	schema.go	bare-ambiguous
docs/evidence/s1/248-settings-write-path-r1.md:53	schema.go	bare-ambiguous
docs/evidence/s1/248-settings-write-path-r1.md:54	schema.go	bare-ambiguous
docs/evidence/s1/248-settings-write-path-r1.md:55	schema.go	bare-ambiguous
docs/evidence/s1/248-settings-write-path-r1.md:58	bridge.go	bare-ambiguous
docs/evidence/s1/248-settings-write-path-r1.md:64	bridge.go	bare-ambiguous
docs/evidence/s1/248-settings-write-path-r1.md:68	panel.mod	bare-unresolvable
docs/evidence/s1/248-settings-write-path-r1.md:76	store.go	bare-ambiguous
docs/evidence/s1/248-settings-write-path-r1.md:88	config.toml	bare-unresolvable
docs/evidence/s1/248-settings-write-path-r1.md:100	_test.go	bare-unresolvable
docs/evidence/s1/248-settings-write-path-r1.md:113	config.toml	bare-unresolvable
docs/evidence/s1/248-settings-write-path-r1.md:136	pump.go	bare-ambiguous
docs/evidence/s1/248-settings-write-path-r1.md:224	go.mod	bare-ambiguous
docs/evidence/s1/248-settings-write-path-r1.md:229	_test.go	bare-unresolvable
docs/evidence/s1/248-settings-write-path-r1.md:246	gofumpt.exe	bare-unresolvable
docs/evidence/s1/248-settings-write-path-r1.md:246	staticcheck.exe	bare-unresolvable
docs/evidence/s1/248-settings-write-path-r1.md:282	bridge.go	bare-ambiguous
docs/evidence/s1/248-settings-write-path-r1.md:285	config.toml	bare-unresolvable
docs/evidence/s1/248-settings-write-path-r1.md:302	run.go	bare-ambiguous
docs/evidence/s1/248-settings-write-path-r1.md:303	gate.go	bare-ambiguous
docs/evidence/s1/248-settings-write-path-r1.md:304	gate.go	bare-ambiguous
docs/evidence/s1/248-settings-write-path-r1.md:323	bridge.go	bare-ambiguous
docs/evidence/s1/248-settings-write-path-r1.md:324	panel.ts	bare-only-design-frontend
docs/evidence/s1/248-settings-write-path-r1.md:325	config.toml	bare-unresolvable
docs/evidence/s1/248-settings-write-path-v1.md:50	bridge.go	bare-ambiguous
docs/evidence/s1/248-settings-write-path-v1.md:85	panel.mod	bare-unresolvable
docs/evidence/s1/248-settings-write-path-v1.md:92	bridge.go	bare-ambiguous
docs/evidence/s1/248-settings-write-path-v1.md:97	bridge.go	bare-ambiguous
docs/evidence/s1/248-settings-write-path-v1.md:103	pump.go	bare-ambiguous
docs/evidence/s1/248-settings-write-path-v1.md:113	config.toml	bare-unresolvable
docs/evidence/s1/248-settings-write-path-v1.md:120	config.toml	bare-unresolvable
docs/evidence/s1/248-settings-write-path-v1.md:141	config.toml	bare-unresolvable
docs/evidence/s1/248-settings-write-path-v1.md:144	config.toml	bare-unresolvable
docs/evidence/s1/248-settings-write-path-v1.md:163	gate.go	bare-ambiguous
docs/evidence/s1/248-settings-write-path-v1.md:179	build.txt	bare-ambiguous
docs/evidence/s1/248-settings-write-path-v1.md:179	vet.txt	bare-ambiguous
docs/evidence/s1/248-settings-write-path-v1.md:179	d22scan.txt	bare-ambiguous
docs/evidence/s1/248-settings-write-path-v1.md:211	config.toml	bare-unresolvable
docs/evidence/s1/248-settings-write-path-v1.md:222	bridge.go	bare-ambiguous
docs/evidence/s1/248-settings-write-path-v1.md:225	cmdwisp-full.txt	bare-ambiguous
docs/evidence/s1/248-settings-write-path-v1.md:257	cmdwisp-full.txt	bare-ambiguous
docs/evidence/s1/248-settings-write-path-v1.md:262	run.go	bare-ambiguous
docs/evidence/s1/248-settings-write-path-v1.md:263	pump.go	bare-ambiguous
docs/evidence/s1/248-settings-write-path-v1.md:273	run.go	bare-ambiguous
docs/evidence/s1/252-allowlist-sameform-v1.md:49	q252p1-never-created.txt	bare-unresolvable
docs/evidence/s1/252-allowlist-sameform-v1.md:63	impl.md	bare-ambiguous
docs/evidence/s1/252-allowlist-sameform-v1.md:66	bridge.go	bare-ambiguous
docs/evidence/s1/252-allowlist-sameform-v1.md:67	_test.go	bare-unresolvable
docs/evidence/s1/252-allowlist-sameform-v1.md:99	marker.txt	bare-unresolvable
docs/evidence/s1/252-allowlist-sameform-v1.md:101	q252r1-round-trip.md	bare-unresolvable
docs/evidence/s1/252-allowlist-sameform-v1.md:101	q252r1-out-of-scope.md	bare-unresolvable
docs/evidence/s1/252-allowlist-sameform-v1.md:111	impl.md	bare-ambiguous
docs/evidence/s1/252-allowlist-sameform-v1.md:112	impl.md	bare-ambiguous
docs/evidence/s1/252-allowlist-sameform-v1.md:113	impl.md	bare-ambiguous
docs/evidence/s1/252-allowlist-sameform-v1.md:120	impl.md	bare-ambiguous
docs/evidence/s1/252-allowlist-sameform-v1.md:123	impl.md	bare-ambiguous
docs/evidence/s1/252-allowlist-sameform-v1.md:126	impl.md	bare-ambiguous
docs/evidence/s1/252-allowlist-sameform-v1.md:133	bridge.go	bare-ambiguous
docs/evidence/s1/252-allowlist-sameform-v1.md:134	impl.md	bare-ambiguous
docs/evidence/s1/252-allowlist-sameform-v1.md:136	impl.md	bare-ambiguous
docs/evidence/s1/252-allowlist-sameform-v1.md:137	impl.md	bare-ambiguous
docs/evidence/s1/252-allowlist-sameform-v1.md:139	pathshape_portable_test.go	bare-ambiguous
docs/evidence/s1/252-allowlist-sameform-v1.md:148	task.go	bare-ambiguous
docs/evidence/s1/252-allowlist-sameform-v1.md:148	bridge.go	bare-ambiguous
docs/evidence/s1/255-tier-registry-v1.md:4	tiers_255_test.go	bare-ambiguous
docs/evidence/s1/255-tier-registry-v1.md:20	schema.go	bare-ambiguous
docs/evidence/s1/255-tier-registry-v1.md:20	tiers.go	bare-ambiguous
docs/evidence/s1/255-tier-registry-v1.md:20	tiers_255_test.go	bare-ambiguous
docs/evidence/s1/255-tier-registry-v1.md:22	schema.go	bare-ambiguous
docs/evidence/s1/255-tier-registry-v1.md:22	tiers.go	bare-ambiguous
docs/evidence/s1/255-tier-registry-v1.md:22	tiers_255_test.go	bare-ambiguous
docs/evidence/s1/255-tier-registry-v1.md:30	schema.go	bare-ambiguous
docs/evidence/s1/255-tier-registry-v1.md:33	tiers_255_test.go	bare-ambiguous
docs/evidence/s1/255-tier-registry-v1.md:45	tiers_255_test.go	bare-ambiguous
docs/evidence/s1/255-tier-registry-v1.md:56	tiers.go	bare-ambiguous
docs/evidence/s1/255-tier-registry-v1.md:85	tiers_255_test.go	bare-ambiguous
docs/evidence/s1/255-tier-registry-v1.md:90	tiers_255_test.go	bare-ambiguous
docs/evidence/s1/255-tier-registry-v1.md:93	tiers_255_test.go	bare-ambiguous
docs/evidence/s1/255-tier-registry-v1.md:94	tiers_255_test.go	bare-ambiguous
docs/evidence/s1/255-tier-registry-v1.md:114	schema.go	bare-ambiguous
docs/evidence/s1/255-tier-registry-v1.md:136	tiers.go	bare-ambiguous
docs/evidence/s1/255-tier-registry-v1.md:137	_test.go	bare-unresolvable
docs/evidence/s1/255-tier-registry-v1.md:138	schema.go	bare-ambiguous
docs/evidence/s1/255-tier-registry-v1.md:139	config.toml	bare-unresolvable
docs/evidence/s1/255-tier-registry-v1.md:149	tiers.go	bare-ambiguous
docs/evidence/s1/33-35-preflight.md:18	doc.go	bare-ambiguous
docs/evidence/s1/33-35-preflight.md:26	bridge_test.go	bare-ambiguous
docs/evidence/s1/33-35-preflight.md:53	index-CEH-Pz8P.css	bare-unresolvable
docs/evidence/s1/33-35-preflight.md:59	go.mod	bare-ambiguous
docs/evidence/s1/33-35-preflight.md:59	go.sum	bare-ambiguous
docs/evidence/s1/33-35-preflight.md:71	rt.mod	bare-unresolvable
docs/evidence/s1/33-35-preflight.md:80	go.mod	bare-ambiguous
docs/evidence/s1/33-35-preflight.md:83	bridge_test.go	bare-ambiguous
docs/evidence/s1/33-35-preflight.md:84	bridge.go	bare-ambiguous
docs/evidence/s1/33-35-preflight.md:85	panel.mod	bare-unresolvable
docs/evidence/s1/33-35-preflight.md:87	rt.mod	bare-unresolvable
docs/evidence/s1/33-35-preflight.md:89	bridge.go	bare-ambiguous
docs/evidence/s1/33-35-preflight.md:95	panel.ts	bare-only-design-frontend
docs/evidence/s1/33-35-preflight.md:108	_dispatch.go	bare-unresolvable
docs/evidence/s1/33-35-preflight.md:109	bridge.go	bare-ambiguous
docs/evidence/s1/33-35-preflight.md:110	rt.mod	bare-unresolvable
docs/evidence/s1/33-35-preflight.md:111	main.go	bare-ambiguous
docs/evidence/s1/33-35-preflight.md:113	go.mod	bare-ambiguous
docs/evidence/s1/33-35-preflight.md:113	go.sum	bare-ambiguous
docs/evidence/s1/33-35-preflight.md:130	panel.ts	bare-only-design-frontend
docs/evidence/s1/33-35-preflight.md:130	bridge_test.go	bare-ambiguous
docs/evidence/s1/33-35-preflight.md:136	wisp.exe	bare-unresolvable
docs/evidence/s1/33-35-preflight.md:174	bridge.go	bare-ambiguous
docs/evidence/s1/33-35-preflight.md:175	panel.ts	bare-only-design-frontend
docs/evidence/s1/33-35-preflight.md:175	bridge_test.go	bare-ambiguous
docs/evidence/s1/33-35-preflight.md:177	rt.mod	bare-unresolvable
docs/evidence/s1/33-35-preflight.md:178	run.go	bare-ambiguous
docs/evidence/s1/33-35-preflight.md:185	.scratch/wisp/issues/133-...md	ellipsis
docs/evidence/s1/33-35-preflight.md:201	run.go	bare-ambiguous
docs/evidence/s1/33-35-preflight.md:203	index-UL9kYvYl.js	bare-unresolvable
docs/evidence/s1/33-35-preflight.md:210	MEMORY.md	bare-unresolvable
docs/evidence/s1/33-inbound-hop-design-a1.md:6	go.mod	bare-ambiguous
docs/evidence/s1/33-inbound-hop-design-a1.md:19	go.mod	bare-ambiguous
docs/evidence/s1/33-inbound-hop-design-a1.md:21	go.mod	bare-ambiguous
docs/evidence/s1/33-inbound-hop-design-a1.md:21	go.sum	bare-ambiguous
docs/evidence/s1/33-inbound-hop-design-a1.md:24	bridge.go	bare-ambiguous
docs/evidence/s1/33-inbound-hop-design-a1.md:24	rt.mod	bare-unresolvable
docs/evidence/s1/33-inbound-hop-design-a1.md:24	run.go	bare-ambiguous
docs/evidence/s1/33-inbound-hop-design-a1.md:142	panel.mod	bare-unresolvable
docs/evidence/s1/33-inbound-hop-design-a1.md:154	go.mod	bare-ambiguous
docs/evidence/s1/33-inbound-hop-design-a1.md:156	go.mod	bare-ambiguous
docs/evidence/s1/33-inbound-hop-design-a1.md:156	go.sum	bare-ambiguous
docs/evidence/s1/33-inbound-hop-design-a1.md:162	goja-caps.exe	bare-unresolvable
docs/evidence/s1/33-inbound-hop-design-a1.md:162	xy-verdict.exe	bare-unresolvable
docs/evidence/s1/33-inbound-hop-design-a1.md:170	index.html	bare-only-design-frontend
docs/evidence/s1/33-inbound-hop-design-a1.md:176	doc.go	bare-ambiguous
docs/evidence/s1/33-inbound-hop-design-a1.md:182	bridge.go	bare-ambiguous
docs/evidence/s1/33-inbound-hop-design-a1.md:182	approval.go	bare-ambiguous
docs/evidence/s1/33-inbound-hop-design-a1.md:182	pump.go	bare-ambiguous
docs/evidence/s1/33-inbound-hop-design-a1.md:185	bridge.go	bare-ambiguous
docs/evidence/s1/33-inbound-hop-design-a1.md:186	run.go	bare-ambiguous
docs/evidence/s1/33-inbound-hop-design-a1.md:186	main.go	bare-ambiguous
docs/evidence/s1/33-inbound-hop-design-a1.md:187	go.mod	bare-ambiguous
docs/evidence/s1/33-inbound-hop-design-a1.md:187	go.sum	bare-ambiguous
docs/evidence/s1/33-inbound-hop-design-a1.md:199	bridge.go	bare-ambiguous
docs/evidence/s1/33-inbound-hop-design-a1.md:200	go.mod	bare-ambiguous
docs/evidence/s1/33-inbound-hop-design-a1.md:202	bridge.go	bare-ambiguous
docs/evidence/s1/33-inbound-hop-design-a1.md:204	panel.mod	bare-unresolvable
docs/evidence/s1/33-inbound-hop-design-a1.md:204	_test.go	bare-unresolvable
docs/evidence/s1/33-inbound-hop-design-a1.md:207	bridge.go	bare-ambiguous
docs/evidence/s1/33-inbound-hop-design-a1.md:208	pump.go	bare-ambiguous
docs/evidence/s1/33-inbound-hop-design-a1.md:208	run.go	bare-ambiguous
docs/evidence/s1/33-inbound-hop-design-a1.md:208	panel_pump.go	bare-ambiguous
docs/evidence/s1/33-inbound-hop-design-a1.md:255	.scratch/wisp/issues/186-...md	ellipsis
docs/evidence/s1/33-inbound-hop-design-a1.md:256	bridge.go	bare-ambiguous
docs/evidence/s1/33-inbound-hop-design-a1.md:256	panel.mod	bare-unresolvable
docs/evidence/s1/33-inbound-hop-design-a1.md:270	bridge.go	bare-ambiguous
docs/evidence/s1/33-inbound-hop-design-a1.md:275	go.mod	bare-ambiguous
docs/evidence/s1/33-inbound-hop-design-a1.md:276	_test.go	bare-unresolvable
docs/evidence/s1/33-inbound-hop-design-a1.md:282	bridge.go	bare-ambiguous
docs/evidence/s1/33-inbound-hop-design-a1.md:284	bridge.go	bare-ambiguous
docs/evidence/s1/33-inbound-hop-design-a1.md:284	run.go	bare-ambiguous
docs/evidence/s1/33-inbound-hop-design-a1.md:284	rt.mod	bare-unresolvable
docs/evidence/s1/33-inbound-hop-design-a1.md:289	bridge.go	bare-ambiguous
docs/evidence/s1/33-inbound-hop-design-a1.md:290	bridge.go	bare-ambiguous
docs/evidence/s1/33-inbound-hop-design-a1.md:309	go.mod	bare-ambiguous
docs/evidence/s1/33-inbound-hop-design-a1.md:310	go.sum	bare-ambiguous
docs/evidence/s1/33-inbound-hop-design-a1.md:323	bridge_test.go	bare-ambiguous
docs/evidence/s1/33-inbound-hop-design-a1.md:324	panel_pump.go	bare-ambiguous
docs/evidence/s1/33-inbound-hop-design-a1.md:327	panel_pump.go	bare-ambiguous
docs/evidence/s1/33-inbound-hop-design-a1.md:327	run.go	bare-ambiguous
docs/evidence/s1/33-inbound-hop-design-a1.md:329	pump.go	bare-ambiguous
docs/evidence/s1/33-inbound-hop-design-a1.md:337	go.mod	bare-ambiguous
docs/evidence/s1/33-inbound-hop-design-a1.md:337	go.sum	bare-ambiguous
docs/evidence/s1/33-inbound-hop-design-a1.md:349	gate-clauses.txt	bare-ambiguous
docs/evidence/s1/33-inbound-hop-design-a1.md:349	gotest.txt	bare-ambiguous
docs/evidence/s1/33-inbound-hop-design-a1.md:358	go.mod	bare-ambiguous
docs/evidence/s1/33-inbound-hop-design-a1.md:358	go.sum	bare-ambiguous
docs/evidence/s1/33-inbound-hop-design-a1.md:373	bridge.go	bare-ambiguous
docs/evidence/s1/33-inbound-hop-design-a1.md:373	run.go	bare-ambiguous
docs/evidence/s1/33-inbound-listener-r2.md:6	config.toml	bare-unresolvable
docs/evidence/s1/33-inbound-listener-r2.md:15	owner-ruled-align-the-code-to-the-spec.md	bare-unresolvable
docs/evidence/s1/33-inbound-listener-r2.md:16	base.css	bare-only-design-frontend
docs/evidence/s1/33-inbound-listener-r2.md:16	icons.js	bare-only-design-frontend
docs/evidence/s1/33-inbound-listener-r2.md:16	theme.js	bare-only-design-frontend
docs/evidence/s1/33-inbound-listener-r2.md:16	tokens.css	bare-only-design-frontend
docs/evidence/s1/33-inbound-listener-r2.md:17	app.js	bare-only-design-frontend
docs/evidence/s1/33-inbound-listener-r2.md:17	index.html	bare-only-design-frontend
docs/evidence/s1/33-inbound-listener-r2.md:17	styles.css	bare-only-design-frontend
docs/evidence/s1/33-inbound-listener-r2.md:20	provenance.go	bare-ambiguous
docs/evidence/s1/33-inbound-listener-r2.md:20	taintmatch.go	bare-ambiguous
docs/evidence/s1/33-inbound-listener-r2.md:23	permmode.md	bare-unresolvable
docs/evidence/s1/33-inbound-listener-r2.md:24	rb-files.js	bare-unresolvable
docs/evidence/s1/33-inbound-listener-r2.md:24	rb-plugins.js	bare-unresolvable
docs/evidence/s1/33-inbound-listener-r2.md:24	rb-review.js	bare-unresolvable
docs/evidence/s1/33-inbound-listener-r2.md:24	rb-terminal.js	bare-unresolvable
docs/evidence/s1/33-inbound-listener-r2.md:24	rightbar.js	bare-unresolvable
docs/evidence/s1/33-inbound-listener-r2.md:24	sidebar.js	bare-unresolvable
docs/evidence/s1/33-inbound-listener-r2.md:29	provenance.go	bare-ambiguous
docs/evidence/s1/33-inbound-listener-r2.md:29	taintmatch.go	bare-ambiguous
docs/evidence/s1/33-inbound-listener-r2.md:29	hostpath_185.go	bare-ambiguous
docs/evidence/s1/33-inbound-listener-r2.md:36	bridge.go	bare-ambiguous
docs/evidence/s1/33-inbound-listener-r2.md:38	_test.go	bare-unresolvable
docs/evidence/s1/33-inbound-listener-r2.md:48	rt.mod	bare-unresolvable
docs/evidence/s1/33-inbound-listener-r2.md:48	config.toml	bare-unresolvable
docs/evidence/s1/33-inbound-listener-r2.md:68	main.go	bare-ambiguous
docs/evidence/s1/33-inbound-listener-r2.md:71	panel.mod	bare-unresolvable
docs/evidence/s1/33-inbound-listener-r2.md:71	config.toml	bare-unresolvable
docs/evidence/s1/33-inbound-listener-r2.md:74	main.go	bare-ambiguous
docs/evidence/s1/33-inbound-listener-r2.md:79	main.go	bare-ambiguous
docs/evidence/s1/33-inbound-listener-r2.md:89	wisp.exe	bare-unresolvable
docs/evidence/s1/33-inbound-listener-r2.md:109	d22scan.txt	bare-ambiguous
docs/evidence/s1/33-inbound-listener-r2.md:109	gate.txt	bare-ambiguous
docs/evidence/s1/33-inbound-listener-r2.md:116	main.go	bare-ambiguous
docs/evidence/s1/33-inbound-listener-r2.md:118	go.mod	bare-ambiguous
docs/evidence/s1/33-inbound-listener-r2.md:118	go.sum	bare-ambiguous
docs/evidence/s1/33-inbound-listener-r2.md:131	main.go	bare-ambiguous
docs/evidence/s1/33-inbound-listener-r2.md:152	go.mod	bare-ambiguous
docs/evidence/s1/33-inbound-listener-r2.md:168	go.mod	bare-ambiguous
docs/evidence/s1/33-inbound-listener-r2.md:168	go.sum	bare-ambiguous
docs/evidence/s1/33-inbound-listener-r3.md:19	base.css	bare-only-design-frontend
docs/evidence/s1/33-inbound-listener-r3.md:19	icons.js	bare-only-design-frontend
docs/evidence/s1/33-inbound-listener-r3.md:19	theme.js	bare-only-design-frontend
docs/evidence/s1/33-inbound-listener-r3.md:19	tokens.css	bare-only-design-frontend
docs/evidence/s1/33-inbound-listener-r3.md:20	app.js	bare-only-design-frontend
docs/evidence/s1/33-inbound-listener-r3.md:20	index.html	bare-only-design-frontend
docs/evidence/s1/33-inbound-listener-r3.md:20	styles.css	bare-only-design-frontend
docs/evidence/s1/33-inbound-listener-r3.md:26	01-ball-states.jpg	bare-unresolvable
docs/evidence/s1/33-inbound-listener-r3.md:41	_test.go	bare-unresolvable
docs/evidence/s1/33-inbound-listener-r3.md:42	main.go	bare-ambiguous
docs/evidence/s1/33-inbound-listener-r3.md:44	bridge.go	bare-ambiguous
docs/evidence/s1/33-inbound-listener-r3.md:71	_test.go	bare-unresolvable
docs/evidence/s1/33-inbound-listener-r3.md:76	go.mod	bare-ambiguous
docs/evidence/s1/33-inbound-listener-r3.md:76	go.sum	bare-ambiguous
docs/evidence/s1/33-inbound-listener-r3.md:78	_test.go	bare-unresolvable
docs/evidence/s1/33-inbound-listener-r3.md:79	_test.go	bare-unresolvable
docs/evidence/s1/33-inbound-listener-r3.md:97	go.mod	bare-ambiguous
docs/evidence/s1/33-inbound-listener-r3.md:97	go.sum	bare-ambiguous
docs/evidence/s1/33-inbound-listener-r3.md:103	go.mod	bare-ambiguous
docs/evidence/s1/33-inbound-listener-r3.md:103	go.sum	bare-ambiguous
docs/evidence/s1/33-inbound-listener-r3.md:143	go.mod	bare-ambiguous
docs/evidence/s1/33-inbound-listener-r3.md:143	go.sum	bare-ambiguous
docs/evidence/s1/33-inbound-listener-r3.md:173	main.go	bare-ambiguous
docs/evidence/s1/33-minimal-inbound-hop-r1.md:17	.scratch/wisp/issues/191-...md	ellipsis
docs/evidence/s1/33-minimal-inbound-hop-r1.md:20	status.sh	bare-unresolvable
docs/evidence/s1/33-minimal-inbound-hop-r1.md:26	bridge.go	bare-ambiguous
docs/evidence/s1/33-minimal-inbound-hop-r1.md:29	mutate.sh	bare-ambiguous
docs/evidence/s1/33-minimal-inbound-hop-r1.md:34	bridge.go	bare-ambiguous
docs/evidence/s1/33-minimal-inbound-hop-r1.md:41	mutate.sh	bare-ambiguous
docs/evidence/s1/33-minimal-inbound-hop-r1.md:53	bridge.go	bare-ambiguous
docs/evidence/s1/33-minimal-inbound-hop-r1.md:53	mutate.sh	bare-ambiguous
docs/evidence/s1/33-minimal-inbound-hop-r1.md:62	run.go	bare-ambiguous
docs/evidence/s1/33-minimal-inbound-hop-r1.md:62	panel_pump.go	bare-ambiguous
docs/evidence/s1/33-minimal-inbound-hop-r1.md:63	run.go	bare-ambiguous
docs/evidence/s1/33-minimal-inbound-hop-r1.md:68	_test.go	bare-unresolvable
docs/evidence/s1/33-minimal-inbound-hop-r1.md:73	bridge.go	bare-ambiguous
docs/evidence/s1/33-minimal-inbound-hop-r1.md:77	bridge.go	bare-ambiguous
docs/evidence/s1/33-minimal-inbound-hop-r1.md:78	bridge.go	bare-ambiguous
docs/evidence/s1/33-minimal-inbound-hop-r1.md:80	go.mod	bare-ambiguous
docs/evidence/s1/33-minimal-inbound-hop-r1.md:80	go.sum	bare-ambiguous
docs/evidence/s1/33-minimal-inbound-hop-r1.md:82	bridge.go	bare-ambiguous
docs/evidence/s1/33-minimal-inbound-hop-r1.md:92	_test.go	bare-unresolvable
docs/evidence/s1/33-minimal-inbound-hop-r1.md:118	go.mod	bare-ambiguous
docs/evidence/s1/33-minimal-inbound-hop-r1.md:120	_test.go	bare-unresolvable
docs/evidence/s1/33-minimal-inbound-hop-r1.md:125	bridge.go	bare-ambiguous
docs/evidence/s1/33-minimal-inbound-hop-r1.md:131	mutate.sh	bare-ambiguous
docs/evidence/s1/33-minimal-inbound-hop-r1.md:138	go.mod	bare-ambiguous
docs/evidence/s1/33-minimal-inbound-hop-r1.md:138	go.sum	bare-ambiguous
docs/evidence/s1/33-minimal-inbound-hop-r1.md:141	run.go	bare-ambiguous
docs/evidence/s1/33-panel-host-c27-r1.md:16	go.mod	bare-ambiguous
docs/evidence/s1/33-panel-host-c27-r1.md:18	go.mod	bare-ambiguous
docs/evidence/s1/33-panel-host-c27-r1.md:18	go.sum	bare-ambiguous
docs/evidence/s1/33-panel-host-c27-r1.md:22	index.html	bare-only-design-frontend
docs/evidence/s1/33-panel-host-c27-r1.md:25	go.mod	bare-ambiguous
docs/evidence/s1/33-panel-host-c27-r1.md:25	go.sum	bare-ambiguous
docs/evidence/s1/33-panel-host-c27-r1.md:28	chromium.go	bare-unresolvable
docs/evidence/s1/33-panel-host-c27-r1.md:29	go.mod	bare-ambiguous
docs/evidence/s1/33-panel-host-c27-r1.md:39	bridge.go	bare-ambiguous
docs/evidence/s1/33-panel-host-c27-r1.md:61	bridge.go	bare-ambiguous
docs/evidence/s1/33-panel-host-c27-r1.md:68	_test.go	bare-unresolvable
docs/evidence/s1/33-panel-host-c27-r1.md:73	webview.go	bare-unresolvable
docs/evidence/s1/33-panel-host-c27-r1.md:73	chromium.go	bare-unresolvable
docs/evidence/s1/33-panel-host-c27-r1.md:73	_test.go	bare-unresolvable
docs/evidence/s1/33-panel-host-c27-r1.md:80	msedgewebview2.exe	bare-unresolvable
docs/evidence/s1/33-panel-host-c27-r1.md:84	panel.mod	bare-unresolvable
docs/evidence/s1/33-panel-host-c27-r1.md:92	_test.go	bare-unresolvable
docs/evidence/s1/33-panel-host-c27-r1.md:105	go.mod	bare-ambiguous
docs/evidence/s1/33-panel-host-c27-r1.md:117	go.mod	bare-ambiguous
docs/evidence/s1/33-panel-host-c27-r1.md:117	go.sum	bare-ambiguous
docs/evidence/s1/33-panel-host-c27-r1.md:118	index.html	bare-only-design-frontend
docs/evidence/s1/33-panel-host-c27-r4.md:1	_test.go	bare-unresolvable
docs/evidence/s1/33-panel-host-c27-r4.md:38	/33r4-clean/ipv6probe/main.go	root-ambiguous
docs/evidence/s1/33-panel-host-c27-r4.md:100	index.html	bare-only-design-frontend
docs/evidence/s1/33-panel-host-c27-r4.md:124	baseline-start.txt	bare-unresolvable
docs/evidence/s1/33-panel-host-c27-r4.md:125	baseline-start.txt	bare-unresolvable
docs/evidence/s1/33-panel-host-c27-r4.md:140	final-roster-2.txt	bare-unresolvable
docs/evidence/s1/33-panel-host-c27-r4.md:162	/d/work/base/gopath/bin/gofumpt.exe	root-ambiguous
docs/evidence/s1/33-panel-host-c27-r4.md:169	_test.go	bare-unresolvable
docs/evidence/s1/33-panel-host-c27-r4.md:173	go.mod	bare-ambiguous
docs/evidence/s1/33-panel-host-c27-r4.md:173	go.sum	bare-ambiguous
docs/evidence/s1/33-panel-host-c27-r4.md:193	_test.go	bare-unresolvable
docs/evidence/s1/33-panel-host-c27-r4.md:198	baseline-start.txt	bare-unresolvable
docs/evidence/s1/33-panel-host-c27-r4.md:208	_test.go	bare-unresolvable
docs/evidence/s1/33-panel-host-c27-r4.md:255	go.mod	bare-ambiguous
docs/evidence/s1/33-panel-host-c27-r4.md:259	index.html	bare-only-design-frontend
docs/evidence/s1/33-panel-host-c27-r4.md:288	final-pkg.txt	bare-unresolvable
docs/evidence/s1/33-panel-host-c27-r4.md:303	_test.go	bare-unresolvable
docs/evidence/s1/33-panel-host-c27-r4.md:306	baseline-roster.txt	bare-unresolvable
docs/evidence/s1/33-panel-host-c27-r4.md:306	logs/d22scan.txt	suffix-ambiguous
docs/evidence/s1/33-panel-host-c27-r5.md:34	_test.go	bare-unresolvable
docs/evidence/s1/33-panel-host-c27-r5.md:35	_test.go	bare-unresolvable
docs/evidence/s1/33-panel-host-c27-r5.md:46	_test.go	bare-unresolvable
docs/evidence/s1/33-panel-host-c27-r5.md:48	webview.go	bare-unresolvable
docs/evidence/s1/33-panel-host-c27-r5.md:85	webview.go	bare-unresolvable
docs/evidence/s1/33-panel-host-c27-r5.md:100	go.mod	bare-ambiguous
docs/evidence/s1/33-panel-host-c27-r5.md:100	go.sum	bare-ambiguous
docs/evidence/s1/33-panel-host-c27-r5.md:106	_test.go	bare-unresolvable
docs/evidence/s1/33-panel-host-c27-r5.md:110	go.mod/go.sum	multi-ext
docs/evidence/s1/33-panel-host-c27-r5.md:119	_test.go	bare-unresolvable
docs/evidence/s1/33-panel-host-c27-r5.md:120	go.mod	bare-ambiguous
docs/evidence/s1/33-panel-host-c27-r5.md:120	go.sum	bare-ambiguous
docs/evidence/s1/33-panel-host-c27-r5.md:142	status-start.txt	bare-ambiguous
docs/evidence/s1/33-panel-host-c27-r5.md:143	_test.go	bare-unresolvable
docs/evidence/s1/33-panel-host-c27-r6.md:22	fullpack.log	bare-unresolvable
docs/evidence/s1/33-panel-host-c27-r6.md:58	chromium.go	bare-unresolvable
docs/evidence/s1/33-panel-host-c27-r6.md:83	webview.go	bare-unresolvable
docs/evidence/s1/33-panel-host-c27-r6.md:106	chromium.go	bare-unresolvable
docs/evidence/s1/33-panel-host-c27-r6.md:119	webview.go	bare-unresolvable
docs/evidence/s1/33-panel-host-c27-r6.md:132	status-start.txt	bare-ambiguous
docs/evidence/s1/33-panel-host-c27-r6.md:133	chromium.go	bare-unresolvable
docs/evidence/s1/33-panel-host-c27-r6.md:133	webview.go	bare-unresolvable
docs/evidence/s1/33-panel-host-c27-r6.md:168	webview.go	bare-unresolvable
docs/evidence/s1/33-panel-host-c27-r7.md:14	msedgewebview2.exe	bare-unresolvable
docs/evidence/s1/33-panel-host-c27-r7.md:61	chromium.go	bare-unresolvable
docs/evidence/s1/33-panel-host-c27-r7.md:76	mutation-2-no-seal.txt	bare-unresolvable
docs/evidence/s1/33-panel-host-c27-r7.md:99	plant-modes-2.txt	bare-unresolvable
docs/evidence/s1/33-panel-host-c27-r7.md:148	mutation-1-no-check.txt	bare-unresolvable
docs/evidence/s1/33-panel-host-c27-r7.md:162	mutation-2-no-seal.txt	bare-unresolvable
docs/evidence/s1/33-panel-host-c27-r7.md:165	webview.go	bare-unresolvable
docs/evidence/s1/33-panel-host-c27-r7.md:192	clipsync-desktop.exe	bare-unresolvable
docs/evidence/s1/33-panel-host-c27-r7.md:254	latency-recheck.txt	bare-unresolvable
docs/evidence/s1/33-panel-host-c27-r7.md:301	_test.go	bare-unresolvable
docs/evidence/s1/33-panel-host-c27-r7.md:344	nails-fix.txt	bare-unresolvable
docs/evidence/s1/33-panel-host-c27-r7.md:349	latency-recheck.txt	bare-unresolvable
docs/evidence/s1/33-panel-host-c27-r9.md:37	msedgewebview2.exe	bare-unresolvable
docs/evidence/s1/33-panel-host-c27-r9.md:319	msedgewebview2.exe	bare-unresolvable
docs/evidence/s1/33-panel-host-c27-r9.md:319	wisp.test.exe	bare-unresolvable
docs/evidence/s1/33-panel-host-c27-r9.md:319	go.exe	bare-unresolvable
docs/evidence/s1/33-panel-host-c27-r9.md:359	go.exe	bare-unresolvable
docs/evidence/s1/33-panel-host-c27-r9.md:359	wisp.test.exe	bare-unresolvable
docs/evidence/s1/33-panel-host-c27-r9.md:387	go.exe	bare-unresolvable
docs/evidence/s1/33-panel-host-c27-v1.md:26	go.mod	bare-ambiguous
docs/evidence/s1/33-panel-host-c27-v1.md:26	go.sum	bare-ambiguous
docs/evidence/s1/33-panel-host-c27-v1.md:27	_test.go	bare-unresolvable
docs/evidence/s1/33-panel-host-c27-v1.md:50	go.mod	bare-ambiguous
docs/evidence/s1/33-panel-host-c27-v1.md:50	go.sum	bare-ambiguous
docs/evidence/s1/33-panel-host-c27-v1.md:51	go.mod	bare-ambiguous
docs/evidence/s1/33-panel-host-c27-v1.md:51	go.sum	bare-ambiguous
docs/evidence/s1/33-panel-host-c27-v1.md:58	_test.go	bare-unresolvable
docs/evidence/s1/33-panel-host-c27-v1.md:58	main.go	bare-ambiguous
docs/evidence/s1/33-panel-host-c27-v1.md:60	mutate.sh	bare-ambiguous
docs/evidence/s1/33-panel-host-c27-v1.md:60	chromium.go	bare-unresolvable
docs/evidence/s1/33-panel-host-c27-v1.md:60	webview.go	bare-unresolvable
docs/evidence/s1/33-panel-host-c27-v1.md:82	msedgewebview2.exe	bare-unresolvable
docs/evidence/s1/33-panel-host-c27-v1.md:87	msedgewebview2.exe	bare-unresolvable
docs/evidence/s1/33-panel-host-c27-v1.md:90	embed.go	bare-only-design-frontend
docs/evidence/s1/33-panel-host-c27-v1.md:90	go.sum	bare-ambiguous
docs/evidence/s1/33-panel-host-c27-v1.md:92	index.html	bare-only-design-frontend
docs/evidence/s1/33-panel-host-c27-v1.md:93	index.html	bare-only-design-frontend
docs/evidence/s1/33-panel-host-c27-v1.md:98	go.mod	bare-ambiguous
docs/evidence/s1/33-panel-host-c27-v1.md:98	go.sum	bare-ambiguous
docs/evidence/s1/33-panel-host-c27-v1.md:99	/d/work/base/gopath/bin/gofumpt.exe	root-ambiguous
docs/evidence/s1/33-panel-host-c27-v1.md:100	bridge.go	bare-ambiguous
docs/evidence/s1/33-panel-host-c27-v1.md:100	_windows.go	bare-unresolvable
docs/evidence/s1/33-panel-host-c27-v1.md:100	go.mod	bare-ambiguous
docs/evidence/s1/33-panel-host-c27-v1.md:104	/pkg/edge/ICoreWebView2Controller.go	root-ambiguous
docs/evidence/s1/33-panel-host-c27-v1.md:104	w32.go	bare-unresolvable
docs/evidence/s1/33-panel-host-c27-v1.md:104	webview.go	bare-unresolvable
docs/evidence/s1/33-panel-host-c27-v1.md:105	chromium.go	bare-unresolvable
docs/evidence/s1/33-panel-host-c27-v1.md:121	go.mod	bare-ambiguous
docs/evidence/s1/33-panel-host-c27-v1.md:124	go.mod	bare-ambiguous
docs/evidence/s1/33-panel-host-c27-v1.md:127	go.mod	bare-ambiguous
docs/evidence/s1/33-panel-host-c27-v1.md:127	go.sum	bare-ambiguous
docs/evidence/s1/33-panel-host-c27-v1.md:137	webview.go	bare-unresolvable
docs/evidence/s1/33-panel-host-c27-v1.md:137	chromium.go	bare-unresolvable
docs/evidence/s1/33-panel-host-c27-v1.md:146	webview.go	bare-unresolvable
docs/evidence/s1/33-panel-host-c27-v1.md:146	chromium.go	bare-unresolvable
docs/evidence/s1/33-panel-host-c27-v1.md:147	/d/work/base/gopath/bin/staticcheck.exe	root-ambiguous
docs/evidence/s1/33-panel-host-c27-v1.md:167	msedgewebview2.exe	bare-unresolvable
docs/evidence/s1/33-panel-host-c27-v1.md:171	embed.go	bare-only-design-frontend
docs/evidence/s1/33-panel-host-c27-v1.md:172	index.html	bare-only-design-frontend
docs/evidence/s1/33-panel-host-c27-v1.md:179	chromium.go	bare-unresolvable
docs/evidence/s1/33-panel-host-c27-v1.md:179	webview.go	bare-unresolvable
docs/evidence/s1/33-panel-host-c27-v1.md:182	go.mod	bare-ambiguous
docs/evidence/s1/33-panel-host-c27-v1.md:182	go.sum	bare-ambiguous
docs/evidence/s1/33-panel-host-c27-v1.md:185	go.mod	bare-ambiguous
docs/evidence/s1/33-panel-host-c27-v1.md:185	go.sum	bare-ambiguous
docs/evidence/s1/33-panel-host-c27-v1.md:185	bridge.go	bare-ambiguous
docs/evidence/s1/33-panel-host-c27-v1.md:210	go.mod	bare-ambiguous
docs/evidence/s1/33-panel-host-c27-v1.md:210	go.sum	bare-ambiguous
docs/evidence/s1/33-panel-host-c27-v2.md:27	webview.go	bare-unresolvable
docs/evidence/s1/33-panel-host-c27-v2.md:29	pump.go	bare-ambiguous
docs/evidence/s1/33-panel-host-c27-v2.md:30	panel_pump.go	bare-ambiguous
docs/evidence/s1/33-panel-host-c27-v2.md:30	run.go	bare-ambiguous
docs/evidence/s1/33-panel-host-c27-v2.md:31	config.toml	bare-unresolvable
docs/evidence/s1/33-panel-host-c27-v2.md:57	33r7-head-roster-1.txt	bare-unresolvable
docs/evidence/s1/33-panel-host-c27-v2.md:57	33r5-head-roster.txt	bare-unresolvable
docs/evidence/s1/33-panel-host-c27-v2.md:66	33r5-head-roster.txt	bare-unresolvable
docs/evidence/s1/33-panel-host-c27-v2.md:66	33r7-head-roster-1.txt	bare-unresolvable
docs/evidence/s1/33-panel-host-c27-v2.md:91	msedgewebview2.exe	bare-unresolvable
docs/evidence/s1/33-panel-host-c27-v2.md:92	wisp.test.exe	bare-unresolvable
docs/evidence/s1/33-panel-host-c27-v2.md:92	go.exe	bare-unresolvable
docs/evidence/s1/33-panel-host-c27-v2.md:105	msedgewebview2.exe	bare-unresolvable
docs/evidence/s1/33-panel-host-c27-v2.md:105	go.exe	bare-unresolvable
docs/evidence/s1/33-panel-host-c27-v2.md:120	webview.go	bare-unresolvable
docs/evidence/s1/33-panel-host-c27-v2.md:122	webview.go	bare-unresolvable
docs/evidence/s1/33-panel-host-c27-v2.md:123	_test.go	bare-unresolvable
docs/evidence/s1/33-panel-host-c27-v2.md:136	zz_33r7_probe_windows_test.go	bare-unresolvable
docs/evidence/s1/33-panel-host-c27-v2.md:148	chromium.go	bare-unresolvable
docs/evidence/s1/33-panel-host-c27-v2.md:160	run.go	bare-ambiguous
docs/evidence/s1/33-panel-host-c27-v2.md:171	chromium.go	bare-unresolvable
docs/evidence/s1/33-panel-host-c27-v2.md:189	webview.go	bare-unresolvable
docs/evidence/s1/33-panel-host-c27-v2.md:202	go.mod	bare-ambiguous
docs/evidence/s1/33-panel-host-c27-v2.md:203	main.go	bare-ambiguous
docs/evidence/s1/33-panel-host-c27-v2.md:207	go.mod	bare-ambiguous
docs/evidence/s1/33-panel-host-c27-v2.md:209	go.mod	bare-ambiguous
docs/evidence/s1/33-panel-host-c27-v2.md:212	go.mod	bare-ambiguous
docs/evidence/s1/33-panel-host-c27-v2.md:213	go.mod	bare-ambiguous
docs/evidence/s1/33-panel-host-c27-v2.md:219	go.exe	bare-unresolvable
docs/evidence/s1/33-panel-host-c27-v2.md:219	msedgewebview2.exe	bare-unresolvable
docs/evidence/s1/35-panel-snapshot-pump-fix-r1.md:25	_test.go	bare-unresolvable
docs/evidence/s1/35-panel-snapshot-pump-fix-r1.md:65	/d/tmp/wisp-fix35p/pending_read.pristine.go	root-ambiguous
docs/evidence/s1/35-panel-snapshot-pump-fix-r1.md:82	panel.ts	bare-only-design-frontend
docs/evidence/s1/35-panel-snapshot-pump-fix-r1.md:105	pump.go	bare-ambiguous
docs/evidence/s1/35-panel-snapshot-pump-fix-r1.md:105	panel_pump.go	bare-ambiguous
docs/evidence/s1/35-panel-snapshot-pump-fix-r1.md:106	run.go	bare-ambiguous
docs/evidence/s1/35-panel-snapshot-pump-fix-r1.md:107	run.go	bare-ambiguous
docs/evidence/s1/35-panel-snapshot-pump-fix-r1.md:114	_test.go	bare-unresolvable
docs/evidence/s1/35-panel-snapshot-pump-fix-r1.md:115	loop.go	bare-ambiguous
docs/evidence/s1/35-panel-snapshot-pump-fix-r1.md:118	run.go	bare-ambiguous
docs/evidence/s1/35-panel-snapshot-pump-fix-r1.md:125	panel_pump.go	bare-ambiguous
docs/evidence/s1/35-panel-snapshot-pump-fix-r1.md:137	zz_measure_packet_test.go	bare-unresolvable
docs/evidence/s1/35-panel-snapshot-pump-fix-r1.md:149	panel_pump.go	bare-ambiguous
docs/evidence/s1/35-panel-snapshot-pump-fix-r1.md:182	panel_pump.go	bare-ambiguous
docs/evidence/s1/35-panel-snapshot-pump-fix-r1.md:196	run.go	bare-ambiguous
docs/evidence/s1/35-panel-snapshot-pump-fix-r1.md:197	run.go	bare-ambiguous
docs/evidence/s1/35-panel-snapshot-pump-fix-r1.md:226	panel_pump.go	bare-ambiguous
docs/evidence/s1/35-panel-snapshot-pump-fix-r1.md:226	run.go	bare-ambiguous
docs/evidence/s1/35-panel-snapshot-pump-fix-r1.md:273	zz_measure_packet_test.go	bare-unresolvable
docs/evidence/s1/35-panel-snapshot-pump-fix-r1.md:275	pending_read.pristine.go	bare-unresolvable
docs/evidence/s1/35-panel-snapshot-pump-fix-r1.md:276	mutate35p.py	bare-unresolvable
docs/evidence/s1/35-panel-snapshot-pump-fix-r1.md:277	mutate35p_halves.py	bare-unresolvable
docs/evidence/s1/35-panel-snapshot-pump-fix-r1.md:278	mutate35p_split.py	bare-unresolvable
docs/evidence/s1/35-panel-snapshot-pump-fix-r1.md:279	gate35p.py	bare-unresolvable
docs/evidence/s1/35-panel-snapshot-pump-fix-r1.md:280	evtoolstart.txt	bare-unresolvable
docs/evidence/s1/35-panel-snapshot-pump-fix-r1.md:281	kinds.txt	bare-unresolvable
docs/evidence/s1/35-panel-snapshot-pump-fix-r1.md:282	d22scan_post.txt	bare-unresolvable
docs/evidence/s1/35-panel-snapshot-pump-fix-r1.md:284	harness.txt	bare-unresolvable
docs/evidence/s1/35-panel-snapshot-pump-fix-r1.md:284	split_run.txt	bare-unresolvable
docs/evidence/s1/35-panel-snapshot-pump-fix-r1.md:289	mutate35p_split.py	bare-unresolvable
docs/evidence/s1/35-panel-snapshot-pump-fix-r1.md:301	/d/tmp/wisp-fix35p/gate35p.py	root-ambiguous
docs/evidence/s1/35-panel-snapshot-pump-fix-r1.md:302	/d/tmp/wisp-fix35p/mutate35p.py	root-ambiguous
docs/evidence/s1/35-panel-snapshot-pump-fix-r1.md:321	mutate35p_split.py	bare-unresolvable
docs/evidence/s1/35-panel-snapshot-pump-r1-accept-r1.md:5	run.go	bare-ambiguous
docs/evidence/s1/35-panel-snapshot-pump-r1-accept-r1.md:61	gate.go	bare-ambiguous
docs/evidence/s1/35-panel-snapshot-pump-r1-accept-r1.md:62	gate.go	bare-ambiguous
docs/evidence/s1/35-panel-snapshot-pump-r1-accept-r1.md:65	bridge.go	bare-ambiguous
docs/evidence/s1/35-panel-snapshot-pump-r1-accept-r1.md:68	store.go	bare-ambiguous
docs/evidence/s1/35-panel-snapshot-pump-r1-accept-r1.md:69	store.go	bare-ambiguous
docs/evidence/s1/35-panel-snapshot-pump-r1-accept-r1.md:70	run.go	bare-ambiguous
docs/evidence/s1/35-panel-snapshot-pump-r1-accept-r1.md:72	_test.go	bare-unresolvable
docs/evidence/s1/35-panel-snapshot-pump-r1-accept-r1.md:75	ruler.py	bare-unresolvable
docs/evidence/s1/35-panel-snapshot-pump-r1-accept-r1.md:85	bridge.go	bare-ambiguous
docs/evidence/s1/35-panel-snapshot-pump-r1-accept-r1.md:86	rt.mod	bare-unresolvable
docs/evidence/s1/35-panel-snapshot-pump-r1-accept-r1.md:99	pump.go	bare-ambiguous
docs/evidence/s1/35-panel-snapshot-pump-r1-accept-r1.md:99	bridge.go	bare-ambiguous
docs/evidence/s1/35-panel-snapshot-pump-r1-accept-r1.md:101	rt.mod	bare-unresolvable
docs/evidence/s1/35-panel-snapshot-pump-r1-accept-r1.md:110	rt.mod	bare-unresolvable
docs/evidence/s1/35-panel-snapshot-pump-r1-accept-r1.md:110	run.go	bare-ambiguous
docs/evidence/s1/35-panel-snapshot-pump-r1-accept-r1.md:111	rt.mod	bare-unresolvable
docs/evidence/s1/35-panel-snapshot-pump-r1-accept-r1.md:112	store.go	bare-ambiguous
docs/evidence/s1/35-panel-snapshot-pump-r1-accept-r1.md:114	pump.go	bare-ambiguous
docs/evidence/s1/35-panel-snapshot-pump-r1-accept-r1.md:115	pump.go	bare-ambiguous
docs/evidence/s1/35-panel-snapshot-pump-r1-accept-r1.md:119	rt.mod	bare-unresolvable
docs/evidence/s1/35-panel-snapshot-pump-r1-accept-r1.md:125	_test.go	bare-unresolvable
docs/evidence/s1/35-panel-snapshot-pump-r1-accept-r1.md:130	panel_pump.go	bare-ambiguous
docs/evidence/s1/35-panel-snapshot-pump-r1-accept-r1.md:131	pump.go	bare-ambiguous
docs/evidence/s1/35-panel-snapshot-pump-r1-accept-r1.md:133	pump.go	bare-ambiguous
docs/evidence/s1/35-panel-snapshot-pump-r1-accept-r1.md:137	bridge.go	bare-ambiguous
docs/evidence/s1/35-panel-snapshot-pump-r1-accept-r1.md:138	run.go	bare-ambiguous
docs/evidence/s1/35-panel-snapshot-pump-r1-accept-r1.md:141	gate.go	bare-ambiguous
docs/evidence/s1/35-panel-snapshot-pump-r1-accept-r1.md:143	run.go	bare-ambiguous
docs/evidence/s1/35-panel-snapshot-pump-r1-accept-r1.md:144	gate.go	bare-ambiguous
docs/evidence/s1/35-panel-snapshot-pump-r1-accept-r1.md:152	bridge.go	bare-ambiguous
docs/evidence/s1/35-panel-snapshot-pump-r1-accept-r1.md:152	run.go	bare-ambiguous
docs/evidence/s1/35-panel-snapshot-pump-r1-accept-r1.md:154	cost.sum	bare-unresolvable
docs/evidence/s1/35-panel-snapshot-pump-r1-accept-r1.md:154	_test.go	bare-unresolvable
docs/evidence/s1/35-panel-snapshot-pump-r1-accept-r1.md:160	gate.go	bare-ambiguous
docs/evidence/s1/35-panel-snapshot-pump-r1-accept-r1.md:189	pump.go	bare-ambiguous
docs/evidence/s1/35-panel-snapshot-pump-r1-accept-r1.md:189	panel_pump.go	bare-ambiguous
docs/evidence/s1/35-panel-snapshot-pump-r1-accept-r1.md:189	run.go	bare-ambiguous
docs/evidence/s1/35-panel-snapshot-pump-r1-accept-r1.md:189	bridge.go	bare-ambiguous
docs/evidence/s1/35-panel-snapshot-pump-r1-accept-r1.md:196	rt.mod	bare-unresolvable
docs/evidence/s1/35-panel-snapshot-pump-r1-accept-r1.md:196	composer.mod	bare-unresolvable
docs/evidence/s1/35-panel-snapshot-pump-r1-accept-r1.md:228	run.go	bare-ambiguous
docs/evidence/s1/35-panel-snapshot-pump-r1-accept-r1.md:229	panel_pump.go	bare-ambiguous
docs/evidence/s1/35-panel-snapshot-pump-r1-accept-r1.md:231	pump.go	bare-ambiguous
docs/evidence/s1/35-panel-snapshot-pump-r1-accept-r1.md:238	_test.go	bare-unresolvable
docs/evidence/s1/35-panel-snapshot-pump-r1-accept-r1.md:264	race_cmd.log	bare-unresolvable
docs/evidence/s1/35-panel-snapshot-pump-r1-accept-r1.md:280	loop.go	bare-ambiguous
docs/evidence/s1/35-panel-snapshot-pump-r1-accept-r1.md:282	gate.go	bare-ambiguous
docs/evidence/s1/35-panel-snapshot-pump-r1-accept-r1.md:282	run.go	bare-ambiguous
docs/evidence/s1/35-panel-snapshot-pump-r1-accept-r1.md:282	panel_pump.go	bare-ambiguous
docs/evidence/s1/35-panel-snapshot-pump-r1-accept-r1.md:282	pump.go	bare-ambiguous
docs/evidence/s1/35-panel-snapshot-pump-r1-accept-r1.md:306	pump.go	bare-ambiguous
docs/evidence/s1/35-panel-snapshot-pump-r1-accept-r1.md:308	store.go	bare-ambiguous
docs/evidence/s1/35-panel-snapshot-pump-r1-accept-r1.md:309	panel_pump.go	bare-ambiguous
docs/evidence/s1/35-panel-snapshot-pump-r1-accept-r1.md:311	pump.go	bare-ambiguous
docs/evidence/s1/35-panel-snapshot-pump-r1-accept-r1.md:342	run.go	bare-ambiguous
docs/evidence/s1/35-panel-snapshot-pump-r1-accept-r1.md:342	panel_pump.go	bare-ambiguous
docs/evidence/s1/35-panel-snapshot-pump-r1-accept-r1.md:342	pump.go	bare-ambiguous
docs/evidence/s1/35-panel-snapshot-pump-r1-accept-r1.md:344	cost.sum	bare-unresolvable
docs/evidence/s1/35-panel-snapshot-pump-r1-accept-r1.md:344	_test.go	bare-unresolvable
docs/evidence/s1/35-panel-snapshot-pump-r1-accept-r1.md:345	bridge.go	bare-ambiguous
docs/evidence/s1/35-panel-snapshot-pump-r1-accept-r1.md:345	run.go	bare-ambiguous
docs/evidence/s1/35-panel-snapshot-pump-r1-accept-r1.md:346	pump.go	bare-ambiguous
docs/evidence/s1/35-panel-snapshot-pump-r1-accept-r1.md:348	go.mod	bare-ambiguous
docs/evidence/s1/35-panel-snapshot-pump-r1-accept-r1.md:353	bridge.go	bare-ambiguous
docs/evidence/s1/35-panel-snapshot-pump-r1-accept-r1.md:364	_test.go	bare-unresolvable
docs/evidence/s1/35-panel-snapshot-pump-r1-accept-r1.md:368	pump.go	bare-ambiguous
docs/evidence/s1/35-panel-snapshot-pump-r1-accept-r1.md:369	pump.go	bare-ambiguous
docs/evidence/s1/35-panel-snapshot-pump-r1-accept-r1.md:371	pump.go	bare-ambiguous
docs/evidence/s1/35-panel-snapshot-pump-r1-accept-r1.md:372	pump.go	bare-ambiguous
docs/evidence/s1/35-panel-snapshot-pump-r1-accept-r1.md:374	panel_pump.go	bare-ambiguous
docs/evidence/s1/35-panel-snapshot-pump-r1-accept-r1.md:375	panel_pump.go	bare-ambiguous
docs/evidence/s1/35-panel-snapshot-pump-r1-accept-r1.md:375	run.go	bare-ambiguous
docs/evidence/s1/35-panel-snapshot-pump-r1-accept-r1.md:389	run.go	bare-ambiguous
docs/evidence/s1/35-panel-snapshot-pump-r1-accept-r1.md:404	run.go	bare-ambiguous
docs/evidence/s1/35-panel-snapshot-pump-r1-accept-r1.md:406	pump.go	bare-ambiguous
docs/evidence/s1/35-panel-snapshot-pump-r1-accept-r1.md:406	run.go	bare-ambiguous
docs/evidence/s1/35-panel-snapshot-pump-r1-accept-r1.md:409	gate.go	bare-ambiguous
docs/evidence/s1/35-panel-snapshot-pump-r1-accept-r1.md:421	panel_pump.go	bare-ambiguous
docs/evidence/s1/35-panel-snapshot-pump-r1-accept-r1.md:424	run.go	bare-ambiguous
docs/evidence/s1/35-panel-snapshot-pump-r1-accept-r1.md:515	pump.go	bare-ambiguous
docs/evidence/s1/35-panel-snapshot-pump-r1-accept-r1.md:515	panel_pump.go	bare-ambiguous
docs/evidence/s1/35-panel-snapshot-pump-r1-accept-r1.md:515	run.go	bare-ambiguous
docs/evidence/s1/35-panel-snapshot-pump-r1-accept-r1.md:515	bridge.go	bare-ambiguous
docs/evidence/s1/35-panel-snapshot-pump-r1-accept-r1.md:534	ruler.py	bare-unresolvable
docs/evidence/s1/35-panel-snapshot-pump-r1-accept-r1.md:534	mut35.py	bare-unresolvable
docs/evidence/s1/35-panel-snapshot-pump-r1-accept-r1.md:534	mut35b.py	bare-unresolvable
docs/evidence/s1/35-panel-snapshot-pump-r1-accept-r1.md:534	mut35c.py	bare-unresolvable
docs/evidence/s1/35-panel-snapshot-pump-r1-accept-r1.md:534	base.txt	bare-unresolvable
docs/evidence/s1/35-panel-snapshot-pump-r1-accept-r1.md:534	base_cmd.log	bare-unresolvable
docs/evidence/s1/35-panel-snapshot-pump-r1-accept-r1.md:534	base_one.log	bare-unresolvable
docs/evidence/s1/35-panel-snapshot-pump-r1-accept-r1.md:534	one_ac1.log	bare-unresolvable
docs/evidence/s1/35-panel-snapshot-pump-r1-accept-r1.md:534	race1.log	bare-unresolvable
docs/evidence/s1/35-panel-snapshot-pump-r1-accept-r1.md:534	race_panel.log	bare-unresolvable
docs/evidence/s1/35-panel-snapshot-pump-r1-accept-r1.md:534	race_cmd.log	bare-unresolvable
docs/evidence/s1/35-panel-snapshot-pump-r1.md:16	base_gate.txt	bare-unresolvable
docs/evidence/s1/35-panel-snapshot-pump-r1.md:16	base_roster_panel.txt	bare-unresolvable
docs/evidence/s1/35-panel-snapshot-pump-r1.md:16	base_roster_cmd.txt	bare-unresolvable
docs/evidence/s1/35-panel-snapshot-pump-r1.md:16	base_panel_names.txt	bare-unresolvable
docs/evidence/s1/35-panel-snapshot-pump-r1.md:16	base_cmd_names.txt	bare-unresolvable
docs/evidence/s1/35-panel-snapshot-pump-r1.md:28	base_panel_names.txt	bare-unresolvable
docs/evidence/s1/35-panel-snapshot-pump-r1.md:28	base_cmd_names.txt	bare-unresolvable
docs/evidence/s1/35-panel-snapshot-pump-r1.md:40	_test.go	bare-unresolvable
docs/evidence/s1/35-panel-snapshot-pump-r1.md:55	bridge.go	bare-ambiguous
docs/evidence/s1/35-panel-snapshot-pump-r1.md:55	panel.mod	bare-unresolvable
docs/evidence/s1/35-panel-snapshot-pump-r1.md:63	cost.sum	bare-unresolvable
docs/evidence/s1/35-panel-snapshot-pump-r1.md:64	_test.go	bare-unresolvable
docs/evidence/s1/35-panel-snapshot-pump-r1.md:64	cost.sum	bare-unresolvable
docs/evidence/s1/35-panel-snapshot-pump-r1.md:69	bridge.go	bare-ambiguous
docs/evidence/s1/35-panel-snapshot-pump-r1.md:119	doc.go	bare-ambiguous
docs/evidence/s1/35-panel-snapshot-pump-r1.md:158	pump.go	bare-ambiguous
docs/evidence/s1/35-panel-snapshot-pump-r1.md:159	panel_pump.go	bare-ambiguous
docs/evidence/s1/35-panel-snapshot-pump-r1.md:160	panel_pump.go	bare-ambiguous
docs/evidence/s1/35-panel-snapshot-pump-r1.md:161	panel_pump.go	bare-ambiguous
docs/evidence/s1/35-panel-snapshot-pump-r1.md:172	_test.go	bare-unresolvable
docs/evidence/s1/35-panel-snapshot-pump-r1.md:183	redact.go	bare-ambiguous
docs/evidence/s1/35-panel-snapshot-pump-r1.md:184	redact.go	bare-ambiguous
docs/evidence/s1/35-panel-snapshot-pump-r1.md:188	rt.spec.sink.log	bare-unresolvable
docs/evidence/s1/35-panel-snapshot-pump-r1.md:190	main.go	bare-ambiguous
docs/evidence/s1/35-panel-snapshot-pump-r1.md:205	panel_pump.go	bare-ambiguous
docs/evidence/s1/35-panel-snapshot-pump-r1.md:241	pump.go	bare-ambiguous
docs/evidence/s1/35-panel-snapshot-pump-r1.md:282	bridge.go	bare-ambiguous
docs/evidence/s1/35-panel-snapshot-pump-r1.md:296	bridge.go	bare-ambiguous
docs/evidence/s1/35-panel-snapshot-pump-r1.md:304	bridge.go	bare-ambiguous
docs/evidence/s1/35-panel-snapshot-pump-r1.md:316	mutate.py	bare-ambiguous
docs/evidence/s1/35-panel-snapshot-pump-r1.md:316	.raw.txt	bare-unresolvable
docs/evidence/s1/35-panel-snapshot-pump-r1.md:325	composer.mod	bare-unresolvable
docs/evidence/s1/35-panel-snapshot-pump-r1.md:325	rt.mod	bare-unresolvable
docs/evidence/s1/35-panel-snapshot-pump-r1.md:330	post_panel.txt	bare-unresolvable
docs/evidence/s1/35-panel-snapshot-pump-r1.md:336	run.go	bare-ambiguous
docs/evidence/s1/35-panel-snapshot-pump-r1.md:336	panel_pump.go	bare-ambiguous
docs/evidence/s1/35-panel-snapshot-pump-r1.md:339	panel.ts	bare-only-design-frontend
docs/evidence/s1/35-panel-snapshot-pump-r1.md:356	panel_pump.go	bare-ambiguous
docs/evidence/s1/35-panel-snapshot-pump-r1.md:356	pump.go	bare-ambiguous
docs/evidence/s1/35-panel-snapshot-pump-r1.md:357	run.go	bare-ambiguous
docs/evidence/s1/35-panel-snapshot-pump-r1.md:357	pump.go	bare-ambiguous
docs/evidence/s1/35-panel-snapshot-pump-r1.md:452	composer.mod	bare-unresolvable
docs/evidence/s1/35-panel-snapshot-pump-r1.md:530	panel.ts	bare-only-design-frontend
docs/evidence/s1/35-panel-snapshot-pump-r1.md:541	_test.go	bare-unresolvable
docs/evidence/s1/35-panel-snapshot-pump-r1.md:546	pump.go	bare-ambiguous
docs/evidence/s1/35-panel-snapshot-pump-r1.md:548	pump.go	bare-ambiguous
docs/evidence/s1/35-panel-snapshot-pump-r1.md:549	pump.go	bare-ambiguous
docs/evidence/s1/35-panel-snapshot-pump-r1.md:550	pump.go	bare-ambiguous
docs/evidence/s1/35-panel-snapshot-pump-r1.md:555	run.go	bare-ambiguous
docs/evidence/s1/35-panel-snapshot-pump-r1.md:568	pump.go	bare-ambiguous
docs/evidence/s1/35-panel-snapshot-pump-r1.md:569	panel_pump.go	bare-ambiguous
docs/evidence/s1/35-panel-snapshot-pump-r1.md:571	run.go	bare-ambiguous
docs/evidence/s1/35-panel-snapshot-pump-r1.md:586	post_cmd.txt	bare-unresolvable
docs/evidence/s1/35-panel-snapshot-pump-r1.md:597	post_cmd.txt	bare-unresolvable
docs/evidence/s1/35-panel-snapshot-pump-r1.md:604	_test.go	bare-unresolvable
docs/evidence/s1/35-panel-snapshot-pump-r1.md:608	cost.sum	bare-unresolvable
docs/evidence/s1/35-panel-snapshot-pump-r1.md:616	run.go	bare-ambiguous
docs/evidence/s1/35-panel-snapshot-pump-r1.md:622	run.go	bare-ambiguous
docs/evidence/s1/35-panel-snapshot-pump-r1.md:643	_test.go	bare-unresolvable
docs/evidence/s1/35-panel-snapshot-pump-r1.md:651	pump.go	bare-ambiguous
docs/evidence/s1/35-panel-snapshot-pump-r1.md:655	_other_test.go	bare-unresolvable
docs/evidence/s1/35-panel-snapshot-pump-r1.md:665	pump.go	bare-ambiguous
docs/evidence/s1/35-panel-snapshot-pump-r1.md:683	pre_test_v.txt	bare-unresolvable
docs/evidence/s1/35-panel-snapshot-pump-r1.md:737	panel.ts	bare-only-design-frontend
docs/evidence/s1/35-panel-snapshot-pump-r1.md:783	main.go	bare-ambiguous
docs/evidence/s1/35-panel-snapshot-pump-r1.md:784	anchor_files.txt	bare-unresolvable
docs/evidence/s1/35-panel-snapshot-pump-r1.md:785	pre_test_v.txt	bare-unresolvable
docs/evidence/s1/35-panel-snapshot-pump-r1.md:786	pre_panel.txt	bare-unresolvable
docs/evidence/s1/35-panel-snapshot-pump-r1.md:786	post_panel.txt	bare-unresolvable
docs/evidence/s1/35-panel-snapshot-pump-r1.md:787	pre_cmd.txt	bare-unresolvable
docs/evidence/s1/35-panel-snapshot-pump-r1.md:787	post_cmd.txt	bare-unresolvable
docs/evidence/s1/35-panel-snapshot-pump-r1.md:788	d22scan_post.txt	bare-unresolvable
docs/evidence/s1/35-panel-snapshot-pump-r1.md:789	gates.sh	bare-unresolvable
docs/evidence/s1/35-panel-snapshot-pump-r1.md:790	mutate.py	bare-ambiguous
docs/evidence/s1/35-panel-snapshot-pump-r1.md:791	mutation_summary.txt	bare-unresolvable
docs/evidence/s1/35-panel-snapshot-pump-r1.md:791	_summary2.txt	bare-unresolvable
docs/evidence/s1/35-panel-snapshot-pump-r1.md:792	.raw.txt	bare-unresolvable
docs/evidence/s1/35-panel-snapshot-pump-r1.md:793	raw.txt	bare-unresolvable
docs/evidence/s1/35-panel-snapshot-pump-r1.md:800	.raw.txt	bare-unresolvable
docs/evidence/s1/35-panel-snapshot-pump-r1.md:802	mutate.py	bare-ambiguous
docs/evidence/s1/35-panel-snapshot-pump-r1.md:814	_test.go	bare-unresolvable
docs/evidence/s1/35-panel-snapshot-pump-r1.md:815	loop.go	bare-ambiguous
docs/evidence/s1/35-panel-snapshot-pump-r1.md:818	run.go	bare-ambiguous
docs/evidence/s1/35-panel-snapshot-pump-r1.md:819	run.go	bare-ambiguous
docs/evidence/s1/35-panel-snapshot-pump-r1.md:826	panel_pump.go	bare-ambiguous
docs/evidence/s1/62-adversarial-acceptance.md:58	balldebug.exe	bare-unresolvable
docs/evidence/s1/62-adversarial-acceptance.md:64	balldebug.exe	bare-unresolvable
docs/evidence/s1/62-adversarial-acceptance.md:74	01-Sleeping-alive.png	bare-ambiguous
docs/evidence/s1/62-adversarial-acceptance.md:120	go.exe	bare-unresolvable
docs/evidence/s1/62-adversarial-acceptance.md:142	/m1/overlay.json	root-ambiguous
docs/evidence/s1/62-adversarial-acceptance.md:162	wisp.exe	bare-unresolvable
docs/evidence/s1/62-adversarial-acceptance.md:167	balldebug.exe	bare-unresolvable
docs/evidence/s1/62-adversarial-acceptance.md:206	wisp.exe	bare-unresolvable
docs/evidence/s1/62-adversarial-acceptance.md:228	_test.go	bare-unresolvable
docs/evidence/s1/62-adversarial-acceptance.md:291	/m2/overlay.json	root-ambiguous
docs/evidence/s1/62-adversarial-acceptance.md:300	/m3/overlay.json	root-ambiguous
docs/evidence/s1/62-adversarial-acceptance.md:311	/m4/overlay.json	root-ambiguous
docs/evidence/s1/62-adversarial-acceptance.md:324	_test.go	bare-unresolvable
docs/evidence/s1/62-adversarial-acceptance.md:333	wisp.exe	bare-unresolvable
docs/evidence/s1/62-adversarial-acceptance.md:360	/m5/overlay.json	root-ambiguous
docs/evidence/s1/62-adversarial-acceptance.md:431	/diff-table.txt	root-ambiguous
docs/evidence/s1/62-adversarial-acceptance.md:572	_test.go	bare-unresolvable
docs/evidence/s1/62-adversarial-acceptance.md:633	overlay.json	bare-ambiguous
docs/evidence/s1/62-adversarial-acceptance.md:634	balldebug.exe	bare-unresolvable
docs/evidence/s1/62-adversarial-acceptance.md:634	_roster_start.txt	bare-unresolvable
docs/evidence/s1/62-adversarial-acceptance.md:634	_roster_end.txt	bare-unresolvable
docs/evidence/s1/62-adversarial-acceptance.md:635	build_mutations.py	bare-unresolvable
docs/evidence/s1/62-adversarial-acceptance.md:635	fix_order.py	bare-unresolvable
docs/evidence/s1/62-adversarial-acceptance.md:635	sort_sections.py	bare-unresolvable
docs/evidence/s1/62-adversarial-acceptance.md:643	_roster_end.txt	bare-unresolvable
docs/evidence/s1/62-ball-visual-prototype.md:19	balldebug.exe	bare-unresolvable
docs/evidence/s1/62-ball-visual-prototype.md:50	balldebug.exe	bare-unresolvable
docs/evidence/s1/62-ball-visual-prototype.md:60	balldebug.exe	bare-unresolvable
docs/evidence/s1/62-ball-visual-prototype.md:61	balldebug.exe	bare-unresolvable
docs/evidence/s1/62-ball-visual-prototype.md:62	balldebug.exe	bare-unresolvable
docs/evidence/s1/62-ball-visual-prototype.md:65	balldebug.exe	bare-unresolvable
docs/evidence/s1/62-ball-visual-prototype.md:72	balldebug.exe	bare-unresolvable
docs/evidence/s1/62-ball-visual-prototype.md:78	balldebug.exe	bare-unresolvable
docs/evidence/s1/62-ball-visual-prototype.md:81	01-Sleeping-alive.png	bare-ambiguous
docs/evidence/s1/62-ball-visual-prototype.md:82	diff-table.txt	bare-ambiguous
docs/evidence/s1/62-ball-visual-prototype.md:105	balldebug.exe	bare-unresolvable
docs/evidence/s1/62-ball-visual-prototype.md:109	diff-table.txt	bare-ambiguous
docs/evidence/s1/62-ball-visual-prototype.md:138	balldebug.exe	bare-unresolvable
docs/evidence/s1/62-ball-visual-prototype.md:197	balldebug.exe	bare-unresolvable
docs/evidence/s1/62-ball-visual-prototype.md:237	balldebug.exe	bare-unresolvable
docs/evidence/s1/62-ball-visual-prototype.md:238	balldebug.exe	bare-unresolvable
docs/evidence/s1/62-ball-visual-prototype.md:239	balldebug.exe	bare-unresolvable
docs/evidence/s1/62-visual-spec-draft.md:58	_test.go	bare-unresolvable
docs/evidence/s1/62-visual-spec-draft.md:82	main.go	bare-ambiguous
docs/evidence/s1/62-visual-spec-draft.md:103	tokens.css	bare-only-design-frontend
docs/evidence/s1/62-visual-spec-draft.md:111	main.go	bare-ambiguous
docs/evidence/s1/62-visual-spec-draft.md:152	/diff-table.txt	root-ambiguous
docs/evidence/s1/62-visual-spec-draft.md:185	main.go	bare-ambiguous
docs/evidence/s1/64-adversarial-acceptance.md:49	_test.go	bare-unresolvable
docs/evidence/s1/64-adversarial-acceptance.md:63	_test.go	bare-unresolvable
docs/evidence/s1/64-winline-retest-2026-09-21/RESULTS.md:13	go.exe	bare-unresolvable
docs/evidence/s1/67-ac3-ascii-verdict.md:55	TEMP/.../mockllm.exe	ellipsis
docs/evidence/s1/67-ac3-ascii-verdict.md:56	config.toml	bare-unresolvable
docs/evidence/s1/67-adversarial-acceptance.md:14	main.go	bare-ambiguous
docs/evidence/s1/67-adversarial-acceptance.md:15	_test.go	bare-unresolvable
docs/evidence/s1/67-emoji-scope-internal-cmd.md:10	_test.go	bare-unresolvable
docs/evidence/s1/67-emoji-scope-internal-cmd.md:55	_test.go	bare-unresolvable
docs/evidence/s1/67-emoji-scope-internal-cmd.md:56	_test.go	bare-unresolvable
docs/evidence/s1/67-emoji-scope-internal-cmd.md:57	_test.go	bare-unresolvable
docs/evidence/s1/67-emoji-scope-internal-cmd.md:58	_test.go	bare-unresolvable
docs/evidence/s1/67-emoji-scope-internal-cmd.md:106	_test.go	bare-unresolvable
docs/evidence/s1/67-emoji-scope-internal-cmd.md:107	_test.go	bare-unresolvable
docs/evidence/s1/67-emoji-scope-internal-cmd.md:117	_test.go	bare-unresolvable
docs/evidence/s1/67-emoji-scope-internal-cmd.md:118	_test.go	bare-unresolvable
docs/evidence/s1/67-emoji-scope-internal-cmd.md:208	main.go	bare-ambiguous
docs/evidence/s1/67-emoji-scope-internal-cmd.md:210	go.mod	bare-ambiguous
docs/evidence/s1/67-emoji-scope-internal-cmd.md:221	_test.go	bare-unresolvable
docs/evidence/s1/67-emoji-scope-internal-cmd.md:235	_test.go	bare-unresolvable
docs/evidence/s1/69-adversarial-acceptance.md:34	tokens.css	bare-only-design-frontend
docs/evidence/s1/69-mutation-tokens.md:174	tokens.css	bare-only-design-frontend
docs/evidence/s1/73-orphan-staging-sweep.md:34	existing.txt	bare-unresolvable
docs/evidence/s1/74-adversarial-acceptance.md:13	tokens.css	bare-only-design-frontend
docs/evidence/s1/74-adversarial-acceptance.md:24	tokens.css	bare-only-design-frontend
docs/evidence/s1/75-independent-verification.md:35	/logs/g1.json	root-ambiguous
docs/evidence/s1/75-independent-verification.md:46	g1.json	bare-unresolvable
docs/evidence/s1/75-independent-verification.md:52	/logs/g1b.txt	root-ambiguous
docs/evidence/s1/75-independent-verification.md:54	/logs/g1b.txt	root-ambiguous
docs/evidence/s1/75-independent-verification.md:120	/logs/g2_vet.txt	root-ambiguous
docs/evidence/s1/75-independent-verification.md:151	g1.json	bare-unresolvable
docs/evidence/s1/75-independent-verification.md:151	g2.json	bare-unresolvable
docs/evidence/s1/75-independent-verification.md:168	pathshape_portable_test.go	bare-ambiguous
docs/evidence/s1/75-independent-verification.md:168	notes.txt	bare-unresolvable
docs/evidence/s1/75-independent-verification.md:170	pathshape_portable_test.go	bare-ambiguous
docs/evidence/s1/75-independent-verification.md:172	payload.txt	bare-unresolvable
docs/evidence/s1/75-independent-verification.md:281	CONTROL-escape.txt	bare-unresolvable
docs/evidence/s1/75-independent-verification.md:282	canary-separator.txt	bare-unresolvable
docs/evidence/s1/75-independent-verification.md:337	pathshape_portable_test.go	bare-ambiguous
docs/evidence/s1/75-independent-verification.md:403	bridge.go	bare-ambiguous
docs/evidence/s1/75-independent-verification.md:465	CONTROL-escape.txt	bare-unresolvable
docs/evidence/s1/75-independent-verification.md:488	prefix-base.log	bare-unresolvable
docs/evidence/s1/75-independent-verification.md:489	t2.log	bare-unresolvable
docs/evidence/s1/75-independent-verification.md:489	win-count2b.log	bare-unresolvable
docs/evidence/s1/75-independent-verification.md:490	prefix-base.log	bare-unresolvable
docs/evidence/s1/75-independent-verification.md:490	t2v.log	bare-unresolvable
docs/evidence/s1/75-independent-verification.md:501	pathshape_portable_test.go	bare-ambiguous
docs/evidence/s1/75-independent-verification.md:548	/logs/g2_vet.txt	root-ambiguous
docs/evidence/s1/75-independent-verification.md:574	/src/internal/agent/approval/gate.go	root-ambiguous
docs/evidence/s1/75-independent-verification.md:575	/src/internal/tools/bridge.go	root-ambiguous
docs/evidence/s1/75-independent-verification.md:576	/src/internal/tools/bridge.go	root-ambiguous
docs/evidence/s1/75-independent-verification.md:577	/src/internal/tools/wiring_test.go	root-ambiguous
docs/evidence/s1/75-independent-verification.md:578	/src/internal/tools/wiring_test.go	root-ambiguous
docs/evidence/s1/75-independent-verification.md:592	g1.json	bare-unresolvable
docs/evidence/s1/75-independent-verification.md:592	g2.json	bare-unresolvable
docs/evidence/s1/75-independent-verification.md:609	pathshape_portable_test.go	bare-ambiguous
docs/evidence/s1/75-independent-verification.md:609	notes.txt	bare-unresolvable
docs/evidence/s1/75-independent-verification.md:611	pathshape_portable_test.go	bare-ambiguous
docs/evidence/s1/75-independent-verification.md:613	payload.txt	bare-unresolvable
docs/evidence/s1/75-independent-verification.md:722	CONTROL-escape.txt	bare-unresolvable
docs/evidence/s1/75-independent-verification.md:723	canary-separator.txt	bare-unresolvable
docs/evidence/s1/75-independent-verification.md:779	pathshape_portable_test.go	bare-ambiguous
docs/evidence/s1/75-independent-verification.md:870	g1.json	bare-unresolvable
docs/evidence/s1/75-independent-verification.md:870	g1b.txt	bare-unresolvable
docs/evidence/s1/75-independent-verification.md:870	g2.json	bare-unresolvable
docs/evidence/s1/75-independent-verification.md:870	g3.txt	bare-unresolvable
docs/evidence/s1/75-independent-verification.md:870	g4b.txt	bare-unresolvable
docs/evidence/s1/75-independent-verification.md:870	g5.txt	bare-unresolvable
docs/evidence/s1/75-independent-verification.md:871	g6_pre.txt	bare-unresolvable
docs/evidence/s1/75-independent-verification.md:871	g7_win.txt	bare-unresolvable
docs/evidence/s1/75-independent-verification.md:871	g8_linux_risk_v.txt	bare-unresolvable
docs/evidence/s1/75-independent-verification.md:871	ci_testcore.log	bare-unresolvable
docs/evidence/s1/75-independent-verification.md:906	gate.go	bare-ambiguous
docs/evidence/s1/75-independent-verification.md:919	/src/internal/agent/approval/gate.go	root-ambiguous
docs/evidence/s1/75-independent-verification.md:920	/src/internal/tools/bridge.go	root-ambiguous
docs/evidence/s1/75-independent-verification.md:921	/src/internal/tools/bridge.go	root-ambiguous
docs/evidence/s1/75-independent-verification.md:922	/src/internal/tools/wiring_test.go	root-ambiguous
docs/evidence/s1/75-independent-verification.md:923	/src/internal/tools/wiring_test.go	root-ambiguous
docs/evidence/s1/75-independent-verification.md:928	bridge.go	bare-ambiguous
docs/evidence/s1/75-independent-verification.md:1025	g1.json	bare-unresolvable
docs/evidence/s1/75-independent-verification.md:1025	g1b.txt	bare-unresolvable
docs/evidence/s1/75-independent-verification.md:1025	g2.json	bare-unresolvable
docs/evidence/s1/75-independent-verification.md:1025	g3.txt	bare-unresolvable
docs/evidence/s1/75-independent-verification.md:1025	g4b.txt	bare-unresolvable
docs/evidence/s1/75-independent-verification.md:1025	g5.txt	bare-unresolvable
docs/evidence/s1/75-independent-verification.md:1026	g6_pre.txt	bare-unresolvable
docs/evidence/s1/75-independent-verification.md:1026	g7_win.txt	bare-unresolvable
docs/evidence/s1/75-independent-verification.md:1026	g8_linux_risk_v.txt	bare-unresolvable
docs/evidence/s1/75-independent-verification.md:1026	ci_testcore.log	bare-unresolvable
docs/evidence/s1/75-independent-verification.md:1039	75-independent-verification-A.md	bare-unresolvable
docs/evidence/s1/75-linux-mutation-check.md:7	baseline.log	bare-unresolvable
docs/evidence/s1/75-linux-mutation-check.md:7	mutant.log	bare-unresolvable
docs/evidence/s1/75-linux-mutation-check.md:7	restored.log	bare-unresolvable
docs/evidence/s1/75-linux-mutation-check.md:153	config.toml	bare-unresolvable
docs/evidence/s1/75-linux-mutation-check.md:198	note.txt	bare-unresolvable
docs/evidence/s1/75-linux-mutation-check.md:203	pathshape_portable_test.go	bare-ambiguous
docs/evidence/s1/75-linux-mutation-check.md:206	pathshape_portable_test.go	bare-ambiguous
docs/evidence/s1/75-linux-mutation-check.md:211	pathshape_portable_test.go	bare-ambiguous
docs/evidence/s1/75-linux-mutation-check.md:267	bridge_test.go	bare-ambiguous
docs/evidence/s1/75-linux-mutation-check.md:268	pathshape_portable_test.go	bare-ambiguous
docs/evidence/s1/75-linux-mutation-check.md:281	mutant.log	bare-unresolvable
docs/evidence/s1/75-linux-mutation-check.md:282	restored.log	bare-unresolvable
docs/evidence/s1/75-rootcause-linux-path-shape.md:23	/src/run_ci.sh	root-ambiguous
docs/evidence/s1/75-rootcause-linux-path-shape.md:113	fs_write.go	bare-ambiguous
docs/evidence/s1/75-rootcause-locator-report.md:29	file.txt	bare-unresolvable
docs/evidence/s1/75-rootcause-locator-report.md:73	shared.md	bare-unresolvable
docs/evidence/s1/75-rootcause-locator-report.md:75	_windows_test.go	bare-unresolvable
docs/evidence/s1/75-rootcause-locator-report.md:88	fs_write.go	bare-ambiguous
docs/evidence/s1/76-adversarial-acceptance.md:10	CONTROL-escape.txt	bare-unresolvable
docs/evidence/s1/76-adversarial-acceptance.md:27	tool-output-pq.txt	bare-unresolvable
docs/evidence/s1/79-adversarial-acceptance.md:45	tool-output-pq.txt	bare-unresolvable
docs/evidence/s1/79-adversarial-acceptance.md:90	tool-output-pq.txt	bare-unresolvable
docs/evidence/s1/79-adversarial-acceptance.md:90	2Fq.txt	bare-unresolvable
docs/evidence/s1/79-adversarial-acceptance.md:102	tool-output-<id>.txt	placeholder
docs/evidence/s1/79-adversarial-acceptance.md:104	cmd.exe	bare-unresolvable
docs/evidence/s1/80-ac1-ac2-verdict.md:27	pathshape_portable_test.go	bare-ambiguous
docs/evidence/s1/80-ac1-ac2-verdict.md:37	schema.go	bare-ambiguous
docs/evidence/s1/81-adversarial-acceptance.md:46	git.exe	bare-unresolvable
docs/evidence/s1/81-adversarial-acceptance.md:49	_windows_test.go	bare-unresolvable
docs/evidence/s1/82-adversarial-acceptance.md:136	syncdirs_winmut_test.go	bare-unresolvable
docs/evidence/s1/82-adversarial-acceptance.md:150	syncdirs_winmut_test.go	bare-unresolvable
docs/evidence/s1/82-adversarial-acceptance.md:151	syncdirs_winmut_test.go	bare-unresolvable
docs/evidence/s1/82-adversarial-acceptance.md:152	syncdirs_winmut_test.go	bare-unresolvable
docs/evidence/s1/82-adversarial-acceptance.md:153	syncdirs_winmut_test.go	bare-unresolvable
docs/evidence/s1/82-adversarial-acceptance.md:154	syncdirs_winmut_test.go	bare-unresolvable
docs/evidence/s1/82-adversarial-acceptance.md:155	syncdirs_winmut_test.go	bare-unresolvable
docs/evidence/s1/82-adversarial-acceptance.md:156	syncdirs_winmut_test.go	bare-unresolvable
docs/evidence/s1/82-adversarial-acceptance.md:196	provenance.go	bare-ambiguous
docs/evidence/s1/82-adversarial-acceptance.md:212	_windows_test.go	bare-unresolvable
docs/evidence/s1/82-adversarial-acceptance.md:212	_other_test.go	bare-unresolvable
docs/evidence/s1/82-adversarial-acceptance.md:225	_other_test.go	bare-unresolvable
docs/evidence/s1/82-adversarial-acceptance.md:265	root>/Notes/../../work/x.md	placeholder
docs/evidence/s1/82-adversarial-acceptance.md:282	root>/Notes/new.md	placeholder
docs/evidence/s1/82-adversarial-acceptance.md:316	git.exe	bare-unresolvable
docs/evidence/s1/82-adversarial-acceptance.md:319	git.exe	bare-unresolvable
docs/evidence/s1/82-adversarial-acceptance.md:321	git.exe	bare-unresolvable
docs/evidence/s1/82-adversarial-acceptance.md:331	git.exe	bare-unresolvable
docs/evidence/s1/82-adversarial-acceptance.md:333	provenance.go	bare-ambiguous
docs/evidence/s1/82-adversarial-acceptance.md:444	git.exe	bare-unresolvable
docs/evidence/s1/84-ac1-bounded-wait.md:48	gate.go	bare-ambiguous
docs/evidence/s1/84-ac1-bounded-wait.md:56	gate.go	bare-ambiguous
docs/evidence/s1/84-ac1-bounded-wait.md:57	gate.go	bare-ambiguous
docs/evidence/s1/85-preflight-staticcheck.md:102	go.mod	bare-ambiguous
docs/evidence/s1/85-preflight-staticcheck.md:107	staticcheck.exe	bare-unresolvable
docs/evidence/s1/85-preflight-staticcheck.md:130	go.mod	bare-ambiguous
docs/evidence/s1/85-preflight-staticcheck.md:131	go.mod	bare-ambiguous
docs/evidence/s1/85-preflight-staticcheck.md:176	go.mod	bare-ambiguous
docs/evidence/s1/85-preflight-staticcheck.md:179	_test.go	bare-unresolvable
docs/evidence/s1/85-preflight-staticcheck.md:181	_windows.go	bare-unresolvable
docs/evidence/s1/85-preflight-staticcheck.md:190	_test.go	bare-unresolvable
docs/evidence/s1/85-preflight-staticcheck.md:215	main.go	bare-ambiguous
docs/evidence/s1/85-preflight-staticcheck.md:216	main.go	bare-ambiguous
docs/evidence/s1/85-preflight-staticcheck.md:236	staticcheck-2026.2.1.exe	bare-unresolvable
docs/evidence/s1/85-preflight-staticcheck.md:260	_test.go	bare-unresolvable
docs/evidence/s1/85-preflight-staticcheck.md:312	_windows.go	bare-unresolvable
docs/evidence/s1/85-preflight-staticcheck.md:312	_windows_test.go	bare-unresolvable
docs/evidence/s1/85-preflight-staticcheck.md:438	MEMORY.md	bare-unresolvable
docs/evidence/s1/87-adversarial-acceptance.md:143	gate.go	bare-ambiguous
docs/evidence/s1/87-adversarial-acceptance.md:188	gate.go	bare-ambiguous
docs/evidence/s1/87-adversarial-acceptance.md:193	_test.go	bare-unresolvable
docs/evidence/s1/87-adversarial-acceptance.md:214	87-shadow-A.txt	bare-unresolvable
docs/evidence/s1/87-adversarial-acceptance.md:273	gate.go	bare-ambiguous
docs/evidence/s1/87-adversarial-acceptance.md:274	gate.go	bare-ambiguous
docs/evidence/s1/87-adversarial-acceptance.md:287	gate.go	bare-ambiguous
docs/evidence/s1/87-adversarial-acceptance.md:315	x.test.exe	bare-unresolvable
docs/evidence/s1/87-adversarial-acceptance.md:316	x.test.exe	bare-unresolvable
docs/evidence/s1/87-adversarial-acceptance.md:346	gate.go	bare-ambiguous
docs/evidence/s1/87-adversarial-acceptance.md:351	gate.go	bare-ambiguous
docs/evidence/s1/87-adversarial-acceptance.md:351	run.go	bare-ambiguous
docs/evidence/s1/87-adversarial-acceptance.md:378	_test.go	bare-unresolvable
docs/evidence/s1/88-adversarial-acceptance.md:26	main.go	bare-ambiguous
docs/evidence/s1/88-adversarial-acceptance.md:49	_test.go	bare-unresolvable
docs/evidence/s1/88-adversarial-acceptance.md:50	_test.go	bare-unresolvable
docs/evidence/s1/88-adversarial-acceptance.md:51	_test.go	bare-unresolvable
docs/evidence/s1/88-adversarial-acceptance.md:76	main.go	bare-ambiguous
docs/evidence/s1/88-adversarial-acceptance.md:84	main.go	bare-ambiguous
docs/evidence/s1/88-adversarial-acceptance.md:85	main.go	bare-ambiguous
docs/evidence/s1/88-adversarial-acceptance.md:99	_test.go	bare-unresolvable
docs/evidence/s1/88-adversarial-acceptance.md:110	main.go	bare-ambiguous
docs/evidence/s1/88-adversarial-acceptance.md:222	_test.go	bare-unresolvable
docs/evidence/s1/88-adversarial-acceptance.md:228	main.go	bare-ambiguous
docs/evidence/s1/88-adversarial-acceptance.md:233	main.go	bare-ambiguous
docs/evidence/s1/88-adversarial-acceptance.md:306	main.go	bare-ambiguous
docs/evidence/s1/88-adversarial-acceptance.md:317	main.go	bare-ambiguous
docs/evidence/s1/88-adversarial-acceptance.md:318	main.go	bare-ambiguous
docs/evidence/s1/89-adversarial-acceptance.md:6	icacls.exe	bare-unresolvable
docs/evidence/s1/89-adversarial-acceptance.md:64	wisp.db	bare-unresolvable
docs/evidence/s1/89-adversarial-acceptance.md:80	store.go	bare-ambiguous
docs/evidence/s1/89-adversarial-acceptance.md:88	artifact.txt	bare-unresolvable
docs/evidence/s1/89-adversarial-acceptance.md:92	wisp.db	bare-unresolvable
docs/evidence/s1/89-adversarial-acceptance.md:93	wisp.db	bare-unresolvable
docs/evidence/s1/89-adversarial-acceptance.md:94	wisp.db	bare-unresolvable
docs/evidence/s1/89-adversarial-acceptance.md:131	artifact.txt	bare-unresolvable
docs/evidence/s1/89-adversarial-acceptance.md:203	artifact.txt	bare-unresolvable
docs/evidence/s1/89-adversarial-acceptance.md:239	a-inherited-only.txt	bare-unresolvable
docs/evidence/s1/89-adversarial-acceptance.md:239	b-own-explicit-ace.txt	bare-unresolvable
docs/evidence/s1/89-adversarial-acceptance.md:270	keep-me.txt	bare-unresolvable
docs/evidence/s1/89-adversarial-acceptance.md:340	root>/artifact.txt	placeholder
docs/evidence/s1/89-adversarial-acceptance.md:373	store.go	bare-ambiguous
docs/evidence/s1/89-adversarial-acceptance.md:477	wisp.db	bare-unresolvable
docs/evidence/s1/89-adversarial-acceptance.md:480	config.toml	bare-unresolvable
docs/evidence/s1/89-adversarial-acceptance.md:494	_test.go	bare-unresolvable
docs/evidence/s1/89b-reacceptance.md:12	icacls.exe	bare-unresolvable
docs/evidence/s1/89b-reacceptance.md:48	operator-widened-file.txt	bare-unresolvable
docs/evidence/s1/89b-reacceptance.md:49	operator-widened-file.txt	bare-unresolvable
docs/evidence/s1/89b-reacceptance.md:53	operator-widened-file.txt	bare-unresolvable
docs/evidence/s1/89b-reacceptance.md:76	shared-with-a-service-account.txt	bare-unresolvable
docs/evidence/s1/89b-reacceptance.md:77	shared-with-a-service-account.txt	bare-unresolvable
docs/evidence/s1/89b-reacceptance.md:83	operator-widened-file.txt	bare-unresolvable
docs/evidence/s1/89b-reacceptance.md:93	inherits-only.txt	bare-unresolvable
docs/evidence/s1/89b-reacceptance.md:119	config.toml	bare-unresolvable
docs/evidence/s1/89b-reacceptance.md:120	config.toml	bare-unresolvable
docs/evidence/s1/89b-reacceptance.md:123	config.toml	bare-unresolvable
docs/evidence/s1/89b-reacceptance.md:127	config.toml	bare-unresolvable
docs/evidence/s1/89b-reacceptance.md:132	config.toml	bare-unresolvable
docs/evidence/s1/89b-reacceptance.md:133	config.toml	bare-unresolvable
docs/evidence/s1/89b-reacceptance.md:140	config.toml	bare-unresolvable
docs/evidence/s1/89b-reacceptance.md:148	migrate.go	bare-ambiguous
docs/evidence/s1/89b-reacceptance.md:148	config.toml	bare-unresolvable
docs/evidence/s1/89b-reacceptance.md:149	migrate.go	bare-ambiguous
docs/evidence/s1/89b-reacceptance.md:155	config.toml	bare-unresolvable
docs/evidence/s1/89b-reacceptance.md:162	config.toml	bare-unresolvable
docs/evidence/s1/89b-reacceptance.md:163	config.toml	bare-unresolvable
docs/evidence/s1/89b-reacceptance.md:164	migrate.go	bare-ambiguous
docs/evidence/s1/89b-reacceptance.md:167	config.toml	bare-unresolvable
docs/evidence/s1/89b-reacceptance.md:172	_test.go	bare-unresolvable
docs/evidence/s1/89b-reacceptance.md:177	config.toml	bare-unresolvable
docs/evidence/s1/89b-reacceptance.md:183	config.toml	bare-unresolvable
docs/evidence/s1/89b-reacceptance.md:188	config.toml	bare-unresolvable
docs/evidence/s1/89b-reacceptance.md:189	config.toml	bare-unresolvable
docs/evidence/s1/89b-reacceptance.md:254	artifact.txt	bare-unresolvable
docs/evidence/s1/89b-reacceptance.md:308	config.toml	bare-unresolvable
docs/evidence/s1/89b-reacceptance.md:373	migrate.go	bare-ambiguous
docs/evidence/s1/89b-reacceptance.md:387	shared-with-a-service-account.txt	bare-unresolvable
docs/evidence/s1/89b-reacceptance.md:393	migrate.go	bare-ambiguous
docs/evidence/s1/89b-reacceptance.md:423	wisp.db	bare-unresolvable
docs/evidence/s1/89b-reacceptance.md:424	config.toml	bare-unresolvable
docs/evidence/s1/89b-reacceptance.md:427	config.toml	bare-unresolvable
docs/evidence/s1/90-adversarial-acceptance.md:82	store_test.go	bare-ambiguous
docs/evidence/s1/90-adversarial-acceptance.md:83	store_test.go	bare-ambiguous
docs/evidence/s1/90-adversarial-acceptance.md:84	store_test.go	bare-ambiguous
docs/evidence/s1/90-adversarial-acceptance.md:86	mode.go	bare-ambiguous
docs/evidence/s1/90-adversarial-acceptance.md:87	store_test.go	bare-ambiguous
docs/evidence/s1/90-adversarial-acceptance.md:102	mode.go	bare-ambiguous
docs/evidence/s1/90-adversarial-acceptance.md:103	mode.go	bare-ambiguous
docs/evidence/s1/90-adversarial-acceptance.md:124	config.toml	bare-unresolvable
docs/evidence/s1/90-adversarial-acceptance.md:146	config.toml	bare-unresolvable
docs/evidence/s1/90-adversarial-acceptance.md:148	bridge.go	bare-ambiguous
docs/evidence/s1/90-adversarial-acceptance.md:166	config.toml	bare-unresolvable
docs/evidence/s1/90-adversarial-acceptance.md:167	config.toml	bare-unresolvable
docs/evidence/s1/90-adversarial-acceptance.md:168	config.toml	bare-unresolvable
docs/evidence/s1/90-adversarial-acceptance.md:169	config.toml	bare-unresolvable
docs/evidence/s1/90-adversarial-acceptance.md:171	mode.go	bare-ambiguous
docs/evidence/s1/90-adversarial-acceptance.md:195	mode.go	bare-ambiguous
docs/evidence/s1/90-adversarial-acceptance.md:204	_test.go	bare-unresolvable
docs/evidence/s1/90-adversarial-acceptance.md:207	bridge.go	bare-ambiguous
docs/evidence/s1/90-adversarial-acceptance.md:208	fs.go	bare-ambiguous
docs/evidence/s1/90-adversarial-acceptance.md:208	fs_write.go	bare-ambiguous
docs/evidence/s1/90-adversarial-acceptance.md:211	run.go	bare-ambiguous
docs/evidence/s1/90-adversarial-acceptance.md:224	run.go	bare-ambiguous
docs/evidence/s1/90-adversarial-acceptance.md:248	_test.go	bare-unresolvable
docs/evidence/s1/90-adversarial-acceptance.md:249	_test.go	bare-unresolvable
docs/evidence/s1/90-adversarial-acceptance.md:264	bridge.go	bare-ambiguous
docs/evidence/s1/90-adversarial-acceptance.md:304	bridge.go	bare-ambiguous
docs/evidence/s1/90-adversarial-acceptance.md:309	run.go	bare-ambiguous
docs/evidence/s1/90-adversarial-acceptance.md:327	config.toml	bare-unresolvable
docs/evidence/s1/90-adversarial-acceptance.md:350	rt.mod	bare-unresolvable
docs/evidence/s1/91-isolation-options.md:6	battery6.txt	bare-unresolvable
docs/evidence/s1/91-isolation-options.md:7	battery7.txt	bare-unresolvable
docs/evidence/s1/91-isolation-options.md:7	acmd3.txt	bare-unresolvable
docs/evidence/s1/91-isolation-options.md:7	acmd2-run1.txt	bare-unresolvable
docs/evidence/s1/91-isolation-options.md:7	acmd2-run2.txt	bare-unresolvable
docs/evidence/s1/91-isolation-options.md:19	shell.exe	bare-unresolvable
docs/evidence/s1/91-isolation-options.md:43	wisp.db	bare-unresolvable
docs/evidence/s1/91-isolation-options.md:87	shell.exe	bare-unresolvable
docs/evidence/s1/91-isolation-options.md:88	wisp.db	bare-unresolvable
docs/evidence/s1/91-isolation-options.md:89	config.toml	bare-unresolvable
docs/evidence/s1/91-isolation-options.md:105	main.go	bare-ambiguous
docs/evidence/s1/91-isolation-options.md:121	wisp91-probe-read-sess91a7c3.txt	bare-unresolvable
docs/evidence/s1/91-isolation-options.md:123	wisp91-probe-write-sess91a7c3.txt	bare-unresolvable
docs/evidence/s1/91-isolation-options.md:124	wisp91-probe-write-sess91a7c3.txt	bare-unresolvable
docs/evidence/s1/91-isolation-options.md:127	battery6.txt	bare-unresolvable
docs/evidence/s1/91-isolation-options.md:127	battery7.txt	bare-unresolvable
docs/evidence/s1/91-isolation-options.md:162	battery7.txt	bare-unresolvable
docs/evidence/s1/91-isolation-options.md:163	cmd.exe	bare-unresolvable
docs/evidence/s1/91-isolation-options.md:164	battery7.txt	bare-unresolvable
docs/evidence/s1/91-isolation-options.md:183	runas.exe	bare-unresolvable
docs/evidence/s1/91-isolation-options.md:184	wisp.db	bare-unresolvable
docs/evidence/s1/91-os-isolation-memo.md:9	main.go	bare-ambiguous
docs/evidence/s1/91-os-isolation-memo.md:9	run5.log	bare-unresolvable
docs/evidence/s1/91-os-isolation-memo.md:9	run9.log	bare-unresolvable
docs/evidence/s1/91-os-isolation-memo.md:9	run10.log	bare-unresolvable
docs/evidence/s1/91-os-isolation-memo.md:9	run_ac2.log	bare-unresolvable
docs/evidence/s1/91-os-isolation-memo.md:9	run_ac3.log	bare-unresolvable
docs/evidence/s1/91-os-isolation-memo.md:42	whoami.exe	bare-unresolvable
docs/evidence/s1/91-os-isolation-memo.md:53	wisp91b-t2-secret.txt	bare-unresolvable
docs/evidence/s1/91-os-isolation-memo.md:54	config.toml	bare-unresolvable
docs/evidence/s1/91-os-isolation-memo.md:54	wisp91b-t2-parentfile.txt	bare-unresolvable
docs/evidence/s1/91-os-isolation-memo.md:72	shell.exe	bare-unresolvable
docs/evidence/s1/91-os-isolation-memo.md:76	shell.exe	bare-unresolvable
docs/evidence/s1/91-os-isolation-memo.md:106	run5.log	bare-unresolvable
docs/evidence/s1/91-os-isolation-memo.md:106	run10.log	bare-unresolvable
docs/evidence/s1/91-os-isolation-memo.md:110	run10.log	bare-unresolvable
docs/evidence/s1/91-os-isolation-memo.md:114	wisp91b-t2-secret.txt	bare-unresolvable
docs/evidence/s1/91-os-isolation-memo.md:116	config.toml	bare-unresolvable
docs/evidence/s1/91-os-isolation-memo.md:125	cmd.exe	bare-unresolvable
docs/evidence/s1/91-os-isolation-memo.md:141	shell.exe	bare-unresolvable
docs/evidence/s1/91-os-isolation-memo.md:165	acmd2-run2.txt	bare-unresolvable
docs/evidence/s1/91-os-isolation-memo.md:185	config.toml	bare-unresolvable
docs/evidence/s1/91-os-isolation-memo.md:192	cmd.exe	bare-unresolvable
docs/evidence/s1/91-os-isolation-memo.md:195	cmd.exe	bare-unresolvable
docs/evidence/s1/91-os-isolation-memo.md:195	acmd2-run2.txt	bare-unresolvable
docs/evidence/s1/91-os-isolation-memo.md:283	wisp.db	bare-unresolvable
docs/evidence/s1/91-os-isolation-memo.md:283	config.toml	bare-unresolvable
docs/evidence/s1/91-os-isolation-memo.md:315	SPEC-07-tools-plugins.md	bare-unresolvable
docs/evidence/s1/91-os-isolation-memo.md:317	config.toml	bare-unresolvable
docs/evidence/s1/91-os-isolation-memo.md:332	shell.exe	bare-unresolvable
docs/evidence/s1/91-os-isolation-memo.md:357	shell.exe	bare-unresolvable
docs/evidence/s1/91-os-isolation-memo.md:396	spike91b.exe	bare-unresolvable
docs/evidence/s1/91-os-isolation-memo.md:397	wisp91b-t2-parentfile.txt	bare-unresolvable
docs/evidence/s1/91-os-isolation-memo.md:398	wisp91b-t2-secret.txt	bare-unresolvable
docs/evidence/s1/92-adversarial-acceptance.md:34	_test.go	bare-unresolvable
docs/evidence/s1/92-adversarial-acceptance.md:37	panel.mod	bare-unresolvable
docs/evidence/s1/92-adversarial-acceptance.md:39	panel.mod	bare-unresolvable
docs/evidence/s1/92-adversarial-acceptance.md:40	.ts/.tsx/.css	stemless
docs/evidence/s1/92-adversarial-acceptance.md:40	panel.ts	bare-only-design-frontend
docs/evidence/s1/92-adversarial-acceptance.md:49	panel.mod	bare-unresolvable
docs/evidence/s1/92-adversarial-acceptance.md:51	panel.ts	bare-only-design-frontend
docs/evidence/s1/92-adversarial-acceptance.md:65	zz_ac92probe_test.go	bare-unresolvable
docs/evidence/s1/92-adversarial-acceptance.md:69	attachment-<sha8>.png	placeholder
docs/evidence/s1/92-adversarial-acceptance.md:71	invoice.png	bare-unresolvable
docs/evidence/s1/92-adversarial-acceptance.md:72	empty.png	bare-unresolvable
docs/evidence/s1/92-adversarial-acceptance.md:73	photo.png	bare-unresolvable
docs/evidence/s1/92-adversarial-acceptance.md:74	big.png	bare-unresolvable
docs/evidence/s1/92-adversarial-acceptance.md:75	evil.png	bare-unresolvable
docs/evidence/s1/92-adversarial-acceptance.md:75	x.png	bare-unresolvable
docs/evidence/s1/92-adversarial-acceptance.md:97	secret.txt	bare-unresolvable
docs/evidence/s1/92-adversarial-acceptance.md:103	risk.pathresolver_other.go	bare-unresolvable
docs/evidence/s1/92-adversarial-acceptance.md:131	composer.tsx	bare-only-design-frontend
docs/evidence/s1/92-adversarial-acceptance.md:155	bridge_test.go	bare-ambiguous
docs/evidence/s1/92-adversarial-acceptance.md:156	_test.go	bare-unresolvable
docs/evidence/s1/92-adversarial-acceptance.md:157	/wisp/internal/tools/paths_workspace.go	root-ambiguous
docs/evidence/s1/92-adversarial-acceptance.md:164	/out/posix.txt	root-ambiguous
docs/evidence/s1/92-adversarial-acceptance.md:187	secret.txt	bare-unresolvable
docs/evidence/s1/92-adversarial-acceptance.md:196	.ts/.tsx/.css	stemless
docs/evidence/s1/92-adversarial-acceptance.md:196	panel.mod	bare-unresolvable
docs/evidence/s1/92-adversarial-acceptance.md:196	.js/.mjs/.jsx/.html/.json	stemless
docs/evidence/s1/92-adversarial-acceptance.md:196	panel.ts	bare-only-design-frontend
docs/evidence/s1/92-adversarial-acceptance.md:214	MEMORY.md	bare-unresolvable
docs/evidence/s1/92-adversarial-acceptance.md:232	/wisp/internal/tools/paths_workspace.go	root-ambiguous
docs/evidence/s1/92-adversarial-acceptance.md:238	bridge.go	bare-ambiguous
docs/evidence/s1/92b-adversarial-acceptance.md:14	.ts/.tsx/.css	stemless
docs/evidence/s1/92b-adversarial-acceptance.md:29	gofumpt.exe	bare-unresolvable
docs/evidence/s1/92b-adversarial-acceptance.md:35	bridge_test.go	bare-ambiguous
docs/evidence/s1/92b-adversarial-acceptance.md:43	/wisp/go.mod	root-ambiguous
docs/evidence/s1/92b-adversarial-acceptance.md:86	index.html	bare-only-design-frontend
docs/evidence/s1/92b-adversarial-acceptance.md:91	/wisp/go.mod	root-ambiguous
docs/evidence/s1/92b-adversarial-acceptance.md:147	/wisp/go.mod	root-ambiguous
docs/evidence/s1/92b-adversarial-acceptance.md:154	MEMORY.md	bare-unresolvable
docs/evidence/s1/92b-adversarial-acceptance.md:205	panel.mod	bare-unresolvable
docs/evidence/s1/92b-adversarial-acceptance.md:207	panel.ts	bare-only-design-frontend
docs/evidence/s1/92b-adversarial-acceptance.md:208	/ac92b-door.js	root-ambiguous
docs/evidence/s1/92b-adversarial-acceptance.md:212	composer.tsx	bare-only-design-frontend
docs/evidence/s1/92b-adversarial-acceptance.md:212	state.mod	bare-unresolvable
docs/evidence/s1/92b-adversarial-acceptance.md:246	state.mod	bare-unresolvable
docs/evidence/s1/92b-adversarial-acceptance.md:288	index.html	bare-only-design-frontend
docs/evidence/s1/92b-adversarial-acceptance.md:305	panel.ts	bare-only-design-frontend
docs/evidence/s1/92b-adversarial-acceptance.md:311	panel.ts	bare-only-design-frontend
docs/evidence/s1/92b-adversarial-acceptance.md:312	panel.ts	bare-only-design-frontend
docs/evidence/s1/92b-adversarial-acceptance.md:312	panel.mod	bare-unresolvable
docs/evidence/s1/92b-adversarial-acceptance.md:313	panel.ts	bare-only-design-frontend
docs/evidence/s1/92b-adversarial-acceptance.md:319	panel.mod	bare-unresolvable
docs/evidence/s1/92b-adversarial-acceptance.md:328	panel.ts	bare-only-design-frontend
docs/evidence/s1/92b-adversarial-acceptance.md:332	vendor-shadcn.mjs	bare-only-design-frontend
docs/evidence/s1/92b-adversarial-acceptance.md:340	run.go	bare-ambiguous
docs/evidence/s1/93-adversarial-acceptance.md:74	MEMORY.md	bare-unresolvable
docs/evidence/s1/94-adversarial-acceptance.md:7	icacls.exe	bare-unresolvable
docs/evidence/s1/94-adversarial-acceptance.md:56	main.go	bare-ambiguous
docs/evidence/s1/94-adversarial-acceptance.md:59	main.go	bare-ambiguous
docs/evidence/s1/94-adversarial-acceptance.md:120	secret.txt	bare-unresolvable
docs/evidence/s1/94-adversarial-acceptance.md:162	provenance.go	bare-ambiguous
docs/evidence/s1/94-adversarial-acceptance.md:163	redact.go	bare-ambiguous
docs/evidence/s1/94-adversarial-acceptance.md:164	store.go	bare-ambiguous
docs/evidence/s1/94-adversarial-acceptance.md:180	store.go	bare-ambiguous
docs/evidence/s1/94-adversarial-acceptance.md:223	keep-me.txt	bare-unresolvable
docs/evidence/s1/94-adversarial-acceptance.md:380	_test.go	bare-unresolvable
docs/evidence/s1/94-adversarial-acceptance.md:381	_test.go	bare-unresolvable
docs/evidence/s1/94-adversarial-acceptance.md:472	keep-me.txt	bare-unresolvable
docs/evidence/s1/94-adversarial-acceptance.md:492	ours.txt	bare-unresolvable
docs/evidence/s1/95-adversarial-acceptance.md:19	doc.go	bare-ambiguous
docs/evidence/s1/95-adversarial-acceptance.md:21	migrate.go	bare-ambiguous
docs/evidence/s1/95-adversarial-acceptance.md:23	schema.go	bare-ambiguous
docs/evidence/s1/95-adversarial-acceptance.md:25	slo_windows.go	bare-ambiguous
docs/evidence/s1/95-adversarial-acceptance.md:38	bridge.go	bare-ambiguous
docs/evidence/s1/95-adversarial-acceptance.md:41	doc.go	bare-ambiguous
docs/evidence/s1/95-adversarial-acceptance.md:53	config.toml	bare-unresolvable
docs/evidence/s1/95-adversarial-acceptance.md:62	config.toml	bare-unresolvable
docs/evidence/s1/95-adversarial-acceptance.md:67	migrate.go	bare-ambiguous
docs/evidence/s1/95-adversarial-acceptance.md:77	tokens.txt	bare-unresolvable
docs/evidence/s1/95-adversarial-acceptance.md:89	migrate.go	bare-ambiguous
docs/evidence/s1/95-adversarial-acceptance.md:92	config.toml	bare-unresolvable
docs/evidence/s1/95-adversarial-acceptance.md:95	config.toml	bare-unresolvable
docs/evidence/s1/95-adversarial-acceptance.md:145	config.toml	bare-unresolvable
docs/evidence/s1/95-adversarial-acceptance.md:146	config.toml	bare-unresolvable
docs/evidence/s1/96-adversarial-acceptance.md:40	_test.go	bare-unresolvable
docs/evidence/s1/96-adversarial-acceptance.md:41	_test.go	bare-unresolvable
docs/evidence/s1/96-adversarial-acceptance.md:82	main.go	bare-ambiguous
docs/evidence/s1/96-adversarial-acceptance.md:162	_test.go	bare-unresolvable
docs/evidence/s1/96-adversarial-acceptance.md:166	_test.go	bare-unresolvable
docs/evidence/s1/96-adversarial-acceptance.md:176	main.go	bare-ambiguous
docs/evidence/s1/96-adversarial-acceptance.md:191	go.mod	bare-ambiguous
docs/evidence/s1/96-adversarial-acceptance.md:192	main.go	bare-ambiguous
docs/evidence/s1/96-adversarial-acceptance.md:192	sc.go	bare-unresolvable
docs/evidence/s1/96-adversarial-acceptance.md:193	main.go	bare-ambiguous
docs/evidence/s1/96-adversarial-acceptance.md:196	main.go	bare-ambiguous
docs/evidence/s1/96-adversarial-acceptance.md:279	README.md	bare-ambiguous
docs/evidence/s1/96-adversarial-acceptance.md:282	main.go	bare-ambiguous
docs/evidence/s1/96-adversarial-acceptance.md:318	main.go	bare-ambiguous
docs/evidence/s1/96-adversarial-acceptance.md:325	main.go	bare-ambiguous
docs/evidence/s1/97-adversarial-acceptance.md:13	_test.go	bare-unresolvable
docs/evidence/s1/97-adversarial-acceptance.md:15	gate.go	bare-ambiguous
docs/evidence/s1/97-adversarial-acceptance.md:17	_test.go	bare-unresolvable
docs/evidence/s1/97-adversarial-acceptance.md:23	gate.go	bare-ambiguous
docs/evidence/s1/97-adversarial-acceptance.md:27	gate.go	bare-ambiguous
docs/evidence/s1/99-adversarial-acceptance.md:66	go.mod	bare-ambiguous
docs/evidence/s1/99-adversarial-acceptance.md:74	_test.go	bare-unresolvable
docs/evidence/s1/99-adversarial-acceptance.md:85	go.mod	bare-ambiguous
docs/evidence/s1/c21-native-tokens.md:10	tokens.css	bare-only-design-frontend
docs/evidence/s1/c21-native-tokens.md:11	tokens.css	bare-only-design-frontend
docs/evidence/s1/c21-native-tokens.md:16	tokens.css	bare-only-design-frontend
docs/evidence/s1/c21-native-tokens.md:17	tokens.css	bare-only-design-frontend
docs/evidence/s1/c21-native-tokens.md:20	tokens.css	bare-only-design-frontend
docs/evidence/s1/c21-native-tokens.md:37	tokens.css	bare-only-design-frontend
docs/evidence/s1/c21-native-tokens.md:48	tokens.css	bare-only-design-frontend
docs/evidence/s1/c21-native-tokens.md:93	tokens.css	bare-only-design-frontend
docs/evidence/s1/c21-native-tokens.md:158	ball.html	bare-only-design-frontend
docs/evidence/s1/c21-native-tokens.md:166	ball.html	bare-only-design-frontend
docs/evidence/s1/c21-native-tokens.md:184	tokens.css	bare-only-design-frontend
docs/evidence/s1/c21-native-tokens.md:185	tokens.css	bare-only-design-frontend
docs/evidence/s1/c21-native-tokens.md:192	tokens.css	bare-only-design-frontend
docs/evidence/s1/c21-native-tokens.md:194	tokens.css	bare-only-design-frontend
docs/evidence/s1/c21-native-tokens.md:244	base.css	bare-only-design-frontend
docs/evidence/s1/c21-native-tokens.md:245	base.css	bare-only-design-frontend
docs/evidence/s1/c21-native-tokens.md:247	tokens.css	bare-only-design-frontend
docs/evidence/s1/c21-native-tokens.md:248	base.css	bare-only-design-frontend
docs/evidence/s1/c21-native-tokens.md:248	ball.html	bare-only-design-frontend
docs/evidence/s1/c21-native-tokens.md:249	base.css	bare-only-design-frontend
docs/evidence/s1/c21-native-tokens.md:251	tokens.css	bare-only-design-frontend
docs/evidence/s1/c21-native-tokens.md:253	tokens.css	bare-only-design-frontend
docs/evidence/s1/c21-native-tokens.md:255	tokens.css	bare-only-design-frontend
docs/evidence/s1/c21-native-tokens.md:257	tokens.css	bare-only-design-frontend
docs/evidence/s1/c21-native-tokens.md:260	ball.html	bare-only-design-frontend
docs/evidence/s1/c21-native-tokens.md:263	ball.html	bare-only-design-frontend
docs/evidence/s1/c21-native-tokens.md:264	base.css	bare-only-design-frontend
docs/evidence/s1/c21-native-tokens.md:264	ball.html	bare-only-design-frontend
docs/evidence/s1/c21-native-tokens.md:265	base.css	bare-only-design-frontend
docs/evidence/s1/c21-native-tokens.md:265	approval.html	bare-only-design-frontend
docs/evidence/s1/c21-native-tokens.md:265	chat.html	bare-only-design-frontend
docs/evidence/s1/c21-native-tokens.md:278	tokens.css	bare-only-design-frontend
docs/evidence/s1/c21-native-tokens.md:286	tokens.css	bare-only-design-frontend
docs/evidence/s1/c21-native-tokens.md:295	main.go	bare-ambiguous
docs/evidence/s1/ci-read-a1fd5bf-r1.md:104	wisp.exe	bare-unresolvable
docs/evidence/s1/ci-read-a1fd5bf-r1.md:110	wisp.exe	bare-unresolvable
docs/evidence/s1/ci-read-a1fd5bf-r1.md:113	slo-report.json	bare-unresolvable
docs/evidence/s1/ci-read-a1fd5bf-r1.md:228	main.go	bare-ambiguous
docs/evidence/s1/ci-read-a1fd5bf-r1.md:229	main.go	bare-ambiguous
docs/evidence/s1/ci-read-a1fd5bf-r1.md:273	embed.go	bare-only-design-frontend
docs/evidence/s1/ci-read-a1fd5bf-r1.md:444	slo-report.json	bare-unresolvable
docs/evidence/s1/ci-read-a1fd5bf-r1.md:469	slo-report.json	bare-unresolvable
docs/evidence/s1/ci-read-a1fd5bf-r1.md:472	slo-no-conclusion.json	bare-unresolvable
docs/evidence/s1/ci-read-a1fd5bf-r1.md:472	slo-report.json	bare-unresolvable
docs/evidence/s1/ci-read-a1fd5bf-r1.md:478	slo-report.json	bare-unresolvable
docs/evidence/s1/ci-read-a1fd5bf-r1.md:496	wisp.exe	bare-unresolvable
docs/evidence/s1/ci-read-a1fd5bf-r1.md:620	main.go	bare-ambiguous
docs/evidence/s1/ci-read-a1fd5bf-r1.md:683	agents.md	bare-unresolvable
docs/evidence/s1/ci-read-a1fd5bf-r1.md:683	MEMORY.md	bare-unresolvable
docs/evidence/s1/ci-runner-readings-2026-09-21.md:60	wisp.exe	bare-unresolvable
docs/evidence/s1/ci-runner-readings-2026-09-21.md:71	wisp.exe	bare-unresolvable
docs/evidence/s1/ci-runner-readings-2026-09-21.md:223	_test.go	bare-unresolvable
docs/evidence/s1/ci-runner-readings-2026-09-21.md:224	_test.go	bare-unresolvable
docs/evidence/s1/ci-runner-readings-2026-09-21.md:288	/wisp/go.mod	root-ambiguous
docs/evidence/s1/ci-runner-readings-2026-09-21.md:288	/wisp/internal/observe/nobarego_test.go	root-ambiguous
docs/evidence/s1/ci-runner-readings-2026-09-21.md:288	/wisp/internal/observe/sampler_test.go	root-ambiguous
docs/evidence/s1/ci-runner-readings-2026-09-21.md:288	/wisp/internal/secret/delete_test.go	root-ambiguous
docs/evidence/s1/ci-runner-readings-2026-09-21.md:288	/wisp/scripts/portable-tests.sh	root-ambiguous
docs/evidence/s1/ci-runner-readings-2026-09-21.md:294	/wisp/go.mod	root-ambiguous
docs/evidence/s1/ci-runner-readings-2026-09-21.md:295	/wisp/internal/observe/nobarego_test.go	root-ambiguous
docs/evidence/s1/ci-runner-readings-2026-09-21.md:296	/wisp/internal/observe/sampler_test.go	root-ambiguous
docs/evidence/s1/ci-runner-readings-2026-09-21.md:297	/wisp/internal/secret/delete_test.go	root-ambiguous
docs/evidence/s1/ci-runner-readings-2026-09-21.md:298	/wisp/scripts/portable-tests.sh	root-ambiguous
docs/evidence/s1/ci-runner-readings-2026-09-21.md:299	/wisp/internal/observe/nobarego_test.go	root-ambiguous
docs/evidence/s1/ci-runner-readings-2026-09-21.md:345	risk.pathresolver_other.go	bare-unresolvable
docs/evidence/s1/ci-step-readings-2026-09-22.md:292	git.exe	bare-unresolvable
docs/evidence/s1/d22scan-close-r1-accept-r1.md:17	zz_overread_probe_test.go	bare-unresolvable
docs/evidence/s1/d22scan-close-r1-accept-r1.md:17	zz_combo_probe_test.go	bare-unresolvable
docs/evidence/s1/d22scan-close-r1-accept-r1.md:17	zz_race_probe_test.go	bare-unresolvable
docs/evidence/s1/d22scan-close-r1-accept-r1.md:17	step1-accept.log	bare-unresolvable
docs/evidence/s1/d22scan-close-r1-accept-r1.md:17	gate-accept.log	bare-unresolvable
docs/evidence/s1/d22scan-close-r1-accept-r1.md:17	gate-final.log	bare-unresolvable
docs/evidence/s1/d22scan-close-r1-accept-r1.md:17	vet.log	bare-unresolvable
docs/evidence/s1/d22scan-close-r1-accept-r1.md:17	combo-fuzz.log	bare-unresolvable
docs/evidence/s1/d22scan-close-r1-accept-r1.md:17	npre.txt	bare-unresolvable
docs/evidence/s1/d22scan-close-r1-accept-r1.md:17	nhead.txt	bare-unresolvable
docs/evidence/s1/d22scan-close-r1-accept-r1.md:17	r1.txt	bare-unresolvable
docs/evidence/s1/d22scan-close-r1-accept-r1.md:17	r2.txt	bare-unresolvable
docs/evidence/s1/d22scan-close-r1-accept-r1.md:17	A.go	bare-unresolvable
docs/evidence/s1/d22scan-close-r1-accept-r1.md:17	B.go	bare-unresolvable
docs/evidence/s1/d22scan-close-r1-accept-r1.md:17	tmpwhere.go	bare-unresolvable
docs/evidence/s1/d22scan-close-r1-accept-r1.md:43	step1-accept.log	bare-unresolvable
docs/evidence/s1/d22scan-close-r1-accept-r1.md:60	_test.go	bare-unresolvable
docs/evidence/s1/d22scan-close-r1-accept-r1.md:61	_test.go	bare-unresolvable
docs/evidence/s1/d22scan-close-r1-accept-r1.md:65	gate-accept.log	bare-unresolvable
docs/evidence/s1/d22scan-close-r1-accept-r1.md:72	vet.log	bare-unresolvable
docs/evidence/s1/d22scan-close-r1-accept-r1.md:80	status-before.txt	bare-unresolvable
docs/evidence/s1/d22scan-close-r1-accept-r1.md:82	status-after.txt	bare-unresolvable
docs/evidence/s1/d22scan-close-r1-accept-r1.md:83	status-before.txt	bare-unresolvable
docs/evidence/s1/d22scan-close-r1-accept-r1.md:83	status-after.txt	bare-unresolvable
docs/evidence/s1/d22scan-close-r1-accept-r1.md:130	go.mod	bare-ambiguous
docs/evidence/s1/d22scan-close-r1-accept-r1.md:168	real-post.txt	bare-unresolvable
docs/evidence/s1/d22scan-close-r1-accept-r1.md:169	real-M1.txt	bare-unresolvable
docs/evidence/s1/d22scan-close-r1-accept-r1.md:170	real-post.txt	bare-unresolvable
docs/evidence/s1/d22scan-close-r1-accept-r1.md:170	real-M1.txt	bare-unresolvable
docs/evidence/s1/d22scan-close-r1-accept-r1.md:184	out-M4a.txt	bare-unresolvable
docs/evidence/s1/d22scan-close-r1-accept-r1.md:184	out-M4aM1.txt	bare-unresolvable
docs/evidence/s1/d22scan-close-r1-accept-r1.md:213	zz_overread_probe_test.go	bare-unresolvable
docs/evidence/s1/d22scan-close-r1-accept-r1.md:224	zz_combo_probe_test.go	bare-unresolvable
docs/evidence/s1/d22scan-close-r1-accept-r1.md:351	go.mod	bare-ambiguous
docs/evidence/s1/d22scan-close-r1-accept-r1.md:369	gitignore.html	bare-unresolvable
docs/evidence/s1/d22scan-close-r1-accept-r1.md:492	c23.txt	bare-unresolvable
docs/evidence/s1/d22scan-close-r1-accept-r1.md:494	go.mod	bare-ambiguous
docs/evidence/s1/d22scan-close-r1-accept-r1.md:516	zz_race_probe_test.go	bare-unresolvable
docs/evidence/s1/d22scan-close-r1-accept-r1.md:556	vet.log	bare-unresolvable
docs/evidence/s1/d22scan-close-r1-accept-r1.md:598	inside.tsx	bare-unresolvable
docs/evidence/s1/d22scan-close-r1-accept-r1.md:602	inside.tsx	bare-unresolvable
docs/evidence/s1/d22scan-close-r1-accept-r1.md:614	inside.tsx	bare-unresolvable
docs/evidence/s1/d22scan-close-r1-accept-r1.md:744	main.go	bare-ambiguous
docs/evidence/s1/d22scan-close-r1-accept-r1.md:748	main.go	bare-ambiguous
docs/evidence/s1/d22scan-close-r1-accept-r1.md:792	main.go	bare-ambiguous
docs/evidence/s1/d22scan-close-r1-accept-r1.md:814	main.go	bare-ambiguous
docs/evidence/s1/d22scan-gitignore-accept-r1.md:21	zz_accept_probe_test.go	bare-unresolvable
docs/evidence/s1/d22scan-gitignore-accept-r1.md:23	head-d22scan.log	bare-unresolvable
docs/evidence/s1/d22scan-gitignore-accept-r1.md:23	pre-d22scan.log	bare-unresolvable
docs/evidence/s1/d22scan-gitignore-accept-r1.md:23	head-seeded-runtests.log	bare-unresolvable
docs/evidence/s1/d22scan-gitignore-accept-r1.md:23	headbuild-runtests.log	bare-unresolvable
docs/evidence/s1/d22scan-gitignore-accept-r1.md:23	run-pre-seeded.log	bare-unresolvable
docs/evidence/s1/d22scan-gitignore-accept-r1.md:23	run-head-seeded.log	bare-unresolvable
docs/evidence/s1/d22scan-gitignore-accept-r1.md:23	run-forced-pre.log	bare-unresolvable
docs/evidence/s1/d22scan-gitignore-accept-r1.md:23	run-forced-post.log	bare-unresolvable
docs/evidence/s1/d22scan-gitignore-accept-r1.md:23	run-worktree-pre.log	bare-unresolvable
docs/evidence/s1/d22scan-gitignore-accept-r1.md:23	run-worktree-post.log	bare-unresolvable
docs/evidence/s1/d22scan-gitignore-accept-r1.md:23	head-roster.txt	bare-unresolvable
docs/evidence/s1/d22scan-gitignore-accept-r1.md:23	pre-roster.txt	bare-unresolvable
docs/evidence/s1/d22scan-gitignore-accept-r1.md:37	main.go	bare-ambiguous
docs/evidence/s1/d22scan-gitignore-accept-r1.md:139	main.go	bare-ambiguous
docs/evidence/s1/d22scan-gitignore-accept-r1.md:146	tracked-forced.tsx	bare-unresolvable
docs/evidence/s1/d22scan-gitignore-accept-r1.md:149	main.go	bare-ambiguous
docs/evidence/s1/d22scan-gitignore-accept-r1.md:157	zz_accept_probe_test.go	bare-unresolvable
docs/evidence/s1/d22scan-gitignore-accept-r1.md:173	blocked.md	bare-unresolvable
docs/evidence/s1/d22scan-gitignore-accept-r1.md:188	main.go	bare-ambiguous
docs/evidence/s1/d22scan-gitignore-accept-r1.md:195	go.mod	bare-ambiguous
docs/evidence/s1/d22scan-gitignore-accept-r1.md:197	go.mod	bare-ambiguous
docs/evidence/s1/d22scan-gitignore-accept-r1.md:197	main.go	bare-ambiguous
docs/evidence/s1/d22scan-gitignore-accept-r1.md:200	main.go	bare-ambiguous
docs/evidence/s1/d22scan-gitignore-accept-r1.md:213	go.mod	bare-ambiguous
docs/evidence/s1/d22scan-gitignore-accept-r1.md:213	go.sum	bare-ambiguous
docs/evidence/s1/d22scan-gitignore-accept-r1.md:245	main.go	bare-ambiguous
docs/evidence/s1/d22scan-gitignore-accept-r1.md:251	main.go	bare-ambiguous
docs/evidence/s1/d22scan-gitignore-accept-r1.md:257	_test.go	bare-unresolvable
docs/evidence/s1/d22scan-gitignore-accept-r1.md:293	pre-roster.txt	bare-unresolvable
docs/evidence/s1/d22scan-gitignore-accept-r1.md:293	head-roster.txt	bare-unresolvable
docs/evidence/s1/d22scan-gitignore-accept-r1.md:307	head-seeded-runtests.log	bare-unresolvable
docs/evidence/s1/d22scan-gitignore-accept-r1.md:342	index.html	bare-only-design-frontend
docs/evidence/s1/d22scan-gitignore-accept-r1.md:362	head-d22scan.log	bare-unresolvable
docs/evidence/s1/d22scan-gitignore-accept-r1.md:386	main.go	bare-ambiguous
docs/evidence/s1/d22scan-gitignore-accept-r1.md:387	main.go	bare-ambiguous
docs/evidence/s1/d22scan-gitignore-accept-r1.md:414	main.go	bare-ambiguous
docs/evidence/s1/d22scan-gitignore-accept-r1.md:419	index.html	bare-only-design-frontend
docs/evidence/s1/d22scan-gitignore-accept-r1.md:426	head-seeded-runtests.log	bare-unresolvable
docs/evidence/s1/d22scan-gitignore-accept-r1.md:434	blind-suite-pre.log	bare-unresolvable
docs/evidence/s1/d22scan-gitignore-accept-r1.md:434	blind-suite.log	bare-unresolvable
docs/evidence/s1/d22scan-gitignore-accept-r1.md:521	_test.go	bare-unresolvable
docs/evidence/s1/d22scan-gitignore-accept-r1.md:552	main.go	bare-ambiguous
docs/evidence/s1/d22scan-gitignore-accept-r1.md:581	main.go	bare-ambiguous
docs/evidence/s1/d22scan-gitignore-accept-r1.md:583	main.go	bare-ambiguous
docs/evidence/s1/d22scan-gitignore-accept-r1.md:647	go.mod	bare-ambiguous
docs/evidence/s1/d22scan-gitignore-accept-r1.md:653	go.mod	bare-ambiguous
docs/evidence/s1/d22scan-gitignore-accept-r1.md:700	main.go	bare-ambiguous
docs/evidence/s1/d22scan-gitignore-fix-accept-r1.md:5	main.go	bare-ambiguous
docs/evidence/s1/d22scan-gitignore-fix-accept-r1.md:19	d22scan-pre.exe	bare-unresolvable
docs/evidence/s1/d22scan-gitignore-fix-accept-r1.md:19	d22scan-post.exe	bare-unresolvable
docs/evidence/s1/d22scan-gitignore-fix-accept-r1.md:24	git.exe	bare-unresolvable
docs/evidence/s1/d22scan-gitignore-fix-accept-r1.md:25	git.exe	bare-unresolvable
docs/evidence/s1/d22scan-gitignore-fix-accept-r1.md:26	zz_accept_probe_test.go	bare-unresolvable
docs/evidence/s1/d22scan-gitignore-fix-accept-r1.md:27	run-f1-pre.log	bare-unresolvable
docs/evidence/s1/d22scan-gitignore-fix-accept-r1.md:27	run-f1-post.log	bare-unresolvable
docs/evidence/s1/d22scan-gitignore-fix-accept-r1.md:27	run-f2-pre.log	bare-unresolvable
docs/evidence/s1/d22scan-gitignore-fix-accept-r1.md:27	run-f2-post.log	bare-unresolvable
docs/evidence/s1/d22scan-gitignore-fix-accept-r1.md:27	run-f3ci.log	bare-unresolvable
docs/evidence/s1/d22scan-gitignore-fix-accept-r1.md:27	run-f3repo.log	bare-unresolvable
docs/evidence/s1/d22scan-gitignore-fix-accept-r1.md:28	run-f2-nogit.log	bare-unresolvable
docs/evidence/s1/d22scan-gitignore-fix-accept-r1.md:28	run-f1-timeout.log	bare-unresolvable
docs/evidence/s1/d22scan-gitignore-fix-accept-r1.md:28	run-nested.log	bare-unresolvable
docs/evidence/s1/d22scan-gitignore-fix-accept-r1.md:28	run-f3exclude2.log	bare-unresolvable
docs/evidence/s1/d22scan-gitignore-fix-accept-r1.md:28	gate-worktree.log	bare-unresolvable
docs/evidence/s1/d22scan-gitignore-fix-accept-r1.md:28	gate-snapshot.log	bare-unresolvable
docs/evidence/s1/d22scan-gitignore-fix-accept-r1.md:29	step1-nogit.log	bare-unresolvable
docs/evidence/s1/d22scan-gitignore-fix-accept-r1.md:29	scan-spawns.log	bare-unresolvable
docs/evidence/s1/d22scan-gitignore-fix-accept-r1.md:29	census.txt	bare-unresolvable
docs/evidence/s1/d22scan-gitignore-fix-accept-r1.md:69	d22scan-pre.exe	bare-unresolvable
docs/evidence/s1/d22scan-gitignore-fix-accept-r1.md:81	d22scan-post.exe	bare-unresolvable
docs/evidence/s1/d22scan-gitignore-fix-accept-r1.md:126	run-f2-pre.log	bare-unresolvable
docs/evidence/s1/d22scan-gitignore-fix-accept-r1.md:126	run-f2-post.log	bare-unresolvable
docs/evidence/s1/d22scan-gitignore-fix-accept-r1.md:136	index.html	bare-only-design-frontend
docs/evidence/s1/d22scan-gitignore-fix-accept-r1.md:167	git.exe	bare-unresolvable
docs/evidence/s1/d22scan-gitignore-fix-accept-r1.md:201	zz_accept_probe_test.go	bare-unresolvable
docs/evidence/s1/d22scan-gitignore-fix-accept-r1.md:219	git.exe	bare-unresolvable
docs/evidence/s1/d22scan-gitignore-fix-accept-r1.md:221	main.go	bare-ambiguous
docs/evidence/s1/d22scan-gitignore-fix-accept-r1.md:241	main.go	bare-ambiguous
docs/evidence/s1/d22scan-gitignore-fix-accept-r1.md:242	main.go	bare-ambiguous
docs/evidence/s1/d22scan-gitignore-fix-accept-r1.md:293	main.go	bare-ambiguous
docs/evidence/s1/d22scan-gitignore-fix-accept-r1.md:310	main.go	bare-ambiguous
docs/evidence/s1/d22scan-gitignore-fix-accept-r1.md:315	main.go	bare-ambiguous
docs/evidence/s1/d22scan-gitignore-fix-accept-r1.md:373	gate-snapshot.log	bare-unresolvable
docs/evidence/s1/d22scan-gitignore-fix-accept-r1.md:380	d22scan-pre.exe	bare-unresolvable
docs/evidence/s1/d22scan-gitignore-fix-accept-r1.md:380	d22scan-post.exe	bare-unresolvable
docs/evidence/s1/d22scan-gitignore-fix-accept-r1.md:389	gate-worktree.log	bare-unresolvable
docs/evidence/s1/d22scan-gitignore-fix-accept-r1.md:389	gate-snapshot.log	bare-unresolvable
docs/evidence/s1/d22scan-gitignore-fix-accept-r1.md:401	/root-only.log	root-ambiguous
docs/evidence/s1/d22scan-gitignore-fix-accept-r1.md:402	excluded-probe.tsx	bare-unresolvable
docs/evidence/s1/d22scan-gitignore-fix-accept-r1.md:423	main.go	bare-ambiguous
docs/evidence/s1/d22scan-gitignore-fix-close-r1.md:14	rowA-D.log	bare-unresolvable
docs/evidence/s1/d22scan-gitignore-fix-close-r1.md:14	final-rowA-D.log	bare-unresolvable
docs/evidence/s1/d22scan-gitignore-fix-close-r1.md:14	baseline-gate.log	bare-unresolvable
docs/evidence/s1/d22scan-gitignore-fix-close-r1.md:14	final-gate.log	bare-unresolvable
docs/evidence/s1/d22scan-gitignore-fix-close-r1.md:14	close-gate.log	bare-unresolvable
docs/evidence/s1/d22scan-gitignore-fix-close-r1.md:14	roster-close.txt	bare-unresolvable
docs/evidence/s1/d22scan-gitignore-fix-close-r1.md:17	d22scan.exe	bare-unresolvable
docs/evidence/s1/d22scan-gitignore-fix-close-r1.md:69	rowA-D.log	bare-unresolvable
docs/evidence/s1/d22scan-gitignore-fix-close-r1.md:69	final-rowA..D.log	bare-unresolvable
docs/evidence/s1/d22scan-gitignore-fix-close-r1.md:92	final-gate.log	bare-unresolvable
docs/evidence/s1/d22scan-gitignore-fix-close-r1.md:92	baseline-gate.log	bare-unresolvable
docs/evidence/s1/d22scan-gitignore-fix-close-r1.md:176	close-gate.log	bare-unresolvable
docs/evidence/s1/d22scan-gitignore-fix-close-r1.md:187	roster-close.txt	bare-unresolvable
docs/evidence/s1/d22scan-gitignore-fix-close-r1.md:187	close-gate.log	bare-unresolvable
docs/evidence/s1/d22scan-gitignore-fix-close-r1.md:216	baseline-gate.log	bare-unresolvable
docs/evidence/s1/d22scan-gitignore-fix-close-r1.md:216	final-gate.log	bare-unresolvable
docs/evidence/s1/d22scan-gitignore-fix-close-r1.md:216	close-gate.log	bare-unresolvable
docs/evidence/s1/d22scan-gitignore-fix-close-r1.md:218	confirm-gate.log	bare-unresolvable
docs/evidence/s1/d22scan-gitignore-fix-close-r1.md:234	main.go	bare-ambiguous
docs/evidence/s1/d22scan-gitignore-fix-r1.md:20	d22scan-pre.exe	bare-unresolvable
docs/evidence/s1/d22scan-gitignore-fix-r1.md:21	d22scan-post.exe	bare-unresolvable
docs/evidence/s1/d22scan-gitignore-fix-r1.md:26	pre-shapes.log	bare-unresolvable
docs/evidence/s1/d22scan-gitignore-fix-r1.md:26	pre-ci.log	bare-unresolvable
docs/evidence/s1/d22scan-gitignore-fix-r1.md:26	post-shapes.log	bare-unresolvable
docs/evidence/s1/d22scan-gitignore-fix-r1.md:26	post-ci.log	bare-unresolvable
docs/evidence/s1/d22scan-gitignore-fix-r1.md:26	post-stillbites.log	bare-unresolvable
docs/evidence/s1/d22scan-gitignore-fix-r1.md:26	pre-clean-archive.log	bare-unresolvable
docs/evidence/s1/d22scan-gitignore-fix-r1.md:26	post-clean-archive.log	bare-unresolvable
docs/evidence/s1/d22scan-gitignore-fix-r1.md:26	pre-suite.log	bare-unresolvable
docs/evidence/s1/d22scan-gitignore-fix-r1.md:26	post-suite.log	bare-unresolvable
docs/evidence/s1/d22scan-gitignore-fix-r1.md:26	post-gate-worktree.log	bare-unresolvable
docs/evidence/s1/d22scan-gitignore-fix-r1.md:26	mut-M1.log	bare-unresolvable
docs/evidence/s1/d22scan-gitignore-fix-r1.md:26	mut-M2.log	bare-unresolvable
docs/evidence/s1/d22scan-gitignore-fix-r1.md:26	roster-pre.txt	bare-ambiguous
docs/evidence/s1/d22scan-gitignore-fix-r1.md:26	roster-post.txt	bare-ambiguous
docs/evidence/s1/d22scan-gitignore-fix-r1.md:26	census.txt	bare-unresolvable
docs/evidence/s1/d22scan-gitignore-fix-r1.md:85	main.go	bare-ambiguous
docs/evidence/s1/d22scan-gitignore-fix-r1.md:89	main.go	bare-ambiguous
docs/evidence/s1/d22scan-gitignore-fix-r1.md:186	go.mod	bare-ambiguous
docs/evidence/s1/d22scan-gitignore-fix-r1.md:249	pre-clean-archive.log	bare-unresolvable
docs/evidence/s1/d22scan-gitignore-fix-r1.md:249	post-clean-archive.log	bare-unresolvable
docs/evidence/s1/d22scan-gitignore-fix-r1.md:270	_test.go	bare-unresolvable
docs/evidence/s1/d22scan-gitignore-fix-r1.md:287	roster-pre.txt	bare-ambiguous
docs/evidence/s1/d22scan-gitignore-fix-r1.md:287	roster-post.txt	bare-ambiguous
docs/evidence/s1/d22scan-gitignore-fix-r1.md:345	main.go	bare-ambiguous
docs/evidence/s1/d22scan-gitignore-fix-r1.md:346	main.go	bare-ambiguous
docs/evidence/s1/d22scan-gitignore-fix-r1.md:347	main.go	bare-ambiguous
docs/evidence/s1/d22scan-gitignore-fix-r1.md:348	main.go	bare-ambiguous
docs/evidence/s1/d22scan-gitignore-fix-r1.md:354	main.go	bare-ambiguous
docs/evidence/s1/d22scan-gitignore-fix-r1.md:365	main.go	bare-ambiguous
docs/evidence/s1/d22scan-gitignore-fix-r1.md:366	main.go	bare-ambiguous
docs/evidence/s1/d22scan-gitignore-fix-r1.md:450	main.go	bare-ambiguous
docs/evidence/s1/d22scan-gitignore-fix-r1.md:497	_test.go	bare-unresolvable
docs/evidence/s1/d22scan-gitignore-r1.md:5	main.go	bare-ambiguous
docs/evidence/s1/d22scan-gitignore-r1.md:26	main.go	bare-ambiguous
docs/evidence/s1/d22scan-gitignore-r1.md:27	main.go	bare-ambiguous
docs/evidence/s1/d22scan-gitignore-r1.md:28	main.go	bare-ambiguous
docs/evidence/s1/d22scan-gitignore-r1.md:29	main.go	bare-ambiguous
docs/evidence/s1/d22scan-gitignore-r1.md:35	index.html	bare-only-design-frontend
docs/evidence/s1/d22scan-gitignore-r1.md:45	_test.go	bare-unresolvable
docs/evidence/s1/d22scan-gitignore-r1.md:70	main.go	bare-ambiguous
docs/evidence/s1/d22scan-gitignore-r1.md:84	_test.go	bare-unresolvable
docs/evidence/s1/d22scan-gitignore-r1.md:85	_test.go	bare-unresolvable
docs/evidence/s1/d22scan-gitignore-r1.md:231	main.go	bare-ambiguous
docs/evidence/s1/d22scan-gitignore-r1.md:274	main.go	bare-ambiguous
docs/evidence/s1/observe-ac15-final-r1.md:4	.scratch/wisp/issues/136-the-zero-sample-fail-closed-guard-...md	ellipsis
docs/evidence/s1/observe-ac15-final-r1.md:72	README.md	bare-ambiguous
docs/evidence/s1/observe-ac15-final-r1.md:72	balldebug.exe	bare-unresolvable
docs/evidence/s1/observe-ac15-final-r1.md:73	go.mod	bare-ambiguous
docs/evidence/s1/observe-ac15-final-r1.md:73	go.sum	bare-ambiguous
docs/evidence/s1/observe-ac15-final-r1.md:73	signmodels.exe	bare-unresolvable
docs/evidence/s1/observe-ac15-final-r1.md:73	wisp.exe	bare-unresolvable
docs/evidence/s1/observe-ac15-final-r1.md:101	_test.go	bare-unresolvable
docs/evidence/s1/observe-ac15-final-r1.md:102	_test.go	bare-unresolvable
docs/evidence/s1/observe-ac15-final-r1.md:122	_test.go	bare-unresolvable
docs/evidence/s1/observe-ac15-final-r1.md:145	win-count2.v.log	bare-unresolvable
docs/evidence/s1/observe-ac15-final-r1.md:147	/scratch/final-logs/linux-count2.v.log	root-ambiguous
docs/evidence/s1/observe-ac15-final-r1.md:161	_test.go	bare-unresolvable
docs/evidence/s1/observe-ac15-final-r1.md:170	roster-win.txt	bare-unresolvable
docs/evidence/s1/observe-ac15-final-r1.md:170	roster-linux.txt	bare-unresolvable
docs/evidence/s1/observe-ac15-final-r1.md:171	roster-win.txt	bare-unresolvable
docs/evidence/s1/observe-ac15-final-r1.md:171	roster-linux.txt	bare-unresolvable
docs/evidence/s1/observe-ac15-final-r1.md:172	roster-win.txt	bare-unresolvable
docs/evidence/s1/observe-ac15-final-r1.md:172	roster-linux.txt	bare-unresolvable
docs/evidence/s1/observe-ac15-final-r1.md:178	_other_test.go	bare-unresolvable
docs/evidence/s1/observe-ac15-final-r1.md:186	_other_test.go	bare-unresolvable
docs/evidence/s1/observe-ac15-final-r1.md:243	_test.go	bare-unresolvable
docs/evidence/s1/observe-ac15-final-r1.md:274	_test.go	bare-unresolvable
docs/evidence/s1/observe-ac15-final-r1.md:406	_test.go	bare-unresolvable
docs/evidence/s1/observe-ac15-final-r1.md:429	_test.go	bare-unresolvable
docs/evidence/s1/observe-ac15-final-r1.md:436	_test.go	bare-unresolvable
docs/evidence/s1/observe-ac15-final-r1.md:462	_test.go	bare-unresolvable
docs/evidence/s1/observe-ac15-final-r1.md:482	_test.go	bare-unresolvable
docs/evidence/s1/observe-ac15-final-r1.md:662	_test.go	bare-unresolvable
docs/evidence/s1/observe-ac15-final-r1.md:670	_test.go	bare-unresolvable
docs/evidence/s1/observe-ac15-final-r1.md:690	_test.go	bare-unresolvable
docs/evidence/s1/observe-ac15-final-r1.md:693	_test.go	bare-unresolvable
docs/evidence/s1/observe-ac15-final-r1.md:748	wisp.exe	bare-unresolvable
docs/evidence/s1/observe-ac15-final-r1.md:780	blast.log	bare-unresolvable
docs/evidence/s1/observe-ac15-final-r1.md:780	mut1.log	bare-unresolvable
docs/evidence/s1/observe-ac15-final-r1.md:780	busy-400ms-leg.log	bare-unresolvable
docs/evidence/s1/observe-ac15-final-r1.md:780	starve.sh	bare-unresolvable
docs/evidence/s1/observe-ac15-linux-r1.md:44	go.mod	bare-ambiguous
docs/evidence/s1/observe-ac15-linux-r1.md:85	/repo/internal/observe/window_wait_136_test.go	root-ambiguous
docs/evidence/s1/observe-ac15-linux-r1.md:87	/scratch/snap-post/internal/observe/sampler_settle_coverage_136_test.go	root-ambiguous
docs/evidence/s1/observe-ac15-linux-r1.md:88	/repo/internal/observe/sampler_settle_coverage_136_test.go	root-ambiguous
docs/evidence/s1/observe-ac15-linux-r1.md:94	queue.sh	bare-unresolvable
docs/evidence/s1/observe-ac15-linux-r1.md:94	/out/run.sh	root-ambiguous
docs/evidence/s1/observe-ac15-linux-r1.md:95	/out/run.sh	root-ambiguous
docs/evidence/s1/observe-ac15-linux-r1.md:96	meta.log	bare-unresolvable
docs/evidence/s1/observe-ac15-linux-r1.md:143	_other_test.go	bare-unresolvable
docs/evidence/s1/observe-ac15-linux-r1.md:150	_other_test.go	bare-unresolvable
docs/evidence/s1/observe-ac15-linux-r1.md:152	_test.go	bare-unresolvable
docs/evidence/s1/observe-ac15-linux-r1.md:165	_test.go	bare-unresolvable
docs/evidence/s1/observe-ac15-linux-r1.md:243	arm_stall.py	bare-unresolvable
docs/evidence/s1/observe-ac15-linux-r1.md:312	_test.go	bare-unresolvable
docs/evidence/s1/observe-ac15-linux-r1.md:359	analyze.py	bare-unresolvable
docs/evidence/s1/observe-ac15-linux-r1.md:431	sweep.sh	bare-unresolvable
docs/evidence/s1/observe-ac15-poll-r1.md:4	.scratch/wisp/issues/136-...md	ellipsis
docs/evidence/s1/observe-ac15-poll-r1.md:8	_test.go	bare-unresolvable
docs/evidence/s1/observe-ac15-poll-r1.md:62	_test.go	bare-unresolvable
docs/evidence/s1/observe-ac15-poll-r1.md:78	base-count2.v.log	bare-unresolvable
docs/evidence/s1/observe-ac15-poll-r1.md:83	roster-golden.txt	bare-unresolvable
docs/evidence/s1/observe-ac15-poll-r1.md:84	_test.go	bare-unresolvable
docs/evidence/s1/observe-ac15-poll-r1.md:96	base-B-target-2000.log	bare-unresolvable
docs/evidence/s1/observe-ac15-poll-r1.md:96	base-B-family-300.log	bare-unresolvable
docs/evidence/s1/observe-ac15-poll-r1.md:97	read_durations.py	bare-unresolvable
docs/evidence/s1/observe-ac15-poll-r1.md:233	arm_stall.py	bare-unresolvable
docs/evidence/s1/observe-ac15-poll-r1.md:265	mutate.py	bare-ambiguous
docs/evidence/s1/observe-ac15-poll-r1.md:266	pair_reds.py	bare-unresolvable
docs/evidence/s1/observe-ac15-poll-r1.md:298	pin-post2.txt	bare-unresolvable
docs/evidence/s1/observe-ac15-poll-r1.md:312	_test.go	bare-unresolvable
docs/evidence/s1/observe-ac15-poll-r1.md:313	roster-golden.txt	bare-unresolvable
docs/evidence/s1/observe-ac15-poll-r1.md:315	base-count2.v.log	bare-unresolvable
docs/evidence/s1/observe-ac15-poll-r1.md:315	after-count2.v.log	bare-unresolvable
docs/evidence/s1/observe-ac15-poll-r1.md:319	batch_a.sh	bare-unresolvable
docs/evidence/s1/observe-ac15-poll-r1.md:321	go.exe	bare-unresolvable
docs/evidence/s1/observe-ac15-poll-r1.md:375	_test.go	bare-unresolvable
docs/evidence/s1/observe-ac15-poll-r1.md:390	_test.go	bare-unresolvable
docs/evidence/s1/observe-ac15-poll-r1.md:392	gate_136_test.go	bare-unresolvable
docs/evidence/s1/observe-ac15-poll-r1.md:435	_test.go	bare-unresolvable
docs/evidence/s1/observe-ac15-poll-r1.md:453	_test.go	bare-unresolvable
docs/evidence/s1/observe-ac15-poll-r1.md:485	_test.go	bare-unresolvable
docs/evidence/s1/observe-ac15-poll-r1.md:488	_test.go	bare-unresolvable
docs/evidence/s1/observe-ac15-poll-r1.md:493	go.exe	bare-unresolvable
docs/evidence/s1/observe-ac15-poll-r1.md:493	link.exe	bare-unresolvable
docs/evidence/s1/observe-datebomb-r1.md:36	go.mod	bare-ambiguous
docs/evidence/s1/observe-datebomb-r1.md:45	_test.go	bare-unresolvable
docs/evidence/s1/observe-datebomb-r1.md:91	wisp-20260918-001.jsonl	bare-unresolvable
docs/evidence/s1/observe-datebomb-r1.md:144	wisp-20260916-001.jsonl	bare-unresolvable
docs/evidence/s1/observe-datebomb-r1.md:206	_test.go	bare-unresolvable
docs/evidence/s1/observe-datebomb-r1.md:261	approval.go	bare-ambiguous
docs/evidence/s1/observe-datebomb-r1.md:261	loop.go	bare-ambiguous
docs/evidence/s1/observe-datebomb-r1.md:263	store.go	bare-ambiguous
docs/evidence/s1/panel-l2-grant-nail-accept-r1.md:56	_test.go	bare-unresolvable
docs/evidence/s1/panel-l2-grant-nail-accept-r1.md:85	bridge.go	bare-ambiguous
docs/evidence/s1/panel-l2-grant-nail-accept-r1.md:85	bridge_test.go	bare-ambiguous
docs/evidence/s1/panel-l2-grant-nail-accept-r1.md:86	rt.mod	bare-unresolvable
docs/evidence/s1/panel-l2-grant-nail-accept-r1.md:86	run.go	bare-ambiguous
docs/evidence/s1/panel-l2-grant-nail-accept-r1.md:87	_test.go	bare-unresolvable
docs/evidence/s1/panel-l2-grant-nail-accept-r1.md:92	go.mod	bare-ambiguous
docs/evidence/s1/panel-l2-grant-nail-accept-r1.md:92	go.sum	bare-ambiguous
docs/evidence/s1/panel-l2-grant-nail-accept-r1.md:97	go.mod	bare-ambiguous
docs/evidence/s1/panel-l2-grant-nail-accept-r1.md:139	bridge.go	bare-ambiguous
docs/evidence/s1/panel-l2-grant-nail-accept-r1.md:147	_test.go	bare-unresolvable
docs/evidence/s1/panel-l2-grant-nail-accept-r1.md:234	panel.ts	bare-only-design-frontend
docs/evidence/s1/panel-l2-grant-nail-accept-r1.md:255	M12-fullv.txt	bare-unresolvable
docs/evidence/s1/panel-l2-grant-nail-accept-r1.md:257	bridge_test.go	bare-ambiguous
docs/evidence/s1/panel-l2-grant-nail-accept-r1.md:272	bridge.go	bare-ambiguous
docs/evidence/s1/panel-l2-grant-nail-accept-r1.md:282	bridge.go	bare-ambiguous
docs/evidence/s1/panel-l2-grant-nail-accept-r1.md:285	bridge.go	bare-ambiguous
docs/evidence/s1/panel-l2-grant-nail-accept-r1.md:314	l2-approval-card.tsx	bare-only-design-frontend
docs/evidence/s1/panel-l2-grant-nail-accept-r1.md:315	bridge_test.go	bare-ambiguous
docs/evidence/s1/panel-l2-grant-nail-accept-r1.md:319	bridge_test.go	bare-ambiguous
docs/evidence/s1/panel-l2-grant-nail-accept-r1.md:329	bridge_test.go	bare-ambiguous
docs/evidence/s1/panel-l2-grant-nail-accept-r1.md:357	_test.go	bare-unresolvable
docs/evidence/s1/panel-l2-grant-nail-accept-r1.md:370	bridge_test.go	bare-ambiguous
docs/evidence/s1/panel-l2-grant-nail-accept-r1.md:375	bridge_test.go	bare-ambiguous
docs/evidence/s1/panel-l2-grant-nail-accept-r1.md:383	bridge.go	bare-ambiguous
docs/evidence/s1/panel-l2-grant-nail-accept-r1.md:407	bridge.go	bare-ambiguous
docs/evidence/s1/panel-l2-grant-nail-accept-r1.md:423	go.mod	bare-ambiguous
docs/evidence/s1/panel-l2-grant-nail-accept-r1.md:426	panel.ts	bare-only-design-frontend
docs/evidence/s1/panel-l2-grant-nail-accept-r1.md:428	bridge_test.go	bare-ambiguous
docs/evidence/s1/panel-l2-grant-nail-accept-r1.md:447	_test.go	bare-unresolvable
docs/evidence/s1/panel-l2-grant-nail-accept-r1.md:447	bridge.go	bare-ambiguous
docs/evidence/s1/panel-l2-grant-nail-accept-r1.md:465	approval.go	bare-ambiguous
docs/evidence/s1/panel-l2-grant-nail-accept-r1.md:507	bridge.go	bare-ambiguous
docs/evidence/s1/panel-l2-grant-nail-accept-r2.md:19	bridge.go	bare-ambiguous
docs/evidence/s1/panel-l2-grant-nail-accept-r2.md:45	_test.go	bare-unresolvable
docs/evidence/s1/panel-l2-grant-nail-accept-r2.md:46	_test.go	bare-unresolvable
docs/evidence/s1/panel-l2-grant-nail-accept-r2.md:125	bridge.go	bare-ambiguous
docs/evidence/s1/panel-l2-grant-nail-accept-r2.md:140	bridge.go	bare-ambiguous
docs/evidence/s1/panel-l2-grant-nail-accept-r2.md:144	bridge.go	bare-ambiguous
docs/evidence/s1/panel-l2-grant-nail-accept-r2.md:145	run-seed.sh	bare-unresolvable
docs/evidence/s1/panel-l2-grant-nail-accept-r2.md:146	mutate.py	bare-ambiguous
docs/evidence/s1/panel-l2-grant-nail-accept-r2.md:153	bridge.go	bare-ambiguous
docs/evidence/s1/panel-l2-grant-nail-accept-r2.md:156	bridge.go	bare-ambiguous
docs/evidence/s1/panel-l2-grant-nail-accept-r2.md:157	bridge.go	bare-ambiguous
docs/evidence/s1/panel-l2-grant-nail-accept-r2.md:158	bridge.go	bare-ambiguous
docs/evidence/s1/panel-l2-grant-nail-accept-r2.md:160	bridge.go	bare-ambiguous
docs/evidence/s1/panel-l2-grant-nail-accept-r2.md:161	bridge.go	bare-ambiguous
docs/evidence/s1/panel-l2-grant-nail-accept-r2.md:168	_test.go	bare-unresolvable
docs/evidence/s1/panel-l2-grant-nail-accept-r2.md:194	bridge.go	bare-ambiguous
docs/evidence/s1/panel-l2-grant-nail-accept-r2.md:203	denail.py	bare-unresolvable
docs/evidence/s1/panel-l2-grant-nail-accept-r2.md:204	mutate.py	bare-ambiguous
docs/evidence/s1/panel-l2-grant-nail-accept-r2.md:204	bridge.go	bare-ambiguous
docs/evidence/s1/panel-l2-grant-nail-accept-r2.md:220	mutate2.py	bare-unresolvable
docs/evidence/s1/panel-l2-grant-nail-accept-r2.md:268	bridge.go	bare-ambiguous
docs/evidence/s1/panel-l2-grant-nail-accept-r2.md:280	bridge.go	bare-ambiguous
docs/evidence/s1/panel-l2-grant-nail-accept-r2.md:285	bridge.go	bare-ambiguous
docs/evidence/s1/panel-l2-grant-nail-accept-r2.md:301	_test.go	bare-unresolvable
docs/evidence/s1/panel-l2-grant-nail-accept-r2.md:307	index.html	bare-only-design-frontend
docs/evidence/s1/panel-l2-grant-nail-accept-r2.md:308	bridge.go	bare-ambiguous
docs/evidence/s1/panel-l2-grant-nail-accept-r2.md:309	bridge.go	bare-ambiguous
docs/evidence/s1/panel-l2-grant-nail-accept-r2.md:310	panel.mod	bare-unresolvable
docs/evidence/s1/panel-l2-grant-nail-accept-r2.md:310	bridge.go	bare-ambiguous
docs/evidence/s1/panel-l2-grant-nail-accept-r2.md:311	bridge.go	bare-ambiguous
docs/evidence/s1/panel-l2-grant-nail-accept-r2.md:317	approval.go	bare-ambiguous
docs/evidence/s1/panel-l2-grant-nail-accept-r2.md:324	index.html	bare-only-design-frontend
docs/evidence/s1/panel-l2-grant-nail-accept-r2.md:327	panel.ts	bare-only-design-frontend
docs/evidence/s1/panel-l2-grant-nail-accept-r2.md:327	wisp.db	bare-unresolvable
docs/evidence/s1/panel-l2-grant-nail-accept-r2.md:327	golden.sse	bare-unresolvable
docs/evidence/s1/panel-l2-grant-nail-accept-r2.md:335	photo.png	bare-unresolvable
docs/evidence/s1/panel-l2-grant-nail-accept-r2.md:335	config.toml	bare-unresolvable
docs/evidence/s1/panel-l2-grant-nail-accept-r2.md:337	approval.go	bare-ambiguous
docs/evidence/s1/panel-l2-grant-nail-accept-r2.md:338	photo.png	bare-unresolvable
docs/evidence/s1/panel-l2-grant-nail-accept-r2.md:347	bridge.go	bare-ambiguous
docs/evidence/s1/panel-l2-grant-nail-accept-r2.md:348	approval.go	bare-ambiguous
docs/evidence/s1/panel-l2-grant-nail-accept-r2.md:349	approval.go	bare-ambiguous
docs/evidence/s1/panel-l2-grant-nail-accept-r2.md:370	mutate2.py	bare-unresolvable
docs/evidence/s1/panel-l2-grant-nail-accept-r2.md:371	index.html	bare-only-design-frontend
docs/evidence/s1/panel-l2-grant-nail-accept-r2.md:392	bridge.go	bare-ambiguous
docs/evidence/s1/panel-l2-grant-nail-accept-r2.md:393	bridge.go	bare-ambiguous
docs/evidence/s1/panel-l2-grant-nail-accept-r2.md:395	bridge.go	bare-ambiguous
docs/evidence/s1/panel-l2-grant-nail-accept-r2.md:419	bridge.go	bare-ambiguous
docs/evidence/s1/panel-l2-grant-nail-accept-r2.md:419	run.go	bare-ambiguous
docs/evidence/s1/panel-l2-grant-nail-accept-r2.md:420	go.mod	bare-ambiguous
docs/evidence/s1/panel-l2-grant-nail-accept-r2.md:420	go.sum	bare-ambiguous
docs/evidence/s1/panel-l2-grant-nail-accept-r2.md:422	doc.go	bare-ambiguous
docs/evidence/s1/panel-l2-grant-nail-accept-r2.md:442	bridge.go	bare-ambiguous
docs/evidence/s1/panel-l2-grant-nail-accept-r2.md:445	bridge_test.go	bare-ambiguous
docs/evidence/s1/panel-l2-grant-nail-accept-r2.md:451	bridge.go	bare-ambiguous
docs/evidence/s1/panel-l2-grant-nail-accept-r2.md:454	bridge.go	bare-ambiguous
docs/evidence/s1/panel-l2-grant-nail-accept-r2.md:458	bridge.go	bare-ambiguous
docs/evidence/s1/panel-l2-grant-nail-accept-r2.md:459	bridge_test.go	bare-ambiguous
docs/evidence/s1/panel-l2-grant-nail-accept-r2.md:493	_test.go	bare-unresolvable
docs/evidence/s1/panel-l2-grant-nail-accept-r2.md:523	_test.go	bare-unresolvable
docs/evidence/s1/panel-l2-grant-nail-accept-r2.md:538	_test.go	bare-unresolvable
docs/evidence/s1/panel-l2-grant-nail-accept-r2.md:552	bridge.go	bare-ambiguous
docs/evidence/s1/panel-l2-grant-nail-accept-r2.md:584	notrip.py	bare-unresolvable
docs/evidence/s1/panel-l2-grant-nail-accept-r2.md:608	bridge.go	bare-ambiguous
docs/evidence/s1/panel-l2-grant-nail-accept-r2.md:612	index.html	bare-only-design-frontend
docs/evidence/s1/panel-l2-grant-nail-accept-r2.md:616	bridge_test.go	bare-ambiguous
docs/evidence/s1/panel-l2-grant-nail-accept-r2.md:616	bridge.go	bare-ambiguous
docs/evidence/s1/panel-l2-grant-nail-accept-r2.md:617	bridge.go	bare-ambiguous
docs/evidence/s1/panel-l2-grant-nail-accept-r2.md:617	bridge_test.go	bare-ambiguous
docs/evidence/s1/panel-l2-grant-nail-accept-r2.md:619	_test.go	bare-unresolvable
docs/evidence/s1/panel-l2-grant-nail-accept-r2.md:679	index.html	bare-only-design-frontend
docs/evidence/s1/panel-l2-grant-nail-accept-r2.md:683	panel.ts	bare-only-design-frontend
docs/evidence/s1/panel-l2-grant-nail-accept-r2.md:686	_test.go	bare-unresolvable
docs/evidence/s1/panel-l2-grant-nail-accept-r2.md:695	bridge.go	bare-ambiguous
docs/evidence/s1/panel-l2-grant-nail-accept-r2.md:714	index.html	bare-only-design-frontend
docs/evidence/s1/panel-l2-grant-nail-fix-r2.md:31	bridge.go	bare-ambiguous
docs/evidence/s1/panel-l2-grant-nail-fix-r2.md:34	bridge.go	bare-ambiguous
docs/evidence/s1/panel-l2-grant-nail-fix-r2.md:52	_test.go	bare-unresolvable
docs/evidence/s1/panel-l2-grant-nail-fix-r2.md:54	panel.mod	bare-unresolvable
docs/evidence/s1/panel-l2-grant-nail-fix-r2.md:55	index.html	bare-only-design-frontend
docs/evidence/s1/panel-l2-grant-nail-fix-r2.md:65	before-M8.txt	bare-unresolvable
docs/evidence/s1/panel-l2-grant-nail-fix-r2.md:69	mutate.py	bare-ambiguous
docs/evidence/s1/panel-l2-grant-nail-fix-r2.md:69	bridge.go	bare-ambiguous
docs/evidence/s1/panel-l2-grant-nail-fix-r2.md:111	bridge.go	bare-ambiguous
docs/evidence/s1/panel-l2-grant-nail-fix-r2.md:112	bridge.go	bare-ambiguous
docs/evidence/s1/panel-l2-grant-nail-fix-r2.md:115	bridge.go	bare-ambiguous
docs/evidence/s1/panel-l2-grant-nail-fix-r2.md:136	bridge.go	bare-ambiguous
docs/evidence/s1/panel-l2-grant-nail-fix-r2.md:136	_test.go	bare-unresolvable
docs/evidence/s1/panel-l2-grant-nail-fix-r2.md:138	bridge.go	bare-ambiguous
docs/evidence/s1/panel-l2-grant-nail-fix-r2.md:159	l2-plant-f.go	bare-unresolvable
docs/evidence/s1/panel-l2-grant-nail-fix-r2.md:166	_test.go	bare-unresolvable
docs/evidence/s1/panel-l2-grant-nail-fix-r2.md:166	bridge.go	bare-ambiguous
docs/evidence/s1/panel-l2-grant-nail-fix-r2.md:170	bridge.go	bare-ambiguous
docs/evidence/s1/panel-l2-grant-nail-fix-r2.md:173	bridge.go	bare-ambiguous
docs/evidence/s1/panel-l2-grant-nail-fix-r2.md:176	bridge.go	bare-ambiguous
docs/evidence/s1/panel-l2-grant-nail-fix-r2.md:182	bridge.go	bare-ambiguous
docs/evidence/s1/panel-l2-grant-nail-fix-r2.md:197	bridge.go	bare-ambiguous
docs/evidence/s1/panel-l2-grant-nail-fix-r2.md:197	_test.go	bare-unresolvable
docs/evidence/s1/panel-l2-grant-nail-fix-r2.md:198	zz_seedcomparison_probe_test.go	bare-unresolvable
docs/evidence/s1/panel-l2-grant-nail-fix-r2.md:198	bridge.go	bare-ambiguous
docs/evidence/s1/panel-l2-grant-nail-fix-r2.md:229	bridge.go	bare-ambiguous
docs/evidence/s1/panel-l2-grant-nail-fix-r2.md:234	bridge.go	bare-ambiguous
docs/evidence/s1/panel-l2-grant-nail-fix-r2.md:239	bridge.go	bare-ambiguous
docs/evidence/s1/panel-l2-grant-nail-fix-r2.md:242	afterC-M8.txt	bare-unresolvable
docs/evidence/s1/panel-l2-grant-nail-fix-r2.md:242	before-M8.txt	bare-unresolvable
docs/evidence/s1/panel-l2-grant-nail-fix-r2.md:301	bridge.go	bare-ambiguous
docs/evidence/s1/panel-l2-grant-nail-fix-r2.md:306	bridge.go	bare-ambiguous
docs/evidence/s1/panel-l2-grant-nail-fix-r2.md:338	bridge_test.go	bare-ambiguous
docs/evidence/s1/panel-l2-grant-nail-fix-r2.md:340	bridge.go	bare-ambiguous
docs/evidence/s1/panel-l2-grant-nail-fix-r2.md:341	go.mod	bare-ambiguous
docs/evidence/s1/panel-l2-grant-nail-fix-r2.md:359	bridge_test.go	bare-ambiguous
docs/evidence/s1/panel-l2-grant-nail-fix-r2.md:365	bridge_test.go	bare-ambiguous
docs/evidence/s1/panel-l2-grant-nail-fix-r2.md:378	bridge.go	bare-ambiguous
docs/evidence/s1/panel-l2-grant-nail-fix-r2.md:380	bridge_test.go	bare-ambiguous
docs/evidence/s1/panel-l2-grant-nail-fix-r2.md:392	_test.go	bare-unresolvable
docs/evidence/s1/panel-l2-grant-nail-fix-r2.md:396	bridge.go	bare-ambiguous
docs/evidence/s1/panel-l2-grant-nail-fix-r2.md:401	run.go	bare-ambiguous
docs/evidence/s1/panel-l2-grant-nail-fix-r3-accept-r1.md:42	/headcopy/internal/panel/l2_grant_boundary_test.go	root-ambiguous
docs/evidence/s1/panel-l2-grant-nail-fix-r3-accept-r1.md:43	/headcopy/internal/panel/bridge.go	root-ambiguous
docs/evidence/s1/panel-l2-grant-nail-fix-r3-accept-r1.md:60	.html/.json	stemless
docs/evidence/s1/panel-l2-grant-nail-fix-r3-accept-r1.md:140	plant.py	bare-unresolvable
docs/evidence/s1/panel-l2-grant-nail-fix-r3-accept-r1.md:208	bridge.go	bare-ambiguous
docs/evidence/s1/panel-l2-grant-nail-fix-r3-accept-r1.md:216	bridge.go	bare-ambiguous
docs/evidence/s1/panel-l2-grant-nail-fix-r3-accept-r1.md:223	panel.mod	bare-unresolvable
docs/evidence/s1/panel-l2-grant-nail-fix-r3-accept-r1.md:310	bridge.go	bare-ambiguous
docs/evidence/s1/panel-l2-grant-nail-fix-r3-accept-r1.md:317	bridge.go	bare-ambiguous
docs/evidence/s1/panel-l2-grant-nail-fix-r3-accept-r1.md:375	_test.go	bare-unresolvable
docs/evidence/s1/panel-l2-grant-nail-fix-r3-accept-r1.md:376	_test.go	bare-unresolvable
docs/evidence/s1/panel-l2-grant-nail-fix-r3-accept-r1.md:378	_test.go	bare-unresolvable
docs/evidence/s1/panel-l2-grant-nail-fix-r3-accept-r1.md:461	widen.py	bare-unresolvable
docs/evidence/s1/panel-l2-grant-nail-fix-r3-accept-r1.md:489	committed-count2.txt	bare-unresolvable
docs/evidence/s1/panel-l2-grant-nail-fix-r3-accept-r1.md:490	d22scan-committed.txt	bare-unresolvable
docs/evidence/s1/panel-l2-grant-nail-fix-r3-accept-r1.md:490	postcommit-count2.txt	bare-unresolvable
docs/evidence/s1/panel-l2-grant-nail-fix-r3-accept-r1.md:522	_test.go	bare-unresolvable
docs/evidence/s1/panel-l2-grant-nail-fix-r3-accept-r1.md:566	bridge.go	bare-ambiguous
docs/evidence/s1/panel-l2-grant-nail-fix-r3-accept-r1.md:588	go.mod	bare-ambiguous
docs/evidence/s1/panel-l2-grant-nail-fix-r3-accept-r1.md:594	mut.py	bare-unresolvable
docs/evidence/s1/panel-l2-grant-nail-fix-r3-accept-r1.md:594	routelex.py	bare-unresolvable
docs/evidence/s1/panel-l2-grant-nail-fix-r3-accept-r1.md:594	routevocab.py	bare-unresolvable
docs/evidence/s1/panel-l2-grant-nail-fix-r3-accept-r1.md:594	worddrop.py	bare-unresolvable
docs/evidence/s1/panel-l2-grant-nail-fix-r3.md:26	bridge.go	bare-ambiguous
docs/evidence/s1/panel-l2-grant-nail-fix-r3.md:110	tokens.css	bare-only-design-frontend
docs/evidence/s1/panel-l2-grant-nail-fix-r3.md:126	_test.go	bare-unresolvable
docs/evidence/s1/panel-l2-grant-nail-fix-r3.md:202	panel.mod	bare-unresolvable
docs/evidence/s1/panel-l2-grant-nail-fix-r3.md:249	plant.py	bare-unresolvable
docs/evidence/s1/panel-l2-grant-nail-fix-r3.md:252	plantf.py	bare-unresolvable
docs/evidence/s1/panel-l2-grant-nail-fix-r3.md:265	widen.py	bare-unresolvable
docs/evidence/s1/panel-l2-grant-nail-fix-r3.md:273	bridge.go	bare-ambiguous
docs/evidence/s1/panel-l2-grant-nail-fix-r3.md:276	bridge.go	bare-ambiguous
docs/evidence/s1/panel-l2-grant-nail-fix-r3.md:277	mdec.py	bare-unresolvable
docs/evidence/s1/panel-l2-grant-nail-fix-r3.md:278	bridge.go	bare-ambiguous
docs/evidence/s1/panel-l2-grant-nail-fix-r3.md:284	bridge.go	bare-ambiguous
docs/evidence/s1/panel-l2-grant-nail-fix-r3.md:313	plant.py	bare-unresolvable
docs/evidence/s1/panel-l2-grant-nail-fix-r3.md:313	plantf.py	bare-unresolvable
docs/evidence/s1/panel-l2-grant-nail-fix-r3.md:313	mdec.py	bare-unresolvable
docs/evidence/s1/panel-l2-grant-nail-fix-r3.md:313	widen.py	bare-unresolvable
docs/evidence/s1/panel-l2-grant-nail-fix-r3.md:313	runG.sh	bare-unresolvable
docs/evidence/s1/panel-l2-grant-nail-fix-r3.md:313	roster.sh	bare-unresolvable
docs/evidence/s1/panel-l2-grant-nail-fix-r3.md:313	count.py	bare-unresolvable
docs/evidence/s1/panel-l2-grant-nail-fix-r3.md:320	plant.py	bare-unresolvable
docs/evidence/s1/panel-l2-grant-nail-fix-r3.md:326	bridge.go	bare-ambiguous
docs/evidence/s1/panel-l2-grant-nail-fix-r4-accept-r1.md:24	_test.go	bare-unresolvable
docs/evidence/s1/panel-l2-grant-nail-fix-r4-accept-r1.md:26	theme.css	bare-only-design-frontend
docs/evidence/s1/panel-l2-grant-nail-fix-r4-accept-r1.md:41	_test.go	bare-unresolvable
docs/evidence/s1/panel-l2-grant-nail-fix-r4-accept-r1.md:45	bridge.go	bare-ambiguous
docs/evidence/s1/panel-l2-grant-nail-fix-r4-accept-r1.md:73	mut14.py	bare-unresolvable
docs/evidence/s1/panel-l2-grant-nail-fix-r4-accept-r1.md:73	run14.sh	bare-unresolvable
docs/evidence/s1/panel-l2-grant-nail-fix-r4-accept-r1.md:73	decoy_demo.py	bare-unresolvable
docs/evidence/s1/panel-l2-grant-nail-fix-r4-accept-r1.md:73	decoy_run.py	bare-unresolvable
docs/evidence/s1/panel-l2-grant-nail-fix-r4-accept-r1.md:74	bridge.go	bare-ambiguous
docs/evidence/s1/panel-l2-grant-nail-fix-r4-accept-r1.md:86	tokens.css	bare-only-design-frontend
docs/evidence/s1/panel-l2-grant-nail-fix-r4-accept-r1.md:142	_test.go	bare-unresolvable
docs/evidence/s1/panel-l2-grant-nail-fix-r4-accept-r1.md:267	bridge.go	bare-ambiguous
docs/evidence/s1/panel-l2-grant-nail-fix-r4-accept-r1.md:272	panel.mod	bare-unresolvable
docs/evidence/s1/panel-l2-grant-nail-fix-r4-accept-r1.md:300	bridge.go	bare-ambiguous
docs/evidence/s1/panel-l2-grant-nail-fix-r4-accept-r1.md:304	bridge.go	bare-ambiguous
docs/evidence/s1/panel-l2-grant-nail-fix-r4-accept-r1.md:313	bridge.go	bare-ambiguous
docs/evidence/s1/panel-l2-grant-nail-fix-r4-accept-r1.md:348	panel.mod	bare-unresolvable
docs/evidence/s1/panel-l2-grant-nail-fix-r4-accept-r1.md:371	panel.mod	bare-unresolvable
docs/evidence/s1/panel-l2-grant-nail-fix-r4-accept-r1.md:408	panel.mod	bare-unresolvable
docs/evidence/s1/panel-l2-grant-nail-fix-r4-accept-r1.md:462	panel.mod	bare-unresolvable
docs/evidence/s1/panel-l2-grant-nail-fix-r4-accept-r1.md:494	.summary.txt	bare-unresolvable
docs/evidence/s1/panel-l2-grant-nail-fix-r4-accept-r1.md:495	mut14.py	bare-unresolvable
docs/evidence/s1/panel-l2-grant-nail-fix-r4-accept-r1.md:495	run14.sh	bare-unresolvable
docs/evidence/s1/panel-l2-grant-nail-fix-r4-accept-r1.md:495	decoy_demo.py	bare-unresolvable
docs/evidence/s1/panel-l2-grant-nail-fix-r4-accept-r1.md:495	decoy_run.py	bare-unresolvable
docs/evidence/s1/panel-l2-grant-nail-fix-r4-accept-r1.md:496	bridge.go	bare-ambiguous
docs/evidence/s1/panel-l2-grant-nail-fix-r4.md:31	_test.go	bare-unresolvable
docs/evidence/s1/panel-l2-grant-nail-fix-r4.md:43	bridge.go	bare-ambiguous
docs/evidence/s1/panel-l2-grant-nail-fix-r4.md:82	mutate.py	bare-ambiguous
docs/evidence/s1/panel-l2-grant-nail-fix-r4.md:140	bridge.go	bare-ambiguous
docs/evidence/s1/panel-l2-grant-nail-fix-r4.md:155	panel.mod	bare-unresolvable
docs/evidence/s1/panel-l2-grant-nail-fix-r4.md:189	bridge.go	bare-ambiguous
docs/evidence/s1/panel-l2-grant-nail-fix-r4.md:244	_test.go	bare-unresolvable
docs/evidence/s1/panel-l2-grant-nail-fix-r4.md:286	bridge.go	bare-ambiguous
docs/evidence/s1/panel-l2-grant-nail-fix-r4.md:352	go.mod	bare-ambiguous
docs/evidence/s1/panel-l2-grant-nail-fix-r4.md:439	_test.go	bare-unresolvable
docs/evidence/s1/panel-l2-grant-nail-fix-r5-accept-r1.md:13	bridge.go	bare-ambiguous
docs/evidence/s1/panel-l2-grant-nail-fix-r5-accept-r1.md:64	bridge.go	bare-ambiguous
docs/evidence/s1/panel-l2-grant-nail-fix-r5-accept-r1.md:75	mut.py	bare-unresolvable
docs/evidence/s1/panel-l2-grant-nail-fix-r5-accept-r1.md:75	decoys.py	bare-unresolvable
docs/evidence/s1/panel-l2-grant-nail-fix-r5-accept-r1.md:92	panel.mod	bare-unresolvable
docs/evidence/s1/panel-l2-grant-nail-fix-r5-accept-r1.md:93	bridge.go	bare-ambiguous
docs/evidence/s1/panel-l2-grant-nail-fix-r5-accept-r1.md:95	panel.mod	bare-unresolvable
docs/evidence/s1/panel-l2-grant-nail-fix-r5-accept-r1.md:107	bridge.go	bare-ambiguous
docs/evidence/s1/panel-l2-grant-nail-fix-r5-accept-r1.md:128	panel.mod	bare-unresolvable
docs/evidence/s1/panel-l2-grant-nail-fix-r5-accept-r1.md:150	panel.mod	bare-unresolvable
docs/evidence/s1/panel-l2-grant-nail-fix-r5-accept-r1.md:160	panel.mod	bare-unresolvable
docs/evidence/s1/panel-l2-grant-nail-fix-r5-accept-r1.md:162	panel.mod	bare-unresolvable
docs/evidence/s1/panel-l2-grant-nail-fix-r5-accept-r1.md:178	panel.mod	bare-unresolvable
docs/evidence/s1/panel-l2-grant-nail-fix-r5-accept-r1.md:205	panel.mod	bare-unresolvable
docs/evidence/s1/panel-l2-grant-nail-fix-r5-accept-r1.md:223	panel.mod	bare-unresolvable
docs/evidence/s1/panel-l2-grant-nail-fix-r5-accept-r1.md:291	tokens.css	bare-only-design-frontend
docs/evidence/s1/panel-l2-grant-nail-fix-r5-accept-r1.md:301	pump.go	bare-ambiguous
docs/evidence/s1/panel-l2-grant-nail-fix-r5-accept-r1.md:348	/golden/thresholds.go	root-ambiguous
docs/evidence/s1/panel-l2-grant-nail-fix-r5-accept-r1.md:348	_test.go	bare-unresolvable
docs/evidence/s1/panel-l2-grant-nail-fix-r5-accept-r1.md:360	bridge_test.go	bare-ambiguous
docs/evidence/s1/panel-l2-grant-nail-fix-r5-accept-r1.md:360	panel.mod	bare-unresolvable
docs/evidence/s1/panel-l2-grant-nail-fix-r5-accept-r1.md:384	panel.mod	bare-unresolvable
docs/evidence/s1/panel-l2-grant-nail-fix-r5-accept-r1.md:384	bridge_test.go	bare-ambiguous
docs/evidence/s1/panel-l2-grant-nail-fix-r5-accept-r1.md:444	_other_test.go	bare-unresolvable
docs/evidence/s1/panel-l2-grant-nail-fix-r5-accept-r1.md:451	go.mod	bare-ambiguous
docs/evidence/s1/panel-l2-grant-nail-fix-r5-accept-r1.md:481	mut.py	bare-unresolvable
docs/evidence/s1/panel-l2-grant-nail-fix-r5-accept-r1.md:481	cmp_hashes.py	bare-unresolvable
docs/evidence/s1/panel-l2-grant-nail-fix-r5-accept-r1.md:484	tokens.css	bare-only-design-frontend
docs/evidence/s1/panel-l2-grant-nail-fix-r5-accept-r1.md:495	mut.py	bare-unresolvable
docs/evidence/s1/panel-l2-grant-nail-fix-r5-accept-r1.md:500	MEMORY.md	bare-unresolvable
docs/evidence/s1/panel-l2-grant-nail-fix-r5.md:60	panel.mod	bare-unresolvable
docs/evidence/s1/panel-l2-grant-nail-fix-r5.md:96	bridge.go	bare-ambiguous
docs/evidence/s1/panel-l2-grant-nail-fix-r5.md:116	_test.go	bare-unresolvable
docs/evidence/s1/panel-l2-grant-nail-fix-r5.md:118	bridge.go	bare-ambiguous
docs/evidence/s1/panel-l2-grant-nail-fix-r5.md:135	panel.mod	bare-unresolvable
docs/evidence/s1/panel-l2-grant-nail-fix-r5.md:145	bridge.go	bare-ambiguous
docs/evidence/s1/panel-l2-grant-nail-fix-r5.md:155	panel.mod	bare-unresolvable
docs/evidence/s1/panel-l2-grant-nail-fix-r5.md:161	panel.mod	bare-unresolvable
docs/evidence/s1/panel-l2-grant-nail-fix-r5.md:164	panel.mod	bare-unresolvable
docs/evidence/s1/panel-l2-grant-nail-fix-r5.md:165	panel.mod	bare-unresolvable
docs/evidence/s1/panel-l2-grant-nail-fix-r5.md:200	bridge.go	bare-ambiguous
docs/evidence/s1/panel-l2-grant-nail-fix-r5.md:261	_test.go	bare-unresolvable
docs/evidence/s1/panel-l2-grant-nail-fix-r5.md:317	go.mod	bare-ambiguous
docs/evidence/s1/panel-l2-grant-nail-fix-r5.md:369	PRE-anchor-ee2a92d.txt	bare-unresolvable
docs/evidence/s1/panel-l2-grant-nail-fix-r5.md:369	W-BASE-worktree-final.txt	bare-unresolvable
docs/evidence/s1/panel-l2-grant-nail-fix-r5.md:370	GATE-d22scan-post.txt	bare-unresolvable
docs/evidence/s1/panel-l2-grant-nail-fix-r5.md:371	decoys.py	bare-unresolvable
docs/evidence/s1/panel-l2-grant-nail-fix-r5.md:371	reds.py	bare-unresolvable
docs/evidence/s1/panel-l2-grant-nail-fix-r5.md:376	reds.py	bare-unresolvable
docs/evidence/s1/panel-l2-grant-nail-fix-r5.md:396	panel.mod	bare-unresolvable
docs/evidence/s1/panel-l2-grant-nail-fix-r5.md:396	bridge_test.go	bare-ambiguous
docs/evidence/s1/panel-l2-grant-nail-r1.md:16	panel.ts	bare-only-design-frontend
docs/evidence/s1/panel-l2-grant-nail-r1.md:31	bridge.go	bare-ambiguous
docs/evidence/s1/panel-l2-grant-nail-r1.md:34	rt.mod	bare-unresolvable
docs/evidence/s1/panel-l2-grant-nail-r1.md:36	_windows.go	bare-unresolvable
docs/evidence/s1/panel-l2-grant-nail-r1.md:70	panel.mod	bare-unresolvable
docs/evidence/s1/panel-l2-grant-nail-r1.md:71	bridge_test.go	bare-ambiguous
docs/evidence/s1/panel-l2-grant-nail-r1.md:140	bridge.go	bare-ambiguous
docs/evidence/s1/panel-l2-grant-nail-r1.md:142	bridge.go	bare-ambiguous
docs/evidence/s1/panel-l2-grant-nail-r1.md:147	bridge.go	bare-ambiguous
docs/evidence/s1/panel-l2-grant-nail-r1.md:150	grant_handler.go	bare-unresolvable
docs/evidence/s1/panel-l2-grant-nail-r1.md:152	bridge.go	bare-ambiguous
docs/evidence/s1/panel-l2-grant-nail-r1.md:153	grant_handler.go	bare-unresolvable
docs/evidence/s1/panel-l2-grant-nail-r1.md:164	bridge.go	bare-ambiguous
docs/evidence/s1/panel-l2-grant-nail-r1.md:183	panel.mod	bare-unresolvable
docs/evidence/s1/panel-l2-grant-nail-r1.md:184	panel.mod	bare-unresolvable
docs/evidence/s1/panel-l2-grant-nail-r1.md:191	bridge.go	bare-ambiguous
docs/evidence/s1/panel-l2-grant-nail-r1.md:237	main.go	bare-ambiguous
docs/evidence/s1/panel-l2-grant-nail-r1.md:252	panel.ts	bare-only-design-frontend
docs/evidence/s1/panel-l2-grant-nail-r1.md:280	_test.go	bare-unresolvable
docs/evidence/s1/panel-l2-grant-nail-r1.md:303	bridge.go	bare-ambiguous
docs/evidence/s1/panel-l2-grant-nail-r1.md:303	grant_handler.go	bare-unresolvable
docs/evidence/s1/panel-l2-grant-nail-r1.md:311	panel.mod	bare-unresolvable
docs/evidence/s1/panel-l2-grant-nail-r1.md:327	bridge.go	bare-ambiguous
docs/evidence/s1/panel-l2-grant-nail-r1.md:352	_test.go	bare-unresolvable
docs/evidence/s1/panel-l2-grant-nail-r1.md:359	_test.go	bare-unresolvable
docs/evidence/s1/panel-l2-grant-nail-r1.md:419	MEMORY.md	bare-unresolvable
docs/evidence/s2/13-adversarial-acceptance.md:38	gate.go	bare-ambiguous
docs/evidence/s2/13-adversarial-acceptance.md:51	device.go/wasapimic_windows.go	multi-ext
docs/evidence/s2/13-adversarial-acceptance.md:72	go.mod	bare-ambiguous
docs/evidence/s2/14-adversarial-acceptance.md:57	bridge_test.go	bare-ambiguous
docs/evidence/s3/19-adversarial-acceptance.md:9	_test.go	bare-unresolvable
docs/evidence/s3/19-adversarial-acceptance.md:21	budgets.go/compress.go/loop.go	multi-ext
docs/evidence/s3/19-adversarial-acceptance.md:22	_test.go	bare-unresolvable
docs/evidence/s3/19-adversarial-acceptance.md:22	provenance.go	bare-ambiguous
docs/evidence/s3/19-adversarial-acceptance.md:50	provenance.go	bare-ambiguous
docs/evidence/s3/19-adversarial-acceptance.md:51	provenance.go	bare-ambiguous
docs/evidence/s3/19-adversarial-acceptance.md:53	taintmatch.go	bare-ambiguous
docs/evidence/s3/19-adversarial-acceptance.md:55	provenance.go	bare-ambiguous
docs/evidence/s3/19-adversarial-acceptance.md:55	_test.go	bare-unresolvable
docs/evidence/s3/19-adversarial-acceptance.md:56	provenance.go	bare-ambiguous
docs/evidence/s3/19-adversarial-acceptance.md:64	provenance.go	bare-ambiguous
docs/evidence/s3/19-adversarial-acceptance.md:67	provenance.go	bare-ambiguous
docs/evidence/s3/19-adversarial-acceptance.md:73	out2.md	bare-unresolvable
docs/evidence/s3/19-adversarial-acceptance.md:78	provenance.go	bare-ambiguous
docs/evidence/s3/19-adversarial-acceptance.md:79	provenance.go	bare-ambiguous
docs/evidence/s3/19-adversarial-acceptance.md:83	provenance.go	bare-ambiguous
docs/evidence/s3/19-adversarial-acceptance.md:89	provenance.go	bare-ambiguous
docs/evidence/s3/19-adversarial-acceptance.md:89	exfil.md	bare-unresolvable
docs/evidence/s3/19-adversarial-acceptance.md:92	provenance.go	bare-ambiguous
docs/evidence/s3/19-adversarial-acceptance.md:95	taintmatch.go	bare-ambiguous
docs/evidence/s3/19-adversarial-acceptance.md:98	taintmatch.go	bare-ambiguous
docs/evidence/s3/19-adversarial-acceptance.md:100	provenance.go	bare-ambiguous
docs/evidence/s3/19-adversarial-acceptance.md:102	taintmatch.go	bare-ambiguous
docs/evidence/s3/19-adversarial-acceptance.md:105	provenance.go	bare-ambiguous
docs/evidence/s3/19-adversarial-acceptance.md:124	_test.go	bare-unresolvable
docs/evidence/s3/19-adversarial-acceptance.md:126	provenance.go	bare-ambiguous
docs/evidence/s3/19-adversarial-acceptance.md:127	provenance.go	bare-ambiguous
docs/evidence/s3/19-adversarial-acceptance.md:129	provenance.go	bare-ambiguous
docs/evidence/s3/19-adversarial-acceptance.md:147	_test.go	bare-unresolvable
docs/evidence/s3/19-adversarial-acceptance.md:176	file.md	bare-unresolvable
docs/evidence/s3/19-adversarial-acceptance.md:182	file.md	bare-unresolvable
docs/evidence/s3/19-adversarial-acceptance.md:184	file.md	bare-unresolvable
docs/evidence/s3/19-adversarial-acceptance.md:204	file.md	bare-unresolvable
docs/evidence/s3/19-adversarial-acceptance.md:205	file.md	bare-unresolvable
docs/evidence/s3/19-adversarial-acceptance.md:218	X.txt	bare-unresolvable
docs/evidence/s3/19-adversarial-acceptance.md:219	X.txt	bare-unresolvable
docs/evidence/s3/19-adversarial-acceptance.md:220	X.txt	bare-unresolvable
docs/evidence/s3/19-adversarial-acceptance.md:221	X.txt	bare-unresolvable
docs/evidence/s3/19-adversarial-acceptance.md:222	X.txt	bare-unresolvable
docs/evidence/s3/19-adversarial-acceptance.md:223	Y.txt	bare-unresolvable
docs/evidence/s3/19-adversarial-acceptance.md:224	v3.md	bare-unresolvable
docs/evidence/s3/19-adversarial-acceptance.md:250	exfil.md	bare-unresolvable
docs/evidence/s3/19-adversarial-acceptance.md:275	provenance.go	bare-ambiguous
docs/evidence/s3/19-adversarial-acceptance.md:283	provenance.go	bare-ambiguous
docs/evidence/s3/19-adversarial-acceptance.md:303	provenance.go	bare-ambiguous
docs/evidence/s3/19-adversarial-acceptance.md:334	provenance.go	bare-ambiguous
docs/reports/2026-09-23-gap-analysis-vs-oss-harnesses.md:76	SKILL.md	bare-unresolvable
docs/reports/2026-09-23-gap-analysis-vs-oss-harnesses.md:78	config.toml	bare-unresolvable
docs/reports/2026-09-23-gap-analysis-vs-oss-harnesses.md:161	shell.exe	bare-unresolvable
docs/reports/2026-09-23-gap-analysis-vs-oss-harnesses.md:225	shell.exe	bare-unresolvable
docs/reports/2026-09-23-gap-analysis-vs-oss-harnesses.md:295	config.toml	bare-unresolvable
docs/reports/2026-09-23-gap-analysis-vs-oss-harnesses.md:298	config.toml	bare-unresolvable
docs/reports/2026-09-23-gap-analysis-vs-oss-harnesses.md:315	shell.exe	bare-unresolvable
docs/reports/2026-09-24-gap-analysis-audit-verdict.md:56	shell.exe	bare-unresolvable
docs/reports/2026-09-24-gap-analysis-audit-verdict.md:58	schema.go	bare-ambiguous
docs/reports/2026-09-24-gap-analysis-audit-verdict.md:58	run.go	bare-ambiguous
docs/reports/2026-09-24-gap-analysis-audit-verdict.md:59	mode.go	bare-ambiguous
docs/reports/2026-09-24-gap-analysis-audit-verdict.md:65	loop.go	bare-ambiguous
docs/reports/2026-09-24-gap-analysis-audit-verdict.md:68	doc.go	bare-ambiguous
docs/reports/2026-09-24-gap-analysis-audit-verdict.md:70	run.go	bare-ambiguous
docs/reports/2026-09-24-gap-analysis-audit-verdict.md:70	bridge.go	bare-ambiguous
docs/reports/2026-09-24-gap-analysis-audit-verdict.md:73	doc.go	bare-ambiguous
docs/reports/2026-09-24-gap-analysis-audit-verdict.md:152	QODER.md	bare-unresolvable
docs/reports/2026-09-24-gap-analysis-audit-verdict.md:152	CLAUDE.md	bare-unresolvable
docs/reports/2026-09-24-gap-analysis-audit-verdict.md:178	MEMORY.md	bare-unresolvable
docs/reports/2026-09-24-gap-analysis-audit-verdict.md:227	README.md	bare-ambiguous
docs/reports/HANDOVER.md:46	go.exe	bare-unresolvable
docs/reports/HANDOVER.md:91	feedback-subagent-fleet.md	bare-unresolvable
docs/reports/HANDOVER.md:94	tiers.go	bare-ambiguous
docs/reports/HANDOVER.md:123	main.go	bare-ambiguous
docs/reports/HANDOVER.md:123	go.mod	bare-ambiguous
docs/reports/HANDOVER.md:139	config.toml	bare-unresolvable
docs/reports/HANDOVER.md:150	feedback-subagent-fleet.md	bare-unresolvable
docs/reports/HANDOVER.md:153	gate.go	bare-ambiguous
docs/reports/HANDOVER.md:154	decider.go	bare-unresolvable
docs/reports/HANDOVER.md:154	bridge.go	bare-ambiguous
docs/reports/HANDOVER.md:154	gate.go	bare-ambiguous
docs/reports/HANDOVER.md:156	bridge.go	bare-ambiguous
docs/reports/HANDOVER.md:166	run.go	bare-ambiguous
docs/reports/HANDOVER.md:174	bridge.go	bare-ambiguous
docs/reports/HANDOVER.md:174	subagent_197.go	bare-ambiguous
docs/reports/HANDOVER.md:174	run.go	bare-ambiguous
docs/reports/HANDOVER.md:174	subagent_197_test.go	bare-ambiguous
docs/reports/HANDOVER.md:177	approval_reply_211_test.go	bare-unresolvable
docs/reports/HANDOVER.md:177	run.go/gate.go/queue.go/main.go	multi-ext
docs/reports/HANDOVER.md:187	models.go	bare-ambiguous
docs/reports/HANDOVER.md:189	_other_test.go	bare-unresolvable
docs/reports/HANDOVER.md:190	gate.go	bare-ambiguous
docs/reports/HANDOVER.md:198	gates-full.txt	bare-unresolvable
docs/reports/HANDOVER.md:203	openchamber-ui-web-surface-0929.md	bare-unresolvable
docs/reports/HANDOVER.md:203	en.ts	bare-unresolvable
docs/reports/HANDOVER.md:213	config.toml	bare-unresolvable
docs/reports/HANDOVER.md:216	subagent_roster_197.go	bare-ambiguous
docs/reports/HANDOVER.md:217	subagent_197.go	bare-ambiguous
docs/reports/HANDOVER.md:217	subagent_222_test.go	bare-ambiguous
docs/reports/HANDOVER.md:221	subagent_197.go	bare-ambiguous
docs/reports/HANDOVER.md:221	bridge.go	bare-ambiguous
docs/reports/HANDOVER.md:223	gates-full2.txt	bare-unresolvable
docs/reports/HANDOVER.md:224	bridge.go	bare-ambiguous
docs/reports/HANDOVER.md:224	subagent_197.go	bare-ambiguous
docs/reports/HANDOVER.md:225	bridge.go	bare-ambiguous
docs/reports/HANDOVER.md:228	PermissionCard.tsx	bare-unresolvable
docs/reports/HANDOVER.md:228	WorkStatusSubagentsSection.tsx	bare-unresolvable
docs/reports/HANDOVER.md:241	task.go	bare-ambiguous
docs/reports/HANDOVER.md:243	subagent_197.go	bare-ambiguous
docs/reports/HANDOVER.md:243	task.go	bare-ambiguous
docs/reports/HANDOVER.md:243	subagent_197_test.go	bare-ambiguous
docs/reports/HANDOVER.md:254	main.go	bare-ambiguous
docs/reports/HANDOVER.md:261	go.mod	bare-ambiguous
docs/reports/HANDOVER.md:273	go.mod	bare-ambiguous
docs/reports/HANDOVER.md:273	approval.go	bare-ambiguous
docs/reports/HANDOVER.md:273	run.go	bare-ambiguous
docs/reports/HANDOVER.md:274	main.go	bare-ambiguous
docs/reports/HANDOVER.md:274	run.go	bare-ambiguous
docs/reports/HANDOVER.md:286	run.go	bare-ambiguous
docs/reports/HANDOVER.md:294	doc.go	bare-ambiguous
docs/reports/HANDOVER.md:294	run.go	bare-ambiguous
docs/reports/HANDOVER.md:299	config.toml	bare-unresolvable
docs/reports/HANDOVER.md:317	migrate_test.go	bare-ambiguous
docs/reports/HANDOVER.md:343	wisp.db	bare-unresolvable
docs/reports/HANDOVER.md:344	schema.go	bare-ambiguous
docs/reports/HANDOVER.md:367	bridge.go	bare-ambiguous
docs/reports/HANDOVER.md:369	subagent_197.go	bare-ambiguous
docs/reports/HANDOVER.md:372	subagent_197_test.go	bare-ambiguous
docs/reports/HANDOVER.md:372	subagent_222_test.go	bare-ambiguous
docs/reports/HANDOVER.md:372	subagent_197.go	bare-ambiguous
docs/reports/HANDOVER.md:373	go.exe	bare-unresolvable
docs/reports/HANDOVER.md:380	run.go	bare-ambiguous
docs/reports/HANDOVER.md:405	subagent_197.go	bare-ambiguous
docs/reports/HANDOVER.md:414	run.go	bare-ambiguous
docs/reports/HANDOVER.md:420	gofumpt.exe	bare-unresolvable
docs/reports/HANDOVER.md:431	pending-human-review.md	bare-unresolvable
docs/reports/HANDOVER.md:434	go.exe	bare-unresolvable
docs/reports/HANDOVER.md:438	_test.go	bare-unresolvable
docs/reports/HANDOVER.md:442	subagent_197.go	bare-ambiguous
docs/reports/HANDOVER.md:444	_test.go	bare-unresolvable
docs/reports/HANDOVER.md:456	go.exe	bare-unresolvable
docs/reports/HANDOVER.md:465	wisp.exe	bare-unresolvable
docs/reports/HANDOVER.md:465	balldebug.exe	bare-unresolvable
docs/reports/HANDOVER.md:475	config.toml	bare-unresolvable
docs/reports/HANDOVER.md:483	run.go	bare-ambiguous
docs/reports/HANDOVER.md:505	bridge.go	bare-ambiguous
docs/reports/HANDOVER.md:506	main.go	bare-ambiguous
docs/reports/HANDOVER.md:507	provenance.go	bare-ambiguous
docs/reports/HANDOVER.md:507	bridge.go	bare-ambiguous
docs/reports/HANDOVER.md:511	bridge.go	bare-ambiguous
docs/reports/HANDOVER.md:515	bridge.go	bare-ambiguous
docs/reports/HANDOVER.md:515	run.go	bare-ambiguous
docs/reports/HANDOVER.md:515	task.go	bare-ambiguous
docs/reports/HANDOVER.md:516	bridge.go	bare-ambiguous
docs/reports/HANDOVER.md:517	fs.go	bare-ambiguous
docs/reports/HANDOVER.md:517	bridge.go	bare-ambiguous
docs/reports/HANDOVER.md:518	bridge.go	bare-ambiguous
docs/reports/HANDOVER.md:519	provenance.go	bare-ambiguous
docs/reports/HANDOVER.md:519	bridge.go	bare-ambiguous
docs/reports/HANDOVER.md:520	fs.go	bare-ambiguous
docs/reports/HANDOVER.md:521	cmd.exe	bare-unresolvable
docs/reports/HANDOVER.md:521	shell.exe	bare-unresolvable
docs/reports/HANDOVER.md:521	task.go	bare-ambiguous
docs/reports/HANDOVER.md:523	bridge.go	bare-ambiguous
docs/reports/HANDOVER.md:547	gate.go	bare-ambiguous
docs/reports/HANDOVER.md:551	main.go	bare-ambiguous
docs/reports/HANDOVER.md:554	provenance.go	bare-ambiguous
docs/reports/HANDOVER.md:578	slo_windows.go	bare-ambiguous
docs/reports/HANDOVER.md:599	bridge.go	bare-ambiguous
docs/reports/HANDOVER.md:612	_gate_136_test.go	bare-unresolvable
docs/reports/HANDOVER.md:612	_coverage_136_test.go	bare-unresolvable
docs/reports/HANDOVER.md:622	fs_write.go	bare-ambiguous
docs/reports/HANDOVER.md:626	slo-report.json	bare-unresolvable
docs/reports/HANDOVER.md:628	composer-states.html	bare-only-design-frontend
docs/reports/HANDOVER.md:628	composer.tsx	bare-only-design-frontend
docs/reports/HANDOVER.md:628	thinking.tsx	bare-only-design-frontend
docs/reports/HANDOVER.md:628	tool-chips.tsx	bare-only-design-frontend
docs/reports/HANDOVER.md:691	_test.go	bare-unresolvable
docs/reports/HANDOVER.md:764	_test.go	bare-unresolvable
docs/reports/HANDOVER.md:790	slo_windows.go	bare-ambiguous
docs/reports/HANDOVER.md:793	README.md	bare-ambiguous
docs/reports/HANDOVER.md:865	README.md	bare-ambiguous
docs/reports/HANDOVER.md:926	gofumpt.exe	bare-unresolvable
docs/reports/HANDOVER.md:926	staticcheck.exe	bare-unresolvable
docs/reports/HANDOVER.md:972	leg_sink_nail_131_test.go	bare-unresolvable
docs/reports/HANDOVER.md:976	leg_sink_nail_131_test.go	bare-unresolvable
docs/reports/HANDOVER.md:998	settings.json	bare-unresolvable
docs/reports/HANDOVER.md:1012	config.toml	bare-unresolvable
docs/reports/HANDOVER.md:1021	wisp.exe	bare-unresolvable
docs/reports/HANDOVER.md:1038	main.go	bare-ambiguous
docs/reports/HANDOVER.md:1046	wisp.exe	bare-unresolvable
docs/reports/HANDOVER.md:1046	go.exe	bare-unresolvable
docs/reports/HANDOVER.md:1051	github.sh	bare-unresolvable
docs/reports/HANDOVER.md:1066	github.sh	bare-unresolvable
docs/reports/HANDOVER.md:1132	/wisp/go.mod	root-ambiguous
docs/reports/HANDOVER.md:1208	_windows_test.go	bare-unresolvable
docs/reports/HANDOVER.md:1267	wisp.db	bare-unresolvable
docs/reports/HANDOVER.md:1349	go.mod	bare-ambiguous
docs/reports/HANDOVER.md:1385	go.exe	bare-unresolvable
docs/reports/HANDOVER.md:1482	provenance.go	bare-ambiguous
docs/reports/HANDOVER.md:1482	bridge.go	bare-ambiguous
docs/reports/HANDOVER.md:1487	taintmatch.go	bare-ambiguous
docs/reports/HANDOVER.md:1493	bridge.go	bare-ambiguous
docs/reports/HANDOVER.md:1493	task.go	bare-ambiguous
docs/reports/HANDOVER.md:1493	fs.go	bare-ambiguous
docs/reports/HANDOVER.md:1498	provenance.go	bare-ambiguous
docs/reports/HANDOVER.md:1498	taintmatch.go	bare-ambiguous
docs/reports/HANDOVER.md:1498	SPEC-06.md	bare-unresolvable
docs/reports/HANDOVER.md:1499	taintmatch.go	bare-ambiguous
docs/reports/HANDOVER.md:1503	provenance.go	bare-ambiguous
docs/reports/HANDOVER.md:1507	provenance.go	bare-ambiguous
docs/reports/HANDOVER.md:1507	taintmatch.go	bare-ambiguous
docs/reports/HANDOVER.md:1514	_test.go	bare-unresolvable
docs/reports/HANDOVER.md:1515	run.go	bare-ambiguous
docs/reports/HANDOVER.md:1515	task.go	bare-ambiguous
docs/reports/HANDOVER.md:1517	run.go	bare-ambiguous
docs/reports/HANDOVER.md:1520	task.go	bare-ambiguous
docs/reports/HANDOVER.md:1525	run.go	bare-ambiguous
docs/reports/HANDOVER.md:1534	_test.go	bare-unresolvable
docs/reports/HANDOVER.md:1541	loop.go	bare-ambiguous
docs/reports/HANDOVER.md:1545	_test.go	bare-unresolvable
docs/reports/HANDOVER.md:1545	schema.go	bare-ambiguous
docs/reports/HANDOVER.md:1552	run.go	bare-ambiguous
docs/reports/HANDOVER.md:1553	go.mod	bare-ambiguous
docs/reports/HANDOVER.md:1559	loop.go	bare-ambiguous
docs/reports/HANDOVER.md:1577	schema.go	bare-ambiguous
docs/reports/HANDOVER.md:1577	bridge.go	bare-ambiguous
docs/reports/HANDOVER.md:1588	provenance.go	bare-ambiguous
docs/reports/HANDOVER.md:1596	_test.go	bare-unresolvable
docs/reports/HANDOVER.md:1597	taintmatch.go	bare-ambiguous
docs/reports/HANDOVER.md:1605	bridge.go	bare-ambiguous
docs/reports/HANDOVER.md:1605	schema.go	bare-ambiguous
docs/reports/HANDOVER.md:1613	pump.go	bare-ambiguous
docs/reports/HANDOVER.md:1617	task.go	bare-ambiguous
docs/reports/HANDOVER.md:1618	go.mod	bare-ambiguous
docs/reports/HANDOVER.md:1618	webview2-latency.exe	bare-unresolvable
docs/reports/HANDOVER.md:1618	bridge.go	bare-ambiguous
docs/reports/HANDOVER.md:1624	bridge.go	bare-ambiguous
docs/reports/HANDOVER.md:1624	run.go	bare-ambiguous
docs/reports/HANDOVER.md:1624	panel_pump.go	bare-ambiguous
docs/reports/HANDOVER.md:1625	bridge.go	bare-ambiguous
docs/reports/HANDOVER.md:1628	panel.ts	bare-only-design-frontend
docs/reports/HANDOVER.md:1634	bridge.go	bare-ambiguous
docs/reports/HANDOVER.md:1641	frontend-delegated-to-external-agent.md	bare-unresolvable
docs/reports/HANDOVER.md:1641	feedback-subagent-fleet.md	bare-unresolvable
docs/reports/HANDOVER.md:1642	bridge.go	bare-ambiguous
docs/reports/HANDOVER.md:1644	run.go	bare-ambiguous
docs/reports/HANDOVER.md:1652	go.mod	bare-ambiguous
docs/reports/HANDOVER.md:1652	go.sum	bare-ambiguous
docs/reports/HANDOVER.md:1653	_test.go	bare-unresolvable
docs/reports/HANDOVER.md:1655	pump.go	bare-ambiguous
docs/reports/HANDOVER.md:1660	pump.go	bare-ambiguous
docs/reports/HANDOVER.md:1661	run.go	bare-ambiguous
docs/reports/audit-A-automated.md:14	main.go	bare-ambiguous
docs/reports/audit-A-automated.md:19	_test.go	bare-unresolvable
docs/reports/audit-A-automated.md:36	README.md	bare-ambiguous
docs/reports/audit-A-automated.md:38	go.mod	bare-ambiguous
docs/reports/audit-B-docs.md:18	go.mod	bare-ambiguous
docs/reports/citation-integrity-2026-09-24.md:53	tokens-raw.txt	bare-unresolvable
docs/reports/citation-integrity-2026-09-24.md:53	cls.txt	bare-unresolvable
docs/reports/citation-integrity-2026-09-24.md:53	cand-shas.txt	bare-unresolvable
docs/reports/citation-integrity-2026-09-24.md:53	cand-notsha.txt	bare-unresolvable
docs/reports/citation-integrity-2026-09-24.md:169	NN-slug.md	bare-unresolvable
docs/reports/citation-integrity-2026-09-24.md:187	140-job-level-wisp-env-test-...md	ellipsis
docs/reports/citation-integrity-2026-09-24.md:193	SPEC-NN-<slug>.md	placeholder
docs/reports/citation-integrity-2026-09-24.md:197	09-24.md	bare-unresolvable
docs/reports/citation-integrity-2026-09-24.md:225	README.md	bare-ambiguous
docs/reports/citation-integrity-2026-09-24.md:236	80-blacklist-overrides-never-wired-to-gate.md	bare-unresolvable
docs/reports/citation-integrity-2026-09-24.md:237	81-containment-fixtures-are-windows-shaped.md	bare-unresolvable
docs/reports/citation-integrity-2026-09-24.md:238	83-config-keys-that-lie-must-fail-loudly.md	bare-unresolvable
docs/reports/citation-integrity-2026-09-24.md:239	119-posix-link-leg-refuses-legitimate-symlinked-data-roots.md	bare-unresolvable
docs/reports/citation-integrity-2026-09-24.md:321	tool-output-<id>.txt	placeholder
docs/reports/desktop-signoff-2026-09-30.md:83	go.mod	bare-ambiguous
docs/reports/desktop-signoff-2026-09-30.md:83	go.sum	bare-ambiguous
docs/reports/frontend-handoff.md:25	embed.go	bare-only-design-frontend
docs/reports/frontend-handoff.md:42	render-l2.tsx	bare-only-design-frontend
docs/reports/frontend-handoff.md:55	composer.tsx	bare-only-design-frontend
docs/reports/frontend-handoff.md:82	wisp.exe	bare-unresolvable
docs/reports/frontend-handover-to-zcode.md:8	styles.css	bare-only-design-frontend
docs/reports/frontend-handover-to-zcode.md:9	_test.go	bare-unresolvable
docs/reports/frontend-handover-to-zcode.md:18	VENDORED.md	bare-only-design-frontend
docs/reports/frontend-handover-to-zcode.md:40	INDEX.md	bare-unresolvable
docs/reports/frontend-handover-to-zcode.md:65	tokens.generated.css	bare-only-design-frontend
docs/reports/frontend-handover-to-zcode.md:65	tool-chips.tsx	bare-only-design-frontend
docs/reports/frontend-handover-to-zcode.md:66	reveal-text.tsx	bare-only-design-frontend
docs/reports/frontend-handover-to-zcode.md:67	shimmer.tsx	bare-only-design-frontend
docs/reports/frontend-handover-to-zcode.md:67	chip.tsx	bare-only-design-frontend
docs/reports/frontend-handover-to-zcode.md:78	app.js	bare-only-design-frontend
docs/reports/frontend-handover-to-zcode.md:80	App.tsx	bare-only-design-frontend
docs/reports/frontend-handover-to-zcode.md:80	render-nav.tsx	bare-only-design-frontend
docs/reports/frontend-handover-to-zcode.md:82	main.tsx	bare-only-design-frontend
docs/reports/frontend-handover-to-zcode.md:83	theme.css	bare-only-design-frontend
docs/reports/frontend-handover-to-zcode.md:90	thinking.tsx	bare-only-design-frontend
docs/reports/frontend-handover-to-zcode.md:107	index.html	bare-only-design-frontend
docs/reports/frontend-handover-to-zcode.md:127	render-nav.tsx	bare-only-design-frontend
docs/reports/frontend-handover-to-zcode.md:143	config.js	bare-only-design-frontend
docs/reports/frontend-session-brief.md:17	VENDORED.md	bare-only-design-frontend
docs/reports/frontend-session-brief.md:45	index.html	bare-only-design-frontend
docs/reports/frontend-session-brief.md:45	styles.css	bare-only-design-frontend
docs/reports/frontend-session-brief.md:47	tailwind.js	bare-unresolvable
docs/reports/frontend-session-brief.md:47	lucide.min.js	bare-unresolvable
docs/reports/frontend-session-brief.md:132	wisp.exe	bare-unresolvable
docs/reports/frontend-session-brief.md:230	panel.ts	bare-only-design-frontend
docs/reports/frontend-session-brief.md:233	panel.ts	bare-only-design-frontend
docs/reports/frontend-session-brief.md:249	l2-approval-card.tsx	bare-only-design-frontend
docs/reports/frontend-session-brief.md:249	wisp.exe	bare-unresolvable
docs/reports/frontend-session-brief.md:252	theme.css	bare-only-design-frontend
docs/reports/frontend-session-brief.md:252	package.json	bare-only-design-frontend
docs/reports/frontend-session-brief.md:252	gen-tokens.mjs	bare-only-design-frontend
docs/reports/frontend-session-brief.md:267	shimmer.tsx	bare-only-design-frontend
docs/reports/frontend-session-brief.md:274	shimmer.tsx	bare-only-design-frontend
docs/reports/frontend-session-brief.md:274	theme.css	bare-only-design-frontend
docs/reports/frontend-session-brief.md:274	thinking.tsx	bare-only-design-frontend
docs/reports/frontend-session-brief.md:274	loading-state.tsx	bare-only-design-frontend
docs/reports/frontend-session-brief.md:274	task-rows.tsx	bare-only-design-frontend
docs/reports/frontend-session-brief.md:274	vendor.mjs	bare-only-design-frontend
docs/reports/frontend-session-brief.md:275	theme.css	bare-only-design-frontend
docs/reports/frontend-session-brief.md:275	main.tsx	bare-only-design-frontend
docs/reports/frontend-session-brief.md:275	tokens.css	bare-only-design-frontend
docs/reports/frontend-session-brief.md:276	VENDORED.md	bare-only-design-frontend
docs/reports/frontend-session-brief.md:276	LICENSE.md	bare-unresolvable
docs/reports/frontend-session-brief.md:277	panel-views.ts	bare-only-design-frontend
docs/reports/frontend-session-brief.md:277	App.tsx	bare-only-design-frontend
docs/reports/frontend-session-brief.md:278	tokens.generated.css	bare-only-design-frontend
docs/reports/frontend-session-brief.md:278	theme.css	bare-only-design-frontend
docs/reports/frontend-session-brief.md:278	tokens.css	bare-only-design-frontend
docs/reports/frontend-session-brief.md:279	app.js	bare-only-design-frontend
docs/reports/frontend-session-brief.md:279	index.html	bare-only-design-frontend
docs/reports/frontend-session-brief.md:279	styles.css	bare-only-design-frontend
docs/reports/frontend-session-brief.md:279	render-nav.tsx	bare-only-design-frontend
docs/reports/frontend-session-brief.md:279	App.tsx	bare-only-design-frontend
docs/reports/frontend-session-brief.md:279	nav-rail.tsx	bare-only-design-frontend
docs/reports/frontend-session-brief.md:279	reveal-text.tsx	bare-only-design-frontend
docs/reports/frontend-session-brief.md:279	tool-chips.tsx	bare-only-design-frontend
docs/reports/frontend-session-brief.md:280	shimmer.tsx	bare-only-design-frontend
docs/reports/frontend-session-brief.md:280	INDEX.md	bare-unresolvable
docs/reports/frontend-session-brief.md:281	main.tsx	bare-only-design-frontend
docs/reports/frontend-session-brief.md:281	thinking.tsx	bare-only-design-frontend
docs/reports/frontend-session-brief.md:281	theme.css	bare-only-design-frontend
docs/reports/frontend-session-brief.md:281	wisp-lib-gap.mjs	bare-unresolvable
docs/reports/frontend-session-log-zcode.md:17	render-nav.tsx	bare-only-design-frontend
docs/reports/frontend-session-log-zcode.md:26	styles.css	bare-only-design-frontend
docs/reports/frontend-session-log-zcode.md:26	index.html	bare-only-design-frontend
docs/reports/frontend-session-log-zcode.md:31	render-stream.tsx	bare-only-design-frontend
docs/reports/frontend-session-log-zcode.md:42	l2-card-fs-delete.json	bare-only-design-frontend
docs/reports/frontend-session-log-zcode.md:45	theme.css	bare-only-design-frontend
docs/reports/frontend-session-log-zcode.md:80	main.tsx	bare-only-design-frontend
docs/reports/frontend-session-log-zcode.md:83	panel.ts	bare-only-design-frontend
docs/reports/frontend-session-log-zcode.md:121	theme.css	bare-only-design-frontend
docs/reports/frontend-session-log-zcode.md:150	harness-app.tsx	bare-unresolvable
docs/reports/frontend-session-log-zcode.md:150	main.tsx	bare-only-design-frontend
docs/reports/frontend-session-log-zcode.md:202	right-rail.tsx	bare-only-design-frontend
docs/reports/frontend-session-log.md:17	README.md	bare-ambiguous
docs/reports/frontend-session-log.md:23	App.tsx	bare-only-design-frontend
docs/reports/frontend-session-log.md:23	panel-skeleton.tsx	bare-only-design-frontend
docs/reports/frontend-session-log.md:23	app.js	bare-only-design-frontend
docs/reports/frontend-session-log.md:31	chat.js	bare-only-design-frontend
docs/reports/frontend-session-log.md:31	composer.tsx	bare-only-design-frontend
docs/reports/frontend-session-log.md:32	App.tsx	bare-only-design-frontend
docs/reports/frontend-session-log.md:33	panel-skeleton.tsx	bare-only-design-frontend
docs/reports/frontend-session-log.md:33	app.js	bare-only-design-frontend
docs/reports/frontend-session-log.md:34	VENDORED.md	bare-only-design-frontend
docs/reports/frontend-session-log.md:35	tokens.generated.css	bare-only-design-frontend
docs/reports/frontend-session-log.md:35	VENDORED.md	bare-only-design-frontend
docs/reports/frontend-session-log.md:35	ball.js	bare-only-design-frontend
docs/reports/frontend-session-log.md:36	config.js	bare-only-design-frontend
docs/reports/frontend-session-log.md:36	config.toml	bare-unresolvable
docs/reports/frontend-session-log.md:37	security.js	bare-only-design-frontend
docs/reports/frontend-session-log.md:37	approval.js	bare-only-design-frontend
docs/reports/frontend-session-log.md:38	wisp.db	bare-unresolvable
docs/reports/frontend-session-log.md:38	app.js	bare-only-design-frontend
docs/reports/frontend-session-log.md:38	privacy.js	bare-only-design-frontend
docs/reports/frontend-session-log.md:39	panel.ts	bare-only-design-frontend
docs/reports/frontend-session-log.md:40	app.js	bare-only-design-frontend
docs/reports/frontend-session-log.md:40	firstrun.js	bare-only-design-frontend
docs/reports/frontend-session-log.md:51	VENDORED.md	bare-only-design-frontend
docs/reports/frontend-session-log.md:51	styles.css	bare-only-design-frontend
docs/reports/frontend-session-log.md:51	app.js	bare-only-design-frontend
docs/reports/frontend-session-log.md:53	app.js	bare-only-design-frontend
docs/reports/frontend-session-log.md:62	main.go	bare-ambiguous
docs/reports/frontend-session-log.md:62	index.html	bare-only-design-frontend
docs/reports/frontend-session-log.md:62	app.js	bare-only-design-frontend
docs/reports/frontend-session-log.md:62	styles.css	bare-only-design-frontend
docs/reports/frontend-session-log.md:62	approval.js	bare-only-design-frontend
docs/reports/frontend-session-log.md:72	composer.tsx	bare-only-design-frontend
docs/reports/frontend-session-log.md:72	thinking.tsx	bare-only-design-frontend
docs/reports/frontend-session-log.md:72	task-rows.tsx	bare-only-design-frontend
docs/reports/frontend-session-log.md:73	VENDORED.md	bare-only-design-frontend
docs/reports/frontend-session-log.md:74	composer.tsx	bare-only-design-frontend
docs/reports/frontend-session-log.md:74	l2-approval-card.tsx	bare-only-design-frontend
docs/reports/frontend-session-log.md:74	panel-skeleton.tsx	bare-only-design-frontend
docs/reports/frontend-session-log.md:74	tokens.generated.css	bare-only-design-frontend
docs/reports/frontend-session-log.md:83	tokens.css	bare-only-design-frontend
docs/reports/frontend-session-log.md:83	gen-tokens.mjs	bare-only-design-frontend
docs/reports/frontend-session-log.md:83	VENDORED.md	bare-only-design-frontend
docs/reports/frontend-session-log.md:122	main.go	bare-ambiguous
docs/reports/frontend-session-log.md:124	main.go	bare-ambiguous
docs/reports/frontend-session-log.md:124	palette.js	bare-only-design-frontend
docs/reports/frontend-session-log.md:125	VENDORED.md	bare-only-design-frontend
docs/reports/frontend-session-log.md:132	tokens.generated.css	bare-only-design-frontend
docs/reports/frontend-session-log.md:133	README.md	bare-ambiguous
docs/reports/frontend-session-log.md:133	app.js	bare-only-design-frontend
docs/reports/frontend-session-log.md:134	styles.css	bare-only-design-frontend
docs/reports/frontend-session-log.md:134	README.md	bare-ambiguous
docs/reports/frontend-session-log.md:135	README.md	bare-ambiguous
docs/reports/frontend-session-log.md:135	chat.js	bare-only-design-frontend
docs/reports/frontend-session-log.md:141	tasks.js	bare-only-design-frontend
docs/reports/frontend-session-log.md:147	approval.js	bare-only-design-frontend
docs/reports/frontend-session-log.md:149	chat.js	bare-only-design-frontend
docs/reports/frontend-session-log.md:149	approval.js	bare-only-design-frontend
docs/reports/frontend-session-log.md:150	shell.exe	bare-unresolvable
docs/reports/frontend-session-log.md:150	palette.js	bare-only-design-frontend
docs/reports/frontend-session-log.md:151	approval.js	bare-only-design-frontend
docs/reports/frontend-session-log.md:153	app.js	bare-only-design-frontend
docs/reports/frontend-session-log.md:154	chat.js	bare-only-design-frontend
docs/reports/frontend-session-log.md:154	palette.js	bare-only-design-frontend
docs/reports/frontend-session-log.md:155	tasks.js	bare-only-design-frontend
docs/reports/frontend-session-log.md:155	ball.js	bare-only-design-frontend
docs/reports/frontend-session-log.md:156	ball.js	bare-only-design-frontend
docs/reports/frontend-session-log.md:156	styles.css	bare-only-design-frontend
docs/reports/frontend-session-log.md:158	styles.css	bare-only-design-frontend
docs/reports/frontend-session-log.md:162	tokens.css	bare-only-design-frontend
docs/reports/frontend-session-log.md:173	main.go	bare-ambiguous
docs/reports/frontend-session-log.md:173	styles.css	bare-only-design-frontend
docs/reports/frontend-session-log.md:173	tokens.generated.css	bare-only-design-frontend
docs/reports/frontend-session-log.md:173	tasks.js	bare-only-design-frontend
docs/reports/frontend-session-log.md:190	security.js	bare-only-design-frontend
docs/reports/frontend-session-log.md:191	config.js	bare-only-design-frontend
docs/reports/frontend-session-log.md:192	config.js	bare-only-design-frontend
docs/reports/frontend-session-log.md:192	privacy.js	bare-only-design-frontend
docs/reports/frontend-session-log.md:192	app.js	bare-only-design-frontend
docs/reports/frontend-session-log.md:193	firstrun.js	bare-only-design-frontend
docs/reports/frontend-session-log.md:193	config.js	bare-only-design-frontend
docs/reports/frontend-session-log.md:206	app.js	bare-only-design-frontend
docs/reports/frontend-session-log.md:210	styles.css	bare-only-design-frontend
docs/reports/frontend-session-log.md:210	app.js	bare-only-design-frontend
docs/reports/frontend-session-log.md:210	README.md	bare-ambiguous
docs/reports/frontend-session-log.md:216	security.js	bare-only-design-frontend
docs/reports/frontend-session-log.md:220	security.js	bare-only-design-frontend
docs/reports/frontend-session-log.md:220	config.js	bare-only-design-frontend
docs/reports/frontend-session-log.md:220	app.js	bare-only-design-frontend
docs/reports/frontend-session-log.md:220	firstrun.js	bare-only-design-frontend
docs/reports/frontend-session-log.md:242	security.js	bare-only-design-frontend
docs/reports/frontend-session-log.md:243	config.js	bare-only-design-frontend
docs/reports/frontend-session-log.md:243	config.toml	bare-unresolvable
docs/reports/frontend-session-log.md:249	config.toml	bare-unresolvable
docs/reports/frontend-session-log.md:255	config.js	bare-only-design-frontend
docs/reports/frontend-session-log.md:255	schema.go	bare-ambiguous
docs/reports/frontend-session-log.md:256	schema.go	bare-ambiguous
docs/reports/frontend-session-log.md:257	schema.go	bare-ambiguous
docs/reports/frontend-session-log.md:258	schema.go	bare-ambiguous
docs/reports/frontend-session-log.md:261	config.toml	bare-unresolvable
docs/reports/frontend-session-log.md:263	schema.go	bare-ambiguous
docs/reports/frontend-session-log.md:264	schema.go	bare-ambiguous
docs/reports/frontend-session-log.md:266	config.js	bare-only-design-frontend
docs/reports/frontend-session-log.md:268	schema.go	bare-ambiguous
docs/reports/frontend-session-log.md:270	privacy.js	bare-only-design-frontend
docs/reports/frontend-session-log.md:309	app.js	bare-only-design-frontend
docs/reports/frontend-session-log.md:309	firstrun.js	bare-only-design-frontend
docs/reports/frontend-session-log.md:309	config.js	bare-only-design-frontend
docs/reports/frontend-session-log.md:316	security.js	bare-only-design-frontend
docs/reports/frontend-session-log.md:316	config.js	bare-only-design-frontend
docs/reports/frontend-session-log.md:352	ball.js	bare-only-design-frontend
docs/reports/frontend-session-log.md:384	VENDORED.md	bare-only-design-frontend
docs/reports/frontend-session-log.md:385	config.js	bare-only-design-frontend
docs/reports/frontend-session-log.md:389	thinking.tsx	bare-only-design-frontend
docs/reports/frontend-session-log.md:389	tool-chips.tsx	bare-only-design-frontend
docs/reports/frontend-session-log.md:389	vendor.mjs	bare-only-design-frontend
docs/reports/frontend-session-log.md:406	wisp.db	bare-unresolvable
docs/reports/frontend-session-log.md:408	gate.go	bare-ambiguous
docs/reports/frontend-session-log.md:409	panel.perm.mod	bare-unresolvable
docs/reports/frontend-session-log.md:410	panel.cost.sum	bare-unresolvable
docs/reports/frontend-session-log.md:425	panel.mod	bare-unresolvable
docs/reports/frontend-session-log.md:432	bridge.go	bare-ambiguous
docs/reports/frontend-session-log.md:432	panel.ts	bare-only-design-frontend
docs/reports/frontend-session-log.md:432	render-composer.tsx	bare-only-design-frontend
docs/reports/frontend-session-log.md:432	vendor.mjs	bare-only-design-frontend
docs/reports/frontend-session-log.md:452	main.go	bare-ambiguous
docs/reports/frontend-session-log.md:464	main.go	bare-ambiguous
docs/reports/frontend-session-log.md:467	VENDORED.md	bare-only-design-frontend
docs/reports/frontend-session-log.md:479	vendor.mjs	bare-only-design-frontend
docs/reports/frontend-session-log.md:513	styles.css	bare-only-design-frontend
docs/reports/frontend-session-log.md:514	styles.css	bare-only-design-frontend
docs/reports/frontend-session-log.md:515	icons.js	bare-only-design-frontend
docs/reports/frontend-session-log.md:528	panel.ts	bare-only-design-frontend
docs/reports/frontend-session-log.md:541	panel.ts	bare-only-design-frontend
docs/reports/frontend-session-log.md:544	approval.html	bare-only-design-frontend
docs/reports/frontend-session-log.md:550	panel.ts	bare-only-design-frontend
docs/reports/frontend-session-log.md:562	loading-state.tsx	bare-only-design-frontend
docs/reports/frontend-session-log.md:563	stream-text.tsx	bare-only-design-frontend
docs/reports/frontend-session-log.md:563	theme.css	bare-only-design-frontend
docs/reports/frontend-session-log.md:564	thinking.tsx	bare-only-design-frontend
docs/reports/frontend-session-log.md:564	loop.go	bare-ambiguous
docs/reports/frontend-session-log.md:565	tool-chips.tsx	bare-only-design-frontend
docs/reports/frontend-session-log.md:565	schema.go	bare-ambiguous
docs/reports/frontend-session-log.md:566	shimmer.tsx	bare-only-design-frontend
docs/reports/frontend-session-log.md:566	App.tsx	bare-only-design-frontend
docs/reports/frontend-session-log.md:567	render-l2.tsx	bare-only-design-frontend
docs/reports/frontend-session-log.md:568	approval.go	bare-ambiguous
docs/reports/frontend-session-log.md:570	result-stream.tsx	bare-only-design-frontend
docs/reports/frontend-session-log.md:570	composer.tsx	bare-only-design-frontend
docs/reports/frontend-session-log.md:570	App.tsx	bare-only-design-frontend
docs/reports/frontend-session-log.md:573	l2-approval-card.tsx	bare-only-design-frontend
docs/reports/frontend-session-log.md:584	App.tsx	bare-only-design-frontend
docs/reports/frontend-session-log.md:591	l2-approval-card.tsx	bare-only-design-frontend
docs/reports/frontend-session-log.md:591	panel.ts	bare-only-design-frontend
docs/reports/frontend-session-log.md:591	render-l2.tsx	bare-only-design-frontend
docs/reports/frontend-session-log.md:594	embed.go	bare-only-design-frontend
docs/reports/frontend-session-log.md:605	bridge.go	bare-ambiguous
docs/reports/frontend-session-log.md:614	stream-text.tsx	bare-only-design-frontend
docs/reports/frontend-session-log.md:615	theme.css	bare-only-design-frontend
docs/reports/frontend-session-log.md:619	approval-card.tsx	bare-only-design-frontend
docs/reports/frontend-session-log.md:619	l2-approval-card.tsx	bare-only-design-frontend
docs/reports/frontend-session-log.md:621	result-stream.tsx	bare-only-design-frontend
docs/reports/frontend-session-log.md:621	stream-text.tsx	bare-only-design-frontend
docs/reports/frontend-session-log.md:623	vendor.mjs	bare-only-design-frontend
docs/reports/frontend-session-log.md:656	composer.tsx	bare-only-design-frontend
docs/reports/frontend-session-log.md:671	App.tsx	bare-only-design-frontend
docs/reports/frontend-session-log.md:675	panel.ts	bare-only-design-frontend
docs/reports/frontend-session-log.md:676	bridge.go	bare-ambiguous
docs/reports/frontend-session-log.md:679	composer.tsx	bare-only-design-frontend
docs/reports/frontend-session-log.md:680	reveal-text.tsx	bare-only-design-frontend
docs/reports/frontend-session-log.md:702	composer.tsx	bare-only-design-frontend
docs/reports/frontend-session-log.md:709	gen-tokens.mjs	bare-only-design-frontend
docs/reports/frontend-session-log.md:742	theme.css	bare-only-design-frontend
docs/reports/frontend-session-log.md:743	render-l2.tsx	bare-only-design-frontend
docs/reports/frontend-session-log.md:745	theme.css	bare-only-design-frontend
docs/reports/frontend-session-log.md:745	approval.js	bare-only-design-frontend
docs/reports/frontend-session-log.md:749	theme.css	bare-only-design-frontend
docs/reports/frontend-session-log.md:753	render-l2.tsx	bare-only-design-frontend
docs/reports/frontend-session-log.md:765	wisp-fe-n8.mjs	bare-unresolvable
docs/reports/frontend-session-log.md:783	panel.ts	bare-only-design-frontend
docs/reports/frontend-session-log.md:800	panel.ts	bare-only-design-frontend
docs/reports/frontend-session-log.md:806	approval.go	bare-ambiguous
docs/reports/frontend-session-log.md:807	panel.ts	bare-only-design-frontend
docs/reports/frontend-session-log.md:807	l2-approval-card.tsx	bare-only-design-frontend
docs/reports/frontend-session-log.md:833	app.js	bare-only-design-frontend
docs/reports/frontend-session-log.md:835	nav-rail.tsx	bare-only-design-frontend
docs/reports/frontend-session-log.md:835	panel-views.ts	bare-only-design-frontend
docs/reports/frontend-session-log.md:835	App.tsx	bare-only-design-frontend
docs/reports/frontend-session-log.md:839	approval.js	bare-only-design-frontend
docs/reports/frontend-session-log.md:843	panel.ts	bare-only-design-frontend
docs/reports/frontend-session-log.md:851	bridge.go	bare-ambiguous
docs/reports/frontend-session-log.md:851	panel.ts	bare-only-design-frontend
docs/reports/frontend-session-log.md:886	panel-views.ts	bare-only-design-frontend
docs/reports/frontend-session-log.md:886	nav-rail.tsx	bare-only-design-frontend
docs/reports/frontend-session-log.md:886	render-nav.tsx	bare-only-design-frontend
docs/reports/frontend-session-log.md:887	embed.go	bare-only-design-frontend
docs/reports/frontend-session-log.md:900	loading-state.tsx	bare-only-design-frontend
docs/reports/frontend-session-log.md:902	thinking.tsx	bare-only-design-frontend
docs/reports/frontend-session-log.md:903	l2-approval-card.tsx	bare-only-design-frontend
docs/reports/frontend-session-log.md:918	App.tsx	bare-only-design-frontend
docs/reports/frontend-session-log.md:924	panel-skeleton.tsx	bare-only-design-frontend
docs/reports/frontend-session-log.md:931	shimmer.tsx	bare-only-design-frontend
docs/reports/frontend-session-log.md:934	composer.tsx	bare-only-design-frontend
docs/reports/frontend-session-log.md:935	App.tsx	bare-only-design-frontend
docs/reports/frontend-session-log.md:936	panel.ts	bare-only-design-frontend
docs/reports/frontend-session-log.md:939	l2-approval-card.tsx	bare-only-design-frontend
docs/reports/frontend-session-log.md:949	theme.css	bare-only-design-frontend
docs/reports/frontend-session-log.md:949	thinking.tsx	bare-only-design-frontend
docs/reports/frontend-session-log.md:950	task-rows.tsx	bare-only-design-frontend
docs/reports/frontend-session-log.md:950	loading-state.tsx	bare-only-design-frontend
docs/reports/frontend-session-log.md:954	theme.css	bare-only-design-frontend
docs/reports/frontend-session-log.md:966	panel.ts	bare-only-design-frontend
docs/reports/frontend-session-log.md:967	panel.ts	bare-only-design-frontend
docs/reports/frontend-session-log.md:967	App.tsx	bare-only-design-frontend
docs/reports/frontend-session-log.md:1011	reveal-text.tsx	bare-only-design-frontend
docs/reports/frontend-session-log.md:1017	reveal-text.tsx	bare-only-design-frontend
docs/reports/frontend-session-log.md:1020	render-stream.tsx	bare-only-design-frontend
docs/reports/frontend-session-log.md:1022	result-stream.tsx	bare-only-design-frontend
docs/reports/frontend-session-log.md:1035	reveal-text.tsx	bare-only-design-frontend
docs/reports/frontend-session-log.md:1050	embed.go	bare-only-design-frontend
docs/reports/frontend-session-log.md:1065	panel-skeleton.tsx	bare-only-design-frontend
docs/reports/frontend-session-log.md:1065	result-stream.tsx	bare-only-design-frontend
docs/reports/frontend-session-log.md:1068	thinking.tsx	bare-only-design-frontend
docs/reports/frontend-session-log.md:1068	loading-state.tsx	bare-only-design-frontend
docs/reports/frontend-session-log.md:1068	task-rows.tsx	bare-only-design-frontend
docs/reports/frontend-session-log.md:1075	panel-skeleton.tsx	bare-only-design-frontend
docs/reports/frontend-session-log.md:1075	App.tsx	bare-only-design-frontend
docs/reports/frontend-session-log.md:1076	theme.css	bare-only-design-frontend
docs/reports/frontend-session-log.md:1076	l2-approval-card.tsx	bare-only-design-frontend
docs/reports/frontend-session-log.md:1076	App.tsx	bare-only-design-frontend
docs/reports/frontend-session-log.md:1077	theme.css	bare-only-design-frontend
docs/reports/frontend-session-log.md:1077	reveal-text.tsx	bare-only-design-frontend
docs/reports/frontend-session-log.md:1077	result-stream.tsx	bare-only-design-frontend
docs/reports/frontend-session-log.md:1077	App.tsx	bare-only-design-frontend
docs/reports/frontend-session-log.md:1079	panel-skeleton.tsx	bare-only-design-frontend
docs/reports/frontend-session-log.md:1080	reveal-text.tsx	bare-only-design-frontend
docs/reports/frontend-session-log.md:1085	reveal-text.tsx	bare-only-design-frontend
docs/reports/frontend-session-log.md:1095	composer.mod	bare-unresolvable
docs/reports/frontend-session-log.md:1099	result-stream.tsx	bare-only-design-frontend
docs/reports/frontend-session-log.md:1118	theme.css	bare-only-design-frontend
docs/reports/frontend-session-log.md:1128	reveal-text.tsx	bare-only-design-frontend
docs/reports/frontend-session-log.md:1129	render-stream.tsx	bare-only-design-frontend
docs/reports/frontend-session-log.md:1129	result-stream.tsx	bare-only-design-frontend
docs/reports/frontend-session-log.md:1143	theme.css	bare-only-design-frontend
docs/reports/frontend-session-log.md:1148	tokens.generated.css	bare-only-design-frontend
docs/reports/frontend-session-log.md:1160	main.tsx	bare-only-design-frontend
docs/reports/frontend-session-log.md:1161	shimmer.tsx	bare-only-design-frontend
docs/reports/frontend-session-log.md:1168	theme.css	bare-only-design-frontend
docs/reports/frontend-session-log.md:1177	tokens.css	bare-only-design-frontend
docs/reports/frontend-session-log.md:1179	theme.css	bare-only-design-frontend
docs/reports/frontend-session-log.md:1181	tokens.generated.css	bare-only-design-frontend
docs/reports/frontend-session-log.md:1188	theme.css	bare-only-design-frontend
docs/reports/frontend-session-log.md:1208	main.tsx	bare-only-design-frontend
docs/reports/frontend-session-log.md:1209	shimmer.tsx	bare-only-design-frontend
docs/reports/frontend-session-log.md:1233	index-cBzgeJVW.js	bare-unresolvable
docs/reports/frontend-session-log.md:1250	theme.css	bare-only-design-frontend
docs/reports/frontend-session-log.md:1269	index.html	bare-only-design-frontend
docs/reports/frontend-session-log.md:1272	index.html	bare-only-design-frontend
docs/reports/frontend-session-log.md:1282	vite.config.ts	bare-only-design-frontend
docs/reports/frontend-session-log.md:1295	VENDORED.md	bare-only-design-frontend
docs/reports/frontend-session-log.md:1311	AnimatedList.jsx	bare-unresolvable
docs/reports/frontend-session-log.md:1311	AnimatedList.css	bare-unresolvable
docs/reports/frontend-session-log.md:1329	LICENSE.md	bare-unresolvable
docs/reports/frontend-session-log.md:1330	wisp-fe-f6-reactbits-LICENSE.md	bare-unresolvable
docs/reports/frontend-session-log.md:1375	VENDORED.md	bare-only-design-frontend
docs/reports/frontend-session-log.md:1386	VENDORED.md	bare-only-design-frontend
docs/reports/frontend-session-log.md:1396	VENDORED.md	bare-only-design-frontend
docs/reports/frontend-session-log.md:1403	VENDORED.md	bare-only-design-frontend
docs/reports/frontend-session-log.md:1405	package.json	bare-only-design-frontend
docs/reports/frontend-session-log.md:1435	result-stream.tsx	bare-only-design-frontend
docs/reports/frontend-session-log.md:1435	reveal-text.tsx	bare-only-design-frontend
docs/reports/frontend-session-log.md:1435	composer.tsx	bare-only-design-frontend
docs/reports/frontend-session-log.md:1435	App.tsx	bare-only-design-frontend
docs/reports/frontend-session-log.md:1436	l2-approval-card.tsx	bare-only-design-frontend
docs/reports/frontend-session-log.md:1436	App.tsx	bare-only-design-frontend
docs/reports/frontend-session-log.md:1437	panel-views.ts	bare-only-design-frontend
docs/reports/frontend-session-log.md:1439	panel-views.ts	bare-only-design-frontend
docs/reports/frontend-session-log.md:1450	App.tsx	bare-only-design-frontend
docs/reports/frontend-session-log.md:1499	provenance.go	bare-ambiguous
docs/reports/frontend-session-log.md:1505	go.mod	bare-ambiguous
docs/reports/frontend-session-log.md:1526	wisp-fe-preview-4173.log	bare-unresolvable
docs/reports/frontend-session-log.md:1531	index.html	bare-only-design-frontend
docs/reports/frontend-session-log.md:1532	/assets/index-cBzgeJVW.js	root-ambiguous
docs/reports/frontend-session-log.md:1533	/assets/index-nH5U2d7r.css	root-ambiguous
docs/reports/frontend-session-log.md:1540	vite.config.ts	bare-only-design-frontend
docs/reports/frontend-session-log.md:1552	package.json	bare-only-design-frontend
docs/reports/frontend-session-log.md:1554	index.html	bare-only-design-frontend
docs/reports/frontend-session-log.md:1578	tokens.generated.css	bare-only-design-frontend
docs/reports/frontend-session-log.md:1578	theme.css	bare-only-design-frontend
docs/reports/frontend-session-log.md:1579	theme.css	bare-only-design-frontend
docs/reports/frontend-session-log.md:1580	theme.css	bare-only-design-frontend
docs/reports/frontend-session-log.md:1599	panel-views.ts	bare-only-design-frontend
docs/reports/frontend-session-log.md:1599	App.tsx	bare-only-design-frontend
docs/reports/frontend-session-log.md:1612	VENDORED.md	bare-only-design-frontend
docs/reports/frontend-session-log.md:1618	VENDORED.md	bare-only-design-frontend
docs/reports/frontend-session-log.md:1619	shimmer.tsx	bare-only-design-frontend
docs/reports/frontend-session-log.md:1626	theme.css	bare-only-design-frontend
docs/reports/frontend-session-log.md:1626	tokens.generated.css	bare-only-design-frontend
docs/reports/frontend-session-log.md:1627	tokens.css	bare-only-design-frontend
docs/reports/frontend-session-log.md:1645	tokens.generated.css	bare-only-design-frontend
docs/reports/frontend-session-log.md:1646	theme.css	bare-only-design-frontend
docs/reports/frontend-session-log.md:1649	theme.css	bare-only-design-frontend
docs/reports/frontend-session-log.md:1662	index-cBzgeJVW.js	bare-unresolvable
docs/reports/frontend-session-log.md:1662	index-D8oZD6-S.js	bare-unresolvable
docs/reports/frontend-session-log.md:1677	panel-views.ts	bare-only-design-frontend
docs/reports/frontend-session-log.md:1680	tokens.css	bare-only-design-frontend
docs/reports/frontend-session-log.md:1735	styles.css	bare-only-design-frontend
docs/reports/frontend-session-log.md:1753	App.tsx	bare-only-design-frontend
docs/reports/frontend-session-log.md:1753	panel-views.ts	bare-only-design-frontend
docs/reports/frontend-session-log.md:1754	panel.ts	bare-only-design-frontend
docs/reports/frontend-session-log.md:1756	index.html	bare-only-design-frontend
docs/reports/frontend-session-log.md:1757	nav-rail.tsx	bare-only-design-frontend
docs/reports/frontend-session-log.md:1757	reveal-text.tsx	bare-only-design-frontend
docs/reports/frontend-session-log.md:1770	render-nav.tsx	bare-only-design-frontend
docs/reports/frontend-session-log.md:1780	index-kmLGHv8l.js	bare-unresolvable
docs/reports/frontend-session-log.md:1788	config.js	bare-only-design-frontend
docs/reports/frontend-session-log.md:1789	styles.css	bare-only-design-frontend
docs/reports/frontend-session-log.md:1789	panel-skeleton.tsx	bare-only-design-frontend
docs/reports/frontend-session-log.md:1790	thinking.tsx	bare-only-design-frontend
docs/reports/frontend-session-log.md:1790	tool-chips.tsx	bare-only-design-frontend
docs/reports/frontend-session-log.md:1790	main.tsx	bare-only-design-frontend
docs/reports/frontend-session-log.md:1820	shimmer.tsx	bare-only-design-frontend
docs/reports/frontend-session-log.md:1821	approval-card.tsx	bare-only-design-frontend
docs/reports/frontend-session-log.md:1821	loading-state.tsx	bare-only-design-frontend
docs/reports/frontend-session-log.md:1822	stream-text.tsx	bare-only-design-frontend
docs/reports/frontend-session-log.md:1822	streaming-text.tsx	bare-only-design-frontend
docs/reports/frontend-session-log.md:1823	task-rows.tsx	bare-only-design-frontend
docs/reports/frontend-session-log.md:1823	thinking.tsx	bare-only-design-frontend
docs/reports/frontend-session-log.md:1824	tool-chips.tsx	bare-only-design-frontend
docs/reports/frontend-session-log.md:1832	config.js	bare-only-design-frontend
docs/reports/frontend-session-log.md:1847	shimmer.tsx	bare-only-design-frontend
docs/reports/frontend-session-log.md:1847	stream-text.tsx	bare-only-design-frontend
docs/reports/frontend-session-log.md:1848	shimmer.tsx	bare-only-design-frontend
docs/reports/frontend-session-log.md:1856	INDEX.md	bare-unresolvable
docs/reports/frontend-session-log.md:1862	theme.css	bare-only-design-frontend
docs/reports/frontend-session-log.md:1883	main.tsx	bare-only-design-frontend
docs/reports/frontend-session-log.md:1891	thinking.tsx	bare-only-design-frontend
docs/reports/frontend-session-log.md:1897	theme.css	bare-only-design-frontend
docs/reports/frontend-session-log.md:1898	styles.css	bare-only-design-frontend
docs/reports/frontend-session-log.md:1899	wisp-lib-gap.mjs	bare-unresolvable
docs/reports/frontend-session-log.md:1923	INDEX.md	bare-unresolvable
docs/reports/frontend-session-log.md:1924	INDEX.md	bare-unresolvable
docs/reports/frontend-watchdog.md:36	shimmer.tsx	bare-only-design-frontend
docs/reports/frontend-watchdog.md:42	shimmer.tsx	bare-only-design-frontend
docs/reports/frontend-watchdog.md:53	reveal-text.tsx	bare-only-design-frontend
docs/reports/frontend-watchdog.md:61	reveal-text.tsx	bare-only-design-frontend
docs/reports/frontend-watchdog.md:70	theme.css	bare-only-design-frontend
docs/reports/frontend-watchdog.md:75	.scratch/wisp/issues/143-wisp-panel-assets-l2-...md	ellipsis
docs/reports/frontend-watchdog.md:78	theme.css	bare-only-design-frontend
docs/reports/frontend-watchdog.md:84	.scratch/wisp/issues/143-wisp-panel-assets-l2-...md	ellipsis
docs/reports/frontend-watchdog.md:87	theme.css	bare-only-design-frontend
docs/reports/frontend-watchdog.md:98	theme.css	bare-only-design-frontend
docs/reports/frontend-watchdog.md:108	theme.css	bare-only-design-frontend
docs/reports/frontend-watchdog.md:118	theme.css	bare-only-design-frontend
docs/reports/frontend-watchdog.md:128	theme.css	bare-only-design-frontend
docs/reports/frontend-watchdog.md:133	wisp.exe	bare-unresolvable
docs/reports/frontend-watchdog.md:133	shimmer.tsx	bare-only-design-frontend
docs/reports/frontend-watchdog.md:139	theme.css	bare-only-design-frontend
docs/reports/frontend-watchdog.md:146	wisp.exe	bare-unresolvable
docs/reports/frontend-watchdog.md:146	shimmer.tsx	bare-only-design-frontend
docs/reports/frontend-watchdog.md:150	theme.css	bare-only-design-frontend
docs/reports/frontend-watchdog.md:158	wisp.exe	bare-unresolvable
docs/reports/frontend-watchdog.md:158	shimmer.tsx	bare-only-design-frontend
docs/reports/frontend-watchdog.md:162	theme.css	bare-only-design-frontend
docs/reports/frontend-watchdog.md:166	wisp.exe	bare-unresolvable
docs/reports/frontend-watchdog.md:166	go.mod	bare-ambiguous
docs/reports/frontend-watchdog.md:166	shimmer.tsx	bare-only-design-frontend
docs/reports/frontend-watchdog.md:167	log.md	bare-unresolvable
docs/reports/frontend-watchdog.md:167	brief.md	bare-unresolvable
docs/reports/frontend-watchdog.md:170	pump.go	bare-ambiguous
docs/reports/frontend-watchdog.md:198	shimmer.tsx	bare-only-design-frontend
docs/reports/frontend-watchdog.md:201	tokens.css	bare-only-design-frontend
docs/reports/frontend-watchdog.md:213	shimmer.tsx	bare-only-design-frontend
docs/reports/frontend-watchdog.md:213	tokens.css	bare-only-design-frontend
docs/reports/frontend-watchdog.md:217	tokens.css	bare-only-design-frontend
docs/reports/frontend-watchdog.md:222	theme.css	bare-only-design-frontend
docs/reports/frontend-watchdog.md:225	brief.md	bare-unresolvable
docs/reports/frontend-watchdog.md:225	tokens.css	bare-only-design-frontend
docs/reports/frontend-watchdog.md:226	shimmer.tsx	bare-only-design-frontend
docs/reports/frontend-watchdog.md:229	tokens.css	bare-only-design-frontend
docs/reports/frontend-watchdog.md:237	tokens.css	bare-only-design-frontend
docs/reports/frontend-watchdog.md:239	shimmer.tsx	bare-only-design-frontend
docs/reports/frontend-watchdog.md:239	tokens.css	bare-only-design-frontend
docs/reports/frontend-watchdog.md:241	tokens.css	bare-only-design-frontend
docs/reports/frontend-watchdog.md:242	gen-tokens.mjs	bare-only-design-frontend
docs/reports/frontend-watchdog.md:247	gen-tokens.mjs	bare-only-design-frontend
docs/reports/frontend-watchdog.md:247	index.html	bare-only-design-frontend
docs/reports/frontend-watchdog.md:247	config-screen.tsx	bare-only-design-frontend
docs/reports/frontend-watchdog.md:247	panel-views.ts	bare-only-design-frontend
docs/reports/frontend-watchdog.md:253	shimmer.tsx	bare-only-design-frontend
docs/reports/frontend-watchdog.md:255	tokens.css	bare-only-design-frontend
docs/reports/frontend-watchdog.md:261	config-screen.tsx	bare-only-design-frontend
docs/reports/frontend-watchdog.md:263	index.html	bare-only-design-frontend
docs/reports/frontend-watchdog.md:263	render-nav.tsx	bare-only-design-frontend
docs/reports/frontend-watchdog.md:265	shimmer.tsx	bare-only-design-frontend
docs/reports/frontend-watchdog.md:279	shimmer.tsx	bare-only-design-frontend
docs/reports/frontend-watchdog.md:281	tokens.css	bare-only-design-frontend
docs/reports/frontend-watchdog.md:287	theme.css	bare-only-design-frontend
docs/reports/frontend-watchdog.md:288	theme.css	bare-only-design-frontend
docs/reports/frontend-watchdog.md:293	tokens.css	bare-only-design-frontend
docs/reports/frontend-watchdog.md:294	theme.css	bare-only-design-frontend
docs/reports/frontend-watchdog.md:296	theme.css	bare-only-design-frontend
docs/reports/frontend-watchdog.md:296	harness.ts	bare-only-design-frontend
docs/reports/frontend-watchdog.md:296	composer-states.html	bare-only-design-frontend
docs/reports/frontend-watchdog.md:300	main.tsx	bare-only-design-frontend
docs/reports/injection-timeline.md:57	settings.json	bare-unresolvable
docs/reports/injection-timeline.md:86	/.qoder-cn/settings.json	root-ambiguous
docs/reports/injection-timeline.md:126	MEMORY.md	bare-unresolvable
docs/reports/injection-timeline.md:176	main.go	bare-ambiguous
docs/reports/injection-timeline.md:182	MEMORY.md	bare-unresolvable
docs/reports/injection-timeline.md:189	/.qoder-cn/memory/MEMORY.md	root-ambiguous
docs/reports/injection-timeline.md:189	feedback-adversarial-review-orchestration.md	bare-unresolvable
docs/reports/injection-timeline.md:356	settings.json	bare-unresolvable
docs/reports/injection-timeline.md:356	/.qoder-cn/settings.json	root-ambiguous
docs/reports/injection-timeline.md:364	settings.json	bare-unresolvable
docs/reports/injection-timeline.md:415	/.qoder-cn/settings.json	root-ambiguous
docs/reports/injection-timeline.md:415	settings.json	bare-unresolvable
docs/reports/injection-timeline.md:416	/qodercli.log	root-ambiguous
docs/reports/injection-timeline.md:416	tool.sh	bare-unresolvable
docs/reports/missing-features-2026-09-28-v3.md:22	types.ts	bare-unresolvable
docs/reports/missing-features-2026-09-28-v3.md:23	survey-...-dsh-ui-packages.md	ellipsis
docs/reports/missing-features-2026-09-28-v3.md:24	survey-...-dsh-ui-packages.md	ellipsis
docs/reports/missing-features-2026-09-28-v3.md:27	survey-...-minimax-agent-modules.md	ellipsis
docs/reports/missing-features-2026-09-28-v3.md:34	PermissionCard.tsx	bare-unresolvable
docs/reports/missing-features-2026-09-28-v3.md:37	PermissionCard.tsx	bare-unresolvable
docs/reports/missing-features-2026-09-28-v3.md:38	modes.js	bare-unresolvable
docs/reports/missing-features-2026-09-28-v3.md:756	schema.go	bare-ambiguous
docs/reports/missing-features-2026-09-28-v3.md:758	_test.go	bare-unresolvable
docs/reports/missing-features-2026-09-28-v3.md:766	MobileApp.tsx	bare-unresolvable
docs/reports/missing-features-2026-09-28-v3.md:766	mobileConnections.ts	bare-unresolvable
docs/reports/missing-features-2026-09-28-v3.md:766	gitService.ts	bare-unresolvable
docs/reports/missing-features-2026-09-28-v3.md:766	opencodeConfig.ts	bare-unresolvable
docs/reports/missing-features-2026-09-28-v3.md:768	bash-permission.ts	bare-unresolvable
docs/reports/missing-features-2026-09-28-v3.md:768	fs-permission.ts	bare-unresolvable
docs/reports/missing-features-2026-09-28-v3.md:768	bash-checker.ts	bare-unresolvable
docs/reports/missing-features-2026-09-28-v3.md:768	bash-wrapper-unwrap.ts	bare-unresolvable
docs/reports/missing-features-2026-09-28-v3.md:768	windows-native-delete.ts	bare-unresolvable
docs/reports/missing-features-2026-09-28-v3.md:768	written-files-registry.ts	bare-unresolvable
docs/reports/missing-features-2026-09-29-v4.md:18	package.json	bare-only-design-frontend
docs/reports/missing-features-2026-09-29-v4.md:21	package.json	bare-only-design-frontend
docs/reports/missing-features-2026-09-29-v4.md:44	pasted-context-N.txt	bare-unresolvable
docs/reports/missing-features-2026-09-29-v4.md:46	detect.ts	bare-unresolvable
docs/reports/missing-features-2026-09-29-v4.md:47	FocusModeButton.tsx	bare-unresolvable
docs/reports/missing-features-2026-09-29-v4.md:47	DraftTargetSelectors.tsx	bare-unresolvable
docs/reports/missing-features-2026-09-29-v4.md:48	ComposerContextChips.tsx	bare-unresolvable
docs/reports/missing-features-2026-09-29-v4.md:48	LinkedReferenceRow.tsx	bare-unresolvable
docs/reports/missing-features-2026-09-29-v4.md:51	ChatInput.tsx	bare-unresolvable
docs/reports/missing-features-2026-09-29-v4.md:59	copy.zh-Hans.ts	bare-unresolvable
docs/reports/missing-features-2026-09-29-v4.md:60	copy.zh-Hans.ts	bare-unresolvable
docs/reports/missing-features-2026-09-29-v4.md:60	slash-commands.ts	bare-unresolvable
docs/reports/missing-features-2026-09-29-v4.md:61	copy.zh-Hans.ts	bare-unresolvable
docs/reports/missing-features-2026-09-29-v4.md:62	pi-upstream/.../slash-commands.ts	ellipsis
docs/reports/missing-features-2026-09-29-v4.md:63	slash-commands.ts	bare-unresolvable
docs/reports/missing-features-2026-09-29-v4.md:64	consent.ts	bare-unresolvable
docs/reports/missing-features-2026-09-29-v4.md:65	doc.go	bare-ambiguous
docs/reports/missing-features-2026-09-29-v4.md:72	SubagentHeaderLineage.tsx	bare-unresolvable
docs/reports/missing-features-2026-09-29-v4.md:79	catalog.ts	bare-unresolvable
docs/reports/missing-features-2026-09-29-v4.md:86	PermissionCard.tsx	bare-unresolvable
docs/reports/missing-features-2026-09-29-v4.md:99	catalog.ts	bare-unresolvable
docs/reports/missing-features-2026-09-29-v4.md:100	catalog.ts	bare-unresolvable
docs/reports/missing-features-2026-09-29-v4.md:100	DOCUMENTATION.md	bare-unresolvable
docs/reports/missing-features-2026-09-29-v4.md:101	pi-upstream/.../interactive-mode.ts	ellipsis
docs/reports/missing-features-2026-09-29-v4.md:101	prefixTokens.ts	bare-unresolvable
docs/reports/missing-features-2026-09-29-v4.md:102	pi-upstream/.../interactive-mode.ts	ellipsis
docs/reports/missing-features-2026-09-29-v4.md:103	pi-upstream/.../interactive-mode.ts	ellipsis
docs/reports/missing-features-2026-09-29-v4.md:113	ComposerDictation.tsx	bare-unresolvable
docs/reports/missing-features-2026-09-29-v4.md:114	useDictationOrigin.ts	bare-unresolvable
docs/reports/missing-features-2026-09-29-v4.md:115	MessageBody.tsx	bare-unresolvable
docs/reports/missing-features-2026-09-29-v4.md:123	APNS.md	bare-unresolvable
docs/reports/missing-features-2026-09-29-v4.md:124	SubagentHeaderLineage.tsx	bare-unresolvable
docs/reports/missing-features-2026-09-29-v4.md:134	mobile/.../deepLinks.ts	ellipsis
docs/reports/missing-features-2026-09-29-v4.md:134	deepLinkNavigation.ts	bare-unresolvable
docs/reports/missing-features-2026-09-29-v4.md:136	HANDOFF.md	bare-unresolvable
docs/reports/missing-features-2026-09-29-v4.md:136	APNS.md	bare-unresolvable
docs/reports/missing-features-2026-09-29-v4.md:161	copy.zh-Hans.ts	bare-unresolvable
docs/reports/missing-features-2026-09-29-v4.md:162	schema.go	bare-ambiguous
docs/reports/missing-features-2026-09-29-v4.md:163	schema.go	bare-ambiguous
docs/reports/missing-features-2026-09-29-v4.md:164	schema.go	bare-ambiguous
docs/reports/missing-features-2026-09-29-v4.md:165	schema.go	bare-ambiguous
docs/reports/missing-features-2026-09-29-v4.md:166	schema.go	bare-ambiguous
docs/reports/missing-features-2026-09-29-v4.md:167	ComposerDictation.tsx	bare-unresolvable
docs/reports/missing-features-2026-09-29-v4.md:167	schema.go	bare-ambiguous
docs/reports/missing-features-2026-09-29-v4.md:174	schema.go	bare-ambiguous
docs/reports/missing-features-2026-09-29-v4.md:175	schema.go	bare-ambiguous
docs/reports/missing-features-2026-09-29-v4.md:176	schema.go	bare-ambiguous
docs/reports/missing-features-2026-09-29-v4.md:177	schema.go	bare-ambiguous
docs/reports/missing-features-2026-09-29-v4.md:178	schema.go	bare-ambiguous
docs/reports/missing-features-2026-09-29-v4.md:179	schema.go	bare-ambiguous
docs/reports/missing-features-2026-09-29-v4.md:180	pi-upstream/.../interactive-mode.ts	ellipsis
docs/reports/missing-features-2026-09-29-v4.md:180	schema.go	bare-ambiguous
docs/reports/missing-features-2026-09-29-v4.md:181	schema.go	bare-ambiguous
docs/reports/missing-features-2026-09-29-v4.md:188	config.toml	bare-unresolvable
docs/reports/missing-features-2026-09-29-v4.md:188	schema.go	bare-ambiguous
docs/reports/missing-features-2026-09-29-v4.md:190	bridge-permission-auto-accept-runtime.ts	bare-unresolvable
docs/reports/missing-features-2026-09-29-v4.md:191	schema.go	bare-ambiguous
docs/reports/missing-features-2026-09-29-v4.md:192	schema.go	bare-ambiguous
docs/reports/missing-features-2026-09-29-v4.md:193	schema.go	bare-ambiguous
docs/reports/missing-features-2026-09-29-v4.md:194	schema.go	bare-ambiguous
docs/reports/missing-features-2026-09-29-v4.md:195	schema.go	bare-ambiguous
docs/reports/missing-features-2026-09-29-v4.md:197	schema.go	bare-ambiguous
docs/reports/missing-features-2026-09-29-v4.md:198	README.zh.md	bare-unresolvable
docs/reports/missing-features-2026-09-29-v4.md:198	schema.go	bare-ambiguous
docs/reports/missing-features-2026-09-29-v4.md:200	schema.go	bare-ambiguous
docs/reports/missing-features-2026-09-29-v4.md:201	schema.go	bare-ambiguous
docs/reports/missing-features-2026-09-29-v4.md:202	schema.go	bare-ambiguous
docs/reports/missing-features-2026-09-29-v4.md:203	schema.go	bare-ambiguous
docs/reports/missing-features-2026-09-29-v4.md:209	VoiceSettings.tsx	bare-unresolvable
docs/reports/missing-features-2026-09-29-v4.md:209	schema.go	bare-ambiguous
docs/reports/missing-features-2026-09-29-v4.md:210	schema.go	bare-ambiguous
docs/reports/missing-features-2026-09-29-v4.md:211	schema.go	bare-ambiguous
docs/reports/missing-features-2026-09-29-v4.md:212	schema.go	bare-ambiguous
docs/reports/missing-features-2026-09-29-v4.md:213	schema.go	bare-ambiguous
docs/reports/missing-features-2026-09-29-v4.md:214	schema.go	bare-ambiguous
docs/reports/missing-features-2026-09-29-v4.md:215	schema.go	bare-ambiguous
docs/reports/missing-features-2026-09-29-v4.md:216	schema.go	bare-ambiguous
docs/reports/missing-features-2026-09-29-v4.md:217	schema.go	bare-ambiguous
docs/reports/missing-features-2026-09-29-v4.md:219	schema.go	bare-ambiguous
docs/reports/missing-features-2026-09-29-v4.md:220	schema.go	bare-ambiguous
docs/reports/missing-features-2026-09-29-v4.md:221	schema.go	bare-ambiguous
docs/reports/missing-features-2026-09-29-v4.md:234	activity-line.ts	bare-unresolvable
docs/reports/missing-features-2026-09-29-v4.md:234	pi-upstream/.../interactive-mode.ts	ellipsis
docs/reports/missing-features-2026-09-29-v4.md:234	types.ts	bare-unresolvable
docs/reports/missing-features-2026-09-29-v4.md:235	activity-line.ts	bare-unresolvable
docs/reports/missing-features-2026-09-29-v4.md:235	interactive-mode.ts	bare-unresolvable
docs/reports/missing-features-2026-09-29-v4.md:236	activity-line.ts	bare-unresolvable
docs/reports/missing-features-2026-09-29-v4.md:237	activity-line.ts	bare-unresolvable
docs/reports/missing-features-2026-09-29-v4.md:238	activity-line.ts	bare-unresolvable
docs/reports/missing-features-2026-09-29-v4.md:238	interactive-mode.ts	bare-unresolvable
docs/reports/missing-features-2026-09-29-v4.md:239	activity-line.ts	bare-unresolvable
docs/reports/missing-features-2026-09-29-v4.md:240	en.ts	bare-unresolvable
docs/reports/missing-features-2026-09-29-v4.md:241	reason-format.ts	bare-unresolvable
docs/reports/missing-features-2026-09-29-v4.md:243	attachments.ts	bare-unresolvable
docs/reports/missing-features-2026-09-29-v4.md:244	en.ts	bare-unresolvable
docs/reports/missing-features-2026-09-29-v4.md:246	copy.zh-Hans.ts	bare-unresolvable
docs/reports/missing-features-2026-09-29-v4.md:247	copy.zh-Hans.ts	bare-unresolvable
docs/reports/missing-features-2026-09-29-v4.md:249	pi-upstream/.../interactive-mode.ts	ellipsis
docs/reports/missing-features-2026-09-29-v4.md:249	copy.zh-Hans.ts	bare-unresolvable
docs/reports/missing-features-2026-09-29-v4.md:266	copy.zh-Hans.ts	bare-unresolvable
docs/reports/missing-features-2026-09-29-v4.md:275	pasted-context-N.txt	bare-unresolvable
docs/reports/missing-features-2026-09-29-v4.md:286	copy.zh-Hans.ts	bare-unresolvable
docs/reports/missing-features-2026-09-29-v4.md:290	copy.zh-Hans.ts	bare-unresolvable
docs/reports/missing-features-2026-09-29-v4.md:294	pi-upstream/.../slash-commands.ts	ellipsis
docs/reports/missing-features-2026-09-29-v4.md:298	openchamber/mobile/.../mobileWidgetSnapshot.ts	ellipsis
docs/reports/missing-features-2026-09-29-v4.md:308	PermissionCard.tsx	bare-unresolvable
docs/reports/missing-features-2026-09-29-v4.md:312	types.ts	bare-unresolvable
docs/reports/missing-features-2026-09-29-v4.md:316	reason-format.ts	bare-unresolvable
docs/reports/missing-features-2026-09-29-v4.md:331	schema.go	bare-ambiguous
docs/reports/missing-features-2026-09-29-v4.md:334	schema.go	bare-ambiguous
docs/reports/missing-features-2026-09-29-v4.md:337	schema.go	bare-ambiguous
docs/reports/missing-features-2026-09-29-v4.md:348	useDictationOrigin.ts	bare-unresolvable
docs/reports/missing-features-2026-09-29-v4.md:353	schema.go	bare-ambiguous
docs/reports/missing-features-2026-09-29-v4.md:361	tool-name.ts	bare-unresolvable
docs/reports/missing-features-2026-09-29-v4.md:394	activity-line.ts	bare-unresolvable
docs/reports/missing-features-2026-09-29-v4.md:402	llm-call-report-store.ts	bare-unresolvable
docs/reports/missing-features-2026-09-29-v4.md:406	types.ts	bare-unresolvable
docs/reports/missing-features-2026-09-29-v4.md:410	settings.ts	bare-unresolvable
docs/reports/missing-features-2026-09-29-v4.md:410	types.ts	bare-unresolvable
docs/reports/missing-features-2026-09-29-v4.md:418	copy.zh-Hans.ts	bare-unresolvable
docs/reports/missing-features-2026-09-29-v4.md:418	catalog.ts	bare-unresolvable
docs/reports/missing-features-2026-09-29-v4.md:424	types.ts	bare-unresolvable
docs/reports/missing-features-2026-09-29-v4.md:424	evolution.ts	bare-unresolvable
docs/reports/missing-features-2026-09-29-v4.md:424	blocks.ts	bare-unresolvable
docs/reports/missing-features-2026-09-29-v4.md:427	APNS.md	bare-unresolvable
docs/reports/missing-features-2026-09-29-v4.md:428	sessionActivityWatcher.ts	bare-unresolvable
docs/reports/missing-features-2026-09-29-v4.md:428	deepLinkNavigation.ts	bare-unresolvable
docs/reports/missing-features-2026-09-29-v4.md:449	SubagentHeaderLineage.tsx	bare-unresolvable
docs/reports/missing-features-2026-09-29-v4.md:452	SubagentHeaderLineage.tsx	bare-unresolvable
docs/reports/missing-features-2026-09-29-v4.md:452	projection-types.ts	bare-unresolvable
docs/reports/missing-features-2026-09-29-v4.md:461	catalog.ts	bare-unresolvable
docs/reports/missing-features-2026-09-29-v4.md:463	interactive-mode.ts	bare-unresolvable
docs/reports/missing-features-2026-09-29-v4.md:467	catalog.ts	bare-unresolvable
docs/reports/missing-features-2026-09-29-v4.md:470	interactive-mode.ts	bare-unresolvable
docs/reports/missing-features-2026-09-29-v4.md:470	prefixTokens.ts	bare-unresolvable
docs/reports/missing-features-2026-09-29-v4.md:481	store-port.ts	bare-unresolvable
docs/reports/missing-features-2026-09-29-v4.md:512	package.json	bare-only-design-frontend
docs/reports/missing-features-2026-09-29-v4.md:542	minimax-code/packages/tui/src/.../feature-flow.ts	ellipsis
docs/reports/missing-features-2026-09-29-v4.md:542	consent.ts	bare-unresolvable
docs/reports/missing-features-2026-09-29-v4.md:553	doc.go	bare-ambiguous
docs/reports/missing-features-2026-09-29-v4.md:574	interactive-mode.ts	bare-unresolvable
docs/reports/missing-features-2026-09-29-v4.md:574	plugins.ts	bare-unresolvable
docs/reports/missing-features-2026-09-29-v4.md:574	slash-commands.ts	bare-unresolvable
docs/reports/missing-features-2026-09-29-v4.md:577	README.i18n.yaml	bare-unresolvable
docs/reports/missing-features-2026-09-29-v4.md:577	tsdown.client.ts	bare-unresolvable
docs/reports/missing-features-2026-09-29-v4.md:580	windows-native-delete.ts	bare-unresolvable
docs/reports/missing-features-2026-09-29-v4.md:580	written-files-registry.ts	bare-unresolvable
docs/reports/missing-features-2026-09-29-v4.md:580	blocks.ts	bare-unresolvable
docs/reports/missing-features-2026-09-29-v4.md:580	providers.ts	bare-unresolvable
docs/reports/missing-features-2026-09-29-v4.md:583	PermissionCard.tsx	bare-unresolvable
docs/reports/missing-features-2026-09-29-v4.md:584	gitService.ts	bare-unresolvable
docs/reports/missing-features-2026-09-29-v4.md:584	opencodeConfig.ts	bare-unresolvable
docs/reports/missing-features-2026-09-29-v4.md:584	SessionEditorPanelProvider.ts	bare-unresolvable
docs/reports/missing-features-2026-09-29-v4.md:584	webviewHtml.ts	bare-unresolvable
docs/reports/missing-features-2026-09-29-v4.md:611	copy.en.ts	bare-unresolvable
docs/reports/missing-features-2026-09-29-v4.md:611	copy.zh-Hans.ts	bare-unresolvable
docs/reports/missing-features-2026-09-29-v4.md:634	/README.zh.md	root-ambiguous
docs/reports/missing-features-2026-09-29-v4.md:636	copy.en.ts	bare-unresolvable
docs/reports/missing-features-2026-09-29-v4.md:636	copy.zh-Hans.ts	bare-unresolvable
docs/reports/missing-features-2026-09-29-v4.md:636	copy.ts	bare-unresolvable
docs/reports/missing-features-2026-09-29-v4.md:637	copy.en.ts	bare-unresolvable
docs/reports/missing-features-2026-09-29-v4.md:637	copy.ts	bare-unresolvable
docs/reports/missing-features-2026-09-29-v4.md:637	copy.zh-Hans.ts	bare-unresolvable
docs/reports/missing-features-2026-09-29-v4.md:650	doc.go	bare-ambiguous
docs/reports/pending-and-issues.md:7	balldebug.exe	bare-unresolvable
docs/reports/pending-and-issues.md:114	/0X-adversarial-acceptance.md	root-ambiguous
docs/reports/pending-and-issues.md:142	balldebug.exe	bare-unresolvable
docs/reports/pending-and-issues.md:162	slo-snapshot.json	bare-unresolvable
docs/reports/pending-and-issues.md:168	run.go	bare-ambiguous
docs/reports/pending-and-issues.md:228	writeQueue.exe	bare-unresolvable
docs/reports/pending-and-issues.md:283	_test.go	bare-unresolvable
docs/reports/pending-and-issues.md:285	_test.go	bare-unresolvable
docs/reports/pending-and-issues.md:402	_test.go	bare-unresolvable
docs/reports/pending-and-issues.md:413	go.exe	bare-unresolvable
docs/reports/pending-and-issues.md:431	_test.go	bare-unresolvable
docs/reports/pending-and-issues.md:453	bridge.go	bare-ambiguous
docs/reports/pending-and-issues.md:458	fs_write.go	bare-ambiguous
docs/reports/pending-and-issues.md:462	fs_write.go	bare-ambiguous
docs/reports/pending-and-issues.md:463	fs_write.go	bare-ambiguous
docs/reports/pending-and-issues.md:467	fs_write.go	bare-ambiguous
docs/reports/pending-and-issues.md:474	approval.go	bare-ambiguous
docs/reports/pending-and-issues.md:476	run.go	bare-ambiguous
docs/reports/pending-and-issues.md:490	fs_write.go	bare-ambiguous
docs/reports/pending-and-issues.md:499	bridge.go	bare-ambiguous
docs/reports/pending-and-issues.md:499	loop.go	bare-ambiguous
docs/reports/pending-and-issues.md:501	bridge.go	bare-ambiguous
docs/reports/pending-and-issues.md:527	main.go	bare-ambiguous
docs/reports/pending-and-issues.md:570	tokens.css	bare-only-design-frontend
docs/reports/pending-and-issues.md:578	tokens.css	bare-only-design-frontend
docs/reports/pending-and-issues.md:609	tokens.css	bare-only-design-frontend
docs/reports/pending-and-issues.md:635	main.go	bare-ambiguous
docs/reports/pending-and-issues.md:686	wisp.exe	bare-unresolvable
docs/reports/pending-and-issues.md:758	go.mod/go.sum	multi-ext
docs/reports/pending-and-issues.md:824	console.go	bare-unresolvable
docs/reports/pending-and-issues.md:888	go.mod	bare-ambiguous
docs/reports/pending-and-issues.md:903	go.mod	bare-ambiguous
docs/reports/pending-and-issues.md:906	go.sum	bare-ambiguous
docs/reports/pending-and-issues.md:906	go.mod	bare-ambiguous
docs/reports/pending-and-issues.md:976	LICENSE.md	bare-unresolvable
docs/reports/pending-and-issues.md:980	github.sh	bare-unresolvable
docs/reports/pending-and-issues.md:981	github.sh	bare-unresolvable
docs/reports/pending-and-issues.md:988	shell.exe	bare-unresolvable
docs/reports/pending-and-issues.md:994	wisp.exe	bare-unresolvable
docs/reports/pending-and-issues.md:996	go.exe	bare-unresolvable
docs/reports/pending-and-issues.md:1007	QODER.md	bare-unresolvable
docs/reports/pending-and-issues.md:1007	CLAUDE.md	bare-unresolvable
docs/reports/pending-and-issues.md:1017	loop.go	bare-ambiguous
docs/reports/pending-and-issues.md:1018	README.md	bare-ambiguous
docs/reports/pending-and-issues.md:1021	README.md	bare-ambiguous
docs/reports/pending-and-issues.md:1033	DECISIONS.md	bare-unresolvable
docs/reports/pending-and-issues.md:1082	composer.tsx	bare-only-design-frontend
docs/reports/pending-and-issues.md:1082	tool-chips.tsx	bare-only-design-frontend
docs/reports/pending-and-issues.md:1086	panel.ts	bare-only-design-frontend
docs/reports/pending-and-issues.md:1087	tokens.generated.css	bare-only-design-frontend
docs/reports/pending-and-issues.md:1095	loop.go	bare-ambiguous
docs/reports/pending-and-issues.md:1100	SPEC-06.md	bare-unresolvable
docs/reports/pending-and-issues.md:1101	bridge.go	bare-ambiguous
docs/reports/pending-and-issues.md:1102	config.toml	bare-unresolvable
docs/reports/pending-and-issues.md:1102	run.go	bare-ambiguous
docs/reports/pending-and-issues.md:1103	run.go	bare-ambiguous
docs/reports/pending-and-issues.md:1107	cost.sum	bare-unresolvable
docs/reports/pending-and-issues.md:1107	panel.mod	bare-unresolvable
docs/reports/pending-and-issues.md:1110	main.tsx	bare-only-design-frontend
docs/reports/pending-and-issues.md:1110	tokens.generated.css	bare-only-design-frontend
docs/reports/pending-and-issues.md:1173	github.sh	bare-unresolvable
docs/reports/pending-and-issues.md:1195	vet.exe	bare-unresolvable
docs/reports/pending-and-issues.md:1254	doc.go	bare-ambiguous
docs/reports/pending-and-issues.md:1300	_test.go	bare-unresolvable
docs/reports/pending-and-issues.md:1333	github.sh	bare-unresolvable
docs/reports/pending-and-issues.md:1349	index.html	bare-only-design-frontend
docs/reports/pending-and-issues.md:1360	vendor-shadcn.mjs	bare-only-design-frontend
docs/reports/pending-and-issues.md:1371	doc.go	bare-ambiguous
docs/reports/pending-and-issues.md:1380	bridge.go	bare-ambiguous
docs/reports/pending-and-issues.md:1386	balldebug.exe	bare-unresolvable
docs/reports/pending-and-issues.md:1391	doc.go	bare-ambiguous
docs/reports/pending-and-issues.md:1394	run.go	bare-ambiguous
docs/reports/pending-and-issues.md:1479	doc.go	bare-ambiguous
docs/reports/pending-and-issues.md:1506	main.go	bare-ambiguous
docs/reports/pending-and-issues.md:1509	run.go	bare-ambiguous
docs/reports/pending-and-issues.md:1518	89-...-done.md	ellipsis
docs/reports/pending-and-issues.md:1588	doc.go	bare-ambiguous
docs/reports/pending-and-issues.md:1594	bridge.go	bare-ambiguous
docs/reports/pending-and-issues.md:1600	_other_test.go	bare-unresolvable
docs/reports/pending-and-issues.md:1616	_test.go	bare-unresolvable
docs/reports/pending-and-issues.md:1683	bridge.go	bare-ambiguous
docs/reports/pending-and-issues.md:1759	doc.go	bare-ambiguous
docs/reports/pending-and-issues.md:1768	/inboxes/leader.json	root-ambiguous
docs/reports/pending-and-issues.md:1813	/proj/a.txt	root-ambiguous
docs/reports/pending-and-issues.md:1833	run.go	bare-ambiguous
docs/reports/pending-and-issues.md:1840	config.toml	bare-unresolvable
docs/reports/pending-and-issues.md:1931	wisp.db	bare-unresolvable
docs/reports/pending-and-issues.md:2009	shell.exe	bare-unresolvable
docs/reports/pending-and-issues.md:2031	whoami.exe	bare-unresolvable
docs/reports/pending-and-issues.md:2097	_windows_test.go	bare-unresolvable
docs/reports/pending-and-issues.md:2137	config.toml	bare-unresolvable
docs/reports/pending-and-issues.md:2150	config.toml	bare-unresolvable
docs/reports/pending-and-issues.md:2159	doc.go	bare-ambiguous
docs/reports/pending-and-issues.md:2208	loop.go	bare-ambiguous
docs/reports/pending-and-issues.md:2232	shell.exe	bare-unresolvable
docs/reports/pending-and-issues.md:2320	_windows_test.go	bare-unresolvable
docs/reports/pending-and-issues.md:2384	main.go	bare-ambiguous
docs/reports/pending-and-issues.md:2387	.tsx/.ts/.css/.mjs/.md	stemless
docs/reports/pending-and-issues.md:2412	gate.go	bare-ambiguous
docs/reports/pending-and-issues.md:2412	bridge.go	bare-ambiguous
docs/reports/pending-and-issues.md:2442	gate.go	bare-ambiguous
docs/reports/pending-and-issues.md:2487	_windows_test.go	bare-unresolvable
docs/reports/pending-and-issues.md:2513	git.exe	bare-unresolvable
docs/reports/pending-and-issues.md:2520	main.go	bare-ambiguous
docs/reports/pending-and-issues.md:2700	wisp.db	bare-unresolvable
docs/reports/pending-and-issues.md:2708	tool-output-<id>.txt	placeholder
docs/reports/pending-and-issues.md:2708	2Fq.txt	bare-unresolvable
docs/reports/pending-and-issues.md:2712	tool-output-seq<N>.txt	placeholder
docs/reports/pending-and-issues.md:2714	cmd.exe	bare-unresolvable
docs/reports/pending-and-issues.md:2779	slo.go	bare-unresolvable
docs/reports/pending-and-issues.md:2779	main.go	bare-ambiguous
docs/reports/pending-and-issues.md:2790	_other.go	bare-unresolvable
docs/reports/pending-and-issues.md:2793	crossvet_linux_test.go	bare-unresolvable
docs/reports/pending-and-issues.md:2803	go.mod	bare-ambiguous
docs/reports/pending-and-issues.md:2879	tool-output-pq.txt	bare-unresolvable
docs/reports/pending-and-issues.md:2915	github.sh	bare-unresolvable
docs/reports/pending-and-issues.md:2935	index.html	bare-only-design-frontend
docs/reports/pending-and-issues.md:2935	base.css	bare-only-design-frontend
docs/reports/pending-and-issues.md:2936	package.json	bare-only-design-frontend
docs/reports/pending-and-issues.md:2942	msedgewebview2.exe	bare-unresolvable
docs/reports/pending-and-issues.md:2948	LICENSE.md	bare-unresolvable
docs/reports/pending-and-issues.md:2956	tokens.css	bare-only-design-frontend
docs/reports/pending-and-issues.md:3012	VENDORED.md	bare-only-design-frontend
docs/reports/pending-and-issues.md:3111	gcc.exe	bare-unresolvable
docs/reports/pending-and-issues.md:3138	go.mod	bare-ambiguous
docs/reports/pending-and-issues.md:3145	69-...-check.md	ellipsis
docs/reports/pending-and-issues.md:3145	69-...-check-done.md	ellipsis
docs/reports/pending-and-issues.md:3201	balldebug.exe	bare-unresolvable
docs/reports/pending-and-issues.md:3248	/wisp/go.mod	root-ambiguous
docs/reports/pending-and-issues.md:3269	p.txt	bare-unresolvable
docs/reports/pending-and-issues.md:3284	config.toml	bare-unresolvable
docs/reports/pending-and-issues.md:3284	memory.db	bare-unresolvable
docs/reports/pending-and-issues.md:3401	composer.tsx	bare-only-design-frontend
docs/reports/pending-and-issues.md:3401	panel.ts	bare-only-design-frontend
docs/reports/pending-and-issues.md:3402	package.json	bare-only-design-frontend
docs/reports/pending-and-issues.md:3423	wisp.exe	bare-unresolvable
docs/reports/pending-and-issues.md:3430	wisp.exe	bare-unresolvable
docs/reports/pending-and-issues.md:3448	wisp.exe	bare-unresolvable
docs/reports/pending-and-issues.md:3448	go.exe	bare-unresolvable
docs/reports/pending-and-issues.md:3470	github.sh	bare-unresolvable
docs/reports/pending-and-issues.md:3474	github.sh	bare-unresolvable
docs/reports/pending-and-issues.md:3479	settings.json	bare-unresolvable
docs/reports/pending-and-issues.md:3497	wisp-20260923-001.jsonl	bare-unresolvable
docs/reports/pending-and-issues.md:3498	config.toml	bare-unresolvable
docs/reports/pending-and-issues.md:3498	wisp.db	bare-unresolvable
docs/reports/pending-and-issues.md:3500	config.toml	bare-unresolvable
docs/reports/pending-and-issues.md:3505	config.toml	bare-unresolvable
docs/reports/pending-and-issues.md:3510	memory.db	bare-unresolvable
docs/reports/pending-and-issues.md:3511	portable.txt	bare-unresolvable
docs/reports/pending-and-issues.md:3515	wisp.exe	bare-unresolvable
docs/reports/pending-and-issues.md:3521	_test.go	bare-unresolvable
docs/reports/pending-and-issues.md:3525	models.go	bare-ambiguous
docs/reports/pending-and-issues.md:3601	run.go	bare-ambiguous
docs/reports/pending-and-issues.md:3616	wisp-20260923-001.jsonl	bare-unresolvable
docs/reports/pending-and-issues.md:3626	settings.json	bare-unresolvable
docs/reports/pending-and-issues.md:3628	MEMORY.md	bare-unresolvable
docs/reports/pending-and-issues.md:3631	MEMORY.md	bare-unresolvable
docs/reports/pending-and-issues.md:3657	rt.mod	bare-unresolvable
docs/reports/pending-and-issues.md:3663	go.exe	bare-unresolvable
docs/reports/pending-and-issues.md:3663	compile.exe	bare-unresolvable
docs/reports/pending-and-issues.md:3692	portable.txt	bare-unresolvable
docs/reports/pending-and-issues.md:3696	portable.txt	bare-unresolvable
docs/reports/pending-and-issues.md:3706	bridge.go	bare-ambiguous
docs/reports/pending-and-issues.md:3706	rt.mod	bare-unresolvable
docs/reports/pending-and-issues.md:3707	go.mod	bare-ambiguous
docs/reports/pending-and-issues.md:3707	go.sum	bare-ambiguous
docs/reports/pending-and-issues.md:3711	msedgewebview2.exe	bare-unresolvable
docs/reports/pending-and-issues.md:3783	leg_sink_nail_131_test.go	bare-unresolvable
docs/reports/pending-and-issues.md:3806	main.go	bare-ambiguous
docs/reports/pending-and-issues.md:3812	go.exe	bare-unresolvable
docs/reports/pending-and-issues.md:3812	slo-report.json	bare-unresolvable
docs/reports/pending-and-issues.md:3870	_windows_test.go	bare-unresolvable
docs/reports/pending-and-issues.md:3871	slo_windows.go	bare-ambiguous
docs/reports/pending-and-issues.md:3949	slo-report.json	bare-unresolvable
docs/reports/pending-and-issues.md:3965	MEMORY.md	bare-unresolvable
docs/reports/pending-and-issues.md:4006	main.go	bare-ambiguous
docs/reports/pending-and-issues.md:4068	wisp-<day>-<seq>.jsonl	placeholder
docs/reports/pending-and-issues.md:4081	_test.go	bare-unresolvable
docs/reports/pending-and-issues.md:4085	models.go	bare-ambiguous
docs/reports/pending-and-issues.md:4120	wisp-orch-tmp_inventory.py	bare-unresolvable
docs/reports/pending-and-issues.md:4120	wisp-orch-cleanup.py	bare-unresolvable
docs/reports/pending-and-issues.md:4120	wisp-orch-cleanup-cand.txt	bare-unresolvable
docs/reports/pending-and-issues.md:4243	_test.go	bare-unresolvable
docs/reports/pending-and-issues.md:4333	gofumpt.exe	bare-unresolvable
docs/reports/pending-and-issues.md:4337	staticcheck.exe	bare-unresolvable
docs/reports/pending-and-issues.md:4345	gofumpt.exe	bare-unresolvable
docs/reports/pending-and-issues.md:4362	/src/go.mod	root-ambiguous
docs/reports/pending-and-issues.md:4371	slo_windows.go	bare-ambiguous
docs/reports/pending-and-issues.md:4382	MEMORY.md	bare-unresolvable
docs/reports/pending-and-issues.md:4399	_windows_test.go	bare-unresolvable
docs/reports/pending-and-issues.md:4426	_test.go	bare-unresolvable
docs/reports/pending-and-issues.md:4498	parse.py	bare-unresolvable
docs/reports/pending-and-issues.md:4535	file.go	bare-unresolvable
docs/reports/pending-and-issues.md:4557	shell.exe	bare-unresolvable
docs/reports/pending-and-issues.md:4557	doc.go	bare-ambiguous
docs/reports/pending-and-issues.md:4601	/src/go.mod	root-ambiguous
docs/reports/pending-and-issues.md:4615	MEMORY.md	bare-unresolvable
docs/reports/pending-and-issues.md:4658	QODER.md	bare-unresolvable
docs/reports/pending-and-issues.md:4658	CLAUDE.md	bare-unresolvable
docs/reports/pending-and-issues.md:4668	MEMORY.md	bare-unresolvable
docs/reports/pending-and-issues.md:4687	go.mod	bare-ambiguous
docs/reports/pending-and-issues.md:4728	loop.go	bare-ambiguous
docs/reports/pending-and-issues.md:4733	README.md	bare-ambiguous
docs/reports/pending-and-issues.md:4824	README.md	bare-ambiguous
docs/reports/pending-and-issues.md:4920	g-vet-win.txt	bare-unresolvable
docs/reports/pending-and-issues.md:4951	_test.go	bare-unresolvable
docs/reports/pending-and-issues.md:4954	DECISIONS.md	bare-unresolvable
docs/reports/pending-and-issues.md:4987	/d/tmp/wisp133-r2-run.sh	root-ambiguous
docs/reports/pending-and-issues.md:5021	A154-block.md	bare-unresolvable
docs/reports/pending-and-issues.md:5024	docker.exe	bare-unresolvable
docs/reports/pending-and-issues.md:5037	_other_test.go	bare-unresolvable
docs/reports/pending-and-issues.md:5068	Runner.Worker.exe	bare-unresolvable
docs/reports/pending-and-issues.md:5068	go.exe	bare-unresolvable
docs/reports/pending-and-issues.md:5068	compile.exe	bare-unresolvable
docs/reports/pending-and-issues.md:5068	cgo.exe	bare-unresolvable
docs/reports/pending-and-issues.md:5101	/d/tmp/wisp136ac11-probe-whichkey.log	root-ambiguous
docs/reports/pending-and-issues.md:5144	_test.go	bare-unresolvable
docs/reports/pending-and-issues.md:5170	119-posix-link-leg-refuses-legitimate-symlinked-data-roots.md	bare-unresolvable
docs/reports/pending-and-issues.md:5253	feedback-subagent-fleet.md	bare-unresolvable
docs/reports/pending-and-issues.md:5255	MEMORY.md	bare-unresolvable
docs/reports/pending-and-issues.md:5340	/.qoder-cn/settings.json	root-ambiguous
docs/reports/pending-and-issues.md:5343	settings.json	bare-unresolvable
docs/reports/pending-and-issues.md:5376	settings.json	bare-unresolvable
docs/reports/pending-and-issues.md:5510	_test.go	bare-unresolvable
docs/reports/pending-and-issues.md:5514	gofumpt.exe	bare-unresolvable
docs/reports/pending-and-issues.md:5531	140-job-level-wisp-env-test-...md	ellipsis
docs/reports/pending-and-issues.md:5545	wisp-orch-ci-744d79e.log	bare-unresolvable
docs/reports/pending-and-issues.md:5555	wisp.exe	bare-unresolvable
docs/reports/pending-and-issues.md:5583	_test.go	bare-unresolvable
docs/reports/pending-and-issues.md:5586	slo_windows.go	bare-ambiguous
docs/reports/pending-and-issues.md:5593	_test.go	bare-unresolvable
docs/reports/pending-and-issues.md:5594	_test.go	bare-unresolvable
docs/reports/pending-and-issues.md:5594	wisp.exe	bare-unresolvable
docs/reports/pending-and-issues.md:5594	slo_windows.go	bare-ambiguous
docs/reports/pending-and-issues.md:5595	go.exe	bare-unresolvable
docs/reports/pending-and-issues.md:5595	gofmt.exe	bare-unresolvable
docs/reports/pending-and-issues.md:5595	cgo.exe	bare-unresolvable
docs/reports/pending-and-issues.md:5595	compile.exe	bare-unresolvable
docs/reports/pending-and-issues.md:5595	asm.exe	bare-unresolvable
docs/reports/pending-and-issues.md:5595	gcc.exe	bare-unresolvable
docs/reports/pending-and-issues.md:5595	wisp.exe	bare-unresolvable
docs/reports/pending-and-issues.md:5595	staticcheck.exe	bare-unresolvable
docs/reports/pending-and-issues.md:5607	_test.go	bare-unresolvable
docs/reports/pending-and-issues.md:5632	_test.go	bare-unresolvable
docs/reports/pending-and-issues.md:5634	slo_windows.go	bare-ambiguous
docs/reports/pending-and-issues.md:5634	wisp.exe	bare-unresolvable
docs/reports/pending-and-issues.md:5634	run.go	bare-ambiguous
docs/reports/pending-and-issues.md:5652	wisp.exe	bare-unresolvable
docs/reports/pending-and-issues.md:5652	s1..s6.json	bare-unresolvable
docs/reports/pending-and-issues.md:5675	main.go	bare-ambiguous
docs/reports/pending-and-issues.md:5677	composer.tsx	bare-only-design-frontend
docs/reports/pending-and-issues.md:5677	composer-states.html	bare-only-design-frontend
docs/reports/pending-and-issues.md:5677	thinking.tsx	bare-only-design-frontend
docs/reports/pending-and-issues.md:5677	tool-chips.tsx	bare-only-design-frontend
docs/reports/pending-and-issues.md:5679	fs_write.go	bare-ambiguous
docs/reports/pending-and-issues.md:5687	_gate_136_test.go	bare-unresolvable
docs/reports/pending-and-issues.md:5687	_coverage_136_test.go	bare-unresolvable
docs/reports/pending-and-issues.md:5698	_test.go	bare-unresolvable
docs/reports/pending-and-issues.md:5708	wisp.exe	bare-unresolvable
docs/reports/pending-and-issues.md:5708	portable.txt	bare-unresolvable
docs/reports/pending-and-issues.md:5722	main.go	bare-ambiguous
docs/reports/pending-and-issues.md:5733	slo_windows.go	bare-ambiguous
docs/reports/pending-and-issues.md:5741	_136_test.go	bare-unresolvable
docs/reports/pending-and-issues.md:5751	main.go	bare-ambiguous
docs/reports/pending-and-issues.md:5758	25.v.log	bare-unresolvable
docs/reports/pending-and-issues.md:5767	main.go	bare-ambiguous
docs/reports/pending-and-issues.md:5768	main.go	bare-ambiguous
docs/reports/pending-and-issues.md:5774	slo-report.json	bare-unresolvable
docs/reports/pending-and-issues.md:5781	main.go	bare-ambiguous
docs/reports/pending-and-issues.md:5793	141-q46c-blocked-r1.md	bare-unresolvable
docs/reports/pending-and-issues.md:5794	_test.go	bare-unresolvable
docs/reports/pending-and-issues.md:5794	main.go	bare-ambiguous
docs/reports/pending-and-issues.md:5822	slo-fresh-sink.sh	bare-unresolvable
docs/reports/pending-and-issues.md:5831	index.html	bare-only-design-frontend
docs/reports/pending-and-issues.md:5831	styles.css	bare-only-design-frontend
docs/reports/pending-and-issues.md:5831	tailwind.js	bare-unresolvable
docs/reports/pending-and-issues.md:5831	lucide.min.js	bare-unresolvable
docs/reports/pending-and-issues.md:5839	slo-fresh-sink.sh	bare-unresolvable
docs/reports/pending-and-issues.md:5841	MEMORY.md	bare-unresolvable
docs/reports/pending-and-issues.md:5848	tokens.css	bare-only-design-frontend
docs/reports/pending-and-issues.md:5849	ebb8a1a3.jsonl	bare-unresolvable
docs/reports/pending-and-issues.md:5861	slo-fresh-sink.sh	bare-unresolvable
docs/reports/pending-and-issues.md:5879	gen-tokens.mjs	bare-only-design-frontend
docs/reports/pending-and-issues.md:5886	VENDORED.md	bare-only-design-frontend
docs/reports/pending-and-issues.md:5892	composer.tsx	bare-only-design-frontend
docs/reports/pending-and-issues.md:5894	thinking.tsx	bare-only-design-frontend
docs/reports/pending-and-issues.md:5894	tool-chips.tsx	bare-only-design-frontend
docs/reports/pending-and-issues.md:5894	composer.tsx	bare-only-design-frontend
docs/reports/pending-and-issues.md:5895	VENDORED.md	bare-only-design-frontend
docs/reports/pending-and-issues.md:5898	vendor.mjs	bare-only-design-frontend
docs/reports/pending-and-issues.md:5910	main.go	bare-ambiguous
docs/reports/pending-and-issues.md:5923	wisp-20260918-001.jsonl	bare-unresolvable
docs/reports/pending-and-issues.md:5926	sh.exe	bare-unresolvable
docs/reports/pending-and-issues.md:5935	_test.go	bare-unresolvable
docs/reports/pending-and-issues.md:5941	main.go	bare-ambiguous
docs/reports/pending-and-issues.md:5966	composer.tsx	bare-only-design-frontend
docs/reports/pending-and-issues.md:5966	l2-approval-card.tsx	bare-only-design-frontend
docs/reports/pending-and-issues.md:5969	panel.ts	bare-only-design-frontend
docs/reports/pending-and-issues.md:5974	main.go	bare-ambiguous
docs/reports/pending-and-issues.md:5977	index.html	bare-only-design-frontend
docs/reports/pending-and-issues.md:5977	app.js	bare-only-design-frontend
docs/reports/pending-and-issues.md:5977	styles.css	bare-only-design-frontend
docs/reports/pending-and-issues.md:5977	lucide.min.js	bare-unresolvable
docs/reports/pending-and-issues.md:5985	_test.go	bare-unresolvable
docs/reports/pending-and-issues.md:5990	_other_test.go	bare-unresolvable
docs/reports/pending-and-issues.md:5995	rt.mod	bare-unresolvable
docs/reports/pending-and-issues.md:5996	bridge.go	bare-ambiguous
docs/reports/pending-and-issues.md:5999	panel.mod	bare-unresolvable
docs/reports/pending-and-issues.md:6016	bridge.go	bare-ambiguous
docs/reports/pending-and-issues.md:6018	bridge.go	bare-ambiguous
docs/reports/pending-and-issues.md:6026	main.go	bare-ambiguous
docs/reports/pending-and-issues.md:6031	vendor.mjs	bare-only-design-frontend
docs/reports/pending-and-issues.md:6040	panel.ts	bare-only-design-frontend
docs/reports/pending-and-issues.md:6041	panel.ts	bare-only-design-frontend
docs/reports/pending-and-issues.md:6042	bridge.go	bare-ambiguous
docs/reports/pending-and-issues.md:6043	stream-text.tsx	bare-only-design-frontend
docs/reports/pending-and-issues.md:6043	theme.css	bare-only-design-frontend
docs/reports/pending-and-issues.md:6044	icons.js	bare-only-design-frontend
docs/reports/pending-and-issues.md:6062	stream-text.tsx	bare-only-design-frontend
docs/reports/pending-and-issues.md:6062	theme.css	bare-only-design-frontend
docs/reports/pending-and-issues.md:6068	bridge.go	bare-ambiguous
docs/reports/pending-and-issues.md:6071	panel.ts	bare-only-design-frontend
docs/reports/pending-and-issues.md:6072	package.json	bare-only-design-frontend
docs/reports/pending-and-issues.md:6085	_test.go	bare-unresolvable
docs/reports/pending-and-issues.md:6101	VENDORED.md	bare-only-design-frontend
docs/reports/pending-and-issues.md:6103	l2-approval-card.tsx	bare-only-design-frontend
docs/reports/pending-and-issues.md:6103	l2-card-fs-delete.json	bare-only-design-frontend
docs/reports/pending-and-issues.md:6103	wisp.exe	bare-unresolvable
docs/reports/pending-and-issues.md:6120	render-stream.tsx	bare-only-design-frontend
docs/reports/pending-and-issues.md:6120	render-nav.tsx	bare-only-design-frontend
docs/reports/pending-and-issues.md:6127	bridge_test.go	bare-ambiguous
docs/reports/pending-and-issues.md:6130	bridge.go	bare-ambiguous
docs/reports/pending-and-issues.md:6136	main.go	bare-ambiguous
docs/reports/pending-and-issues.md:6139	bridge.go	bare-ambiguous
docs/reports/pending-and-issues.md:6140	bridge.go	bare-ambiguous
docs/reports/pending-and-issues.md:6147	package.json	bare-only-design-frontend
docs/reports/pending-and-issues.md:6147	render-stream.tsx	bare-only-design-frontend
docs/reports/pending-and-issues.md:6147	render-nav.tsx	bare-only-design-frontend
docs/reports/pending-and-issues.md:6155	App.tsx	bare-only-design-frontend
docs/reports/pending-and-issues.md:6155	panel.ts	bare-only-design-frontend
docs/reports/pending-and-issues.md:6180	bridge.go	bare-ambiguous
docs/reports/pending-and-issues.md:6188	panel.ts	bare-only-design-frontend
docs/reports/pending-and-issues.md:6188	App.tsx	bare-only-design-frontend
docs/reports/pending-and-issues.md:6190	bridge.go	bare-ambiguous
docs/reports/pending-and-issues.md:6196	panel.ts	bare-only-design-frontend
docs/reports/pending-and-issues.md:6204	index-cBzgeJVW.js	bare-unresolvable
docs/reports/pending-and-issues.md:6212	l2-approval-card.tsx	bare-only-design-frontend
docs/reports/pending-and-issues.md:6213	_test.go	bare-unresolvable
docs/reports/pending-and-issues.md:6215	panel.ts	bare-only-design-frontend
docs/reports/pending-and-issues.md:6231	panel.mod	bare-unresolvable
docs/reports/pending-and-issues.md:6237	bridge.go	bare-ambiguous
docs/reports/pending-and-issues.md:6237	go.mod	bare-ambiguous
docs/reports/pending-and-issues.md:6242	bridge.go	bare-ambiguous
docs/reports/pending-and-issues.md:6254	main.go	bare-ambiguous
docs/reports/pending-and-issues.md:6256	go.mod	bare-ambiguous
docs/reports/pending-and-issues.md:6261	run.go	bare-ambiguous
docs/reports/pending-and-issues.md:6262	bridge.go	bare-ambiguous
docs/reports/pending-and-issues.md:6273	pump.go	bare-ambiguous
docs/reports/pending-and-issues.md:6274	loop.go	bare-ambiguous
docs/reports/pending-and-issues.md:6274	run.go	bare-ambiguous
docs/reports/pending-and-issues.md:6275	panel_pump.go	bare-ambiguous
docs/reports/pending-and-issues.md:6275	run.go	bare-ambiguous
docs/reports/pending-and-issues.md:6284	render-nav.tsx	bare-only-design-frontend
docs/reports/pending-and-issues.md:6295	run.go	bare-ambiguous
docs/reports/pending-and-issues.md:6302	gofumpt.exe	bare-unresolvable
docs/reports/pending-and-issues.md:6310	tokens.css	bare-only-design-frontend
docs/reports/pending-and-issues.md:6310	tokens.generated.css	bare-only-design-frontend
docs/reports/pending-and-issues.md:6401	tokens.css	bare-only-design-frontend
docs/reports/pending-and-issues.md:6484	_test.go	bare-unresolvable
docs/reports/pending-and-issues.md:6520	slo-report.json	bare-unresolvable
docs/reports/pending-and-issues.md:6554	last.sum	bare-unresolvable
docs/reports/pending-and-issues.md:6571	slo-report.json	bare-unresolvable
docs/reports/pending-and-issues.md:6572	wisp.exe	bare-unresolvable
docs/reports/pending-and-issues.md:6575	wisp.exe	bare-unresolvable
docs/reports/pending-and-issues.md:6584	wisp.exe	bare-unresolvable
docs/reports/pending-and-issues.md:6584	sleep.exe	bare-unresolvable
docs/reports/pending-and-issues.md:6584	fake-child.exe	bare-unresolvable
docs/reports/pending-and-issues.md:6589	wisp.exe	bare-unresolvable
docs/reports/pending-and-issues.md:6600	slo_windows.go	bare-ambiguous
docs/reports/pending-and-issues.md:6621	loop.go	bare-ambiguous
docs/reports/pending-and-issues.md:6624	models.go	bare-ambiguous
docs/reports/pending-and-issues.md:6677	/.qoder-cn/settings.json	root-ambiguous
docs/reports/pending-and-issues.md:6679	/qodercli.log	root-ambiguous
docs/reports/pending-and-issues.md:6679	tool.sh	bare-unresolvable
docs/reports/pending-and-issues.md:6687	run.go	bare-ambiguous
docs/reports/pending-and-issues.md:6697	accept-r1.md	bare-unresolvable
docs/reports/pending-and-issues.md:6727	loop.go	bare-ambiguous
docs/reports/pending-and-issues.md:6780	pump.go	bare-ambiguous
docs/reports/pending-and-issues.md:6780	panel_pump.go	bare-ambiguous
docs/reports/pending-and-issues.md:6786	pump.go	bare-ambiguous
docs/reports/pending-and-issues.md:6786	panel_pump.go	bare-ambiguous
docs/reports/pending-and-issues.md:6786	run.go	bare-ambiguous
docs/reports/pending-and-issues.md:6786	091x-r152-r153-r151.md	bare-unresolvable
docs/reports/pending-and-issues.md:6786	093x-thaw-panel-for-145.md	bare-unresolvable
docs/reports/pending-and-issues.md:6805	bridge.go	bare-ambiguous
docs/reports/pending-and-issues.md:6806	task-ac2300145c9c69ae3.json	bare-unresolvable
docs/reports/pending-and-issues.md:6809	151-taint-scope-never-closed-r1.md	bare-unresolvable
docs/reports/pending-and-issues.md:6822	last.sum	bare-unresolvable
docs/reports/pending-and-issues.md:6827	last.sum	bare-unresolvable
docs/reports/pending-and-issues.md:6842	slo_windows.go	bare-ambiguous
docs/reports/pending-and-issues.md:6926	run.go	bare-ambiguous
docs/reports/pending-and-issues.md:6926	bridge.go	bare-ambiguous
docs/reports/pending-and-issues.md:6927	provenance.go	bare-ambiguous
docs/reports/pending-and-issues.md:6928	run.go	bare-ambiguous
docs/reports/pending-and-issues.md:6937	task-ac2300145c9c69ae3.json	bare-unresolvable
docs/reports/pending-and-issues.md:6952	bridge.go	bare-ambiguous
docs/reports/pending-and-issues.md:6975	run.go	bare-ambiguous
docs/reports/pending-and-issues.md:6976	_test.go	bare-unresolvable
docs/reports/pending-and-issues.md:6976	run.go	bare-ambiguous
docs/reports/pending-and-issues.md:6984	run.go	bare-ambiguous
docs/reports/pending-and-issues.md:6984	_test.go	bare-unresolvable
docs/reports/pending-and-issues.md:6984	bridge.go	bare-ambiguous
docs/reports/pending-and-issues.md:7042	_test.go	bare-unresolvable
docs/reports/pending-and-issues.md:7043	run.go	bare-ambiguous
docs/reports/pending-and-issues.md:7055	mut153.py	bare-ambiguous
docs/reports/pending-and-issues.md:7078	run.go	bare-ambiguous
docs/reports/pending-and-issues.md:7078	b.log	bare-unresolvable
docs/reports/pending-and-issues.md:7081	run.go	bare-ambiguous
docs/reports/pending-and-issues.md:7082	fs.go	bare-ambiguous
docs/reports/pending-and-issues.md:7082	loop.go	bare-ambiguous
docs/reports/pending-and-issues.md:7082	run.go	bare-ambiguous
docs/reports/pending-and-issues.md:7139	loop.go	bare-ambiguous
docs/reports/pending-and-issues.md:7143	run.go	bare-ambiguous
docs/reports/pending-and-issues.md:7162	go.mod	bare-ambiguous
docs/reports/pending-and-issues.md:7251	slo_subject_exit_156_test.go	bare-unresolvable
docs/reports/pending-and-issues.md:7253	bridge.go	bare-ambiguous
docs/reports/pending-and-issues.md:7276	run.go	bare-ambiguous
docs/reports/pending-and-issues.md:7277	_test.go	bare-unresolvable
docs/reports/pending-and-issues.md:7363	task-a701c4f9ac4066902.json	bare-unresolvable
docs/reports/pending-and-issues.md:7369	task-<id>.json	placeholder
docs/reports/pending-and-issues.md:7369	agent-<agentId>.jsonl	placeholder
docs/reports/pending-and-issues.md:7400	bridge.go	bare-ambiguous
docs/reports/pending-and-issues.md:7515	task-af3cf4b12b5532381.json	bare-unresolvable
docs/reports/pending-and-issues.md:7515	meta.txt	bare-ambiguous
docs/reports/pending-and-issues.md:7521	meta.txt	bare-ambiguous
docs/reports/pending-and-issues.md:7524	config.toml	bare-unresolvable
docs/reports/pending-and-issues.md:7524	memory.db	bare-unresolvable
docs/reports/pending-and-issues.md:7525	config.toml	bare-unresolvable
docs/reports/pending-and-issues.md:7530	asis.log	bare-ambiguous
docs/reports/pending-and-issues.md:7532	meta.txt	bare-ambiguous
docs/reports/pending-and-issues.md:7542	case14off.log	bare-unresolvable
docs/reports/pending-and-issues.md:7597	provenance.go	bare-ambiguous
docs/reports/pending-and-issues.md:7600	main.go	bare-ambiguous
docs/reports/pending-and-issues.md:7618	host-trash-executor.ts	bare-unresolvable
docs/reports/pending-and-issues.md:7625	SECURITY.md	bare-unresolvable
docs/reports/pending-and-issues.md:7625	plugins.ts	bare-unresolvable
docs/reports/pending-and-issues.md:7628	pi.js	bare-unresolvable
docs/reports/pending-and-issues.md:7628	vllm_manager.py	bare-unresolvable
docs/reports/pending-and-issues.md:7656	run.go	bare-ambiguous
docs/reports/pending-and-issues.md:7656	fs.go	bare-ambiguous
docs/reports/pending-and-issues.md:7656	fs_write.go	bare-ambiguous
docs/reports/pending-and-issues.md:7658	shell.exe	bare-unresolvable
docs/reports/pending-and-issues.md:7659	bridge.go	bare-ambiguous
docs/reports/pending-and-issues.md:7659	loop.go	bare-ambiguous
docs/reports/pending-and-issues.md:7660	run.go	bare-ambiguous
docs/reports/pending-and-issues.md:7661	bridge.go	bare-ambiguous
docs/reports/pending-and-issues.md:7661	loop.go	bare-ambiguous
docs/reports/pending-and-issues.md:7666	fiber.ts	bare-unresolvable
docs/reports/pending-and-issues.md:7670	fiber.ts	bare-unresolvable
docs/reports/pending-and-issues.md:7672	logger.ts	bare-unresolvable
docs/reports/pending-and-issues.md:7679	session-controller/.../service.ts	ellipsis
docs/reports/pending-and-issues.md:7679	identity.ts	bare-unresolvable
docs/reports/pending-and-issues.md:7679	session.ts	bare-unresolvable
docs/reports/pending-and-issues.md:7680	rootless-v2-generation-fence.ts	bare-unresolvable
docs/reports/pending-and-issues.md:7682	provenance.go	bare-ambiguous
docs/reports/pending-and-issues.md:7687	bridge.go	bare-ambiguous
docs/reports/pending-and-issues.md:7704	shell.exe	bare-unresolvable
docs/reports/pending-and-issues.md:7712	fiber.ts	bare-unresolvable
docs/reports/pending-and-issues.md:7717	bridge.go	bare-ambiguous
docs/reports/pending-and-issues.md:7730	_test.go	bare-unresolvable
docs/reports/pending-and-issues.md:7741	gate.go	bare-ambiguous
docs/reports/pending-and-issues.md:7742	run.go	bare-ambiguous
docs/reports/pending-and-issues.md:7746	.go.txt	bare-unresolvable
docs/reports/pending-and-issues.md:7752	frontend-delegated-to-external-agent.md	bare-unresolvable
docs/reports/pending-and-issues.md:7755	shell.exe	bare-unresolvable
docs/reports/pending-and-issues.md:7762	shell.exe	bare-unresolvable
docs/reports/pending-and-issues.md:7762	_test.go	bare-unresolvable
docs/reports/pending-and-issues.md:7762	provenance.go	bare-ambiguous
docs/reports/pending-and-issues.md:7770	main.go	bare-ambiguous
docs/reports/pending-and-issues.md:7827	provenance.go	bare-ambiguous
docs/reports/pending-and-issues.md:7851	bridge.go	bare-ambiguous
docs/reports/pending-and-issues.md:7851	loop.go	bare-ambiguous
docs/reports/pending-and-issues.md:7857	fs.go	bare-ambiguous
docs/reports/pending-and-issues.md:7857	doc.go	bare-ambiguous
docs/reports/pending-and-issues.md:7857	fs_write.go	bare-ambiguous
docs/reports/pending-and-issues.md:7865	provenance.go	bare-ambiguous
docs/reports/pending-and-issues.md:7870	provenance.go	bare-ambiguous
docs/reports/pending-and-issues.md:7870	bridge.go	bare-ambiguous
docs/reports/pending-and-issues.md:7872	bridge.go	bare-ambiguous
docs/reports/pending-and-issues.md:7879	task-afaaa9421e4a3458d.json	bare-unresolvable
docs/reports/pending-and-issues.md:7890	bridge.go	bare-ambiguous
docs/reports/pending-and-issues.md:7891	bridge.go	bare-ambiguous
docs/reports/pending-and-issues.md:7950	fs_write.go	bare-ambiguous
docs/reports/pending-and-issues.md:7957	fs_edit.go	bare-ambiguous
docs/reports/pending-and-issues.md:8009	run.go	bare-ambiguous
docs/reports/pending-and-issues.md:8010	bridge.go	bare-ambiguous
docs/reports/pending-and-issues.md:8011	task.go	bare-ambiguous
docs/reports/pending-and-issues.md:8019	provenance.go	bare-ambiguous
docs/reports/pending-and-issues.md:8026	bridge.go	bare-ambiguous
docs/reports/pending-and-issues.md:8027	fs.go	bare-ambiguous
docs/reports/pending-and-issues.md:8029	task.go	bare-ambiguous
docs/reports/pending-and-issues.md:8029	provenance.go	bare-ambiguous
docs/reports/pending-and-issues.md:8029	bridge.go	bare-ambiguous
docs/reports/pending-and-issues.md:8035	provenance.go	bare-ambiguous
docs/reports/pending-and-issues.md:8037	shell.exe	bare-unresolvable
docs/reports/pending-and-issues.md:8038	fs.go	bare-ambiguous
docs/reports/pending-and-issues.md:8039	bridge.go	bare-ambiguous
docs/reports/pending-and-issues.md:8044	bridge.go	bare-ambiguous
docs/reports/pending-and-issues.md:8045	provenance.go	bare-ambiguous
docs/reports/pending-and-issues.md:8046	bridge.go	bare-ambiguous
docs/reports/pending-and-issues.md:8059	shell.exe	bare-unresolvable
docs/reports/pending-and-issues.md:8063	cmd.exe	bare-unresolvable
docs/reports/pending-and-issues.md:8063	shell.exe	bare-unresolvable
docs/reports/pending-and-issues.md:8064	bridge.go	bare-ambiguous
docs/reports/pending-and-issues.md:8064	provenance.go	bare-ambiguous
docs/reports/pending-and-issues.md:8064	gate.go	bare-ambiguous
docs/reports/pending-and-issues.md:8081	bridge.go	bare-ambiguous
docs/reports/pending-and-issues.md:8089	_test.go	bare-unresolvable
docs/reports/pending-and-issues.md:8091	provenance.go	bare-ambiguous
docs/reports/pending-and-issues.md:8094	task.go	bare-ambiguous
docs/reports/pending-and-issues.md:8096	readings.md	bare-ambiguous
docs/reports/pending-and-issues.md:8108	taintmatch.go	bare-ambiguous
docs/reports/pending-and-issues.md:8115	taintmatch.go	bare-ambiguous
docs/reports/pending-and-issues.md:8123	provenance.go	bare-ambiguous
docs/reports/pending-and-issues.md:8131	taintmatch.go	bare-ambiguous
docs/reports/pending-and-issues.md:8131	provenance.go	bare-ambiguous
docs/reports/pending-and-issues.md:8131	bridge.go	bare-ambiguous
docs/reports/pending-and-issues.md:8131	task.go	bare-ambiguous
docs/reports/pending-and-issues.md:8133	provenance.go	bare-ambiguous
docs/reports/pending-and-issues.md:8133	taintmatch.go	bare-ambiguous
docs/reports/pending-and-issues.md:8133	task.go	bare-ambiguous
docs/reports/pending-and-issues.md:8142	_test.go	bare-unresolvable
docs/reports/pending-and-issues.md:8150	_test.go	bare-unresolvable
docs/reports/pending-and-issues.md:8152	run.go	bare-ambiguous
docs/reports/pending-and-issues.md:8159	bridge.go	bare-ambiguous
docs/reports/pending-and-issues.md:8161	task.go	bare-ambiguous
docs/reports/pending-and-issues.md:8162	bridge.go	bare-ambiguous
docs/reports/pending-and-issues.md:8163	task.go	bare-ambiguous
docs/reports/pending-and-issues.md:8164	run.go	bare-ambiguous
docs/reports/pending-and-issues.md:8169	run.go	bare-ambiguous
docs/reports/pending-and-issues.md:8171	task.go	bare-ambiguous
docs/reports/pending-and-issues.md:8172	bridge.go	bare-ambiguous
docs/reports/pending-and-issues.md:8172	loop.go	bare-ambiguous
docs/reports/pending-and-issues.md:8172	fs.go	bare-ambiguous
docs/reports/pending-and-issues.md:8172	task.go	bare-ambiguous
docs/reports/pending-and-issues.md:8173	loop.go	bare-ambiguous
docs/reports/pending-and-issues.md:8181	_test.go	bare-unresolvable
docs/reports/pending-and-issues.md:8181	config.toml	bare-unresolvable
docs/reports/pending-and-issues.md:8183	_test.go	bare-unresolvable
docs/reports/pending-and-issues.md:8184	_test.go	bare-unresolvable
docs/reports/pending-and-issues.md:8192	loop.go	bare-ambiguous
docs/reports/pending-and-issues.md:8201	run.go	bare-ambiguous
docs/reports/pending-and-issues.md:8203	e2e-readings.txt	bare-ambiguous
docs/reports/pending-and-issues.md:8203	gate-clauses.txt	bare-ambiguous
docs/reports/pending-and-issues.md:8206	run.go	bare-ambiguous
docs/reports/pending-and-issues.md:8208	go.mod	bare-ambiguous
docs/reports/pending-and-issues.md:8213	run.go	bare-ambiguous
docs/reports/pending-and-issues.md:8217	loop.go	bare-ambiguous
docs/reports/pending-and-issues.md:8218	run.go	bare-ambiguous
docs/reports/pending-and-issues.md:8221	provenance.go	bare-ambiguous
docs/reports/pending-and-issues.md:8224	provenance.go	bare-ambiguous
docs/reports/pending-and-issues.md:8224	taintmatch.go	bare-ambiguous
docs/reports/pending-and-issues.md:8232	provenance.go	bare-ambiguous
docs/reports/pending-and-issues.md:8232	taintmatch.go	bare-ambiguous
docs/reports/pending-and-issues.md:8233	provenance.go	bare-ambiguous
docs/reports/pending-and-issues.md:8233	taintmatch.go	bare-ambiguous
docs/reports/pending-and-issues.md:8235	e2e-readings.txt	bare-ambiguous
docs/reports/pending-and-issues.md:8235	go.mod	bare-ambiguous
docs/reports/pending-and-issues.md:8238	taintmatch.go	bare-ambiguous
docs/reports/pending-and-issues.md:8243	_test.go	bare-unresolvable
docs/reports/pending-and-issues.md:8246	bridge.go	bare-ambiguous
docs/reports/pending-and-issues.md:8247	writers.md	bare-unresolvable
docs/reports/pending-and-issues.md:8247	NN-slug-done.md	bare-unresolvable
docs/reports/pending-and-issues.md:8248	e2e-readings.txt	bare-ambiguous
docs/reports/pending-and-issues.md:8248	cli-reread-183v1.txt	bare-unresolvable
docs/reports/pending-and-issues.md:8248	gate-clauses.txt	bare-ambiguous
docs/reports/pending-and-issues.md:8248	d22scan.txt	bare-ambiguous
docs/reports/pending-and-issues.md:8250	writers.md	bare-unresolvable
docs/reports/pending-and-issues.md:8250	writers-done.md	bare-unresolvable
docs/reports/pending-and-issues.md:8250	NN-slug-done.md	bare-unresolvable
docs/reports/pending-and-issues.md:8255	_test.go	bare-unresolvable
docs/reports/pending-and-issues.md:8257	provenance.go	bare-ambiguous
docs/reports/pending-and-issues.md:8266	_test.go	bare-unresolvable
docs/reports/pending-and-issues.md:8267	provenance.go	bare-ambiguous
docs/reports/pending-and-issues.md:8267	_test.go	bare-unresolvable
docs/reports/pending-and-issues.md:8267	taintmatch.go	bare-ambiguous
docs/reports/pending-and-issues.md:8268	provenance.go	bare-ambiguous
docs/reports/pending-and-issues.md:8268	taintmatch.go	bare-ambiguous
docs/reports/pending-and-issues.md:8269	taintmatch.go	bare-ambiguous
docs/reports/pending-and-issues.md:8270	gate.go	bare-ambiguous
docs/reports/pending-and-issues.md:8272	cli-no-prefix.txt	bare-ambiguous
docs/reports/pending-and-issues.md:8285	_test.go	bare-unresolvable
docs/reports/pending-and-issues.md:8286	_test.go	bare-unresolvable
docs/reports/pending-and-issues.md:8293	bridge.go	bare-ambiguous
docs/reports/pending-and-issues.md:8300	task.go	bare-ambiguous
docs/reports/pending-and-issues.md:8300	bridge.go	bare-ambiguous
docs/reports/pending-and-issues.md:8301	taintmatch.go	bare-ambiguous
docs/reports/pending-and-issues.md:8308	bridge.go	bare-ambiguous
docs/reports/pending-and-issues.md:8308	go.mod	bare-ambiguous
docs/reports/pending-and-issues.md:8318	_test.go	bare-unresolvable
docs/reports/pending-and-issues.md:8320	_test.go	bare-unresolvable
docs/reports/pending-and-issues.md:8320	run.go	bare-ambiguous
docs/reports/pending-and-issues.md:8322	_test.go	bare-unresolvable
docs/reports/pending-and-issues.md:8340	pump.go	bare-ambiguous
docs/reports/pending-and-issues.md:8347	go.mod	bare-ambiguous
docs/reports/pending-and-issues.md:8347	webview2-latency.exe	bare-unresolvable
docs/reports/pending-and-issues.md:8347	panel.mod	bare-unresolvable
docs/reports/pending-and-issues.md:8350	bridge.go	bare-ambiguous
docs/reports/pending-and-issues.md:8361	task.go	bare-ambiguous
docs/reports/pending-and-issues.md:8362	task.go	bare-ambiguous
docs/reports/pending-and-issues.md:8363	task.go	bare-ambiguous
docs/reports/pending-and-issues.md:8363	_test.go	bare-unresolvable
docs/reports/pending-and-issues.md:8364	task.go	bare-ambiguous
docs/reports/pending-and-issues.md:8372	go.mod	bare-ambiguous
docs/reports/pending-and-issues.md:8372	go.sum	bare-ambiguous
docs/reports/pending-and-issues.md:8372	bridge.go	bare-ambiguous
docs/reports/pending-and-issues.md:8382	_test.go	bare-unresolvable
docs/reports/pending-and-issues.md:8385	right-rail.tsx	bare-only-design-frontend
docs/reports/pending-and-issues.md:8391	schema.go	bare-ambiguous
docs/reports/pending-and-issues.md:8419	panel_pump.go	bare-ambiguous
docs/reports/pending-and-issues.md:8422	bridge.go	bare-ambiguous
docs/reports/pending-and-issues.md:8423	bridge.go	bare-ambiguous
docs/reports/pending-and-issues.md:8424	bridge.go	bare-ambiguous
docs/reports/pending-and-issues.md:8425	panel_pump.go	bare-ambiguous
docs/reports/pending-and-issues.md:8432	panel_pump.go	bare-ambiguous
docs/reports/pending-and-issues.md:8436	bridge.go	bare-ambiguous
docs/reports/pending-and-issues.md:8446	frontend-delegated-to-external-agent.md	bare-unresolvable
docs/reports/pending-and-issues.md:8446	feedback-subagent-fleet.md	bare-unresolvable
docs/reports/pending-and-issues.md:8450	_test.go	bare-unresolvable
docs/reports/pending-and-issues.md:8457	bridge.go	bare-ambiguous
docs/reports/pending-and-issues.md:8466	taintmatch.go	bare-ambiguous
docs/reports/pending-and-issues.md:8467	provenance.go	bare-ambiguous
docs/reports/pending-and-issues.md:8467	taintmatch.go	bare-ambiguous
docs/reports/pending-and-issues.md:8468	taintmatch.go	bare-ambiguous
docs/reports/pending-and-issues.md:8469	hostpath_185.go	bare-ambiguous
docs/reports/pending-and-issues.md:8477	config.toml	bare-unresolvable
docs/reports/pending-and-issues.md:8479	go.mod	bare-ambiguous
docs/reports/pending-and-issues.md:8481	bridge.go	bare-ambiguous
docs/reports/pending-and-issues.md:8482	run.go	bare-ambiguous
docs/reports/pending-and-issues.md:8487	go.mod	bare-ambiguous
docs/reports/pending-and-issues.md:8487	go.sum	bare-ambiguous
docs/reports/pending-and-issues.md:8488	go.mod	bare-ambiguous
docs/reports/pending-and-issues.md:8488	go.sum	bare-ambiguous
docs/reports/pending-and-issues.md:8495	_test.go	bare-unresolvable
docs/reports/pending-and-issues.md:8499	pump.go	bare-ambiguous
docs/reports/pending-and-issues.md:8502	pump.go	bare-ambiguous
docs/reports/pending-and-issues.md:8517	flip-7.txt	bare-unresolvable
docs/reports/pending-and-issues.md:8519	pump.go	bare-ambiguous
docs/reports/pending-and-issues.md:8523	_test.go	bare-unresolvable
docs/reports/pending-and-issues.md:8525	pump.go	bare-ambiguous
docs/reports/pending-and-issues.md:8538	run.go	bare-ambiguous
docs/reports/pending-and-issues.md:8542	run.go	bare-ambiguous
docs/reports/pending-and-issues.md:8547	models.go	bare-ambiguous
docs/reports/pending-and-issues.md:8548	loop.go	bare-ambiguous
docs/reports/pending-and-issues.md:8548	run.go	bare-ambiguous
docs/reports/pending-and-issues.md:8551	run.go	bare-ambiguous
docs/reports/pending-and-issues.md:8554	go.mod	bare-ambiguous
docs/reports/pending-and-issues.md:8556	main.go	bare-ambiguous
docs/reports/pending-and-issues.md:8558	pump.go	bare-ambiguous
docs/reports/pending-and-issues.md:8561	run.go	bare-ambiguous
docs/reports/pending-and-issues.md:8567	pump.go	bare-ambiguous
docs/reports/pending-and-issues.md:8574	run.go	bare-ambiguous
docs/reports/pending-and-issues.md:8575	run.go	bare-ambiguous
docs/reports/pending-and-issues.md:8613	panel_pump.go	bare-ambiguous
docs/reports/pending-and-issues.md:8613	run.go	bare-ambiguous
docs/reports/pending-and-issues.md:8613	pump.go	bare-ambiguous
docs/reports/pending-and-issues.md:8615	run.go	bare-ambiguous
docs/reports/pending-and-issues.md:8626	bridge.go	bare-ambiguous
docs/reports/pending-and-issues.md:8626	gate.go	bare-ambiguous
docs/reports/pending-and-issues.md:8629	run.go	bare-ambiguous
docs/reports/pending-and-issues.md:8649	continuation-activation.ts	bare-unresolvable
docs/reports/pending-and-issues.md:8655	projection-types.ts	bare-unresolvable
docs/reports/pending-and-issues.md:8665	_test.go	bare-unresolvable
docs/reports/pending-and-issues.md:8666	_test.go	bare-unresolvable
docs/reports/pending-and-issues.md:8696	doc.go	bare-ambiguous
docs/reports/pending-and-issues.md:8697	shell.exe	bare-unresolvable
docs/reports/pending-and-issues.md:8700	shell.exe	bare-unresolvable
docs/reports/pending-and-issues.md:8704	config.toml	bare-unresolvable
docs/reports/pending-and-issues.md:8733	config.toml	bare-unresolvable
docs/reports/pending-and-issues.md:8813	HunkActions.tsx	bare-unresolvable
docs/reports/pending-and-issues.md:8816	PermissionCard.tsx	bare-unresolvable
docs/reports/pending-and-issues.md:8821	runtime.js	bare-unresolvable
docs/reports/pending-and-issues.md:8823	settings.json	bare-unresolvable
docs/reports/pending-and-issues.md:8824	registry.json	bare-unresolvable
docs/reports/pending-and-issues.md:8833	en.ts	bare-unresolvable
docs/reports/pending-and-issues.md:8839	notifications.page.sum	bare-unresolvable
docs/reports/pending-and-issues.md:8889	run.go	bare-ambiguous
docs/reports/pending-and-issues.md:8922	subagent_197_test.go	bare-ambiguous
docs/reports/pending-and-issues.md:8923	bridge.go	bare-ambiguous
docs/reports/pending-and-issues.md:8926	subagent_197.go	bare-ambiguous
docs/reports/pending-and-issues.md:8933	bridge.go	bare-ambiguous
docs/reports/pending-and-issues.md:8949	run.go	bare-ambiguous
docs/reports/pending-and-issues.md:8964	run.go	bare-ambiguous
docs/reports/pending-and-issues.md:8966	subagent_197.go	bare-ambiguous
docs/reports/pending-and-issues.md:8976	subagent_197_test.go	bare-ambiguous
docs/reports/pending-and-issues.md:8988	run.go	bare-ambiguous
docs/reports/pending-and-issues.md:9004	152-...-accept-r1.md	ellipsis
docs/reports/pending-and-issues.md:9012	subagent_197_test.go	bare-ambiguous
docs/reports/pending-and-issues.md:9034	run.go	bare-ambiguous
docs/reports/pending-and-issues.md:9038	gate.go	bare-ambiguous
docs/reports/pending-and-issues.md:9050	gate.go	bare-ambiguous
docs/reports/pending-and-issues.md:9057	pump.go	bare-ambiguous
docs/reports/pending-and-issues.md:9077	decider.go	bare-unresolvable
docs/reports/pending-and-issues.md:9077	bridge.go	bare-ambiguous
docs/reports/pending-and-issues.md:9077	gate.go	bare-ambiguous
docs/reports/pending-and-issues.md:9080	decider.go	bare-unresolvable
docs/reports/pending-and-issues.md:9080	gate.go	bare-ambiguous
docs/reports/pending-and-issues.md:9080	bridge.go	bare-ambiguous
docs/reports/pending-and-issues.md:9093	feedback-subagent-fleet.md	bare-unresolvable
docs/reports/pending-and-issues.md:9100	_test.go	bare-unresolvable
docs/reports/pending-and-issues.md:9100	gate.go	bare-ambiguous
docs/reports/pending-and-issues.md:9102	decider.go	bare-unresolvable
docs/reports/pending-and-issues.md:9102	bridge.go	bare-ambiguous
docs/reports/pending-and-issues.md:9102	gate.go	bare-ambiguous
docs/reports/pending-and-issues.md:9102	approval.go	bare-ambiguous
docs/reports/pending-and-issues.md:9104	gate.go	bare-ambiguous
docs/reports/pending-and-issues.md:9106	doc.go	bare-ambiguous
docs/reports/pending-and-issues.md:9109	bridge.go	bare-ambiguous
docs/reports/pending-and-issues.md:9111	config.toml	bare-unresolvable
docs/reports/pending-and-issues.md:9118	census.md	bare-ambiguous
docs/reports/pending-and-issues.md:9121	approval.go	bare-ambiguous
docs/reports/pending-and-issues.md:9121	gate.go	bare-ambiguous
docs/reports/pending-and-issues.md:9122	task.go	bare-ambiguous
docs/reports/pending-and-issues.md:9122	subagent_197.go	bare-ambiguous
docs/reports/pending-and-issues.md:9123	subagent_197.go	bare-ambiguous
docs/reports/pending-and-issues.md:9124	gate.go	bare-ambiguous
docs/reports/pending-and-issues.md:9125	subagent_197.go	bare-ambiguous
docs/reports/pending-and-issues.md:9126	subagent_197.go	bare-ambiguous
docs/reports/pending-and-issues.md:9138	bridge.go	bare-ambiguous
docs/reports/pending-and-issues.md:9138	run.go	bare-ambiguous
docs/reports/pending-and-issues.md:9138	subagent_197.go	bare-ambiguous
docs/reports/pending-and-issues.md:9140	subagent_197_test.go	bare-ambiguous
docs/reports/pending-and-issues.md:9140	bridge_test.go	bare-ambiguous
docs/reports/pending-and-issues.md:9144	run.go	bare-ambiguous
docs/reports/pending-and-issues.md:9166	211-reply-listener-r1.md	bare-unresolvable
docs/reports/pending-and-issues.md:9167	run.go	bare-ambiguous
docs/reports/pending-and-issues.md:9177	run.go	bare-ambiguous
docs/reports/pending-and-issues.md:9177	gate.go	bare-ambiguous
docs/reports/pending-and-issues.md:9184	gate.go	bare-ambiguous
docs/reports/pending-and-issues.md:9217	doc.go	bare-ambiguous
docs/reports/pending-and-issues.md:9218	_test.go	bare-unresolvable
docs/reports/pending-and-issues.md:9220	doc.go	bare-ambiguous
docs/reports/pending-and-issues.md:9221	gate.go	bare-ambiguous
docs/reports/pending-and-issues.md:9221	subagent_roster_197.go	bare-ambiguous
docs/reports/pending-and-issues.md:9222	openchamber-ui-web-surface-0929.md	bare-unresolvable
docs/reports/pending-and-issues.md:9222	PermissionCard.tsx	bare-unresolvable
docs/reports/pending-and-issues.md:9222	PermissionDock.tsx	bare-unresolvable
docs/reports/pending-and-issues.md:9222	permission-toast.ts	bare-unresolvable
docs/reports/pending-and-issues.md:9222	events.ts	bare-unresolvable
docs/reports/pending-and-issues.md:9222	permissionStore.ts	bare-unresolvable
docs/reports/pending-and-issues.md:9222	en.ts	bare-unresolvable
docs/reports/pending-and-issues.md:9229	_201_test.go	bare-unresolvable
docs/reports/pending-and-issues.md:9230	run.go	bare-ambiguous
docs/reports/pending-and-issues.md:9232	run.go	bare-ambiguous
docs/reports/pending-and-issues.md:9232	config.toml	bare-unresolvable
docs/reports/pending-and-issues.md:9238	gates-full.txt	bare-unresolvable
docs/reports/pending-and-issues.md:9239	config.toml	bare-unresolvable
docs/reports/pending-and-issues.md:9241	run.go	bare-ambiguous
docs/reports/pending-and-issues.md:9252	DEFERRED.md	bare-unresolvable
docs/reports/pending-and-issues.md:9254	subagent_roster_197.go	bare-ambiguous
docs/reports/pending-and-issues.md:9257	bridge.go	bare-ambiguous
docs/reports/pending-and-issues.md:9257	subagent_197.go	bare-ambiguous
docs/reports/pending-and-issues.md:9257	subagent_222_test.go	bare-ambiguous
docs/reports/pending-and-issues.md:9258	doc.go	bare-ambiguous
docs/reports/pending-and-issues.md:9267	bridge.go	bare-ambiguous
docs/reports/pending-and-issues.md:9268	bridge.go	bare-ambiguous
docs/reports/pending-and-issues.md:9269	gates-full2.txt	bare-unresolvable
docs/reports/pending-and-issues.md:9273	bridge.go	bare-ambiguous
docs/reports/pending-and-issues.md:9273	subagent_197.go	bare-ambiguous
docs/reports/pending-and-issues.md:9283	types.ts	bare-unresolvable
docs/reports/pending-and-issues.md:9284	survey-...-dsh-ui-packages.md	ellipsis
docs/reports/pending-and-issues.md:9288	PermissionCard.tsx	bare-unresolvable
docs/reports/pending-and-issues.md:9288	model.ts	bare-unresolvable
docs/reports/pending-and-issues.md:9288	WorkStatusSubagentsSection.tsx	bare-unresolvable
docs/reports/pending-and-issues.md:9288	en.ts	bare-unresolvable
docs/reports/pending-and-issues.md:9288	permission-toast.ts	bare-unresolvable
docs/reports/pending-and-issues.md:9288	ToolPart.tsx	bare-unresolvable
docs/reports/pending-and-issues.md:9310	subagent_197.go	bare-ambiguous
docs/reports/pending-and-issues.md:9311	subagent_197_test.go	bare-ambiguous
docs/reports/pending-and-issues.md:9314	subagent_197.go	bare-ambiguous
docs/reports/pending-and-issues.md:9322	subagent_197.go	bare-ambiguous
docs/reports/pending-and-issues.md:9324	subagent_197.go	bare-ambiguous
docs/reports/pending-and-issues.md:9327	subagent_197.go	bare-ambiguous
docs/reports/pending-and-issues.md:9327	subagent_197_test.go	bare-ambiguous
docs/reports/pending-and-issues.md:9329	task.go	bare-ambiguous
docs/reports/pending-and-issues.md:9336	doc.go	bare-ambiguous
docs/reports/pending-and-issues.md:9347	/main.go	root-ambiguous
docs/reports/pending-and-issues.md:9350	/main.go	root-ambiguous
docs/reports/pending-and-issues.md:9360	config.toml	bare-unresolvable
docs/reports/pending-and-issues.md:9362	doc.go	bare-ambiguous
docs/reports/pending-and-issues.md:9364	go.mod	bare-ambiguous
docs/reports/pending-and-issues.md:9364	main.go	bare-ambiguous
docs/reports/pending-and-issues.md:9364	run.go	bare-ambiguous
docs/reports/pending-and-issues.md:9366	run.go	bare-ambiguous
docs/reports/pending-and-issues.md:9373	_223_test.go	bare-unresolvable
docs/reports/pending-and-issues.md:9373	migrate_test.go	bare-ambiguous
docs/reports/pending-and-issues.md:9378	run.go	bare-ambiguous
docs/reports/pending-and-issues.md:9394	doc.go	bare-ambiguous
docs/reports/pending-and-issues.md:9394	slo_windows.go	bare-ambiguous
docs/reports/pending-and-issues.md:9394	run.go	bare-ambiguous
docs/reports/pending-and-issues.md:9395	run.go	bare-ambiguous
docs/reports/pending-and-issues.md:9398	_test.go	bare-unresolvable
docs/reports/pending-and-issues.md:9409	full-v.txt	bare-ambiguous
docs/reports/pending-and-issues.md:9418	config.toml	bare-unresolvable
docs/reports/pending-and-issues.md:9456	migrate_test.go	bare-ambiguous
docs/reports/pending-and-issues.md:9456	config.toml	bare-unresolvable
docs/reports/pending-and-issues.md:9482	full-v.txt	bare-ambiguous
docs/reports/pending-and-issues.md:9484	config.toml	bare-unresolvable
docs/reports/pending-and-issues.md:9493	wisp.db	bare-unresolvable
docs/reports/pending-and-issues.md:9493	_test.go	bare-unresolvable
docs/reports/pending-and-issues.md:9494	memory.db	bare-unresolvable
docs/reports/pending-and-issues.md:9494	wisp.db	bare-unresolvable
docs/reports/pending-and-issues.md:9515	go.exe	bare-unresolvable
docs/reports/pending-and-issues.md:9517	subagent_197.go	bare-ambiguous
docs/reports/pending-and-issues.md:9517	bridge.go	bare-ambiguous
docs/reports/pending-and-issues.md:9518	bridge.go	bare-ambiguous
docs/reports/pending-and-issues.md:9519	subagent_197_test.go	bare-ambiguous
docs/reports/pending-and-issues.md:9519	subagent_222_test.go	bare-ambiguous
docs/reports/pending-and-issues.md:9519	subagent_197.go	bare-ambiguous
docs/reports/pending-and-issues.md:9519	197.go	bare-unresolvable
docs/reports/pending-and-issues.md:9520	go.exe	bare-unresolvable
docs/reports/pending-and-issues.md:9526	run.go	bare-ambiguous
docs/reports/pending-and-issues.md:9528	_test.go	bare-unresolvable
docs/reports/pending-and-issues.md:9538	_test.go	bare-unresolvable
docs/reports/pending-and-issues.md:9545	run.go	bare-ambiguous
docs/reports/pending-and-issues.md:9557	run.go	bare-ambiguous
docs/reports/pending-and-issues.md:9566	gofumpt.exe	bare-unresolvable
docs/reports/pending-and-issues.md:9581	go.exe	bare-unresolvable
docs/reports/pending-and-issues.md:9585	go.exe	bare-unresolvable
docs/reports/pending-and-issues.md:9595	balldebug.exe	bare-unresolvable
docs/reports/pending-and-issues.md:9595	wisp77.exe	bare-unresolvable
docs/reports/pending-and-issues.md:9595	wisp77_partial.exe	bare-unresolvable
docs/reports/pending-and-issues.md:9602	go.exe	bare-unresolvable
docs/reports/pending-and-issues.md:9616	run.go	bare-ambiguous
docs/reports/pending-and-issues.md:9616	loop.go	bare-ambiguous
docs/reports/pending-and-issues.md:9617	_test.go	bare-unresolvable
docs/reports/pending-and-issues.md:9618	task.go	bare-ambiguous
docs/reports/pending-and-issues.md:9619	wisp.db	bare-unresolvable
docs/reports/pending-and-issues.md:9620	_test.go	bare-unresolvable
docs/reports/pending-and-issues.md:9620	subagent_197_test.go	bare-ambiguous
docs/reports/pending-and-issues.md:9620	subagent_222_test.go	bare-ambiguous
docs/reports/pending-and-issues.md:9626	go.exe	bare-unresolvable
docs/reports/pending-and-issues.md:9626	full.txt	bare-unresolvable
docs/reports/pending-and-issues.md:9626	_test.go	bare-unresolvable
docs/reports/pending-and-issues.md:9653	subagent_197.go	bare-ambiguous
docs/reports/pending-and-issues.md:9654	mobileWidgetSnapshot.ts	bare-unresolvable
docs/reports/pending-and-issues.md:9654	deepLinks.ts	bare-unresolvable
docs/reports/pending-and-issues.md:9654	en.ts	bare-unresolvable
docs/reports/pending-and-issues.md:9654	PermissionCard.tsx	bare-unresolvable
docs/reports/pending-and-issues.md:9655	go.exe	bare-unresolvable
docs/reports/pending-and-issues.md:9657	balldebug.exe	bare-unresolvable
docs/reports/pending-and-issues.md:9657	wisp.exe	bare-unresolvable
docs/reports/pending-and-issues.md:9657	_test.go	bare-unresolvable
docs/reports/pending-and-issues.md:9677	main.go	bare-ambiguous
docs/reports/pending-and-issues.md:9678	go.mod	bare-ambiguous
docs/reports/pending-and-issues.md:9678	go.sum	bare-ambiguous
docs/reports/pending-and-issues.md:9737	balldebug.exe	bare-unresolvable
docs/reports/pending-and-issues.md:9745	doc.go	bare-ambiguous
docs/reports/pending-and-issues.md:9745	go.mod	bare-ambiguous
docs/reports/pending-and-issues.md:9746	schema.go	bare-ambiguous
docs/reports/pending-and-issues.md:9746	keywords.txt	bare-unresolvable
docs/reports/pending-and-issues.md:9762	models.go	bare-ambiguous
docs/reports/pending-and-issues.md:9763	slo_windows.go	bare-ambiguous
docs/reports/pending-and-issues.md:9775	pump.go	bare-ambiguous
docs/reports/pending-and-issues.md:9775	run.go	bare-ambiguous
docs/reports/pending-and-issues.md:9778	bridge.go	bare-ambiguous
docs/reports/pending-and-issues.md:9782	balldebug.exe	bare-unresolvable
docs/reports/pending-and-issues.md:9799	run.go	bare-ambiguous
docs/reports/pending-and-issues.md:9819	config.toml	bare-unresolvable
docs/reports/pending-and-issues.md:9836	_test.go	bare-unresolvable
docs/reports/pending-and-issues.md:9836	approval.go	bare-ambiguous
docs/reports/pending-and-issues.md:9846	_test.go	bare-unresolvable
docs/reports/pending-and-issues.md:9858	_test.go	bare-unresolvable
docs/reports/pending-and-issues.md:9858	approval.go	bare-ambiguous
docs/reports/pending-and-issues.md:9863	balldebug.exe	bare-unresolvable
docs/reports/pending-and-issues.md:9863	wisp.exe	bare-unresolvable
docs/reports/pending-and-issues.md:9878	wisp.exe	bare-unresolvable
docs/reports/pending-and-issues.md:9894	main.go	bare-ambiguous
docs/reports/pending-and-issues.md:9900	config.toml	bare-unresolvable
docs/reports/pending-and-issues.md:9911	models.go	bare-ambiguous
docs/reports/pending-and-issues.md:9922	_test.go	bare-unresolvable
docs/reports/pending-and-issues.md:9922	main.go	bare-ambiguous
docs/reports/pending-and-issues.md:9926	census.md	bare-ambiguous
docs/reports/pending-and-issues.md:9945	go.exe	bare-unresolvable
docs/reports/pending-and-issues.md:9945	wisp.exe	bare-unresolvable
docs/reports/pending-and-issues.md:9945	balldebug.exe	bare-unresolvable
docs/reports/pending-and-issues.md:9964	_test.go	bare-unresolvable
docs/reports/pending-and-issues.md:10001	run.go	bare-ambiguous
docs/reports/pending-and-issues.md:10003	config.toml	bare-unresolvable
docs/reports/pending-and-issues.md:10009	doc.go	bare-ambiguous
docs/reports/pending-and-issues.md:10009	census.md	bare-ambiguous
docs/reports/pending-and-issues.md:10022	panel.mod	bare-unresolvable
docs/reports/pending-and-issues.md:10047	wisp.exe	bare-unresolvable
docs/reports/pending-and-issues.md:10047	balldebug.exe	bare-unresolvable
docs/reports/pending-and-issues.md:10058	run.go	bare-ambiguous
docs/reports/pending-and-issues.md:10059	run.go	bare-ambiguous
docs/reports/pending-and-issues.md:10082	migrate.go	bare-ambiguous
docs/reports/pending-and-issues.md:10082	config.toml	bare-unresolvable
docs/reports/pending-and-issues.md:10083	config.toml	bare-unresolvable
docs/reports/pending-and-issues.md:10083	bridge.go	bare-ambiguous
docs/reports/pending-and-issues.md:10084	run.go	bare-ambiguous
docs/reports/pending-and-issues.md:10102	config.toml	bare-unresolvable
docs/reports/pending-and-issues.md:10110	_test.go	bare-unresolvable
docs/reports/pending-and-issues.md:10114	go.sum	bare-ambiguous
docs/reports/pending-and-issues.md:10116	go.mod	bare-ambiguous
docs/reports/pending-and-issues.md:10116	go.sum	bare-ambiguous
docs/reports/pending-and-issues.md:10122	_test.go	bare-unresolvable
docs/reports/pending-and-issues.md:10124	go.mod	bare-ambiguous
docs/reports/pending-and-issues.md:10124	go.sum	bare-ambiguous
docs/reports/pending-and-issues.md:10125	go.mod	bare-ambiguous
docs/reports/pending-and-issues.md:10127	go.mod	bare-ambiguous
docs/reports/pending-and-issues.md:10129	go.sum	bare-ambiguous
docs/reports/pending-and-issues.md:10129	sum.go	bare-unresolvable
docs/reports/pending-and-issues.md:10145	SPEC-11-build-deployment-containerization.md	bare-unresolvable
docs/reports/pending-and-issues.md:10147	go.mod	bare-ambiguous
docs/reports/pending-and-issues.md:10147	go.sum	bare-ambiguous
docs/reports/pending-and-issues.md:10157	config.toml	bare-unresolvable
docs/reports/pending-and-issues.md:10173	feedback-subagent-fleet.md	bare-unresolvable
docs/reports/pending-and-issues.md:10194	go.mod	bare-ambiguous
docs/reports/pending-and-issues.md:10203	main.go	bare-ambiguous
docs/reports/pending-and-issues.md:10205	chromium_amd64.go	bare-unresolvable
docs/reports/pending-and-issues.md:10205	webview.go	bare-unresolvable
docs/reports/pending-and-issues.md:10207	webview.go	bare-unresolvable
docs/reports/pending-and-issues.md:10210	_test.go	bare-unresolvable
docs/reports/pending-and-issues.md:10217	_test.go	bare-unresolvable
docs/reports/pending-and-issues.md:10220	_test.go	bare-unresolvable
docs/reports/pending-and-issues.md:10228	_test.go	bare-unresolvable
docs/reports/pending-and-issues.md:10230	_test.go	bare-unresolvable
docs/reports/pending-and-issues.md:10235	go.sum	bare-ambiguous
docs/reports/pending-and-issues.md:10239	_test.go	bare-unresolvable
docs/reports/pending-and-issues.md:10246	_test.go	bare-unresolvable
docs/reports/pending-and-issues.md:10256	_test.go	bare-unresolvable
docs/reports/pending-and-issues.md:10258	go.mod	bare-ambiguous
docs/reports/pending-and-issues.md:10258	go.sum	bare-ambiguous
docs/reports/pending-and-issues.md:10258	go.exe	bare-unresolvable
docs/reports/pending-and-issues.md:10271	_test.go	bare-unresolvable
docs/reports/pending-and-issues.md:10287	go.exe	bare-unresolvable
docs/reports/pending-and-issues.md:10289	.scratch/wisp/probes/33/p1/<name>/main.go	placeholder
docs/reports/pending-and-issues.md:10289	_test.go	bare-unresolvable
docs/reports/pending-and-issues.md:10293	chromium.go	bare-unresolvable
docs/reports/pending-and-issues.md:10296	go.sum	bare-ambiguous
docs/reports/pending-and-issues.md:10305	go.mod	bare-ambiguous
docs/reports/pending-and-issues.md:10306	chromium.go	bare-unresolvable
docs/reports/pending-and-issues.md:10306	webview.go	bare-unresolvable
docs/reports/pending-and-issues.md:10307	chromium.go	bare-unresolvable
docs/reports/pending-and-issues.md:10321	go.exe	bare-unresolvable
docs/reports/pending-and-issues.md:10331	go.exe	bare-unresolvable
docs/reports/pending-and-issues.md:10332	webview.go	bare-unresolvable
docs/reports/pending-and-issues.md:10346	go.exe	bare-unresolvable
docs/reports/pending-and-issues.md:10354	go.exe	bare-unresolvable
docs/reports/pending-and-issues.md:10431	cargo.exe	bare-unresolvable
docs/reports/pending-and-issues.md:10431	go.exe	bare-unresolvable
docs/reports/pending-and-issues.md:10436	buckets.md	bare-ambiguous
docs/reports/pending-and-issues.md:10439	clean_new.txt	bare-unresolvable
docs/reports/pending-and-issues.md:10439	logs_new_all.txt	bare-unresolvable
docs/reports/pending-and-issues.md:10439	raw_tw_new.txt	bare-unresolvable
docs/reports/pending-and-issues.md:10440	msedgewebview2.exe	bare-unresolvable
docs/reports/pending-and-issues.md:10455	go.exe	bare-unresolvable
docs/reports/pending-and-issues.md:10460	buckets.md	bare-ambiguous
docs/reports/pending-and-issues.md:10468	config.toml	bare-unresolvable
docs/reports/pending-and-issues.md:10469	config.toml	bare-unresolvable
docs/reports/pending-and-issues.md:10475	run.go	bare-ambiguous
docs/reports/pending-and-issues.md:10475	pump.go	bare-ambiguous
docs/reports/pending-and-issues.md:10481	clean_new.txt	bare-unresolvable
docs/reports/pending-and-issues.md:10481	clean_base.txt	bare-unresolvable
docs/reports/pending-and-issues.md:10487	config.toml	bare-unresolvable
docs/reports/pending-and-issues.md:10501	verdict.md	bare-ambiguous
docs/reports/pending-and-issues.md:10505	.scratch/wisp/issues/251-winsec-pin-...md	ellipsis
docs/reports/pending-and-issues.md:10533	run.go	bare-ambiguous
docs/reports/pending-and-issues.md:10533	bridge.go	bare-ambiguous
docs/reports/pending-and-issues.md:10537	.scratch/wisp/issues/252-the-two-spellings-of-one-path-split-inside-the-allowlist-check-...md	ellipsis
docs/reports/pending-and-issues.md:10564	_252_probe_test.go	bare-unresolvable
docs/reports/pending-and-issues.md:10570	firstrun.go	bare-ambiguous
docs/reports/pending-and-issues.md:10583	webview.go	bare-unresolvable
docs/reports/pending-and-issues.md:10594	_252_probe_test.go	bare-unresolvable
docs/reports/pending-and-issues.md:10600	d22scan.log	bare-ambiguous
docs/reports/pending-and-issues.md:10606	bridge.go	bare-ambiguous
docs/reports/pending-and-issues.md:10614	.scratch/wisp/issues/253-panel-inbound-has-three-ruler-holes-...md	ellipsis
docs/reports/pending-and-issues.md:10621	run.go	bare-ambiguous
docs/reports/pending-and-issues.md:10627	fatal-recovery.ts	bare-unresolvable
docs/reports/pending-and-issues.md:10637	config.toml	bare-unresolvable
docs/reports/pending-and-issues.md:10646	firstrun.go	bare-ambiguous
docs/reports/pending-and-issues.md:10646	run.go	bare-ambiguous
docs/reports/pending-and-issues.md:10665	.scratch/wisp/issues/254-...md	ellipsis
docs/reports/pending-and-issues.md:10671	go.mod	bare-ambiguous
docs/reports/pending-and-issues.md:10681	.scratch/wisp/issues/255-config-says-these-sections-took-effect-immediately-panel-...md	ellipsis
docs/reports/pending-and-issues.md:10715	job-test-windows.log	bare-unresolvable
docs/reports/pending-and-issues.md:10723	embed.go	bare-only-design-frontend
docs/reports/pending-and-issues.md:10741	_test.go	bare-unresolvable
docs/reports/pending-and-issues.md:10752	schema.go	bare-ambiguous
docs/reports/pending-and-issues.md:10781	schema.go	bare-ambiguous
docs/reports/pending-and-issues.md:10797	schema.go	bare-ambiguous
docs/reports/pending-and-issues.md:10804	config.toml	bare-unresolvable
docs/reports/pending-and-issues.md:10805	defaults.go	bare-ambiguous
docs/reports/pending-and-issues.md:10805	schema.go	bare-ambiguous
docs/reports/pending-and-issues.md:10810	schema.go	bare-ambiguous
docs/reports/pending-and-issues.md:10814	schema.go	bare-ambiguous
docs/reports/pending-and-issues.md:10818	census.md	bare-ambiguous
docs/reports/pending-and-issues.md:10824	census.md	bare-ambiguous
docs/reports/pending-and-issues.md:10840	census.md	bare-ambiguous
docs/reports/pending-and-issues.md:10846	gate.go	bare-ambiguous
docs/reports/pending-and-issues.md:10848	gate.go	bare-ambiguous
docs/reports/pending-and-issues.md:10857	gate.go	bare-ambiguous
docs/reports/pending-and-issues.md:10873	mutate.sh	bare-ambiguous
docs/reports/pending-and-issues.md:10873	census.md	bare-ambiguous
docs/reports/pending-and-issues.md:10875	mutate.sh	bare-ambiguous
docs/reports/pending-and-issues.md:10886	defaults.go	bare-ambiguous
docs/reports/pending-and-issues.md:10886	run.go	bare-ambiguous
docs/reports/pending-and-issues.md:10890	census.md	bare-ambiguous
docs/reports/pending-and-issues.md:10894	feedback-subagent-fleet.md	bare-unresolvable
docs/reports/pending-and-issues.md:10903	198-...-toml.md	ellipsis
docs/reports/pending-and-issues.md:10903	198-...-toml-done.md	ellipsis
docs/reports/pending-and-issues.md:10929	defaults.go	bare-ambiguous
docs/reports/pending-and-issues.md:10940	tiers.go	bare-ambiguous
docs/reports/pending-and-issues.md:10941	tiers_255_test.go	bare-ambiguous
docs/reports/pending-and-issues.md:10943	schema.go	bare-ambiguous
docs/reports/pending-and-issues.md:10951	tiers.go	bare-ambiguous
docs/reports/pending-and-issues.md:10953	run.go	bare-ambiguous
docs/reports/pending-and-issues.md:11000	chromium.go	bare-unresolvable
docs/reports/pending-and-issues.md:11007	approval.go	bare-ambiguous
docs/reports/pending-and-issues.md:11034	run.go	bare-ambiguous
docs/reports/pending-and-issues.md:11034	pump.go	bare-ambiguous
docs/reports/pending-and-issues.md:11034	panel_pump.go	bare-ambiguous
docs/reports/pending-and-issues.md:11041	bridge_test.go	bare-ambiguous
docs/reports/pending-and-issues.md:11043	bridge.go	bare-ambiguous
docs/reports/pending-and-issues.md:11043	webview.go	bare-unresolvable
docs/reports/pending-and-issues.md:11055	feedback-subagent-fleet.md	bare-unresolvable
docs/reports/pending-and-issues.md:11070	_test.go	bare-unresolvable
docs/reports/pending-and-issues.md:11070	bridge.go	bare-ambiguous
docs/reports/pending-and-issues.md:11081	run.go	bare-ambiguous
docs/reports/pending-and-issues.md:11084	pump.go	bare-ambiguous
docs/reports/pending-and-issues.md:11092	approval.go	bare-ambiguous
docs/reports/pending-and-issues.md:11103	pump.go	bare-ambiguous
docs/reports/pending-and-issues.md:11103	run.go	bare-ambiguous
docs/reports/pending-and-issues.md:11105	tiers.go	bare-ambiguous
docs/reports/pending-and-issues.md:11114	gate.go	bare-ambiguous
docs/reports/pending-and-issues.md:11115	approval.go	bare-ambiguous
docs/reports/pending-and-issues.md:11115	gate.go	bare-ambiguous
docs/reports/pending-and-issues.md:11116	bridge.go	bare-ambiguous
docs/reports/pending-and-issues.md:11117	bridge.go	bare-ambiguous
docs/reports/pending-and-issues.md:11120	schema.go	bare-ambiguous
docs/reports/pending-and-issues.md:11128	c.log	bare-unresolvable
docs/reports/pending-and-issues.md:11128	loop.go	bare-ambiguous
docs/reports/pending-and-issues.md:11137	gate.go	bare-ambiguous
docs/reports/pending-and-issues.md:11137	ticket220_l1_read_test.go	bare-unresolvable
docs/reports/pending-and-issues.md:11139	gate.go	bare-ambiguous
docs/reports/pending-and-issues.md:11147	gate.go	bare-ambiguous
docs/reports/pending-and-issues.md:11147	subagent_roster_197.go	bare-ambiguous
docs/reports/pending-and-issues.md:11147	_test.go	bare-unresolvable
docs/reports/pending-and-issues.md:11147	pump.go	bare-ambiguous
docs/reports/pending-and-issues.md:11150	impl.md	bare-ambiguous
docs/reports/pending-and-issues.md:11165	_test.go	bare-unresolvable
docs/reports/pending-and-issues.md:11170	run.go	bare-ambiguous
docs/reports/pending-and-issues.md:11172	run.go	bare-ambiguous
docs/reports/pending-and-issues.md:11173	defaults.go	bare-ambiguous
docs/reports/pending-and-issues.md:11173	_test.go	bare-unresolvable
docs/reports/pending-and-issues.md:11181	impl.md	bare-ambiguous
docs/reports/pending-and-issues.md:11189	gofumpt.exe	bare-unresolvable
docs/reports/pending-and-issues.md:11201	config.toml	bare-unresolvable
docs/reports/pending-and-issues.md:11211	impl.md	bare-ambiguous
docs/reports/pending-and-issues.md:11212	gofumpt.txt	bare-ambiguous
docs/reports/pending-and-issues.md:11213	census.md	bare-ambiguous
docs/reports/pending-and-issues.md:11215	census.md	bare-ambiguous
docs/reports/pending-and-issues.md:11218	run.go	bare-ambiguous
docs/reports/pending-and-issues.md:11225	defaults.go	bare-ambiguous
docs/reports/pending-and-issues.md:11231	defaults.go	bare-ambiguous
docs/reports/pending-and-issues.md:11237	config.toml	bare-unresolvable
docs/reports/pending-and-issues.md:11237	defaults.go	bare-ambiguous
docs/reports/survey-2026-09-28-composer-plus-menu.md:22	schema.go	bare-ambiguous
docs/reports/survey-2026-09-28-composer-plus-menu.md:37	detect.ts	bare-unresolvable
docs/reports/survey-2026-09-28-composer-plus-menu.md:37	service.ts	bare-unresolvable
docs/reports/survey-2026-09-28-composer-plus-menu.md:38	menu.ts	bare-unresolvable
docs/reports/survey-2026-09-28-composer-plus-menu.md:38	controller.ts	bare-unresolvable
docs/reports/survey-2026-09-28-composer-plus-menu.md:39	contract.ts	bare-unresolvable
docs/reports/survey-2026-09-28-composer-plus-menu.md:53	presentation.ts	bare-unresolvable
docs/reports/survey-2026-09-28-composer-plus-menu.md:54	presentation.ts	bare-unresolvable
docs/reports/survey-2026-09-28-composer-plus-menu.md:56	service.ts	bare-unresolvable
docs/reports/survey-2026-09-28-composer-plus-menu.md:68	detect.ts	bare-unresolvable
docs/reports/survey-2026-09-28-composer-plus-menu.md:71	types.ts	bare-unresolvable
docs/reports/survey-2026-09-28-composer-plus-menu.md:72	detect.ts	bare-unresolvable
docs/reports/survey-2026-09-28-composer-plus-menu.md:72	types.ts	bare-unresolvable
docs/reports/survey-2026-09-28-composer-plus-menu.md:74	service.ts	bare-unresolvable
docs/reports/survey-2026-09-28-composer-plus-menu.md:75	index.ts	bare-unresolvable
docs/reports/survey-2026-09-28-composer-plus-menu.md:77	rank-by-name.ts	bare-unresolvable
docs/reports/survey-2026-09-28-composer-plus-menu.md:81	service.ts	bare-unresolvable
docs/reports/survey-2026-09-28-composer-plus-menu.md:82	CommandRuntime.exe	bare-unresolvable
docs/reports/survey-2026-09-28-composer-plus-menu.md:93	service.ts	bare-unresolvable
docs/reports/survey-2026-09-28-composer-plus-menu.md:108	menu.ts	bare-unresolvable
docs/reports/survey-2026-09-28-composer-plus-menu.md:118	CommandRuntime.exe	bare-unresolvable
docs/reports/survey-2026-09-28-composer-plus-menu.md:118	index.ts	bare-unresolvable
docs/reports/survey-2026-09-28-composer-plus-menu.md:119	index.ts	bare-unresolvable
docs/reports/survey-2026-09-28-composer-plus-menu.md:129	types.ts	bare-unresolvable
docs/reports/survey-2026-09-28-composer-plus-menu.md:135	index.ts	bare-unresolvable
docs/reports/survey-2026-09-28-composer-plus-menu.md:135	types.ts	bare-unresolvable
docs/reports/survey-2026-09-28-composer-plus-menu.md:137	types.ts	bare-unresolvable
docs/reports/survey-2026-09-28-composer-plus-menu.md:153	interactive-mode.ts	bare-unresolvable
docs/reports/survey-2026-09-28-composer-plus-menu.md:155	interactive-mode.ts	bare-unresolvable
docs/reports/survey-2026-09-28-composer-plus-menu.md:160	interactive-mode.ts	bare-unresolvable
docs/reports/survey-2026-09-28-composer-plus-menu.md:161	interactive-mode.ts	bare-unresolvable
docs/reports/survey-2026-09-28-composer-plus-menu.md:173	autocomplete.ts	bare-unresolvable
docs/reports/survey-2026-09-28-composer-plus-menu.md:174	autocomplete.ts	bare-unresolvable
docs/reports/survey-2026-09-28-composer-plus-menu.md:175	autocomplete.ts	bare-unresolvable
docs/reports/survey-2026-09-28-composer-plus-menu.md:176	autocomplete.ts	bare-unresolvable
docs/reports/survey-2026-09-28-composer-plus-menu.md:176	interactive-mode.ts	bare-unresolvable
docs/reports/survey-2026-09-28-composer-plus-menu.md:177	slash-commands-provider.ts	bare-unresolvable
docs/reports/survey-2026-09-28-composer-plus-menu.md:185	interactive-mode.ts	bare-unresolvable
docs/reports/survey-2026-09-28-composer-plus-menu.md:192	autocomplete.ts	bare-unresolvable
docs/reports/survey-2026-09-28-composer-plus-menu.md:196	.html/.jsonl	stemless
docs/reports/survey-2026-09-28-composer-plus-menu.md:196	index.ts	bare-unresolvable
docs/reports/survey-2026-09-28-composer-plus-menu.md:196	template.html	bare-unresolvable
docs/reports/survey-2026-09-28-composer-plus-menu.md:196	ansi-to-html.ts	bare-unresolvable
docs/reports/survey-2026-09-28-composer-plus-menu.md:196	tool-renderer.ts	bare-unresolvable
docs/reports/survey-2026-09-28-composer-plus-menu.md:197	slash-commands.ts	bare-unresolvable
docs/reports/survey-2026-09-28-composer-plus-menu.md:197	this.sh	bare-unresolvable
docs/reports/survey-2026-09-28-composer-plus-menu.md:197	path.jsonl	bare-unresolvable
docs/reports/survey-2026-09-28-composer-plus-menu.md:198	slash-commands.ts	bare-unresolvable
docs/reports/survey-2026-09-28-composer-plus-menu.md:216	mcp.ts	bare-unresolvable
docs/reports/survey-2026-09-28-composer-plus-menu.md:217	mcp.ts	bare-unresolvable
docs/reports/survey-2026-09-28-composer-plus-menu.md:222	plugins.ts	bare-unresolvable
docs/reports/survey-2026-09-28-composer-plus-menu.md:223	plugins.ts	bare-unresolvable
docs/reports/survey-2026-09-28-composer-plus-menu.md:224	plugins.ts	bare-unresolvable
docs/reports/survey-2026-09-28-composer-plus-menu.md:229	bundle.ts	bare-unresolvable
docs/reports/survey-2026-09-28-composer-plus-menu.md:230	bundle.ts	bare-unresolvable
docs/reports/survey-2026-09-28-composer-plus-menu.md:231	bundle.ts	bare-unresolvable
docs/reports/survey-2026-09-28-composer-plus-menu.md:232	bundle.ts	bare-unresolvable
docs/reports/survey-2026-09-28-composer-plus-menu.md:233	consent.ts	bare-unresolvable
docs/reports/survey-2026-09-28-composer-plus-menu.md:245	catalog.ts	bare-unresolvable
docs/reports/survey-2026-09-28-composer-plus-menu.md:246	catalog.ts	bare-unresolvable
docs/reports/survey-2026-09-28-composer-plus-menu.md:256	catalog.ts	bare-unresolvable
docs/reports/survey-2026-09-28-composer-plus-menu.md:258	catalog.ts	bare-unresolvable
docs/reports/survey-2026-09-28-composer-plus-menu.md:259	catalog.ts	bare-unresolvable
docs/reports/survey-2026-09-28-composer-plus-menu.md:260	catalog.ts	bare-unresolvable
docs/reports/survey-2026-09-28-composer-plus-menu.md:265	catalog.ts	bare-unresolvable
docs/reports/survey-2026-09-28-composer-plus-menu.md:270	catalog.ts	bare-unresolvable
docs/reports/survey-2026-09-28-composer-plus-menu.md:273	catalog.ts	bare-unresolvable
docs/reports/survey-2026-09-28-composer-plus-menu.md:287	registry.ts	bare-unresolvable
docs/reports/survey-2026-09-28-composer-plus-menu.md:288	types.ts	bare-unresolvable
docs/reports/survey-2026-09-28-composer-plus-menu.md:289	types.ts	bare-unresolvable
docs/reports/survey-2026-09-28-composer-plus-menu.md:292	types.ts	bare-unresolvable
docs/reports/survey-2026-09-28-composer-plus-menu.md:293	types.ts	bare-unresolvable
docs/reports/survey-2026-09-28-composer-plus-menu.md:294	types.ts	bare-unresolvable
docs/reports/survey-2026-09-28-composer-plus-menu.md:297	types.ts	bare-unresolvable
docs/reports/survey-2026-09-28-composer-plus-menu.md:300	types.ts	bare-unresolvable
docs/reports/survey-2026-09-28-composer-plus-menu.md:301	types.ts	bare-unresolvable
docs/reports/survey-2026-09-28-composer-plus-menu.md:304	types.ts	bare-unresolvable
docs/reports/survey-2026-09-28-composer-plus-menu.md:310	attachments.ts	bare-unresolvable
docs/reports/survey-2026-09-28-composer-plus-menu.md:312	attachments.ts	bare-unresolvable
docs/reports/survey-2026-09-28-composer-plus-menu.md:313	attachments.ts	bare-unresolvable
docs/reports/survey-2026-09-28-composer-plus-menu.md:317	catalog.ts	bare-unresolvable
docs/reports/survey-2026-09-28-composer-plus-menu.md:337	DOCUMENTATION.md	bare-unresolvable
docs/reports/survey-2026-09-28-composer-plus-menu.md:338	ComposerContextChips.tsx	bare-unresolvable
docs/reports/survey-2026-09-28-composer-plus-menu.md:338	LinkedReferenceRow.tsx	bare-unresolvable
docs/reports/survey-2026-09-28-composer-plus-menu.md:338	DOCUMENTATION.md	bare-unresolvable
docs/reports/survey-2026-09-28-composer-plus-menu.md:342	DOCUMENTATION.md	bare-unresolvable
docs/reports/survey-2026-09-28-composer-plus-menu.md:346	prefixTokens.ts	bare-unresolvable
docs/reports/survey-2026-09-28-composer-plus-menu.md:347	DOCUMENTATION.md	bare-unresolvable
docs/reports/survey-2026-09-28-composer-plus-menu.md:349	prefixTokens.ts	bare-unresolvable
docs/reports/survey-2026-09-28-composer-plus-menu.md:351	triggers.ts	bare-unresolvable
docs/reports/survey-2026-09-28-composer-plus-menu.md:352	triggers.ts	bare-unresolvable
docs/reports/survey-2026-09-28-composer-plus-menu.md:353	triggers.ts	bare-unresolvable
docs/reports/survey-2026-09-28-composer-plus-menu.md:365	ChatInput.tsx	bare-unresolvable
docs/reports/survey-2026-09-28-composer-plus-menu.md:367	ChatInput.tsx	bare-unresolvable
docs/reports/survey-2026-09-28-composer-plus-menu.md:367	guestCommands.ts	bare-unresolvable
docs/reports/survey-2026-09-28-composer-plus-menu.md:370	slashCommands.ts	bare-unresolvable
docs/reports/survey-2026-09-28-composer-plus-menu.md:371	slashCommands.ts	bare-unresolvable
docs/reports/survey-2026-09-28-composer-plus-menu.md:378	ChatInput.tsx	bare-unresolvable
docs/reports/survey-2026-09-28-composer-plus-menu.md:387	de.ts	bare-unresolvable
docs/reports/survey-2026-09-28-composer-plus-menu.md:388	pasted-context-N.txt	bare-unresolvable
docs/reports/survey-2026-09-28-composer-plus-menu.md:388	DOCUMENTATION.md	bare-unresolvable
docs/reports/survey-2026-09-28-composer-plus-menu.md:390	DOCUMENTATION.md	bare-unresolvable
docs/reports/survey-2026-09-28-composer-plus-menu.md:394	FocusModeButton.tsx	bare-unresolvable
docs/reports/survey-2026-09-28-composer-plus-menu.md:394	DraftTargetSelectors.tsx	bare-unresolvable
docs/reports/survey-2026-09-28-composer-plus-menu.md:406	autocomplete.ts	bare-unresolvable
docs/reports/survey-2026-09-28-composer-plus-menu.md:446	pump.go	bare-ambiguous
docs/reports/survey-2026-09-28-composer-plus-menu.md:449	presentation.ts	bare-unresolvable
docs/reports/survey-2026-09-28-composer-plus-menu.md:457	interactive-mode.ts	bare-unresolvable
docs/reports/survey-2026-09-28-composer-plus-menu.md:457	ChatInput.tsx	bare-unresolvable
docs/reports/survey-2026-09-28-composer-plus-menu.md:466	pump.go	bare-ambiguous
docs/reports/survey-2026-09-28-composer-plus-menu.md:526	interactive-mode.ts	bare-unresolvable
docs/reports/survey-2026-09-28-composer-plus-menu.md:554	consent.ts	bare-unresolvable
docs/reports/survey-2026-09-28-composer-plus-menu.md:554	terminal-text.ts	bare-unresolvable
docs/reports/survey-2026-09-28-dsh-ui-packages.md:16	README.i18n.yaml	bare-unresolvable
docs/reports/survey-2026-09-28-dsh-ui-packages.md:16	README.md	bare-ambiguous
docs/reports/survey-2026-09-28-dsh-ui-packages.md:16	README.zh.md	bare-unresolvable
docs/reports/survey-2026-09-28-dsh-ui-packages.md:16	tsdown.client.ts	bare-unresolvable
docs/reports/survey-2026-09-28-dsh-ui-packages.md:18	ui-<slug>/README.zh.md	placeholder
docs/reports/survey-2026-09-28-dsh-ui-packages.md:18	ui-<slug>/package.json	placeholder
docs/reports/survey-2026-09-28-dsh-ui-packages.md:18	.zh.md	bare-unresolvable
docs/reports/survey-2026-09-28-dsh-ui-packages.md:18	package.json	bare-only-design-frontend
docs/reports/survey-2026-09-28-dsh-ui-packages.md:30	README.zh.md	bare-unresolvable
docs/reports/survey-2026-09-28-dsh-ui-packages.md:102	SubagentHeaderLineage.tsx	bare-unresolvable
docs/reports/survey-2026-09-28-dsh-ui-packages.md:103	index.ts	bare-unresolvable
docs/reports/survey-2026-09-28-dsh-ui-packages.md:119	README.zh.md	bare-unresolvable
docs/reports/survey-2026-09-28-dsh-ui-packages.md:120	README.zh.md	bare-unresolvable
docs/reports/survey-2026-09-28-dsh-ui-packages.md:121	README.zh.md	bare-unresolvable
docs/reports/survey-2026-09-28-dsh-ui-packages.md:141	README.zh.md	bare-unresolvable
docs/reports/survey-2026-09-28-dsh-ui-packages.md:142	README.zh.md	bare-unresolvable
docs/reports/survey-2026-09-28-dsh-ui-packages.md:143	README.zh.md	bare-unresolvable
docs/reports/survey-2026-09-28-dsh-ui-packages.md:164	projection-types.ts	bare-unresolvable
docs/reports/survey-2026-09-28-dsh-ui-packages.md:173	projection-types.ts	bare-unresolvable
docs/reports/survey-2026-09-28-dsh-ui-packages.md:177	SubagentHeaderLineage.tsx	bare-unresolvable
docs/reports/survey-2026-09-28-dsh-ui-packages.md:180	README.zh.md	bare-unresolvable
docs/reports/survey-2026-09-28-dsh-ui-packages.md:181	README.zh.md	bare-unresolvable
docs/reports/survey-2026-09-28-dsh-ui-packages.md:182	README.zh.md	bare-unresolvable
docs/reports/survey-2026-09-28-dsh-ui-packages.md:183	README.zh.md	bare-unresolvable
docs/reports/survey-2026-09-28-dsh-ui-packages.md:184	README.zh.md	bare-unresolvable
docs/reports/survey-2026-09-28-dsh-ui-packages.md:185	README.zh.md	bare-unresolvable
docs/reports/survey-2026-09-28-dsh-ui-packages.md:187	README.zh.md	bare-unresolvable
docs/reports/survey-2026-09-28-dsh-ui-packages.md:195	doc.go	bare-ambiguous
docs/reports/survey-2026-09-28-dsh-ui-packages.md:198	pump.go	bare-ambiguous
docs/reports/survey-2026-09-28-dsh-ui-packages.md:204	trajectory-record.ts	bare-unresolvable
docs/reports/survey-2026-09-28-dsh-ui-packages.md:205	trajectory-record.ts	bare-unresolvable
docs/reports/survey-2026-09-28-dsh-ui-packages.md:206	README.zh.md	bare-unresolvable
docs/reports/survey-2026-09-28-dsh-ui-packages.md:207	trajectory-event-projection.ts	bare-unresolvable
docs/reports/survey-2026-09-28-dsh-ui-packages.md:208	README.zh.md	bare-unresolvable
docs/reports/survey-2026-09-28-dsh-ui-packages.md:209	README.zh.md	bare-unresolvable
docs/reports/survey-2026-09-28-dsh-ui-packages.md:210	README.zh.md	bare-unresolvable
docs/reports/survey-2026-09-28-dsh-ui-packages.md:211	index.ts	bare-unresolvable
docs/reports/survey-2026-09-28-dsh-ui-packages.md:211	README.zh.md	bare-unresolvable
docs/reports/survey-2026-09-28-dsh-ui-packages.md:219	README.zh.md	bare-unresolvable
docs/reports/survey-2026-09-28-dsh-ui-packages.md:221	README.zh.md	bare-unresolvable
docs/reports/survey-2026-09-28-dsh-ui-packages.md:222	README.zh.md	bare-unresolvable
docs/reports/survey-2026-09-28-dsh-ui-packages.md:223	README.zh.md	bare-unresolvable
docs/reports/survey-2026-09-28-dsh-ui-packages.md:233	README.zh.md	bare-unresolvable
docs/reports/survey-2026-09-28-dsh-ui-packages.md:234	README.zh.md	bare-unresolvable
docs/reports/survey-2026-09-28-dsh-ui-packages.md:235	README.zh.md	bare-unresolvable
docs/reports/survey-2026-09-28-dsh-ui-packages.md:235	types.ts	bare-unresolvable
docs/reports/survey-2026-09-28-dsh-ui-packages.md:236	types.ts	bare-unresolvable
docs/reports/survey-2026-09-28-dsh-ui-packages.md:237	README.zh.md	bare-unresolvable
docs/reports/survey-2026-09-28-dsh-ui-packages.md:238	README.zh.md	bare-unresolvable
docs/reports/survey-2026-09-28-dsh-ui-packages.md:239	README.zh.md	bare-unresolvable
docs/reports/survey-2026-09-28-dsh-ui-packages.md:240	README.zh.md	bare-unresolvable
docs/reports/survey-2026-09-28-dsh-ui-packages.md:241	geometry.ts	bare-unresolvable
docs/reports/survey-2026-09-28-dsh-ui-packages.md:241	measure.ts	bare-unresolvable
docs/reports/survey-2026-09-28-dsh-ui-packages.md:241	README.zh.md	bare-unresolvable
docs/reports/survey-2026-09-28-dsh-ui-packages.md:242	README.zh.md	bare-unresolvable
docs/reports/survey-2026-09-28-dsh-ui-packages.md:243	README.zh.md	bare-unresolvable
docs/reports/survey-2026-09-28-dsh-ui-packages.md:249	_test.go	bare-unresolvable
docs/reports/survey-2026-09-28-dsh-ui-packages.md:251	README.zh.md	bare-unresolvable
docs/reports/survey-2026-09-28-dsh-ui-packages.md:251	index.ts	bare-unresolvable
docs/reports/survey-2026-09-28-dsh-ui-packages.md:257	README.zh.md	bare-unresolvable
docs/reports/survey-2026-09-28-dsh-ui-packages.md:258	README.zh.md	bare-unresolvable
docs/reports/survey-2026-09-28-dsh-ui-packages.md:259	README.zh.md	bare-unresolvable
docs/reports/survey-2026-09-28-dsh-ui-packages.md:260	README.zh.md	bare-unresolvable
docs/reports/survey-2026-09-28-dsh-ui-packages.md:261	README.zh.md	bare-unresolvable
docs/reports/survey-2026-09-28-dsh-ui-packages.md:271	README.zh.md	bare-unresolvable
docs/reports/survey-2026-09-28-dsh-ui-packages.md:272	README.zh.md	bare-unresolvable
docs/reports/survey-2026-09-28-dsh-ui-packages.md:276	README.zh.md	bare-unresolvable
docs/reports/survey-2026-09-28-dsh-ui-packages.md:278	ctx.sh	bare-unresolvable
docs/reports/survey-2026-09-28-dsh-ui-packages.md:316	doc.go	bare-ambiguous
docs/reports/survey-2026-09-28-dsh-ui-packages.md:320	config.toml	bare-unresolvable
docs/reports/survey-2026-09-28-dsh-ui-packages.md:328	README.zh.md	bare-unresolvable
docs/reports/survey-2026-09-28-dsh-ui-packages.md:328	package.json	bare-only-design-frontend
docs/reports/survey-2026-09-28-dsh-ui-packages.md:336	child-agent.ts	bare-unresolvable
docs/reports/survey-2026-09-28-dsh-ui-packages.md:336	continuation-activation.ts	bare-unresolvable
docs/reports/survey-2026-09-28-dsh-ui-packages.md:336	projection-types.ts	bare-unresolvable
docs/reports/survey-2026-09-28-dsh-ui-packages.md:336	types.ts	bare-unresolvable
docs/reports/survey-2026-09-28-dsh-ui-packages.md:336	remote-events.ts	bare-unresolvable
docs/reports/survey-2026-09-28-dsh-ui-packages.md:337	layout.ts	bare-unresolvable
docs/reports/survey-2026-09-28-dsh-ui-packages.md:337	trajectory-record.ts	bare-unresolvable
docs/reports/survey-2026-09-28-dsh-ui-packages.md:337	trajectory-event-projection.ts	bare-unresolvable
docs/reports/survey-2026-09-28-dsh-ui-packages.md:337	index.ts	bare-unresolvable
docs/reports/survey-2026-09-28-dsh-ui-packages.md:338	.client.spec.tsx	bare-unresolvable
docs/reports/survey-2026-09-28-dsh-ui-packages.md:339	planner.ts	bare-unresolvable
docs/reports/survey-2026-09-28-dsh-ui-packages.md:339	operations.ts	bare-unresolvable
docs/reports/survey-2026-09-28-dsh-ui-packages.md:339	sequence.ts	bare-unresolvable
docs/reports/survey-2026-09-28-dsh-ui-packages.md:341	README.zh.md	bare-unresolvable
docs/reports/survey-2026-09-28-dsh-ui-packages.md:349	pump.go	bare-ambiguous
docs/reports/survey-2026-09-28-dsh-ui-packages.md:355	subagent-limits-card-controller.ts	bare-unresolvable
docs/reports/survey-2026-09-28-dsh-ui-packages.md:355	README.zh.md	bare-unresolvable
docs/reports/survey-2026-09-28-dsh-ui-packages.md:356	SubagentHeaderLineage.tsx	bare-unresolvable
docs/reports/survey-2026-09-28-dsh-ui-packages.md:373	SubagentHeaderLineage.tsx	bare-unresolvable
docs/reports/survey-2026-09-28-dsh-ui-packages.md:373	task.go	bare-ambiguous
docs/reports/survey-2026-09-28-dsh-ui-packages.md:375	index.ts	bare-unresolvable
docs/reports/survey-2026-09-28-dsh-ui-packages.md:376	doc.go	bare-ambiguous
docs/reports/survey-2026-09-28-dsh-ui-packages.md:377	remote-events.ts	bare-unresolvable
docs/reports/survey-2026-09-28-dsh-ui-packages.md:378	README.zh.md	bare-unresolvable
docs/reports/survey-2026-09-28-dsh-ui-packages.md:379	types.ts	bare-unresolvable
docs/reports/survey-2026-09-28-dsh-ui-packages.md:379	README.zh.md	bare-unresolvable
docs/reports/survey-2026-09-28-dsh-ui-packages.md:380	fixed.ts	bare-unresolvable
docs/reports/survey-2026-09-28-dsh-ui-packages.md:380	config.toml	bare-unresolvable
docs/reports/survey-2026-09-28-dsh-ui-packages.md:388	SubagentHeaderLineage.tsx	bare-unresolvable
docs/reports/survey-2026-09-28-dsh-ui-packages.md:388	projection-types.ts	bare-unresolvable
docs/reports/survey-2026-09-28-dsh-ui-packages.md:389	SubagentHeaderLineage.tsx	bare-unresolvable
docs/reports/survey-2026-09-28-dsh-ui-packages.md:389	README.zh.md	bare-unresolvable
docs/reports/survey-2026-09-28-dsh-ui-packages.md:406	SubagentHeaderLineage.tsx	bare-unresolvable
docs/reports/survey-2026-09-28-dsh-ui-packages.md:406	README.zh.md	bare-unresolvable
docs/reports/survey-2026-09-28-dsh-ui-packages.md:409	README.md	bare-ambiguous
docs/reports/survey-2026-09-28-dsh-ui-packages.md:416	three-named-uncovered-surfaces.md	bare-unresolvable
docs/reports/survey-2026-09-28-dsh-ui-packages.md:427	README.zh.md	bare-unresolvable
docs/reports/survey-2026-09-28-minimax-agent-modules.md:14	package.json	bare-only-design-frontend
docs/reports/survey-2026-09-28-minimax-agent-modules.md:53	step-view.ts	bare-unresolvable
docs/reports/survey-2026-09-28-minimax-agent-modules.md:53	signals.ts	bare-unresolvable
docs/reports/survey-2026-09-28-minimax-agent-modules.md:54	step-view.ts	bare-unresolvable
docs/reports/survey-2026-09-28-minimax-agent-modules.md:54	signals.ts	bare-unresolvable
docs/reports/survey-2026-09-28-minimax-agent-modules.md:55	step-view.ts	bare-unresolvable
docs/reports/survey-2026-09-28-minimax-agent-modules.md:56	signals.ts	bare-unresolvable
docs/reports/survey-2026-09-28-minimax-agent-modules.md:57	signals.ts	bare-unresolvable
docs/reports/survey-2026-09-28-minimax-agent-modules.md:57	step-view.ts	bare-unresolvable
docs/reports/survey-2026-09-28-minimax-agent-modules.md:58	signals.ts	bare-unresolvable
docs/reports/survey-2026-09-28-minimax-agent-modules.md:61	signals.ts	bare-unresolvable
docs/reports/survey-2026-09-28-minimax-agent-modules.md:62	guard.ts	bare-unresolvable
docs/reports/survey-2026-09-28-minimax-agent-modules.md:63	guard.ts	bare-unresolvable
docs/reports/survey-2026-09-28-minimax-agent-modules.md:63	contracts.ts	bare-unresolvable
docs/reports/survey-2026-09-28-minimax-agent-modules.md:65	contracts.ts	bare-unresolvable
docs/reports/survey-2026-09-28-minimax-agent-modules.md:68	reminder.ts	bare-unresolvable
docs/reports/survey-2026-09-28-minimax-agent-modules.md:75	contracts.ts	bare-unresolvable
docs/reports/survey-2026-09-28-minimax-agent-modules.md:76	reminder.ts	bare-unresolvable
docs/reports/survey-2026-09-28-minimax-agent-modules.md:77	contracts.ts	bare-unresolvable
docs/reports/survey-2026-09-28-minimax-agent-modules.md:77	runaway-guard.ts	bare-unresolvable
docs/reports/survey-2026-09-28-minimax-agent-modules.md:77	signals.ts	bare-unresolvable
docs/reports/survey-2026-09-28-minimax-agent-modules.md:78	runaway-guard.ts	bare-unresolvable
docs/reports/survey-2026-09-28-minimax-agent-modules.md:79	reminder.ts	bare-unresolvable
docs/reports/survey-2026-09-28-minimax-agent-modules.md:80	reminder.ts	bare-unresolvable
docs/reports/survey-2026-09-28-minimax-agent-modules.md:85	step-view.ts	bare-unresolvable
docs/reports/survey-2026-09-28-minimax-agent-modules.md:89	contracts.ts	bare-unresolvable
docs/reports/survey-2026-09-28-minimax-agent-modules.md:90	step-view.ts	bare-unresolvable
docs/reports/survey-2026-09-28-minimax-agent-modules.md:91	step-view.ts	bare-unresolvable
docs/reports/survey-2026-09-28-minimax-agent-modules.md:93	state.ts	bare-unresolvable
docs/reports/survey-2026-09-28-minimax-agent-modules.md:94	fingerprint.ts	bare-unresolvable
docs/reports/survey-2026-09-28-minimax-agent-modules.md:95	fingerprint.ts	bare-unresolvable
docs/reports/survey-2026-09-28-minimax-agent-modules.md:97	step-view.ts	bare-unresolvable
docs/reports/survey-2026-09-28-minimax-agent-modules.md:98	state.ts	bare-unresolvable
docs/reports/survey-2026-09-28-minimax-agent-modules.md:98	contracts.ts	bare-unresolvable
docs/reports/survey-2026-09-28-minimax-agent-modules.md:107	step-view.ts	bare-unresolvable
docs/reports/survey-2026-09-28-minimax-agent-modules.md:107	loop.go	bare-ambiguous
docs/reports/survey-2026-09-28-minimax-agent-modules.md:108	signals.ts	bare-unresolvable
docs/reports/survey-2026-09-28-minimax-agent-modules.md:109	step-view.ts	bare-unresolvable
docs/reports/survey-2026-09-28-minimax-agent-modules.md:110	contracts.ts	bare-unresolvable
docs/reports/survey-2026-09-28-minimax-agent-modules.md:110	step-view.ts	bare-unresolvable
docs/reports/survey-2026-09-28-minimax-agent-modules.md:111	tool-policy.ts	bare-unresolvable
docs/reports/survey-2026-09-28-minimax-agent-modules.md:111	contracts.ts	bare-unresolvable
docs/reports/survey-2026-09-28-minimax-agent-modules.md:113	schema.go	bare-ambiguous
docs/reports/survey-2026-09-28-minimax-agent-modules.md:115	replay.ts	bare-unresolvable
docs/reports/survey-2026-09-28-minimax-agent-modules.md:116	signals.ts	bare-unresolvable
docs/reports/survey-2026-09-28-minimax-agent-modules.md:116	loop.go	bare-ambiguous
docs/reports/survey-2026-09-28-minimax-agent-modules.md:121	guard.ts	bare-unresolvable
docs/reports/survey-2026-09-28-minimax-agent-modules.md:121	state.ts	bare-unresolvable
docs/reports/survey-2026-09-28-minimax-agent-modules.md:121	fingerprint.ts	bare-unresolvable
docs/reports/survey-2026-09-28-minimax-agent-modules.md:132	types.ts	bare-unresolvable
docs/reports/survey-2026-09-28-minimax-agent-modules.md:133	types.ts	bare-unresolvable
docs/reports/survey-2026-09-28-minimax-agent-modules.md:134	types.ts	bare-unresolvable
docs/reports/survey-2026-09-28-minimax-agent-modules.md:134	permission.json	bare-unresolvable
docs/reports/survey-2026-09-28-minimax-agent-modules.md:135	ask-policy.ts	bare-unresolvable
docs/reports/survey-2026-09-28-minimax-agent-modules.md:138	permission-core.ts	bare-unresolvable
docs/reports/survey-2026-09-28-minimax-agent-modules.md:142	permission-core.ts	bare-unresolvable
docs/reports/survey-2026-09-28-minimax-agent-modules.md:146	permission-core.ts	bare-unresolvable
docs/reports/survey-2026-09-28-minimax-agent-modules.md:154	engine.ts	bare-unresolvable
docs/reports/survey-2026-09-28-minimax-agent-modules.md:155	permission-core.ts	bare-unresolvable
docs/reports/survey-2026-09-28-minimax-agent-modules.md:164	context.ts	bare-unresolvable
docs/reports/survey-2026-09-28-minimax-agent-modules.md:177	engine.ts	bare-unresolvable
docs/reports/survey-2026-09-28-minimax-agent-modules.md:188	types.ts	bare-unresolvable
docs/reports/survey-2026-09-28-minimax-agent-modules.md:191	types.ts	bare-unresolvable
docs/reports/survey-2026-09-28-minimax-agent-modules.md:192	types.ts	bare-unresolvable
docs/reports/survey-2026-09-28-minimax-agent-modules.md:195	types.ts	bare-unresolvable
docs/reports/survey-2026-09-28-minimax-agent-modules.md:196	types.ts	bare-unresolvable
docs/reports/survey-2026-09-28-minimax-agent-modules.md:201	permission.json	bare-unresolvable
docs/reports/survey-2026-09-28-minimax-agent-modules.md:204	types.ts	bare-unresolvable
docs/reports/survey-2026-09-28-minimax-agent-modules.md:213	dangerous-patterns.ts	bare-unresolvable
docs/reports/survey-2026-09-28-minimax-agent-modules.md:239	types.ts	bare-unresolvable
docs/reports/survey-2026-09-28-minimax-agent-modules.md:240	permission-core.ts	bare-unresolvable
docs/reports/survey-2026-09-28-minimax-agent-modules.md:241	permission-core.ts	bare-unresolvable
docs/reports/survey-2026-09-28-minimax-agent-modules.md:243	reason-format.ts	bare-unresolvable
docs/reports/survey-2026-09-28-minimax-agent-modules.md:243	types.ts	bare-unresolvable
docs/reports/survey-2026-09-28-minimax-agent-modules.md:244	windows-trash-execution.ts	bare-unresolvable
docs/reports/survey-2026-09-28-minimax-agent-modules.md:249	mavis-trash.js	bare-unresolvable
docs/reports/survey-2026-09-28-minimax-agent-modules.md:250	windows-native-delete.ts	bare-unresolvable
docs/reports/survey-2026-09-28-minimax-agent-modules.md:250	fs-permission.ts	bare-unresolvable
docs/reports/survey-2026-09-28-minimax-agent-modules.md:255	reason-format.ts	bare-unresolvable
docs/reports/survey-2026-09-28-minimax-agent-modules.md:273	cloud-gateway.ts	bare-unresolvable
docs/reports/survey-2026-09-28-minimax-agent-modules.md:273	http-cloud-gateway-client.ts	bare-unresolvable
docs/reports/survey-2026-09-28-minimax-agent-modules.md:276	conversation-renderer.ts	bare-unresolvable
docs/reports/survey-2026-09-28-minimax-agent-modules.md:280	cloud-gateway.ts	bare-unresolvable
docs/reports/survey-2026-09-28-minimax-agent-modules.md:283	http-cloud-gateway-client.ts	bare-unresolvable
docs/reports/survey-2026-09-28-minimax-agent-modules.md:288	cloud-gateway.ts	bare-unresolvable
docs/reports/survey-2026-09-28-minimax-agent-modules.md:299	context.ts	bare-unresolvable
docs/reports/survey-2026-09-28-minimax-agent-modules.md:300	types.ts	bare-unresolvable
docs/reports/survey-2026-09-28-minimax-agent-modules.md:300	context.ts	bare-unresolvable
docs/reports/survey-2026-09-28-minimax-agent-modules.md:302	context.ts	bare-unresolvable
docs/reports/survey-2026-09-28-minimax-agent-modules.md:307	engine.ts	bare-unresolvable
docs/reports/survey-2026-09-28-minimax-agent-modules.md:308	engine.ts	bare-unresolvable
docs/reports/survey-2026-09-28-minimax-agent-modules.md:309	permission-core.ts	bare-unresolvable
docs/reports/survey-2026-09-28-minimax-agent-modules.md:312	permission-core.ts	bare-unresolvable
docs/reports/survey-2026-09-28-minimax-agent-modules.md:325	session.mod	bare-unresolvable
docs/reports/survey-2026-09-28-minimax-agent-modules.md:325	types.ts	bare-unresolvable
docs/reports/survey-2026-09-28-minimax-agent-modules.md:326	registry.ts	bare-unresolvable
docs/reports/survey-2026-09-28-minimax-agent-modules.md:327	registry.ts	bare-unresolvable
docs/reports/survey-2026-09-28-minimax-agent-modules.md:328	registry.ts	bare-unresolvable
docs/reports/survey-2026-09-28-minimax-agent-modules.md:329	registry.ts	bare-unresolvable
docs/reports/survey-2026-09-28-minimax-agent-modules.md:329	types.ts	bare-unresolvable
docs/reports/survey-2026-09-28-minimax-agent-modules.md:330	registry.ts	bare-unresolvable
docs/reports/survey-2026-09-28-minimax-agent-modules.md:330	types.ts	bare-unresolvable
docs/reports/survey-2026-09-28-minimax-agent-modules.md:330	executor.ts	bare-unresolvable
docs/reports/survey-2026-09-28-minimax-agent-modules.md:331	busy-queue.ts	bare-unresolvable
docs/reports/survey-2026-09-28-minimax-agent-modules.md:331	executor.ts	bare-unresolvable
docs/reports/survey-2026-09-28-minimax-agent-modules.md:332	executor.ts	bare-unresolvable
docs/reports/survey-2026-09-28-minimax-agent-modules.md:333	types.ts	bare-unresolvable
docs/reports/survey-2026-09-28-minimax-agent-modules.md:333	report-delivery.ts	bare-unresolvable
docs/reports/survey-2026-09-28-minimax-agent-modules.md:334	retired-cleanup.ts	bare-unresolvable
docs/reports/survey-2026-09-28-minimax-agent-modules.md:338	builtin-defs.ts	bare-unresolvable
docs/reports/survey-2026-09-28-minimax-agent-modules.md:339	types.ts	bare-unresolvable
docs/reports/survey-2026-09-28-minimax-agent-modules.md:339	executor.ts	bare-unresolvable
docs/reports/survey-2026-09-28-minimax-agent-modules.md:347	types.ts	bare-unresolvable
docs/reports/survey-2026-09-28-minimax-agent-modules.md:348	types.ts	bare-unresolvable
docs/reports/survey-2026-09-28-minimax-agent-modules.md:350	startup-recovery.ts	bare-unresolvable
docs/reports/survey-2026-09-28-minimax-agent-modules.md:351	types.ts	bare-unresolvable
docs/reports/survey-2026-09-28-minimax-agent-modules.md:352	manager.ts	bare-unresolvable
docs/reports/survey-2026-09-28-minimax-agent-modules.md:353	types.ts	bare-unresolvable
docs/reports/survey-2026-09-28-minimax-agent-modules.md:354	manager.ts	bare-unresolvable
docs/reports/survey-2026-09-28-minimax-agent-modules.md:354	types.ts	bare-unresolvable
docs/reports/survey-2026-09-28-minimax-agent-modules.md:355	in-memory-store.ts	bare-unresolvable
docs/reports/survey-2026-09-28-minimax-agent-modules.md:355	in-memory-output-store.ts	bare-unresolvable
docs/reports/survey-2026-09-28-minimax-agent-modules.md:355	schema.ts	bare-unresolvable
docs/reports/survey-2026-09-28-minimax-agent-modules.md:356	types.ts	bare-unresolvable
docs/reports/survey-2026-09-28-minimax-agent-modules.md:363	subagent_197.go	bare-ambiguous
docs/reports/survey-2026-09-28-minimax-agent-modules.md:364	task.go	bare-ambiguous
docs/reports/survey-2026-09-28-minimax-agent-modules.md:368	dangerous-patterns.ts	bare-unresolvable
docs/reports/survey-2026-09-28-minimax-agent-modules.md:381	package.json	bare-only-design-frontend
docs/reports/survey-2026-09-28-minimax-agent-modules.md:399	session-report-collection.json	bare-unresolvable
docs/reports/survey-2026-09-28-minimax-agent-modules.md:399	session-report-service.ts	bare-unresolvable
docs/reports/survey-2026-09-28-minimax-agent-modules.md:400	history-catalog.json	bare-unresolvable
docs/reports/survey-2026-09-28-minimax-agent-modules.md:401	contracts.ts	bare-unresolvable
docs/reports/survey-2026-09-28-minimax-agent-modules.md:401	llm-call-report-store.ts	bare-unresolvable
docs/reports/survey-2026-09-28-minimax-agent-modules.md:425	cronName>.sessions.json	placeholder
docs/reports/survey-2026-09-28-minimax-agent-modules.md:442	types.ts	bare-unresolvable
docs/reports/survey-2026-09-28-minimax-agent-modules.md:443	types.ts	bare-unresolvable
docs/reports/survey-2026-09-28-minimax-agent-modules.md:443	evolution.ts	bare-unresolvable
docs/reports/survey-2026-09-28-minimax-agent-modules.md:444	blocks.ts	bare-unresolvable
docs/reports/survey-2026-09-28-minimax-agent-modules.md:445	types.ts	bare-unresolvable
docs/reports/survey-2026-09-28-minimax-agent-modules.md:446	types.ts	bare-unresolvable
docs/reports/survey-2026-09-28-minimax-agent-modules.md:457	provider-budget.ts	bare-unresolvable
docs/reports/survey-2026-09-28-minimax-agent-modules.md:459	token-estimator.ts	bare-unresolvable
docs/reports/survey-2026-09-28-minimax-agent-modules.md:463	types.ts	bare-unresolvable
docs/reports/survey-2026-09-28-minimax-agent-modules.md:464	types.ts	bare-unresolvable
docs/reports/survey-2026-09-28-minimax-agent-modules.md:465	types.ts	bare-unresolvable
docs/reports/survey-2026-09-28-minimax-agent-modules.md:466	types.ts	bare-unresolvable
docs/reports/survey-2026-09-28-minimax-agent-modules.md:471	index.ts	bare-unresolvable
docs/reports/survey-2026-09-28-minimax-agent-modules.md:471	process-local.ts	bare-unresolvable
docs/reports/survey-2026-09-28-minimax-agent-modules.md:472	process-local.ts	bare-unresolvable
docs/reports/survey-2026-09-28-minimax-agent-modules.md:473	process-local.ts	bare-unresolvable
docs/reports/survey-2026-09-28-minimax-agent-modules.md:485	index.ts	bare-unresolvable
docs/reports/survey-2026-09-28-minimax-agent-modules.md:513	ConversationRunLocation.mod	bare-unresolvable
docs/reports/survey-2026-09-28-minimax-agent-modules.md:521	loop.go	bare-ambiguous
docs/reports/survey-2026-09-28-minimax-agent-modules.md:525	token-estimator.ts	bare-unresolvable
docs/reports/survey-2026-09-28-minimax-agent-modules.md:549	contracts.ts	bare-unresolvable
docs/reports/survey-2026-09-28-minimax-agent-modules.md:557	runner.ts	bare-unresolvable
docs/reports/survey-2026-09-28-minimax-agent-modules.md:573	index.ts	bare-unresolvable
docs/reports/survey-2026-09-28-minimax-agent-modules.md:573	parser.ts	bare-unresolvable
docs/reports/survey-2026-09-28-minimax-agent-modules.md:577	contracts.ts	bare-unresolvable
docs/reports/survey-2026-09-28-minimax-agent-modules.md:588	index.ts	bare-unresolvable
docs/reports/survey-2026-09-28-minimax-agent-modules.md:591	runner.ts	bare-unresolvable
docs/reports/survey-2026-09-28-minimax-agent-modules.md:599	contracts.ts	bare-unresolvable
docs/reports/survey-2026-09-28-minimax-agent-modules.md:603	index.ts	bare-unresolvable
docs/reports/survey-2026-09-28-minimax-agent-modules.md:605	output-artifacts.ts	bare-unresolvable
docs/reports/survey-2026-09-28-minimax-agent-modules.md:607	index.ts	bare-unresolvable
docs/reports/survey-2026-09-28-minimax-agent-modules.md:609	coordinator.ts	bare-unresolvable
docs/reports/survey-2026-09-28-minimax-agent-modules.md:609	runner.ts	bare-unresolvable
docs/reports/survey-2026-09-28-minimax-agent-modules.md:619	index.ts	bare-unresolvable
docs/reports/survey-2026-09-28-minimax-agent-modules.md:619	directory-watcher.ts	bare-unresolvable
docs/reports/survey-2026-09-28-minimax-agent-modules.md:619	types.ts	bare-unresolvable
docs/reports/survey-2026-09-28-minimax-agent-modules.md:619	registry.ts	bare-unresolvable
docs/reports/survey-2026-09-28-minimax-agent-modules.md:632	registry.ts	bare-unresolvable
docs/reports/survey-2026-09-28-minimax-agent-modules.md:634	types.ts	bare-unresolvable
docs/reports/survey-2026-09-28-minimax-agent-modules.md:635	registry.ts	bare-unresolvable
docs/reports/survey-2026-09-28-minimax-agent-modules.md:637	types.ts	bare-unresolvable
docs/reports/survey-2026-09-28-minimax-agent-modules.md:637	store-port.ts	bare-unresolvable
docs/reports/survey-2026-09-28-minimax-agent-modules.md:637	tool-impls.ts	bare-unresolvable
docs/reports/survey-2026-09-28-minimax-agent-modules.md:639	objective-digest.ts	bare-unresolvable
docs/reports/survey-2026-09-28-minimax-agent-modules.md:640	types.ts	bare-unresolvable
docs/reports/survey-2026-09-28-minimax-agent-modules.md:640	store-port.ts	bare-unresolvable
docs/reports/survey-2026-09-28-minimax-agent-modules.md:643	store-port.ts	bare-unresolvable
docs/reports/survey-2026-09-28-minimax-agent-modules.md:644	continuation.ts	bare-unresolvable
docs/reports/survey-2026-09-28-minimax-agent-modules.md:652	reply-fingerprint.ts	bare-unresolvable
docs/reports/survey-2026-09-28-minimax-agent-modules.md:657	name-registry.ts	bare-unresolvable
docs/reports/survey-2026-09-28-minimax-agent-modules.md:673	tool-name.ts	bare-unresolvable
docs/reports/survey-2026-09-28-minimax-agent-modules.md:675	connection-pool.ts	bare-unresolvable
docs/reports/survey-2026-09-28-minimax-agent-modules.md:690	signals.ts	bare-unresolvable
docs/reports/survey-2026-09-28-minimax-agent-modules.md:690	step-view.ts	bare-unresolvable
docs/reports/survey-2026-09-28-minimax-agent-modules.md:692	startup-recovery.ts	bare-unresolvable
docs/reports/survey-2026-09-28-minimax-agent-modules.md:696	permission-core.ts	bare-unresolvable
docs/reports/survey-2026-09-28-minimax-agent-modules.md:697	reason-format.ts	bare-unresolvable
docs/reports/survey-2026-09-28-minimax-agent-modules.md:711	process-local.ts	bare-unresolvable
docs/reports/survey-2026-09-28-minimax-agent-modules.md:711	index.ts	bare-unresolvable
docs/reports/survey-2026-09-28-minimax-agent-modules.md:712	host-utils.ts	bare-unresolvable
docs/reports/survey-2026-09-28-minimax-agent-modules.md:712	execution-plan.ts	bare-unresolvable
docs/reports/survey-2026-09-28-minimax-agent-modules.md:712	bash-fast-allow.ts	bare-unresolvable
docs/reports/survey-2026-09-28-minimax-agent-modules.md:712	bash-safe-first-words.ts	bare-unresolvable
docs/reports/survey-2026-09-28-minimax-agent-modules.md:712	shell-tokenize.ts	bare-unresolvable
docs/reports/survey-2026-09-28-minimax-agent-modules.md:712	fs-checker.ts	bare-unresolvable
docs/reports/survey-2026-09-28-minimax-agent-modules.md:712	windows-native-delete.ts	bare-unresolvable
docs/reports/survey-2026-09-28-minimax-agent-modules.md:712	written-files-registry.ts	bare-unresolvable
docs/reports/survey-2026-09-28-minimax-agent-modules.md:712	path-resolver.ts	bare-unresolvable
docs/reports/survey-2026-09-28-minimax-agent-modules.md:712	effective-input.ts	bare-unresolvable
docs/reports/survey-2026-09-28-minimax-agent-modules.md:712	legacy-permission-adapter.ts	bare-unresolvable
docs/reports/survey-2026-09-28-minimax-agent-modules.md:712	locale-detect.ts	bare-unresolvable
docs/reports/survey-2026-09-28-minimax-agent-modules.md:712	permission-request-store.ts	bare-unresolvable
docs/reports/survey-2026-09-28-minimax-agent-modules.md:712	mcp-runtime-name.ts	bare-unresolvable
docs/reports/survey-2026-09-28-minimax-agent-modules.md:712	in-memory-cloud-gateway-client.ts	bare-unresolvable
docs/reports/survey-2026-09-28-minimax-agent-modules.md:712	index.ts	bare-unresolvable
docs/reports/survey-2026-09-28-minimax-agent-modules.md:713	types.ts	bare-unresolvable
docs/reports/survey-2026-09-28-minimax-agent-modules.md:713	registry.ts	bare-unresolvable
docs/reports/survey-2026-09-28-minimax-agent-modules.md:713	executor.ts	bare-unresolvable
docs/reports/survey-2026-09-28-minimax-agent-modules.md:713	busy-queue.ts	bare-unresolvable
docs/reports/survey-2026-09-28-minimax-agent-modules.md:713	active-hours.ts	bare-unresolvable
docs/reports/survey-2026-09-28-minimax-agent-modules.md:713	host-ports.ts	bare-unresolvable
docs/reports/survey-2026-09-28-minimax-agent-modules.md:713	host-utils.ts	bare-unresolvable
docs/reports/survey-2026-09-28-minimax-agent-modules.md:713	report-delivery.ts	bare-unresolvable
docs/reports/survey-2026-09-28-minimax-agent-modules.md:713	retired-cleanup.ts	bare-unresolvable
docs/reports/survey-2026-09-28-minimax-agent-modules.md:714	types.ts	bare-unresolvable
docs/reports/survey-2026-09-28-minimax-agent-modules.md:714	manager.ts	bare-unresolvable
docs/reports/survey-2026-09-28-minimax-agent-modules.md:714	in-memory-store.ts	bare-unresolvable
docs/reports/survey-2026-09-28-minimax-agent-modules.md:714	in-memory-output-store.ts	bare-unresolvable
docs/reports/survey-2026-09-28-minimax-agent-modules.md:714	errors.ts	bare-unresolvable
docs/reports/survey-2026-09-28-minimax-agent-modules.md:714	status.ts	bare-unresolvable
docs/reports/survey-2026-09-28-minimax-agent-modules.md:714	index.ts	bare-unresolvable
docs/reports/survey-2026-09-28-minimax-agent-modules.md:714	id.ts	bare-unresolvable
docs/reports/survey-2026-09-28-minimax-agent-modules.md:715	registry.ts	bare-unresolvable
docs/reports/survey-2026-09-28-minimax-agent-modules.md:715	types.ts	bare-unresolvable
docs/reports/survey-2026-09-28-minimax-agent-modules.md:715	evolution.ts	bare-unresolvable
docs/reports/survey-2026-09-28-minimax-agent-modules.md:715	blocks.ts	bare-unresolvable
docs/reports/survey-2026-09-28-minimax-agent-modules.md:715	providers.ts	bare-unresolvable
docs/reports/survey-2026-09-28-minimax-agent-modules.md:715	service.ts	bare-unresolvable
docs/reports/survey-2026-09-28-minimax-agent-modules.md:715	dependencies.ts	bare-unresolvable
docs/reports/survey-2026-09-28-minimax-agent-modules.md:715	plugin-reference.ts	bare-unresolvable
docs/reports/survey-2026-09-28-minimax-agent-modules.md:715	todo-state.ts	bare-unresolvable
docs/reports/survey-2026-09-28-minimax-agent-modules.md:715	collaborators.ts	bare-unresolvable
docs/reports/survey-2026-09-28-minimax-agent-modules.md:715	mcode-tools-master-reminder.ts	bare-unresolvable
docs/reports/survey-2026-09-28-minimax-agent-modules.md:715	index.ts	bare-unresolvable
docs/reports/survey-2026-09-28-minimax-agent-modules.md:716	contracts.ts	bare-unresolvable
docs/reports/survey-2026-09-28-minimax-agent-modules.md:716	runner.ts	bare-unresolvable
docs/reports/survey-2026-09-28-minimax-agent-modules.md:716	index.ts	bare-unresolvable
docs/reports/survey-2026-09-28-minimax-agent-modules.md:716	coordinator.ts	bare-unresolvable
docs/reports/survey-2026-09-28-minimax-agent-modules.md:716	parser.ts	bare-unresolvable
docs/reports/survey-2026-09-28-minimax-agent-modules.md:716	wire-tool-adapter.ts	bare-unresolvable
docs/reports/survey-2026-09-28-minimax-agent-modules.md:716	output-artifacts.ts	bare-unresolvable
docs/reports/survey-2026-09-28-minimax-agent-modules.md:716	command-invocation.ts	bare-unresolvable
docs/reports/survey-2026-09-28-minimax-agent-modules.md:716	effort.ts	bare-unresolvable
docs/reports/survey-2026-09-28-minimax-agent-modules.md:717	types.ts	bare-unresolvable
docs/reports/survey-2026-09-28-minimax-agent-modules.md:717	settings.ts	bare-unresolvable
docs/reports/survey-2026-09-28-minimax-agent-modules.md:717	provider-budget.ts	bare-unresolvable
docs/reports/survey-2026-09-28-minimax-agent-modules.md:717	token-estimator.ts	bare-unresolvable
docs/reports/survey-2026-09-28-minimax-agent-modules.md:717	manager.ts	bare-unresolvable
docs/reports/survey-2026-09-28-minimax-agent-modules.md:717	count-tokens-body.ts	bare-unresolvable
docs/reports/survey-2026-09-28-minimax-agent-modules.md:717	context-usage-estimator.ts	bare-unresolvable
docs/reports/survey-2026-09-28-minimax-agent-modules.md:717	index.ts	bare-unresolvable
docs/reports/survey-2026-09-28-minimax-agent-modules.md:718	continuation.ts	bare-unresolvable
docs/reports/survey-2026-09-28-minimax-agent-modules.md:718	objective-digest.ts	bare-unresolvable
docs/reports/survey-2026-09-28-minimax-agent-modules.md:718	reply-fingerprint.ts	bare-unresolvable
docs/reports/survey-2026-09-28-minimax-agent-modules.md:718	store-port.ts	bare-unresolvable
docs/reports/survey-2026-09-28-minimax-agent-modules.md:718	types.ts	bare-unresolvable
docs/reports/survey-2026-09-28-minimax-agent-modules.md:718	name-registry.ts	bare-unresolvable
docs/reports/survey-2026-09-28-minimax-agent-modules.md:718	tool-name.ts	bare-unresolvable
docs/reports/survey-2026-09-28-minimax-agent-modules.md:718	index.ts	bare-unresolvable
docs/reports/survey-2026-09-28-minimax-agent-modules.md:718	connection-pool.ts	bare-unresolvable
docs/reports/survey-2026-09-28-minimax-agent-modules.md:718	registry.ts	bare-unresolvable
docs/reports/survey-2026-09-28-minimax-agent-modules.md:724	extension.ts	bare-unresolvable
docs/reports/survey-2026-09-28-minimax-agent-modules.md:724	tool-policy.ts	bare-unresolvable
docs/reports/survey-2026-09-28-minimax-agent-modules.md:724	observation.ts	bare-unresolvable
docs/reports/survey-2026-09-28-minimax-agent-modules.md:729	startup-recovery.ts	bare-unresolvable
docs/reports/survey-2026-09-28-minimax-agent-modules.md:729	schema.ts	bare-unresolvable
docs/reports/survey-2026-09-28-minimax-agent-modules.md:730	events.ts	bare-unresolvable
docs/reports/survey-2026-09-28-minimax-agent-modules.md:730	types.ts	bare-unresolvable
docs/reports/survey-2026-09-28-minimax-agent-modules.md:732	service.ts	bare-unresolvable
docs/reports/survey-2026-09-28-minimax-agent-modules.md:732	delivery.ts	bare-unresolvable
docs/reports/survey-2026-09-28-minimax-agent-modules.md:733	terminal.ts	bare-unresolvable
docs/reports/survey-2026-09-28-minimax-agent-modules.md:733	checkpoint-snapshot.ts	bare-unresolvable
docs/reports/survey-2026-09-28-minimax-agent-modules.md:733	bash-runner.ts	bare-unresolvable
docs/reports/survey-2026-09-28-minimax-agent-modules.md:733	runner.ts	bare-unresolvable
docs/reports/survey-2026-09-28-minimax-agent-modules.md:733	conversation-delivery.ts	bare-unresolvable
docs/reports/survey-2026-09-28-minimax-agent-modules.md:767	daily-digest.ts	bare-unresolvable
docs/reports/survey-2026-09-28-minimax-agent-modules.md:779	permission-core.ts	bare-unresolvable
docs/reports/survey-2026-09-28-minimax-agent-modules.md:787	manager.ts	bare-unresolvable
docs/reports/survey-2026-09-28-minimax-agent-modules.md:796	loop.go	bare-ambiguous
docs/reports/survey-2026-09-28-oc-mobile-vscode-extensions.md:11	.ts/.tsx	stemless
docs/reports/survey-2026-09-28-oc-mobile-vscode-extensions.md:11	capacitor.config.ts	bare-unresolvable
docs/reports/survey-2026-09-28-oc-mobile-vscode-extensions.md:15	README.md	bare-ambiguous
docs/reports/survey-2026-09-28-oc-mobile-vscode-extensions.md:15	DOCUMENTATION.md	bare-unresolvable
docs/reports/survey-2026-09-28-oc-mobile-vscode-extensions.md:15	registry.json	bare-unresolvable
docs/reports/survey-2026-09-28-oc-mobile-vscode-extensions.md:18	README.md	bare-ambiguous
docs/reports/survey-2026-09-28-oc-mobile-vscode-extensions.md:18	gitService.ts	bare-unresolvable
docs/reports/survey-2026-09-28-oc-mobile-vscode-extensions.md:18	opencodeConfig.ts	bare-unresolvable
docs/reports/survey-2026-09-28-oc-mobile-vscode-extensions.md:29	HANDOFF.md	bare-unresolvable
docs/reports/survey-2026-09-28-oc-mobile-vscode-extensions.md:30	mobileConnections.ts	bare-unresolvable
docs/reports/survey-2026-09-28-oc-mobile-vscode-extensions.md:31	HANDOFF.md	bare-unresolvable
docs/reports/survey-2026-09-28-oc-mobile-vscode-extensions.md:34	InlineCommentThreads.ts	bare-unresolvable
docs/reports/survey-2026-09-28-oc-mobile-vscode-extensions.md:35	package.json	bare-only-design-frontend
docs/reports/survey-2026-09-28-oc-mobile-vscode-extensions.md:37	quotaProviders.ts	bare-unresolvable
docs/reports/survey-2026-09-28-oc-mobile-vscode-extensions.md:38	bridge-system-runtime.ts	bare-unresolvable
docs/reports/survey-2026-09-28-oc-mobile-vscode-extensions.md:38	sseProxy.ts	bare-unresolvable
docs/reports/survey-2026-09-28-oc-mobile-vscode-extensions.md:39	extension.ts	bare-unresolvable
docs/reports/survey-2026-09-28-oc-mobile-vscode-extensions.md:40	bridge-system-runtime.ts	bare-unresolvable
docs/reports/survey-2026-09-28-oc-mobile-vscode-extensions.md:45	DOCUMENTATION.md	bare-unresolvable
docs/reports/survey-2026-09-28-oc-mobile-vscode-extensions.md:46	APNS.md	bare-unresolvable
docs/reports/survey-2026-09-28-oc-mobile-vscode-extensions.md:46	deepLinks.ts	bare-unresolvable
docs/reports/survey-2026-09-28-oc-mobile-vscode-extensions.md:46	deepLinkNavigation.ts	bare-unresolvable
docs/reports/survey-2026-09-28-oc-mobile-vscode-extensions.md:47	MobileApp.tsx	bare-unresolvable
docs/reports/survey-2026-09-28-oc-mobile-vscode-extensions.md:47	PermissionDock.tsx	bare-unresolvable
docs/reports/survey-2026-09-28-oc-mobile-vscode-extensions.md:49	HANDOFF.md	bare-unresolvable
docs/reports/survey-2026-09-28-oc-mobile-vscode-extensions.md:49	DOCUMENTATION.md	bare-unresolvable
docs/reports/survey-2026-09-28-oc-mobile-vscode-extensions.md:49	capacitor.config.ts	bare-unresolvable
docs/reports/survey-2026-09-28-oc-mobile-vscode-extensions.md:49	APNS.md	bare-unresolvable
docs/reports/survey-2026-09-28-oc-mobile-vscode-extensions.md:51	APNS.md	bare-unresolvable
docs/reports/survey-2026-09-28-oc-mobile-vscode-extensions.md:56	dictation-client.ts	bare-unresolvable
docs/reports/survey-2026-09-28-oc-mobile-vscode-extensions.md:59	useLocalTTS.ts	bare-unresolvable
docs/reports/survey-2026-09-28-oc-mobile-vscode-extensions.md:59	MessageBody.tsx	bare-unresolvable
docs/reports/survey-2026-09-28-oc-mobile-vscode-extensions.md:61	useDictationOrigin.ts	bare-unresolvable
docs/reports/survey-2026-09-28-oc-mobile-vscode-extensions.md:61	ComposerDictation.tsx	bare-unresolvable
docs/reports/survey-2026-09-28-oc-mobile-vscode-extensions.md:65	capacitor.config.ts	bare-unresolvable
docs/reports/survey-2026-09-28-oc-mobile-vscode-extensions.md:65	mobileNativeChrome.ts	bare-unresolvable
docs/reports/survey-2026-09-28-oc-mobile-vscode-extensions.md:66	mobileNativeChrome.ts	bare-unresolvable
docs/reports/survey-2026-09-28-oc-mobile-vscode-extensions.md:72	bridge-system-runtime.ts	bare-unresolvable
docs/reports/survey-2026-09-28-oc-mobile-vscode-extensions.md:72	ChatViewProvider.ts	bare-unresolvable
docs/reports/survey-2026-09-28-oc-mobile-vscode-extensions.md:73	bridge-system-runtime.ts	bare-unresolvable
docs/reports/survey-2026-09-28-oc-mobile-vscode-extensions.md:74	bridge-permission-auto-accept-runtime.ts	bare-unresolvable
docs/reports/survey-2026-09-28-oc-mobile-vscode-extensions.md:75	quotaProviders.ts	bare-unresolvable
docs/reports/survey-2026-09-28-oc-mobile-vscode-extensions.md:78	MobileHeader.tsx	bare-unresolvable
docs/reports/survey-2026-09-28-oc-mobile-vscode-extensions.md:78	MobileSessionMetadata.tsx	bare-unresolvable
docs/reports/survey-2026-09-28-oc-mobile-vscode-extensions.md:85	APNS.md	bare-unresolvable
docs/reports/survey-2026-09-28-oc-mobile-vscode-extensions.md:85	mobileWidgetSnapshot.ts	bare-unresolvable
docs/reports/survey-2026-09-28-oc-mobile-vscode-extensions.md:86	sessionActivityWatcher.ts	bare-unresolvable
docs/reports/survey-2026-09-28-oc-mobile-vscode-extensions.md:97	APNS.md	bare-unresolvable
docs/reports/survey-2026-09-28-oc-mobile-vscode-extensions.md:98	HANDOFF.md	bare-unresolvable
docs/reports/survey-2026-09-28-oc-mobile-vscode-extensions.md:98	APNS.md	bare-unresolvable
docs/reports/survey-2026-09-28-oc-mobile-vscode-extensions.md:99	APNS.md	bare-unresolvable
docs/reports/survey-2026-09-28-oc-mobile-vscode-extensions.md:100	mobileWidgetSnapshot.ts	bare-unresolvable
docs/reports/survey-2026-09-28-oc-mobile-vscode-extensions.md:101	deepLinks.ts	bare-unresolvable
docs/reports/survey-2026-09-28-oc-mobile-vscode-extensions.md:101	deepLinkNavigation.ts	bare-unresolvable
docs/reports/survey-2026-09-28-oc-mobile-vscode-extensions.md:102	HANDOFF.md	bare-unresolvable
docs/reports/survey-2026-09-28-oc-mobile-vscode-extensions.md:103	mobileConnections.ts	bare-unresolvable
docs/reports/survey-2026-09-28-oc-mobile-vscode-extensions.md:103	package.json	bare-only-design-frontend
docs/reports/survey-2026-09-28-oc-mobile-vscode-extensions.md:105	use-dictation-audio-source.ts	bare-unresolvable
docs/reports/survey-2026-09-28-oc-mobile-vscode-extensions.md:105	doc.go	bare-ambiguous
docs/reports/survey-2026-09-28-oc-mobile-vscode-extensions.md:107	InlineCommentThreads.ts	bare-unresolvable
docs/reports/survey-2026-09-28-oc-mobile-vscode-extensions.md:108	bridge-permission-auto-accept-runtime.ts	bare-unresolvable
docs/reports/survey-2026-09-28-oc-mobile-vscode-extensions.md:109	quotaProviders.ts	bare-unresolvable
docs/reports/survey-2026-09-28-oc-mobile-vscode-extensions.md:111	powershell.exe	bare-unresolvable
docs/reports/survey-2026-09-28-oc-mobile-vscode-extensions.md:111	opencode.ts	bare-unresolvable
docs/reports/survey-2026-09-28-oc-mobile-vscode-extensions.md:112	sessionActivityWatcher.ts	bare-unresolvable
docs/reports/survey-2026-09-28-oc-mobile-vscode-extensions.md:112	sseProxy.ts	bare-unresolvable
docs/reports/survey-2026-09-28-oc-mobile-vscode-extensions.md:114	registry.json	bare-unresolvable
docs/reports/survey-2026-09-28-oc-mobile-vscode-extensions.md:114	DOCUMENTATION.md	bare-unresolvable
docs/reports/survey-2026-09-28-oc-mobile-vscode-extensions.md:116	HANDOFF.md	bare-unresolvable
docs/reports/survey-2026-09-28-oc-mobile-vscode-extensions.md:116	APNS.md	bare-unresolvable
docs/reports/survey-2026-09-28-oc-mobile-vscode-extensions.md:120	registry.json	bare-unresolvable
docs/reports/survey-2026-09-28-oc-mobile-vscode-extensions.md:120	README.md	bare-ambiguous
docs/reports/survey-2026-09-28-oc-mobile-vscode-extensions.md:120	builtins.js	bare-unresolvable
docs/reports/survey-2026-09-28-oc-mobile-vscode-extensions.md:120	catalog.js	bare-unresolvable
docs/reports/survey-2026-09-28-oc-mobile-vscode-extensions.md:120	DOCUMENTATION.md	bare-unresolvable
docs/reports/survey-2026-09-28-oc-mobile-vscode-extensions.md:126	bridge.ts/extension.ts	multi-ext
docs/reports/survey-2026-09-28-oc-mobile-vscode-extensions.md:126	package.json	bare-only-design-frontend
docs/reports/survey-2026-09-28-oc-mobile-vscode-extensions.md:126	gitService.ts	bare-unresolvable
docs/reports/survey-2026-09-28-oc-mobile-vscode-extensions.md:126	opencodeConfig.ts	bare-unresolvable
docs/reports/survey-2026-09-28-oc-mobile-vscode-extensions.md:126	SessionEditorPanelProvider.ts	bare-unresolvable
docs/reports/survey-2026-09-28-oc-mobile-vscode-extensions.md:126	webviewHtml.ts	bare-unresolvable
docs/reports/survey-2026-09-28-oc-mobile-vscode-extensions.md:126	.test.ts	bare-unresolvable
docs/reports/survey-2026-09-28-oc-mobile-vscode-extensions.md:127	MobileApp.tsx	bare-unresolvable
docs/reports/survey-2026-09-28-oc-mobile-vscode-extensions.md:127	/mobileConnections.ts	root-ambiguous
docs/reports/survey-2026-09-28-oc-mobile-vscode-extensions.md:127	/mobileNativeChrome.ts	root-ambiguous
docs/reports/survey-2026-09-28-oc-mobile-vscode-extensions.md:127	/deepLinkNavigation.ts	root-ambiguous
docs/reports/survey-2026-09-28-oc-mobile-vscode-extensions.md:128	DOCUMENTATION.md	bare-unresolvable
docs/reports/survey-2026-09-28-oc-mobile-vscode-extensions.md:128	APNS.md	bare-unresolvable
docs/reports/survey-2026-09-28-oc-mobile-vscode-extensions.md:132	ChatInput.tsx	bare-unresolvable
docs/reports/survey-2026-09-28-oc-mobile-vscode-extensions.md:135	gitService.ts	bare-unresolvable
docs/reports/survey-2026-09-28-oc-mobile-vscode-extensions.md:135	opencodeConfig.ts	bare-unresolvable
docs/reports/survey-2026-09-28-oc-mobile-vscode-extensions.md:135	SessionEditorPanelProvider.ts	bare-unresolvable
docs/reports/survey-2026-09-28-oc-mobile-vscode-extensions.md:135	webviewHtml.ts	bare-unresolvable
docs/reports/survey-2026-09-28-oc-mobile-vscode-extensions.md:136	APNS.md	bare-unresolvable
docs/reports/survey-2026-09-28-oc-mobile-vscode-extensions.md:136	0002_push_tokens.sql	bare-unresolvable
docs/reports/survey-2026-09-28-oc-mobile-vscode-extensions.md:137	HANDOFF.md	bare-unresolvable
docs/reports/survey-2026-09-28-oc-mobile-vscode-extensions.md:138	push-runtime.js	bare-unresolvable
docs/reports/survey-2026-09-28-oc-mobile-vscode-extensions.md:143	APNS.md	bare-unresolvable
docs/reports/survey-2026-09-28-oc-mobile-vscode-extensions.md:144	.test.js	bare-unresolvable
docs/reports/survey-2026-09-28-oc-mobile-vscode-extensions.md:145	registry.json	bare-unresolvable
docs/reports/survey-2026-09-28-oc-mobile-vscode-extensions.md:145	DOCUMENTATION.md	bare-unresolvable
docs/reports/survey-2026-09-28-oc-mobile-vscode-extensions.md:147	APNS.md	bare-unresolvable
docs/reports/survey-2026-09-28-oc-mobile-vscode-extensions.md:147	HANDOFF.md	bare-unresolvable
docs/reports/survey-2026-09-28-oc-mobile-vscode-extensions.md:147	google-services.json	bare-unresolvable
docs/reports/survey-2026-09-28-oc-mobile-vscode-extensions.md:148	package.json	bare-only-design-frontend
docs/reports/survey-2026-09-29-command-catalog-across-harnesses.md:17	pi.js	bare-unresolvable
docs/reports/survey-2026-09-29-command-catalog-across-harnesses.md:17	vllm_manager.py	bare-unresolvable
docs/reports/survey-2026-09-29-command-catalog-across-harnesses.md:17	pod_setup.sh	bare-unresolvable
docs/reports/survey-2026-09-29-command-catalog-across-harnesses.md:17	README.md	bare-ambiguous
docs/reports/survey-2026-09-29-command-catalog-across-harnesses.md:23	slashCommands.ts	bare-unresolvable
docs/reports/survey-2026-09-29-command-catalog-across-harnesses.md:35	types.ts	bare-unresolvable
docs/reports/survey-2026-09-29-command-catalog-across-harnesses.md:35	interactive-mode.ts	bare-unresolvable
docs/reports/survey-2026-09-29-command-catalog-across-harnesses.md:35	input-dispatch.ts	bare-unresolvable
docs/reports/survey-2026-09-29-command-catalog-across-harnesses.md:35	client.ts	bare-unresolvable
docs/reports/survey-2026-09-29-command-catalog-across-harnesses.md:35	en.ts	bare-unresolvable
docs/reports/survey-2026-09-29-command-catalog-across-harnesses.md:36	step-plan.ts	bare-unresolvable
docs/reports/survey-2026-09-29-command-catalog-across-harnesses.md:37	config.toml	bare-unresolvable
docs/reports/survey-2026-09-29-command-catalog-across-harnesses.md:37	step.ts	bare-unresolvable
docs/reports/survey-2026-09-29-command-catalog-across-harnesses.md:37	permissionStore.ts	bare-unresolvable
docs/reports/survey-2026-09-29-command-catalog-across-harnesses.md:38	interactive-mode.ts	bare-unresolvable
docs/reports/survey-2026-09-29-command-catalog-across-harnesses.md:39	slash-commands.ts	bare-unresolvable
docs/reports/survey-2026-09-29-command-catalog-across-harnesses.md:39	feature-flow.ts	bare-unresolvable
docs/reports/survey-2026-09-29-command-catalog-across-harnesses.md:40	useMcpStore.ts	bare-unresolvable
docs/reports/survey-2026-09-29-command-catalog-across-harnesses.md:44	catalog.ts	bare-unresolvable
docs/specs/SPEC-00-product-overview.md:62	shell.exe	bare-unresolvable
docs/specs/SPEC-00-product-overview.md:73	config.toml	bare-unresolvable
docs/specs/SPEC-00-product-overview.md:89	config.toml	bare-unresolvable
docs/specs/SPEC-01-architecture.md:20	config.toml	bare-unresolvable
docs/specs/SPEC-01-architecture.md:61	config.toml	bare-unresolvable
docs/specs/SPEC-01-architecture.md:69	vite.config.ts	bare-only-design-frontend
docs/specs/SPEC-01-architecture.md:72	tokens.css	bare-only-design-frontend
docs/specs/SPEC-01-architecture.md:74	STATE_MACHINE.md	bare-unresolvable
docs/specs/SPEC-01-architecture.md:74	TOOLS.md	bare-unresolvable
docs/specs/SPEC-01-architecture.md:74	DEFERRED.md	bare-unresolvable
docs/specs/SPEC-01-architecture.md:78	dev.ps1	bare-unresolvable
docs/specs/SPEC-01-architecture.md:78	test.ps1	bare-unresolvable
docs/specs/SPEC-01-architecture.md:93	go.mod	bare-ambiguous
docs/specs/SPEC-02-data-storage.md:12	wisp.db	bare-unresolvable
docs/specs/SPEC-02-data-storage.md:129	config.toml	bare-unresolvable
docs/specs/SPEC-02-data-storage.md:135	config.toml	bare-unresolvable
docs/specs/SPEC-02-data-storage.md:174	config.toml	bare-unresolvable
docs/specs/SPEC-02-data-storage.md:180	tool-output-<id>.txt	placeholder
docs/specs/SPEC-02-data-storage.md:182	wisp.db	bare-unresolvable
docs/specs/SPEC-02-data-storage.md:183	update-pending.json	bare-unresolvable
docs/specs/SPEC-02-data-storage.md:184	portable.txt	bare-unresolvable
docs/specs/SPEC-02-data-storage.md:191	wisp.db	bare-unresolvable
docs/specs/SPEC-02-data-storage.md:192	config.toml	bare-unresolvable
docs/specs/SPEC-02-data-storage.md:192	wisp.db	bare-unresolvable
docs/specs/SPEC-02-data-storage.md:198	wisp.db	bare-unresolvable
docs/specs/SPEC-02-data-storage.md:201	config.toml	bare-unresolvable
docs/specs/SPEC-03-config-secrets-envs.md:7	config.toml	bare-unresolvable
docs/specs/SPEC-03-config-secrets-envs.md:20	config.toml	bare-unresolvable
docs/specs/SPEC-03-config-secrets-envs.md:22	config.toml	bare-unresolvable
docs/specs/SPEC-03-config-secrets-envs.md:26	portable.txt	bare-unresolvable
docs/specs/SPEC-03-config-secrets-envs.md:52	config.toml	bare-unresolvable
docs/specs/SPEC-03-config-secrets-envs.md:83	config.toml	bare-unresolvable
docs/specs/SPEC-03-config-secrets-envs.md:89	config.toml	bare-unresolvable
docs/specs/SPEC-03-config-secrets-envs.md:117	config.toml	bare-unresolvable
docs/specs/SPEC-03-config-secrets-envs.md:119	portable.txt	bare-unresolvable
docs/specs/SPEC-03-config-secrets-envs.md:142	config.toml	bare-unresolvable
docs/specs/SPEC-05-agent-core.md:28	tool.exe	bare-unresolvable
docs/specs/SPEC-05-agent-core.md:115	tool-output-<id>.txt	placeholder
docs/specs/SPEC-05-agent-core.md:118	shell.exe	bare-unresolvable
docs/specs/SPEC-06-security-gatekeeping.md:63	config.toml	bare-unresolvable
docs/specs/SPEC-06-security-gatekeeping.md:139	shell.exe	bare-unresolvable
docs/specs/SPEC-06-security-gatekeeping.md:141	config.toml	bare-unresolvable
docs/specs/SPEC-07-tools-and-plugins.md:74	shell.exe	bare-unresolvable
docs/specs/SPEC-07-tools-and-plugins.md:100	cmd.exe	bare-unresolvable
docs/specs/SPEC-07-tools-and-plugins.md:108	main.js	bare-unresolvable
docs/specs/SPEC-08-ui-ball-panel.md:89	config.toml	bare-unresolvable
docs/specs/SPEC-08-ui-ball-panel.md:171	cost.sum	bare-unresolvable
docs/specs/SPEC-08-ui-ball-panel.md:222	tokens.css	bare-only-design-frontend
docs/specs/SPEC-08-ui-ball-panel.md:242	tokens.css	bare-only-design-frontend
docs/specs/SPEC-10-testing-acceptance.md:87	config.toml	bare-unresolvable
docs/specs/SPEC-11-build-deploy-containerization.md:24	go.mod	bare-ambiguous
docs/specs/SPEC-11-build-deploy-containerization.md:46	wisp.exe	bare-unresolvable
docs/specs/SPEC-11-build-deploy-containerization.md:83	package-lock.json	bare-only-design-frontend
docs/specs/SPEC-11-build-deploy-containerization.md:104	testdata/golden/<name>.sse	placeholder
docs/specs/SPEC-11-build-deploy-containerization.md:140	wisp.exe	bare-unresolvable
docs/specs/SPEC-11-build-deploy-containerization.md:143	wisp-updater.exe	bare-unresolvable
docs/specs/SPEC-11-build-deploy-containerization.md:155	update-pending.json	bare-unresolvable
docs/specs/SPEC-11-build-deploy-containerization.md:156	wisp-updater.exe	bare-unresolvable
docs/specs/SPEC-12-roadmap-governance.md:100	DECISIONS.md	bare-unresolvable
docs/specs/SPEC-12-roadmap-governance.md:100	DEFERRED.md	bare-unresolvable
docs/specs/SPEC-12-roadmap-governance.md:101	RISKS.md	bare-unresolvable
docs/specs/SPEC-12-roadmap-governance.md:101	ARCH.md	bare-unresolvable
docs/specs/SPEC-12-roadmap-governance.md:102	SEQUENCES.md	bare-unresolvable
docs/specs/SPEC-12-roadmap-governance.md:108	SEQUENCES.md	bare-unresolvable
internal/agent/approval/replies.go:117	gate.go	bare-ambiguous
internal/agent/approval/replies.go:425	gate.go	bare-ambiguous
internal/agent/approval/ticket220_l1_window_read_test.go:4	gate.go	bare-ambiguous
internal/agent/approval/ticket224_reply_grant_test.go:84	wisp.log	bare-unresolvable
internal/agent/approval/ticket87_veto_l2_test.go:126	gate.go	bare-ambiguous
internal/agent/approval/window_read.go:10	gate.go	bare-ambiguous
internal/agent/approval/window_read.go:14	gate.go	bare-ambiguous
internal/agent/approval/window_read.go:38	gate.go	bare-ambiguous
internal/agent/compress.go:35	llm.roles.sum	bare-unresolvable
internal/agent/compress.go:127	loop.go	bare-ambiguous
internal/agent/compress.go:128	loop.go	bare-ambiguous
internal/agent/compress.go:143	loop.go	bare-ambiguous
internal/agent/compress.go:233	loop.go	bare-ambiguous
internal/agent/compress_trace_test.go:27	loop.go	bare-ambiguous
internal/agent/compress_trace_test.go:471	loop.go	bare-ambiguous
internal/agent/declared_l0_risk_179_test.go:39	loop.go	bare-ambiguous
internal/agent/declared_l0_risk_179_test.go:46	fs.go	bare-ambiguous
internal/agent/declared_l0_risk_179_test.go:46	task.go	bare-ambiguous
internal/agent/forensics_test.go:75	loop.go	bare-ambiguous
internal/agent/loop.go:122	tool-output-<id>.txt	placeholder
internal/agent/loop_golden_test.go:246	tool.exe	bare-unresolvable
internal/agent/spill.go:20	id>.txt	placeholder
internal/agent/spill.go:26	shell.exe	bare-unresolvable
internal/agent/spill.go:219	fs.go	bare-ambiguous
internal/agent/spill.go:246	tool-output-<id>.txt	placeholder
internal/agent/spill.go:251	tool-output-pq.txt	bare-unresolvable
internal/agent/spill_name_injectivity_test.go:7	tool-output-pq.txt	bare-unresolvable
internal/agent/spill_path_invariant_test.go:56	tool-output-pq.txt	bare-unresolvable
internal/agent/spill_path_invariant_test.go:227	root>/ESCAPE-API-<n>.txt	placeholder
internal/agent/spill_path_invariant_test.go:553	marker>.txt	placeholder
internal/agent/spill_test.go:13	tool-output-<id>.txt	placeholder
internal/ball/ball_windows.go:118	dock.go/dock_windows.go	multi-ext
internal/ball/hit.go:25	ball.html	bare-only-design-frontend
internal/ball/hotkey_live_test.go:119	config.toml	bare-unresolvable
internal/ball/hotkey_live_test.go:504	config.toml	bare-unresolvable
internal/ball/hotkey_reload.go:6	config.toml	bare-unresolvable
internal/ball/hotkey_windows.go:73	config.toml	bare-unresolvable
internal/ball/live_guard_windows_test.go:11	balldebug.exe	bare-unresolvable
internal/ball/renderer_windows.go:441	ball.html	bare-only-design-frontend
internal/ball/renderer_windows.go:673	ball.html	bare-only-design-frontend
internal/ball/renderer_windows.go:682	ball.html	bare-only-design-frontend
internal/ball/statevisual.go:31	ball.html	bare-only-design-frontend
internal/ball/statevisual.go:32	ball.html	bare-only-design-frontend
internal/ball/statevisual.go:113	ball.html	bare-only-design-frontend
internal/ball/statevisual.go:148	ball.html	bare-only-design-frontend
internal/ball/tokens.go:127	tokens.css	bare-only-design-frontend
internal/ball/tokens.go:178	tokens.css	bare-only-design-frontend
internal/ball/tokens.go:295	tokens.css	bare-only-design-frontend
internal/ball/tokens.go:409	ball.html	bare-only-design-frontend
internal/ball/tokens.go:429	ball.html	bare-only-design-frontend
internal/ball/tokens.go:450	ball.html	bare-only-design-frontend
internal/ball/tokens.go:454	ball.html	bare-only-design-frontend
internal/ball/tokens_table_test.go:63	tokens.css	bare-only-design-frontend
internal/ball/tokens_table_test.go:346	non-tokens.go	bare-unresolvable
internal/ball/tokens_table_test.go:495	tokens.css	bare-only-design-frontend
internal/ball/tokens_table_test.go:1348	tokens.css	bare-only-design-frontend
internal/ball/tokens_table_test.go:1359	tokens.css	bare-only-design-frontend
internal/ball/tokens_table_test.go:1366	tokens.css	bare-only-design-frontend
internal/ball/tokens_table_test.go:1373	tokens.css	bare-only-design-frontend
internal/ball/tokens_table_test.go:1463	tokens.css	bare-only-design-frontend
internal/ball/tokens_table_test.go:1464	tokens.css	bare-only-design-frontend
internal/ball/tokens_table_test.go:1490	tokens.css	bare-only-design-frontend
internal/ball/tokens_test.go:16	tokens.css	bare-only-design-frontend
internal/ball/tokens_test.go:151	ball.html	bare-only-design-frontend
internal/config/allowdirs.go:11	Permmode.go	bare-unresolvable
internal/config/c26_seam_posix_125_test.go:29	manager.go/validate.go	multi-ext
internal/config/catalog.go:12	llm.providers.<provider>.mod	placeholder
internal/config/doc.go:1	config.toml	bare-unresolvable
internal/config/enabled_261_test.go:7	schema.go	bare-ambiguous
internal/config/enabled_261_test.go:9	defaults.go	bare-ambiguous
internal/config/loader.go:83	migrate_test.go	bare-ambiguous
internal/config/loader.go:147	migrate_test.go	bare-ambiguous
internal/config/loader_test.go:30	config.toml	bare-unresolvable
internal/config/manager.go:41	config.toml	bare-unresolvable
internal/config/manager.go:272	tiers.go	bare-ambiguous
internal/config/manager_223_test.go:21	_test.go	bare-unresolvable
internal/config/migrate.go:41	config.toml	bare-unresolvable
internal/config/migrate.go:86	config.toml	bare-unresolvable
internal/config/migrate.go:109	providers.<n>.mod	placeholder
internal/config/migrate_test.go:16	schema.go	bare-ambiguous
internal/config/parse.go:160	config.toml	bare-unresolvable
internal/config/parse.go:210	config.toml	bare-unresolvable
internal/config/permmode.go:15	config.toml	bare-unresolvable
internal/config/permmode.go:25	config.toml	bare-unresolvable
internal/config/permmode.go:50	config.toml	bare-unresolvable
internal/config/permmode.go:66	config.toml	bare-unresolvable
internal/config/private_acl_windows_test.go:18	config.toml	bare-unresolvable
internal/config/private_acl_windows_test.go:74	config.toml	bare-unresolvable
internal/config/private_acl_windows_test.go:104	config.toml	bare-unresolvable
internal/config/schema.go:3	config.toml	bare-unresolvable
internal/config/schema.go:19	config.toml	bare-unresolvable
internal/config/schema.go:26	providers.<name>.mod	placeholder
internal/config/schema.go:101	config.toml	bare-unresolvable
internal/config/schema.go:145	portable.txt	bare-unresolvable
internal/config/schema.go:146	config.toml	bare-unresolvable
internal/config/schema.go:274	config.toml	bare-unresolvable
internal/config/schema.go:281	llm.providers.<provider>.mod	placeholder
internal/config/schema.go:345	llm.providers.<name>.mod	placeholder
internal/config/schema.go:442	CLAUDE.md	bare-unresolvable
internal/config/settings.go:6	config.toml	bare-unresolvable
internal/config/settings.go:19	migrate.go	bare-ambiguous
internal/config/settings.go:32	panel.mod	bare-unresolvable
internal/config/settings.go:99	llm.providers.<p>.mod	placeholder
internal/config/settings.go:129	schema.go	bare-ambiguous
internal/config/settings.go:136	llm.providers.<p>.mod	placeholder
internal/config/settings.go:173	llm.roles.chat.mod	bare-unresolvable
internal/config/tiers.go:7	schema.go	bare-ambiguous
internal/config/tiers_255_test.go:10	schema.go	bare-ambiguous
internal/config/tiers_255_test.go:56	schema.go	bare-ambiguous
internal/config/tiers_app_255r2_test.go:7	tiers_255_test.go	bare-ambiguous
internal/config/tiers_app_255r2_test.go:10	schema.go	bare-ambiguous
internal/config/tiers_app_255r2_test.go:21	impl.md	bare-ambiguous
internal/config/tiers_app_255r2_test.go:38	schema.go	bare-ambiguous
internal/config/tiers_app_255r2_test.go:39	portable.txt	bare-unresolvable
internal/config/tiers_app_255r2_test.go:40	config.toml	bare-unresolvable
internal/config/unwired.go:45	config.toml	bare-unresolvable
internal/config/writeguard.go:10	config.toml	bare-unresolvable
internal/config/writeguard.go:75	config.toml	bare-unresolvable
internal/config/writeguard.go:80	config.toml	bare-unresolvable
internal/config/writeguard.go:189	config.toml	bare-unresolvable
internal/config/writeguard.go:286	config.toml	bare-unresolvable
internal/llm/adaptertest/harness.go:8	_test.go	bare-unresolvable
internal/llm/anthropic/adapter.go:135	events.go	bare-ambiguous
internal/llm/enabled_gate_261_r1_test.go:111	run.go	bare-ambiguous
internal/llm/enabled_reach_261_test.go:203	run.go	bare-ambiguous
internal/llm/enabled_reach_261_test.go:209	defaults.go	bare-ambiguous
internal/llm/errors.go:324	net.proxy.mod	bare-unresolvable
internal/llm/openaichat/adapter.go:69	events.go	bare-ambiguous
internal/llm/openairesponses/adapter.go:107	events.go	bare-ambiguous
internal/llm/provider.go:19	events.go	bare-ambiguous
internal/llm/provider.go:145	events.go	bare-ambiguous
internal/llm/resolver.go:124	schema.go	bare-ambiguous
internal/memory/artifacts.go:18	tool-output-<id>.txt	placeholder
internal/memory/artifacts.go:342	report.txt	bare-unresolvable
internal/memory/artifacts.go:343	report.txt	bare-unresolvable
internal/memory/dao_providerhealth.go:17	config.toml	bare-unresolvable
internal/memory/doc.go:10	models.go	bare-ambiguous
internal/memory/open.go:26	wisp.db	bare-unresolvable
internal/memory/open.go:27	wisp.db	bare-unresolvable
internal/memory/open.go:86	wisp.db	bare-unresolvable
internal/memory/open.go:160	wisp.db	bare-unresolvable
internal/memory/open.go:174	wisp.db	bare-unresolvable
internal/memory/open.go:492	wisp.db	bare-unresolvable
internal/memory/open.go:497	wisp.db	bare-unresolvable
internal/memory/open.go:498	wisp.db	bare-unresolvable
internal/memory/schema.go:153	wisp.db	bare-unresolvable
internal/memory/schema_test.go:46	schema.go	bare-ambiguous
internal/models/acl_sid_121_test.go:23	_windows_test.go	bare-unresolvable
internal/models/assembly_reachability_121_test.go:23	tests.sh	bare-unresolvable
internal/models/assembly_reachability_121_test.go:40	doc.go	bare-ambiguous
internal/models/assembly_reachability_121_test.go:50	doc.go	bare-ambiguous
internal/models/doc.go:25	bridge.go	bare-ambiguous
internal/models/handoff_window_109_test.go:12	bridge.go	bare-ambiguous
internal/models/no_seal_ruling_test.go:18	doc.go	bare-ambiguous
internal/models/testdata/README.md:25	hashlib.sh	bare-unresolvable
internal/models/verify_tree_121_other_test.go:14	_other_test.go	bare-unresolvable
internal/observe/diagnostics.go:28	deferred.json	bare-unresolvable
internal/observe/diagnostics.go:39	wisp-*.jsonl	wildcard
internal/observe/diagnostics.go:41	config.toml	bare-unresolvable
internal/observe/doc.go:9	errors.go	bare-ambiguous
internal/observe/logging.go:37	schema.go	bare-ambiguous
internal/observe/logging.go:315	wisp-<day>-<seq>.jsonl	placeholder
internal/observe/nobarego_test.go:23	repo>/internal/observe/nobarego_test.go	placeholder
internal/panel/assets.go:73	index.html	bare-only-design-frontend
internal/panel/assets.go:124	index.html	bare-only-design-frontend
internal/panel/assets.go:125	./assets/index-<hash>.js	placeholder
internal/panel/assets.go:125	./assets/index-<hash>.css	placeholder
internal/panel/assets_test.go:8	index.html	bare-only-design-frontend
internal/panel/assets_test.go:42	index.html	bare-only-design-frontend
internal/panel/attachments.go:315	photo.png	bare-unresolvable
internal/panel/attachments.go:316	photo.png	bare-unresolvable
internal/panel/bridge.go:108	config.toml	bare-unresolvable
internal/panel/composer.go:28	panel.ts	bare-only-design-frontend
internal/panel/composer.go:50	panel.ts	bare-only-design-frontend
internal/panel/composer.go:51	panel.ts	bare-only-design-frontend
internal/panel/composer.go:72	pump.go	bare-ambiguous
internal/panel/composer.go:72	run.go	bare-ambiguous
internal/panel/composer_dispatch.go:5	bridge.go	bare-ambiguous
internal/panel/composer_dispatch.go:14	bridge.go	bare-ambiguous
internal/panel/composer_dispatch.go:20	bridge.go	bare-ambiguous
internal/panel/composer_dispatch.go:32	bridge.go	bare-ambiguous
internal/panel/composer_dispatch.go:43	bridge.go	bare-ambiguous
internal/panel/composer_dispatch.go:96	bridge.go	bare-ambiguous
internal/panel/composer_dispatch.go:216	bridge.go	bare-ambiguous
internal/panel/composer_dispatch_test.go:39	bridge.go	bare-ambiguous
internal/panel/composer_dispatch_test.go:309	bridge.go	bare-ambiguous
internal/panel/composer_dispatch_test.go:317	bridge.go	bare-ambiguous
internal/panel/composer_dispatch_test.go:319	bridge.go	bare-ambiguous
internal/panel/composer_dispatch_test.go:373	bridge.go	bare-ambiguous
internal/panel/composer_dispatch_test.go:412	go.mod	bare-ambiguous
internal/panel/composer_dispatch_test.go:427	go.mod	bare-ambiguous
internal/panel/composer_dispatch_test.go:452	_test.go	bare-unresolvable
internal/panel/composer_dispatch_test.go:472	go.mod	bare-ambiguous
internal/panel/composer_dispatch_test.go:472	go.sum	bare-ambiguous
internal/panel/composer_dispatch_test.go:544	go.mod	bare-ambiguous
internal/panel/composer_dispatch_test.go:544	go.sum	bare-ambiguous
internal/panel/composer_dispatch_test.go:568	_test.go	bare-unresolvable
internal/panel/composer_dispatch_test.go:572	go.mod	bare-ambiguous
internal/panel/composer_dispatch_test.go:572	go.sum	bare-ambiguous
internal/panel/composer_dispatch_test.go:603	run.go	bare-ambiguous
internal/panel/composer_handlers.go:85	panel.mod	bare-unresolvable
internal/panel/composer_handlers.go:109	panel.mod	bare-unresolvable
internal/panel/composer_handlers.go:109	bridge.go	bare-ambiguous
internal/panel/composer_test.go:16	panel.mod	bare-unresolvable
internal/panel/composer_test.go:273	_test.go	bare-unresolvable
internal/panel/composer_test.go:308	.js/.mjs	stemless
internal/panel/composer_test.go:360	.ts/.tsx/.css	stemless
internal/panel/composer_test.go:379	panel.ts	bare-only-design-frontend
internal/panel/composer_test.go:492	panel.ts	bare-only-design-frontend
internal/panel/composer_test.go:492	panel.mod	bare-unresolvable
internal/panel/composer_test.go:530	panel.mod	bare-unresolvable
internal/panel/composer_test.go:537	panel.ts	bare-only-design-frontend
internal/panel/composer_test.go:538	panel.ts	bare-only-design-frontend
internal/panel/config_handlers.go:5	bridge.go	bare-ambiguous
internal/panel/config_handlers.go:11	config.toml	bare-unresolvable
internal/panel/config_handlers.go:19	bridge.go	bare-ambiguous
internal/panel/config_handlers.go:34	panel.mod	bare-unresolvable
internal/panel/config_handlers.go:55	config.toml	bare-unresolvable
internal/panel/config_handlers.go:105	config.toml	bare-unresolvable
internal/panel/config_handlers.go:143	config.toml	bare-unresolvable
internal/panel/config_handlers.go:291	pump.go	bare-ambiguous
internal/panel/git_test.go:361	bridge.go	bare-ambiguous
internal/panel/git_test.go:491	_test.go	bare-unresolvable
internal/panel/inbound_roster_253_test.go:10	bridge.go	bare-ambiguous
internal/panel/inbound_roster_253_test.go:13	bridge.go	bare-ambiguous
internal/panel/inbound_roster_253_test.go:25	bridge.go	bare-ambiguous
internal/panel/inbound_roster_253_test.go:29	bridge.go	bare-ambiguous
internal/panel/inbound_roster_253_test.go:348	_test.go	bare-unresolvable
internal/panel/inbound_roster_253_test.go:434	bridge.go	bare-ambiguous
internal/panel/instructions_200.go:48	config.toml	bare-unresolvable
internal/panel/instructions_200.go:88	config.toml	bare-unresolvable
internal/panel/l2_grant_boundary_test.go:68	bridge.go	bare-ambiguous
internal/panel/l2_grant_boundary_test.go:71	go.mod	bare-ambiguous
internal/panel/l2_grant_boundary_test.go:103	l2-grant-nail-fix-r3-accept-r1.md	bare-unresolvable
internal/panel/l2_grant_boundary_test.go:125	accept-r2.md	bare-unresolvable
internal/panel/l2_grant_boundary_test.go:135	nail-fix-r3-accept-r1.md	bare-unresolvable
internal/panel/l2_grant_boundary_test.go:198	l2-grant-nail-fix-r3-accept-r1.md	bare-unresolvable
internal/panel/l2_grant_boundary_test.go:208	bridge.go	bare-ambiguous
internal/panel/l2_grant_boundary_test.go:1348	nail-fix-r4-accept-r1.md	bare-unresolvable
internal/panel/l2_grant_boundary_test.go:1350	panel.mod	bare-unresolvable
internal/panel/l2_grant_boundary_test.go:1600	panel.ts	bare-only-design-frontend
internal/panel/l2_grant_boundary_test.go:1651	bridge.go	bare-ambiguous
internal/panel/l2_grant_boundary_test.go:1961	l2-approval-card.tsx	bare-only-design-frontend
internal/panel/l2_grant_boundary_test.go:1961	panel.ts	bare-only-design-frontend
internal/panel/l2_grant_boundary_test.go:2013	bridge.go	bare-ambiguous
internal/panel/l2_grant_boundary_test.go:2249	l2-approval-card.tsx	bare-only-design-frontend
internal/panel/l2_grant_boundary_test.go:2506	bridge.go	bare-ambiguous
internal/panel/pump.go:53	gate.go	bare-ambiguous
internal/panel/pump.go:54	gate.go	bare-ambiguous
internal/panel/pump.go:94	approval.go	bare-ambiguous
internal/panel/pump.go:207	panel.ts	bare-only-design-frontend
internal/panel/pump.go:679	pump.go	bare-ambiguous
internal/panel/pump_test.go:30	panel.ts	bare-only-design-frontend
internal/panel/subagent_blocked_220_test.go:10	subagent_roster_197.go	bare-ambiguous
internal/panel/subagent_blocked_220_test.go:19	gate.go	bare-ambiguous
internal/panel/subagent_roster_197.go:47	pump.go	bare-ambiguous
internal/panel/subagent_roster_197.go:180	gate.go	bare-ambiguous
internal/panel/subagent_roster_197_test.go:95	pump.go	bare-ambiguous
internal/panel/subagent_roster_197_test.go:193	panel.ts	bare-only-design-frontend
internal/panel/subagent_roster_197_test.go:458	run.go	bare-ambiguous
internal/panel/tokens_fourway_test.go:6	tokens.css	bare-only-design-frontend
internal/panel/tokens_fourway_test.go:116	tokens.css	bare-only-design-frontend
internal/panel/tokens_fourway_test.go:165	tokens.css	bare-only-design-frontend
internal/panel/tokens_fourway_test.go:451	tokens.css	bare-only-design-frontend
internal/panel/tokens_fourway_test.go:496	tokens.css	bare-only-design-frontend
internal/perm/store.go:44	config.toml	bare-unresolvable
internal/perm/store.go:49	config.toml	bare-unresolvable
internal/perm/store_test.go:216	config.toml	bare-unresolvable
internal/perm/tempdir_resolved_124_test.go:5	config.toml	bare-unresolvable
internal/perm/ticket90_persist_test.go:333	config.toml	bare-unresolvable
internal/proc/doc.go:24	_windows.go	bare-unresolvable
internal/proc/envfork.go:23	portable.txt	bare-unresolvable
internal/proc/envfork.go:52	portable.txt	bare-unresolvable
internal/proc/envfork.go:206	portable.txt	bare-unresolvable
internal/proc/envfork.go:232	portable.txt	bare-unresolvable
internal/proc/envfork.go:255	portable.txt	bare-unresolvable
internal/proc/envfork_test.go:211	portable.txt	bare-unresolvable
internal/proc/jobscope_windows.go:21	msedgewebview2.exe	bare-unresolvable
internal/proc/shutdown.go:14	msedgewebview2.exe	bare-unresolvable
internal/projctx/projctx.go:2	CLAUDE.md	bare-unresolvable
internal/projctx/projctx.go:10	AGENTS.override.md	bare-unresolvable
internal/projctx/projctx.go:10	CLAUDE.md	bare-unresolvable
internal/projctx/projctx.go:12	config.toml	bare-unresolvable
internal/projctx/projctx.go:54	CLAUDE.md	bare-unresolvable
internal/projctx/projctx.go:163	config.toml	bare-unresolvable
internal/risk/hostpath_185.go:16	taintmatch.go	bare-ambiguous
internal/risk/mode.go:58	config.toml	bare-unresolvable
internal/risk/pathresolver_anchor_spelling_windows_test.go:208	credentials*.json	wildcard
internal/risk/pointer_183_test.go:12	provenance.go	bare-ambiguous
internal/risk/pointer_183_test.go:12	taintmatch.go	bare-ambiguous
internal/risk/pointer_183_test.go:36	uuid>.txt	placeholder
internal/risk/pointer_183_test.go:186	taintmatch.go	bare-ambiguous
internal/risk/pointer_185_test.go:39	tool-output-agent-task-<id>.txt	placeholder
internal/risk/provenance.go:516	taintmatch.go	bare-ambiguous
internal/risk/provenance.go:525	taintmatch.go	bare-ambiguous
internal/risk/provenance.go:549	hostpath_185.go	bare-ambiguous
internal/risk/provenance_syncdirs_windows_test.go:13	shared.md	bare-unresolvable
internal/risk/provenance_test.go:849	_test.go	bare-unresolvable
internal/risk/rules_shell.go:10	cmd.exe	bare-unresolvable
internal/risk/rules_shell.go:14	shell.exe	bare-unresolvable
internal/risk/shape_a_exemption_test.go:19	provenance.go	bare-ambiguous
internal/risk/shape_a_exemption_test.go:19	taintmatch.go	bare-ambiguous
internal/risk/syncdirs.go:567	host.db	bare-unresolvable
internal/risk/syncdirs_test.go:97	data.txt	bare-unresolvable
internal/risk/taintmatch.go:100	provenance.go	bare-ambiguous
internal/risk/taintmatch.go:109	hostpath_185.go	bare-ambiguous
internal/risk/taintmatch.go:139	hostpath_185.go	bare-ambiguous
internal/secret/delete_test.go:3	store_test.go	bare-ambiguous
internal/secret/migrate.go:17	config.toml	bare-unresolvable
internal/secret/migrate.go:28	config.toml	bare-unresolvable
internal/secret/migrate.go:71	config.toml	bare-unresolvable
internal/secret/migrate.go:75	config.toml	bare-unresolvable
internal/secret/migrate.go:131	config.toml	bare-unresolvable
internal/secret/migrate_test.go:4	store_test.go	bare-ambiguous
internal/secret/refs.go:11	config.toml	bare-unresolvable
internal/session/grants.go:17	doc.go	bare-ambiguous
internal/session/grants_test.go:50	wisp.db	bare-unresolvable
internal/session/grants_test.go:254	bridge.go	bare-ambiguous
internal/session/session.go:33	approval.go	bare-ambiguous
internal/session/ticket224_pattern_dialect_test.go:205	notes.txt	bare-unresolvable
internal/statemachine/table.go:11	machine.go	bare-ambiguous
internal/statemachine/table.go:21	machine.go	bare-ambiguous
internal/tools/bridge.go:113	loop.go	bare-ambiguous
internal/tools/bridge.go:114	loop.go	bare-ambiguous
internal/tools/bridge.go:253	loop.go	bare-ambiguous
internal/tools/bridge.go:665	Bridge.exe	bare-unresolvable
internal/tools/bridge.go:866	loop.go	bare-ambiguous
internal/tools/bridge.go:1045	loop.go	bare-ambiguous
internal/tools/bridge_a18_kill_windows_test.go:41	taskkill.exe	bare-unresolvable
internal/tools/bridge_junction_windows_test.go:48	cmd.exe	bare-unresolvable
internal/tools/bridge_path_account_ticket105_test.go:26	b.log	bare-unresolvable
internal/tools/bridge_scope_open_ticket158_test.go:5	bridge.go	bare-ambiguous
internal/tools/bridge_scope_open_ticket158_test.go:20	provenance.go	bare-ambiguous
internal/tools/capability.go:13	bridge.go	bare-ambiguous
internal/tools/doc.go:5	bridge.go	bare-ambiguous
internal/tools/fs.go:23	fs_write.go	bare-ambiguous
internal/tools/fs.go:24	fs_edit.go	bare-ambiguous
internal/tools/fs.go:27	doc.go	bare-ambiguous
internal/tools/fs_edit_ac34_test.go:117	fs_edit.go	bare-ambiguous
internal/tools/fs_edit_ac3b_test.go:35	fs_edit.go	bare-ambiguous
internal/tools/fs_edit_ac4b_kill_windows_test.go:36	taskkill.exe	bare-unresolvable
internal/tools/fs_edit_ac5_gate_r4_test.go:17	fs_edit.go	bare-ambiguous
internal/tools/fs_edit_ac5_gate_r4_test.go:355	fs_edit.go	bare-ambiguous
internal/tools/fs_edit_ac5_sweep_r4_windows_test.go:9	fs_write.go	bare-ambiguous
internal/tools/fs_edit_ac5_sweep_r4_windows_test.go:9	fs_edit.go	bare-ambiguous
internal/tools/fswrite_silentloss_ac1_test.go:68	helpers_test.go	bare-ambiguous
internal/tools/gate.go:42	mode.go	bare-ambiguous
internal/tools/grant.go:12	mode.go	bare-ambiguous
internal/tools/grant.go:76	bridge.go	bare-ambiguous
internal/tools/grant.go:113	bridge.go	bare-ambiguous
internal/tools/helpers_test.go:56	wisp.db	bare-unresolvable
internal/tools/paths.go:115	fs.go	bare-ambiguous
internal/tools/paths.go:115	fs_write.go	bare-ambiguous
internal/tools/paths.go:116	mode.go	bare-ambiguous
internal/tools/paths.go:274	risk.pathresolver_other.go	bare-unresolvable
internal/tools/paths_shortname_252_r1_test.go:259	fs.go	bare-ambiguous
internal/tools/paths_shortname_252_r1_test.go:259	fs_write.go	bare-ambiguous
internal/tools/paths_twocontainments_252_r2_test.go:132	bridge.go	bare-ambiguous
internal/tools/paths_twocontainments_252_r2_test.go:133	task.go	bare-ambiguous
internal/tools/paths_workspace.go:13	risk.pathresolver_other.go	bare-unresolvable
internal/tools/paths_workspace_test.go:194	risk.pathresolver_other.go	bare-unresolvable
internal/tools/pathshape_portable_test.go:13	a.txt	bare-unresolvable
internal/tools/pointer_183_cli_seam_test.go:7	internal/tools/*_test.go	wildcard
internal/tools/pointer_183_cli_seam_test.go:7	_test.go	bare-unresolvable
internal/tools/pointer_183_cli_seam_test.go:20	task.go	bare-ambiguous
internal/tools/pointer_183_cli_seam_test.go:61	tool-output-agent-task-<id>.txt	placeholder
internal/tools/pointer_183_cli_seam_test.go:77	task.go	bare-ambiguous
internal/tools/subagent_197.go:201	subagent_197_test.go	bare-ambiguous
internal/tools/subagent_197.go:332	bridge.go	bare-ambiguous
internal/tools/subagent_197.go:495	pump.go	bare-ambiguous
internal/tools/subagent_197_test.go:392	subagent_197.go	bare-ambiguous
internal/tools/subagent_197_test.go:393	bridge.go	bare-ambiguous
internal/tools/subagent_197_test.go:401	subagent_197.go	bare-ambiguous
internal/tools/subagent_222_test.go:22	subagent_197_test.go	bare-ambiguous
internal/tools/subagent_222_test.go:71	subagent_197.go	bare-ambiguous
internal/tools/subagent_222_test.go:295	subagent_197_test.go	bare-ambiguous
internal/tools/task.go:137	subagent_197.go	bare-ambiguous
internal/tools/task_backfill.go:12	loop.go	bare-ambiguous
internal/tools/task_backfill.go:20	task.go	bare-ambiguous
internal/tools/task_backfill.go:32	loop.go	bare-ambiguous
internal/tools/task_backfill.go:36	agent.spill.go	bare-unresolvable
internal/tools/task_backfill.go:88	loop.go	bare-ambiguous
internal/tools/task_cancel_221_legs_test.go:13	subagent_197_test.go	bare-ambiguous
internal/tools/task_cancel_221_legs_test.go:61	bridge.go	bare-ambiguous
internal/tools/task_cancel_221_legs_test.go:131	subagent_197_test.go	bare-ambiguous
internal/tools/task_cancel_221_legs_test.go:263	subagent_197_test.go	bare-ambiguous
internal/tools/task_cancel_221_legs_test.go:450	subagent_197.go	bare-ambiguous
internal/tools/task_output_ac2_before_test.go:23	bridge.go	bare-ambiguous
internal/tools/task_output_canonicalize_fail_174_test.go:14	task.go	bare-ambiguous
internal/tools/task_output_canonicalize_fail_174_test.go:17	_test.go	bare-unresolvable
internal/tools/task_output_canonicalize_fail_174_test.go:46	task.go	bare-ambiguous
internal/tools/task_output_canonicalize_fail_174_test.go:48	task.go	bare-ambiguous
internal/tools/task_output_leg_test.go:243	task.go	bare-ambiguous
internal/tools/task_output_leg_test.go:259	task.go	bare-ambiguous
internal/tools/task_state_188_test.go:14	models.go	bare-ambiguous
internal/tools/task_state_188_test.go:149	task.go	bare-ambiguous
internal/tools/tempdir_resolved_124x_test.go:4	tempdir_resolved_124_test.go	bare-ambiguous
internal/tools/ticket175r2_stamp_live_test.go:32	task.go	bare-ambiguous
internal/tools/ticket176r1_start_port_test.go:141	loop.go	bare-ambiguous
internal/tools/ticket176r1_start_port_test.go:256	loop.go	bare-ambiguous
internal/tools/ticket224_grantid_column_test.go:16	wisp.db	bare-unresolvable
internal/tools/ticket90_test.go:19	ticketNN_test.go	bare-unresolvable
internal/winsec/acl_windows_test.go:201	store.go	bare-ambiguous
internal/winsec/acl_windows_test.go:215	wisp.db	bare-unresolvable
internal/winsec/export_test.go:10	_test.go	bare-unresolvable
internal/winsec/migrate_windows_test.go:4	config.toml	bare-unresolvable
internal/winsec/migrate_windows_test.go:40	config.toml	bare-unresolvable
internal/winsec/migrate_windows_test.go:78	config.toml	bare-unresolvable
internal/winsec/migrate_windows_test.go:95	config.toml	bare-unresolvable
internal/winsec/placement_leaf_118_other_test.go:7	root>/link/keep-me.txt	placeholder
internal/winsec/production_windows_test.go:39	wisp.db	bare-unresolvable
internal/winsec/resolve.go:422	artifact.txt	bare-unresolvable
internal/winsec/resolve.go:423	artifact.txt	bare-unresolvable
internal/winsec/resolve.go:447	explorer.exe	bare-unresolvable
internal/winsec/volume_attribution_126_windows_test.go:16	artifact.txt	bare-unresolvable
internal/winsec/volume_attribution_126_windows_test.go:17	artifact.txt	bare-unresolvable
scripts/build.ps1:142	dir>/models/manifest.json	placeholder
scripts/dev/ball-cycle.ps1:5	docs/evidence/s1/ball-states/<NN>-<State>.png	placeholder
scripts/portable-tests-selftest.sh:71	other-portable-tests.sh	bare-unresolvable
scripts/portable-tests-selftest.sh:76	go.mod/go.sum	multi-ext
scripts/portable-tests-selftest.sh:80	/path/to/winsec-tests.sh	root-ambiguous
scripts/portable-tests.sh:40	internal/risk/pathresolver*.go	wildcard
scripts/portable-tests.sh:49	doc.go	bare-ambiguous
scripts/portable-tests.sh:97	doc.go	bare-ambiguous
scripts/portable-tests.sh:101	doc.go	bare-ambiguous
scripts/portable-tests.sh:417	check.go	bare-unresolvable
scripts/slo-check.ps1:80	wisp.exe	bare-unresolvable
scripts/slo-check.ps1:150	wisp.exe	bare-unresolvable
scripts/slo-check.ps1:152	wisp.exe	bare-unresolvable
scripts/slo-check.ps1:377	slo-report.json	bare-unresolvable
scripts/slo-freshness.sh:33	slo-report.json	bare-unresolvable
tools/d22scan/main.go:44	_test.go	bare-unresolvable
tools/d22scan/main.go:67	internal/build/*.go	wildcard
tools/d22scan/main.go:219	main.go	bare-ambiguous
tools/d22scan/main.go:273	scripts/*.mjs	wildcard
tools/d22scan/main.go:544	scripts/*.mjs	wildcard
tools/d22scan/main.go:900	_test.go	bare-unresolvable
tools/d22scan/main.go:902	_test.go	bare-unresolvable
tools/d22scan/main.go:912	non-.go	bare-unresolvable
tools/d22scan/main.go:1233	_test.go	bare-unresolvable
tools/d22scan/scan_test.go:183	go.mod	bare-ambiguous
tools/d22scan/scan_test.go:276	_test.go	bare-unresolvable
tools/d22scan/scan_test.go:298	non-.go	bare-unresolvable
tools/d22scan/scan_test.go:309	_test.go	bare-unresolvable
tools/d22scan/scan_test.go:336	main.go	bare-ambiguous
tools/d22scan/scan_test.go:497	main.go	bare-ambiguous
tools/d22scan/scan_test.go:843	_test.go	bare-unresolvable
tools/d22scan/scan_test.go:1099	scripts/*.mjs	wildcard
tools/d22scan/scan_test.go:1105	non-.go	bare-unresolvable
tools/d22scan/scan_test.go:1160	_test.go	bare-unresolvable
tools/d22scan/scan_test.go:1307	panel.tsx	bare-unresolvable
tools/d22scan/scan_test.go:1308	live.tsx	bare-unresolvable
tools/d22scan/scan_test.go:1308	decide.tsx	bare-unresolvable
tools/d22scan/scan_test.go:1428	main.go	bare-ambiguous
tools/d22scan/scan_test.go:1700	shipped.tsx	bare-unresolvable
tools/d22scan/scan_test.go:1702	build-output.tsx	bare-unresolvable
tools/d22scan/selftest.go:5	main.go	bare-ambiguous
tools/d22scan/selftest.go:20	main.go	bare-ambiguous
tools/d22scan/selftest.go:37	main.go	bare-ambiguous
tools/d22scan/selftest.go:38	main.go	bare-ambiguous
tools/d22scan/selftest.go:44	main.go	bare-ambiguous
tools/d22scan/selftest.go:80	main.go	bare-ambiguous
tools/d22scan/selftest.go:111	main.go	bare-ambiguous
tools/d22scan/selftest.go:114	main.go	bare-ambiguous
tools/d22scan/selftest.go:115	main.go	bare-ambiguous
tools/d22scan/selftest.go:121	main.go	bare-ambiguous
tools/d22scan/selftest_test.go:140	main.go	bare-ambiguous
tools/d22scan/selftestsamples.go:24	main.go	bare-ambiguous
tools/mockllm/capability_test.go:253	control.go	bare-ambiguous
tools/mockllm/chat.go:368	testdata/golden/<name>.sse	placeholder
tools/mockllm/main.go:20	testdata/golden/<name>.sse	placeholder
