test-windows	bash scripts/winsec-tests.sh	--- PASS: TestAbsolutenessSpellingsAreNotOneTree (0.00s)
test-windows	bash scripts/winsec-tests.sh	--- PASS: TestAttributionFaceNeverSeesAMixedAbsolutenessPair (0.03s)
test-windows	bash scripts/winsec-tests.sh	--- PASS: TestSeamGuardRefusesACandidateWhoseSecondWitnessDiffersOnlyInAbsoluteness (0.00s)
test-windows	bash scripts/winsec-tests.sh	--- PASS: TestHonestPipelineKeepsPassingItsOwnProbe (0.00s)
test-windows	bash scripts/winsec-tests.sh	--- PASS: TestHonestPipelineKeepsPassingItsOwnProbe/on_a_planted_8.3_short_spelling_of_an_existing_parent (0.00s)
test-windows	bash scripts/winsec-tests.sh	--- PASS: TestAC1SealFileReportsTheInheritedGrantItCleared (0.06s)
test-windows	bash scripts/winsec-tests.sh	--- PASS: TestAC1DefaultLogSaysInherited (0.02s)
test-windows	bash scripts/winsec-tests.sh	--- PASS: TestAC2InheritedNoticeHasANoiseBound (0.09s)
test-windows	bash scripts/winsec-tests.sh	--- PASS: TestAC2InheritedNoticeHasANoiseBound/a_private_tree_with_only_the_private_set_stays_quiet (0.01s)
test-windows	bash scripts/winsec-tests.sh	--- PASS: TestAC2InheritedNoticeHasANoiseBound/parent_policy_change_propagates_without_a_per_child_storm (0.04s)
test-windows	bash scripts/winsec-tests.sh	--- PASS: TestAC2InheritedNoticeHasANoiseBound/sealing_only_children_reports_each_of_them_once (0.03s)
test-windows	bash scripts/winsec-tests.sh	--- PASS: TestAC3OwnGrantsStaySilentWhicheverWayTheOSNamesThem (0.10s)
test-windows	bash scripts/winsec-tests.sh	--- PASS: TestSealReportsThePrincipalsItCleared (0.04s)
test-windows	bash scripts/winsec-tests.sh	--- PASS: TestSealNoticeIsRecordedByDefault (0.02s)
test-windows	bash scripts/winsec-tests.sh	--- PASS: TestNoticeAttributionSurvivesAn83AliasOfItsOwnTree (0.09s)
test-windows	bash scripts/winsec-tests.sh	--- PASS: TestNoticeAttributionKeepsTwoTreesApart (0.11s)
test-windows	bash scripts/winsec-tests.sh	--- PASS: TestAC118KindFieldSaysExplicitForAGrantThatStoodOnTheObjectItself (0.02s)
test-windows	bash scripts/winsec-tests.sh	--- PASS: TestAC118KindFieldSaysInheritedForAGrantTheParentHandedDown (0.02s)
test-windows	bash scripts/winsec-tests.sh	--- PASS: TestAC118KindFieldSaysBothWhenTheObjectCarriedItsOwnGrantToo (0.04s)
test-windows	bash scripts/winsec-tests.sh	--- PASS: TestAC118NamesEveryoneIsJudgedBySIDNotByTwoBytes (0.13s)
test-windows	bash scripts/winsec-tests.sh	--- PASS: TestAC2AncestorPrefixesForEverySeparatorShape (0.00s)
test-windows	bash scripts/winsec-tests.sh	--- PASS: TestAC2AncestorPrefixesForEverySeparatorShape/native-backslash (0.00s)
test-windows	bash scripts/winsec-tests.sh	--- PASS: TestAC2AncestorPrefixesForEverySeparatorShape/all-forward-slash (0.00s)
test-windows	bash scripts/winsec-tests.sh	--- PASS: TestAC2AncestorPrefixesForEverySeparatorShape/mixed-separators (0.00s)
test-windows	bash scripts/winsec-tests.sh	--- PASS: TestAC2AncestorPrefixesForEverySeparatorShape/trailing-separator (0.00s)
test-windows	bash scripts/winsec-tests.sh	--- PASS: TestAC2AncestorPrefixesForEverySeparatorShape/doubled-separator (0.00s)
test-windows	bash scripts/winsec-tests.sh	--- PASS: TestAC2AncestorPrefixesForEverySeparatorShape/posix-backslash-is-a-name-character (0.00s)
test-windows	bash scripts/winsec-tests.sh	--- PASS: TestAC2AncestorPrefixesForEverySeparatorShape/extended-length-prefix (0.00s)
test-windows	bash scripts/winsec-tests.sh	--- PASS: TestAC2ComponentsAndTraversalPerSeparatorShape (0.00s)
test-windows	bash scripts/winsec-tests.sh	--- PASS: TestAC5FailedSealRefusesTheWrite (0.01s)
test-windows	bash scripts/winsec-tests.sh	--- PASS: TestAC5FailedSealRefusesTheWrite/exclusive_artifact (0.00s)
test-windows	bash scripts/winsec-tests.sh	--- PASS: TestAC5FailedSealRefusesTheWrite/replacement_write (0.00s)
test-windows	bash scripts/winsec-tests.sh	--- PASS: TestAC5FailedSealRefusesTheWrite/directory_chain (0.00s)
test-windows	bash scripts/winsec-tests.sh	--- PASS: TestAC5FailedSealRefusesTheWrite/seal_file_and_dir_direct (0.00s)
test-windows	bash scripts/winsec-tests.sh	--- PASS: TestAC5FailureIsNotSwallowedByTheHappyPath (0.00s)
test-windows	bash scripts/winsec-tests.sh	--- PASS: TestGateJudgesThePrivateSetByResolvedSID (0.01s)
test-windows	bash scripts/winsec-tests.sh	--- PASS: TestGateJudgesThePrivateSetByResolvedSID/runner_descriptor_is_judged_by_what_it_resolves_to (0.00s)
test-windows	bash scripts/winsec-tests.sh	--- PASS: TestGateJudgesThePrivateSetByResolvedSID/the_set_holds_no_name_in_the_form_it_is_compared_with (0.00s)
test-windows	bash scripts/winsec-tests.sh	--- PASS: TestGateJudgesThePrivateSetByResolvedSID/a_name_spelling_cannot_change_the_verdict (0.00s)
test-windows	bash scripts/winsec-tests.sh	--- PASS: TestSealNarrowsAndNamesThePrincipalItRemovedBySID (0.06s)
test-windows	bash scripts/winsec-tests.sh	--- PASS: TestGateRefusesADescriptorThatLeavesARealGrantToAnotherAccount (0.00s)
test-windows	bash scripts/winsec-tests.sh	--- PASS: TestAC4DirectorySymlinkAtArtifactPositionIsNotRecursed (0.01s)
test-windows	bash scripts/winsec-tests.sh	--- PASS: TestAC4DirectorySymlinkInsideSealedTreeIsNotWalked (0.01s)
test-windows	bash scripts/winsec-tests.sh	--- PASS: TestAC4JunctionAtArtifactPositionIsNotRecursed (0.06s)
test-windows	bash scripts/winsec-tests.sh	--- PASS: TestAC4UnlinkableLinkGivesNamedError (0.03s)
test-windows	bash scripts/winsec-tests.sh	--- PASS: TestAC4SealedWalkSkipsLinks (0.03s)
test-windows	bash scripts/winsec-tests.sh	--- PASS: TestCrossVolumeSpellingsAreNotOneTree (0.00s)
test-windows	bash scripts/winsec-tests.sh	--- PASS: TestNoticeFromOneVolumeIsNotAttributedToAnotherVolumeSpelling (0.02s)
test-windows	bash scripts/winsec-tests.sh	--- PASS: TestNoticeFromOneVolumeIsNotAttributedToASecondRealVolume (0.04s)
test-windows	bash scripts/winsec-tests.sh	--- PASS: TestNoticeFromOneVolumeIsNotAttributedToASecondRealVolume/two_real_volumes (0.04s)
test-windows	bash scripts/winsec-tests.sh	--- PASS: TestSeamGuardRefusesACandidateWhoseSecondWitnessNamesAnotherVolume (0.00s)
test-windows	bash scripts/winsec-tests.sh	--- PASS: TestAC1DriveRelativeAndAbsoluteSpellingsNameTwoObjectsOnThisBox (7.31s)
test-windows	bash scripts/winsec-tests.sh	--- PASS: TestAC1DriveRelativeAndAbsoluteSpellingsNameTwoObjectsOnThisBox/on_the_volume_the_process_is_standing_on (7.31s)
test-windows	bash scripts/winsec-tests.sh	--- PASS: TestAC1SeamVouchesForTwoRealObjectsThatDifferOnlyInAbsoluteness (0.00s)
test-windows	bash scripts/winsec-tests.sh	--- PASS: TestAC2NoSealEverActsOnAGloballyDifferentAbsoluteness (0.00s)
test-windows	bash scripts/winsec-tests.sh	--- PASS: TestAC1SealLandsInAForeignTreeWhenTheSeamAdmittedAnAbsolutenessBlindCandidate (0.21s)
test-windows	bash scripts/winsec-tests.sh	--- PASS: TestAC1BaselineProductionPaths (0.28s)
test-windows	bash scripts/winsec-tests.sh	--- PASS: TestAC1BaselineForeignACEPropagatesIntoModeOnlyWrites (0.04s)
test-windows	bash scripts/winsec-tests.sh	--- PASS: TestAC3SealedWritesCarryNoForeignSID (0.07s)
test-windows	bash scripts/winsec-tests.sh	--- PASS: TestAC3SealedWritesCarryNoForeignSID/artifact-exclusive (0.02s)
test-windows	bash scripts/winsec-tests.sh	--- PASS: TestAC3SealedWritesCarryNoForeignSID/secret-blob (0.02s)
test-windows	bash scripts/winsec-tests.sh	--- PASS: TestAC3SealedWritesCarryNoForeignSID/staging-temp (0.02s)
test-windows	bash scripts/winsec-tests.sh	--- PASS: TestAC2SealedDirCoversFilesItNeverTouched (0.11s)
test-windows	bash scripts/winsec-tests.sh	--- PASS: TestAC2SealDirNarrowsChildrenThatCarryTheirOwnExplicitACEs (0.24s)
test-windows	bash scripts/winsec-tests.sh	--- PASS: TestAC2MigrationBackupIsPrivate (0.15s)
test-windows	bash scripts/winsec-tests.sh	--- PASS: TestAC2PreExistingMigrationBackupIsRepaired (0.11s)
test-windows	bash scripts/winsec-tests.sh	--- PASS: TestAC3ProductionDataRootIsPrivateEndToEnd (0.32s)
test-windows	bash scripts/winsec-tests.sh	--- PASS: TestC26PipelineIsWiredIntoWinsec (0.02s)
test-windows	bash scripts/winsec-tests.sh	--- PASS: TestAC3JunctionInputIsRefusedNotSealed (0.16s)
test-windows	bash scripts/winsec-tests.sh	--- PASS: TestAC3JunctionInputIsRefusedNotSealed/existing_directory_behind_the_link (0.03s)
test-windows	bash scripts/winsec-tests.sh	--- PASS: TestAC3JunctionInputIsRefusedNotSealed/missing_directory_under_the_link (0.00s)
test-windows	bash scripts/winsec-tests.sh	--- PASS: TestAC3JunctionInputIsRefusedNotSealed/with_only_the_built-in_verifier (0.03s)
test-windows	bash scripts/winsec-tests.sh	--- PASS: TestAC1SeamCannotBeFreedThenGivenATreeMovingFake (0.21s)
test-windows	bash scripts/winsec-tests.sh	--- PASS: TestAC4TreeOwnershipIsPartOfTheConformanceContract (0.09s)
test-windows	bash scripts/winsec-tests.sh	--- PASS: TestAC4ResolverThatCannotAccountForItsTreeCannotSealAnything (0.00s)
test-windows	bash scripts/winsec-tests.sh	--- PASS: TestAC3PlacementFloorHoldsForEverySeparatorSpelling (0.87s)
test-windows	bash scripts/winsec-tests.sh	--- PASS: TestAC3PlacementFloorHoldsForEverySeparatorSpelling/native-backslash (0.11s)
test-windows	bash scripts/winsec-tests.sh	--- PASS: TestAC3PlacementFloorHoldsForEverySeparatorSpelling/all-forward-slash (0.11s)
test-windows	bash scripts/winsec-tests.sh	--- PASS: TestAC3PlacementFloorHoldsForEverySeparatorSpelling/mixed-separators (0.11s)
test-windows	bash scripts/winsec-tests.sh	--- PASS: TestAC3PlacementFloorHoldsForEverySeparatorSpelling/trailing-separator (0.11s)
test-windows	bash scripts/winsec-tests.sh	--- PASS: TestAC3PlacementFloorHoldsForEverySeparatorSpelling/doubled-separator (0.10s)
test-windows	bash scripts/winsec-tests.sh	--- PASS: TestAC3PlacementFloorHoldsForEverySeparatorSpelling/dot-segment (0.11s)
test-windows	bash scripts/winsec-tests.sh	--- PASS: TestAC3PlacementFloorHoldsForEverySeparatorSpelling/extended-length-prefix (0.11s)
test-windows	bash scripts/winsec-tests.sh	--- PASS: TestAC3PlacementFloorHoldsForEverySeparatorSpelling/volume-only-relative-tail (0.11s)
test-windows	bash scripts/winsec-tests.sh	--- PASS: TestAC2AncestorGuardHoldsForEverySeparatorSpelling (0.75s)
test-windows	bash scripts/winsec-tests.sh	--- PASS: TestAC2AncestorGuardHoldsForEverySeparatorSpelling/native-backslash (0.09s)
test-windows	bash scripts/winsec-tests.sh	--- PASS: TestAC2AncestorGuardHoldsForEverySeparatorSpelling/all-forward-slash (0.09s)
test-windows	bash scripts/winsec-tests.sh	--- PASS: TestAC2AncestorGuardHoldsForEverySeparatorSpelling/mixed-separators (0.10s)
test-windows	bash scripts/winsec-tests.sh	--- PASS: TestAC2AncestorGuardHoldsForEverySeparatorSpelling/trailing-separator (0.09s)
test-windows	bash scripts/winsec-tests.sh	--- PASS: TestAC2AncestorGuardHoldsForEverySeparatorSpelling/doubled-separator (0.09s)
test-windows	bash scripts/winsec-tests.sh	--- PASS: TestAC2AncestorGuardHoldsForEverySeparatorSpelling/dot-segment (0.09s)
test-windows	bash scripts/winsec-tests.sh	--- PASS: TestAC2AncestorGuardHoldsForEverySeparatorSpelling/extended-length-prefix (0.10s)
test-windows	bash scripts/winsec-tests.sh	--- PASS: TestAC2AncestorGuardHoldsForEverySeparatorSpelling/volume-only-relative-tail (0.09s)
test-windows	bash scripts/winsec-tests.sh	--- PASS: TestAC2AncestorGuardStillUnlinksAPlainFile (0.07s)
test-windows	bash scripts/winsec-tests.sh	--- PASS: TestAC1SeamRejectsARubberStampAndLeavesTheForeignDaclAlone (0.15s)
test-windows	bash scripts/winsec-tests.sh	--- PASS: TestAC1SeamIsOneWayUseIsTheOnlyDirection (0.00s)
test-windows	bash scripts/winsec-tests.sh	--- PASS: TestAC1RefusedInstallLeavesTheSealWorking (0.11s)
test-windows	bash scripts/winsec-tests.sh	--- PASS: TestAC2RemoveUnlinkedRefusesAPathThroughAJunction (0.08s)
test-windows	bash scripts/winsec-tests.sh	--- PASS: TestAC2RemoveUnlinkedStillUnlinksAStandaloneLink (0.07s)
test-windows	bash scripts/winsec-tests.sh	--- PASS: TestTreeOwnershipProbeAcceptsAn83ShortSpellingOfItsOwnParent (0.01s)
test-windows	bash scripts/winsec-tests.sh	--- PASS: TestTreeOwnershipProbeAcceptsAn83ShortSpellingOfItsOwnParent/on_a_volume_that_generates_8.3_names (0.01s)
test-windows	bash scripts/wisp-cli-tests.sh	--- PASS: TestAC1AlwaysBranchDoesNotRevertAHandEditedKey (1.78s)
test-windows	bash scripts/wisp-cli-tests.sh	--- PASS: TestAlwaysBranchStoresItsRuleOnlyAfterASecondL2Card (1.57s)
test-windows	bash scripts/wisp-cli-tests.sh	--- PASS: TestAlwaysBranchStoresNothingWhenTheSecondCardIsRefused (1.47s)
test-windows	bash scripts/wisp-cli-tests.sh	--- PASS: TestReplyListenerAllowsAnL2CardFromTheNativeSide (1.49s)
test-windows	bash scripts/wisp-cli-tests.sh	--- PASS: TestReplyListenerRejectCarriesTheOperatorsReasonToTheModel (1.43s)
test-windows	bash scripts/wisp-cli-tests.sh	--- PASS: TestPanelRouteRefusesAnAllowBurnsTheGrantAndCanStillReject (1.74s)
test-windows	bash scripts/wisp-cli-tests.sh	--- PASS: TestUnansweredL2CardTimesOutIntoRejectNeverExecution (3.68s)
test-windows	bash scripts/wisp-cli-tests.sh	--- FAIL: TestL1VetoNeedsAChannelTheHostReallyWired (22.87s)
test-windows	bash scripts/wisp-cli-tests.sh	--- FAIL: TestL1VetoNeedsAChannelTheHostReallyWired/console_posture:_veto_refused,_window_still_executes (21.47s)
test-windows	bash scripts/wisp-cli-tests.sh	--- FAIL: TestL1VetoNeedsAChannelTheHostReallyWired/host_declares_and_loads_esc,_veto_lands (1.40s)
test-windows	bash scripts/wisp-cli-tests.sh	--- PASS: TestNativeHostSeamAnswersAnL2CardWithoutAnyConsole (1.34s)
test-windows	bash scripts/wisp-cli-tests.sh	--- PASS: TestNativeHostSeamRefusesAPanelSourcedAllow (1.33s)
test-windows	bash scripts/wisp-cli-tests.sh	--- PASS: TestTicket223RunArmsTheReloadTick (2.29s)
test-windows	bash scripts/wisp-cli-tests.sh	--- FAIL: TestTicket223HandEditedFsLooseningCostsAnL2Card (2.43s)
test-windows	bash scripts/wisp-cli-tests.sh	--- PASS: TestTicket223RefusedLooseningKeepsOldValues (5.43s)
test-windows	bash scripts/wisp-cli-tests.sh	--- PASS: TestTicket223TighteningRaisesNoCard (2.32s)
test-windows	bash scripts/wisp-cli-tests.sh	--- PASS: TestTicket223ModeLooseningChangesTheRunningModeAfterAllow (2.37s)
test-windows	bash scripts/wisp-cli-tests.sh	--- PASS: TestTicket223RestartTierSaysItWillNotApply (2.41s)
test-windows	bash scripts/wisp-cli-tests.sh	--- PASS: TestTicket223FailureSentencesAreDistinct (9.28s)
test-windows	bash scripts/wisp-cli-tests.sh	--- PASS: TestTicket223FailureSentencesAreDistinct/缺失 (2.31s)
test-windows	bash scripts/wisp-cli-tests.sh	--- PASS: TestTicket223FailureSentencesAreDistinct/语法错 (2.37s)
test-windows	bash scripts/wisp-cli-tests.sh	--- PASS: TestTicket223FailureSentencesAreDistinct/声明了版本但坏在后面 (2.26s)
test-windows	bash scripts/wisp-cli-tests.sh	--- PASS: TestTicket223FailureSentencesAreDistinct/schema未知键 (2.34s)
test-windows	bash scripts/wisp-cli-tests.sh	--- PASS: TestTicket223PanelInboundSaysHotReloadIsDisabled (0.01s)
test-windows	bash scripts/wisp-cli-tests.sh	--- FAIL: TestTicket223PermissionDeniedSitsInItsOwnSentence (1.40s)
test-windows	bash scripts/wisp-cli-tests.sh	--- PASS: TestTicket223R2FailureSentenceRouting (0.53s)
test-windows	bash scripts/wisp-cli-tests.sh	--- PASS: TestTicket223R2FailureSentenceRouting/声明当前版_注释以方括号开头_C1 (0.07s)
test-windows	bash scripts/wisp-cli-tests.sh	--- PASS: TestTicket223R2FailureSentenceRouting/声明当前版_CRLF_E1 (0.07s)
test-windows	bash scripts/wisp-cli-tests.sh	--- PASS: TestTicket223R2FailureSentenceRouting/声明当前版_无空格_G1 (0.07s)
test-windows	bash scripts/wisp-cli-tests.sh	--- PASS: TestTicket223R2FailureSentenceRouting/声明当前版_缩进版本行_L1 (0.07s)
test-windows	bash scripts/wisp-cli-tests.sh	--- PASS: TestTicket223R2FailureSentenceRouting/声明未来版_正文语法坏_J1 (0.07s)
test-windows	bash scripts/wisp-cli-tests.sh	--- PASS: TestTicket223R2FailureSentenceRouting/读不出版本_A1_基线不动 (0.07s)
test-windows	bash scripts/wisp-cli-tests.sh	--- PASS: TestTicket223R2FailureSentenceRouting/声明旧版_坏表头_A2_仍归迁移 (0.07s)
test-windows	bash scripts/wisp-cli-tests.sh	--- PASS: TestTicket223R2FailureSentenceRouting/解析得开_未知键_不抢语法错 (0.07s)
test-windows	bash scripts/wisp-cli-tests.sh	--- PASS: TestAC2ResolveDataDirRefusesInsteadOfFallingBackToCWD128 (0.00s)
test-windows	bash scripts/wisp-cli-tests.sh	--- PASS: TestAC2ResolveDataDirRefusesInsteadOfFallingBackToCWD128/dev (0.00s)
test-windows	bash scripts/wisp-cli-tests.sh	--- PASS: TestAC2ResolveDataDirRefusesInsteadOfFallingBackToCWD128/prod (0.00s)
test-windows	bash scripts/wisp-cli-tests.sh	--- PASS: TestAC2TestDataDirBranchStillResolves128 (0.00s)
test-windows	bash scripts/wisp-cli-tests.sh	--- PASS: TestAC2RefusalMarkersAreNotAShortenableList128 (0.00s)
test-windows	bash scripts/wisp-cli-tests.sh	--- PASS: TestAC2EveryLegRefusesTheSameShapeAndWritesNothing128 (0.09s)
test-windows	bash scripts/wisp-cli-tests.sh	--- PASS: TestAC2EveryLegRefusesTheSameShapeAndWritesNothing128/runTextTask (0.00s)
test-windows	bash scripts/wisp-cli-tests.sh	--- PASS: TestAC2EveryLegRefusesTheSameShapeAndWritesNothing128/cmdModels (0.00s)
test-windows	bash scripts/wisp-cli-tests.sh	--- PASS: TestAC2EveryLegRefusesTheSameShapeAndWritesNothing128/cmdProviders (0.00s)
test-windows	bash scripts/wisp-cli-tests.sh	--- PASS: TestAC2EveryLegRefusesTheSameShapeAndWritesNothing128/cmdDoctor (0.02s)
test-windows	bash scripts/wisp-cli-tests.sh	--- PASS: TestAC2EveryLegRefusesTheSameShapeAndWritesNothing128/resolveSecretLayout (0.00s)
test-windows	bash scripts/wisp-cli-tests.sh	--- PASS: TestAC2RealProcessRefusesOnEveryLegWithoutAppData128 (4.23s)
test-windows	bash scripts/wisp-cli-tests.sh	--- PASS: TestAC2RealProcessRefusesOnEveryLegWithoutAppData128/run (0.40s)
test-windows	bash scripts/wisp-cli-tests.sh	--- PASS: TestAC2RealProcessRefusesOnEveryLegWithoutAppData128/secret-list (0.08s)
test-windows	bash scripts/wisp-cli-tests.sh	--- PASS: TestAC2RealProcessRefusesOnEveryLegWithoutAppData128/doctor (0.10s)
test-windows	bash scripts/wisp-cli-tests.sh	--- PASS: TestAC2RealProcessRefusesOnEveryLegWithoutAppData128/resident (0.07s)
test-windows	bash scripts/wisp-cli-tests.sh	--- PASS: TestAC3EarlyRecordLandsOnDiskBeforeTheInstallRecord (3.31s)
test-windows	bash scripts/wisp-cli-tests.sh	--- PASS: TestAC3EarlyReplayKeepsTheSinkInsideTheDataRoot (3.31s)
test-windows	bash scripts/wisp-cli-tests.sh	--- FAIL: TestRunPacketCarriesTheLoadedInstructionFiles (1.25s)
test-windows	bash scripts/wisp-cli-tests.sh	--- PASS: TestRunPacketSaysOffAndSaysItDifferentlyThanNothingFound (2.56s)
test-windows	bash scripts/wisp-cli-tests.sh	--- PASS: TestAC1AC2DispatchHopGate133 (0.14s)
test-windows	bash scripts/wisp-cli-tests.sh	--- PASS: TestAC4EveryLegIsNailedOrRuled (0.06s)
test-windows	bash scripts/wisp-cli-tests.sh	--- PASS: TestAC2ModelsLegBooksItsHandOffVerdictOnDisk (0.01s)
test-windows	bash scripts/wisp-cli-tests.sh	--- PASS: TestAC3SecretLegBooksItsAuditRecordsOnDisk (0.03s)
test-windows	bash scripts/wisp-cli-tests.sh	--- PASS: TestAC2AC3DegradedLegsStillDeliverTheirVerdict (0.01s)
test-windows	bash scripts/wisp-cli-tests.sh	--- PASS: TestAC2AC3DegradedLegsStillDeliverTheirVerdict/models (0.00s)
test-windows	bash scripts/wisp-cli-tests.sh	--- PASS: TestAC2AC3DegradedLegsStillDeliverTheirVerdict/secret (0.01s)
test-windows	bash scripts/wisp-cli-tests.sh	--- PASS: TestAC3LogSinkLandsInsideTheEnvDataRoot (0.00s)
test-windows	bash scripts/wisp-cli-tests.sh	--- PASS: TestAC3EmptyDataRootIsARefusalNotAFallback (0.00s)
test-windows	bash scripts/wisp-cli-tests.sh	--- PASS: TestAC3InstallingTheFileSinkDoesNotSilenceTheConsole (0.01s)
test-windows	bash scripts/wisp-cli-tests.sh	--- PASS: TestAC2SealNoticeLandsInTheRunLegLogFile (0.06s)
test-windows	bash scripts/wisp-cli-tests.sh	--- PASS: TestAC2AuditTrailLandsInTheRunLegLogFile (1.32s)
test-windows	bash scripts/wisp-cli-tests.sh	--- PASS: TestAC2RunLegInstallsTheSinkBeforeItsFirstSealingSite (0.03s)
test-windows	bash scripts/wisp-cli-tests.sh	--- PASS: TestAC1AC2TaintSourceLegProducesAJudgedR4 (0.00s)
test-windows	bash scripts/wisp-cli-tests.sh	--- PASS: TestAC2TaintFlagDoesNotLeakIntoTheDefaultCard (0.00s)
test-windows	bash scripts/wisp-cli-tests.sh	--- PASS: TestAC3TaintSourceThatTheCallDoesNotCarryIsNotAHit (0.01s)
test-windows	bash scripts/wisp-cli-tests.sh	--- PASS: TestAC3TaintSourceThatTheCallDoesNotCarryIsNotAHit/declared_but_absent_from_the_outgoing_call (0.00s)
test-windows	bash scripts/wisp-cli-tests.sh	--- PASS: TestAC3TaintSourceThatTheCallDoesNotCarryIsNotAHit/fragment_below_the_contract_floor_cannot_match (0.00s)
test-windows	bash scripts/wisp-cli-tests.sh	--- PASS: TestAC2TaintSourceIsVisibleInTheUsageBlock (0.00s)
test-windows	bash scripts/wisp-cli-tests.sh	--- PASS: TestAC1MalformedTaintSourceIsRefused (0.02s)
test-windows	bash scripts/wisp-cli-tests.sh	--- PASS: TestAC1MalformedTaintSourceIsRefused/no_separators (0.01s)
test-windows	bash scripts/wisp-cli-tests.sh	--- PASS: TestAC1MalformedTaintSourceIsRefused/two_parts (0.00s)
test-windows	bash scripts/wisp-cli-tests.sh	--- PASS: TestAC1MalformedTaintSourceIsRefused/empty_tool (0.01s)
test-windows	bash scripts/wisp-cli-tests.sh	--- PASS: TestAC1MalformedTaintSourceIsRefused/empty_content (0.01s)
test-windows	bash scripts/wisp-cli-tests.sh	--- PASS: TestAC1CmdSideEmitsNoVerdictTokens (0.00s)
test-windows	bash scripts/wisp-cli-tests.sh	--- PASS: TestPanelHostOpensNoListeningSocketL1 (0.00s)
test-windows	bash scripts/wisp-cli-tests.sh	--- PASS: TestPanelBundleShapeSeparatesAnchorFromRealPage_AC12 (0.10s)
test-windows	bash scripts/wisp-cli-tests.sh	--- PASS: TestAC1SessionDisposeHasAProductionTrigger_AC1 (0.02s)
test-windows	bash scripts/wisp-cli-tests.sh	--- PASS: TestCleanCheckoutBuilds_AC11 (23.68s)
test-windows	bash scripts/wisp-cli-tests.sh	--- FAIL: TestPanelHostRealWindowHopAndLifecycle (6.57s)
test-windows	bash scripts/wisp-cli-tests.sh	--- PASS: TestAC4FocusReturnToPriorWindowGap33r5 (5.27s)
test-windows	bash scripts/wisp-cli-tests.sh	--- SKIP: TestPanelHostLatencyPercentilesAC2 (0.00s)
test-windows	bash scripts/wisp-cli-tests.sh	--- PASS: TestAC3ListeningSocketRulerSeesItsOwnListener (0.01s)
test-windows	bash scripts/wisp-cli-tests.sh	--- PASS: TestAC9InboundLegFromStdinReachesTheWriteLeg (0.07s)
test-windows	bash scripts/wisp-cli-tests.sh	--- PASS: TestAC9InboundLegRefusesUnlistedMethodAndAuditsIt (0.04s)
test-windows	bash scripts/wisp-cli-tests.sh	--- PASS: TestAC9InboundLegRefusesRosterMethodWithNoHandler (0.04s)
test-windows	bash scripts/wisp-cli-tests.sh	--- PASS: TestAC9ComposerDispatchHasAProductionCaller (0.02s)
test-windows	bash scripts/wisp-cli-tests.sh	--- PASS: TestAC9InboundFlagSurfaceIsNarrow (0.02s)
test-windows	bash scripts/wisp-cli-tests.sh	--- PASS: TestRunBooksWithASnapshotOfItsLiveQueue (3.67s)
test-windows	bash scripts/wisp-cli-tests.sh	--- PASS: TestSnapshotWorkspaceSectionReportsTheNarrowing (1.59s)
test-windows	bash scripts/wisp-cli-tests.sh	--- PASS: TestThePumpIsDrivenNotJustAssembled (1.70s)
test-windows	bash scripts/wisp-cli-tests.sh	--- SKIP: TestAC13ColdStartEndsOnTheEmbeddedEntryNotTheProbe (0.00s)
test-windows	bash scripts/wisp-cli-tests.sh	--- PASS: TestAC13BringUpSurvivesAReusedThreadQuit (1.15s)
test-windows	bash scripts/wisp-cli-tests.sh	--- PASS: TestAC13BringUpRefusesAThreadWithAQueuedClose (0.77s)
test-windows	bash scripts/wisp-cli-tests.sh	--- PASS: TestAC13NamedRefusalEndsThePanelThreadInsteadOfRefusingForever (0.06s)
test-windows	bash scripts/wisp-cli-tests.sh	--- PASS: TestAC14AwaitedBindingReplyReachesThePage (1.75s)
test-windows	bash scripts/wisp-cli-tests.sh	--- PASS: TestAC14GoSideEvalPushReachesThePage (0.56s)
test-windows	bash scripts/wisp-cli-tests.sh	--- PASS: TestPanelThreadIsSTAAndExitsCleanly (0.34s)
test-windows	bash scripts/wisp-cli-tests.sh	--- PASS: TestPanelThreadNameIsNotInResidentRoster (0.00s)
test-windows	bash scripts/wisp-cli-tests.sh	--- PASS: TestBallPanelGesturesReachThePanelThread (0.38s)
test-windows	bash scripts/wisp-cli-tests.sh	--- PASS: TestBallGestureWithoutPanelHostStillRecords (0.00s)
test-windows	bash scripts/wisp-cli-tests.sh	--- PASS: TestAC4PriorFocusSurvivesARefusedPanelSample (0.38s)
test-windows	bash scripts/wisp-cli-tests.sh	--- PASS: TestProvidersProbeRecordsMeasuredThinkingFalse (1.90s)
test-windows	bash scripts/wisp-cli-tests.sh	--- PASS: TestProvidersProbeRecordsMeasuredThinkingTrue (1.78s)
test-windows	bash scripts/wisp-cli-tests.sh	--- PASS: TestProvidersDiscoverListsWhatTheServerServes (1.59s)
test-windows	bash scripts/wisp-cli-tests.sh	--- PASS: TestProvidersProbeUnconfiguredRefIsNotSilentlyKeyless (1.64s)
test-windows	bash scripts/wisp-cli-tests.sh	--- PASS: TestAC246CancelGestureUsesTheInjectedExecutor (0.00s)
test-windows	bash scripts/wisp-cli-tests.sh	--- PASS: TestAC246EscChannelStaysUnloadedWithoutABallWindow (0.00s)
test-windows	bash scripts/wisp-cli-tests.sh	--- PASS: TestAC246CardWithNoWindowFailsClosedThroughTheRealGate (0.00s)
test-windows	bash scripts/wisp-cli-tests.sh	--- PASS: TestAC246CancelStepHookRunsOnTheRealShutdownSequence (0.00s)
test-windows	bash scripts/wisp-cli-tests.sh	--- PASS: TestAC246ShippedResidentProcessOwnsItsCancelStep (4.01s)
test-windows	bash scripts/wisp-cli-tests.sh	--- PASS: TestAC246ChannelNeedsBothWindowAndExecutor (0.05s)
test-windows	bash scripts/wisp-cli-tests.sh	--- PASS: TestAC246VetoSentenceWithNoCard (0.00s)
test-windows	bash scripts/wisp-cli-tests.sh	--- PASS: TestAC246StatusLineSaysWhatTheLegDoesNot (0.00s)
test-windows	bash scripts/wisp-cli-tests.sh	--- PASS: TestAC228ResidentLegIsTheBallHost (0.02s)
test-windows	bash scripts/wisp-cli-tests.sh	--- PASS: TestAC228BallHostAnswersEveryGesture (0.02s)
test-windows	bash scripts/wisp-cli-tests.sh	--- PASS: TestAC228ResidentLegReportsAndBooksItsBall (3.99s)
test-windows	bash scripts/wisp-cli-tests.sh	--- PASS: TestAC228ExitRequestDuringBootStillLeavesThroughD38E (3.34s)
test-windows	bash scripts/wisp-cli-tests.sh	--- PASS: TestAC1ResidentLegInstallsItsLogListenerOnDisk (3.83s)
test-windows	bash scripts/wisp-cli-tests.sh	--- PASS: TestAC1ResidentLegOutlivesItsOwnLogFailure (3.46s)
test-windows	bash scripts/wisp-cli-tests.sh	--- PASS: TestAC1ResidentLegBooksItsShutdownBeforeClosingTheSink (3.33s)
test-windows	bash scripts/wisp-cli-tests.sh	--- FAIL: TestAC246ResidentPipelineAsksThroughTheOneGate (1.32s)
test-windows	bash scripts/wisp-cli-tests.sh	--- PASS: TestAC246ResidentGateInjectionIsRefusedHalfAssembled (1.38s)
test-windows	bash scripts/wisp-cli-tests.sh	--- PASS: TestAC246ResidentGateInjectionIsRefusedHalfAssembled/gate_without_ledger (0.10s)
test-windows	bash scripts/wisp-cli-tests.sh	--- PASS: TestAC246ResidentGateInjectionIsRefusedHalfAssembled/gate_without_surface (0.01s)
test-windows	bash scripts/wisp-cli-tests.sh	--- PASS: TestAC246ResidentTaskRootCancelStopsTheModelCall (1.38s)
test-windows	bash scripts/wisp-cli-tests.sh	--- PASS: TestAC246TestTaskInjectionPredicate (0.00s)
test-windows	bash scripts/wisp-cli-tests.sh	--- PASS: TestAC246TestTaskInjectionPredicate/accepted_in_the_harness'_own_root (0.00s)
test-windows	bash scripts/wisp-cli-tests.sh	--- PASS: TestAC246TestTaskInjectionPredicate/refused_outside_test (0.00s)
test-windows	bash scripts/wisp-cli-tests.sh	--- PASS: TestAC246TestTaskInjectionPredicate/refused_when_the_root_is_not_the_harness'_own (0.00s)
test-windows	bash scripts/wisp-cli-tests.sh	--- PASS: TestAC246TestTaskInjectionPredicate/unset_is_silent (0.00s)
test-windows	bash scripts/wisp-cli-tests.sh	--- PASS: TestAC246TestTaskInjectionPredicate/a_refusal_never_carries_the_whole_text (0.00s)
test-windows	bash scripts/wisp-cli-tests.sh	--- PASS: TestAC246ShippedResidentLegWithoutConsoleRefusesItsTaskEntry (3.31s)
test-windows	bash scripts/wisp-cli-tests.sh	--- PASS: TestAC246ShippedResidentLegTakesTheInjectionAndAttemptsThePipeline (3.14s)
test-windows	bash scripts/wisp-cli-tests.sh	--- PASS: TestAC246DevLegIgnoresTheTestTaskInjection (3.37s)
test-windows	bash scripts/wisp-cli-tests.sh	--- FAIL: TestTicket101ManualSwitchSurvivesRestart (3.34s)
test-windows	bash scripts/wisp-cli-tests.sh	--- FAIL: TestTicket101UntouchedConfigRestartsAtDefault (4.49s)
test-windows	bash scripts/wisp-cli-tests.sh	--- FAIL: TestTicket101SessionGrantDoesNotCrossRestart (4.36s)
test-windows	bash scripts/wisp-cli-tests.sh	--- PASS: TestTicket101ModeSwitchUsesTheRealL2Gate (1.62s)
test-windows	bash scripts/wisp-cli-tests.sh	--- PASS: TestTicket101UnreadableModeFailsLoudlyAndStrict (1.62s)
test-windows	bash scripts/wisp-cli-tests.sh	--- PASS: TestTicket101UnreadableModeFailsLoudlyAndStrict/存储损坏 (0.01s)
test-windows	bash scripts/wisp-cli-tests.sh	--- PASS: TestTicket101UnreadableModeFailsLoudlyAndStrict/版本不认识 (0.01s)
test-windows	bash scripts/wisp-cli-tests.sh	--- PASS: TestTicket101UnreadableModeFailsLoudlyAndStrict/权限读不到 (0.01s)
test-windows	bash scripts/wisp-cli-tests.sh	--- PASS: TestRunTextTaskTextPathEndToEnd (8.35s)
test-windows	bash scripts/wisp-cli-tests.sh	--- PASS: TestRunTextTaskFailNextIsClassified (1.74s)
test-windows	bash scripts/wisp-cli-tests.sh	--- PASS: TestHostDispatchThroughTheAssembledBridge (1.68s)
test-windows	bash scripts/wisp-cli-tests.sh	--- FAIL: TestComposedGateBlocksAWriteForTwoSeconds (301.70s)
test-windows	bash scripts/wisp-cli-tests.sh	--- PASS: TestRunTextTaskKeyResolvesInTheStore (1.40s)
test-windows	bash scripts/wisp-cli-tests.sh	--- PASS: TestMissingBlobFailsUnconfiguredNeverSilently (1.18s)
test-windows	bash scripts/wisp-cli-tests.sh	--- PASS: TestSecretArgvCarriesNoSecret (3.29s)
test-windows	bash scripts/wisp-cli-tests.sh	--- PASS: TestSecretArgvCarriesNoSecret/from-stdin (0.63s)
test-windows	bash scripts/wisp-cli-tests.sh	--- PASS: TestSecretArgvCarriesNoSecret/interactive-without-console (0.08s)
test-windows	bash scripts/wisp-cli-tests.sh	--- PASS: TestSecretRealBinaryRefusesValueFlag (3.18s)
test-windows	bash scripts/wisp-cli-tests.sh	--- PASS: TestProcessCommandLineProbeHelperProcess (0.00s)
test-windows	bash scripts/wisp-cli-tests.sh	--- PASS: TestProcessCommandLineProbeDetectsAPlantedValue (0.06s)
test-windows	bash scripts/wisp-cli-tests.sh	--- PASS: TestSecretSetGetListRoundTrip (0.01s)
test-windows	bash scripts/wisp-cli-tests.sh	--- PASS: TestSecretSetRejectsBadNamesAndEmptyInput (0.00s)
test-windows	bash scripts/wisp-cli-tests.sh	--- PASS: TestSecretSetRejectsBadNamesAndEmptyInput/traversal (0.00s)
test-windows	bash scripts/wisp-cli-tests.sh	--- PASS: TestSecretSetRejectsBadNamesAndEmptyInput/dotdot (0.00s)
test-windows	bash scripts/wisp-cli-tests.sh	--- PASS: TestSecretSetRejectsBadNamesAndEmptyInput/separator (0.00s)
test-windows	bash scripts/wisp-cli-tests.sh	--- PASS: TestSecretSetRejectsBadNamesAndEmptyInput/space (0.00s)
test-windows	bash scripts/wisp-cli-tests.sh	--- PASS: TestSecretSetRejectsBadNamesAndEmptyInput/empty (0.00s)
test-windows	bash scripts/wisp-cli-tests.sh	--- PASS: TestSecretSetRejectsBadNamesAndEmptyInput/empty_stdin (0.00s)
test-windows	bash scripts/wisp-cli-tests.sh	--- PASS: TestSecretSetRejectsBadNamesAndEmptyInput/multiline_stdin (0.00s)
test-windows	bash scripts/wisp-cli-tests.sh	--- PASS: TestSecretSetRejectsBadNamesAndEmptyInput/no_name (0.00s)
test-windows	bash scripts/wisp-cli-tests.sh	--- PASS: TestSecretSetRejectsBadNamesAndEmptyInput/two_names (0.00s)
test-windows	bash scripts/wisp-cli-tests.sh	--- PASS: TestSecretSetConfirmationMismatchStoresNothing (0.00s)
test-windows	bash scripts/wisp-cli-tests.sh	--- PASS: TestSecretSetWithoutConsolePointsAtFromStdin (0.00s)
test-windows	bash scripts/wisp-cli-tests.sh	--- PASS: TestSecretFlagsAreBoolOnly (0.00s)
test-windows	bash scripts/wisp-cli-tests.sh	--- PASS: TestSecretValueCarryingFlagsAreRefusedAndUnechoed (0.00s)
test-windows	bash scripts/wisp-cli-tests.sh	--- PASS: TestSecretValueCarryingFlagsAreRefusedAndUnechoed/--value (0.00s)
test-windows	bash scripts/wisp-cli-tests.sh	--- PASS: TestSecretValueCarryingFlagsAreRefusedAndUnechoed/--secret (0.00s)
test-windows	bash scripts/wisp-cli-tests.sh	--- PASS: TestSecretValueCarryingFlagsAreRefusedAndUnechoed/--key (0.00s)
test-windows	bash scripts/wisp-cli-tests.sh	--- PASS: TestSecretValueCarryingFlagsAreRefusedAndUnechoed/-k (0.00s)
test-windows	bash scripts/wisp-cli-tests.sh	--- PASS: TestSecretValueCarryingFlagsAreRefusedAndUnechoed/--api-key (0.00s)
test-windows	bash scripts/wisp-cli-tests.sh	--- PASS: TestSecretValueCarryingFlagsAreRefusedAndUnechoed/--from-file (0.00s)
test-windows	bash scripts/wisp-cli-tests.sh	--- PASS: TestSecretValueCarryingFlagsAreRefusedAndUnechoed/--file (0.00s)
test-windows	bash scripts/wisp-cli-tests.sh	--- PASS: TestSecretValueCarryingFlagsAreRefusedAndUnechoed/--stdin (0.00s)
test-windows	bash scripts/wisp-cli-tests.sh	--- PASS: TestSecretValueCarryingFlagsAreRefusedAndUnechoed/positional (0.00s)
test-windows	bash scripts/wisp-cli-tests.sh	--- PASS: TestSecretFromStdinWritesNoIntermediateFile (0.01s)
test-windows	bash scripts/wisp-cli-tests.sh	--- PASS: TestSecretFailurePathsLogAndPrintNoPlaintext (0.03s)
test-windows	bash scripts/wisp-cli-tests.sh	--- PASS: TestSecretFailurePathsLogAndPrintNoPlaintext/bad_dpapi_decrypt_(corrupted_blob,_non-portable) (0.01s)
test-windows	bash scripts/wisp-cli-tests.sh	--- PASS: TestSecretFailurePathsLogAndPrintNoPlaintext/bad_dpapi_decrypt_(portable,_P13) (0.01s)
test-windows	bash scripts/wisp-cli-tests.sh	--- PASS: TestSecretFailurePathsLogAndPrintNoPlaintext/unwritable_store_dir (0.00s)
test-windows	bash scripts/wisp-cli-tests.sh	--- PASS: TestSecretFailurePathsLogAndPrintNoPlaintext/unset_name_(no_such_blob) (0.00s)
test-windows	bash scripts/wisp-cli-tests.sh	--- PASS: TestSecretFailurePathsLogAndPrintNoPlaintext/store_write_failure_surfaces_the_ref_only (0.01s)
test-windows	bash scripts/wisp-cli-tests.sh	--- PASS: TestSecretUnsetRefusesWhileReferenced (0.02s)
test-windows	bash scripts/wisp-cli-tests.sh	--- PASS: TestSecretUnsetRefusesWhileReferenced/refused_while_referenced (0.00s)
test-windows	bash scripts/wisp-cli-tests.sh	--- PASS: TestSecretUnsetRefusesWhileReferenced/refused_for_a_voice.realtime_reference_too (0.00s)
test-windows	bash scripts/wisp-cli-tests.sh	--- PASS: TestSecretUnsetRefusesWhileReferenced/an_unreadable_config_fails_closed (0.00s)
test-windows	bash scripts/wisp-cli-tests.sh	--- PASS: TestSecretUnsetRefusesWhileReferenced/force_deletes_and_writes_an_audit_line (0.00s)
test-windows	bash scripts/wisp-cli-tests.sh	--- PASS: TestSecretUnsetRefusesWhileReferenced/unreferenced_delete_is_audited_at_info (0.00s)
test-windows	bash scripts/wisp-cli-tests.sh	--- PASS: TestSecretUnsetRefusesWhileReferenced/no_config_at_all_means_no_references (0.01s)
test-windows	bash scripts/wisp-cli-tests.sh	--- PASS: TestSecretSameNameUnderThreeEnvsIsThreeBlobs (0.02s)
test-windows	bash scripts/wisp-cli-tests.sh	--- PASS: TestSecretPortableModeUsesTicket06Seam (0.01s)
test-windows	bash scripts/wisp-cli-tests.sh	--- PASS: TestSecretEndToEndConfigRefResolvesAtRequestTime (0.01s)
test-windows	bash scripts/wisp-cli-tests.sh	--- PASS: TestSecretUsageAndUnknownSubcommand (0.00s)
test-windows	bash scripts/wisp-cli-tests.sh	--- PASS: TestSecretOverwriteIsAnnounced (0.01s)
test-windows	bash scripts/wisp-cli-tests.sh	--- PASS: TestSLO156FixtureChildrenDoWhatTheirNamesSay (0.07s)
test-windows	bash scripts/wisp-cli-tests.sh	--- PASS: TestSLO156ExitedAsksTheOSForAChildNobodyReaped (0.06s)
test-windows	bash scripts/wisp-cli-tests.sh	slo_exit_os_156_windows_test.go:206: Wait on a killed child reports the kill as an error (exit status 1); that is the fixture, not a failure
test-windows	bash scripts/wisp-cli-tests.sh	--- PASS: TestSLO156LiveSubjectStaysAliveUntilTheOSDisagrees (0.01s)
test-windows	bash scripts/wisp-cli-tests.sh	--- PASS: TestSLO156ReportLoopNamesTheDeadSubjectItWasWaitingOn (0.06s)
test-windows	bash scripts/wisp-cli-tests.sh	--- PASS: TestSLO156WaitReadyNamesTheDeadSubjectToo (0.06s)
test-windows	bash scripts/wisp-cli-tests.sh	--- PASS: TestSLO144EveryPrefixOfARealReportIsUnwrittenNotCorrupt (0.01s)
test-windows	bash scripts/wisp-cli-tests.sh	--- PASS: TestSLO144ReportsThatContradictThemselvesAreCorruptNow (0.00s)
test-windows	bash scripts/wisp-cli-tests.sh	--- PASS: TestSLO144ReportsThatContradictThemselvesAreCorruptNow/html-head (0.00s)
test-windows	bash scripts/wisp-cli-tests.sh	--- PASS: TestSLO144ReportsThatContradictThemselvesAreCorruptNow/stray-comma (0.00s)
test-windows	bash scripts/wisp-cli-tests.sh	--- PASS: TestSLO144ReportsThatContradictThemselvesAreCorruptNow/wrong-type (0.00s)
test-windows	bash scripts/wisp-cli-tests.sh	--- PASS: TestSLO144ReportsThatContradictThemselvesAreCorruptNow/trailing-garbage (0.00s)
test-windows	bash scripts/wisp-cli-tests.sh	--- PASS: TestSLO144ReportsThatContradictThemselvesAreCorruptNow/second-document (0.00s)
test-windows	bash scripts/wisp-cli-tests.sh	--- PASS: TestSLO144ReportsThatContradictThemselvesAreCorruptNow/complete-but-no-state-report (0.00s)
test-windows	bash scripts/wisp-cli-tests.sh	--- PASS: TestSLO144ReportsThatContradictThemselvesAreCorruptNow/empty-object-is-a-finished-lie (0.00s)
test-windows	bash scripts/wisp-cli-tests.sh	--- PASS: TestSLO144LoopRetriesAnUnfinishedFileAndReadsTheWholeReport (0.02s)
test-windows	bash scripts/wisp-cli-tests.sh	--- PASS: TestSLO144LoopGiveUpSentencesOnRealFiles (0.05s)
test-windows	bash scripts/wisp-cli-tests.sh	--- PASS: TestSLO144CorruptReportIsJudgedOnTheFirstRead (0.00s)
test-windows	bash scripts/wisp-cli-tests.sh	--- PASS: TestSLO144UnfinishedReportKeepsPollingThenNamesBudgetAndBytes (0.06s)
test-windows	bash scripts/wisp-cli-tests.sh	--- PASS: TestSLO144ReportThatArrivesAfterMissingReadingsIsCollected (0.00s)
test-windows	bash scripts/wisp-cli-tests.sh	--- PASS: TestSLO147UnwrittenSentenceNamesTheOffsetTheDocumentStoppedAt (0.02s)
test-windows	bash scripts/wisp-cli-tests.sh	--- PASS: TestSLO147LoopGiveUpSentenceAgreesWithTheBytesItRead (0.06s)
test-windows	bash scripts/wisp-cli-tests.sh	--- PASS: TestSLO147OffsetSemanticsRenderThreeDifferentSentences (0.04s)
test-windows	bash scripts/wisp-cli-tests.sh	--- PASS: TestSLO149CorruptSentenceNamesThePositionTheDecoderObjectedAt (0.00s)
test-windows	bash scripts/wisp-cli-tests.sh	--- PASS: TestSLO149CorruptLegsWithoutADecoderErrorKeepTheirOwnEnd (0.00s)
test-windows	bash scripts/wisp-cli-tests.sh	--- PASS: TestSLO152CorruptLegWithNoNamedPositionRefusesToBorrowOne (0.00s)
test-windows	bash scripts/wisp-cli-tests.sh	--- PASS: TestSLO149ExitedGiveUpSentenceCarriesTheLastReading (0.02s)
test-windows	bash scripts/wisp-cli-tests.sh	--- PASS: TestRunPacketMarksTheRosterRowACardIsHolding (2.22s)
test-windows	bash scripts/wisp-cli-tests.sh	--- PASS: TestRunPacketCarriesTheSubagentItsRosterRowFed (1.87s)
test-windows	bash scripts/wisp-cli-tests.sh	--- PASS: TestSubagentStreamKeyHasOneMintSite (0.09s)
test-windows	bash scripts/wisp-cli-tests.sh	--- PASS: TestRunPacketReportsTheStreamLogPastItsBound (1.38s)
test-windows	bash scripts/wisp-cli-tests.sh	--- PASS: Test197SubagentSelfApprovalIsRefusedAndTheHostAnswerLands (11.39s)
test-windows	bash scripts/wisp-cli-tests.sh	--- PASS: Test197NoAllowDoorIsReachableFromASubagentsAssembly (0.00s)
test-windows	bash scripts/wisp-cli-tests.sh	--- PASS: TestSubagentStreamKeyPrefixAgreesAcrossBothPackages (0.00s)
test-windows	bash scripts/wisp-cli-tests.sh	--- PASS: TestSubagentStreamKeyBuildersAgreeAcrossBothPackages (0.00s)
test-windows	bash scripts/wisp-cli-tests.sh	--- PASS: TestCompositionRootClosesTheLoopTasksTaintScope (1.40s)
test-windows	bash scripts/wisp-cli-tests.sh	--- PASS: TestAdmitTaskRevokeRemovesTheCrossTaskTaintHit (1.44s)
test-windows	bash scripts/wisp-cli-tests.sh	--- PASS: TestTicket224SessionVerbPutsARowOnDiskInTheAssembledRun (1.50s)
test-windows	bash scripts/wisp-cli-tests.sh	--- FAIL: TestTicket224LiveGrantStopsTheAssembledBridgeFromAsking (41.72s)
test-windows	bash scripts/wisp-cli-tests.sh	--- PASS: TestTicket224ProductionSessionDoesNotSurviveRestart (2.61s)
test-windows	bash scripts/wisp-cli-tests.sh	FAIL
test-windows	bash scripts/wisp-cli-tests.sh	FAILgithub.com/CarlosShao/wisp/cmd/wisp579.297s
test-windows	bash scripts/wisp-cli-tests.sh	FAIL
test-windows	bash scripts/wisp-cli-tests.sh	--- SKIP: TestPanelHostLatencyPercentilesAC2 (0.00s)
test-windows	bash scripts/wisp-cli-tests.sh	--- SKIP: TestAC13ColdStartEndsOnTheEmbeddedEntryNotTheProbe (0.00s)
test-windows	bash scripts/wisp-cli-tests.sh	ERR|Process completed with exit code 1.
test-windows	bash scripts/portable-tests.sh --scope=windows	--- PASS: TestBootTestEnvBootsAllPackages (0.06s)
test-windows	bash scripts/portable-tests.sh --scope=windows	--- PASS: TestBootSingleInstanceConflict (0.01s)
test-windows	bash scripts/portable-tests.sh --scope=windows	--- PASS: TestCrossVetForLinux (13.37s)
test-windows	bash scripts/portable-tests.sh --scope=windows	--- PASS: TestMutexNamesPerEnv (0.01s)
test-windows	bash scripts/portable-tests.sh --scope=windows	--- PASS: TestLayoutForProdDev (0.00s)
test-windows	bash scripts/portable-tests.sh --scope=windows	--- PASS: TestLayoutForTestEnv (0.00s)
test-windows	bash scripts/portable-tests.sh --scope=windows	--- PASS: TestLayoutForTestEnv/explicit_WISP_TEST_DATA_DIR (0.00s)
test-windows	bash scripts/portable-tests.sh --scope=windows	--- PASS: TestLayoutForTestEnv/falls_back_to_TEMP_per_pid (0.00s)
test-windows	bash scripts/portable-tests.sh --scope=windows	--- PASS: TestLayoutForkMatrix (0.00s)
test-windows	bash scripts/portable-tests.sh --scope=windows	--- PASS: TestPortableOverride (0.01s)
test-windows	bash scripts/portable-tests.sh --scope=windows	--- PASS: TestPortableOverride/no_marker_is_a_no-op (0.00s)
test-windows	bash scripts/portable-tests.sh --scope=windows	--- PASS: TestPortableOverride/explicit_test_data_dir_beats_the_marker (0.00s)
test-windows	bash scripts/portable-tests.sh --scope=windows	--- PASS: TestSummaryBadge (0.00s)
test-windows	bash scripts/portable-tests.sh --scope=windows	--- PASS: TestLayoutForUnknownEnv (0.00s)
test-windows	bash scripts/portable-tests.sh --scope=windows	--- PASS: TestDefaultLayoutUnknownEnvFails (0.00s)
test-windows	bash scripts/portable-tests.sh --scope=windows	--- PASS: TestExternalSamplerReadsSubjectFromOutside (0.02s)
test-windows	bash scripts/portable-tests.sh --scope=windows	--- PASS: TestExternalSamplerRefusesToMeasureItself (0.00s)
test-windows	bash scripts/portable-tests.sh --scope=windows	--- PASS: TestExternalSamplerFailClosedOnDeadSubject (0.00s)
test-windows	bash scripts/portable-tests.sh --scope=windows	--- PASS: TestExternalSamplerTracksSubjectGrowth (0.27s)
test-windows	bash scripts/portable-tests.sh --scope=windows	--- PASS: TestJobScopeKillsChildOnClose (0.02s)
test-windows	bash scripts/portable-tests.sh --scope=windows	--- PASS: TestJobScopeTreeAccounting (0.03s)
test-windows	bash scripts/portable-tests.sh --scope=windows	--- PASS: TestStartInJobRejectsBadCommand (0.01s)
test-windows	bash scripts/portable-tests.sh --scope=windows	--- PASS: TestShutdownHookSetRunsEveryRegisteredStepInOrder (0.00s)
test-windows	bash scripts/portable-tests.sh --scope=windows	--- PASS: TestShutdownHookSetRefusesEveryShapeThatWouldLie (0.00s)
test-windows	bash scripts/portable-tests.sh --scope=windows	--- PASS: TestShutdownHookSetRefusesEveryShapeThatWouldLie/nil_hook_is_not_a_registration (0.00s)
test-windows	bash scripts/portable-tests.sh --scope=windows	--- PASS: TestShutdownHookSetRefusesEveryShapeThatWouldLie/steps_without_a_slot_are_refused (0.00s)
test-windows	bash scripts/portable-tests.sh --scope=windows	--- PASS: TestShutdownHookSetRefusesEveryShapeThatWouldLie/one_slot_has_one_owner (0.00s)
test-windows	bash scripts/portable-tests.sh --scope=windows	--- PASS: TestShutdownHookSetRefusesEveryShapeThatWouldLie/registration_after_the_sequence_started_is_refused (0.00s)
test-windows	bash scripts/portable-tests.sh --scope=windows	--- PASS: TestShutdownHookSetZeroValueIsUsable (0.00s)
test-windows	bash scripts/portable-tests.sh --scope=windows	--- PASS: TestRuntimeCancelStepExecutesWhenRegistered (0.00s)
test-windows	bash scripts/portable-tests.sh --scope=windows	--- PASS: TestRuntimeCancelStepIsSkippedWhenUnregistered (0.00s)
test-windows	bash scripts/portable-tests.sh --scope=windows	--- PASS: TestRuntimeRegistrationRefusalsReachTheCaller (0.00s)
test-windows	bash scripts/portable-tests.sh --scope=windows	--- PASS: TestShutdownOrderAudit (0.00s)
test-windows	bash scripts/portable-tests.sh --scope=windows	--- PASS: TestShutdownFastPathSkipsOnlyStep7 (0.00s)
test-windows	bash scripts/portable-tests.sh --scope=windows	--- PASS: TestShutdownBoundedWaitAbandonsAndContinues (0.14s)
test-windows	bash scripts/portable-tests.sh --scope=windows	--- PASS: TestShutdownNilHooksAreRecordedSkipped (0.00s)
test-windows	bash scripts/portable-tests.sh --scope=windows	--- PASS: TestSingleInstanceSecondExitsAfterSignallingFirst (0.02s)
test-windows	bash scripts/portable-tests.sh --scope=windows	--- PASS: TestAcquireRejectsEmptyNames (0.00s)
test-windows	bash scripts/portable-tests.sh --scope=windows	--- PASS: TestParseSystemProcessesKeepsLastSnapshotEntry (0.00s)
test-windows	bash scripts/portable-tests.sh --scope=windows	--- PASS: TestWalkSystemProcessesStopsAtTerminator (0.00s)
test-windows	bash scripts/portable-tests.sh --scope=windows	--- PASS: TestParseSystemProcessesSkipsPIDZero (0.00s)
test-windows	bash scripts/portable-tests.sh --scope=windows	--- PASS: TestParseSystemProcessesRejectsTruncatedEntry (0.00s)
test-windows	bash scripts/portable-tests.sh --scope=windows	--- PASS: TestParseSystemProcessesRejectsNonAdvancingEntry (0.00s)
test-windows	bash scripts/portable-tests.sh --scope=windows	--- PASS: TestSystemProcessSnapshotSeesSelf (0.00s)
test-windows	bash scripts/portable-tests.sh --scope=windows	--- PASS: TestWalkSystemProcessesEmptyBuffer (0.00s)
test-windows	bash scripts/portable-tests.sh --scope=windows	--- PASS: TestExistsAndDelete (0.02s)
test-windows	bash scripts/portable-tests.sh --scope=windows	--- PASS: TestBlobPathRejectsTraversalOutsideCharset (0.00s)
test-windows	bash scripts/portable-tests.sh --scope=windows	--- PASS: TestBlobsListsMetadataOnly (0.08s)
test-windows	bash scripts/portable-tests.sh --scope=windows	--- PASS: TestBlobsEmptyAndMissingDir (0.01s)
test-windows	bash scripts/portable-tests.sh --scope=windows	--- PASS: TestConfigRefs (0.01s)
test-windows	bash scripts/portable-tests.sh --scope=windows	--- PASS: TestMigratePlaintextMigratesAndBacksUp (0.02s)
test-windows	bash scripts/portable-tests.sh --scope=windows	--- PASS: TestMigratePlaintextIdempotent (0.02s)
test-windows	bash scripts/portable-tests.sh --scope=windows	--- PASS: TestMigratePlaintextNoConfigIsNoOp (0.00s)
test-windows	bash scripts/portable-tests.sh --scope=windows	--- PASS: TestMigratePlaintextKeepsFirstBackup (0.02s)
test-windows	bash scripts/portable-tests.sh --scope=windows	--- PASS: TestMigratePlaintextLeavesNonSecretsAlone (0.01s)
test-windows	bash scripts/portable-tests.sh --scope=windows	--- PASS: TestMigratePlaintextLeavesNonSecretsAlone/empty_api_key_is_not_migrated (0.00s)
test-windows	bash scripts/portable-tests.sh --scope=windows	--- PASS: TestMigratePlaintextLeavesNonSecretsAlone/unparseable_config_is_an_explicit_error (0.00s)
test-windows	bash scripts/portable-tests.sh --scope=windows	--- PASS: TestParseRefValid (0.00s)
test-windows	bash scripts/portable-tests.sh --scope=windows	--- PASS: TestParseRefInvalid (0.00s)
test-windows	bash scripts/portable-tests.sh --scope=windows	--- PASS: TestNewRefUniqueAndParseable (0.00s)
test-windows	bash scripts/portable-tests.sh --scope=windows	--- PASS: TestValidBlobIDCharset (0.00s)
test-windows	bash scripts/portable-tests.sh --scope=windows	--- PASS: TestStoreResolveRoundTrip (0.01s)
test-windows	bash scripts/portable-tests.sh --scope=windows	--- PASS: TestBlobFileNotPlaintext (0.01s)
test-windows	bash scripts/portable-tests.sh --scope=windows	--- PASS: TestStoreRejectsEnvRefsAndEmpty (0.01s)
test-windows	bash scripts/portable-tests.sh --scope=windows	--- PASS: TestResolveEnvRef (0.01s)
test-windows	bash scripts/portable-tests.sh --scope=windows	--- PASS: TestResolveEnvRef/arbitrary_placeholder_value (0.00s)
test-windows	bash scripts/portable-tests.sh --scope=windows	--- PASS: TestResolveEnvRef/missing_variable_is_an_explicit_error (0.00s)
test-windows	bash scripts/portable-tests.sh --scope=windows	--- PASS: TestResolveEnvRef/empty_variable_is_an_explicit_error (0.00s)
test-windows	bash scripts/portable-tests.sh --scope=windows	--- PASS: TestPortableDecryptFailureExplicit (0.03s)
test-windows	bash scripts/portable-tests.sh --scope=windows	--- PASS: TestPortableDecryptFailureExplicit/portable_mode_surfaces_ErrPortableDecrypt_with_env:_guidance (0.01s)
test-windows	bash scripts/portable-tests.sh --scope=windows	--- PASS: TestPortableDecryptFailureExplicit/portable_mode_still_decrypts_own_blobs (0.01s)
test-windows	bash scripts/portable-tests.sh --scope=windows	--- PASS: TestPortableDecryptFailureExplicit/non-portable_mode_also_fails_explicitly (0.02s)
test-windows	bash scripts/portable-tests.sh --scope=windows	--- PASS: TestResolveErrorsCarryNoSecret (0.01s)
test-windows	bash scripts/portable-tests.sh --scope=windows	--- PASS: TestRedactSecret (0.00s)
test-windows	bash scripts/portable-tests.sh --scope=windows	--- PASS: TestBoundaryNoPlaintextSecretFields (0.00s)
test-windows	bash scripts/portable-tests.sh --scope=windows	--- PASS: TestBoundaryNoRuntimeObservationFields (0.00s)
test-windows	bash scripts/portable-tests.sh --scope=windows	--- PASS: TestRoundTripLoadMarshalLoad (0.03s)
test-windows	bash scripts/portable-tests.sh --scope=windows	--- PASS: TestRoundTripBytes (0.00s)
test-windows	bash scripts/portable-tests.sh --scope=windows	--- PASS: TestResolvedNeverPersists (0.01s)
test-windows	bash scripts/portable-tests.sh --scope=windows	--- PASS: TestValidateTextChainValid (0.00s)
test-windows	bash scripts/portable-tests.sh --scope=windows	--- PASS: TestValidateTextChainUnknownElement (0.00s)
test-windows	bash scripts/portable-tests.sh --scope=windows	--- PASS: TestValidateVoiceCloudChains (0.00s)
test-windows	bash scripts/portable-tests.sh --scope=windows	--- PASS: TestValidateVoiceCloudChains/valid_cloud_chains (0.00s)
test-windows	bash scripts/portable-tests.sh --scope=windows	--- PASS: TestValidateVoiceCloudChains/unknown_element_named (0.00s)
test-windows	bash scripts/portable-tests.sh --scope=windows	--- PASS: TestValidateVoiceCloudChains/local-sherpa_never_in_chains (0.00s)
test-windows	bash scripts/portable-tests.sh --scope=windows	--- PASS: TestValidateRoleReferences (0.00s)
test-windows	bash scripts/portable-tests.sh --scope=windows	--- PASS: TestValidateRoleReferences/both_empty_is_unset-ok (0.00s)
test-windows	bash scripts/portable-tests.sh --scope=windows	--- PASS: TestValidateRoleReferences/provider_without_model (0.00s)
test-windows	bash scripts/portable-tests.sh --scope=windows	--- PASS: TestValidateRoleReferences/model_without_provider (0.00s)
test-windows	bash scripts/portable-tests.sh --scope=windows	--- PASS: TestValidateRoleReferences/unknown_provider_named (0.00s)
test-windows	bash scripts/portable-tests.sh --scope=windows	--- PASS: TestValidateRoleReferences/unknown_model_named (0.00s)
test-windows	bash scripts/portable-tests.sh --scope=windows	--- PASS: TestValidateRoleReferences/valid_pair (0.00s)
test-windows	bash scripts/portable-tests.sh --scope=windows	--- PASS: TestValidateRealtimeReferences (0.00s)
test-windows	bash scripts/portable-tests.sh --scope=windows	--- PASS: TestValidateRealtimeReferences/disabled_with_dangling_pair_tolerated (0.00s)
test-windows	bash scripts/portable-tests.sh --scope=windows	--- PASS: TestValidateRealtimeReferences/enabled_requires_existing_pair (0.00s)
test-windows	bash scripts/portable-tests.sh --scope=windows	--- PASS: TestValidateRealtimeReferences/enabled_without_pair_rejected (0.00s)
test-windows	bash scripts/portable-tests.sh --scope=windows	--- PASS: TestValidateRealtimeReferences/enabled_valid_pair (0.00s)
test-windows	bash scripts/portable-tests.sh --scope=windows	--- PASS: TestSplitChainElement (0.00s)
test-windows	bash scripts/portable-tests.sh --scope=windows	--- PASS: TestLoadFileMergesDefaultsAndOverrides (0.00s)
test-windows	bash scripts/portable-tests.sh --scope=windows	--- PASS: TestLoadFileUnknownKeyErrorNamesLine (0.00s)
test-windows	bash scripts/portable-tests.sh --scope=windows	--- PASS: TestLoadFileUnknownKeyLineNumbersAreOneBased (0.00s)
test-windows	bash scripts/portable-tests.sh --scope=windows	--- PASS: TestLoadFileWrongTypeErrorHasPosition (0.00s)
test-windows	bash scripts/portable-tests.sh --scope=windows	--- PASS: TestLoadFileRejectsInvalidValues (0.00s)
test-windows	bash scripts/portable-tests.sh --scope=windows	--- PASS: TestLoadFilePresetInheritance (0.00s)
test-windows	bash scripts/portable-tests.sh --scope=windows	--- PASS: TestLoadFileUnknownProviderNeedsProtocol (0.00s)
test-windows	bash scripts/portable-tests.sh --scope=windows	--- PASS: TestLoadFileResolvesSecrets (0.00s)
test-windows	bash scripts/portable-tests.sh --scope=windows	--- PASS: TestLoadFileResolveFailureIsError (0.00s)
test-windows	bash scripts/portable-tests.sh --scope=windows	--- PASS: TestLoadFileNilResolverSkipsResolution (0.00s)
test-windows	bash scripts/portable-tests.sh --scope=windows	--- PASS: TestLoadFileNewerSchemaVersionRejected (0.00s)
test-windows	bash scripts/portable-tests.sh --scope=windows	--- PASS: TestSaveFileRoundTripsThroughLoad (0.01s)
test-windows	bash scripts/portable-tests.sh --scope=windows	--- PASS: TestConfirmLockedRunsOutsideTheManagerLock (0.02s)
test-windows	bash scripts/portable-tests.sh --scope=windows	--- PASS: TestCheckAndReloadAsksOncePerFileChange (0.02s)
test-windows	bash scripts/portable-tests.sh --scope=windows	--- PASS: TestManagerHotTierAppliesImmediately (0.01s)
test-windows	bash scripts/portable-tests.sh --scope=windows	--- PASS: TestManagerRestartTierKeepsOldValues (0.02s)
test-windows	bash scripts/portable-tests.sh --scope=windows	--- PASS: TestManagerThemeIsHotInsideApp (0.02s)
test-windows	bash scripts/portable-tests.sh --scope=windows	--- PASS: TestManagerReloadTierEmitsEvent (0.01s)
test-windows	bash scripts/portable-tests.sh --scope=windows	--- PASS: TestManagerVoiceHotKeysDoNotEmitReload (0.02s)
test-windows	bash scripts/portable-tests.sh --scope=windows	--- PASS: TestManagerLockedLooseningRejectedKeepsOld (0.01s)
test-windows	bash scripts/portable-tests.sh --scope=windows	--- PASS: TestManagerLockedLooseningApprovedApplies (0.01s)
test-windows	bash scripts/portable-tests.sh --scope=windows	--- PASS: TestManagerLockedTighteningHotAppliesWithoutHook (0.02s)
test-windows	bash scripts/portable-tests.sh --scope=windows	--- PASS: TestManagerLockedNilConfirmHookDenies (0.03s)
test-windows	bash scripts/portable-tests.sh --scope=windows	--- PASS: TestManagerLockedBothDirectionsLogged (0.04s)
test-windows	bash scripts/portable-tests.sh --scope=windows	--- PASS: TestManagerLoadErrorKeepsCurrentConfig (0.03s)
test-windows	bash scripts/portable-tests.sh --scope=windows	--- PASS: TestManagerMissingFileKeepsCurrentAndErrors (0.00s)
test-windows	bash scripts/portable-tests.sh --scope=windows	--- PASS: TestMigrateV1Fixture (0.03s)
test-windows	bash scripts/portable-tests.sh --scope=windows	--- PASS: TestMigrateNoVersionKeyAssumedV1 (0.03s)
test-windows	bash scripts/portable-tests.sh --scope=windows	--- PASS: TestMigrateCorruptFileUntouched (0.01s)
test-windows	bash scripts/portable-tests.sh --scope=windows	--- PASS: TestMigrateUnsupportedVersionUntouched (0.00s)
test-windows	bash scripts/portable-tests.sh --scope=windows	--- PASS: TestMigrateHigherIntermediateVersionRejected (0.02s)
test-windows	bash scripts/portable-tests.sh --scope=windows	--- PASS: TestAC2BaselineModeIsDecorative (0.13s)
test-windows	bash scripts/portable-tests.sh --scope=windows	--- PASS: TestAC2MigrationBackupLandsPrivate (0.22s)
test-windows	bash scripts/portable-tests.sh --scope=windows	--- PASS: TestAC2SaveFileLandsPrivate (0.18s)
test-windows	bash scripts/portable-tests.sh --scope=windows	--- PASS: TestUnwiredSecurityKeysFailLoudly (0.10s)
test-windows	bash scripts/portable-tests.sh --scope=windows	--- PASS: TestUnwiredSecurityKeysFailLoudly/risk.shell_enabled (0.01s)
test-windows	bash scripts/portable-tests.sh --scope=windows	--- PASS: TestUnwiredSecurityKeysFailLoudly/risk.allow_shell_string (0.02s)
test-windows	bash scripts/portable-tests.sh --scope=windows	--- PASS: TestUnwiredSecurityKeysFailLoudly/risk.shell_allowlist (0.02s)
test-windows	bash scripts/portable-tests.sh --scope=windows	--- PASS: TestUnwiredSecurityKeysFailLoudly/risk.blacklist_overrides (0.02s)
test-windows	bash scripts/portable-tests.sh --scope=windows	--- PASS: TestUnwiredSecurityKeysFailLoudly/net.allowlist (0.02s)
test-windows	bash scripts/portable-tests.sh --scope=windows	--- PASS: TestUnwiredSecurityKeysFailLoudly/net.block_private_ranges (0.01s)
test-windows	bash scripts/portable-tests.sh --scope=windows	--- PASS: TestUnwiredGuardLeavesHonestConfigsAlone (0.14s)
test-windows	bash scripts/portable-tests.sh --scope=windows	--- PASS: TestUnwiredGuardLeavesHonestConfigsAlone/empty_file (0.01s)
test-windows	bash scripts/portable-tests.sh --scope=windows	--- PASS: TestUnwiredGuardLeavesHonestConfigsAlone/guarded_keys_at_defaults (0.01s)
test-windows	bash scripts/portable-tests.sh --scope=windows	--- PASS: TestUnwiredGuardLeavesHonestConfigsAlone/SaveFile_output_reloads (0.06s)
test-windows	bash scripts/portable-tests.sh --scope=windows	--- PASS: TestUnwiredGuardLeavesHonestConfigsAlone/tightening_a_guarded_key_past_its_default_is_still_rejected (0.06s)
test-windows	bash scripts/portable-tests.sh --scope=windows	--- PASS: TestUnwiredGuardFiresBeforeAnyFileWrite (0.01s)
test-windows	bash scripts/portable-tests.sh --scope=windows	--- PASS: TestUnwiredGuardIsScopedNotABigStick (0.04s)
test-windows	bash scripts/portable-tests.sh --scope=windows	--- PASS: TestUnwiredKeysStillRoundTripAtTheByteLevel (0.00s)
test-windows	bash scripts/portable-tests.sh --scope=windows	--- PASS: TestEveryLockedSectionKeyIsAccountedFor (0.00s)
test-windows	bash scripts/portable-tests.sh --scope=windows	--- PASS: TestValidateDefaultsPass (0.00s)
test-windows	bash scripts/portable-tests.sh --scope=windows	--- PASS: TestValidateEnumErrors (0.00s)
test-windows	bash scripts/portable-tests.sh --scope=windows	--- PASS: TestValidateEnumErrors/theme (0.00s)
test-windows	bash scripts/portable-tests.sh --scope=windows	--- PASS: TestValidateEnumErrors/observe.level (0.00s)
test-windows	bash scripts/portable-tests.sh --scope=windows	--- PASS: TestValidateEnumErrors/proxy.mode (0.00s)
test-windows	bash scripts/portable-tests.sh --scope=windows	--- PASS: TestValidateEnumErrors/over_budget (0.00s)
test-windows	bash scripts/portable-tests.sh --scope=windows	--- PASS: TestValidateEnumErrors/protocol (0.00s)
test-windows	bash scripts/portable-tests.sh --scope=windows	--- PASS: TestValidateEnumErrors/provider_billing (0.00s)
test-windows	bash scripts/portable-tests.sh --scope=windows	--- PASS: TestValidateEnumErrors/model_billing (0.00s)
test-windows	bash scripts/portable-tests.sh --scope=windows	--- PASS: TestValidateEnumErrors/thinking_intensity (0.00s)
test-windows	bash scripts/portable-tests.sh --scope=windows	--- PASS: TestValidateEnumErrors/thinking_levels_element (0.00s)
test-windows	bash scripts/portable-tests.sh --scope=windows	--- PASS: TestValidateEnumAcceptsEveryListedValue (0.00s)
test-windows	bash scripts/portable-tests.sh --scope=windows	--- PASS: TestValidateHardcodedReadOnly (0.00s)
test-windows	bash scripts/portable-tests.sh --scope=windows	--- PASS: TestValidateHardcodedReadOnly/audio.half_duplex=false (0.00s)
test-windows	bash scripts/portable-tests.sh --scope=windows	--- PASS: TestValidateHardcodedReadOnly/privacy.keep_transcript=true (0.00s)
test-windows	bash scripts/portable-tests.sh --scope=windows	--- PASS: TestValidateHardcodedReadOnly/privacy.keep_audio=true (0.00s)
test-windows	bash scripts/portable-tests.sh --scope=windows	--- PASS: TestValidateHardcodedReadOnly/models.verify_signature=false (0.00s)
test-windows	bash scripts/portable-tests.sh --scope=windows	--- PASS: TestValidateBallSizeRange (0.00s)
test-windows	bash scripts/portable-tests.sh --scope=windows	--- PASS: TestValidateAPIKeyRefFormat (0.00s)
test-windows	bash scripts/portable-tests.sh --scope=windows	--- PASS: TestValidateAPIKeyRefFormat/empty_is_keyless (0.00s)
test-windows	bash scripts/portable-tests.sh --scope=windows	--- PASS: TestValidateAPIKeyRefFormat/dpapi_ref (0.00s)
test-windows	bash scripts/portable-tests.sh --scope=windows	--- PASS: TestValidateAPIKeyRefFormat/env_ref (0.00s)
test-windows	bash scripts/portable-tests.sh --scope=windows	--- PASS: TestValidateAPIKeyRefFormat/plaintext_key (0.00s)
test-windows	bash scripts/portable-tests.sh --scope=windows	--- PASS: TestValidateAPIKeyRefFormat/bare_blob_id (0.00s)
test-windows	bash scripts/portable-tests.sh --scope=windows	--- PASS: TestValidateAPIKeyRefFormat/traversal_blob_id (0.00s)
test-windows	bash scripts/portable-tests.sh --scope=windows	--- PASS: TestValidateAPIKeyRefFormat/empty_env_name (0.00s)
test-windows	bash scripts/portable-tests.sh --scope=windows	--- PASS: TestValidateAPIKeyRefFormat/unknown_scheme (0.00s)
test-windows	bash scripts/portable-tests.sh --scope=windows	--- PASS: TestValidateRealtimeAPIKeyRefFormat (0.00s)
test-windows	bash scripts/portable-tests.sh --scope=windows	--- PASS: TestAC1AllowedDirsWriteKeepsAHandEditedKey (0.11s)
test-windows	bash scripts/portable-tests.sh --scope=windows	--- PASS: TestAC1ControlSnapshotWriteIsWhatRevertsTheHandEdit (0.02s)
test-windows	bash scripts/portable-tests.sh --scope=windows	--- PASS: TestAC2GuardedWriteReportsTheKeysItWroteAndTheOnesItKept (0.03s)
test-windows	bash scripts/portable-tests.sh --scope=windows	--- PASS: TestAC2CleanWriteReportsOneKeyAtInfoLevel (0.01s)
test-windows	bash scripts/portable-tests.sh --scope=windows	--- PASS: TestAC2UnreadableFileIsRefusedAndNothingIsWritten (0.04s)
test-windows	bash scripts/portable-tests.sh --scope=windows	--- PASS: TestAC3AdoptionClaimsOnlyWhatThisWriteProduced (0.21s)
test-windows	bash scripts/portable-tests.sh --scope=windows	--- PASS: TestAC3HandAddedEntryIsPreservedButNotAppliedToMemory (0.07s)
test-windows	bash scripts/portable-tests.sh --scope=windows	--- PASS: TestAC4PermissionModeWriteKeepsAHandEditedKey (0.18s)
test-windows	bash scripts/portable-tests.sh --scope=windows	--- PASS: TestAC5SetAllowedDirsPersistsARevocationWithoutAClobber (0.02s)
test-windows	bash scripts/portable-tests.sh --scope=windows	--- PASS: TestAddAllowedDirStillRefusesARelativeHop (0.12s)
test-windows	bash scripts/portable-tests.sh --scope=windows	--- PASS: TestGuardedWriteFailureRollsBackMemory (0.03s)
test-windows	bash scripts/portable-tests.sh --scope=windows	--- PASS: TestGuardedWriteDoesNotRewriteAFileThatAlreadySaysIt (0.04s)
test-windows	bash scripts/portable-tests.sh --scope=windows	--- PASS: TestDiffKeyPathsNamesRealKeyPaths (0.00s)
test-windows	bash scripts/portable-tests.sh --scope=windows	--- PASS: TestR9PanicInSubAssessorFailsClosed (0.00s)
test-windows	bash scripts/portable-tests.sh --scope=windows	--- PASS: TestR9PanicInWiredDependencyFailsClosed (0.00s)
test-windows	bash scripts/portable-tests.sh --scope=windows	--- PASS: TestFusionTakesMaxSeverity (0.00s)
test-windows	bash scripts/portable-tests.sh --scope=windows	--- PASS: TestFusionSingleDenyBeatsAnyConfirm (0.00s)
test-windows	bash scripts/portable-tests.sh --scope=windows	--- PASS: TestFusionR4BlocksSessionOverride (0.00s)
test-windows	bash scripts/portable-tests.sh --scope=windows	--- PASS: TestDecisionGoldenSnapshots (0.00s)
test-windows	bash scripts/portable-tests.sh --scope=windows	--- FAIL: TestClassifyAnchorSpellingIsNotVerdict (0.04s)
test-windows	bash scripts/portable-tests.sh --scope=windows	--- PASS: TestClassifySpellingInvariance (0.10s)
test-windows	bash scripts/portable-tests.sh --scope=windows	--- FAIL: TestCanonicalInputGainsNoSecondForm (0.04s)
test-windows	bash scripts/portable-tests.sh --scope=windows	--- PASS: TestOverrideOnlyAcceptsTheResolvedForm (0.06s)
test-windows	bash scripts/portable-tests.sh --scope=windows	--- FAIL: TestAListWinsWhereBothTablesHit (0.08s)
test-windows	bash scripts/portable-tests.sh --scope=windows	--- PASS: TestClassifyFailClosedWhenSpellingUnprovable (0.13s)
test-windows	bash scripts/portable-tests.sh --scope=windows	--- FAIL: TestResolvePerCallBudget (2.51s)
test-windows	bash scripts/portable-tests.sh --scope=windows	--- PASS: TestC26ExpansionMustNotRewriteOntoAnotherTree (0.01s)
test-windows	bash scripts/portable-tests.sh --scope=windows	--- PASS: TestC26ExpansionMustNotRewriteOntoAnotherTree/percent_env_var_spelling (0.00s)
test-windows	bash scripts/portable-tests.sh --scope=windows	--- PASS: TestC26ExpansionMustNotRewriteOntoAnotherTree/leading_tilde_spelling (0.00s)
test-windows	bash scripts/portable-tests.sh --scope=windows	--- PASS: TestPathResolverJunctionWindows (0.07s)
test-windows	bash scripts/portable-tests.sh --scope=windows	--- FAIL: TestPathResolverShortNameAListDenied (0.03s)
test-windows	bash scripts/portable-tests.sh --scope=windows	--- FAIL: TestPathResolverUNCAListDenied (0.03s)
test-windows	bash scripts/portable-tests.sh --scope=windows	--- FAIL: TestPathResolverExtendedLengthPrefixAListDenied (0.03s)
test-windows	bash scripts/portable-tests.sh --scope=windows	--- PASS: TestPathResolverCaseAndDotMixDenied (0.02s)
test-windows	bash scripts/portable-tests.sh --scope=windows	--- PASS: TestReparseExceptionExplicitPathOnly (0.09s)
test-windows	bash scripts/portable-tests.sh --scope=windows	--- PASS: TestAListDenyAndUnoverridable (0.03s)
test-windows	bash scripts/portable-tests.sh --scope=windows	--- FAIL: TestBListDefaultDenyAndOverride (0.01s)
test-windows	bash scripts/portable-tests.sh --scope=windows	--- PASS: TestResolveIdempotent (0.01s)
test-windows	bash scripts/portable-tests.sh --scope=windows	--- PASS: TestResolveExpansion (0.01s)
test-windows	bash scripts/portable-tests.sh --scope=windows	--- PASS: TestC26RewriteAccountIsRecorded (0.00s)
test-windows	bash scripts/portable-tests.sh --scope=windows	--- PASS: TestC26RewriteAccountIsRecorded/percent_env_var (0.00s)
test-windows	bash scripts/portable-tests.sh --scope=windows	--- PASS: TestC26RewriteAccountIsRecorded/dollar_env_var (0.00s)
test-windows	bash scripts/portable-tests.sh --scope=windows	--- PASS: TestC26RewriteAccountIsRecorded/leading_home_tilde (0.00s)
test-windows	bash scripts/portable-tests.sh --scope=windows	--- PASS: TestC26RewriteAccountIsRecorded/clean_absolute_is_not_marked (0.00s)
test-windows	bash scripts/portable-tests.sh --scope=windows	--- PASS: TestC26RewriteAccountIsRecorded/unexpandable_construct_is_not_marked (0.00s)
test-windows	bash scripts/portable-tests.sh --scope=windows	--- PASS: TestC26RewrittenSyncRootDoesNotDisarmSuspectNet (0.00s)
test-windows	bash scripts/portable-tests.sh --scope=windows	--- PASS: TestC26RewriteAccountIsConsumedAtEverySecurityLeg (0.05s)
test-windows	bash scripts/portable-tests.sh --scope=windows	--- PASS: TestResolveCanonicalIsPlatformShaped (0.00s)
test-windows	bash scripts/portable-tests.sh --scope=windows	--- PASS: TestResolveKeepsSeparatorsOutOfPosixNames (0.00s)
test-windows	bash scripts/portable-tests.sh --scope=windows	--- PASS: TestDoubleSlashSpellingIsNotUNC (0.00s)
test-windows	bash scripts/portable-tests.sh --scope=windows	--- PASS: TestTierAAnchorsMatchNativeSpelling (0.02s)
test-windows	bash scripts/portable-tests.sh --scope=windows	--- PASS: TestTierAAnchorsMatchNativeSpelling/~/.ssh/** (0.00s)
test-windows	bash scripts/portable-tests.sh --scope=windows	--- PASS: TestTierAAnchorsMatchNativeSpelling/~/.ssh/_dir_itself (0.00s)
test-windows	bash scripts/portable-tests.sh --scope=windows	--- PASS: TestTierAAnchorsMatchNativeSpelling/~/.git-credentials (0.00s)
test-windows	bash scripts/portable-tests.sh --scope=windows	--- PASS: TestTierAAnchorsMatchNativeSpelling/~/.aws/credentials (0.00s)
test-windows	bash scripts/portable-tests.sh --scope=windows	--- PASS: TestTierAAnchorsMatchNativeSpelling/~/.kube/config (0.00s)
test-windows	bash scripts/portable-tests.sh --scope=windows	--- PASS: TestTierAAnchorsMatchNativeSpelling/.git/config (0.00s)
test-windows	bash scripts/portable-tests.sh --scope=windows	--- PASS: TestTierAAnchorsMatchNativeSpelling/%APPDATA%\wisp\config.toml (0.00s)
test-windows	bash scripts/portable-tests.sh --scope=windows	--- PASS: TestTierAAnchorsMatchNativeSpelling/%APPDATA%\Microsoft\Protect\** (0.00s)
test-windows	bash scripts/portable-tests.sh --scope=windows	--- PASS: TestTierAAnchorsMatchNativeSpelling/%LOCALAPPDATA%\Microsoft\Credentials\** (0.00s)
test-windows	bash scripts/portable-tests.sh --scope=windows	--- PASS: TestTierAAnchorsMatchNativeSpelling/browser_credential_store (0.00s)
test-windows	bash scripts/portable-tests.sh --scope=windows	--- PASS: TestOverrideKeyKeepsPosixBackslashesDistinct (0.00s)
test-windows	bash scripts/portable-tests.sh --scope=windows	--- PASS: TestSyncAncestorWalkVerifiesNativeChain (0.00s)
test-windows	bash scripts/portable-tests.sh --scope=windows	--- PASS: TestPointer183RefereeTwinFragmentOutsideSpanStaysExempted (0.00s)
test-windows	bash scripts/portable-tests.sh --scope=windows	--- PASS: TestPointer183RefereeControlBodyWithoutTwinIsClean (0.00s)
test-windows	bash scripts/portable-tests.sh --scope=windows	--- PASS: TestPointer183PathAppearingTwiceInBodyStaysExempted (0.00s)
test-windows	bash scripts/portable-tests.sh --scope=windows	--- PASS: TestPointer183BodySecretOutsideSpanStillHits (0.69s)
test-windows	bash scripts/portable-tests.sh --scope=windows	--- PASS: TestPointer183ForeignMarkCarryingSamePathStillHits (0.00s)
test-windows	bash scripts/portable-tests.sh --scope=windows	--- PASS: TestPointer183AlmostPathInSameHostMarkStillHits (0.00s)
test-windows	bash scripts/portable-tests.sh --scope=windows	--- PASS: TestPointer183WorstCaseOfTheLandedExemptionIsPinned (0.00s)
test-windows	bash scripts/portable-tests.sh --scope=windows	--- PASS: TestPointer183DeclaredPathAbsentFromBodyStillHits (0.00s)
test-windows	bash scripts/portable-tests.sh --scope=windows	--- PASS: TestPointer185SecondRereadOfAHostArtifactIsClean (0.00s)
test-windows	bash scripts/portable-tests.sh --scope=windows	--- PASS: TestPointer185TheReadBackBodyIsWhatBlocksTheRereadWhenNothingDeclaredIt (0.00s)
test-windows	bash scripts/portable-tests.sh --scope=windows	--- PASS: TestPointer185AModelNominatedFileIsNotOnTheRoster (0.01s)
test-windows	bash scripts/portable-tests.sh --scope=windows	--- PASS: TestPointer185ForeignContentCarryingTheHostPathStillHits (0.00s)
test-windows	bash scripts/portable-tests.sh --scope=windows	--- PASS: TestPointer185RosterDoesNotCrossScopeIDs (0.00s)
test-windows	bash scripts/portable-tests.sh --scope=windows	--- PASS: TestPointer185RosterDiesWithTheMarksItWasDerivedFrom (0.00s)
test-windows	bash scripts/portable-tests.sh --scope=windows	--- PASS: TestPointer185SiblingArtifactInSameDirectoryStillHits (0.00s)
test-windows	bash scripts/portable-tests.sh --scope=windows	--- PASS: TestPointer185OneRuneDifferentPathStillHits (0.00s)
test-windows	bash scripts/portable-tests.sh --scope=windows	--- PASS: TestPointer185SameBasenameOtherDirectoryStillHits (0.00s)
test-windows	bash scripts/portable-tests.sh --scope=windows	--- PASS: TestPointer185CostFaceOfTheRosterIsPinnedAndNarrowerThanTheSpan (0.02s)
test-windows	bash scripts/portable-tests.sh --scope=windows	--- PASS: TestExfilSyncWriteWindowsSpellingInvariant (0.02s)
test-windows	bash scripts/portable-tests.sh --scope=windows	--- PASS: TestExfilSyncWriteWindowsSpellingInvariant/sync_root,_native_spelling (0.00s)
test-windows	bash scripts/portable-tests.sh --scope=windows	--- PASS: TestExfilSyncWriteWindowsSpellingInvariant/sync_root,_all-forward-slash (0.00s)
test-windows	bash scripts/portable-tests.sh --scope=windows	--- PASS: TestExfilSyncWriteWindowsSpellingInvariant/sync_root,_both_separators_at_once (0.00s)
test-windows	bash scripts/portable-tests.sh --scope=windows	--- PASS: TestExfilSyncWriteWindowsSpellingInvariant/sync_root,_forward_slash_under_a_backslash_parent (0.00s)
test-windows	bash scripts/portable-tests.sh --scope=windows	--- PASS: TestExfilSyncWriteWindowsSpellingInvariant/plain_dir,_native_spelling (0.00s)
test-windows	bash scripts/portable-tests.sh --scope=windows	--- PASS: TestExfilSyncWriteWindowsSpellingInvariant/plain_dir,_all-forward-slash (0.00s)
test-windows	bash scripts/portable-tests.sh --scope=windows	--- PASS: TestExfilSyncWriteWindowsSpellingInvariant/plain_dir,_both_separators_at_once (0.00s)
test-windows	bash scripts/portable-tests.sh --scope=windows	--- PASS: TestMarkInspectSourceAttribution (0.00s)
test-windows	bash scripts/portable-tests.sh --scope=windows	--- PASS: TestMarkNegativeNoTaintNoHit (0.00s)
test-windows	bash scripts/portable-tests.sh --scope=windows	--- PASS: TestMarkEmptyAfterNormalization (0.01s)
test-windows	bash scripts/portable-tests.sh --scope=windows	--- PASS: TestMarkUnknownSourceToolFailClosed (0.00s)
test-windows	bash scripts/portable-tests.sh --scope=windows	--- PASS: TestSensitiveSourceSetComplete (0.00s)
test-windows	bash scripts/portable-tests.sh --scope=windows	--- PASS: TestFourChannelExfilSuite (0.01s)
test-windows	bash scripts/portable-tests.sh --scope=windows	--- PASS: TestFourChannelExfilSuite/web.search_query (0.00s)
test-windows	bash scripts/portable-tests.sh --scope=windows	--- PASS: TestFourChannelExfilSuite/notify_text (0.00s)
test-windows	bash scripts/portable-tests.sh --scope=windows	--- PASS: TestFourChannelExfilSuite/notify_url (0.00s)
test-windows	bash scripts/portable-tests.sh --scope=windows	--- PASS: TestFourChannelExfilSuite/clipboard.write (0.00s)
test-windows	bash scripts/portable-tests.sh --scope=windows	--- PASS: TestFourChannelExfilSuite/fs.write_into_sync_dir (0.00s)
test-windows	bash scripts/portable-tests.sh --scope=windows	--- PASS: TestR4EndToEndViaAssessor (0.00s)
test-windows	bash scripts/portable-tests.sh --scope=windows	--- PASS: TestSyncWriteNegative (0.01s)
test-windows	bash scripts/portable-tests.sh --scope=windows	--- PASS: TestDetectorUnknownToolScansEverything (0.00s)
test-windows	bash scripts/portable-tests.sh --scope=windows	--- PASS: TestScopesNeverInherit (0.00s)
test-windows	bash scripts/portable-tests.sh --scope=windows	--- PASS: TestDisposalScopeClearsTaints (0.00s)
test-windows	bash scripts/portable-tests.sh --scope=windows	--- PASS: TestInspectUnknownScopeIsEmptyStore (0.00s)
test-windows	bash scripts/portable-tests.sh --scope=windows	--- PASS: TestNamedChannelParamEscape (0.00s)
test-windows	bash scripts/portable-tests.sh --scope=windows	--- PASS: TestNamedChannelParamEscape/table_key_still_gets_its_contract_label (0.00s)
test-windows	bash scripts/portable-tests.sh --scope=windows	--- PASS: TestNamedChannelParamEscape/renamed_query_key (0.00s)
test-windows	bash scripts/portable-tests.sh --scope=windows	--- PASS: TestNamedChannelParamEscape/abbreviated_key (0.00s)
test-windows	bash scripts/portable-tests.sh --scope=windows	--- PASS: TestNamedChannelParamEscape/harmless_table_key,_tainted_extra_key (0.00s)
test-windows	bash scripts/portable-tests.sh --scope=windows	--- PASS: TestNamedChannelParamEscape/payload_under_another_name (0.00s)
test-windows	bash scripts/portable-tests.sh --scope=windows	--- PASS: TestNamedChannelParamEscape/nested_object_payload (0.00s)
test-windows	bash scripts/portable-tests.sh --scope=windows	--- PASS: TestNamedChannelParamEscape/array_payload (0.00s)
test-windows	bash scripts/portable-tests.sh --scope=windows	--- PASS: TestNamedChannelParamEscape/[]string_payload (0.00s)
test-windows	bash scripts/portable-tests.sh --scope=windows	--- PASS: TestNamedChannelParamEscape/byte_payload (0.00s)
test-windows	bash scripts/portable-tests.sh --scope=windows	--- PASS: TestNamedChannelParamEscape/deep_map_under_an_unknown_key (0.00s)
test-windows	bash scripts/portable-tests.sh --scope=windows	--- PASS: TestWriteGateNotSelectedByPayloadKey (0.05s)
test-windows	bash scripts/portable-tests.sh --scope=windows	--- PASS: TestWriteGatePlainLocalWriteNotFlagged (0.02s)
test-windows	bash scripts/portable-tests.sh --scope=windows	--- PASS: TestWriteGateEveryPathTargetJudged (0.02s)
test-windows	bash scripts/portable-tests.sh --scope=windows	--- PASS: TestWriteGateEveryPathTargetJudged/decoy_path_+_real_dest (0.00s)
test-windows	bash scripts/portable-tests.sh --scope=windows	--- PASS: TestWriteGateEveryPathTargetJudged/reversed_order (0.00s)
test-windows	bash scripts/portable-tests.sh --scope=windows	--- PASS: TestWriteGateEveryPathTargetJudged/file+destination,_no_tool_name (0.00s)
test-windows	bash scripts/portable-tests.sh --scope=windows	--- PASS: TestWriteGateEveryPathTargetJudged/three-way:_path+dest_non-sync,_file_in_sync_root (0.00s)
test-windows	bash scripts/portable-tests.sh --scope=windows	--- PASS: TestWriteGateEveryPathTargetJudged/single_sync_dest_only (0.00s)
test-windows	bash scripts/portable-tests.sh --scope=windows	--- PASS: TestWriteGateEveryPathTargetJudged/casing_decoy:_Path_hides_the_sync_target_from_an_exact-match_scan (0.00s)
test-windows	bash scripts/portable-tests.sh --scope=windows	--- PASS: TestWriteGateEveryPathTargetJudged/path-shaped_key_with_no_checkable_value (0.00s)
test-windows	bash scripts/portable-tests.sh --scope=windows	--- PASS: TestWriteGateAllPathsNonSyncStaysExempt (0.04s)
test-windows	bash scripts/portable-tests.sh --scope=windows	--- PASS: TestDeepNestingFailsClosedNotSilent (0.00s)
test-windows	bash scripts/portable-tests.sh --scope=windows	--- PASS: TestNormalizationEndToEnd (0.00s)
test-windows	bash scripts/portable-tests.sh --scope=windows	--- PASS: TestNormalizationEndToEnd/whitespace_split (0.00s)
test-windows	bash scripts/portable-tests.sh --scope=windows	--- PASS: TestNormalizationEndToEnd/full-width (0.00s)
test-windows	bash scripts/portable-tests.sh --scope=windows	--- PASS: TestNormalizationEndToEnd/zero-width_split (0.00s)
test-windows	bash scripts/portable-tests.sh --scope=windows	--- PASS: TestNormalizationEndToEnd/soft-hyphen (0.00s)
test-windows	bash scripts/portable-tests.sh --scope=windows	--- PASS: TestNormalizationEndToEnd/bom/word-joiner (0.00s)
test-windows	bash scripts/portable-tests.sh --scope=windows	--- PASS: TestNormalizationEndToEnd/combining_mark (0.00s)
test-windows	bash scripts/portable-tests.sh --scope=windows	--- PASS: TestNormalizationEndToEnd/lowercase (0.00s)
test-windows	bash scripts/portable-tests.sh --scope=windows	--- PASS: TestFragmentThresholdClampedToContractFloor (0.00s)
test-windows	bash scripts/portable-tests.sh --scope=windows	--- PASS: TestFragmentThresholdStricterAllowed (0.00s)
test-windows	bash scripts/portable-tests.sh --scope=windows	--- PASS: TestResidualLimitsAreLoggedNotSilent (0.00s)
test-windows	bash scripts/portable-tests.sh --scope=windows	--- PASS: TestConcurrentMarkInspect (0.01s)
test-windows	bash scripts/portable-tests.sh --scope=windows	--- PASS: TestLLMParaphraseResidual (0.00s)
test-windows	bash scripts/portable-tests.sh --scope=windows	--- PASS: TestScopeCloseRefusesAnotherOwnersRegistration (0.00s)
test-windows	bash scripts/portable-tests.sh --scope=windows	--- PASS: TestScopeCloseRefusedOnEmptyRegistrationIsStillVisible (0.00s)
test-windows	bash scripts/portable-tests.sh --scope=windows	--- PASS: TestScopeCloseIsIdempotent (0.00s)
test-windows	bash scripts/portable-tests.sh --scope=windows	--- PASS: TestScopeIDGrantsNoPower (0.00s)
test-windows	bash scripts/portable-tests.sh --scope=windows	--- PASS: TestRuleDeclaredR1 (0.00s)
test-windows	bash scripts/portable-tests.sh --scope=windows	--- PASS: TestRulePathAllowlistR2 (0.00s)
test-windows	bash scripts/portable-tests.sh --scope=windows	--- PASS: TestRuleSensitivePathR3 (0.00s)
test-windows	bash scripts/portable-tests.sh --scope=windows	--- PASS: TestRuleTaintR4 (0.00s)
test-windows	bash scripts/portable-tests.sh --scope=windows	--- PASS: TestRuleNetworkR5 (0.00s)
test-windows	bash scripts/portable-tests.sh --scope=windows	--- PASS: TestRuleShellR6 (0.00s)
test-windows	bash scripts/portable-tests.sh --scope=windows	--- PASS: TestRuleBatchScaleR7 (0.00s)
test-windows	bash scripts/portable-tests.sh --scope=windows	--- PASS: TestRuleIrreversibleR8 (0.00s)
test-windows	bash scripts/portable-tests.sh --scope=windows	--- PASS: TestShapeAHostReReadOfDeclaredPathIsClean (0.04s)
test-windows	bash scripts/portable-tests.sh --scope=windows	--- PASS: TestShapeAW1RestOfHostMarkStillIndexed (0.00s)
test-windows	bash scripts/portable-tests.sh --scope=windows	--- PASS: TestShapeAW2ForeignMarkCarryingSamePathStillHits (0.00s)
test-windows	bash scripts/portable-tests.sh --scope=windows	--- PASS: TestShapeAW3NeverMintedSiblingUnderSameDirStillHits (0.01s)
test-windows	bash scripts/portable-tests.sh --scope=windows	--- PASS: TestShapeAW4PositionalExclusionNeverLeavesHostMark (0.00s)
test-windows	bash scripts/portable-tests.sh --scope=windows	--- PASS: TestShapeAFExclusionDiesWithScopeClose (0.00s)
test-windows	bash scripts/portable-tests.sh --scope=windows	--- PASS: TestShapeAW5EmptyCheckPrecedesExclusion (0.00s)
test-windows	bash scripts/portable-tests.sh --scope=windows	--- PASS: TestShapeAOrderOneSpanLocatedAfterNormalization (0.02s)
test-windows	bash scripts/portable-tests.sh --scope=windows	--- PASS: TestSyncAncestorActableLegFailsClosedOnMovedAncestor116 (0.01s)
test-windows	bash scripts/portable-tests.sh --scope=windows	--- PASS: TestSyncFirstActableLegStillRefusesEnvRewriteAtVerdict116 (0.01s)
test-windows	bash scripts/portable-tests.sh --scope=windows	--- PASS: TestSyncFirstActableLegStillRefusesHomeRewriteAtVerdict116 (0.00s)
test-windows	bash scripts/portable-tests.sh --scope=windows	--- PASS: TestSyncAncestorLegStillMatchesPlainSameTreeWrite116 (0.01s)
test-windows	bash scripts/portable-tests.sh --scope=windows	--- PASS: TestSyncAncestorLegReResolvesThroughJunctionToRealTree (0.10s)
test-windows	bash scripts/portable-tests.sh --scope=windows	--- PASS: TestSyncAncestorLegNotExemptedStaysFailClosed (0.08s)
test-windows	bash scripts/portable-tests.sh --scope=windows	--- PASS: TestSyncRedTeamNewFileSpellingsDeniedAndLandNoBytes (0.03s)
test-windows	bash scripts/portable-tests.sh --scope=windows	--- PASS: TestSyncRedTeamNewFileSpellingsDeniedAndLandNoBytes/plain_long_spelling (0.00s)
test-windows	bash scripts/portable-tests.sh --scope=windows	--- PASS: TestSyncRedTeamNewFileSpellingsDeniedAndLandNoBytes/extended-length_\\?\_spelling (0.00s)
test-windows	bash scripts/portable-tests.sh --scope=windows	--- PASS: TestSyncRedTeamNewFileSpellingsDeniedAndLandNoBytes/OS_8.3_short-name_spelling (0.00s)
test-windows	bash scripts/portable-tests.sh --scope=windows	--- PASS: TestSyncRedTeamNewFileSpellingsDeniedAndLandNoBytes/8.3_+_\\?\_combined (0.00s)
test-windows	bash scripts/portable-tests.sh --scope=windows	--- PASS: TestSyncRedTeamGuardPlainNewFileWriteAllowed (0.02s)
test-windows	bash scripts/portable-tests.sh --scope=windows	--- PASS: TestSyncRedTeamUnverifiableChainFailClosed (1.27s)
test-windows	bash scripts/portable-tests.sh --scope=windows	--- SKIP: TestSyncRedTeamRealOneDrive (0.00s)
test-windows	bash scripts/portable-tests.sh --scope=windows	--- PASS: TestSyncDefaultLocationProbe (0.00s)
test-windows	bash scripts/portable-tests.sh --scope=windows	--- PASS: TestSyncDropboxHostDBConfig (0.00s)
test-windows	bash scripts/portable-tests.sh --scope=windows	--- FAIL: TestSyncFixtureFallbackAndMatch (0.00s)
test-windows	bash scripts/portable-tests.sh --scope=windows	--- FAIL: TestSyncFallbackNotDisarmableByWeakRoot (0.01s)
test-windows	bash scripts/portable-tests.sh --scope=windows	--- FAIL: TestSyncUnverifiedRootKeepsFallback (0.00s)
test-windows	bash scripts/portable-tests.sh --scope=windows	--- PASS: TestSyncEnvConfiguredRoots (0.01s)
test-windows	bash scripts/portable-tests.sh --scope=windows	--- PASS: TestSyncRegistryProbeTable (0.00s)
test-windows	bash scripts/portable-tests.sh --scope=windows	--- PASS: TestSyncRegistryProbeTable/empty_hive_yields_nothing (0.00s)
test-windows	bash scripts/portable-tests.sh --scope=windows	--- PASS: TestSyncRegistryProbeTable/personal_+_business_accounts,_decoys_ignored (0.00s)
test-windows	bash scripts/portable-tests.sh --scope=windows	--- PASS: TestSyncRegistryProbeTable/duplicate_accounts_dedupe (0.00s)
test-windows	bash scripts/portable-tests.sh --scope=windows	--- PASS: TestSyncRegistryProbeTable/dropbox_installer_path (0.00s)
test-windows	bash scripts/portable-tests.sh --scope=windows	--- FAIL: TestSyncSuspectFallbackIsComponentBounded (0.00s)
test-windows	bash scripts/portable-tests.sh --scope=windows	--- PASS: TestSyncNormalNewFileWriteNotFlagged (0.01s)
test-windows	bash scripts/portable-tests.sh --scope=windows	--- FAIL: TestSyncSuspectFallbackWhenUndetectable (0.01s)
test-windows	bash scripts/portable-tests.sh --scope=windows	--- PASS: TestSyncUnresolvablePathFailClosed (0.01s)
test-windows	bash scripts/portable-tests.sh --scope=windows	--- PASS: TestSyncDotDotTailFailsClosed (0.01s)
test-windows	bash scripts/portable-tests.sh --scope=windows	--- PASS: TestSyncRootsIntrospection (0.00s)
test-windows	bash scripts/portable-tests.sh --scope=windows	--- PASS: TestSyncDetectionOnThisMachine (0.00s)
test-windows	bash scripts/portable-tests.sh --scope=windows	--- PASS: TestSyncConfirmedGradesDisarmFallbackWindows (0.02s)
test-windows	bash scripts/portable-tests.sh --scope=windows	--- PASS: TestWriteGatePlainTargetInsideProfileWindows (0.01s)
test-windows	bash scripts/portable-tests.sh --scope=windows	--- PASS: TestNormalizeTaintContractForm (0.00s)
test-windows	bash scripts/portable-tests.sh --scope=windows	--- PASS: TestFragmentMatchExactBoundary (0.00s)
test-windows	bash scripts/portable-tests.sh --scope=windows	--- PASS: TestFragmentMatchAcrossTransforms (0.00s)
test-windows	bash scripts/portable-tests.sh --scope=windows	--- PASS: TestFragmentMatchCJK (0.00s)
test-windows	bash scripts/portable-tests.sh --scope=windows	--- PASS: TestNormalizeTaintDropsIgnorableChars (0.00s)
test-windows	bash scripts/portable-tests.sh --scope=windows	--- PASS: TestNormalizeTaintDropsIgnorableChars/zwsp (0.00s)
test-windows	bash scripts/portable-tests.sh --scope=windows	--- PASS: TestNormalizeTaintDropsIgnorableChars/zwnj+zwj (0.00s)
test-windows	bash scripts/portable-tests.sh --scope=windows	--- PASS: TestNormalizeTaintDropsIgnorableChars/soft_hyphen (0.00s)
test-windows	bash scripts/portable-tests.sh --scope=windows	--- PASS: TestNormalizeTaintDropsIgnorableChars/word_joiner (0.00s)
test-windows	bash scripts/portable-tests.sh --scope=windows	--- PASS: TestNormalizeTaintDropsIgnorableChars/bom (0.00s)
test-windows	bash scripts/portable-tests.sh --scope=windows	--- PASS: TestNormalizeTaintDropsIgnorableChars/combining_marks (0.00s)
test-windows	bash scripts/portable-tests.sh --scope=windows	--- PASS: TestNormalizeTaintDropsIgnorableChars/full-width_+_ignorable_mix (0.00s)
test-windows	bash scripts/portable-tests.sh --scope=windows	--- PASS: TestFragmentIndexShortSourceNeverMatches (0.00s)
test-windows	bash scripts/portable-tests.sh --scope=windows	--- PASS: TestFragmentHashCollisionCannotFakeHit (0.00s)
test-windows	bash scripts/portable-tests.sh --scope=windows	FAIL
test-windows	bash scripts/portable-tests.sh --scope=windows	FAILgithub.com/CarlosShao/wisp/internal/risk6.247s
test-windows	bash scripts/portable-tests.sh --scope=windows	--- PASS: TestDockGeometryShape (0.00s)
test-windows	bash scripts/portable-tests.sh --scope=windows	--- PASS: TestDockTangentMeansGapZero (0.00s)
test-windows	bash scripts/portable-tests.sh --scope=windows	--- PASS: TestDockPosKeepsTheOrbTangentAtEveryRampLevel (0.00s)
test-windows	bash scripts/portable-tests.sh --scope=windows	--- PASS: TestDockSquashIsMonotonicAndClamped (0.00s)
test-windows	bash scripts/portable-tests.sh --scope=windows	--- PASS: TestDockProgressReadsThePush (0.00s)
test-windows	bash scripts/portable-tests.sh --scope=windows	--- PASS: TestNearestDockEdgePicksTheEdgeYouPushed (0.00s)
test-windows	bash scripts/portable-tests.sh --scope=windows	--- PASS: TestDockedLeavesAHittableStrip (0.00s)
test-windows	bash scripts/portable-tests.sh --scope=windows	--- PASS: TestDockFreePosKeepsTheBallReachable (0.00s)
test-windows	bash scripts/portable-tests.sh --scope=windows	--- PASS: TestDockOnSecondaryMonitorWithNegativeOrigin (0.00s)
test-windows	bash scripts/portable-tests.sh --scope=windows	--- PASS: TestDockHoverPopBackWalksTheRampHome (0.00s)
test-windows	bash scripts/portable-tests.sh --scope=windows	--- PASS: TestDockRampWalksItsBudget (0.00s)
test-windows	bash scripts/portable-tests.sh --scope=windows	--- PASS: TestRegisterAllLiveSet (0.06s)
test-windows	bash scripts/portable-tests.sh --scope=windows	--- PASS: TestDefaultHotkeysIdlePassHoldsNoEsc (0.00s)
test-windows	bash scripts/portable-tests.sh --scope=windows	--- PASS: TestCancelBorrowRoundTrip (0.00s)
test-windows	bash scripts/portable-tests.sh --scope=windows	--- PASS: TestCancelBorrowFailureIsAProblemLine (0.00s)
test-windows	bash scripts/portable-tests.sh --scope=windows	--- PASS: TestStandbyIsNotDisabledAndNotAProblem (0.00s)
test-windows	bash scripts/portable-tests.sh --scope=windows	--- PASS: TestRegisterAllSplitsFailureFamilies (0.00s)
test-windows	bash scripts/portable-tests.sh --scope=windows	--- PASS: TestUnregisterAllDropsKnownSlots (0.00s)
test-windows	bash scripts/portable-tests.sh --scope=windows	--- PASS: TestHotkeyStatusString (0.00s)
test-windows	bash scripts/portable-tests.sh --scope=windows	--- PASS: TestHotkeyReloaderRebindsOnConfigChange (0.00s)
test-windows	bash scripts/portable-tests.sh --scope=windows	--- PASS: TestHotkeyReloaderSectionsHookIgnoresOtherSections (0.00s)
test-windows	bash scripts/portable-tests.sh --scope=windows	--- PASS: TestApplyHotkeyDefaults (0.00s)
test-windows	bash scripts/portable-tests.sh --scope=windows	--- PASS: TestParseAccelerator (0.00s)
test-windows	bash scripts/portable-tests.sh --scope=windows	--- PASS: TestDefaultHotkeys (0.00s)
test-windows	bash scripts/portable-tests.sh --scope=windows	--- PASS: TestLiquidRotationIsMonotonicInLevel (0.00s)
test-windows	bash scripts/portable-tests.sh --scope=windows	--- PASS: TestLiquidConvergesAndBorderFadesInOnSilence (0.00s)
test-windows	bash scripts/portable-tests.sh --scope=windows	--- PASS: TestSummonBurstIsBoundedAndRetires (0.00s)
test-windows	bash scripts/portable-tests.sh --scope=windows	--- PASS: TestMotionOnlyAppliesInPrototypeMode (0.00s)
test-windows	bash scripts/portable-tests.sh --scope=windows	--- PASS: TestBorderIsNeverAppliedInOneFrame (0.00s)
test-windows	bash scripts/portable-tests.sh --scope=windows	--- PASS: TestBorderGlidesInAfterTheSessionEnds (0.00s)
test-windows	bash scripts/portable-tests.sh --scope=windows	--- PASS: TestSpeakingGlidesTheBorderBackOut (0.00s)
test-windows	bash scripts/portable-tests.sh --scope=windows	--- PASS: TestTransitionTimerSetIsTheFrozenTimerSet (0.00s)
test-windows	bash scripts/portable-tests.sh --scope=windows	--- PASS: TestSleepingFrameLosesTheBorderAuthority (0.00s)
test-windows	bash scripts/portable-tests.sh --scope=windows	--- PASS: TestLiquidDrivenStateSet (0.00s)
test-windows	bash scripts/portable-tests.sh --scope=windows	--- PASS: TestPushLevelIsInputHardened (0.00s)
test-windows	bash scripts/portable-tests.sh --scope=windows	--- PASS: TestRepaintIsSkippedWhenNothingChanged (0.00s)
test-windows	bash scripts/portable-tests.sh --scope=windows	--- PASS: TestPositionStoreRoundTrip (0.02s)
test-windows	bash scripts/portable-tests.sh --scope=windows	--- PASS: TestResolvePosition (0.00s)
test-windows	bash scripts/portable-tests.sh --scope=windows	--- PASS: TestResolvePosition/saved_visible_on_its_monitor:_kept (0.00s)
test-windows	bash scripts/portable-tests.sh --scope=windows	--- PASS: TestResolvePosition/saved_partially_off_right_edge:_clamped (0.00s)
test-windows	bash scripts/portable-tests.sh --scope=windows	--- PASS: TestResolvePosition/saved_monitor_detached:_primary_default (0.00s)
test-windows	bash scripts/portable-tests.sh --scope=windows	--- PASS: TestResolvePosition/nothing_saved:_primary_default (0.00s)
test-windows	bash scripts/portable-tests.sh --scope=windows	--- PASS: TestResolvePosition/saved_point_on_no_monitor:_that-monitor_default_impossible_->_primary (0.00s)
test-windows	bash scripts/portable-tests.sh --scope=windows	--- PASS: TestResolvePosition/primary_detection_when_listed_second (0.00s)
test-windows	bash scripts/portable-tests.sh --scope=windows	--- PASS: TestDefaultPositionInsideWorkArea (0.00s)
test-windows	bash scripts/portable-tests.sh --scope=windows	--- PASS: TestC21TableColourRowsMatchCode (0.00s)
test-windows	bash scripts/portable-tests.sh --scope=windows	--- PASS: TestC21GeometryRowsMatchCodeConstants (0.05s)
test-windows	bash scripts/portable-tests.sh --scope=windows	--- PASS: TestC21TokenConsumerReport (0.04s)
test-windows	bash scripts/portable-tests.sh --scope=windows	--- PASS: TestC21CodeTokensAreTabledOrExempt (0.21s)
test-windows	bash scripts/portable-tests.sh --scope=windows	--- PASS: TestC21TableColourRowsMatchTokensCSS (0.01s)
test-windows	bash scripts/portable-tests.sh --scope=windows	--- PASS: TestTokenGoldenValues (0.00s)
test-windows	bash scripts/portable-tests.sh --scope=windows	--- PASS: TestPremultipliedDerivation (0.00s)
test-windows	bash scripts/portable-tests.sh --scope=windows	--- PASS: TestNoHardcodedColorsInBallPackage (0.01s)
test-windows	bash scripts/portable-tests.sh --scope=windows	--- PASS: TestVisualForCoversAllTwentyStates (0.00s)
test-windows	bash scripts/portable-tests.sh --scope=windows	--- PASS: TestSleepingSizeTruthTable (0.00s)
test-windows	bash scripts/portable-tests.sh --scope=windows	--- PASS: TestRecordedSleepingDiffBoxIsNotA44pxBody (0.00s)
test-windows	bash scripts/portable-tests.sh --scope=windows	--- PASS: TestAnimatedWhitelist (0.00s)
test-windows	bash scripts/portable-tests.sh --scope=windows	--- PASS: TestAnimationPolicyZeroTimerInSleeping (0.00s)
test-windows	bash scripts/portable-tests.sh --scope=windows	--- PASS: TestHitTestAndDPIInjection (0.00s)
test-windows	bash scripts/portable-tests.sh --scope=windows	--- PASS: TestTicket90ThreeModesAndNoFourth (0.00s)
test-windows	bash scripts/portable-tests.sh --scope=windows	--- PASS: TestTicket90OnlyAutoCostsAConfirmAndAllThreeAreAudited (0.00s)
test-windows	bash scripts/portable-tests.sh --scope=windows	--- PASS: TestTicket90NoConfirmChannelMeansNoAuto (0.00s)
test-windows	bash scripts/portable-tests.sh --scope=windows	--- PASS: TestTicket90ConfirmRefusalLeavesModeAlone (0.00s)
test-windows	bash scripts/portable-tests.sh --scope=windows	--- PASS: TestTicket90PersistFailureKeepsMemory (0.00s)
test-windows	bash scripts/portable-tests.sh --scope=windows	--- PASS: TestTicket90SnapshotIsReadOnly (0.00s)
test-windows	bash scripts/portable-tests.sh --scope=windows	--- PASS: TestTicket90ScreenTable (0.00s)
test-windows	bash scripts/portable-tests.sh --scope=windows	--- PASS: TestTicket90TaintFlagAndDenyAreNeverSilenced (0.00s)
test-windows	bash scripts/portable-tests.sh --scope=windows	--- PASS: TestTicket90ParseModeIsLoud (0.00s)
test-windows	bash scripts/portable-tests.sh --scope=windows	--- PASS: TestTicket90ManualSwitchSurvivesRestart (0.13s)
test-windows	bash scripts/portable-tests.sh --scope=windows	--- PASS: TestTicket90UntouchedConfigStartsAtTheDefault (0.11s)
test-windows	bash scripts/portable-tests.sh --scope=windows	--- PASS: TestTicket90SessionGrantDoesNotSurviveRestart (0.33s)
test-windows	bash scripts/portable-tests.sh --scope=windows	--- PASS: TestTicket90ConfigKeyChangesWhatTheChainAsks (0.15s)
test-windows	bash scripts/portable-tests.sh --scope=windows	--- PASS: TestTicket90HandEditLooseningGoesThroughD36 (0.16s)
test-windows	bash scripts/portable-tests.sh --scope=windows	--- PASS: TestDisposeRunsInReverseOrder (0.08s)
test-windows	bash scripts/portable-tests.sh --scope=windows	--- PASS: TestDisposeIsIdempotent (0.01s)
test-windows	bash scripts/portable-tests.sh --scope=windows	--- PASS: TestDisposePanicDoesNotBlockOthers (0.01s)
test-windows	bash scripts/portable-tests.sh --scope=windows	--- PASS: TestDisposeTimeoutMarksIncomplete (0.07s)
test-windows	bash scripts/portable-tests.sh --scope=windows	--- PASS: TestDisposeTailOrder (0.03s)
test-windows	bash scripts/portable-tests.sh --scope=windows	--- PASS: TestDeferAfterDisposeIsVisible (0.00s)
test-windows	bash scripts/portable-tests.sh --scope=windows	--- PASS: TestGoGoroutineGetsScopeCtx (0.01s)
test-windows	bash scripts/portable-tests.sh --scope=windows	--- PASS: TestRecordWithoutKeyFailsExplicitly (0.00s)
test-windows	bash scripts/portable-tests.sh --scope=windows	--- PASS: TestRecordCapturesSSEAndWritesParsableGolden (0.01s)
test-windows	bash scripts/portable-tests.sh --scope=windows	FAIL
test-windows	bash scripts/portable-tests.sh --scope=windows	--- SKIP: TestSyncRedTeamRealOneDrive (0.00s)
test-windows	bash scripts/portable-tests.sh --scope=windows	ERR|Process completed with exit code 1.
test-windows	bash tools/d22scan/runtests.sh ./internal/risk/ -run	--- PASS: TestPathResolverJunctionWindows (0.03s)
lint	bash tools/d22scan/runtests.sh -C tools/d22scan ./..	--- PASS: TestScanDetectsAllSeededViolations (0.00s)
lint	bash tools/d22scan/runtests.sh -C tools/d22scan ./..	--- PASS: TestScanCleanRepoIsGreen (0.00s)
lint	bash tools/d22scan/runtests.sh -C tools/d22scan ./..	--- PASS: TestAllowlistSuppressesOnlyListedPaths (0.00s)
lint	bash tools/d22scan/runtests.sh -C tools/d22scan ./..	--- PASS: TestCheckRootRejectsBlindRoots (0.00s)
lint	bash tools/d22scan/runtests.sh -C tools/d22scan ./..	--- PASS: TestCheckRootRejectsBlindRoots/empty_dir (0.00s)
lint	bash tools/d22scan/runtests.sh -C tools/d22scan ./..	--- PASS: TestCheckRootRejectsBlindRoots/go.mod_only (0.00s)
lint	bash tools/d22scan/runtests.sh -C tools/d22scan ./..	--- PASS: TestCheckRootRejectsBlindRoots/the_d22scan_module_itself (0.00s)
lint	bash tools/d22scan/runtests.sh -C tools/d22scan ./..	--- PASS: TestCheckRootRejectsBlindRoots/repo_skeleton_with_two_go_files (0.00s)
lint	bash tools/d22scan/runtests.sh -C tools/d22scan ./..	--- PASS: TestScanAloneIsNotAFalsifier (0.00s)
lint	bash tools/d22scan/runtests.sh -C tools/d22scan ./..	--- PASS: TestCheckRootAcceptsRealRepo (0.02s)
lint	bash tools/d22scan/runtests.sh -C tools/d22scan ./..	--- PASS: TestScannerSelfScanOfRealRepoIsGreen (0.48s)
lint	bash tools/d22scan/runtests.sh -C tools/d22scan ./..	--- PASS: TestEmojiBanCoversGoSourcesNotJustDesign (0.00s)
lint	bash tools/d22scan/runtests.sh -C tools/d22scan ./..	--- PASS: TestBan8MathBandAndRemainingGaps (0.02s)
lint	bash tools/d22scan/runtests.sh -C tools/d22scan ./..	--- PASS: TestBan8MathBandAndRemainingGaps/U+2265_greater-or-equal,_band_added_by_Q-46(c) (0.00s)
lint	bash tools/d22scan/runtests.sh -C tools/d22scan ./..	--- PASS: TestBan8MathBandAndRemainingGaps/U+2264_less-or-equal,_band_added_by_Q-46(c) (0.00s)
lint	bash tools/d22scan/runtests.sh -C tools/d22scan ./..	--- PASS: TestBan8MathBandAndRemainingGaps/U+2229_intersection,_band_added_by_Q-46(c) (0.00s)
lint	bash tools/d22scan/runtests.sh -C tools/d22scan ./..	--- PASS: TestBan8MathBandAndRemainingGaps/U+2212_minus_sign,_band_added_by_Q-46(c) (0.00s)
lint	bash tools/d22scan/runtests.sh -C tools/d22scan ./..	--- PASS: TestBan8MathBandAndRemainingGaps/U+2713_check,_pre-existing_U+2600-U+27BF_band (0.00s)
lint	bash tools/d22scan/runtests.sh -C tools/d22scan ./..	--- PASS: TestBan8MathBandAndRemainingGaps/U+1F600_emoji,_pre-existing_U+1F000-U+1FAFF_band (0.00s)
lint	bash tools/d22scan/runtests.sh -C tools/d22scan ./..	--- PASS: TestBan8MathBandAndRemainingGaps/U+FE0F_variation_selector,_pre-existing (0.00s)
lint	bash tools/d22scan/runtests.sh -C tools/d22scan ./..	--- PASS: TestBan8MathBandAndRemainingGaps/U+2192_right_arrow,_gap_kept (0.00s)
lint	bash tools/d22scan/runtests.sh -C tools/d22scan ./..	--- PASS: TestBan8MathBandAndRemainingGaps/U+21D2_rightdouble_arrow,_gap_kept (0.00s)
lint	bash tools/d22scan/runtests.sh -C tools/d22scan ./..	--- PASS: TestBan8MathBandAndRemainingGaps/U+2500_box_drawing,_gap_kept (0.00s)
lint	bash tools/d22scan/runtests.sh -C tools/d22scan ./..	--- PASS: TestBan8MathBandAndRemainingGaps/U+2460_circled_one,_gap_kept (0.00s)
lint	bash tools/d22scan/runtests.sh -C tools/d22scan ./..	--- PASS: TestBan8CommentExemptionInGoSources (0.02s)
lint	bash tools/d22scan/runtests.sh -C tools/d22scan ./..	--- PASS: TestBan8CommentExemptionInGoSources/line_comment (0.00s)
lint	bash tools/d22scan/runtests.sh -C tools/d22scan ./..	--- PASS: TestBan8CommentExemptionInGoSources/doc_comment_above_a_declaration (0.00s)
lint	bash tools/d22scan/runtests.sh -C tools/d22scan ./..	--- PASS: TestBan8CommentExemptionInGoSources/one-line_block_comment (0.00s)
lint	bash tools/d22scan/runtests.sh -C tools/d22scan ./..	--- PASS: TestBan8CommentExemptionInGoSources/multi-line_block_comment,_glyph_on_a_middle_line (0.00s)
lint	bash tools/d22scan/runtests.sh -C tools/d22scan ./..	--- PASS: TestBan8CommentExemptionInGoSources/trailing_comment_after_clean_code (0.00s)
lint	bash tools/d22scan/runtests.sh -C tools/d22scan ./..	--- PASS: TestBan8CommentExemptionInGoSources/string_on_the_same_line_as_a_trailing_comment (0.00s)
lint	bash tools/d22scan/runtests.sh -C tools/d22scan ./..	--- PASS: TestBan8CommentExemptionInGoSources/raw_string_that_reads_as_a_SQL_comment (0.00s)
lint	bash tools/d22scan/runtests.sh -C tools/d22scan ./..	--- PASS: TestBan8CommentExemptionInGoSources/interpreted_string_containing_a_comment_marker (0.00s)
lint	bash tools/d22scan/runtests.sh -C tools/d22scan ./..	--- PASS: TestBan8CommentExemptionInGoSources/glyph_inside_a_comment_AND_inside_code_in_one_block_comment (0.00s)
lint	bash tools/d22scan/runtests.sh -C tools/d22scan ./..	--- PASS: TestBan8CommentExemptionInGoSources/unparseable_file_gets_no_exemption_at_all (0.00s)
lint	bash tools/d22scan/runtests.sh -C tools/d22scan ./..	--- PASS: TestBan8CommentExemptionInTextScopes (0.02s)
lint	bash tools/d22scan/runtests.sh -C tools/d22scan ./..	--- PASS: TestBan8CommentExemptionInTextScopes/tsx_line_comment (0.00s)
lint	bash tools/d22scan/runtests.sh -C tools/d22scan ./..	--- PASS: TestBan8CommentExemptionInTextScopes/tsx_block_divider,_glyph_on_the_closing_line (0.00s)
lint	bash tools/d22scan/runtests.sh -C tools/d22scan ./..	--- PASS: TestBan8CommentExemptionInTextScopes/html_comment (0.00s)
lint	bash tools/d22scan/runtests.sh -C tools/d22scan ./..	--- PASS: TestBan8CommentExemptionInTextScopes/css_comment (0.00s)
lint	bash tools/d22scan/runtests.sh -C tools/d22scan ./..	--- PASS: TestBan8CommentExemptionInTextScopes/JSX_text_node_with_a_math_glyph (0.00s)
lint	bash tools/d22scan/runtests.sh -C tools/d22scan ./..	--- PASS: TestBan8CommentExemptionInTextScopes/code_after_a_closed_block_comment_on_the_same_line (0.00s)
lint	bash tools/d22scan/runtests.sh -C tools/d22scan ./..	--- PASS: TestBan8CommentExemptionInTextScopes/markdown_heading_is_not_a_comment (0.00s)
lint	bash tools/d22scan/runtests.sh -C tools/d22scan ./..	--- PASS: TestBan8CommentExemptionInTextScopes/SQL-style_dash_is_not_a_comment_in_a_text_scope (0.00s)
lint	bash tools/d22scan/runtests.sh -C tools/d22scan ./..	--- PASS: TestBan8CommentExemptionInTextScopes/extension-less_file,_plain_text_line (0.00s)
lint	bash tools/d22scan/runtests.sh -C tools/d22scan ./..	--- PASS: TestDeclaredEmojiScopeCannotWalkZeroFiles (0.01s)
lint	bash tools/d22scan/runtests.sh -C tools/d22scan ./..	--- PASS: TestScopeReportMatchesRealCoverage (0.48s)
lint	bash tools/d22scan/runtests.sh -C tools/d22scan ./..	--- PASS: TestVerdictGreenOnFullyLiveFixture (0.00s)
lint	bash tools/d22scan/runtests.sh -C tools/d22scan ./..	--- PASS: TestVerdictRedOnEmptyBan7Scope (0.00s)
lint	bash tools/d22scan/runtests.sh -C tools/d22scan ./..	--- PASS: TestVerdictRedOnGoScopeWithOnlyTestFiles (0.00s)
lint	bash tools/d22scan/runtests.sh -C tools/d22scan ./..	--- PASS: TestExemptScopeCannotOutliveItsAbsentTree (0.00s)
lint	bash tools/d22scan/runtests.sh -C tools/d22scan ./..	--- PASS: TestBan6ScopeIsNotNarrowedByAnExtensionFilter (0.00s)
lint	bash tools/d22scan/runtests.sh -C tools/d22scan ./..	--- PASS: TestVerdictRedOnUndeclaredCounter (0.00s)
lint	bash tools/d22scan/runtests.sh -C tools/d22scan ./..	--- PASS: TestRealRepoBan8CoversFrontendTreeAtBan6sCount (0.49s)
lint	bash tools/d22scan/runtests.sh -C tools/d22scan ./..	--- PASS: TestBan8FrontendScopeIsNotNarrowedByAnExtensionFilter (0.00s)
lint	bash tools/d22scan/runtests.sh -C tools/d22scan ./..	--- PASS: TestLedgerCountsMatchAnIndependentWalk (0.50s)
lint	bash tools/d22scan/runtests.sh -C tools/d22scan ./..	--- PASS: TestWalksSkipGitIgnoredPaths (0.02s)
lint	bash tools/d22scan/runtests.sh -C tools/d22scan ./..	--- PASS: TestTrackedPathsAreNeverSkippedByTheIgnoreFilter (0.04s)
lint	bash tools/d22scan/runtests.sh -C tools/d22scan ./..	--- PASS: TestFullTrackedListCoversWhatTheNarrowListCannot (0.04s)
lint	bash tools/d22scan/runtests.sh -C tools/d22scan ./..	--- PASS: TestIndexChangingBetweenTheTwoGitReadsAppliesNoRules (0.05s)
lint	bash tools/d22scan/runtests.sh -C tools/d22scan ./..	--- PASS: TestIgnoreRulesAreOffWhenTheIndexCannotBeAsked (0.01s)
lint	bash tools/d22scan/runtests.sh -C tools/d22scan ./..	--- PASS: TestGitIgnoreRuleSemantics (0.00s)
lint	bash tools/d22scan/runtests.sh -C tools/d22scan ./..	--- PASS: TestRealRepoLedgerIsHonest (0.49s)
lint	bash tools/d22scan/runtests.sh -C tools/d22scan ./..	--- PASS: TestBuiltBinaryGoesRedEndToEnd (0.76s)
lint	bash tools/d22scan/runtests.sh -C tools/d22scan ./..	--- PASS: TestBuiltBinaryGoesRedEndToEnd/seeded_violation_exits_1 (0.01s)
lint	bash tools/d22scan/runtests.sh -C tools/d22scan ./..	--- PASS: TestBuiltBinaryGoesRedEndToEnd/empty_live_scope_exits_2 (0.01s)
lint	bash tools/d22scan/runtests.sh -C tools/d22scan ./..	--- PASS: TestBuiltBinaryGoesRedEndToEnd/armed_ban_6_goes_red_on_the_panel_violation_exits_1 (0.01s)
lint	bash tools/d22scan/runtests.sh -C tools/d22scan ./..	--- PASS: TestBuiltBinaryGoesRedEndToEnd/frontend_tree_gone_while_declared_live_exits_2 (0.01s)
lint	bash tools/d22scan/runtests.sh -C tools/d22scan ./..	--- PASS: TestBuiltBinaryGoesRedEndToEnd/ban_7_tree_gone_while_declared_live_exits_2 (0.01s)
lint	bash tools/d22scan/runtests.sh -C tools/d22scan ./..	--- PASS: TestBuiltBinaryGoesRedEndToEnd/fully_live_fixture_exits_0 (0.01s)
lint	bash tools/d22scan/runtests.sh -C tools/d22scan ./..	--- PASS: TestSelfTestEntryPassesEveryCase (0.10s)
lint	bash tools/d22scan/runtests.sh -C tools/d22scan ./..	--- PASS: TestSelfTestRosterAuditRejectsAHollowTable (0.00s)
lint	bash tools/d22scan/runtests.sh -C tools/d22scan ./..	--- PASS: TestSelfTestRefusesToAuditAnEmptyRoster (0.00s)
lint	bash tools/d22scan/runtests.sh -C tools/d22scan ./..	--- PASS: TestSelfTestRefusesToAuditAnEmptyRoster/not-a-roster (0.00s)
lint	bash tools/d22scan/runtests.sh -C tools/d22scan ./..	--- PASS: TestSelfTestRefusesToAuditAnEmptyRoster/block-without-numbers (0.00s)
lint	bash tools/d22scan/runtests.sh -C tools/d22scan ./..	--- PASS: TestSelfTestFlagIsWiredInTheBuiltBinary (0.38s)
lint	go run . -self-test	ERR|d22scan -self-test: type unparseable           ring   OK     a file the Go parser refuses | ranged on 1 finding(s): internal/probe/broken.go:1: [unparseable] /tmp/d22scan-selftest-376580822/internal/probe/broken.go:5:2: expression in go must be function call
lint	go run . -self-test	ERR|d22scan -self-test: ban #1 bare-goroutine      silent OK     KNOWN BLIND SPOT B5: a bare goroutine inside a file that will not parse | stayed silent while bans #1-5 + #8 internal/ Go walk examined 3 file(s); other tags did fire here: internal/probe/brokenhidden.go:1: [unparseable] /tmp/d22scan-selftest-914319599/internal/probe/brokenhidden.go:5:2: expression in go must be function call
lint	sh scripts/d22scan.sh	--- PASS: TestScanDetectsAllSeededViolations (0.00s)
lint	sh scripts/d22scan.sh	--- PASS: TestScanCleanRepoIsGreen (0.00s)
lint	sh scripts/d22scan.sh	--- PASS: TestAllowlistSuppressesOnlyListedPaths (0.00s)
lint	sh scripts/d22scan.sh	--- PASS: TestCheckRootRejectsBlindRoots (0.00s)
lint	sh scripts/d22scan.sh	--- PASS: TestCheckRootRejectsBlindRoots/empty_dir (0.00s)
lint	sh scripts/d22scan.sh	--- PASS: TestCheckRootRejectsBlindRoots/go.mod_only (0.00s)
lint	sh scripts/d22scan.sh	--- PASS: TestCheckRootRejectsBlindRoots/the_d22scan_module_itself (0.00s)
lint	sh scripts/d22scan.sh	--- PASS: TestCheckRootRejectsBlindRoots/repo_skeleton_with_two_go_files (0.00s)
lint	sh scripts/d22scan.sh	--- PASS: TestScanAloneIsNotAFalsifier (0.00s)
lint	sh scripts/d22scan.sh	--- PASS: TestCheckRootAcceptsRealRepo (0.02s)
lint	sh scripts/d22scan.sh	--- PASS: TestScannerSelfScanOfRealRepoIsGreen (0.53s)
lint	sh scripts/d22scan.sh	--- PASS: TestEmojiBanCoversGoSourcesNotJustDesign (0.00s)
lint	sh scripts/d22scan.sh	--- PASS: TestBan8MathBandAndRemainingGaps (0.02s)
lint	sh scripts/d22scan.sh	--- PASS: TestBan8MathBandAndRemainingGaps/U+2265_greater-or-equal,_band_added_by_Q-46(c) (0.00s)
lint	sh scripts/d22scan.sh	--- PASS: TestBan8MathBandAndRemainingGaps/U+2264_less-or-equal,_band_added_by_Q-46(c) (0.00s)
lint	sh scripts/d22scan.sh	--- PASS: TestBan8MathBandAndRemainingGaps/U+2229_intersection,_band_added_by_Q-46(c) (0.00s)
lint	sh scripts/d22scan.sh	--- PASS: TestBan8MathBandAndRemainingGaps/U+2212_minus_sign,_band_added_by_Q-46(c) (0.00s)
lint	sh scripts/d22scan.sh	--- PASS: TestBan8MathBandAndRemainingGaps/U+2713_check,_pre-existing_U+2600-U+27BF_band (0.00s)
lint	sh scripts/d22scan.sh	--- PASS: TestBan8MathBandAndRemainingGaps/U+1F600_emoji,_pre-existing_U+1F000-U+1FAFF_band (0.00s)
lint	sh scripts/d22scan.sh	--- PASS: TestBan8MathBandAndRemainingGaps/U+FE0F_variation_selector,_pre-existing (0.00s)
lint	sh scripts/d22scan.sh	--- PASS: TestBan8MathBandAndRemainingGaps/U+2192_right_arrow,_gap_kept (0.00s)
lint	sh scripts/d22scan.sh	--- PASS: TestBan8MathBandAndRemainingGaps/U+21D2_rightdouble_arrow,_gap_kept (0.00s)
lint	sh scripts/d22scan.sh	--- PASS: TestBan8MathBandAndRemainingGaps/U+2500_box_drawing,_gap_kept (0.00s)
lint	sh scripts/d22scan.sh	--- PASS: TestBan8MathBandAndRemainingGaps/U+2460_circled_one,_gap_kept (0.00s)
lint	sh scripts/d22scan.sh	--- PASS: TestBan8CommentExemptionInGoSources (0.02s)
lint	sh scripts/d22scan.sh	--- PASS: TestBan8CommentExemptionInGoSources/line_comment (0.00s)
lint	sh scripts/d22scan.sh	--- PASS: TestBan8CommentExemptionInGoSources/doc_comment_above_a_declaration (0.00s)
lint	sh scripts/d22scan.sh	--- PASS: TestBan8CommentExemptionInGoSources/one-line_block_comment (0.00s)
lint	sh scripts/d22scan.sh	--- PASS: TestBan8CommentExemptionInGoSources/multi-line_block_comment,_glyph_on_a_middle_line (0.00s)
lint	sh scripts/d22scan.sh	--- PASS: TestBan8CommentExemptionInGoSources/trailing_comment_after_clean_code (0.00s)
lint	sh scripts/d22scan.sh	--- PASS: TestBan8CommentExemptionInGoSources/string_on_the_same_line_as_a_trailing_comment (0.00s)
lint	sh scripts/d22scan.sh	--- PASS: TestBan8CommentExemptionInGoSources/raw_string_that_reads_as_a_SQL_comment (0.00s)
lint	sh scripts/d22scan.sh	--- PASS: TestBan8CommentExemptionInGoSources/interpreted_string_containing_a_comment_marker (0.00s)
lint	sh scripts/d22scan.sh	--- PASS: TestBan8CommentExemptionInGoSources/glyph_inside_a_comment_AND_inside_code_in_one_block_comment (0.00s)
lint	sh scripts/d22scan.sh	--- PASS: TestBan8CommentExemptionInGoSources/unparseable_file_gets_no_exemption_at_all (0.00s)
lint	sh scripts/d22scan.sh	--- PASS: TestBan8CommentExemptionInTextScopes (0.02s)
lint	sh scripts/d22scan.sh	--- PASS: TestBan8CommentExemptionInTextScopes/tsx_line_comment (0.00s)
lint	sh scripts/d22scan.sh	--- PASS: TestBan8CommentExemptionInTextScopes/tsx_block_divider,_glyph_on_the_closing_line (0.00s)
lint	sh scripts/d22scan.sh	--- PASS: TestBan8CommentExemptionInTextScopes/html_comment (0.00s)
lint	sh scripts/d22scan.sh	--- PASS: TestBan8CommentExemptionInTextScopes/css_comment (0.00s)
lint	sh scripts/d22scan.sh	--- PASS: TestBan8CommentExemptionInTextScopes/JSX_text_node_with_a_math_glyph (0.00s)
lint	sh scripts/d22scan.sh	--- PASS: TestBan8CommentExemptionInTextScopes/code_after_a_closed_block_comment_on_the_same_line (0.00s)
lint	sh scripts/d22scan.sh	--- PASS: TestBan8CommentExemptionInTextScopes/markdown_heading_is_not_a_comment (0.00s)
lint	sh scripts/d22scan.sh	--- PASS: TestBan8CommentExemptionInTextScopes/SQL-style_dash_is_not_a_comment_in_a_text_scope (0.00s)
lint	sh scripts/d22scan.sh	--- PASS: TestBan8CommentExemptionInTextScopes/extension-less_file,_plain_text_line (0.00s)
lint	sh scripts/d22scan.sh	--- PASS: TestDeclaredEmojiScopeCannotWalkZeroFiles (0.01s)
lint	sh scripts/d22scan.sh	--- PASS: TestScopeReportMatchesRealCoverage (0.48s)
lint	sh scripts/d22scan.sh	--- PASS: TestVerdictGreenOnFullyLiveFixture (0.00s)
lint	sh scripts/d22scan.sh	--- PASS: TestVerdictRedOnEmptyBan7Scope (0.00s)
lint	sh scripts/d22scan.sh	--- PASS: TestVerdictRedOnGoScopeWithOnlyTestFiles (0.00s)
lint	sh scripts/d22scan.sh	--- PASS: TestExemptScopeCannotOutliveItsAbsentTree (0.01s)
lint	sh scripts/d22scan.sh	--- PASS: TestBan6ScopeIsNotNarrowedByAnExtensionFilter (0.00s)
lint	sh scripts/d22scan.sh	--- PASS: TestVerdictRedOnUndeclaredCounter (0.00s)
lint	sh scripts/d22scan.sh	--- PASS: TestRealRepoBan8CoversFrontendTreeAtBan6sCount (0.51s)
lint	sh scripts/d22scan.sh	--- PASS: TestBan8FrontendScopeIsNotNarrowedByAnExtensionFilter (0.00s)
lint	sh scripts/d22scan.sh	--- PASS: TestLedgerCountsMatchAnIndependentWalk (0.50s)
lint	sh scripts/d22scan.sh	--- PASS: TestWalksSkipGitIgnoredPaths (0.02s)
lint	sh scripts/d22scan.sh	--- PASS: TestTrackedPathsAreNeverSkippedByTheIgnoreFilter (0.04s)
lint	sh scripts/d22scan.sh	--- PASS: TestFullTrackedListCoversWhatTheNarrowListCannot (0.04s)
lint	sh scripts/d22scan.sh	--- PASS: TestIndexChangingBetweenTheTwoGitReadsAppliesNoRules (0.04s)
lint	sh scripts/d22scan.sh	--- PASS: TestIgnoreRulesAreOffWhenTheIndexCannotBeAsked (0.01s)
lint	sh scripts/d22scan.sh	--- PASS: TestGitIgnoreRuleSemantics (0.00s)
lint	sh scripts/d22scan.sh	--- PASS: TestRealRepoLedgerIsHonest (0.49s)
lint	sh scripts/d22scan.sh	--- PASS: TestBuiltBinaryGoesRedEndToEnd (0.25s)
lint	sh scripts/d22scan.sh	--- PASS: TestBuiltBinaryGoesRedEndToEnd/seeded_violation_exits_1 (0.01s)
lint	sh scripts/d22scan.sh	--- PASS: TestBuiltBinaryGoesRedEndToEnd/empty_live_scope_exits_2 (0.01s)
lint	sh scripts/d22scan.sh	--- PASS: TestBuiltBinaryGoesRedEndToEnd/armed_ban_6_goes_red_on_the_panel_violation_exits_1 (0.01s)
lint	sh scripts/d22scan.sh	--- PASS: TestBuiltBinaryGoesRedEndToEnd/frontend_tree_gone_while_declared_live_exits_2 (0.01s)
lint	sh scripts/d22scan.sh	--- PASS: TestBuiltBinaryGoesRedEndToEnd/ban_7_tree_gone_while_declared_live_exits_2 (0.01s)
lint	sh scripts/d22scan.sh	--- PASS: TestBuiltBinaryGoesRedEndToEnd/fully_live_fixture_exits_0 (0.01s)
lint	sh scripts/d22scan.sh	--- PASS: TestSelfTestEntryPassesEveryCase (0.10s)
lint	sh scripts/d22scan.sh	--- PASS: TestSelfTestRosterAuditRejectsAHollowTable (0.00s)
lint	sh scripts/d22scan.sh	--- PASS: TestSelfTestRefusesToAuditAnEmptyRoster (0.00s)
lint	sh scripts/d22scan.sh	--- PASS: TestSelfTestRefusesToAuditAnEmptyRoster/not-a-roster (0.00s)
lint	sh scripts/d22scan.sh	--- PASS: TestSelfTestRefusesToAuditAnEmptyRoster/block-without-numbers (0.00s)
lint	sh scripts/d22scan.sh	--- PASS: TestSelfTestFlagIsWiredInTheBuiltBinary (0.40s)
lint	go install mvdan.cc/gofumpt@latest	ERR|.scratch/wisp/probes/185/c1/mut/fs_broken.go:4:1: imports must appear before other declarations
lint	go install mvdan.cc/gofumpt@latest	ERR|Process completed with exit code 2.
lint	go install honnef.co/go/tools/cmd/staticcheck@2026.2	ERR|cmd/wisp/approval_reply.go:91:7: const maxTrackedCards is unused (U1000)
lint	go install honnef.co/go/tools/cmd/staticcheck@2026.2	ERR|cmd/wisp/dataroot_128_test.go:60:5: error var planted128Cause should have name of the form errFoo (ST1012)
lint	go install honnef.co/go/tools/cmd/staticcheck@2026.2	ERR|cmd/wisp/leg_sink_gate_131_test.go:225:6: func registerLegNail131 is unused (U1000)
lint	go install honnef.co/go/tools/cmd/staticcheck@2026.2	ERR|cmd/wisp/run.go:112:2: field probeSink is unused (U1000)
lint	go install honnef.co/go/tools/cmd/staticcheck@2026.2	ERR|cmd/wisp/run.go:356:2: field logf is unused (U1000)
lint	go install honnef.co/go/tools/cmd/staticcheck@2026.2	ERR|cmd/wisp/run.go:472:2: should replace loop with allowed = append(allowed, cfg.FS.AllowedDirs...) (S1011)
lint	go install honnef.co/go/tools/cmd/staticcheck@2026.2	ERR|cmd/wisp/run_test.go:70:2: field calls is unused (U1000)
lint	go install honnef.co/go/tools/cmd/staticcheck@2026.2	ERR|cmd/wisp/subagent_selfapproval_197_test.go:580:2: should replace loop with verbs = append(verbs, planted...) (S1011)
lint	go install honnef.co/go/tools/cmd/staticcheck@2026.2	ERR|cmd/wisp/subagent_selfapproval_197_test.go:598:34: field holder is unused (U1000)
lint	go install honnef.co/go/tools/cmd/staticcheck@2026.2	ERR|cmd/wisp/subagent_selfapproval_197_test.go:600:6: type carrierWithDoor197 is unused (U1000)
lint	go install honnef.co/go/tools/cmd/staticcheck@2026.2	ERR|frontend/embed.go:4:1: ineffectual compiler directive due to extraneous space: "// go:embed below is the ONLY way those bytes reach wisp.exe. There is no" (SA9009)
lint	go install honnef.co/go/tools/cmd/staticcheck@2026.2	ERR|internal/agent/approval/approval.go:316:22: func (*grantStore).live is unused (U1000)
lint	go install honnef.co/go/tools/cmd/staticcheck@2026.2	ERR|internal/agent/approval/fakes_test.go:104:2: field views is unused (U1000)
lint	go install honnef.co/go/tools/cmd/staticcheck@2026.2	ERR|internal/agent/approval/fakes_test.go:394:20: func (*fakeTool).setSteps is unused (U1000)
lint	go install honnef.co/go/tools/cmd/staticcheck@2026.2	ERR|internal/agent/approval/queue.go:546:17: func (*Queue).pendingCount is unused (U1000)
lint	go install honnef.co/go/tools/cmd/staticcheck@2026.2	ERR|internal/agent/harness_test.go:69:6: func withSummarizer is unused (U1000)
lint	go install honnef.co/go/tools/cmd/staticcheck@2026.2	ERR|internal/agent/testtools_test.go:31:6: type sleepArgs is unused (U1000)
lint	go install honnef.co/go/tools/cmd/staticcheck@2026.2	ERR|internal/agent/testtools_test.go:49:2: field done is unused (U1000)
lint	go install honnef.co/go/tools/cmd/staticcheck@2026.2	ERR|internal/audio/audio.go:156:17: func (*meter).reopened is unused (U1000)
lint	go install honnef.co/go/tools/cmd/staticcheck@2026.2	ERR|internal/audio/device.go:45:6: type streamOpener is unused (U1000)
lint	go install honnef.co/go/tools/cmd/staticcheck@2026.2	ERR|internal/audio/device.go:51:6: type deviceStream is unused (U1000)
lint	go install honnef.co/go/tools/cmd/staticcheck@2026.2	ERR|internal/audio/device.go:126:6: func isDeviceInvalidated is unused (U1000)
lint	go install honnef.co/go/tools/cmd/staticcheck@2026.2	ERR|internal/ball/tokens_table_test.go:1109:2: should replace loop with tokens = append(tokens, c21SortedNames(code)...) (S1011)
lint	go install honnef.co/go/tools/cmd/staticcheck@2026.2	ERR|internal/ball/tokens_table_test.go:1115:2: should replace loop with tokens = append(tokens, c21SortedKeys(c21MotionGolden)...) (S1011)
lint	go install honnef.co/go/tools/cmd/staticcheck@2026.2	ERR|internal/llm/adaptertest/mockllm.go:58:25: runtime.GOROOT has been deprecated since Go 1.24: The root used during the Go build will not be meaningful if the binary is copied to another machine. Use the system path to locate the “go” binary, and use “go env GOROOT” to find its GOROOT.  (SA1019)
lint	go install honnef.co/go/tools/cmd/staticcheck@2026.2	ERR|internal/llm/adaptertest/registry_test.go:222:6: func evSignature is unused (U1000)
lint	go install honnef.co/go/tools/cmd/staticcheck@2026.2	ERR|internal/llm/anthropic/adapter.go:207:4: this value of stop is never used (SA4006)
lint	go install honnef.co/go/tools/cmd/staticcheck@2026.2	ERR|internal/llm/openaichat/adapter_test.go:39:6: func serveGolden is unused (U1000)
lint	go install honnef.co/go/tools/cmd/staticcheck@2026.2	ERR|internal/llm/openaichat/mockllm_integ_test.go:52:25: runtime.GOROOT has been deprecated since Go 1.24: The root used during the Go build will not be meaningful if the binary is copied to another machine. Use the system path to locate the “go” binary, and use “go env GOROOT” to find its GOROOT.  (SA1019)
lint	go install honnef.co/go/tools/cmd/staticcheck@2026.2	ERR|internal/llm/ratelimit.go:200:2: field reserved is unused (U1000)
lint	go install honnef.co/go/tools/cmd/staticcheck@2026.2	ERR|internal/memory/artifacts_path_invariant_test.go:745:6: func inv76Abs is unused (U1000)
lint	go install honnef.co/go/tools/cmd/staticcheck@2026.2	ERR|internal/memory/privacy.go:262:17: func (*Store).purgeAllDomains is unused (U1000)
lint	go install honnef.co/go/tools/cmd/staticcheck@2026.2	ERR|internal/models/archive.go:31:7: type entry is unused (U1000)
lint	go install honnef.co/go/tools/cmd/staticcheck@2026.2	ERR|internal/observe/goroutine_test.go:151:5: identical expressions on the left and right side of the '||' operator (SA4000)
lint	go install honnef.co/go/tools/cmd/staticcheck@2026.2	ERR|internal/observe/thresholds.go:42:2: const captureBufferLimitConversation is unused (U1000)
lint	go install honnef.co/go/tools/cmd/staticcheck@2026.2	ERR|internal/panel/attachments_test.go:33:2: field openCalls is unused (U1000)
lint	go install honnef.co/go/tools/cmd/staticcheck@2026.2	ERR|internal/panel/git_test.go:448:6: func composerMethodWhitelist is unused (U1000)
lint	go install honnef.co/go/tools/cmd/staticcheck@2026.2	ERR|internal/panel/l2_grant_boundary_test.go:710:6: func quoteOrEmpty is unused (U1000)
lint	go install honnef.co/go/tools/cmd/staticcheck@2026.2	ERR|internal/panel/l2_grant_boundary_test.go:1833:21: invalid appearance of unknown `-` tag option (SA5008)
lint	go install honnef.co/go/tools/cmd/staticcheck@2026.2	ERR|internal/panel/l2_grant_boundary_test.go:1833:21: malformed `json` tag: invalid character '-' at start of option (expecting Unicode letter or single quote) (SA5008)
lint	go install honnef.co/go/tools/cmd/staticcheck@2026.2	ERR|internal/perm/ticket90_persist_test.go:59:22: field mu is unused (U1000)
lint	go install honnef.co/go/tools/cmd/staticcheck@2026.2	ERR|internal/proc/crossvet_test.go:59:27: runtime.GOROOT has been deprecated since Go 1.24: The root used during the Go build will not be meaningful if the binary is copied to another machine. Use the system path to locate the “go” binary, and use “go env GOROOT” to find its GOROOT.  (SA1019)
lint	go install honnef.co/go/tools/cmd/staticcheck@2026.2	ERR|internal/tools/fs_staging.go:122:6: func stagingNameOf is unused (U1000)
lint	go install honnef.co/go/tools/cmd/staticcheck@2026.2	ERR|internal/tools/fs_staging.go:130:6: func stagingAttributable is unused (U1000)
lint	go install honnef.co/go/tools/cmd/staticcheck@2026.2	ERR|internal/tools/helpers_test.go:24:6: func fsBridge is unused (U1000)
lint	go install honnef.co/go/tools/cmd/staticcheck@2026.2	ERR|internal/tools/mode.go:120:24: func BlacklistNote.blacklistedSensitive is unused (U1000)
lint	go install honnef.co/go/tools/cmd/staticcheck@2026.2	ERR|internal/tools/platform_other.go:39:6: func volumeRootOf is unused (U1000)
lint	go install honnef.co/go/tools/cmd/staticcheck@2026.2	ERR|internal/tools/subagent_197.go:303:14: should convert t (type subagentSpawn) to subagentTextSink instead of using struct literal (S1016)
lint	go install honnef.co/go/tools/cmd/staticcheck@2026.2	ERR|gitignore.go:13:1: ineffectual compiler directive due to extraneous space: "// go:embed needs the directory to exist in a clean checkout (ticket 77 AC#1)." (SA9009)
lint	go install honnef.co/go/tools/cmd/staticcheck@2026.2	ERR|main.go:127:2: field failAddOn is unused (U1000)
lint	go install honnef.co/go/tools/cmd/staticcheck@2026.2	ERR|main.go:143:2: var secretNameRe is unused (U1000)
lint	go install honnef.co/go/tools/cmd/staticcheck@2026.2	ERR|chat.go:219:6: func estimateTokens is unused (U1000)
lint	go install honnef.co/go/tools/cmd/staticcheck@2026.2	ERR|Process completed with exit code 1.
test-core	bash tools/d22scan/runtests.sh ./internal/proc/ -run	--- PASS: TestLayoutForTestEnv (0.00s)
test-core	bash tools/d22scan/runtests.sh ./internal/proc/ -run	--- PASS: TestLayoutForTestEnv/explicit_WISP_TEST_DATA_DIR (0.00s)
test-core	bash tools/d22scan/runtests.sh ./internal/proc/ -run	--- PASS: TestLayoutForTestEnv/falls_back_to_TEMP_per_pid (0.00s)
test-core	bash scripts/portable-tests.sh --scope=core	ERR|Process completed with exit code 1.
