2026-10-09T23:26:31.2596467Z Current runner version: '2.337.0'
2026-10-09T23:26:31.2633102Z ##[group]Runner Image Provisioner
2026-10-09T23:26:31.2634216Z Hosted Compute Agent
2026-10-09T23:26:31.2634956Z Version: 20260901.588
2026-10-09T23:26:31.2635850Z Commit: f88ec8081b781fac6c440065ac7ff9e710ce3d0b
2026-10-09T23:26:31.2636835Z Build Date: 2026-09-01T19:56:44Z
2026-10-09T23:26:31.2637812Z Worker ID: {9262e695-bc12-4ea3-a5a1-bedf473dbcec}
2026-10-09T23:26:31.2638759Z Azure Region: centralus
2026-10-09T23:26:31.2639494Z ##[endgroup]
2026-10-09T23:26:31.2641404Z ##[group]Operating System
2026-10-09T23:26:31.2642282Z Microsoft Windows Server 2025
2026-10-09T23:26:31.2643092Z 10.0.26100
2026-10-09T23:26:31.2643788Z Datacenter
2026-10-09T23:26:31.2644468Z ##[endgroup]
2026-10-09T23:26:31.2645161Z ##[group]Runner Image
2026-10-09T23:26:31.2645916Z Image: windows-2025-vs2026
2026-10-09T23:26:31.2647188Z Version: 20260925.250.1
2026-10-09T23:26:31.2649242Z Included Software: https://github.com/actions/runner-images/blob/win25-vs2026/20260925.250/images/windows/Windows2025-VS2026-Readme.md
2026-10-09T23:26:31.2651522Z Image Release: https://github.com/actions/runner-images/releases/tag/win25-vs2026%2F20260925.250
2026-10-09T23:26:31.2652893Z ##[endgroup]
2026-10-09T23:26:31.2654532Z ##[group]GITHUB_TOKEN Permissions
2026-10-09T23:26:31.2657078Z Contents: read
2026-10-09T23:26:31.2657833Z Metadata: read
2026-10-09T23:26:31.2658552Z Packages: read
2026-10-09T23:26:31.2659256Z ##[endgroup]
2026-10-09T23:26:31.2662053Z Secret source: Actions
2026-10-09T23:26:31.2663234Z Cache mode: write
2026-10-09T23:26:31.2664217Z Prepare workflow directory
2026-10-09T23:26:31.3246506Z Prepare all required actions
2026-10-09T23:26:31.3328742Z Getting action download info
2026-10-09T23:26:31.5787966Z Download action repository 'actions/checkout@v4' (SHA:11d5960a326750d5838078e36cf38b85af677262)
2026-10-09T23:26:31.6970694Z Download action repository 'actions/setup-go@v5' (SHA:40f1582b2485089dde7abd97c1529aa768e1baff)
2026-10-09T23:26:32.1259532Z Download action repository 'actions/cache@v4' (SHA:0057852bfaa89a56745cba8c7296529d2fc39830)
2026-10-09T23:26:32.4017681Z Complete job name: test-windows
2026-10-09T23:26:32.6068379Z ##[group]Run actions/checkout@v4
2026-10-09T23:26:32.6071465Z with:
2026-10-09T23:26:32.6072097Z   repository: CarlosShao/wisp
2026-10-09T23:26:32.6077144Z   token: ***
2026-10-09T23:26:32.6078133Z   ssh-strict: true
2026-10-09T23:26:32.6078731Z   ssh-user: git
2026-10-09T23:26:32.6079376Z   persist-credentials: true
2026-10-09T23:26:32.6080084Z   clean: true
2026-10-09T23:26:32.6080678Z   sparse-checkout-cone-mode: true
2026-10-09T23:26:32.6081330Z   fetch-depth: 1
2026-10-09T23:26:32.6081859Z   fetch-tags: false
2026-10-09T23:26:32.6082624Z   show-progress: true
2026-10-09T23:26:32.6083201Z   lfs: false
2026-10-09T23:26:32.6083758Z   submodules: false
2026-10-09T23:26:32.6084447Z   set-safe-directory: true
2026-10-09T23:26:32.6085209Z   allow-unsafe-pr-checkout: false
2026-10-09T23:26:32.6086387Z env:
2026-10-09T23:26:32.6086989Z   WISP_ENV: test
2026-10-09T23:26:32.6087693Z ##[endgroup]
2026-10-09T23:26:32.8377902Z Syncing repository: CarlosShao/wisp
2026-10-09T23:26:32.8380778Z ##[group]Getting Git version info
2026-10-09T23:26:32.8381842Z Working directory is 'D:\a\wisp\wisp'
2026-10-09T23:26:32.9149856Z [command]"C:\Program Files\Git\bin\git.exe" version
2026-10-09T23:26:33.4831149Z git version 2.55.0.windows.5
2026-10-09T23:26:33.4912712Z ##[endgroup]
2026-10-09T23:26:33.4937057Z Temporarily overriding HOME='D:\a\_temp\2b0c19f7-7472-449e-b353-b253e4d1aff2' before making global git config changes
2026-10-09T23:26:33.4940084Z Adding repository directory to the temporary git global config as a safe directory
2026-10-09T23:26:33.4952443Z [command]"C:\Program Files\Git\bin\git.exe" config --global --add safe.directory D:\a\wisp\wisp
2026-10-09T23:26:33.7021072Z Deleting the contents of 'D:\a\wisp\wisp'
2026-10-09T23:26:33.7027276Z ##[group]Initializing the repository
2026-10-09T23:26:33.7037778Z [command]"C:\Program Files\Git\bin\git.exe" init D:\a\wisp\wisp
2026-10-09T23:26:33.8802931Z Initialized empty Git repository in D:/a/wisp/wisp/.git/
2026-10-09T23:26:33.8882856Z [command]"C:\Program Files\Git\bin\git.exe" remote add origin https://github.com/CarlosShao/wisp
2026-10-09T23:26:34.1058676Z ##[endgroup]
2026-10-09T23:26:34.1062153Z ##[group]Disabling automatic garbage collection
2026-10-09T23:26:34.1068592Z [command]"C:\Program Files\Git\bin\git.exe" config --local gc.auto 0
2026-10-09T23:26:34.3008303Z ##[endgroup]
2026-10-09T23:26:34.3010835Z ##[group]Setting up auth
2026-10-09T23:26:34.3023473Z [command]"C:\Program Files\Git\bin\git.exe" config --local --name-only --get-regexp core\.sshCommand
2026-10-09T23:26:34.4607565Z [command]"C:\Program Files\Git\bin\git.exe" submodule foreach --recursive "sh -c \"git config --local --name-only --get-regexp 'core\.sshCommand' && git config --local --unset-all 'core.sshCommand' || :\""
2026-10-09T23:26:37.2169992Z [command]"C:\Program Files\Git\bin\git.exe" config --local --name-only --get-regexp http\.https\:\/\/github\.com\/\.extraheader
2026-10-09T23:26:37.4611655Z [command]"C:\Program Files\Git\bin\git.exe" submodule foreach --recursive "sh -c \"git config --local --name-only --get-regexp 'http\.https\:\/\/github\.com\/\.extraheader' && git config --local --unset-all 'http.https://github.com/.extraheader' || :\""
2026-10-09T23:26:38.2733788Z [command]"C:\Program Files\Git\bin\git.exe" config --local --name-only --get-regexp ^includeIf\.gitdir:
2026-10-09T23:26:38.3087519Z [command]"C:\Program Files\Git\bin\git.exe" submodule foreach --recursive "git config --local --show-origin --name-only --get-regexp remote.origin.url"
2026-10-09T23:26:38.8633086Z [command]"C:\Program Files\Git\bin\git.exe" config --local http.https://github.com/.extraheader "AUTHORIZATION: basic ***"
2026-10-09T23:26:38.8942386Z ##[endgroup]
2026-10-09T23:26:38.8943339Z ##[group]Fetching the repository
2026-10-09T23:26:38.8955215Z [command]"C:\Program Files\Git\bin\git.exe" -c protocol.version=2 fetch --no-tags --prune --no-recurse-submodules --depth=1 origin +cc31526165734e612de297848bb2080bd459ccba:refs/remotes/origin/dev
2026-10-09T23:26:42.7023458Z From https://github.com/CarlosShao/wisp
2026-10-09T23:26:42.7026981Z  * [new ref]         cc31526165734e612de297848bb2080bd459ccba -> origin/dev
2026-10-09T23:26:42.7083905Z ##[endgroup]
2026-10-09T23:26:42.7084739Z ##[group]Determining the checkout info
2026-10-09T23:26:42.7085527Z ##[endgroup]
2026-10-09T23:26:42.7098212Z [command]"C:\Program Files\Git\bin\git.exe" sparse-checkout disable
2026-10-09T23:26:42.7518512Z [command]"C:\Program Files\Git\bin\git.exe" config --local --unset-all extensions.worktreeConfig
2026-10-09T23:26:42.7841239Z ##[group]Checking out the ref
2026-10-09T23:26:42.7841982Z [command]"C:\Program Files\Git\bin\git.exe" checkout --progress --force -B dev refs/remotes/origin/dev
2026-10-09T23:26:43.8369944Z Updating files:  71% (4493/6256)
2026-10-09T23:26:43.8497636Z Updating files:  72% (4505/6256)
2026-10-09T23:26:43.8603247Z Updating files:  73% (4567/6256)
2026-10-09T23:26:44.2788746Z Updating files:  74% (4630/6256)
2026-10-09T23:26:44.3045577Z Updating files:  75% (4692/6256)
2026-10-09T23:26:44.3185286Z Updating files:  76% (4755/6256)
2026-10-09T23:26:44.3345587Z Updating files:  77% (4818/6256)
2026-10-09T23:26:44.3523039Z Updating files:  78% (4880/6256)
2026-10-09T23:26:44.3757945Z Updating files:  79% (4943/6256)
2026-10-09T23:26:44.3939474Z Updating files:  80% (5005/6256)
2026-10-09T23:26:44.4127472Z Updating files:  81% (5068/6256)
2026-10-09T23:26:44.4448203Z Updating files:  82% (5130/6256)
2026-10-09T23:26:44.4690626Z Updating files:  83% (5193/6256)
2026-10-09T23:26:44.4913665Z Updating files:  84% (5256/6256)
2026-10-09T23:26:44.5078924Z Updating files:  85% (5318/6256)
2026-10-09T23:26:44.5249202Z Updating files:  86% (5381/6256)
2026-10-09T23:26:44.5460114Z Updating files:  87% (5443/6256)
2026-10-09T23:26:44.5900516Z Updating files:  88% (5506/6256)
2026-10-09T23:26:44.6021875Z Updating files:  89% (5568/6256)
2026-10-09T23:26:44.6151871Z Updating files:  90% (5631/6256)
2026-10-09T23:26:44.6276545Z Updating files:  91% (5693/6256)
2026-10-09T23:26:44.6403595Z Updating files:  92% (5756/6256)
2026-10-09T23:26:44.6498214Z Updating files:  93% (5819/6256)
2026-10-09T23:26:44.6615330Z Updating files:  94% (5881/6256)
2026-10-09T23:26:44.6765039Z Updating files:  95% (5944/6256)
2026-10-09T23:26:44.6886808Z Updating files:  96% (6006/6256)
2026-10-09T23:26:44.7005733Z Updating files:  97% (6069/6256)
2026-10-09T23:26:44.7145479Z Updating files:  98% (6131/6256)
2026-10-09T23:26:44.7300421Z Updating files:  99% (6194/6256)
2026-10-09T23:26:44.7300981Z Updating files: 100% (6256/6256)
2026-10-09T23:26:44.7301479Z Updating files: 100% (6256/6256), done.
2026-10-09T23:26:44.7502148Z Switched to a new branch 'dev'
2026-10-09T23:26:44.7551900Z branch 'dev' set up to track 'origin/dev'.
2026-10-09T23:26:44.7661949Z ##[endgroup]
2026-10-09T23:26:44.8081081Z [command]"C:\Program Files\Git\bin\git.exe" log -1 --format=%H
2026-10-09T23:26:44.8368863Z cc31526165734e612de297848bb2080bd459ccba
2026-10-09T23:26:44.8843542Z ##[group]Run actions/setup-go@v5
2026-10-09T23:26:44.8843986Z with:
2026-10-09T23:26:44.8844375Z   go-version-file: go.mod
2026-10-09T23:26:44.8844703Z   check-latest: false
2026-10-09T23:26:44.8847150Z   token: ***
2026-10-09T23:26:44.8847469Z   cache: true
2026-10-09T23:26:44.8847761Z env:
2026-10-09T23:26:44.8848029Z   WISP_ENV: test
2026-10-09T23:26:44.8848381Z ##[endgroup]
2026-10-09T23:26:45.0430709Z Setup go version spec 1.27
2026-10-09T23:26:45.0574575Z Attempting to download 1.27...
2026-10-09T23:26:45.0757792Z (node:1692) [DEP0040] DeprecationWarning: The `punycode` module is deprecated. Please use a userland alternative instead.
2026-10-09T23:26:45.0758515Z (Use `node --trace-deprecation ...` to show where the warning was created)
2026-10-09T23:26:45.7157389Z matching 1.27...
2026-10-09T23:26:45.7169347Z Acquiring 1.27.2 from https://github.com/actions/go-versions/releases/download/1.27.2-37875086547/go-1.27.2-win32-x64.zip
2026-10-09T23:26:46.4442501Z Extracting Go...
2026-10-09T23:26:46.5235894Z [command]"C:\Program Files\PowerShell\7\pwsh.exe" -NoLogo -NoProfile -NonInteractive -ExecutionPolicy Unrestricted -Command "$ErrorActionPreference = 'Stop' ; try { Add-Type -AssemblyName System.IO.Compression.ZipFile } catch { } ; try { [System.IO.Compression.ZipFile]::ExtractToDirectory('D:\a\_temp\go-1.27.2-win32-x64.zip', 'D:\a\_temp\7f7c04ba-3d41-4b7a-b2e2-10645e9afeee', $true) } catch { if (($_.Exception.GetType().FullName -eq 'System.Management.Automation.MethodException') -or ($_.Exception.GetType().FullName -eq 'System.Management.Automation.RuntimeException') ){ Expand-Archive -LiteralPath 'D:\a\_temp\go-1.27.2-win32-x64.zip' -DestinationPath 'D:\a\_temp\7f7c04ba-3d41-4b7a-b2e2-10645e9afeee' -Force } else { throw $_ } } ;"
2026-10-09T23:26:51.3977812Z Successfully extracted go to D:\a\_temp\7f7c04ba-3d41-4b7a-b2e2-10645e9afeee
2026-10-09T23:26:51.3978609Z Adding to the cache ...
2026-10-09T23:27:02.5570051Z Created link C:\hostedtoolcache\windows\go\1.27.2\x64 => D:\hostedtoolcache\windows\go\1.27.2\x64
2026-10-09T23:27:02.5573443Z Created link C:\hostedtoolcache\windows\go\1.27.2\x64.complete => D:\hostedtoolcache\windows\go\1.27.2\x64.complete
2026-10-09T23:27:02.5574366Z Successfully cached go to C:\hostedtoolcache\windows\go\1.27.2\x64
2026-10-09T23:27:02.5580667Z Added go to the path
2026-10-09T23:27:02.5583732Z Successfully set up Go version 1.27
2026-10-09T23:27:02.8473022Z [command]C:\hostedtoolcache\windows\go\1.27.2\x64\bin\go.exe env GOMODCACHE
2026-10-09T23:27:02.8531678Z [command]C:\hostedtoolcache\windows\go\1.27.2\x64\bin\go.exe env GOCACHE
2026-10-09T23:27:02.8767164Z C:\Users\runneradmin\go\pkg\mod
2026-10-09T23:27:02.8828850Z C:\Users\runneradmin\AppData\Local\go-build
2026-10-09T23:27:03.1838247Z Cache is not found
2026-10-09T23:27:03.1870467Z go version go1.27.2 windows/amd64
2026-10-09T23:27:03.1871275Z 
2026-10-09T23:27:03.1871817Z ##[group]go env
2026-10-09T23:27:08.1386857Z set AR=ar
2026-10-09T23:27:08.1387408Z set CC=gcc
2026-10-09T23:27:08.1387838Z set CGO_CFLAGS=-O2 -g
2026-10-09T23:27:08.1388291Z set CGO_CPPFLAGS=
2026-10-09T23:27:08.1388630Z set CGO_CXXFLAGS=-O2 -g
2026-10-09T23:27:08.1388950Z set CGO_ENABLED=1
2026-10-09T23:27:08.1389243Z set CGO_FFLAGS=-O2 -g
2026-10-09T23:27:08.1389581Z set CGO_LDFLAGS=-O2 -g
2026-10-09T23:27:08.1389912Z set CXX=g++
2026-10-09T23:27:08.1390220Z set GCCGO=gccgo
2026-10-09T23:27:08.1390581Z set GO111MODULE=
2026-10-09T23:27:08.1391236Z set GOAMD64=v1
2026-10-09T23:27:08.1391558Z set GOARCH=amd64
2026-10-09T23:27:08.1391861Z set GOAUTH=netrc
2026-10-09T23:27:08.1392202Z set GOBIN=C:\Users\runneradmin\go\bin
2026-10-09T23:27:08.1392641Z set GOCACHE=C:\Users\runneradmin\AppData\Local\go-build
2026-10-09T23:27:08.1393021Z set GOCACHEPROG=
2026-10-09T23:27:08.1393331Z set GODEBUG=
2026-10-09T23:27:08.1393713Z set GOENV=C:\Users\runneradmin\AppData\Roaming\go\env
2026-10-09T23:27:08.1394381Z set GOEXE=.exe
2026-10-09T23:27:08.1394673Z set GOEXPERIMENT=
2026-10-09T23:27:08.1396855Z set GOFIPS140=off
2026-10-09T23:27:08.1397257Z set GOFLAGS=
2026-10-09T23:27:08.1398262Z set GOGCCFLAGS=-m64 -pthread -Wl,--no-gc-sections -fmessage-length=0 -ffile-prefix-map=C:\Users\RUNNER~1\AppData\Local\Temp\go-build3544367045=/tmp/go-build -gno-record-gcc-switches
2026-10-09T23:27:08.1399042Z set GOHOSTARCH=amd64
2026-10-09T23:27:08.1399370Z set GOHOSTOS=windows
2026-10-09T23:27:08.1399686Z set GOINSECURE=
2026-10-09T23:27:08.1400021Z set GOMOD=D:\a\wisp\wisp\go.mod
2026-10-09T23:27:08.1400389Z set GOMODCACHE=C:\Users\runneradmin\go\pkg\mod
2026-10-09T23:27:08.1400747Z set GONOPROXY=
2026-10-09T23:27:08.1401048Z set GONOSUMDB=
2026-10-09T23:27:08.1401334Z set GOOS=windows
2026-10-09T23:27:08.1401729Z set GOPACKAGESDRIVER=
2026-10-09T23:27:08.1402086Z set GOPATH=C:\Users\runneradmin\go
2026-10-09T23:27:08.1402513Z set GOPRIVATE=
2026-10-09T23:27:08.1402904Z set GOPROXY=https://proxy.golang.org,direct
2026-10-09T23:27:08.1403334Z set GOROOT=C:\hostedtoolcache\windows\go\1.27.2\x64
2026-10-09T23:27:08.1403747Z set GOSUMDB=sum.golang.org
2026-10-09T23:27:08.1404077Z set GOTELEMETRY=local
2026-10-09T23:27:08.1404467Z set GOTELEMETRYDIR=C:\Users\runneradmin\AppData\Roaming\go\telemetry
2026-10-09T23:27:08.1404922Z set GOTMPDIR=
2026-10-09T23:27:08.1405216Z set GOTOOLCHAIN=auto
2026-10-09T23:27:08.1405699Z set GOTOOLDIR=C:\hostedtoolcache\windows\go\1.27.2\x64\pkg\tool\windows_amd64
2026-10-09T23:27:08.1406158Z set GOVCS=
2026-10-09T23:27:08.1406435Z set GOVERSION=go1.27.2
2026-10-09T23:27:08.1406760Z set GOWORK=
2026-10-09T23:27:08.1407062Z set PKG_CONFIG=pkg-config
2026-10-09T23:27:08.1407238Z 
2026-10-09T23:27:08.1407765Z ##[endgroup]
2026-10-09T23:27:08.1748752Z ##[group]Run bash scripts/winsec-tests.sh
2026-10-09T23:27:08.1749370Z [36;1mbash scripts/winsec-tests.sh[0m
2026-10-09T23:27:08.1776107Z shell: C:\Program Files\Git\bin\bash.EXE --noprofile --norc -e -o pipefail {0}
2026-10-09T23:27:08.1776629Z env:
2026-10-09T23:27:08.1776930Z   WISP_ENV: test
2026-10-09T23:27:08.1777243Z ##[endgroup]
2026-10-09T23:27:08.5089238Z go: downloading golang.org/x/sys v0.48.0
2026-10-09T23:27:09.4188039Z winsec-tests.sh: platform=windows gate=internal/winsec scope=[./internal/winsec/] package=github.com/CarlosShao/wisp/internal/winsec
2026-10-09T23:27:09.5777778Z portable-tests.sh: explicit scope [./internal/winsec/] IS the winsec tier's own scope - running it as mode=winsec against winsec_pin (ticket 251 AC#1)
2026-10-09T23:28:16.2304772Z portable-tests.sh: platform=windows scope=[./internal/winsec/...]
2026-10-09T23:28:16.2305738Z portable-tests.sh: 11 ledger entries, 7 accounted on this platform:
2026-10-09T23:28:16.2315495Z portable-tests.sh:   TestDefaultDeadlineWallClockMeasurement              [opt-in] 300s wall-clock measurement gated by WISP_84_MEASURE=1 (ticket84_no_owner_test.go:224, docs/evidence/s1/84-ac1-bounded-wait.md); it measures a deadline instead of asserting a property, so a CI run of it produces a duration nobody checks
2026-10-09T23:28:16.2321864Z portable-tests.sh:   TestSubprocessCrashWriter                            [reexec] child-process entry point of TestCrashRecoveryKillMidWrite (concurrent_test.go:186); not a test of its own, it skips whenever it is not the re-exec'd child
2026-10-09T23:28:16.2334697Z portable-tests.sh:   TestHelperProcess                                    [reexec] child-process entry point of the job-object cases (jobscope_windows_test.go:87, //go:build windows); skips unless re-exec'd with the helper env var set
2026-10-09T23:28:16.2337621Z portable-tests.sh:   TestLiveWasapiSmoke                                  [fixture] live WASAPI capture needs WISP_LIVE_MIC=1 and a physical microphone (hotplug_test.go:527, //go:build windows); a hosted runner has no audio endpoint, so the case has no subject there. Real-hardware smoke is ticket 16's
2026-10-09T23:28:16.2342190Z portable-tests.sh:   TestRealDownloadVadThroughPipeline                   [opt-in] real-network spot check gated by WISP_IT_REAL_MIRROR=1 (manifest_real_test.go:120); CI has no business pulling model archives from a third-party mirror
2026-10-09T23:28:16.2347288Z portable-tests.sh:   TestRealDownloadPuncArchiveThroughPipeline           [opt-in] real-network spot check gated by WISP_IT_REAL_MIRROR=1 (manifest_real_test.go:147); same reason as the VAD row
2026-10-09T23:28:16.2368351Z portable-tests.sh:   TestSyncRegistryProbeLive                            [fixture] P12 live registry evidence; on ubuntu it is now out of scope by platform instead of by skip (ticket 93 AC#2 moved it verbatim into syncdirs_windows_test.go), and on a Windows host whose HKCU Accounts key carries no UserFolder the hive has nothing to say. Measured on a windows host at HEAD 84e43af: --- SKIP at syncdirs_windows_test.go:133. As of ticket 110 AC#4 the windows leg carries ./internal/risk/ in its scope, so this row is re-verified against the compiled WINDOWS test binary (go test -list) and printed with its reason in that step's log - which is the step-level answer R-93-4 asked for. Remedy for a real run: a host with a sync record, or fold the shape check into the fixture-driven case. next= on ticket 93
2026-10-09T23:28:16.2603143Z portable-tests.sh: -skip pattern built from the ledger: ^(TestDefaultDeadlineWallClockMeasurement|TestSubprocessCrashWriter|TestHelperProcess|TestLiveWasapiSmoke|TestRealDownloadVadThroughPipeline|TestRealDownloadPuncArchiveThroughPipeline|TestSyncRegistryProbeLive)$
2026-10-09T23:28:24.1921377Z time=2026-10-09T23:28:17.119Z level=INFO msg="winsec: sealing path resolver installed" resolver=risk.c26Pipeline probes_passed=2
2026-10-09T23:28:24.1931018Z === RUN   TestAbsolutenessSpellingsAreNotOneTree
2026-10-09T23:28:24.1939941Z --- PASS: TestAbsolutenessSpellingsAreNotOneTree (0.00s)
2026-10-09T23:28:24.1940923Z === RUN   TestAttributionFaceNeverSeesAMixedAbsolutenessPair
2026-10-09T23:28:24.1943549Z     absoluteness_attribution_129_windows_test.go:154: AC#2 attribution-face reading: 1 notice(s), all absolute=true, caller's resolved answer absolute=true (C:\Users\runneradmin\AppData\Local\Temp\TestAttributionFaceNeverSeesAMixedAbsolutenessPair2918480247\001\store-44440\artifact.txt)
2026-10-09T23:28:24.1945714Z --- PASS: TestAttributionFaceNeverSeesAMixedAbsolutenessPair (0.02s)
2026-10-09T23:28:24.1946801Z === RUN   TestSeamGuardRefusesACandidateWhoseSecondWitnessDiffersOnlyInAbsoluteness
2026-10-09T23:28:24.1954397Z     absoluteness_attribution_129_windows_test.go:268: AC#1 leg "second witness vouches for the probe parent's tree in a drive-relative spelling": answers=map[C:\Users\RUNNER~1\AppData\Local\Temp:D:\wisp129-seam\probe-tree C:\Users\RUNNER~1\AppData\Local\Temp\wisp-129-tree-ownership-probe:D:\wisp129-seam\moved-seal\leaf D:\wisp129-seam\moved-seal:D:wisp129-seam\probe-tree] asked=[C:\Users\RUNNER~1\AppData\Local\Temp C:\Users\RUNNER~1\AppData\Local\Temp\wisp-129-tree-ownership-probe D:\wisp129-seam\moved-seal] refusal="it answered \"C:\\\\Users\\\\RUNNER~1\\\\AppData\\\\Local\\\\Temp\\\\wisp-129-tree-ownership-probe\" with \"D:\\\\wisp129-seam\\\\moved-seal\\\\leaf\", which is neither inside the tree \"D:\\\\wisp129-seam\\\\probe-tree\" it answered for that path's own parent \"C:\\\\Users\\\\RUNNER~1\\\\AppData\\\\Local\\\\Temp\" nor inside the tree that answer names once the candidate is asked about it directly (\"D:wisp129-seam\\\\probe-tree\" for \"D:\\\\wisp129-seam\\\\moved-seal\"): the seam may not be used to move a seal into another tree" (sameTree read a drive-relative answer as the absolute tree it names only after absolutization)
2026-10-09T23:28:24.1967681Z     absoluteness_attribution_129_windows_test.go:268: AC#1 leg "the child's own answer sits in the probe parent's tree only when read drive-relative": answers=map[C:\Users\RUNNER~1\AppData\Local\Temp:D:\wisp129-seam\probe-tree C:\Users\RUNNER~1\AppData\Local\Temp\wisp-129-tree-ownership-probe:D:wisp129-seam\probe-tree\leaf D:wisp129-seam\probe-tree:D:\wisp129-seam\unrelated-tree] asked=[C:\Users\RUNNER~1\AppData\Local\Temp C:\Users\RUNNER~1\AppData\Local\Temp\wisp-129-tree-ownership-probe D:wisp129-seam\probe-tree] refusal="it answered \"C:\\\\Users\\\\RUNNER~1\\\\AppData\\\\Local\\\\Temp\\\\wisp-129-tree-ownership-probe\" with \"D:wisp129-seam\\\\probe-tree\\\\leaf\", which is neither inside the tree \"D:\\\\wisp129-seam\\\\probe-tree\" it answered for that path's own parent \"C:\\\\Users\\\\RUNNER~1\\\\AppData\\\\Local\\\\Temp\" nor inside the tree that answer names once the candidate is asked about it directly (\"D:\\\\wisp129-seam\\\\unrelated-tree\" for \"D:wisp129-seam\\\\probe-tree\"): the seam may not be used to move a seal into another tree" (answerInsideTree at :391 took a drive-relative child as inside an absolute parent)
2026-10-09T23:28:24.1980842Z     absoluteness_attribution_129_windows_test.go:268: AC#1 leg "control for the gap: an absolute second witness naming another tree": answers=map[C:\Users\RUNNER~1\AppData\Local\Temp:D:\wisp129-seam\probe-tree C:\Users\RUNNER~1\AppData\Local\Temp\wisp-129-tree-ownership-probe:D:\wisp129-seam\moved-seal\leaf D:\wisp129-seam\moved-seal:D:\wisp129-seam\unrelated-tree] asked=[C:\Users\RUNNER~1\AppData\Local\Temp C:\Users\RUNNER~1\AppData\Local\Temp\wisp-129-tree-ownership-probe D:\wisp129-seam\moved-seal] refusal="it answered \"C:\\\\Users\\\\RUNNER~1\\\\AppData\\\\Local\\\\Temp\\\\wisp-129-tree-ownership-probe\" with \"D:\\\\wisp129-seam\\\\moved-seal\\\\leaf\", which is neither inside the tree \"D:\\\\wisp129-seam\\\\probe-tree\" it answered for that path's own parent \"C:\\\\Users\\\\RUNNER~1\\\\AppData\\\\Local\\\\Temp\" nor inside the tree that answer names once the candidate is asked about it directly (\"D:\\\\wisp129-seam\\\\unrelated-tree\" for \"D:\\\\wisp129-seam\\\\moved-seal\"): the seam may not be used to move a seal into another tree" (this leg is green before this ticket too; it is here to show what a refusal looks like)
2026-10-09T23:28:24.1989613Z     absoluteness_attribution_129_windows_test.go:268: AC#1 leg "CONTROL: the second witness names that very tree, both spellings absolute": answers=map[C:\Users\RUNNER~1\AppData\Local\Temp:D:\wisp129-seam\probe-tree C:\Users\RUNNER~1\AppData\Local\Temp\wisp-129-tree-ownership-probe:D:\wisp129-seam\moved-seal\leaf D:\wisp129-seam\moved-seal:D:\wisp129-seam\probe-tree] asked=[C:\Users\RUNNER~1\AppData\Local\Temp C:\Users\RUNNER~1\AppData\Local\Temp\wisp-129-tree-ownership-probe D:\wisp129-seam\moved-seal] refusal="" (the honest self-vouching ticket 112 and 126 already protect)
2026-10-09T23:28:24.1995066Z     absoluteness_attribution_129_windows_test.go:268: AC#1 leg "CONTROL: both the probe parent's answer and the second witness are drive-relative and identical": answers=map[C:\Users\RUNNER~1\AppData\Local\Temp:D:wisp129-seam\probe-tree C:\Users\RUNNER~1\AppData\Local\Temp\wisp-129-tree-ownership-probe:D:\wisp129-seam\moved-seal\leaf D:\wisp129-seam\moved-seal:D:wisp129-seam\probe-tree] asked=[C:\Users\RUNNER~1\AppData\Local\Temp C:\Users\RUNNER~1\AppData\Local\Temp\wisp-129-tree-ownership-probe D:\wisp129-seam\moved-seal] refusal="" (agreeing absoluteness is what the rule requires, not absolute-ness itself)
2026-10-09T23:28:24.1999584Z     absoluteness_attribution_129_windows_test.go:268: AC#1 leg "CONTROL: the child's answer is honestly inside the probe parent's tree": answers=map[C:\Users\RUNNER~1\AppData\Local\Temp:D:\wisp129-seam\probe-tree C:\Users\RUNNER~1\AppData\Local\Temp\wisp-129-tree-ownership-probe:D:\wisp129-seam\probe-tree\leaf] asked=[C:\Users\RUNNER~1\AppData\Local\Temp C:\Users\RUNNER~1\AppData\Local\Temp\wisp-129-tree-ownership-probe] refusal="" (the containment leg must still stop there, exactly as before the change)
2026-10-09T23:28:24.2001516Z --- PASS: TestSeamGuardRefusesACandidateWhoseSecondWitnessDiffersOnlyInAbsoluteness (0.00s)
2026-10-09T23:28:24.2002173Z === RUN   TestHonestPipelineKeepsPassingItsOwnProbe
2026-10-09T23:28:24.2002806Z === RUN   TestHonestPipelineKeepsPassingItsOwnProbe/on_a_planted_8.3_short_spelling_of_an_existing_parent
2026-10-09T23:28:24.2004506Z     absoluteness_attribution_129_windows_test.go:317: CONTROL: honest 8.3 pair still passes; long="C:\\Users\\RUNNER~1\\AppData\\Local\\Temp\\TestHonestPipelineKeepsPassingItsOwnProbeon_a_planted_8.3_short2333916864\\001\\wisp129-long-profile-name" short="C:\\Users\\RUNNER~1\\AppData\\Local\\Temp\\TESTHO~1.3_S\\001\\WISP12~1" both absolute=true/true
2026-10-09T23:28:24.2005833Z --- PASS: TestHonestPipelineKeepsPassingItsOwnProbe (0.00s)
2026-10-09T23:28:24.2006589Z     --- PASS: TestHonestPipelineKeepsPassingItsOwnProbe/on_a_planted_8.3_short_spelling_of_an_existing_parent (0.00s)
2026-10-09T23:28:24.2007308Z === RUN   TestAC1SealFileReportsTheInheritedGrantItCleared
2026-10-09T23:28:24.2008407Z     inherited_narrow_notice_104_windows_test.go:121: icacls BEFORE SealFile C:\Users\RUNNER~1\AppData\Local\Temp\TestAC1SealFileReportsTheInheritedGrantItCleared1324698468\001\store\readable-by-inheritance.txt
2026-10-09T23:28:24.2010370Z         C:\Users\RUNNER~1\AppData\Local\Temp\TestAC1SealFileReportsTheInheritedGrantItCleared1324698468\001\store\readable-by-inheritance.txt Everyone:(I)(RX)
2026-10-09T23:28:24.2013427Z                                                                                                                                               NT AUTHORITY\SYSTEM:(I)(F)
2026-10-09T23:28:24.2017201Z                                                                                                                                               BUILTIN\Administrators:(I)(F)
2026-10-09T23:28:24.2020049Z                                                                                                                                               runnervmfi6oq\runneradmin:(I)(F)
2026-10-09T23:28:24.2020755Z         
2026-10-09T23:28:24.2021736Z         Successfully processed 1 files; Failed processing 0 files
2026-10-09T23:28:24.2023077Z     inherited_narrow_notice_104_windows_test.go:131: icacls AFTER SealFile C:\Users\RUNNER~1\AppData\Local\Temp\TestAC1SealFileReportsTheInheritedGrantItCleared1324698468\001\store\readable-by-inheritance.txt
2026-10-09T23:28:24.2024494Z         C:\Users\RUNNER~1\AppData\Local\Temp\TestAC1SealFileReportsTheInheritedGrantItCleared1324698468\001\store\readable-by-inheritance.txt NT AUTHORITY\SYSTEM:(F)
2026-10-09T23:28:24.2027201Z                                                                                                                                               BUILTIN\Administrators:(F)
2026-10-09T23:28:24.2029755Z                                                                                                                                               runnervmfi6oq\runneradmin:(F)
2026-10-09T23:28:24.2030207Z         
2026-10-09T23:28:24.2030669Z         Successfully processed 1 files; Failed processing 0 files
2026-10-09T23:28:24.2031194Z --- PASS: TestAC1SealFileReportsTheInheritedGrantItCleared (0.04s)
2026-10-09T23:28:24.2031656Z === RUN   TestAC1DefaultLogSaysInherited
2026-10-09T23:28:24.2034442Z     inherited_narrow_notice_104_windows_test.go:182: default rendering: time=2026-10-09T23:28:17.220Z level=WARN msg="winsec: seal cleared principals that stood on this object" path=C:\Users\runneradmin\AppData\Local\Temp\TestAC1DefaultLogSaysInherited1116535695\001\store\log-leg.txt kind=inherited cleared="" cleared_inherited=S-1-1-0(A;ID;0x1200a9;;;WD) policy="winsec owns the grants on this tree; out-of-band ACEs are removed at the next seal"
2026-10-09T23:28:24.2037474Z --- PASS: TestAC1DefaultLogSaysInherited (0.02s)
2026-10-09T23:28:24.2038201Z === RUN   TestAC2InheritedNoticeHasANoiseBound
2026-10-09T23:28:24.2039154Z === RUN   TestAC2InheritedNoticeHasANoiseBound/a_private_tree_with_only_the_private_set_stays_quiet
2026-10-09T23:28:24.2040419Z     inherited_narrow_notice_104_windows_test.go:231: leg 1 (only {me,SY,BA}) WARN count = 0
2026-10-09T23:28:24.2041582Z === RUN   TestAC2InheritedNoticeHasANoiseBound/parent_policy_change_propagates_without_a_per_child_storm
2026-10-09T23:28:24.2044059Z     inherited_narrow_notice_104_windows_test.go:279: leg 2 (parent sealed first, then 6 children): total WARN = 1 (parent=1, children=0), per-child=map[c:\users\runneradmin\appdata\local\temp\testac2inheritednoticehasanoiseboundparent_policy_change_propag2222642830\001\propagated:1]
2026-10-09T23:28:24.2045944Z === RUN   TestAC2InheritedNoticeHasANoiseBound/sealing_only_children_reports_each_of_them_once
2026-10-09T23:28:24.2046795Z     inherited_narrow_notice_104_windows_test.go:331: leg 3 (parent left wide, 4 children sealed singly): total WARN = 4
2026-10-09T23:28:24.2047451Z --- PASS: TestAC2InheritedNoticeHasANoiseBound (0.06s)
2026-10-09T23:28:24.2048192Z     --- PASS: TestAC2InheritedNoticeHasANoiseBound/a_private_tree_with_only_the_private_set_stays_quiet (0.01s)
2026-10-09T23:28:24.2049095Z     --- PASS: TestAC2InheritedNoticeHasANoiseBound/parent_policy_change_propagates_without_a_per_child_storm (0.03s)
2026-10-09T23:28:24.2050027Z     --- PASS: TestAC2InheritedNoticeHasANoiseBound/sealing_only_children_reports_each_of_them_once (0.02s)
2026-10-09T23:28:24.2050687Z === RUN   TestAC3OwnGrantsStaySilentWhicheverWayTheOSNamesThem
2026-10-09T23:28:24.2052061Z     inherited_narrow_notice_104_windows_test.go:387: own-trustee seal WARN count = 1 ([{Path:C:\Users\runneradmin\AppData\Local\Temp\TestAC3OwnGrantsStaySilentWhicheverWayTheOSNamesThem1197701151\001\byname\service-witness.txt Principals:[S-1-5-6(A;;0x1200a9;;;SU)] Inherited:[]}])
2026-10-09T23:28:24.2053312Z --- PASS: TestAC3OwnGrantsStaySilentWhicheverWayTheOSNamesThem (0.06s)
2026-10-09T23:28:24.2053835Z === RUN   TestSealReportsThePrincipalsItCleared
2026-10-09T23:28:24.2054308Z --- PASS: TestSealReportsThePrincipalsItCleared (0.03s)
2026-10-09T23:28:24.2054804Z === RUN   TestSealNoticeIsRecordedByDefault
2026-10-09T23:28:24.2057563Z     narrow_notice_windows_test.go:142: recorded notice: time=2026-10-09T23:28:17.387Z level=WARN msg="winsec: seal cleared principals that stood on this object" path=C:\Users\runneradmin\AppData\Local\Temp\TestSealNoticeIsRecordedByDefault2435838695\001\data kind=explicit cleared=S-1-5-6(A;OICI;0x1200a9;;;SU) cleared_inherited="" policy="winsec owns the grants on this tree; out-of-band ACEs are removed at the next seal"
2026-10-09T23:28:24.2059509Z --- PASS: TestSealNoticeIsRecordedByDefault (0.01s)
2026-10-09T23:28:24.2060014Z === RUN   TestNoticeAttributionSurvivesAn83AliasOfItsOwnTree
2026-10-09T23:28:24.2062531Z     notice_attribution_115_windows_test.go:230: seal #0 typed "C:\\Users\\RUNNER~1\\AppData\\Local\\Temp\\TestNoticeAttributionSurvivesAn83AliasOfItsOwnTree1467168173\\001\\wisp115longdirname\\artifact-under-test.txt" -> notice path "C:\\Users\\runneradmin\\AppData\\Local\\Temp\\TestNoticeAttributionSurvivesAn83AliasOfItsOwnTree1467168173\\001\\wisp115longdirname\\artifact-under-test.txt" (EqualFold with the short spelling: false)
2026-10-09T23:28:24.2066830Z     notice_attribution_115_windows_test.go:230: seal #1 typed "C:\\Users\\RUNNER~1\\AppData\\Local\\Temp\\TESTNO~1\\001\\WISP11~1\\ARTIFA~1.TXT" -> notice path "C:\\Users\\runneradmin\\AppData\\Local\\Temp\\TestNoticeAttributionSurvivesAn83AliasOfItsOwnTree1467168173\\001\\wisp115longdirname\\artifact-under-test.txt" (EqualFold with the short spelling: false)
2026-10-09T23:28:24.2069675Z     notice_attribution_115_windows_test.go:230: seal #2 typed "C:\\Users\\RUNNER~1\\AppData\\Local\\Temp\\TESTNO~1\\001\\WISP11~1\\artifact-under-test.txt" -> notice path "C:\\Users\\runneradmin\\AppData\\Local\\Temp\\TestNoticeAttributionSurvivesAn83AliasOfItsOwnTree1467168173\\001\\wisp115longdirname\\artifact-under-test.txt" (EqualFold with the short spelling: false)
2026-10-09T23:28:24.2072502Z     notice_attribution_115_windows_test.go:230: seal #3 typed "C:\\USERS\\RUNNER~1\\APPDATA\\LOCAL\\TEMP\\TESTNOTICEATTRIBUTIONSURVIVESAN83ALIASOFITSOWNTREE1467168173\\001\\WISP115LONGDIRNAME\\ARTIFACT-UNDER-TEST.TXT" -> notice path "C:\\Users\\runneradmin\\AppData\\Local\\Temp\\TestNoticeAttributionSurvivesAn83AliasOfItsOwnTree1467168173\\001\\wisp115longdirname\\artifact-under-test.txt" (EqualFold with the short spelling: false)
2026-10-09T23:28:24.2074420Z --- PASS: TestNoticeAttributionSurvivesAn83AliasOfItsOwnTree (0.06s)
2026-10-09T23:28:24.2074986Z === RUN   TestNoticeAttributionKeepsTwoTreesApart
2026-10-09T23:28:24.2075465Z --- PASS: TestNoticeAttributionKeepsTwoTreesApart (0.07s)
2026-10-09T23:28:24.2076033Z === RUN   TestAC118KindFieldSaysExplicitForAGrantThatStoodOnTheObjectItself
2026-10-09T23:28:24.2077338Z --- PASS: TestAC118KindFieldSaysExplicitForAGrantThatStoodOnTheObjectItself (0.02s)
2026-10-09T23:28:24.2078005Z === RUN   TestAC118KindFieldSaysInheritedForAGrantTheParentHandedDown
2026-10-09T23:28:24.2078656Z --- PASS: TestAC118KindFieldSaysInheritedForAGrantTheParentHandedDown (0.02s)
2026-10-09T23:28:24.2079286Z === RUN   TestAC118KindFieldSaysBothWhenTheObjectCarriedItsOwnGrantToo
2026-10-09T23:28:24.2079891Z --- PASS: TestAC118KindFieldSaysBothWhenTheObjectCarriedItsOwnGrantToo (0.03s)
2026-10-09T23:28:24.2080480Z === RUN   TestAC118NamesEveryoneIsJudgedBySIDNotByTwoBytes
2026-10-09T23:28:24.2081330Z     notice_kind_and_everyone_118_windows_test.go:635: AC#3 buckets read: SERVICE-only "S-1-5-6(A;;0x1200a9;;;SU)", Everyone "S-1-1-0(A;;0x1200a9;;;WD)"
2026-10-09T23:28:24.2082132Z --- PASS: TestAC118NamesEveryoneIsJudgedBySIDNotByTwoBytes (0.11s)
2026-10-09T23:28:24.2082805Z === RUN   TestAC2AncestorPrefixesForEverySeparatorShape
2026-10-09T23:28:24.2083599Z === RUN   TestAC2AncestorPrefixesForEverySeparatorShape/native-backslash
2026-10-09T23:28:24.2084878Z     pathpieces_108_test.go:85: native-backslash: pathPieces("C:\\a\\b\\keep.txt") = ["C:\\a" "C:\\a\\b" "C:\\a\\b\\keep.txt"]
2026-10-09T23:28:24.2085921Z === RUN   TestAC2AncestorPrefixesForEverySeparatorShape/all-forward-slash
2026-10-09T23:28:24.2088006Z     pathpieces_108_test.go:85: all-forward-slash: pathPieces("C:/a/b/keep.txt") = ["C:/a" "C:/a/b" "C:/a/b/keep.txt"]
2026-10-09T23:28:24.2089115Z === RUN   TestAC2AncestorPrefixesForEverySeparatorShape/mixed-separators
2026-10-09T23:28:24.2090353Z     pathpieces_108_test.go:85: mixed-separators: pathPieces("C:\\a/b\\keep.txt") = ["C:\\a" "C:\\a/b" "C:\\a/b\\keep.txt"]
2026-10-09T23:28:24.2091500Z === RUN   TestAC2AncestorPrefixesForEverySeparatorShape/trailing-separator
2026-10-09T23:28:24.2092645Z     pathpieces_108_test.go:85: trailing-separator: pathPieces("/a/b/keep.txt/") = ["/a" "/a/b" "/a/b/keep.txt"]
2026-10-09T23:28:24.2093706Z === RUN   TestAC2AncestorPrefixesForEverySeparatorShape/doubled-separator
2026-10-09T23:28:24.2094871Z     pathpieces_108_test.go:85: doubled-separator: pathPieces("/a/b//keep.txt") = ["/a" "/a/b" "/a/b//keep.txt"]
2026-10-09T23:28:24.2095982Z === RUN   TestAC2AncestorPrefixesForEverySeparatorShape/posix-backslash-is-a-name-character
2026-10-09T23:28:24.2097714Z     pathpieces_108_test.go:85: posix-backslash-is-a-name-character: pathPieces("/a/b\\c/keep.txt") = ["/a" "/a/b" "/a/b\\c" "/a/b\\c/keep.txt"]
2026-10-09T23:28:24.2098536Z === RUN   TestAC2AncestorPrefixesForEverySeparatorShape/extended-length-prefix
2026-10-09T23:28:24.2100211Z     pathpieces_108_test.go:85: extended-length-prefix: pathPieces("\\\\?\\C:\\a\\b\\keep.txt") = ["\\\\?\\C:\\a" "\\\\?\\C:\\a\\b" "\\\\?\\C:\\a\\b\\keep.txt"]
2026-10-09T23:28:24.2100974Z --- PASS: TestAC2AncestorPrefixesForEverySeparatorShape (0.00s)
2026-10-09T23:28:24.2101621Z     --- PASS: TestAC2AncestorPrefixesForEverySeparatorShape/native-backslash (0.00s)
2026-10-09T23:28:24.2102364Z     --- PASS: TestAC2AncestorPrefixesForEverySeparatorShape/all-forward-slash (0.00s)
2026-10-09T23:28:24.2103111Z     --- PASS: TestAC2AncestorPrefixesForEverySeparatorShape/mixed-separators (0.00s)
2026-10-09T23:28:24.2103822Z     --- PASS: TestAC2AncestorPrefixesForEverySeparatorShape/trailing-separator (0.00s)
2026-10-09T23:28:24.2104522Z     --- PASS: TestAC2AncestorPrefixesForEverySeparatorShape/doubled-separator (0.00s)
2026-10-09T23:28:24.2105293Z     --- PASS: TestAC2AncestorPrefixesForEverySeparatorShape/posix-backslash-is-a-name-character (0.00s)
2026-10-09T23:28:24.2106126Z     --- PASS: TestAC2AncestorPrefixesForEverySeparatorShape/extended-length-prefix (0.00s)
2026-10-09T23:28:24.2106734Z === RUN   TestAC2ComponentsAndTraversalPerSeparatorShape
2026-10-09T23:28:24.2107519Z     pathpieces_108_test.go:129: a dot-dot the Windows parser would honour: lexicalTraversal("C:/a/../b") -> found=true (traverses "..")
2026-10-09T23:28:24.2108483Z     pathpieces_108_test.go:129: a portable dot-dot: lexicalTraversal("/a/../b") -> found=true (traverses "..")
2026-10-09T23:28:24.2109765Z     pathpieces_108_test.go:129: backslash-dot-dot: one real component name on POSIX, two separators on Windows: lexicalTraversal("/a/b\\..\\c") -> found=true (traverses "..")
2026-10-09T23:28:24.2111243Z     pathpieces_108_test.go:129: an empty segment: lexicalTraversal("/a/b//c") -> found=true (has an empty path segment (index 4))
2026-10-09T23:28:24.2112095Z     pathpieces_108_test.go:129: a self reference: lexicalTraversal("/a/./b") -> found=true (traverses ".")
2026-10-09T23:28:24.2112735Z --- PASS: TestAC2ComponentsAndTraversalPerSeparatorShape (0.00s)
2026-10-09T23:28:24.2113249Z === RUN   TestAC5FailedSealRefusesTheWrite
2026-10-09T23:28:24.2113957Z === RUN   TestAC5FailedSealRefusesTheWrite/exclusive_artifact
2026-10-09T23:28:24.2114716Z === RUN   TestAC5FailedSealRefusesTheWrite/replacement_write
2026-10-09T23:28:24.2115402Z === RUN   TestAC5FailedSealRefusesTheWrite/directory_chain
2026-10-09T23:28:24.2116122Z === RUN   TestAC5FailedSealRefusesTheWrite/seal_file_and_dir_direct
2026-10-09T23:28:24.2116993Z --- PASS: TestAC5FailedSealRefusesTheWrite (0.00s)
2026-10-09T23:28:24.2117856Z     --- PASS: TestAC5FailedSealRefusesTheWrite/exclusive_artifact (0.00s)
2026-10-09T23:28:24.2118484Z     --- PASS: TestAC5FailedSealRefusesTheWrite/replacement_write (0.00s)
2026-10-09T23:28:24.2119375Z     --- PASS: TestAC5FailedSealRefusesTheWrite/directory_chain (0.00s)
2026-10-09T23:28:24.2120469Z     --- PASS: TestAC5FailedSealRefusesTheWrite/seal_file_and_dir_direct (0.00s)
2026-10-09T23:28:24.2121414Z === RUN   TestAC5FailureIsNotSwallowedByTheHappyPath
2026-10-09T23:28:24.2122162Z --- PASS: TestAC5FailureIsNotSwallowedByTheHappyPath (0.00s)
2026-10-09T23:28:24.2122661Z === RUN   TestGateJudgesThePrivateSetByResolvedSID
2026-10-09T23:28:24.2123271Z === RUN   TestGateJudgesThePrivateSetByResolvedSID/runner_descriptor_is_judged_by_what_it_resolves_to
2026-10-09T23:28:24.2124011Z === RUN   TestGateJudgesThePrivateSetByResolvedSID/the_set_holds_no_name_in_the_form_it_is_compared_with
2026-10-09T23:28:24.2124806Z === RUN   TestGateJudgesThePrivateSetByResolvedSID/a_name_spelling_cannot_change_the_verdict
2026-10-09T23:28:24.2125402Z --- PASS: TestGateJudgesThePrivateSetByResolvedSID (0.01s)
2026-10-09T23:28:24.2126151Z     --- PASS: TestGateJudgesThePrivateSetByResolvedSID/runner_descriptor_is_judged_by_what_it_resolves_to (0.00s)
2026-10-09T23:28:24.2127052Z     --- PASS: TestGateJudgesThePrivateSetByResolvedSID/the_set_holds_no_name_in_the_form_it_is_compared_with (0.00s)
2026-10-09T23:28:24.2128019Z     --- PASS: TestGateJudgesThePrivateSetByResolvedSID/a_name_spelling_cannot_change_the_verdict (0.00s)
2026-10-09T23:28:24.2128693Z === RUN   TestSealNarrowsAndNamesThePrincipalItRemovedBySID
2026-10-09T23:28:24.2130073Z     private_set_sid_windows_test.go:314: planted as strangers: [S-1-1-0 S-1-5-32-546]; planted as a private-set member: S-1-5-21-1643835476-1616584234-1346609752-500 (LA=S-1-5-21-1643835476-1616584234-1346609752-500, in set: true, set=[S-1-5-18 S-1-5-32-544 S-1-5-21-1643835476-1616584234-1346609752-500])
2026-10-09T23:28:24.2131309Z --- PASS: TestSealNarrowsAndNamesThePrincipalItRemovedBySID (0.04s)
2026-10-09T23:28:24.2131913Z === RUN   TestGateRefusesADescriptorThatLeavesARealGrantToAnotherAccount
2026-10-09T23:28:24.2132559Z --- PASS: TestGateRefusesADescriptorThatLeavesARealGrantToAnotherAccount (0.00s)
2026-10-09T23:28:24.2133201Z === RUN   TestAC4DirectorySymlinkAtArtifactPositionIsNotRecursed
2026-10-09T23:28:24.2134475Z     reparse_windows_test.go:111: os.Symlink ok: artifact -> C:\Users\RUNNER~1\AppData\Local\Temp\TestAC4DirectorySymlinkAtArtifactPositionIsNotRecursed1195781557\001\someone-elses-tree (Lstat mode Lrw-rw-rw-, FILE_ATTRIBUTE_REPARSE_POINT set)
2026-10-09T23:28:24.2136753Z     reparse_windows_test.go:121: os.Remove cleared the directory symlink directly; A51② does not reproduce for it on this box
2026-10-09T23:28:24.2138583Z     reparse_windows_test.go:129: os.Symlink ok: artifact -> C:\Users\RUNNER~1\AppData\Local\Temp\TestAC4DirectorySymlinkAtArtifactPositionIsNotRecursed1195781557\001\someone-elses-tree (Lstat mode Lrw-rw-rw-, FILE_ATTRIBUTE_REPARSE_POINT set)
2026-10-09T23:28:24.2140332Z     reparse_windows_test.go:148: os.Symlink ok: artifact -> C:\Users\RUNNER~1\AppData\Local\Temp\TestAC4DirectorySymlinkAtArtifactPositionIsNotRecursed1195781557\001\someone-elses-tree (Lstat mode Lrw-rw-rw-, FILE_ATTRIBUTE_REPARSE_POINT set)
2026-10-09T23:28:24.2141430Z --- PASS: TestAC4DirectorySymlinkAtArtifactPositionIsNotRecursed (0.01s)
2026-10-09T23:28:24.2141999Z === RUN   TestAC4DirectorySymlinkInsideSealedTreeIsNotWalked
2026-10-09T23:28:24.2143195Z     reparse_windows_test.go:180: os.Symlink ok: link -> C:\Users\RUNNER~1\AppData\Local\Temp\TestAC4DirectorySymlinkInsideSealedTreeIsNotWalked2349333087\002\someone-elses-tree (Lstat mode Lrw-rw-rw-, FILE_ATTRIBUTE_REPARSE_POINT set)
2026-10-09T23:28:24.2144227Z --- PASS: TestAC4DirectorySymlinkInsideSealedTreeIsNotWalked (0.01s)
2026-10-09T23:28:24.2144726Z === RUN   TestAC4JunctionAtArtifactPositionIsNotRecursed
2026-10-09T23:28:24.2146265Z     reparse_windows_test.go:227: mklink /J: Junction created for C:\Users\RUNNER~1\AppData\Local\Temp\TestAC4JunctionAtArtifactPositionIsNotRecursed1307628094\002\data\artifact <<===>> C:\Users\RUNNER~1\AppData\Local\Temp\TestAC4JunctionAtArtifactPositionIsNotRecursed1307628094\001\someone-elses-tree
2026-10-09T23:28:24.2147736Z     reparse_windows_test.go:245: os.Remove cleared this junction directly; A51② does not reproduce for it
2026-10-09T23:28:24.2149292Z     reparse_windows_test.go:252: mklink /J: Junction created for C:\Users\RUNNER~1\AppData\Local\Temp\TestAC4JunctionAtArtifactPositionIsNotRecursed1307628094\002\data\artifact <<===>> C:\Users\RUNNER~1\AppData\Local\Temp\TestAC4JunctionAtArtifactPositionIsNotRecursed1307628094\001\someone-elses-tree
2026-10-09T23:28:24.2150496Z --- PASS: TestAC4JunctionAtArtifactPositionIsNotRecursed (0.03s)
2026-10-09T23:28:24.2150958Z === RUN   TestAC4UnlinkableLinkGivesNamedError
2026-10-09T23:28:24.2152170Z     reparse_windows_test.go:287: mklink /J: Junction created for C:\Users\RUNNER~1\AppData\Local\Temp\TestAC4UnlinkableLinkGivesNamedError864525042\001\data\artifact <<===>> C:\Users\RUNNER~1\AppData\Local\Temp\TestAC4UnlinkableLinkGivesNamedError864525042\002\wide
2026-10-09T23:28:24.2153208Z --- PASS: TestAC4UnlinkableLinkGivesNamedError (0.02s)
2026-10-09T23:28:24.2153622Z === RUN   TestAC4SealedWalkSkipsLinks
2026-10-09T23:28:24.2155060Z     reparse_windows_test.go:344: mklink /J: Junction created for C:\Users\RUNNER~1\AppData\Local\Temp\TestAC4SealedWalkSkipsLinks4210668142\001\data\work\link <<===>> C:\Users\RUNNER~1\AppData\Local\Temp\TestAC4SealedWalkSkipsLinks4210668142\002\outside
2026-10-09T23:28:24.2156703Z --- PASS: TestAC4SealedWalkSkipsLinks (0.02s)
2026-10-09T23:28:24.2157231Z === RUN   TestCrossVolumeSpellingsAreNotOneTree
2026-10-09T23:28:24.2158172Z --- PASS: TestCrossVolumeSpellingsAreNotOneTree (0.00s)
2026-10-09T23:28:24.2159032Z === RUN   TestNoticeFromOneVolumeIsNotAttributedToAnotherVolumeSpelling
2026-10-09T23:28:24.2161320Z     volume_attribution_126_windows_test.go:174: AC#4 shapes: sealed=C:\Users\runneradmin\AppData\Local\Temp\TestNoticeFromOneVolumeIsNotAttributedToAnotherVolumeSpelling2351016919\001\store-44440\artifact.txt planted=Z:\Users\runneradmin\AppData\Local\Temp\TestNoticeFromOneVolumeIsNotAttributedToAnotherVolumeSpelling2351016919\001\store-44440\artifact.txt (volumes "C:" vs "Z:", tails byte-identical)
2026-10-09T23:28:24.2163214Z     volume_attribution_126_windows_test.go:178: notices attributed to the tree that was sealed: 1 of 1; to the planted other-volume spelling: 0
2026-10-09T23:28:24.2164028Z --- PASS: TestNoticeFromOneVolumeIsNotAttributedToAnotherVolumeSpelling (0.01s)
2026-10-09T23:28:24.2164643Z === RUN   TestNoticeFromOneVolumeIsNotAttributedToASecondRealVolume
2026-10-09T23:28:24.2165242Z === RUN   TestNoticeFromOneVolumeIsNotAttributedToASecondRealVolume/two_real_volumes
2026-10-09T23:28:24.2166261Z     volume_attribution_126_windows_test.go:251: AC#8 shapes: A=C:\wisp126-xvol-8576\store-44440\artifact.txt B=D:\wisp126-xvol-8576\store-44440\artifact.txt (volumes "C:" vs "D:")
2026-10-09T23:28:24.2167330Z     volume_attribution_126_windows_test.go:252: notices after sealing A only: 1; attributed to A: 1; attributed to never-sealed B: 0
2026-10-09T23:28:24.2168086Z --- PASS: TestNoticeFromOneVolumeIsNotAttributedToASecondRealVolume (0.03s)
2026-10-09T23:28:24.2168842Z     --- PASS: TestNoticeFromOneVolumeIsNotAttributedToASecondRealVolume/two_real_volumes (0.03s)
2026-10-09T23:28:24.2169522Z === RUN   TestSeamGuardRefusesACandidateWhoseSecondWitnessNamesAnotherVolume
2026-10-09T23:28:24.2173785Z     volume_attribution_126_windows_test.go:380: AC#2 leg "second witness names the same tree on another volume": answers=map[C:\Users\RUNNER~1\AppData\Local\Temp:D:\wisp126-seam\probe-tree C:\Users\RUNNER~1\AppData\Local\Temp\wisp-126-tree-ownership-probe:D:\wisp126-seam\moved-seal\leaf D:\wisp126-seam\moved-seal:C:\wisp126-seam\probe-tree] asked=[C:\Users\RUNNER~1\AppData\Local\Temp C:\Users\RUNNER~1\AppData\Local\Temp\wisp-126-tree-ownership-probe D:\wisp126-seam\moved-seal] refusal="it answered \"C:\\\\Users\\\\RUNNER~1\\\\AppData\\\\Local\\\\Temp\\\\wisp-126-tree-ownership-probe\" with \"D:\\\\wisp126-seam\\\\moved-seal\\\\leaf\", which is neither inside the tree \"D:\\\\wisp126-seam\\\\probe-tree\" it answered for that path's own parent \"C:\\\\Users\\\\RUNNER~1\\\\AppData\\\\Local\\\\Temp\" nor inside the tree that answer names once the candidate is asked about it directly (\"C:\\\\wisp126-seam\\\\probe-tree\" for \"D:\\\\wisp126-seam\\\\moved-seal\"): the seam may not be used to move a seal into another tree"
2026-10-09T23:28:24.2181907Z     volume_attribution_126_windows_test.go:380: AC#2 leg "second witness names a deeper tree on another volume": answers=map[C:\Users\RUNNER~1\AppData\Local\Temp:D:\wisp126-seam\probe-tree C:\Users\RUNNER~1\AppData\Local\Temp\wisp-126-tree-ownership-probe:D:\wisp126-seam\moved-seal\leaf D:\wisp126-seam\moved-seal:C:\wisp126-seam\probe-tree\deeper] asked=[C:\Users\RUNNER~1\AppData\Local\Temp C:\Users\RUNNER~1\AppData\Local\Temp\wisp-126-tree-ownership-probe D:\wisp126-seam\moved-seal] refusal="it answered \"C:\\\\Users\\\\RUNNER~1\\\\AppData\\\\Local\\\\Temp\\\\wisp-126-tree-ownership-probe\" with \"D:\\\\wisp126-seam\\\\moved-seal\\\\leaf\", which is neither inside the tree \"D:\\\\wisp126-seam\\\\probe-tree\" it answered for that path's own parent \"C:\\\\Users\\\\RUNNER~1\\\\AppData\\\\Local\\\\Temp\" nor inside the tree that answer names once the candidate is asked about it directly (\"C:\\\\wisp126-seam\\\\probe-tree\\\\deeper\" for \"D:\\\\wisp126-seam\\\\moved-seal\"): the seam may not be used to move a seal into another tree"
2026-10-09T23:28:24.2189033Z     volume_attribution_126_windows_test.go:380: AC#2 leg "the child's own answer names a deeper tree on another volume": answers=map[C:\Users\RUNNER~1\AppData\Local\Temp:D:\wisp126-seam\probe-tree C:\Users\RUNNER~1\AppData\Local\Temp\wisp-126-tree-ownership-probe:C:\wisp126-seam\probe-tree\leaf C:\wisp126-seam\probe-tree:C:\wisp126-seam\unrelated-tree] asked=[C:\Users\RUNNER~1\AppData\Local\Temp C:\Users\RUNNER~1\AppData\Local\Temp\wisp-126-tree-ownership-probe C:\wisp126-seam\probe-tree] refusal="it answered \"C:\\\\Users\\\\RUNNER~1\\\\AppData\\\\Local\\\\Temp\\\\wisp-126-tree-ownership-probe\" with \"C:\\\\wisp126-seam\\\\probe-tree\\\\leaf\", which is neither inside the tree \"D:\\\\wisp126-seam\\\\probe-tree\" it answered for that path's own parent \"C:\\\\Users\\\\RUNNER~1\\\\AppData\\\\Local\\\\Temp\" nor inside the tree that answer names once the candidate is asked about it directly (\"C:\\\\wisp126-seam\\\\unrelated-tree\" for \"C:\\\\wisp126-seam\\\\probe-tree\"): the seam may not be used to move a seal into another tree"
2026-10-09T23:28:24.2194135Z     volume_attribution_126_windows_test.go:380: AC#2 leg "control: the second witness names that very tree, same volume": answers=map[C:\Users\RUNNER~1\AppData\Local\Temp:D:\wisp126-seam\probe-tree C:\Users\RUNNER~1\AppData\Local\Temp\wisp-126-tree-ownership-probe:D:\wisp126-seam\moved-seal\leaf D:\wisp126-seam\moved-seal:D:\wisp126-seam\probe-tree] asked=[C:\Users\RUNNER~1\AppData\Local\Temp C:\Users\RUNNER~1\AppData\Local\Temp\wisp-126-tree-ownership-probe D:\wisp126-seam\moved-seal] refusal=""
2026-10-09T23:28:24.2198519Z     volume_attribution_126_windows_test.go:380: AC#2 leg "control: the second witness names a containing tree, same volume": answers=map[C:\Users\RUNNER~1\AppData\Local\Temp:D:\wisp126-seam\probe-tree C:\Users\RUNNER~1\AppData\Local\Temp\wisp-126-tree-ownership-probe:D:\wisp126-seam\moved-seal\leaf D:\wisp126-seam\moved-seal:D:\wisp126-seam\probe-tree\deeper] asked=[C:\Users\RUNNER~1\AppData\Local\Temp C:\Users\RUNNER~1\AppData\Local\Temp\wisp-126-tree-ownership-probe D:\wisp126-seam\moved-seal] refusal=""
2026-10-09T23:28:24.2202557Z     volume_attribution_126_windows_test.go:380: AC#2 leg "control: the second witness names that tree with another case of the volume letter": answers=map[C:\Users\RUNNER~1\AppData\Local\Temp:D:\wisp126-seam\probe-tree C:\Users\RUNNER~1\AppData\Local\Temp\wisp-126-tree-ownership-probe:D:\wisp126-seam\moved-seal\leaf D:\wisp126-seam\moved-seal:d:\wisp126-seam\probe-tree] asked=[C:\Users\RUNNER~1\AppData\Local\Temp C:\Users\RUNNER~1\AppData\Local\Temp\wisp-126-tree-ownership-probe D:\wisp126-seam\moved-seal] refusal=""
2026-10-09T23:28:24.2205794Z     volume_attribution_126_windows_test.go:380: AC#2 leg "control: the child's answer is inside the probe parent's tree": answers=map[C:\Users\RUNNER~1\AppData\Local\Temp:D:\wisp126-seam\probe-tree C:\Users\RUNNER~1\AppData\Local\Temp\wisp-126-tree-ownership-probe:D:\wisp126-seam\probe-tree\leaf] asked=[C:\Users\RUNNER~1\AppData\Local\Temp C:\Users\RUNNER~1\AppData\Local\Temp\wisp-126-tree-ownership-probe] refusal=""
2026-10-09T23:28:24.2207963Z --- PASS: TestSeamGuardRefusesACandidateWhoseSecondWitnessNamesAnotherVolume (0.00s)
2026-10-09T23:28:24.2208654Z === RUN   TestAC1DriveRelativeAndAbsoluteSpellingsNameTwoObjectsOnThisBox
2026-10-09T23:28:24.2209460Z === RUN   TestAC1DriveRelativeAndAbsoluteSpellingsNameTwoObjectsOnThisBox/on_the_volume_the_process_is_standing_on
2026-10-09T23:28:24.2210874Z     absoluteness_seam_landing_129_windows_test.go:168: AC#1 object reading: wd=D:\a\wisp\wisp\internal\winsec volume=D:
2026-10-09T23:28:24.2212340Z     absoluteness_seam_landing_129_windows_test.go:169: AC#1 object reading: drive-relative spelling "D:wisp129-dr-8576\\tree\\object.txt" reads "drive-relative"; absolute spelling "D:\\wisp129-dr-8576\\tree\\object.txt" reads "absolute"
2026-10-09T23:28:24.2213625Z     absoluteness_seam_landing_129_windows_test.go:176: icacls "D:wisp129-dr-8576\\tree\\object.txt"
2026-10-09T23:28:24.2214526Z         D:wisp129-dr-8576\tree\object.txt Everyone:(RX)
2026-10-09T23:28:24.2215573Z                                           BUILTIN\Administrators:(I)(F)
2026-10-09T23:28:24.2216609Z                                           NT AUTHORITY\SYSTEM:(I)(F)
2026-10-09T23:28:24.2217361Z                                           NT AUTHORITY\Authenticated Users:(I)(M)
2026-10-09T23:28:24.2218060Z                                           BUILTIN\Users:(I)(RX)
2026-10-09T23:28:24.2218438Z         
2026-10-09T23:28:24.2218859Z         Successfully processed 1 files; Failed processing 0 files
2026-10-09T23:28:24.2219531Z     absoluteness_seam_landing_129_windows_test.go:177: icacls "D:\\wisp129-dr-8576\\tree\\object.txt"
2026-10-09T23:28:24.2220233Z         D:\wisp129-dr-8576\tree\object.txt BUILTIN\Administrators:(I)(F)
2026-10-09T23:28:24.2221009Z                                            NT AUTHORITY\SYSTEM:(I)(F)
2026-10-09T23:28:24.2221810Z                                            NT AUTHORITY\Authenticated Users:(I)(M)
2026-10-09T23:28:24.2222491Z                                            BUILTIN\Users:(I)(RX)
2026-10-09T23:28:24.2222872Z         
2026-10-09T23:28:24.2223295Z         Successfully processed 1 files; Failed processing 0 files
2026-10-09T23:28:24.2224581Z     absoluteness_seam_landing_129_windows_test.go:178: AC#1 ACL reading: "D:wisp129-dr-8576\\tree\\object.txt" sids=[S-1-1-0 S-1-5-32-544 S-1-5-18 S-1-5-11 S-1-5-32-545] names=[Everyone BUILTIN\Administrators NT AUTHORITY\SYSTEM NT AUTHORITY\Authenticated Users BUILTIN\Users]
2026-10-09T23:28:24.2226341Z     absoluteness_seam_landing_129_windows_test.go:179: AC#1 ACL reading: "D:\\wisp129-dr-8576\\tree\\object.txt" sids=[S-1-5-32-544 S-1-5-18 S-1-5-11 S-1-5-32-545] names=[BUILTIN\Administrators NT AUTHORITY\SYSTEM NT AUTHORITY\Authenticated Users BUILTIN\Users]
2026-10-09T23:28:24.2228119Z     absoluteness_seam_landing_129_windows_test.go:196: AC#1 pipeline reading: ResolvePath("D:wisp129-dr-8576\\tree\\object.txt") = "D:\\a\\wisp\\wisp\\internal\\winsec\\wisp129-dr-8576\\tree\\object.txt" (drive-relative spelling names an object under "D:\\a\\wisp\\wisp\\internal\\winsec")
2026-10-09T23:28:24.2229390Z --- PASS: TestAC1DriveRelativeAndAbsoluteSpellingsNameTwoObjectsOnThisBox (3.03s)
2026-10-09T23:28:24.2230282Z     --- PASS: TestAC1DriveRelativeAndAbsoluteSpellingsNameTwoObjectsOnThisBox/on_the_volume_the_process_is_standing_on (3.03s)
2026-10-09T23:28:24.2231158Z === RUN   TestAC1SeamVouchesForTwoRealObjectsThatDifferOnlyInAbsoluteness
2026-10-09T23:28:24.2233125Z time=2026-10-09T23:28:20.904Z level=ERROR msg="winsec: refusing to install a path resolver into the sealing seam" resolver=*winsec_test.witness129 reason="it answered \"C:\\\\Users\\\\runneradmin\\\\AppData\\\\Local\\\\Temp\" and \"C:\\\\Users\\\\runneradmin\\\\AppData\\\\Local\\\\Temp\\\\wisp-108-tree-ownership-probe\" with the same single spelling \"D:\\\\wisp129-vouch-8576\\\\tree\", i.e. it does not resolve the tree the caller named at all" consequence="the incumbent resolver, or the built-in floor, stays in place"
2026-10-09T23:28:24.2236027Z     absoluteness_seam_landing_129_windows_test.go:236: AC#1 probe pair read off the guard's own asks: parent="C:\\Users\\runneradmin\\AppData\\Local\\Temp" child="C:\\Users\\runneradmin\\AppData\\Local\\Temp\\wisp-108-tree-ownership-probe" (absolute parent: true)
2026-10-09T23:28:24.2239770Z     absoluteness_seam_landing_129_windows_test.go:247: AC#1 real-object verdict: refusal="it answered \"C:\\\\Users\\\\runneradmin\\\\AppData\\\\Local\\\\Temp\\\\wisp-108-tree-ownership-probe\" with \"D:\\\\wisp129-vouch-8576\\\\tree\\\\leaf\", which is neither inside the tree \"D:wisp129-vouch-8576\\\\tree\" it answered for that path's own parent \"C:\\\\Users\\\\runneradmin\\\\AppData\\\\Local\\\\Temp\" nor inside the tree that answer names once the candidate is asked about it directly (\"D:\\\\wisp129-vouch-8576-unrelated\" for \"D:\\\\wisp129-vouch-8576\\\\tree\"): the seam may not be used to move a seal into another tree" asked=[C:\Users\runneradmin\AppData\Local\Temp C:\Users\runneradmin\AppData\Local\Temp\wisp-108-tree-ownership-probe D:\wisp129-vouch-8576\tree] (parent answer "D:wisp129-vouch-8576\\tree", child answer "D:\\wisp129-vouch-8576\\tree\\leaf")
2026-10-09T23:28:24.2242564Z --- PASS: TestAC1SeamVouchesForTwoRealObjectsThatDifferOnlyInAbsoluteness (0.00s)
2026-10-09T23:28:24.2243191Z === RUN   TestAC2NoSealEverActsOnAGloballyDifferentAbsoluteness
2026-10-09T23:28:24.2244855Z     absoluteness_seam_landing_129_windows_test.go:298: AC#2 reading: existing absolute file "C:\\Users\\RUNNER~1\\AppData\\Local\\Temp\\TestAC2NoSealEverActsOnAGloballyDifferentAbsoluteness4167822275\\001\\artifact.txt" answered "C:\\Users\\runneradmin\\AppData\\Local\\Temp\\TestAC2NoSealEverActsOnAGloballyDifferentAbsoluteness4167822275\\001\\artifact.txt" (absolute)
2026-10-09T23:28:24.2247470Z     absoluteness_seam_landing_129_windows_test.go:298: AC#2 reading: existing file, slash separators "C:/Users/RUNNER~1/AppData/Local/Temp/TestAC2NoSealEverActsOnAGloballyDifferentAbsoluteness4167822275/001/artifact.txt" answered "C:\\Users\\runneradmin\\AppData\\Local\\Temp\\TestAC2NoSealEverActsOnAGloballyDifferentAbsoluteness4167822275\\001\\artifact.txt" (absolute)
2026-10-09T23:28:24.2249382Z     absoluteness_seam_landing_129_windows_test.go:298: AC#2 reading: nonexistent absolute tail "D:\\wisp129-shape\\tree\\object.txt" answered "D:\\wisp129-shape\\tree\\object.txt" (absolute)
2026-10-09T23:28:24.2250761Z     absoluteness_seam_landing_129_windows_test.go:298: AC#2 reading: nonexistent drive-relative tail "D:wisp129-shape\\tree\\object.txt" answered "D:\\a\\wisp\\wisp\\internal\\winsec\\wisp129-shape\\tree\\object.txt" (absolute)
2026-10-09T23:28:24.2252962Z     absoluteness_seam_landing_129_windows_test.go:298: AC#2 reading: relative spelling, no volume at all "wisp129-shape\\tree\\object.txt" answered "D:\\a\\wisp\\wisp\\internal\\winsec\\wisp129-shape\\tree\\object.txt" (absolute)
2026-10-09T23:28:24.2254640Z --- PASS: TestAC2NoSealEverActsOnAGloballyDifferentAbsoluteness (0.00s)
2026-10-09T23:28:24.2255655Z === RUN   TestAC1SealLandsInAForeignTreeWhenTheSeamAdmittedAnAbsolutenessBlindCandidate
2026-10-09T23:28:24.2256464Z     absoluteness_seam_landing_129_windows_test.go:323: incumbent resolver on this machine: risk.c26Pipeline
2026-10-09T23:28:24.2257651Z     absoluteness_seam_landing_129_windows_test.go:332: icacls "C:\\Users\\RUNNER~1\\AppData\\Local\\Temp\\TestAC1SealLandsInAForeignTreeWhenTheSeamAdmittedAnAbsolutenessB1256308867\\001\\victim"
2026-10-09T23:28:24.2259401Z         C:\Users\RUNNER~1\AppData\Local\Temp\TestAC1SealLandsInAForeignTreeWhenTheSeamAdmittedAnAbsolutenessB1256308867\001\victim Everyone:(OI)(CI)(RX)
2026-10-09T23:28:24.2261954Z                                                                                                                                    NT AUTHORITY\SYSTEM:(OI)(CI)(F)
2026-10-09T23:28:24.2264386Z                                                                                                                                    BUILTIN\Administrators:(OI)(CI)(F)
2026-10-09T23:28:24.2266820Z                                                                                                                                    runnervmfi6oq\runneradmin:(OI)(CI)(F)
2026-10-09T23:28:24.2267276Z         
2026-10-09T23:28:24.2267725Z         Successfully processed 1 files; Failed processing 0 files
2026-10-09T23:28:24.2268860Z     absoluteness_seam_landing_129_windows_test.go:332: victim DACL before: sids=[S-1-1-0 S-1-5-18 S-1-5-32-544 S-1-5-21-1643835476-1616584234-1346609752-500] names=[Everyone NT AUTHORITY\SYSTEM BUILTIN\Administrators runnervmfi6oq\runneradmin]
2026-10-09T23:28:24.2270429Z     absoluteness_seam_landing_129_windows_test.go:334: icacls "C:\\Users\\RUNNER~1\\AppData\\Local\\Temp\\TestAC1SealLandsInAForeignTreeWhenTheSeamAdmittedAnAbsolutenessB1256308867\\001\\victim\\sub\\keep-me.txt"
2026-10-09T23:28:24.2271996Z         C:\Users\RUNNER~1\AppData\Local\Temp\TestAC1SealLandsInAForeignTreeWhenTheSeamAdmittedAnAbsolutenessB1256308867\001\victim\sub\keep-me.txt Everyone:(I)(RX)
2026-10-09T23:28:24.2275115Z                                                                                                                                                    BUILTIN\Administrators:(I)(F)
2026-10-09T23:28:24.2277781Z                                                                                                                                                    NT AUTHORITY\SYSTEM:(I)(F)
2026-10-09T23:28:24.2280720Z                                                                                                                                                    runnervmfi6oq\runneradmin:(I)(F)
2026-10-09T23:28:24.2281261Z         
2026-10-09T23:28:24.2281682Z         Successfully processed 1 files; Failed processing 0 files
2026-10-09T23:28:24.2282830Z     absoluteness_seam_landing_129_windows_test.go:335: AC#1 foreign file DACL before: sids=[S-1-1-0 S-1-5-32-544 S-1-5-18 S-1-5-21-1643835476-1616584234-1346609752-500] names=[Everyone BUILTIN\Administrators NT AUTHORITY\SYSTEM runnervmfi6oq\runneradmin]
2026-10-09T23:28:24.2284372Z     absoluteness_seam_landing_129_windows_test.go:344: icacls "C:\\Users\\RUNNER~1\\AppData\\Local\\Temp\\TestAC1SealLandsInAForeignTreeWhenTheSeamAdmittedAnAbsolutenessB1256308867\\002\\data\\blob.bin"
2026-10-09T23:28:24.2285735Z         C:\Users\RUNNER~1\AppData\Local\Temp\TestAC1SealLandsInAForeignTreeWhenTheSeamAdmittedAnAbsolutenessB1256308867\002\data\blob.bin Everyone:(RX)
2026-10-09T23:28:24.2288375Z                                                                                                                                           BUILTIN\Administrators:(F)
2026-10-09T23:28:24.2291658Z                                                                                                                                           NT AUTHORITY\SYSTEM:(F)
2026-10-09T23:28:24.2295581Z                                                                                                                                           runnervmfi6oq\runneradmin:(F)
2026-10-09T23:28:24.2296363Z         
2026-10-09T23:28:24.2297012Z         Successfully processed 1 files; Failed processing 0 files
2026-10-09T23:28:24.2298853Z     absoluteness_seam_landing_129_windows_test.go:344: our wide file blob.bin: sids=[S-1-1-0 S-1-5-32-544 S-1-5-18 S-1-5-21-1643835476-1616584234-1346609752-500] names=[Everyone BUILTIN\Administrators NT AUTHORITY\SYSTEM runnervmfi6oq\runneradmin]
2026-10-09T23:28:24.2301667Z     absoluteness_seam_landing_129_windows_test.go:345: icacls "C:\\Users\\RUNNER~1\\AppData\\Local\\Temp\\TestAC1SealLandsInAForeignTreeWhenTheSeamAdmittedAnAbsolutenessB1256308867\\002\\data\\blob.bin"
2026-10-09T23:28:24.2303563Z         C:\Users\RUNNER~1\AppData\Local\Temp\TestAC1SealLandsInAForeignTreeWhenTheSeamAdmittedAnAbsolutenessB1256308867\002\data\blob.bin Everyone:(RX)
2026-10-09T23:28:24.2307163Z                                                                                                                                           BUILTIN\Administrators:(F)
2026-10-09T23:28:24.2309566Z                                                                                                                                           NT AUTHORITY\SYSTEM:(F)
2026-10-09T23:28:24.2312103Z                                                                                                                                           runnervmfi6oq\runneradmin:(F)
2026-10-09T23:28:24.2312630Z         
2026-10-09T23:28:24.2313143Z         Successfully processed 1 files; Failed processing 0 files
2026-10-09T23:28:24.2317357Z     absoluteness_seam_landing_129_windows_test.go:346: AC#1 caller's own file DACL before: sids=[S-1-1-0 S-1-5-32-544 S-1-5-18 S-1-5-21-1643835476-1616584234-1346609752-500] names=[Everyone BUILTIN\Administrators NT AUTHORITY\SYSTEM runnervmfi6oq\runneradmin]
2026-10-09T23:28:24.2321959Z time=2026-10-09T23:28:21.273Z level=ERROR msg="winsec: refusing to install a path resolver into the sealing seam" resolver=*winsec_test.witness129 reason="it answered \"C:\\\\Users\\\\runneradmin\\\\AppData\\\\Local\\\\Temp\" and \"C:\\\\Users\\\\runneradmin\\\\AppData\\\\Local\\\\Temp\\\\wisp-108-tree-ownership-probe\" with the same single spelling \"C:\\\\Users\\\\RUNNER~1\\\\AppData\\\\Local\\\\Temp\\\\TestAC1SealLandsInAForeignTreeWhenTheSeamAdmittedAnAbsolutenessB1256308867\\\\001\\\\victim\\\\sub\\\\keep-me.txt\", i.e. it does not resolve the tree the caller named at all" consequence="the incumbent resolver, or the built-in floor, stays in place"
2026-10-09T23:28:24.2325157Z     absoluteness_seam_landing_129_windows_test.go:348: AC#1 probe pair read off the guard's own asks: parent="C:\\Users\\runneradmin\\AppData\\Local\\Temp" child="C:\\Users\\runneradmin\\AppData\\Local\\Temp\\wisp-108-tree-ownership-probe" (absolute parent: true)
2026-10-09T23:28:24.2327273Z     absoluteness_seam_landing_129_windows_test.go:373: AC#1 install attempt: seam now <floor>; asked=[C:\Users\runneradmin\AppData\Local\Temp C:\Users\runneradmin\AppData\Local\Temp\..\wisp-103-conformance-probe C:\Users\runneradmin\AppData\Local\Temp\wisp-108-tree-ownership-probe D:\wisp129-seam\moved-seal wisp103\conformance-probe]
2026-10-09T23:28:24.2331314Z     absoluteness_seam_landing_129_windows_test.go:383: AC#1 the candidate was refused; reason on record: time=2026-10-09T23:28:21.273Z level=ERROR msg="winsec: refusing to install a path resolver into the sealing seam" resolver=*winsec_test.witness129 reason="it answered \"C:\\\\Users\\\\runneradmin\\\\AppData\\\\Local\\\\Temp\\\\wisp-108-tree-ownership-probe\" with \"D:\\\\wisp129-seam\\\\moved-seal\\\\leaf\", which is neither inside the tree \"D:\\\\wisp129-seam\\\\probe-tree\" it answered for that path's own parent \"C:\\\\Users\\\\runneradmin\\\\AppData\\\\Local\\\\Temp\" nor inside the tree that answer names once the candidate is asked about it directly (\"D:wisp129-seam\\\\probe-tree\" for \"D:\\\\wisp129-seam\\\\moved-seal\"): the seam may not be used to move a seal into another tree" consequence="the incumbent resolver, or the built-in floor, stays in place"
2026-10-09T23:28:24.2337096Z     absoluteness_seam_landing_129_windows_test.go:389: AC#1 SealFile("C:\\Users\\RUNNER~1\\AppData\\Local\\Temp\\TestAC1SealLandsInAForeignTreeWhenTheSeamAdmittedAnAbsolutenessB1256308867\\002\\data\\blob.bin") -> <nil> (candidate admitted: false; seam <floor>)
2026-10-09T23:28:24.2340281Z     absoluteness_seam_landing_129_windows_test.go:390: icacls "C:\\Users\\RUNNER~1\\AppData\\Local\\Temp\\TestAC1SealLandsInAForeignTreeWhenTheSeamAdmittedAnAbsolutenessB1256308867\\001\\victim\\sub\\keep-me.txt"
2026-10-09T23:28:24.2342917Z         C:\Users\RUNNER~1\AppData\Local\Temp\TestAC1SealLandsInAForeignTreeWhenTheSeamAdmittedAnAbsolutenessB1256308867\001\victim\sub\keep-me.txt Everyone:(I)(RX)
2026-10-09T23:28:24.2347426Z                                                                                                                                                    BUILTIN\Administrators:(I)(F)
2026-10-09T23:28:24.2352884Z                                                                                                                                                    NT AUTHORITY\SYSTEM:(I)(F)
2026-10-09T23:28:24.2357538Z                                                                                                                                                    runnervmfi6oq\runneradmin:(I)(F)
2026-10-09T23:28:24.2358286Z         
2026-10-09T23:28:24.2358984Z         Successfully processed 1 files; Failed processing 0 files
2026-10-09T23:28:24.2360367Z     absoluteness_seam_landing_129_windows_test.go:391: icacls "C:\\Users\\RUNNER~1\\AppData\\Local\\Temp\\TestAC1SealLandsInAForeignTreeWhenTheSeamAdmittedAnAbsolutenessB1256308867\\002\\data\\blob.bin"
2026-10-09T23:28:24.2361878Z         C:\Users\RUNNER~1\AppData\Local\Temp\TestAC1SealLandsInAForeignTreeWhenTheSeamAdmittedAnAbsolutenessB1256308867\002\data\blob.bin NT AUTHORITY\SYSTEM:(F)
2026-10-09T23:28:24.2365586Z                                                                                                                                           BUILTIN\Administrators:(F)
2026-10-09T23:28:24.2369358Z                                                                                                                                           runnervmfi6oq\runneradmin:(F)
2026-10-09T23:28:24.2370140Z         
2026-10-09T23:28:24.2370796Z         Successfully processed 1 files; Failed processing 0 files
2026-10-09T23:28:24.2372973Z     absoluteness_seam_landing_129_windows_test.go:392: icacls "C:\\Users\\RUNNER~1\\AppData\\Local\\Temp\\TestAC1SealLandsInAForeignTreeWhenTheSeamAdmittedAnAbsolutenessB1256308867\\001\\victim"
2026-10-09T23:28:24.2375314Z         C:\Users\RUNNER~1\AppData\Local\Temp\TestAC1SealLandsInAForeignTreeWhenTheSeamAdmittedAnAbsolutenessB1256308867\001\victim Everyone:(OI)(CI)(RX)
2026-10-09T23:28:24.2380344Z                                                                                                                                    NT AUTHORITY\SYSTEM:(OI)(CI)(F)
2026-10-09T23:28:24.2384896Z                                                                                                                                    BUILTIN\Administrators:(OI)(CI)(F)
2026-10-09T23:28:24.2389543Z                                                                                                                                    runnervmfi6oq\runneradmin:(OI)(CI)(F)
2026-10-09T23:28:24.2390302Z         
2026-10-09T23:28:24.2390902Z         Successfully processed 1 files; Failed processing 0 files
2026-10-09T23:28:24.2392718Z     absoluteness_seam_landing_129_windows_test.go:393: AC#1 foreign file DACL after:  sids=[S-1-1-0 S-1-5-32-544 S-1-5-18 S-1-5-21-1643835476-1616584234-1346609752-500] names=[Everyone BUILTIN\Administrators NT AUTHORITY\SYSTEM runnervmfi6oq\runneradmin]
2026-10-09T23:28:24.2395568Z     absoluteness_seam_landing_129_windows_test.go:394: AC#1 caller's own file DACL after:  sids=[S-1-5-18 S-1-5-32-544 S-1-5-21-1643835476-1616584234-1346609752-500] names=[NT AUTHORITY\SYSTEM BUILTIN\Administrators runnervmfi6oq\runneradmin]
2026-10-09T23:28:24.2397968Z     absoluteness_seam_landing_129_windows_test.go:409: icacls "C:\\Users\\RUNNER~1\\AppData\\Local\\Temp\\TestAC1SealLandsInAForeignTreeWhenTheSeamAdmittedAnAbsolutenessB1256308867\\001\\victim\\sub\\keep-me.txt"
2026-10-09T23:28:24.2400342Z         C:\Users\RUNNER~1\AppData\Local\Temp\TestAC1SealLandsInAForeignTreeWhenTheSeamAdmittedAnAbsolutenessB1256308867\001\victim\sub\keep-me.txt Everyone:(I)(RX)
2026-10-09T23:28:24.2405147Z                                                                                                                                                    BUILTIN\Administrators:(I)(F)
2026-10-09T23:28:24.2409154Z                                                                                                                                                    NT AUTHORITY\SYSTEM:(I)(F)
2026-10-09T23:28:24.2413351Z                                                                                                                                                    runnervmfi6oq\runneradmin:(I)(F)
2026-10-09T23:28:24.2414014Z         
2026-10-09T23:28:24.2414481Z         Successfully processed 1 files; Failed processing 0 files
2026-10-09T23:28:24.2415482Z     absoluteness_seam_landing_129_windows_test.go:409: icacls(foreign) after:
2026-10-09T23:28:24.2416536Z         C:\Users\RUNNER~1\AppData\Local\Temp\TestAC1SealLandsInAForeignTreeWhenTheSeamAdmittedAnAbsolutenessB1256308867\001\victim\sub\keep-me.txt Everyone:(I)(RX)
2026-10-09T23:28:24.2419493Z                                                                                                                                                    BUILTIN\Administrators:(I)(F)
2026-10-09T23:28:24.2422251Z                                                                                                                                                    NT AUTHORITY\SYSTEM:(I)(F)
2026-10-09T23:28:24.2425016Z                                                                                                                                                    runnervmfi6oq\runneradmin:(I)(F)
2026-10-09T23:28:24.2425503Z         
2026-10-09T23:28:24.2425924Z         Successfully processed 1 files; Failed processing 0 files
2026-10-09T23:28:24.2427073Z     absoluteness_seam_landing_129_windows_test.go:410: icacls "C:\\Users\\RUNNER~1\\AppData\\Local\\Temp\\TestAC1SealLandsInAForeignTreeWhenTheSeamAdmittedAnAbsolutenessB1256308867\\002\\data\\blob.bin"
2026-10-09T23:28:24.2429216Z         C:\Users\RUNNER~1\AppData\Local\Temp\TestAC1SealLandsInAForeignTreeWhenTheSeamAdmittedAnAbsolutenessB1256308867\002\data\blob.bin NT AUTHORITY\SYSTEM:(F)
2026-10-09T23:28:24.2433149Z                                                                                                                                           BUILTIN\Administrators:(F)
2026-10-09T23:28:24.2437043Z                                                                                                                                           runnervmfi6oq\runneradmin:(F)
2026-10-09T23:28:24.2437746Z         
2026-10-09T23:28:24.2438391Z         Successfully processed 1 files; Failed processing 0 files
2026-10-09T23:28:24.2439224Z     absoluteness_seam_landing_129_windows_test.go:410: icacls(blob) after:
2026-10-09T23:28:24.2440851Z         C:\Users\RUNNER~1\AppData\Local\Temp\TestAC1SealLandsInAForeignTreeWhenTheSeamAdmittedAnAbsolutenessB1256308867\002\data\blob.bin NT AUTHORITY\SYSTEM:(F)
2026-10-09T23:28:24.2444731Z                                                                                                                                           BUILTIN\Administrators:(F)
2026-10-09T23:28:24.2448559Z                                                                                                                                           runnervmfi6oq\runneradmin:(F)
2026-10-09T23:28:24.2449336Z         
2026-10-09T23:28:24.2449981Z         Successfully processed 1 files; Failed processing 0 files
2026-10-09T23:28:24.2451021Z --- PASS: TestAC1SealLandsInAForeignTreeWhenTheSeamAdmittedAnAbsolutenessBlindCandidate (0.43s)
2026-10-09T23:28:24.2451985Z === RUN   TestAC1BaselineProductionPaths
2026-10-09T23:28:24.2452828Z     acl_windows_test.go:178: current user SID: S-1-5-21-1643835476-1616584234-1346609752-500
2026-10-09T23:28:24.2454308Z     acl_windows_test.go:197: icacls "C:\\Users\\RUNNER~1\\AppData\\Local\\Temp\\TestAC1BaselineProductionPaths3604480698\\001\\data\\artifacts\\artifact-89.txt"
2026-10-09T23:28:24.2456720Z         C:\Users\RUNNER~1\AppData\Local\Temp\TestAC1BaselineProductionPaths3604480698\001\data\artifacts\artifact-89.txt NT AUTHORITY\SYSTEM:(F)
2026-10-09T23:28:24.2460078Z                                                                                                                          BUILTIN\Administrators:(F)
2026-10-09T23:28:24.2463253Z                                                                                                                          runnervmfi6oq\runneradmin:(F)
2026-10-09T23:28:24.2463925Z         
2026-10-09T23:28:24.2464563Z         Successfully processed 1 files; Failed processing 0 files
2026-10-09T23:28:24.2465856Z     acl_windows_test.go:198: icacls "C:\\Users\\RUNNER~1\\AppData\\Local\\Temp\\TestAC1BaselineProductionPaths3604480698\\001\\data\\artifacts"
2026-10-09T23:28:24.2467573Z         C:\Users\RUNNER~1\AppData\Local\Temp\TestAC1BaselineProductionPaths3604480698\001\data\artifacts NT AUTHORITY\SYSTEM:(OI)(CI)(F)
2026-10-09T23:28:24.2470699Z                                                                                                          BUILTIN\Administrators:(OI)(CI)(F)
2026-10-09T23:28:24.2473366Z                                                                                                          runnervmfi6oq\runneradmin:(OI)(CI)(F)
2026-10-09T23:28:24.2474317Z         
2026-10-09T23:28:24.2474919Z         Successfully processed 1 files; Failed processing 0 files
2026-10-09T23:28:24.2476523Z     acl_windows_test.go:210: icacls "C:\\Users\\RUNNER~1\\AppData\\Local\\Temp\\TestAC1BaselineProductionPaths3604480698\\002\\data\\secrets"
2026-10-09T23:28:24.2478212Z         C:\Users\RUNNER~1\AppData\Local\Temp\TestAC1BaselineProductionPaths3604480698\002\data\secrets NT AUTHORITY\SYSTEM:(F)
2026-10-09T23:28:24.2480989Z                                                                                                        NT AUTHORITY\SYSTEM:(OI)(CI)(IO)(F)
2026-10-09T23:28:24.2483496Z                                                                                                        BUILTIN\Administrators:(F)
2026-10-09T23:28:24.2486189Z                                                                                                        BUILTIN\Administrators:(OI)(CI)(IO)(F)
2026-10-09T23:28:24.2488688Z                                                                                                        runnervmfi6oq\runneradmin:(F)
2026-10-09T23:28:24.2491559Z                                                                                                        runnervmfi6oq\runneradmin:(OI)(CI)(IO)(F)
2026-10-09T23:28:24.2492200Z         
2026-10-09T23:28:24.2492812Z         Successfully processed 1 files; Failed processing 0 files
2026-10-09T23:28:24.2494496Z     acl_windows_test.go:212: icacls "C:\\Users\\RUNNER~1\\AppData\\Local\\Temp\\TestAC1BaselineProductionPaths3604480698\\002\\data\\secrets\\baseline"
2026-10-09T23:28:24.2495966Z         C:\Users\RUNNER~1\AppData\Local\Temp\TestAC1BaselineProductionPaths3604480698\002\data\secrets\baseline NT AUTHORITY\SYSTEM:(F)
2026-10-09T23:28:24.2498857Z                                                                                                                 BUILTIN\Administrators:(F)
2026-10-09T23:28:24.2501693Z                                                                                                                 runnervmfi6oq\runneradmin:(F)
2026-10-09T23:28:24.2502185Z         
2026-10-09T23:28:24.2502628Z         Successfully processed 1 files; Failed processing 0 files
2026-10-09T23:28:24.2503620Z time=2026-10-09T23:28:21.415Z level=INFO msg="pre-migration backup written" component=memory backup=C:\Users\RUNNER~1\AppData\Local\Temp\TestAC1BaselineProductionPaths3604480698\003\data\backup\wisp.db.bak-0-1 from=0 to=1
2026-10-09T23:28:24.2504853Z time=2026-10-09T23:28:21.424Z level=INFO msg="schema migration step applied" component=memory from=0 to=1 started_at=2026-10-09T23:28:21Z duration_ms=9
2026-10-09T23:28:24.2506270Z time=2026-10-09T23:28:21.447Z level=INFO msg="pre-migration backup written" component=memory backup=C:\Users\RUNNER~1\AppData\Local\Temp\TestAC1BaselineProductionPaths3604480698\003\data\backup\wisp.db.bak-1-2 from=1 to=2
2026-10-09T23:28:24.2507512Z time=2026-10-09T23:28:21.454Z level=INFO msg="schema migration step applied" component=memory from=1 to=2 started_at=2026-10-09T23:28:21Z duration_ms=6
2026-10-09T23:28:24.2508667Z time=2026-10-09T23:28:21.470Z level=INFO msg="schema migration complete" component=memory schema_version=2
2026-10-09T23:28:24.2509548Z time=2026-10-09T23:28:21.471Z level=INFO msg="startup WAL checkpoint (TRUNCATE) done" component=memory wal_pages_before=0 pages_moved=0
2026-10-09T23:28:24.2510589Z     acl_windows_test.go:228: icacls "C:\\Users\\RUNNER~1\\AppData\\Local\\Temp\\TestAC1BaselineProductionPaths3604480698\\003\\data\\wisp.db"
2026-10-09T23:28:24.2511640Z         C:\Users\RUNNER~1\AppData\Local\Temp\TestAC1BaselineProductionPaths3604480698\003\data\wisp.db NT AUTHORITY\SYSTEM:(I)(F)
2026-10-09T23:28:24.2513894Z                                                                                                        BUILTIN\Administrators:(I)(F)
2026-10-09T23:28:24.2515664Z                                                                                                        runnervmfi6oq\runneradmin:(I)(F)
2026-10-09T23:28:24.2516218Z         
2026-10-09T23:28:24.2516806Z         Successfully processed 1 files; Failed processing 0 files
2026-10-09T23:28:24.2517983Z     acl_windows_test.go:228: icacls "C:\\Users\\RUNNER~1\\AppData\\Local\\Temp\\TestAC1BaselineProductionPaths3604480698\\003\\data\\wisp.db-wal"
2026-10-09T23:28:24.2519573Z         C:\Users\RUNNER~1\AppData\Local\Temp\TestAC1BaselineProductionPaths3604480698\003\data\wisp.db-wal NT AUTHORITY\SYSTEM:(I)(F)
2026-10-09T23:28:24.2522507Z                                                                                                            BUILTIN\Administrators:(I)(F)
2026-10-09T23:28:24.2525263Z                                                                                                            runnervmfi6oq\runneradmin:(I)(F)
2026-10-09T23:28:24.2525952Z         
2026-10-09T23:28:24.2526581Z         Successfully processed 1 files; Failed processing 0 files
2026-10-09T23:28:24.2527891Z     acl_windows_test.go:228: icacls "C:\\Users\\RUNNER~1\\AppData\\Local\\Temp\\TestAC1BaselineProductionPaths3604480698\\003\\data\\wisp.db-shm"
2026-10-09T23:28:24.2529570Z         C:\Users\RUNNER~1\AppData\Local\Temp\TestAC1BaselineProductionPaths3604480698\003\data\wisp.db-shm NT AUTHORITY\SYSTEM:(I)(F)
2026-10-09T23:28:24.2531860Z                                                                                                            BUILTIN\Administrators:(I)(F)
2026-10-09T23:28:24.2534689Z                                                                                                            runnervmfi6oq\runneradmin:(I)(F)
2026-10-09T23:28:24.2535166Z         
2026-10-09T23:28:24.2535601Z         Successfully processed 1 files; Failed processing 0 files
2026-10-09T23:28:24.2536451Z     acl_windows_test.go:251: icacls "C:\\Users\\RUNNER~1\\AppData\\Local\\Temp\\TestAC1BaselineProductionPaths3604480698\\002\\data\\staging"
2026-10-09T23:28:24.2537490Z         C:\Users\RUNNER~1\AppData\Local\Temp\TestAC1BaselineProductionPaths3604480698\002\data\staging NT AUTHORITY\SYSTEM:(I)(F)
2026-10-09T23:28:24.2539484Z                                                                                                        NT AUTHORITY\SYSTEM:(I)(OI)(CI)(IO)(F)
2026-10-09T23:28:24.2541236Z                                                                                                        BUILTIN\Administrators:(I)(F)
2026-10-09T23:28:24.2543062Z                                                                                                        BUILTIN\Administrators:(I)(OI)(CI)(IO)(F)
2026-10-09T23:28:24.2545355Z                                                                                                        runnervmfi6oq\runneradmin:(I)(F)
2026-10-09T23:28:24.2548541Z                                                                                                        runnervmfi6oq\runneradmin:(I)(OI)(CI)(IO)(F)
2026-10-09T23:28:24.2549283Z         
2026-10-09T23:28:24.2549916Z         Successfully processed 1 files; Failed processing 0 files
2026-10-09T23:28:24.2551008Z     acl_windows_test.go:252: icacls "C:\\Users\\RUNNER~1\\AppData\\Local\\Temp\\TestAC1BaselineProductionPaths3604480698\\002\\data\\staging\\model.bin"
2026-10-09T23:28:24.2552157Z         C:\Users\RUNNER~1\AppData\Local\Temp\TestAC1BaselineProductionPaths3604480698\002\data\staging\model.bin NT AUTHORITY\SYSTEM:(I)(F)
2026-10-09T23:28:24.2554892Z                                                                                                                  BUILTIN\Administrators:(I)(F)
2026-10-09T23:28:24.2556885Z                                                                                                                  runnervmfi6oq\runneradmin:(I)(F)
2026-10-09T23:28:24.2557355Z         
2026-10-09T23:28:24.2557789Z         Successfully processed 1 files; Failed processing 0 files
2026-10-09T23:28:24.2558339Z --- PASS: TestAC1BaselineProductionPaths (0.20s)
2026-10-09T23:28:24.2559014Z === RUN   TestAC1BaselineForeignACEPropagatesIntoModeOnlyWrites
2026-10-09T23:28:24.2560011Z     acl_windows_test.go:282: icacls "C:\\Users\\RUNNER~1\\AppData\\Local\\Temp\\TestAC1BaselineForeignACEPropagatesIntoModeOnlyWrites1054537325\\001\\data\\artifact.txt"
2026-10-09T23:28:24.2561296Z         C:\Users\RUNNER~1\AppData\Local\Temp\TestAC1BaselineForeignACEPropagatesIntoModeOnlyWrites1054537325\001\data\artifact.txt Everyone:(I)(RX)
2026-10-09T23:28:24.2563703Z                                                                                                                                    NT AUTHORITY\SYSTEM:(I)(F)
2026-10-09T23:28:24.2566027Z                                                                                                                                    BUILTIN\Administrators:(I)(F)
2026-10-09T23:28:24.2568461Z                                                                                                                                    runnervmfi6oq\runneradmin:(I)(F)
2026-10-09T23:28:24.2568949Z         
2026-10-09T23:28:24.2569396Z         Successfully processed 1 files; Failed processing 0 files
2026-10-09T23:28:24.2570023Z     acl_windows_test.go:287: baseline leak confirmed: artifact.txt carries foreign SID(s) S-1-1-0
2026-10-09T23:28:24.2570698Z --- PASS: TestAC1BaselineForeignACEPropagatesIntoModeOnlyWrites (0.03s)
2026-10-09T23:28:24.2571229Z === RUN   TestAC3SealedWritesCarryNoForeignSID
2026-10-09T23:28:24.2571759Z === RUN   TestAC3SealedWritesCarryNoForeignSID/artifact-exclusive
2026-10-09T23:28:24.2573259Z time=2026-10-09T23:28:21.576Z level=WARN msg="winsec: seal cleared principals that stood on this object" path=C:\Users\RUNNER~1\AppData\Local\Temp\TestAC3SealedWritesCarryNoForeignSID1972821038\001\data\artifact-exclusive kind=inherited cleared="" cleared_inherited=S-1-1-0(A;ID;0x1200a9;;;WD) policy="winsec owns the grants on this tree; out-of-band ACEs are removed at the next seal"
2026-10-09T23:28:24.2575368Z     acl_windows_test.go:319: icacls "C:\\Users\\RUNNER~1\\AppData\\Local\\Temp\\TestAC3SealedWritesCarryNoForeignSID1972821038\\001\\data\\artifact-exclusive"
2026-10-09T23:28:24.2576599Z         C:\Users\RUNNER~1\AppData\Local\Temp\TestAC3SealedWritesCarryNoForeignSID1972821038\001\data\artifact-exclusive NT AUTHORITY\SYSTEM:(F)
2026-10-09T23:28:24.2578779Z                                                                                                                         BUILTIN\Administrators:(F)
2026-10-09T23:28:24.2580880Z                                                                                                                         runnervmfi6oq\runneradmin:(F)
2026-10-09T23:28:24.2581346Z         
2026-10-09T23:28:24.2581767Z         Successfully processed 1 files; Failed processing 0 files
2026-10-09T23:28:24.2582425Z === RUN   TestAC3SealedWritesCarryNoForeignSID/secret-blob
2026-10-09T23:28:24.2583851Z time=2026-10-09T23:28:21.589Z level=WARN msg="winsec: seal cleared principals that stood on this object" path=C:\Users\RUNNER~1\AppData\Local\Temp\TestAC3SealedWritesCarryNoForeignSID1972821038\001\data\secret-blob kind=inherited cleared="" cleared_inherited=S-1-1-0(A;ID;0x1200a9;;;WD) policy="winsec owns the grants on this tree; out-of-band ACEs are removed at the next seal"
2026-10-09T23:28:24.2585716Z     acl_windows_test.go:319: icacls "C:\\Users\\RUNNER~1\\AppData\\Local\\Temp\\TestAC3SealedWritesCarryNoForeignSID1972821038\\001\\data\\secret-blob"
2026-10-09T23:28:24.2586881Z         C:\Users\RUNNER~1\AppData\Local\Temp\TestAC3SealedWritesCarryNoForeignSID1972821038\001\data\secret-blob NT AUTHORITY\SYSTEM:(F)
2026-10-09T23:28:24.2588978Z                                                                                                                  BUILTIN\Administrators:(F)
2026-10-09T23:28:24.2591481Z                                                                                                                  runnervmfi6oq\runneradmin:(F)
2026-10-09T23:28:24.2592191Z         
2026-10-09T23:28:24.2592755Z         Successfully processed 1 files; Failed processing 0 files
2026-10-09T23:28:24.2593698Z === RUN   TestAC3SealedWritesCarryNoForeignSID/staging-temp
2026-10-09T23:28:24.2595535Z time=2026-10-09T23:28:21.602Z level=WARN msg="winsec: seal cleared principals that stood on this object" path=C:\Users\RUNNER~1\AppData\Local\Temp\TestAC3SealedWritesCarryNoForeignSID1972821038\001\data\staging-temp kind=inherited cleared="" cleared_inherited=S-1-1-0(A;ID;0x1200a9;;;WD) policy="winsec owns the grants on this tree; out-of-band ACEs are removed at the next seal"
2026-10-09T23:28:24.2597368Z     acl_windows_test.go:319: icacls "C:\\Users\\RUNNER~1\\AppData\\Local\\Temp\\TestAC3SealedWritesCarryNoForeignSID1972821038\\001\\data\\staging-temp"
2026-10-09T23:28:24.2598497Z         C:\Users\RUNNER~1\AppData\Local\Temp\TestAC3SealedWritesCarryNoForeignSID1972821038\001\data\staging-temp NT AUTHORITY\SYSTEM:(F)
2026-10-09T23:28:24.2600736Z                                                                                                                   BUILTIN\Administrators:(F)
2026-10-09T23:28:24.2602732Z                                                                                                                   runnervmfi6oq\runneradmin:(F)
2026-10-09T23:28:24.2603173Z         
2026-10-09T23:28:24.2603633Z         Successfully processed 1 files; Failed processing 0 files
2026-10-09T23:28:24.2604115Z --- PASS: TestAC3SealedWritesCarryNoForeignSID (0.05s)
2026-10-09T23:28:24.2604701Z     --- PASS: TestAC3SealedWritesCarryNoForeignSID/artifact-exclusive (0.01s)
2026-10-09T23:28:24.2605365Z     --- PASS: TestAC3SealedWritesCarryNoForeignSID/secret-blob (0.01s)
2026-10-09T23:28:24.2606097Z     --- PASS: TestAC3SealedWritesCarryNoForeignSID/staging-temp (0.01s)
2026-10-09T23:28:24.2606703Z === RUN   TestAC2SealedDirCoversFilesItNeverTouched
2026-10-09T23:28:24.2607939Z     acl_windows_test.go:337: icacls "C:\\Users\\RUNNER~1\\AppData\\Local\\Temp\\TestAC2SealedDirCoversFilesItNeverTouched2210129004\\001\\data"
2026-10-09T23:28:24.2609122Z         C:\Users\RUNNER~1\AppData\Local\Temp\TestAC2SealedDirCoversFilesItNeverTouched2210129004\001\data NT AUTHORITY\SYSTEM:(F)
2026-10-09T23:28:24.2611326Z                                                                                                           NT AUTHORITY\SYSTEM:(OI)(CI)(IO)(F)
2026-10-09T23:28:24.2613118Z                                                                                                           BUILTIN\Administrators:(F)
2026-10-09T23:28:24.2615246Z                                                                                                           BUILTIN\Administrators:(OI)(CI)(IO)(F)
2026-10-09T23:28:24.2618023Z                                                                                                           runnervmfi6oq\runneradmin:(F)
2026-10-09T23:28:24.2620805Z                                                                                                           runnervmfi6oq\runneradmin:(OI)(CI)(IO)(F)
2026-10-09T23:28:24.2621475Z         
2026-10-09T23:28:24.2622119Z         Successfully processed 1 files; Failed processing 0 files
2026-10-09T23:28:24.2623548Z     acl_windows_test.go:355: icacls "C:\\Users\\RUNNER~1\\AppData\\Local\\Temp\\TestAC2SealedDirCoversFilesItNeverTouched2210129004\\001\\data\\sqlite-like-sidecar.tmp"
2026-10-09T23:28:24.2625538Z         C:\Users\RUNNER~1\AppData\Local\Temp\TestAC2SealedDirCoversFilesItNeverTouched2210129004\001\data\sqlite-like-sidecar.tmp NT AUTHORITY\SYSTEM:(I)(F)
2026-10-09T23:28:24.2629363Z                                                                                                                                   BUILTIN\Administrators:(I)(F)
2026-10-09T23:28:24.2631716Z                                                                                                                                   runnervmfi6oq\runneradmin:(I)(F)
2026-10-09T23:28:24.2632185Z         
2026-10-09T23:28:24.2632626Z         Successfully processed 1 files; Failed processing 0 files
2026-10-09T23:28:24.2634752Z time=2026-10-09T23:28:21.654Z level=WARN msg="winsec: seal cleared principals that stood on this object" path=C:\Users\runneradmin\AppData\Local\Temp\TestAC2SealedDirCoversFilesItNeverTouched2210129004\001\data\artifacts kind=explicit cleared=S-1-1-0(A;OICI;0x1200a9;;;WD) cleared_inherited="" policy="winsec owns the grants on this tree; out-of-band ACEs are removed at the next seal"
2026-10-09T23:28:24.2636583Z     acl_windows_test.go:371: icacls "C:\\Users\\RUNNER~1\\AppData\\Local\\Temp\\TestAC2SealedDirCoversFilesItNeverTouched2210129004\\001\\data\\artifacts"
2026-10-09T23:28:24.2637741Z         C:\Users\RUNNER~1\AppData\Local\Temp\TestAC2SealedDirCoversFilesItNeverTouched2210129004\001\data\artifacts NT AUTHORITY\SYSTEM:(F)
2026-10-09T23:28:24.2639939Z                                                                                                                     NT AUTHORITY\SYSTEM:(OI)(CI)(IO)(F)
2026-10-09T23:28:24.2642186Z                                                                                                                     BUILTIN\Administrators:(F)
2026-10-09T23:28:24.2644474Z                                                                                                                     BUILTIN\Administrators:(OI)(CI)(IO)(F)
2026-10-09T23:28:24.2647150Z                                                                                                                     runnervmfi6oq\runneradmin:(F)
2026-10-09T23:28:24.2649674Z                                                                                                                     runnervmfi6oq\runneradmin:(OI)(CI)(IO)(F)
2026-10-09T23:28:24.2650134Z         
2026-10-09T23:28:24.2651761Z         Successfully processed 1 files; Failed processing 0 files
2026-10-09T23:28:24.2653568Z     acl_windows_test.go:372: icacls "C:\\Users\\RUNNER~1\\AppData\\Local\\Temp\\TestAC2SealedDirCoversFilesItNeverTouched2210129004\\001\\data\\artifacts\\by-someone-else.txt"
2026-10-09T23:28:24.2655850Z         C:\Users\RUNNER~1\AppData\Local\Temp\TestAC2SealedDirCoversFilesItNeverTouched2210129004\001\data\artifacts\by-someone-else.txt NT AUTHORITY\SYSTEM:(F)
2026-10-09T23:28:24.2660354Z                                                                                                                                         BUILTIN\Administrators:(F)
2026-10-09T23:28:24.2663929Z                                                                                                                                         runnervmfi6oq\runneradmin:(F)
2026-10-09T23:28:24.2664786Z         
2026-10-09T23:28:24.2665397Z         Successfully processed 1 files; Failed processing 0 files
2026-10-09T23:28:24.2667073Z     acl_windows_test.go:378: icacls "C:\\Users\\RUNNER~1\\AppData\\Local\\Temp\\TestAC2SealedDirCoversFilesItNeverTouched2210129004\\001\\data\\artifacts\\by-someone-else.txt"
2026-10-09T23:28:24.2669174Z         C:\Users\RUNNER~1\AppData\Local\Temp\TestAC2SealedDirCoversFilesItNeverTouched2210129004\001\data\artifacts\by-someone-else.txt NT AUTHORITY\SYSTEM:(F)
2026-10-09T23:28:24.2673658Z                                                                                                                                         BUILTIN\Administrators:(F)
2026-10-09T23:28:24.2677391Z                                                                                                                                         runnervmfi6oq\runneradmin:(F)
2026-10-09T23:28:24.2678126Z         
2026-10-09T23:28:24.2678740Z         Successfully processed 1 files; Failed processing 0 files
2026-10-09T23:28:24.2679552Z --- PASS: TestAC2SealedDirCoversFilesItNeverTouched (0.08s)
2026-10-09T23:28:24.2680344Z === RUN   TestAC2SealDirNarrowsChildrenThatCarryTheirOwnExplicitACEs
2026-10-09T23:28:24.2681825Z     acl_windows_test.go:403: icacls "C:\\Users\\RUNNER~1\\AppData\\Local\\Temp\\TestAC2SealDirNarrowsChildrenThatCarryTheirOwnExplicitACEs143834559\\001\\data"
2026-10-09T23:28:24.2683845Z         C:\Users\RUNNER~1\AppData\Local\Temp\TestAC2SealDirNarrowsChildrenThatCarryTheirOwnExplicitACEs143834559\001\data NT AUTHORITY\SYSTEM:(F)
2026-10-09T23:28:24.2687685Z                                                                                                                           NT AUTHORITY\SYSTEM:(OI)(CI)(IO)(F)
2026-10-09T23:28:24.2691038Z                                                                                                                           BUILTIN\Administrators:(F)
2026-10-09T23:28:24.2694404Z                                                                                                                           BUILTIN\Administrators:(OI)(CI)(IO)(F)
2026-10-09T23:28:24.2697656Z                                                                                                                           runnervmfi6oq\runneradmin:(F)
2026-10-09T23:28:24.2700978Z                                                                                                                           runnervmfi6oq\runneradmin:(OI)(CI)(IO)(F)
2026-10-09T23:28:24.2701677Z         
2026-10-09T23:28:24.2702478Z         Successfully processed 1 files; Failed processing 0 files
2026-10-09T23:28:24.2703542Z     acl_windows_test.go:442: icacls "C:\\Users\\RUNNER~1\\AppData\\Local\\Temp\\TestAC2SealDirNarrowsChildrenThatCarryTheirOwnExplicitACEs143834559\\001\\data\\operator-widened-file.txt"
2026-10-09T23:28:24.2706263Z         C:\Users\RUNNER~1\AppData\Local\Temp\TestAC2SealDirNarrowsChildrenThatCarryTheirOwnExplicitACEs143834559\001\data\operator-widened-file.txt Everyone:(RX)
2026-10-09T23:28:24.2709784Z                                                                                                                                                     Everyone:(I)(RX)
2026-10-09T23:28:24.2712732Z                                                                                                                                                     NT AUTHORITY\SYSTEM:(I)(F)
2026-10-09T23:28:24.2715478Z                                                                                                                                                     BUILTIN\Administrators:(I)(F)
2026-10-09T23:28:24.2718246Z                                                                                                                                                     runnervmfi6oq\runneradmin:(I)(F)
2026-10-09T23:28:24.2718749Z         
2026-10-09T23:28:24.2719245Z         Successfully processed 1 files; Failed processing 0 files
2026-10-09T23:28:24.2720246Z     acl_windows_test.go:442: icacls "C:\\Users\\RUNNER~1\\AppData\\Local\\Temp\\TestAC2SealDirNarrowsChildrenThatCarryTheirOwnExplicitACEs143834559\\001\\data\\operator-widened-dir"
2026-10-09T23:28:24.2721831Z         C:\Users\RUNNER~1\AppData\Local\Temp\TestAC2SealDirNarrowsChildrenThatCarryTheirOwnExplicitACEs143834559\001\data\operator-widened-dir Everyone:(OI)(CI)(RX)
2026-10-09T23:28:24.2724513Z                                                                                                                                                Everyone:(I)(OI)(CI)(RX)
2026-10-09T23:28:24.2726976Z                                                                                                                                                NT AUTHORITY\SYSTEM:(I)(F)
2026-10-09T23:28:24.2729696Z                                                                                                                                                NT AUTHORITY\SYSTEM:(I)(OI)(CI)(IO)(F)
2026-10-09T23:28:24.2732368Z                                                                                                                                                BUILTIN\Administrators:(I)(F)
2026-10-09T23:28:24.2735479Z                                                                                                                                                BUILTIN\Administrators:(I)(OI)(CI)(IO)(F)
2026-10-09T23:28:24.2738056Z                                                                                                                                                runnervmfi6oq\runneradmin:(I)(F)
2026-10-09T23:28:24.2742350Z                                                                                                                                                runnervmfi6oq\runneradmin:(I)(OI)(CI)(IO)(F)
2026-10-09T23:28:24.2743246Z         
2026-10-09T23:28:24.2743819Z         Successfully processed 1 files; Failed processing 0 files
2026-10-09T23:28:24.2745384Z     acl_windows_test.go:442: icacls "C:\\Users\\RUNNER~1\\AppData\\Local\\Temp\\TestAC2SealDirNarrowsChildrenThatCarryTheirOwnExplicitACEs143834559\\001\\data\\operator-widened-dir\\inside.txt"
2026-10-09T23:28:24.2747644Z         C:\Users\RUNNER~1\AppData\Local\Temp\TestAC2SealDirNarrowsChildrenThatCarryTheirOwnExplicitACEs143834559\001\data\operator-widened-dir\inside.txt Everyone:(I)(RX)
2026-10-09T23:28:24.2751995Z                                                                                                                                                           NT AUTHORITY\SYSTEM:(I)(F)
2026-10-09T23:28:24.2755469Z                                                                                                                                                           BUILTIN\Administrators:(I)(F)
2026-10-09T23:28:24.2759823Z                                                                                                                                                           runnervmfi6oq\runneradmin:(I)(F)
2026-10-09T23:28:24.2760604Z         
2026-10-09T23:28:24.2761218Z         Successfully processed 1 files; Failed processing 0 files
2026-10-09T23:28:24.2763479Z time=2026-10-09T23:28:21.782Z level=WARN msg="winsec: seal cleared principals that stood on this object" path=C:\Users\runneradmin\AppData\Local\Temp\TestAC2SealDirNarrowsChildrenThatCarryTheirOwnExplicitACEs143834559\001\data kind=explicit cleared=S-1-1-0(A;OICI;0x1200a9;;;WD) cleared_inherited="" policy="winsec owns the grants on this tree; out-of-band ACEs are removed at the next seal"
2026-10-09T23:28:24.2767367Z time=2026-10-09T23:28:21.783Z level=WARN msg="winsec: seal cleared principals that stood on this object" path=C:\Users\runneradmin\AppData\Local\Temp\TestAC2SealDirNarrowsChildrenThatCarryTheirOwnExplicitACEs143834559\001\data\operator-widened-dir kind=explicit cleared=S-1-1-0(A;OICI;0x1200a9;;;WD) cleared_inherited="" policy="winsec owns the grants on this tree; out-of-band ACEs are removed at the next seal"
2026-10-09T23:28:24.2771661Z time=2026-10-09T23:28:21.783Z level=WARN msg="winsec: seal cleared principals that stood on this object" path=C:\Users\runneradmin\AppData\Local\Temp\TestAC2SealDirNarrowsChildrenThatCarryTheirOwnExplicitACEs143834559\001\data\operator-widened-file.txt kind=explicit cleared=S-1-1-0(A;;0x1200a9;;;WD) cleared_inherited="" policy="winsec owns the grants on this tree; out-of-band ACEs are removed at the next seal"
2026-10-09T23:28:24.2775212Z     acl_windows_test.go:454: icacls "C:\\Users\\RUNNER~1\\AppData\\Local\\Temp\\TestAC2SealDirNarrowsChildrenThatCarryTheirOwnExplicitACEs143834559\\001\\data\\operator-widened-file.txt"
2026-10-09T23:28:24.2777424Z         C:\Users\RUNNER~1\AppData\Local\Temp\TestAC2SealDirNarrowsChildrenThatCarryTheirOwnExplicitACEs143834559\001\data\operator-widened-file.txt NT AUTHORITY\SYSTEM:(F)
2026-10-09T23:28:24.2781805Z                                                                                                                                                     BUILTIN\Administrators:(F)
2026-10-09T23:28:24.2785764Z                                                                                                                                                     runnervmfi6oq\runneradmin:(F)
2026-10-09T23:28:24.2786498Z         
2026-10-09T23:28:24.2787147Z         Successfully processed 1 files; Failed processing 0 files
2026-10-09T23:28:24.2788652Z     acl_windows_test.go:455: icacls "C:\\Users\\RUNNER~1\\AppData\\Local\\Temp\\TestAC2SealDirNarrowsChildrenThatCarryTheirOwnExplicitACEs143834559\\001\\data\\operator-widened-file.txt"
2026-10-09T23:28:24.2791945Z         C:\Users\RUNNER~1\AppData\Local\Temp\TestAC2SealDirNarrowsChildrenThatCarryTheirOwnExplicitACEs143834559\001\data\operator-widened-file.txt NT AUTHORITY\SYSTEM:(F)
2026-10-09T23:28:24.2795904Z                                                                                                                                                     BUILTIN\Administrators:(F)
2026-10-09T23:28:24.2798890Z                                                                                                                                                     runnervmfi6oq\runneradmin:(F)
2026-10-09T23:28:24.2799395Z         
2026-10-09T23:28:24.2799837Z         Successfully processed 1 files; Failed processing 0 files
2026-10-09T23:28:24.2800854Z     acl_windows_test.go:454: icacls "C:\\Users\\RUNNER~1\\AppData\\Local\\Temp\\TestAC2SealDirNarrowsChildrenThatCarryTheirOwnExplicitACEs143834559\\001\\data\\operator-widened-dir"
2026-10-09T23:28:24.2802287Z         C:\Users\RUNNER~1\AppData\Local\Temp\TestAC2SealDirNarrowsChildrenThatCarryTheirOwnExplicitACEs143834559\001\data\operator-widened-dir NT AUTHORITY\SYSTEM:(F)
2026-10-09T23:28:24.2805180Z                                                                                                                                                NT AUTHORITY\SYSTEM:(OI)(CI)(IO)(F)
2026-10-09T23:28:24.2807599Z                                                                                                                                                BUILTIN\Administrators:(F)
2026-10-09T23:28:24.2812616Z                                                                                                                                                BUILTIN\Administrators:(OI)(CI)(IO)(F)
2026-10-09T23:28:24.2816052Z                                                                                                                                                runnervmfi6oq\runneradmin:(F)
2026-10-09T23:28:24.2820989Z                                                                                                                                                runnervmfi6oq\runneradmin:(OI)(CI)(IO)(F)
2026-10-09T23:28:24.2821764Z         
2026-10-09T23:28:24.2822401Z         Successfully processed 1 files; Failed processing 0 files
2026-10-09T23:28:24.2823887Z     acl_windows_test.go:455: icacls "C:\\Users\\RUNNER~1\\AppData\\Local\\Temp\\TestAC2SealDirNarrowsChildrenThatCarryTheirOwnExplicitACEs143834559\\001\\data\\operator-widened-dir"
2026-10-09T23:28:24.2825954Z         C:\Users\RUNNER~1\AppData\Local\Temp\TestAC2SealDirNarrowsChildrenThatCarryTheirOwnExplicitACEs143834559\001\data\operator-widened-dir NT AUTHORITY\SYSTEM:(F)
2026-10-09T23:28:24.2830344Z                                                                                                                                                NT AUTHORITY\SYSTEM:(OI)(CI)(IO)(F)
2026-10-09T23:28:24.2833232Z                                                                                                                                                BUILTIN\Administrators:(F)
2026-10-09T23:28:24.2837235Z                                                                                                                                                BUILTIN\Administrators:(OI)(CI)(IO)(F)
2026-10-09T23:28:24.2839818Z                                                                                                                                                runnervmfi6oq\runneradmin:(F)
2026-10-09T23:28:24.2842683Z                                                                                                                                                runnervmfi6oq\runneradmin:(OI)(CI)(IO)(F)
2026-10-09T23:28:24.2843229Z         
2026-10-09T23:28:24.2843701Z         Successfully processed 1 files; Failed processing 0 files
2026-10-09T23:28:24.2844741Z     acl_windows_test.go:454: icacls "C:\\Users\\RUNNER~1\\AppData\\Local\\Temp\\TestAC2SealDirNarrowsChildrenThatCarryTheirOwnExplicitACEs143834559\\001\\data\\operator-widened-dir\\inside.txt"
2026-10-09T23:28:24.2846313Z         C:\Users\RUNNER~1\AppData\Local\Temp\TestAC2SealDirNarrowsChildrenThatCarryTheirOwnExplicitACEs143834559\001\data\operator-widened-dir\inside.txt NT AUTHORITY\SYSTEM:(F)
2026-10-09T23:28:24.2849290Z                                                                                                                                                           BUILTIN\Administrators:(F)
2026-10-09T23:28:24.2852417Z                                                                                                                                                           runnervmfi6oq\runneradmin:(F)
2026-10-09T23:28:24.2852897Z         
2026-10-09T23:28:24.2853351Z         Successfully processed 1 files; Failed processing 0 files
2026-10-09T23:28:24.2854354Z     acl_windows_test.go:455: icacls "C:\\Users\\RUNNER~1\\AppData\\Local\\Temp\\TestAC2SealDirNarrowsChildrenThatCarryTheirOwnExplicitACEs143834559\\001\\data\\operator-widened-dir\\inside.txt"
2026-10-09T23:28:24.2855790Z         C:\Users\RUNNER~1\AppData\Local\Temp\TestAC2SealDirNarrowsChildrenThatCarryTheirOwnExplicitACEs143834559\001\data\operator-widened-dir\inside.txt NT AUTHORITY\SYSTEM:(F)
2026-10-09T23:28:24.2858771Z                                                                                                                                                           BUILTIN\Administrators:(F)
2026-10-09T23:28:24.2861565Z                                                                                                                                                           runnervmfi6oq\runneradmin:(F)
2026-10-09T23:28:24.2862062Z         
2026-10-09T23:28:24.2862477Z         Successfully processed 1 files; Failed processing 0 files
2026-10-09T23:28:24.2863536Z     acl_windows_test.go:457: boundary check: inherits-only.txt holds only an *inherited* copy of the root's grant, so the OS recomputed it without the walk - this leg discriminates nothing, see the comment above
2026-10-09T23:28:24.2864490Z --- PASS: TestAC2SealDirNarrowsChildrenThatCarryTheirOwnExplicitACEs (0.16s)
2026-10-09T23:28:24.2865001Z === RUN   TestAC2MigrationBackupIsPrivate
2026-10-09T23:28:24.2865854Z     migrate_windows_test.go:80: icacls "C:\\Users\\RUNNER~1\\AppData\\Local\\Temp\\TestAC2MigrationBackupIsPrivate3304673214\\001\\root\\config.toml"
2026-10-09T23:28:24.2866875Z         C:\Users\RUNNER~1\AppData\Local\Temp\TestAC2MigrationBackupIsPrivate3304673214\001\root\config.toml Everyone:(I)(RX)
2026-10-09T23:28:24.2868726Z                                                                                                             NT AUTHORITY\SYSTEM:(I)(F)
2026-10-09T23:28:24.2870592Z                                                                                                             BUILTIN\Administrators:(I)(F)
2026-10-09T23:28:24.2872608Z                                                                                                             runnervmfi6oq\runneradmin:(I)(F)
2026-10-09T23:28:24.2873130Z         
2026-10-09T23:28:24.2873549Z         Successfully processed 1 files; Failed processing 0 files
2026-10-09T23:28:24.2874162Z     migrate_windows_test.go:80: BEFORE seal, config.toml carries foreign SID(s) S-1-1-0
2026-10-09T23:28:24.2875622Z time=2026-10-09T23:28:21.883Z level=WARN msg="winsec: seal cleared principals that stood on this object" path=C:\Users\RUNNER~1\AppData\Local\Temp\TestAC2MigrationBackupIsPrivate3304673214\001\root\secrets kind=inherited cleared="" cleared_inherited=S-1-1-0(A;OICIID;0x1200a9;;;WD) policy="winsec owns the grants on this tree; out-of-band ACEs are removed at the next seal"
2026-10-09T23:28:24.2877880Z time=2026-10-09T23:28:21.886Z level=WARN msg="winsec: seal cleared principals that stood on this object" path=C:\Users\RUNNER~1\AppData\Local\Temp\TestAC2MigrationBackupIsPrivate3304673214\001\root\config.toml.bak-plaintext kind=inherited cleared="" cleared_inherited=S-1-1-0(A;ID;0x1200a9;;;WD) policy="winsec owns the grants on this tree; out-of-band ACEs are removed at the next seal"
2026-10-09T23:28:24.2880306Z time=2026-10-09T23:28:21.889Z level=WARN msg="winsec: seal cleared principals that stood on this object" path=C:\Users\RUNNER~1\AppData\Local\Temp\TestAC2MigrationBackupIsPrivate3304673214\001\root\config.toml.migrate-tmp kind=inherited cleared="" cleared_inherited=S-1-1-0(A;ID;0x1200a9;;;WD) policy="winsec owns the grants on this tree; out-of-band ACEs are removed at the next seal"
2026-10-09T23:28:24.2882705Z time=2026-10-09T23:28:21.890Z level=WARN msg="plaintext api_key migrated to DPAPI-protected references (D33)" config=C:\Users\RUNNER~1\AppData\Local\Temp\TestAC2MigrationBackupIsPrivate3304673214\001\root\config.toml fields=2 paths=llm.providers.openai.api_key,voice.realtime.api_key backup=C:\Users\RUNNER~1\AppData\Local\Temp\TestAC2MigrationBackupIsPrivate3304673214\001\root\config.toml.bak-plaintext
2026-10-09T23:28:24.2884560Z     migrate_windows_test.go:91: icacls "C:\\Users\\RUNNER~1\\AppData\\Local\\Temp\\TestAC2MigrationBackupIsPrivate3304673214\\001\\root\\config.toml.bak-plaintext"
2026-10-09T23:28:24.2885770Z         C:\Users\RUNNER~1\AppData\Local\Temp\TestAC2MigrationBackupIsPrivate3304673214\001\root\config.toml.bak-plaintext NT AUTHORITY\SYSTEM:(F)
2026-10-09T23:28:24.2887907Z                                                                                                                           BUILTIN\Administrators:(F)
2026-10-09T23:28:24.2889967Z                                                                                                                           runnervmfi6oq\runneradmin:(F)
2026-10-09T23:28:24.2890407Z         
2026-10-09T23:28:24.2890834Z         Successfully processed 1 files; Failed processing 0 files
2026-10-09T23:28:24.2891973Z     migrate_windows_test.go:92: icacls "C:\\Users\\RUNNER~1\\AppData\\Local\\Temp\\TestAC2MigrationBackupIsPrivate3304673214\\001\\root\\config.toml.bak-plaintext"
2026-10-09T23:28:24.2893171Z         C:\Users\RUNNER~1\AppData\Local\Temp\TestAC2MigrationBackupIsPrivate3304673214\001\root\config.toml.bak-plaintext NT AUTHORITY\SYSTEM:(F)
2026-10-09T23:28:24.2895378Z                                                                                                                           BUILTIN\Administrators:(F)
2026-10-09T23:28:24.2897405Z                                                                                                                           runnervmfi6oq\runneradmin:(F)
2026-10-09T23:28:24.2897860Z         
2026-10-09T23:28:24.2898284Z         Successfully processed 1 files; Failed processing 0 files
2026-10-09T23:28:24.2899081Z     migrate_windows_test.go:101: icacls "C:\\Users\\RUNNER~1\\AppData\\Local\\Temp\\TestAC2MigrationBackupIsPrivate3304673214\\001\\root\\config.toml"
2026-10-09T23:28:24.2900310Z         C:\Users\RUNNER~1\AppData\Local\Temp\TestAC2MigrationBackupIsPrivate3304673214\001\root\config.toml NT AUTHORITY\SYSTEM:(F)
2026-10-09T23:28:24.2902178Z                                                                                                             BUILTIN\Administrators:(F)
2026-10-09T23:28:24.2903945Z                                                                                                             runnervmfi6oq\runneradmin:(F)
2026-10-09T23:28:24.2904375Z         
2026-10-09T23:28:24.2904769Z         Successfully processed 1 files; Failed processing 0 files
2026-10-09T23:28:24.2905577Z     migrate_windows_test.go:104: icacls "C:\\Users\\RUNNER~1\\AppData\\Local\\Temp\\TestAC2MigrationBackupIsPrivate3304673214\\001\\root\\secrets"
2026-10-09T23:28:24.2906728Z         C:\Users\RUNNER~1\AppData\Local\Temp\TestAC2MigrationBackupIsPrivate3304673214\001\root\secrets NT AUTHORITY\SYSTEM:(F)
2026-10-09T23:28:24.2908612Z                                                                                                         NT AUTHORITY\SYSTEM:(OI)(CI)(IO)(F)
2026-10-09T23:28:24.2910193Z                                                                                                         BUILTIN\Administrators:(F)
2026-10-09T23:28:24.2912297Z                                                                                                         BUILTIN\Administrators:(OI)(CI)(IO)(F)
2026-10-09T23:28:24.2913990Z                                                                                                         runnervmfi6oq\runneradmin:(F)
2026-10-09T23:28:24.2915801Z                                                                                                         runnervmfi6oq\runneradmin:(OI)(CI)(IO)(F)
2026-10-09T23:28:24.2916294Z         
2026-10-09T23:28:24.2916716Z         Successfully processed 1 files; Failed processing 0 files
2026-10-09T23:28:24.2917611Z     migrate_windows_test.go:104: icacls "C:\\Users\\RUNNER~1\\AppData\\Local\\Temp\\TestAC2MigrationBackupIsPrivate3304673214\\001\\root\\secrets\\llm.providers.openai.api_key"
2026-10-09T23:28:24.2918870Z         C:\Users\RUNNER~1\AppData\Local\Temp\TestAC2MigrationBackupIsPrivate3304673214\001\root\secrets\llm.providers.openai.api_key NT AUTHORITY\SYSTEM:(F)
2026-10-09T23:28:24.2921267Z                                                                                                                                      BUILTIN\Administrators:(F)
2026-10-09T23:28:24.2923574Z                                                                                                                                      runnervmfi6oq\runneradmin:(F)
2026-10-09T23:28:24.2924028Z         
2026-10-09T23:28:24.2924428Z         Successfully processed 1 files; Failed processing 0 files
2026-10-09T23:28:24.2925332Z     migrate_windows_test.go:104: icacls "C:\\Users\\RUNNER~1\\AppData\\Local\\Temp\\TestAC2MigrationBackupIsPrivate3304673214\\001\\root\\secrets\\voice.realtime.api_key"
2026-10-09T23:28:24.2926511Z         C:\Users\RUNNER~1\AppData\Local\Temp\TestAC2MigrationBackupIsPrivate3304673214\001\root\secrets\voice.realtime.api_key NT AUTHORITY\SYSTEM:(F)
2026-10-09T23:28:24.2928721Z                                                                                                                                BUILTIN\Administrators:(F)
2026-10-09T23:28:24.2930911Z                                                                                                                                runnervmfi6oq\runneradmin:(F)
2026-10-09T23:28:24.2931335Z         
2026-10-09T23:28:24.2932012Z         Successfully processed 1 files; Failed processing 0 files
2026-10-09T23:28:24.2932923Z     migrate_windows_test.go:104: sweep checked 3 entries under C:\Users\RUNNER~1\AppData\Local\Temp\TestAC2MigrationBackupIsPrivate3304673214\001\root\secrets, all private
2026-10-09T23:28:24.2933681Z --- PASS: TestAC2MigrationBackupIsPrivate (0.11s)
2026-10-09T23:28:24.2934165Z === RUN   TestAC2PreExistingMigrationBackupIsRepaired
2026-10-09T23:28:24.2935171Z     migrate_windows_test.go:124: icacls "C:\\Users\\RUNNER~1\\AppData\\Local\\Temp\\TestAC2PreExistingMigrationBackupIsRepaired1385209949\\001\\root\\config.toml.bak-plaintext"
2026-10-09T23:28:24.2936501Z         C:\Users\RUNNER~1\AppData\Local\Temp\TestAC2PreExistingMigrationBackupIsRepaired1385209949\001\root\config.toml.bak-plaintext Everyone:(RX)
2026-10-09T23:28:24.2938763Z                                                                                                                                       Everyone:(I)(RX)
2026-10-09T23:28:24.2940980Z                                                                                                                                       NT AUTHORITY\SYSTEM:(I)(F)
2026-10-09T23:28:24.2943303Z                                                                                                                                       BUILTIN\Administrators:(I)(F)
2026-10-09T23:28:24.2945687Z                                                                                                                                       runnervmfi6oq\runneradmin:(I)(F)
2026-10-09T23:28:24.2946196Z         
2026-10-09T23:28:24.2946611Z         Successfully processed 1 files; Failed processing 0 files
2026-10-09T23:28:24.2947354Z     migrate_windows_test.go:124: BEFORE seal, config.toml.bak-plaintext carries foreign SID(s) S-1-1-0, S-1-1-0
2026-10-09T23:28:24.2948422Z     migrate_windows_test.go:125: icacls "C:\\Users\\RUNNER~1\\AppData\\Local\\Temp\\TestAC2PreExistingMigrationBackupIsRepaired1385209949\\001\\root\\config.toml.bak-plaintext"
2026-10-09T23:28:24.2949641Z         C:\Users\RUNNER~1\AppData\Local\Temp\TestAC2PreExistingMigrationBackupIsRepaired1385209949\001\root\config.toml.bak-plaintext Everyone:(RX)
2026-10-09T23:28:24.2952192Z                                                                                                                                       Everyone:(I)(RX)
2026-10-09T23:28:24.2954479Z                                                                                                                                       NT AUTHORITY\SYSTEM:(I)(F)
2026-10-09T23:28:24.2956863Z                                                                                                                                       BUILTIN\Administrators:(I)(F)
2026-10-09T23:28:24.2959274Z                                                                                                                                       runnervmfi6oq\runneradmin:(I)(F)
2026-10-09T23:28:24.2959740Z         
2026-10-09T23:28:24.2960166Z         Successfully processed 1 files; Failed processing 0 files
2026-10-09T23:28:24.2961657Z time=2026-10-09T23:28:22.017Z level=WARN msg="winsec: seal cleared principals that stood on this object" path=C:\Users\RUNNER~1\AppData\Local\Temp\TestAC2PreExistingMigrationBackupIsRepaired1385209949\001\root\secrets kind=inherited cleared="" cleared_inherited=S-1-1-0(A;OICIID;0x1200a9;;;WD) policy="winsec owns the grants on this tree; out-of-band ACEs are removed at the next seal"
2026-10-09T23:28:24.2964134Z time=2026-10-09T23:28:22.020Z level=WARN msg="winsec: seal cleared principals that stood on this object" path=C:\Users\runneradmin\AppData\Local\Temp\TestAC2PreExistingMigrationBackupIsRepaired1385209949\001\root\config.toml.bak-plaintext kind=explicit+inherited cleared=S-1-1-0(A;;0x1200a9;;;WD) cleared_inherited=S-1-1-0(A;ID;0x1200a9;;;WD) policy="winsec owns the grants on this tree; out-of-band ACEs are removed at the next seal"
2026-10-09T23:28:24.2966634Z time=2026-10-09T23:28:22.022Z level=WARN msg="winsec: seal cleared principals that stood on this object" path=C:\Users\RUNNER~1\AppData\Local\Temp\TestAC2PreExistingMigrationBackupIsRepaired1385209949\001\root\config.toml.migrate-tmp kind=inherited cleared="" cleared_inherited=S-1-1-0(A;ID;0x1200a9;;;WD) policy="winsec owns the grants on this tree; out-of-band ACEs are removed at the next seal"
2026-10-09T23:28:24.2969861Z time=2026-10-09T23:28:22.022Z level=WARN msg="plaintext api_key migrated to DPAPI-protected references (D33)" config=C:\Users\RUNNER~1\AppData\Local\Temp\TestAC2PreExistingMigrationBackupIsRepaired1385209949\001\root\config.toml fields=2 paths=llm.providers.openai.api_key,voice.realtime.api_key backup=C:\Users\RUNNER~1\AppData\Local\Temp\TestAC2PreExistingMigrationBackupIsRepaired1385209949\001\root\config.toml.bak-plaintext
2026-10-09T23:28:24.2971938Z     migrate_windows_test.go:145: icacls "C:\\Users\\RUNNER~1\\AppData\\Local\\Temp\\TestAC2PreExistingMigrationBackupIsRepaired1385209949\\001\\root\\config.toml.bak-plaintext"
2026-10-09T23:28:24.2973484Z         C:\Users\RUNNER~1\AppData\Local\Temp\TestAC2PreExistingMigrationBackupIsRepaired1385209949\001\root\config.toml.bak-plaintext NT AUTHORITY\SYSTEM:(F)
2026-10-09T23:28:24.2975939Z                                                                                                                                       BUILTIN\Administrators:(F)
2026-10-09T23:28:24.2978501Z                                                                                                                                       runnervmfi6oq\runneradmin:(F)
2026-10-09T23:28:24.2978962Z         
2026-10-09T23:28:24.2979422Z         Successfully processed 1 files; Failed processing 0 files
2026-10-09T23:28:24.2980483Z     migrate_windows_test.go:146: icacls "C:\\Users\\RUNNER~1\\AppData\\Local\\Temp\\TestAC2PreExistingMigrationBackupIsRepaired1385209949\\001\\root\\config.toml.bak-plaintext"
2026-10-09T23:28:24.2981762Z         C:\Users\RUNNER~1\AppData\Local\Temp\TestAC2PreExistingMigrationBackupIsRepaired1385209949\001\root\config.toml.bak-plaintext NT AUTHORITY\SYSTEM:(F)
2026-10-09T23:28:24.2984488Z                                                                                                                                       BUILTIN\Administrators:(F)
2026-10-09T23:28:24.2987848Z                                                                                                                                       runnervmfi6oq\runneradmin:(F)
2026-10-09T23:28:24.2988534Z         
2026-10-09T23:28:24.2989135Z         Successfully processed 1 files; Failed processing 0 files
2026-10-09T23:28:24.2990152Z --- PASS: TestAC2PreExistingMigrationBackupIsRepaired (0.08s)
2026-10-09T23:28:24.2990871Z === RUN   TestAC3ProductionDataRootIsPrivateEndToEnd
2026-10-09T23:28:24.2993149Z time=2026-10-09T23:28:22.061Z level=WARN msg="winsec: seal cleared principals that stood on this object" path=C:\Users\RUNNER~1\AppData\Local\Temp\TestAC3ProductionDataRootIsPrivateEndToEnd580660919\001\root\data kind=inherited cleared="" cleared_inherited=S-1-1-0(A;OICIID;0x1200a9;;;WD) policy="winsec owns the grants on this tree; out-of-band ACEs are removed at the next seal"
2026-10-09T23:28:24.2996437Z time=2026-10-09T23:28:22.085Z level=INFO msg="pre-migration backup written" component=memory backup=C:\Users\RUNNER~1\AppData\Local\Temp\TestAC3ProductionDataRootIsPrivateEndToEnd580660919\001\root\data\backup\wisp.db.bak-0-1 from=0 to=1
2026-10-09T23:28:24.2998349Z time=2026-10-09T23:28:22.092Z level=INFO msg="schema migration step applied" component=memory from=0 to=1 started_at=2026-10-09T23:28:22Z duration_ms=7
2026-10-09T23:28:24.2999834Z time=2026-10-09T23:28:22.110Z level=INFO msg="pre-migration backup written" component=memory backup=C:\Users\RUNNER~1\AppData\Local\Temp\TestAC3ProductionDataRootIsPrivateEndToEnd580660919\001\root\data\backup\wisp.db.bak-1-2 from=1 to=2
2026-10-09T23:28:24.3001815Z time=2026-10-09T23:28:22.120Z level=INFO msg="schema migration step applied" component=memory from=1 to=2 started_at=2026-10-09T23:28:22Z duration_ms=10
2026-10-09T23:28:24.3002704Z time=2026-10-09T23:28:22.132Z level=INFO msg="schema migration complete" component=memory schema_version=2
2026-10-09T23:28:24.3003533Z time=2026-10-09T23:28:22.133Z level=INFO msg="startup WAL checkpoint (TRUNCATE) done" component=memory wal_pages_before=0 pages_moved=0
2026-10-09T23:28:24.3004644Z     production_windows_test.go:29: data root contains: [artifacts backup wisp.db wisp.db-shm wisp.db-wal]
2026-10-09T23:28:24.3005662Z     production_windows_test.go:48: icacls "C:\\Users\\RUNNER~1\\AppData\\Local\\Temp\\TestAC3ProductionDataRootIsPrivateEndToEnd580660919\\001\\root\\data\\wisp.db"
2026-10-09T23:28:24.3006888Z         C:\Users\RUNNER~1\AppData\Local\Temp\TestAC3ProductionDataRootIsPrivateEndToEnd580660919\001\root\data\wisp.db NT AUTHORITY\SYSTEM:(I)(F)
2026-10-09T23:28:24.3009134Z                                                                                                                        BUILTIN\Administrators:(I)(F)
2026-10-09T23:28:24.3011993Z                                                                                                                        runnervmfi6oq\runneradmin:(I)(F)
2026-10-09T23:28:24.3012489Z         
2026-10-09T23:28:24.3012933Z         Successfully processed 1 files; Failed processing 0 files
2026-10-09T23:28:24.3013902Z     production_windows_test.go:48: icacls "C:\\Users\\RUNNER~1\\AppData\\Local\\Temp\\TestAC3ProductionDataRootIsPrivateEndToEnd580660919\\001\\root\\data\\wisp.db-wal"
2026-10-09T23:28:24.3015560Z         C:\Users\RUNNER~1\AppData\Local\Temp\TestAC3ProductionDataRootIsPrivateEndToEnd580660919\001\root\data\wisp.db-wal NT AUTHORITY\SYSTEM:(I)(F)
2026-10-09T23:28:24.3018778Z                                                                                                                            BUILTIN\Administrators:(I)(F)
2026-10-09T23:28:24.3021350Z                                                                                                                            runnervmfi6oq\runneradmin:(I)(F)
2026-10-09T23:28:24.3022013Z         
2026-10-09T23:28:24.3022674Z         Successfully processed 1 files; Failed processing 0 files
2026-10-09T23:28:24.3023698Z     production_windows_test.go:48: icacls "C:\\Users\\RUNNER~1\\AppData\\Local\\Temp\\TestAC3ProductionDataRootIsPrivateEndToEnd580660919\\001\\root\\data\\wisp.db-shm"
2026-10-09T23:28:24.3024927Z         C:\Users\RUNNER~1\AppData\Local\Temp\TestAC3ProductionDataRootIsPrivateEndToEnd580660919\001\root\data\wisp.db-shm NT AUTHORITY\SYSTEM:(I)(F)
2026-10-09T23:28:24.3027257Z                                                                                                                            BUILTIN\Administrators:(I)(F)
2026-10-09T23:28:24.3029348Z                                                                                                                            runnervmfi6oq\runneradmin:(I)(F)
2026-10-09T23:28:24.3030123Z         
2026-10-09T23:28:24.3030721Z         Successfully processed 1 files; Failed processing 0 files
2026-10-09T23:28:24.3031996Z     production_windows_test.go:59: icacls "C:\\Users\\RUNNER~1\\AppData\\Local\\Temp\\TestAC3ProductionDataRootIsPrivateEndToEnd580660919\\001\\root\\data"
2026-10-09T23:28:24.3033673Z         C:\Users\RUNNER~1\AppData\Local\Temp\TestAC3ProductionDataRootIsPrivateEndToEnd580660919\001\root\data NT AUTHORITY\SYSTEM:(F)
2026-10-09T23:28:24.3036847Z                                                                                                                NT AUTHORITY\SYSTEM:(OI)(CI)(IO)(F)
2026-10-09T23:28:24.3039480Z                                                                                                                BUILTIN\Administrators:(F)
2026-10-09T23:28:24.3042330Z                                                                                                                BUILTIN\Administrators:(OI)(CI)(IO)(F)
2026-10-09T23:28:24.3044990Z                                                                                                                runnervmfi6oq\runneradmin:(F)
2026-10-09T23:28:24.3047914Z                                                                                                                runnervmfi6oq\runneradmin:(OI)(CI)(IO)(F)
2026-10-09T23:28:24.3048634Z         
2026-10-09T23:28:24.3049224Z         Successfully processed 1 files; Failed processing 0 files
2026-10-09T23:28:24.3051058Z     production_windows_test.go:59: icacls "C:\\Users\\RUNNER~1\\AppData\\Local\\Temp\\TestAC3ProductionDataRootIsPrivateEndToEnd580660919\\001\\root\\data\\wisp.db"
2026-10-09T23:28:24.3052924Z         C:\Users\RUNNER~1\AppData\Local\Temp\TestAC3ProductionDataRootIsPrivateEndToEnd580660919\001\root\data\wisp.db NT AUTHORITY\SYSTEM:(I)(F)
2026-10-09T23:28:24.3056179Z                                                                                                                        BUILTIN\Administrators:(I)(F)
2026-10-09T23:28:24.3059130Z                                                                                                                        runnervmfi6oq\runneradmin:(I)(F)
2026-10-09T23:28:24.3059838Z         
2026-10-09T23:28:24.3060416Z         Successfully processed 1 files; Failed processing 0 files
2026-10-09T23:28:24.3061744Z     production_windows_test.go:59: icacls "C:\\Users\\RUNNER~1\\AppData\\Local\\Temp\\TestAC3ProductionDataRootIsPrivateEndToEnd580660919\\001\\root\\data\\secrets"
2026-10-09T23:28:24.3063505Z         C:\Users\RUNNER~1\AppData\Local\Temp\TestAC3ProductionDataRootIsPrivateEndToEnd580660919\001\root\data\secrets NT AUTHORITY\SYSTEM:(F)
2026-10-09T23:28:24.3066624Z                                                                                                                        NT AUTHORITY\SYSTEM:(OI)(CI)(IO)(F)
2026-10-09T23:28:24.3070849Z                                                                                                                        BUILTIN\Administrators:(F)
2026-10-09T23:28:24.3073315Z                                                                                                                        BUILTIN\Administrators:(OI)(CI)(IO)(F)
2026-10-09T23:28:24.3075403Z                                                                                                                        runnervmfi6oq\runneradmin:(F)
2026-10-09T23:28:24.3077728Z                                                                                                                        runnervmfi6oq\runneradmin:(OI)(CI)(IO)(F)
2026-10-09T23:28:24.3078301Z         
2026-10-09T23:28:24.3078779Z         Successfully processed 1 files; Failed processing 0 files
2026-10-09T23:28:24.3079765Z     production_windows_test.go:59: icacls "C:\\Users\\RUNNER~1\\AppData\\Local\\Temp\\TestAC3ProductionDataRootIsPrivateEndToEnd580660919\\001\\root\\data\\secrets\\endtoend"
2026-10-09T23:28:24.3081115Z         C:\Users\RUNNER~1\AppData\Local\Temp\TestAC3ProductionDataRootIsPrivateEndToEnd580660919\001\root\data\secrets\endtoend NT AUTHORITY\SYSTEM:(F)
2026-10-09T23:28:24.3083504Z                                                                                                                                 BUILTIN\Administrators:(F)
2026-10-09T23:28:24.3085854Z                                                                                                                                 runnervmfi6oq\runneradmin:(F)
2026-10-09T23:28:24.3086545Z         
2026-10-09T23:28:24.3087146Z         Successfully processed 1 files; Failed processing 0 files
2026-10-09T23:28:24.3088523Z     production_windows_test.go:59: icacls "C:\\Users\\RUNNER~1\\AppData\\Local\\Temp\\TestAC3ProductionDataRootIsPrivateEndToEnd580660919\\001\\root\\data\\backup"
2026-10-09T23:28:24.3090724Z         C:\Users\RUNNER~1\AppData\Local\Temp\TestAC3ProductionDataRootIsPrivateEndToEnd580660919\001\root\data\backup NT AUTHORITY\SYSTEM:(F)
2026-10-09T23:28:24.3094181Z                                                                                                                       NT AUTHORITY\SYSTEM:(OI)(CI)(IO)(F)
2026-10-09T23:28:24.3097337Z                                                                                                                       BUILTIN\Administrators:(F)
2026-10-09T23:28:24.3100226Z                                                                                                                       BUILTIN\Administrators:(OI)(CI)(IO)(F)
2026-10-09T23:28:24.3102571Z                                                                                                                       runnervmfi6oq\runneradmin:(F)
2026-10-09T23:28:24.3105896Z                                                                                                                       runnervmfi6oq\runneradmin:(OI)(CI)(IO)(F)
2026-10-09T23:28:24.3106587Z         
2026-10-09T23:28:24.3107270Z         Successfully processed 1 files; Failed processing 0 files
2026-10-09T23:28:24.3108856Z     production_windows_test.go:59: icacls "C:\\Users\\RUNNER~1\\AppData\\Local\\Temp\\TestAC3ProductionDataRootIsPrivateEndToEnd580660919\\001\\root\\data\\backup\\wisp.db.bak-0-1"
2026-10-09T23:28:24.3111309Z         C:\Users\RUNNER~1\AppData\Local\Temp\TestAC3ProductionDataRootIsPrivateEndToEnd580660919\001\root\data\backup\wisp.db.bak-0-1 NT AUTHORITY\SYSTEM:(F)
2026-10-09T23:28:24.3115063Z                                                                                                                                       BUILTIN\Administrators:(F)
2026-10-09T23:28:24.3118676Z                                                                                                                                       runnervmfi6oq\runneradmin:(F)
2026-10-09T23:28:24.3120290Z         
2026-10-09T23:28:24.3120897Z         Successfully processed 1 files; Failed processing 0 files
2026-10-09T23:28:24.3122376Z     production_windows_test.go:59: icacls "C:\\Users\\RUNNER~1\\AppData\\Local\\Temp\\TestAC3ProductionDataRootIsPrivateEndToEnd580660919\\001\\root\\data\\backup\\wisp.db.bak-1-2"
2026-10-09T23:28:24.3124481Z         C:\Users\RUNNER~1\AppData\Local\Temp\TestAC3ProductionDataRootIsPrivateEndToEnd580660919\001\root\data\backup\wisp.db.bak-1-2 NT AUTHORITY\SYSTEM:(I)(F)
2026-10-09T23:28:24.3131274Z                                                                                                                                       BUILTIN\Administrators:(I)(F)
2026-10-09T23:28:24.3133823Z                                                                                                                                       runnervmfi6oq\runneradmin:(I)(F)
2026-10-09T23:28:24.3134302Z         
2026-10-09T23:28:24.3134734Z         Successfully processed 1 files; Failed processing 0 files
2026-10-09T23:28:24.3135674Z     production_windows_test.go:59: icacls "C:\\Users\\RUNNER~1\\AppData\\Local\\Temp\\TestAC3ProductionDataRootIsPrivateEndToEnd580660919\\001\\root\\data\\artifacts"
2026-10-09T23:28:24.3136864Z         C:\Users\RUNNER~1\AppData\Local\Temp\TestAC3ProductionDataRootIsPrivateEndToEnd580660919\001\root\data\artifacts NT AUTHORITY\SYSTEM:(F)
2026-10-09T23:28:24.3139230Z                                                                                                                          NT AUTHORITY\SYSTEM:(OI)(CI)(IO)(F)
2026-10-09T23:28:24.3141206Z                                                                                                                          BUILTIN\Administrators:(F)
2026-10-09T23:28:24.3143345Z                                                                                                                          BUILTIN\Administrators:(OI)(CI)(IO)(F)
2026-10-09T23:28:24.3145402Z                                                                                                                          runnervmfi6oq\runneradmin:(F)
2026-10-09T23:28:24.3147822Z                                                                                                                          runnervmfi6oq\runneradmin:(OI)(CI)(IO)(F)
2026-10-09T23:28:24.3148380Z         
2026-10-09T23:28:24.3149334Z         Successfully processed 1 files; Failed processing 0 files
2026-10-09T23:28:24.3150295Z     production_windows_test.go:59: sweep checked 8 entries under C:\Users\RUNNER~1\AppData\Local\Temp\TestAC3ProductionDataRootIsPrivateEndToEnd580660919\001\root\data, all private
2026-10-09T23:28:24.3151160Z --- PASS: TestAC3ProductionDataRootIsPrivateEndToEnd (0.23s)
2026-10-09T23:28:24.3151625Z === RUN   TestC26PipelineIsWiredIntoWinsec
2026-10-09T23:28:24.3152953Z     resolve_windows_test.go:40: junction built: C:\Users\RUNNER~1\AppData\Local\Temp\TestC26PipelineIsWiredIntoWinsec3563127075\001\link -> C:\Users\RUNNER~1\AppData\Local\Temp\TestC26PipelineIsWiredIntoWinsec3563127075\001\target
2026-10-09T23:28:24.3154146Z --- PASS: TestC26PipelineIsWiredIntoWinsec (0.01s)
2026-10-09T23:28:24.3154719Z === RUN   TestAC3JunctionInputIsRefusedNotSealed
2026-10-09T23:28:24.3155730Z     resolve_windows_test.go:75: icacls "C:\\Users\\RUNNER~1\\AppData\\Local\\Temp\\TestAC3JunctionInputIsRefusedNotSealed2576232327\\001\\someone-elses-tree\\artifacts"
2026-10-09T23:28:24.3156950Z         C:\Users\RUNNER~1\AppData\Local\Temp\TestAC3JunctionInputIsRefusedNotSealed2576232327\001\someone-elses-tree\artifacts Everyone:(I)(OI)(CI)(RX)
2026-10-09T23:28:24.3159384Z                                                                                                                                NT AUTHORITY\SYSTEM:(I)(OI)(CI)(F)
2026-10-09T23:28:24.3161781Z                                                                                                                                BUILTIN\Administrators:(I)(OI)(CI)(F)
2026-10-09T23:28:24.3164968Z                                                                                                                                runnervmfi6oq\runneradmin:(I)(OI)(CI)(F)
2026-10-09T23:28:24.3166592Z         
2026-10-09T23:28:24.3167029Z         Successfully processed 1 files; Failed processing 0 files
2026-10-09T23:28:24.3167921Z     resolve_windows_test.go:79: icacls "C:\\Users\\RUNNER~1\\AppData\\Local\\Temp\\TestAC3JunctionInputIsRefusedNotSealed2576232327\\001\\someone-elses-tree"
2026-10-09T23:28:24.3169397Z         C:\Users\RUNNER~1\AppData\Local\Temp\TestAC3JunctionInputIsRefusedNotSealed2576232327\001\someone-elses-tree Everyone:(OI)(CI)(RX)
2026-10-09T23:28:24.3171540Z                                                                                                                      NT AUTHORITY\SYSTEM:(OI)(CI)(F)
2026-10-09T23:28:24.3173769Z                                                                                                                      BUILTIN\Administrators:(OI)(CI)(F)
2026-10-09T23:28:24.3175833Z                                                                                                                      runnervmfi6oq\runneradmin:(OI)(CI)(F)
2026-10-09T23:28:24.3176296Z         
2026-10-09T23:28:24.3176719Z         Successfully processed 1 files; Failed processing 0 files
2026-10-09T23:28:24.3177956Z     resolve_windows_test.go:86: junction built: C:\Users\RUNNER~1\AppData\Local\Temp\TestAC3JunctionInputIsRefusedNotSealed2576232327\002\data\link -> C:\Users\RUNNER~1\AppData\Local\Temp\TestAC3JunctionInputIsRefusedNotSealed2576232327\001\someone-elses-tree
2026-10-09T23:28:24.3179125Z === RUN   TestAC3JunctionInputIsRefusedNotSealed/existing_directory_behind_the_link
2026-10-09T23:28:24.3180306Z     resolve_windows_test.go:92: icacls "C:\\Users\\RUNNER~1\\AppData\\Local\\Temp\\TestAC3JunctionInputIsRefusedNotSealed2576232327\\001\\someone-elses-tree\\artifacts"
2026-10-09T23:28:24.3181524Z         C:\Users\RUNNER~1\AppData\Local\Temp\TestAC3JunctionInputIsRefusedNotSealed2576232327\001\someone-elses-tree\artifacts Everyone:(I)(OI)(CI)(RX)
2026-10-09T23:28:24.3184012Z                                                                                                                                NT AUTHORITY\SYSTEM:(I)(OI)(CI)(F)
2026-10-09T23:28:24.3186301Z                                                                                                                                BUILTIN\Administrators:(I)(OI)(CI)(F)
2026-10-09T23:28:24.3189176Z                                                                                                                                runnervmfi6oq\runneradmin:(I)(OI)(CI)(F)
2026-10-09T23:28:24.3189872Z         
2026-10-09T23:28:24.3190475Z         Successfully processed 1 files; Failed processing 0 files
2026-10-09T23:28:24.3191938Z     resolve_windows_test.go:92: icacls "C:\\Users\\RUNNER~1\\AppData\\Local\\Temp\\TestAC3JunctionInputIsRefusedNotSealed2576232327\\001\\someone-elses-tree"
2026-10-09T23:28:24.3193607Z         C:\Users\RUNNER~1\AppData\Local\Temp\TestAC3JunctionInputIsRefusedNotSealed2576232327\001\someone-elses-tree Everyone:(OI)(CI)(RX)
2026-10-09T23:28:24.3196900Z                                                                                                                      NT AUTHORITY\SYSTEM:(OI)(CI)(F)
2026-10-09T23:28:24.3200068Z                                                                                                                      BUILTIN\Administrators:(OI)(CI)(F)
2026-10-09T23:28:24.3202681Z                                                                                                                      runnervmfi6oq\runneradmin:(OI)(CI)(F)
2026-10-09T23:28:24.3203160Z         
2026-10-09T23:28:24.3203586Z         Successfully processed 1 files; Failed processing 0 files
2026-10-09T23:28:24.3204185Z === RUN   TestAC3JunctionInputIsRefusedNotSealed/missing_directory_under_the_link
2026-10-09T23:28:24.3204816Z === RUN   TestAC3JunctionInputIsRefusedNotSealed/with_only_the_built-in_verifier
2026-10-09T23:28:24.3206530Z     resolve_windows_test.go:119: icacls "C:\\Users\\RUNNER~1\\AppData\\Local\\Temp\\TestAC3JunctionInputIsRefusedNotSealed2576232327\\001\\someone-elses-tree\\artifacts"
2026-10-09T23:28:24.3208466Z         C:\Users\RUNNER~1\AppData\Local\Temp\TestAC3JunctionInputIsRefusedNotSealed2576232327\001\someone-elses-tree\artifacts Everyone:(I)(OI)(CI)(RX)
2026-10-09T23:28:24.3211979Z                                                                                                                                NT AUTHORITY\SYSTEM:(I)(OI)(CI)(F)
2026-10-09T23:28:24.3214384Z                                                                                                                                BUILTIN\Administrators:(I)(OI)(CI)(F)
2026-10-09T23:28:24.3217248Z                                                                                                                                runnervmfi6oq\runneradmin:(I)(OI)(CI)(F)
2026-10-09T23:28:24.3217734Z         
2026-10-09T23:28:24.3218201Z         Successfully processed 1 files; Failed processing 0 files
2026-10-09T23:28:24.3219532Z     resolve_windows_test.go:119: icacls "C:\\Users\\RUNNER~1\\AppData\\Local\\Temp\\TestAC3JunctionInputIsRefusedNotSealed2576232327\\001\\someone-elses-tree"
2026-10-09T23:28:24.3221468Z         C:\Users\RUNNER~1\AppData\Local\Temp\TestAC3JunctionInputIsRefusedNotSealed2576232327\001\someone-elses-tree Everyone:(OI)(CI)(RX)
2026-10-09T23:28:24.3223597Z                                                                                                                      NT AUTHORITY\SYSTEM:(OI)(CI)(F)
2026-10-09T23:28:24.3226616Z                                                                                                                      BUILTIN\Administrators:(OI)(CI)(F)
2026-10-09T23:28:24.3229234Z                                                                                                                      runnervmfi6oq\runneradmin:(OI)(CI)(F)
2026-10-09T23:28:24.3229706Z         
2026-10-09T23:28:24.3230201Z         Successfully processed 1 files; Failed processing 0 files
2026-10-09T23:28:24.3231755Z time=2026-10-09T23:28:22.390Z level=WARN msg="winsec: seal cleared principals that stood on this object" path=C:\Users\runneradmin\AppData\Local\Temp\TestAC3JunctionInputIsRefusedNotSealed2576232327\001\someone-elses-tree\artifacts kind=inherited cleared="" cleared_inherited=S-1-1-0(A;OICIID;0x1200a9;;;WD) policy="winsec owns the grants on this tree; out-of-band ACEs are removed at the next seal"
2026-10-09T23:28:24.3233336Z === NAME  TestAC3JunctionInputIsRefusedNotSealed
2026-10-09T23:28:24.3234282Z     resolve_windows_test.go:132: icacls "C:\\Users\\RUNNER~1\\AppData\\Local\\Temp\\TestAC3JunctionInputIsRefusedNotSealed2576232327\\001\\someone-elses-tree\\artifacts"
2026-10-09T23:28:24.3236283Z         C:\Users\RUNNER~1\AppData\Local\Temp\TestAC3JunctionInputIsRefusedNotSealed2576232327\001\someone-elses-tree\artifacts NT AUTHORITY\SYSTEM:(F)
2026-10-09T23:28:24.3238872Z                                                                                                                                NT AUTHORITY\SYSTEM:(OI)(CI)(IO)(F)
2026-10-09T23:28:24.3241021Z                                                                                                                                BUILTIN\Administrators:(F)
2026-10-09T23:28:24.3243417Z                                                                                                                                BUILTIN\Administrators:(OI)(CI)(IO)(F)
2026-10-09T23:28:24.3245685Z                                                                                                                                runnervmfi6oq\runneradmin:(F)
2026-10-09T23:28:24.3248466Z                                                                                                                                runnervmfi6oq\runneradmin:(OI)(CI)(IO)(F)
2026-10-09T23:28:24.3249021Z         
2026-10-09T23:28:24.3249473Z         Successfully processed 1 files; Failed processing 0 files
2026-10-09T23:28:24.3250095Z --- PASS: TestAC3JunctionInputIsRefusedNotSealed (0.12s)
2026-10-09T23:28:24.3250780Z     --- PASS: TestAC3JunctionInputIsRefusedNotSealed/existing_directory_behind_the_link (0.02s)
2026-10-09T23:28:24.3251543Z     --- PASS: TestAC3JunctionInputIsRefusedNotSealed/missing_directory_under_the_link (0.00s)
2026-10-09T23:28:24.3252303Z     --- PASS: TestAC3JunctionInputIsRefusedNotSealed/with_only_the_built-in_verifier (0.03s)
2026-10-09T23:28:24.3252901Z === RUN   TestAC1SeamCannotBeFreedThenGivenATreeMovingFake
2026-10-09T23:28:24.3253578Z     seam_bypass_108_windows_test.go:99: incumbent before the freeing step: risk.c26Pipeline
2026-10-09T23:28:24.3254582Z     seam_bypass_108_windows_test.go:101: icacls "C:\\Users\\RUNNER~1\\AppData\\Local\\Temp\\TestAC1SeamCannotBeFreedThenGivenATreeMovingFake1760852192\\001\\victim"
2026-10-09T23:28:24.3255762Z         C:\Users\RUNNER~1\AppData\Local\Temp\TestAC1SeamCannotBeFreedThenGivenATreeMovingFake1760852192\001\victim Everyone:(OI)(CI)(RX)
2026-10-09T23:28:24.3257922Z                                                                                                                    NT AUTHORITY\SYSTEM:(OI)(CI)(F)
2026-10-09T23:28:24.3260381Z                                                                                                                    BUILTIN\Administrators:(OI)(CI)(F)
2026-10-09T23:28:24.3263766Z                                                                                                                    runnervmfi6oq\runneradmin:(OI)(CI)(F)
2026-10-09T23:28:24.3264273Z         
2026-10-09T23:28:24.3264720Z         Successfully processed 1 files; Failed processing 0 files
2026-10-09T23:28:24.3265988Z     seam_bypass_108_windows_test.go:101: victim DACL before: sids=[S-1-1-0 S-1-5-18 S-1-5-32-544 S-1-5-21-1643835476-1616584234-1346609752-500] names=[Everyone NT AUTHORITY\SYSTEM BUILTIN\Administrators runnervmfi6oq\runneradmin]
2026-10-09T23:28:24.3267888Z     seam_bypass_108_windows_test.go:103: icacls "C:\\Users\\RUNNER~1\\AppData\\Local\\Temp\\TestAC1SeamCannotBeFreedThenGivenATreeMovingFake1760852192\\001\\victim\\sub\\keep-me.txt"
2026-10-09T23:28:24.3269194Z         C:\Users\RUNNER~1\AppData\Local\Temp\TestAC1SeamCannotBeFreedThenGivenATreeMovingFake1760852192\001\victim\sub\keep-me.txt Everyone:(I)(RX)
2026-10-09T23:28:24.3271774Z                                                                                                                                    BUILTIN\Administrators:(I)(F)
2026-10-09T23:28:24.3273937Z                                                                                                                                    NT AUTHORITY\SYSTEM:(I)(F)
2026-10-09T23:28:24.3276854Z                                                                                                                                    runnervmfi6oq\runneradmin:(I)(F)
2026-10-09T23:28:24.3277339Z         
2026-10-09T23:28:24.3277757Z         Successfully processed 1 files; Failed processing 0 files
2026-10-09T23:28:24.3278910Z     seam_bypass_108_windows_test.go:104: foreign file DACL before: sids=[S-1-1-0 S-1-5-32-544 S-1-5-18 S-1-5-21-1643835476-1616584234-1346609752-500] names=[Everyone BUILTIN\Administrators NT AUTHORITY\SYSTEM runnervmfi6oq\runneradmin]
2026-10-09T23:28:24.3280334Z     seam_bypass_108_windows_test.go:110: icacls "C:\\Users\\RUNNER~1\\AppData\\Local\\Temp\\TestAC1SeamCannotBeFreedThenGivenATreeMovingFake1760852192\\002\\data\\blob.bin"
2026-10-09T23:28:24.3281510Z         C:\Users\RUNNER~1\AppData\Local\Temp\TestAC1SeamCannotBeFreedThenGivenATreeMovingFake1760852192\002\data\blob.bin Everyone:(RX)
2026-10-09T23:28:24.3283651Z                                                                                                                           BUILTIN\Administrators:(F)
2026-10-09T23:28:24.3286284Z                                                                                                                           NT AUTHORITY\SYSTEM:(F)
2026-10-09T23:28:24.3288596Z                                                                                                                           runnervmfi6oq\runneradmin:(F)
2026-10-09T23:28:24.3289277Z         
2026-10-09T23:28:24.3289714Z         Successfully processed 1 files; Failed processing 0 files
2026-10-09T23:28:24.3290801Z     seam_bypass_108_windows_test.go:110: our wide file blob.bin: sids=[S-1-1-0 S-1-5-32-544 S-1-5-18 S-1-5-21-1643835476-1616584234-1346609752-500] names=[Everyone BUILTIN\Administrators NT AUTHORITY\SYSTEM runnervmfi6oq\runneradmin]
2026-10-09T23:28:24.3292137Z     seam_bypass_108_windows_test.go:111: icacls "C:\\Users\\RUNNER~1\\AppData\\Local\\Temp\\TestAC1SeamCannotBeFreedThenGivenATreeMovingFake1760852192\\002\\data\\blob.bin"
2026-10-09T23:28:24.3293329Z         C:\Users\RUNNER~1\AppData\Local\Temp\TestAC1SeamCannotBeFreedThenGivenATreeMovingFake1760852192\002\data\blob.bin Everyone:(RX)
2026-10-09T23:28:24.3295516Z                                                                                                                           BUILTIN\Administrators:(F)
2026-10-09T23:28:24.3297985Z                                                                                                                           NT AUTHORITY\SYSTEM:(F)
2026-10-09T23:28:24.3300997Z                                                                                                                           runnervmfi6oq\runneradmin:(F)
2026-10-09T23:28:24.3301615Z         
2026-10-09T23:28:24.3302203Z         Successfully processed 1 files; Failed processing 0 files
2026-10-09T23:28:24.3303044Z     seam_bypass_108_windows_test.go:140: SealFile through the kept seam: <nil>
2026-10-09T23:28:24.3304674Z     seam_bypass_108_windows_test.go:142: icacls "C:\\Users\\RUNNER~1\\AppData\\Local\\Temp\\TestAC1SeamCannotBeFreedThenGivenATreeMovingFake1760852192\\001\\victim\\sub\\keep-me.txt"
2026-10-09T23:28:24.3307078Z         C:\Users\RUNNER~1\AppData\Local\Temp\TestAC1SeamCannotBeFreedThenGivenATreeMovingFake1760852192\001\victim\sub\keep-me.txt Everyone:(I)(RX)
2026-10-09T23:28:24.3310510Z                                                                                                                                    BUILTIN\Administrators:(I)(F)
2026-10-09T23:28:24.3313574Z                                                                                                                                    NT AUTHORITY\SYSTEM:(I)(F)
2026-10-09T23:28:24.3315927Z                                                                                                                                    runnervmfi6oq\runneradmin:(I)(F)
2026-10-09T23:28:24.3316401Z         
2026-10-09T23:28:24.3316902Z         Successfully processed 1 files; Failed processing 0 files
2026-10-09T23:28:24.3318775Z     seam_bypass_108_windows_test.go:143: foreign file DACL after:  sids=[S-1-1-0 S-1-5-32-544 S-1-5-18 S-1-5-21-1643835476-1616584234-1346609752-500] names=[Everyone BUILTIN\Administrators NT AUTHORITY\SYSTEM runnervmfi6oq\runneradmin]
2026-10-09T23:28:24.3320566Z     seam_bypass_108_windows_test.go:154: icacls "C:\\Users\\RUNNER~1\\AppData\\Local\\Temp\\TestAC1SeamCannotBeFreedThenGivenATreeMovingFake1760852192\\002\\data\\blob.bin"
2026-10-09T23:28:24.3323469Z         C:\Users\RUNNER~1\AppData\Local\Temp\TestAC1SeamCannotBeFreedThenGivenATreeMovingFake1760852192\002\data\blob.bin NT AUTHORITY\SYSTEM:(F)
2026-10-09T23:28:24.3325936Z                                                                                                                           BUILTIN\Administrators:(F)
2026-10-09T23:28:24.3328488Z                                                                                                                           runnervmfi6oq\runneradmin:(F)
2026-10-09T23:28:24.3328960Z         
2026-10-09T23:28:24.3329460Z         Successfully processed 1 files; Failed processing 0 files
2026-10-09T23:28:24.3330588Z     seam_bypass_108_windows_test.go:160: our own blob DACL changed as asked: before=[S-1-1-0 S-1-5-32-544 S-1-5-18 S-1-5-21-1643835476-1616584234-1346609752-500] after=[S-1-5-18 S-1-5-32-544 S-1-5-21-1643835476-1616584234-1346609752-500]
2026-10-09T23:28:24.3332106Z     seam_bypass_108_windows_test.go:162: icacls "C:\\Users\\RUNNER~1\\AppData\\Local\\Temp\\TestAC1SeamCannotBeFreedThenGivenATreeMovingFake1760852192\\001\\victim"
2026-10-09T23:28:24.3333284Z         C:\Users\RUNNER~1\AppData\Local\Temp\TestAC1SeamCannotBeFreedThenGivenATreeMovingFake1760852192\001\victim Everyone:(OI)(CI)(RX)
2026-10-09T23:28:24.3335465Z                                                                                                                    NT AUTHORITY\SYSTEM:(OI)(CI)(F)
2026-10-09T23:28:24.3337476Z                                                                                                                    BUILTIN\Administrators:(OI)(CI)(F)
2026-10-09T23:28:24.3339490Z                                                                                                                    runnervmfi6oq\runneradmin:(OI)(CI)(F)
2026-10-09T23:28:24.3339939Z         
2026-10-09T23:28:24.3340384Z         Successfully processed 1 files; Failed processing 0 files
2026-10-09T23:28:24.3341344Z     seam_bypass_108_windows_test.go:166: icacls "C:\\Users\\RUNNER~1\\AppData\\Local\\Temp\\TestAC1SeamCannotBeFreedThenGivenATreeMovingFake1760852192\\001\\victim\\sub\\keep-me.txt"
2026-10-09T23:28:24.3342651Z         C:\Users\RUNNER~1\AppData\Local\Temp\TestAC1SeamCannotBeFreedThenGivenATreeMovingFake1760852192\001\victim\sub\keep-me.txt Everyone:(I)(RX)
2026-10-09T23:28:24.3346383Z                                                                                                                                    BUILTIN\Administrators:(I)(F)
2026-10-09T23:28:24.3349871Z                                                                                                                                    NT AUTHORITY\SYSTEM:(I)(F)
2026-10-09T23:28:24.3352900Z                                                                                                                                    runnervmfi6oq\runneradmin:(I)(F)
2026-10-09T23:28:24.3353415Z         
2026-10-09T23:28:24.3353918Z         Successfully processed 1 files; Failed processing 0 files
2026-10-09T23:28:24.3354461Z     seam_bypass_108_windows_test.go:166: icacls(foreign) after:
2026-10-09T23:28:24.3355404Z         C:\Users\RUNNER~1\AppData\Local\Temp\TestAC1SeamCannotBeFreedThenGivenATreeMovingFake1760852192\001\victim\sub\keep-me.txt Everyone:(I)(RX)
2026-10-09T23:28:24.3357908Z                                                                                                                                    BUILTIN\Administrators:(I)(F)
2026-10-09T23:28:24.3360277Z                                                                                                                                    NT AUTHORITY\SYSTEM:(I)(F)
2026-10-09T23:28:24.3363634Z                                                                                                                                    runnervmfi6oq\runneradmin:(I)(F)
2026-10-09T23:28:24.3364392Z         
2026-10-09T23:28:24.3365018Z         Successfully processed 1 files; Failed processing 0 files
2026-10-09T23:28:24.3366443Z     seam_bypass_108_windows_test.go:167: icacls "C:\\Users\\RUNNER~1\\AppData\\Local\\Temp\\TestAC1SeamCannotBeFreedThenGivenATreeMovingFake1760852192\\002\\data\\blob.bin"
2026-10-09T23:28:24.3368636Z         C:\Users\RUNNER~1\AppData\Local\Temp\TestAC1SeamCannotBeFreedThenGivenATreeMovingFake1760852192\002\data\blob.bin NT AUTHORITY\SYSTEM:(F)
2026-10-09T23:28:24.3373324Z                                                                                                                           BUILTIN\Administrators:(F)
2026-10-09T23:28:24.3375754Z                                                                                                                           runnervmfi6oq\runneradmin:(F)
2026-10-09T23:28:24.3376804Z         
2026-10-09T23:28:24.3377788Z         Successfully processed 1 files; Failed processing 0 files
2026-10-09T23:28:24.3379013Z     seam_bypass_108_windows_test.go:167: icacls(blob) after:
2026-10-09T23:28:24.3380370Z         C:\Users\RUNNER~1\AppData\Local\Temp\TestAC1SeamCannotBeFreedThenGivenATreeMovingFake1760852192\002\data\blob.bin NT AUTHORITY\SYSTEM:(F)
2026-10-09T23:28:24.3384250Z                                                                                                                           BUILTIN\Administrators:(F)
2026-10-09T23:28:24.3388746Z                                                                                                                           runnervmfi6oq\runneradmin:(F)
2026-10-09T23:28:24.3390119Z         
2026-10-09T23:28:24.3390723Z         Successfully processed 1 files; Failed processing 0 files
2026-10-09T23:28:24.3391575Z --- PASS: TestAC1SeamCannotBeFreedThenGivenATreeMovingFake (0.15s)
2026-10-09T23:28:24.3392409Z === RUN   TestAC4TreeOwnershipIsPartOfTheConformanceContract
2026-10-09T23:28:24.3393833Z     seam_bypass_108_windows_test.go:178: icacls "C:\\Users\\RUNNER~1\\AppData\\Local\\Temp\\TestAC4TreeOwnershipIsPartOfTheConformanceContract327100900\\001\\victim"
2026-10-09T23:28:24.3395650Z         C:\Users\RUNNER~1\AppData\Local\Temp\TestAC4TreeOwnershipIsPartOfTheConformanceContract327100900\001\victim Everyone:(OI)(CI)(RX)
2026-10-09T23:28:24.3398818Z                                                                                                                     NT AUTHORITY\SYSTEM:(OI)(CI)(F)
2026-10-09T23:28:24.3400961Z                                                                                                                     BUILTIN\Administrators:(OI)(CI)(F)
2026-10-09T23:28:24.3403106Z                                                                                                                     runnervmfi6oq\runneradmin:(OI)(CI)(F)
2026-10-09T23:28:24.3403564Z         
2026-10-09T23:28:24.3404145Z         Successfully processed 1 files; Failed processing 0 files
2026-10-09T23:28:24.3405803Z     seam_bypass_108_windows_test.go:178: victim DACL before: sids=[S-1-1-0 S-1-5-18 S-1-5-32-544 S-1-5-21-1643835476-1616584234-1346609752-500] names=[Everyone NT AUTHORITY\SYSTEM BUILTIN\Administrators runnervmfi6oq\runneradmin]
2026-10-09T23:28:24.3408063Z     seam_bypass_108_windows_test.go:180: icacls "C:\\Users\\RUNNER~1\\AppData\\Local\\Temp\\TestAC4TreeOwnershipIsPartOfTheConformanceContract327100900\\001\\victim\\sub\\keep-me.txt"
2026-10-09T23:28:24.3410347Z         C:\Users\RUNNER~1\AppData\Local\Temp\TestAC4TreeOwnershipIsPartOfTheConformanceContract327100900\001\victim\sub\keep-me.txt Everyone:(I)(RX)
2026-10-09T23:28:24.3414282Z                                                                                                                                     BUILTIN\Administrators:(I)(F)
2026-10-09T23:28:24.3418056Z                                                                                                                                     NT AUTHORITY\SYSTEM:(I)(F)
2026-10-09T23:28:24.3420515Z                                                                                                                                     runnervmfi6oq\runneradmin:(I)(F)
2026-10-09T23:28:24.3421062Z         
2026-10-09T23:28:24.3421685Z         Successfully processed 1 files; Failed processing 0 files
2026-10-09T23:28:24.3422602Z     seam_bypass_108_windows_test.go:192: the tree-moving fake was refused; seam stayed <floor>
2026-10-09T23:28:24.3424259Z     seam_bypass_108_windows_test.go:198: icacls "C:\\Users\\RUNNER~1\\AppData\\Local\\Temp\\TestAC4TreeOwnershipIsPartOfTheConformanceContract327100900\\001\\victim\\sub\\keep-me.txt"
2026-10-09T23:28:24.3426322Z         C:\Users\RUNNER~1\AppData\Local\Temp\TestAC4TreeOwnershipIsPartOfTheConformanceContract327100900\001\victim\sub\keep-me.txt Everyone:(I)(RX)
2026-10-09T23:28:24.3430672Z                                                                                                                                     BUILTIN\Administrators:(I)(F)
2026-10-09T23:28:24.3434354Z                                                                                                                                     NT AUTHORITY\SYSTEM:(I)(F)
2026-10-09T23:28:24.3437989Z                                                                                                                                     runnervmfi6oq\runneradmin:(I)(F)
2026-10-09T23:28:24.3438724Z         
2026-10-09T23:28:24.3439353Z         Successfully processed 1 files; Failed processing 0 files
2026-10-09T23:28:24.3440132Z --- PASS: TestAC4TreeOwnershipIsPartOfTheConformanceContract (0.06s)
2026-10-09T23:28:24.3441013Z === RUN   TestAC4ResolverThatCannotAccountForItsTreeCannotSealAnything
2026-10-09T23:28:24.3443640Z     seam_bypass_108_windows_test.go:222: PrivateDirAll refused as: winsec: refusing to seal C:\Users\RUNNER~1\AppData\Local\Temp\TestAC4ResolverThatCannotAccountForItsTreeCannotSealAnything1785483572\001\data: winsec: path is not provably resolved, refusing to seal: winsec_test.unaccountedResolver108 does not implement RewriteAccounted
2026-10-09T23:28:24.3448611Z     seam_bypass_108_windows_test.go:231: SealFile refused as: winsec: refusing to seal C:\Users\RUNNER~1\AppData\Local\Temp\TestAC4ResolverThatCannotAccountForItsTreeCannotSealAnything1785483572\002\blob.bin: winsec: path is not provably resolved, refusing to seal: winsec_test.unaccountedResolver108 does not implement RewriteAccounted
2026-10-09T23:28:24.3450833Z --- PASS: TestAC4ResolverThatCannotAccountForItsTreeCannotSealAnything (0.00s)
2026-10-09T23:28:24.3451737Z === RUN   TestAC3PlacementFloorHoldsForEverySeparatorSpelling
2026-10-09T23:28:24.3452623Z === RUN   TestAC3PlacementFloorHoldsForEverySeparatorSpelling/native-backslash
2026-10-09T23:28:24.3454265Z     seam_bypass_108_windows_test.go:247: icacls "C:\\Users\\RUNNER~1\\AppData\\Local\\Temp\\TestAC3PlacementFloorHoldsForEverySeparatorSpellingnative-backs3622258633\\001\\victim"
2026-10-09T23:28:24.3456375Z         C:\Users\RUNNER~1\AppData\Local\Temp\TestAC3PlacementFloorHoldsForEverySeparatorSpellingnative-backs3622258633\001\victim Everyone:(OI)(CI)(RX)
2026-10-09T23:28:24.3460270Z                                                                                                                                   NT AUTHORITY\SYSTEM:(OI)(CI)(F)
2026-10-09T23:28:24.3463840Z                                                                                                                                   BUILTIN\Administrators:(OI)(CI)(F)
2026-10-09T23:28:24.3467946Z                                                                                                                                   runnervmfi6oq\runneradmin:(OI)(CI)(F)
2026-10-09T23:28:24.3468712Z         
2026-10-09T23:28:24.3469378Z         Successfully processed 1 files; Failed processing 0 files
2026-10-09T23:28:24.3471384Z     seam_bypass_108_windows_test.go:247: victim DACL before: sids=[S-1-1-0 S-1-5-18 S-1-5-32-544 S-1-5-21-1643835476-1616584234-1346609752-500] names=[Everyone NT AUTHORITY\SYSTEM BUILTIN\Administrators runnervmfi6oq\runneradmin]
2026-10-09T23:28:24.3473662Z     seam_bypass_108_windows_test.go:256: fixture: own=C:\Users\RUNNER~1\AppData\Local\Temp\TestAC3PlacementFloorHoldsForEverySeparatorSpellingnative-backs3622258633\002\data seam=<floor>
2026-10-09T23:28:24.3476636Z     seam_bypass_108_windows_test.go:257: mklink /J link -> victim: Junction created for C:\Users\RUNNER~1\AppData\Local\Temp\TestAC3PlacementFloorHoldsForEverySeparatorSpellingnative-backs3622258633\002\data\link <<===>> C:\Users\RUNNER~1\AppData\Local\Temp\TestAC3PlacementFloorHoldsForEverySeparatorSpellingnative-backs3622258633\001\victim
2026-10-09T23:28:24.3479864Z     seam_bypass_108_windows_test.go:257: junction in place: C:\Users\RUNNER~1\AppData\Local\Temp\TestAC3PlacementFloorHoldsForEverySeparatorSpellingnative-backs3622258633\002\data\link (attributes 0x410)
2026-10-09T23:28:24.3482134Z     seam_bypass_108_windows_test.go:260: icacls "C:\\Users\\RUNNER~1\\AppData\\Local\\Temp\\TestAC3PlacementFloorHoldsForEverySeparatorSpellingnative-backs3622258633\\002\\data\\link\\sub\\keep-me.txt"
2026-10-09T23:28:24.3484536Z         C:\Users\RUNNER~1\AppData\Local\Temp\TestAC3PlacementFloorHoldsForEverySeparatorSpellingnative-backs3622258633\002\data\link\sub\keep-me.txt Everyone:(I)(RX)
2026-10-09T23:28:24.3489020Z                                                                                                                                                      BUILTIN\Administrators:(I)(F)
2026-10-09T23:28:24.3492639Z                                                                                                                                                      NT AUTHORITY\SYSTEM:(I)(F)
2026-10-09T23:28:24.3496425Z                                                                                                                                                      runnervmfi6oq\runneradmin:(I)(F)
2026-10-09T23:28:24.3496969Z         
2026-10-09T23:28:24.3497424Z         Successfully processed 1 files; Failed processing 0 files
2026-10-09T23:28:24.3499180Z     seam_bypass_108_windows_test.go:261: spelling "C:\\Users\\RUNNER~1\\AppData\\Local\\Temp\\TestAC3PlacementFloorHoldsForEverySeparatorSpellingnative-backs3622258633\\002\\data\\link\\sub\\keep-me.txt": foreign DACL before sids=[S-1-1-0 S-1-5-32-544 S-1-5-18 S-1-5-21-1643835476-1616584234-1346609752-500] names=[Everyone BUILTIN\Administrators NT AUTHORITY\SYSTEM runnervmfi6oq\runneradmin]
2026-10-09T23:28:24.3501268Z     seam_bypass_108_windows_test.go:272: icacls "C:\\Users\\RUNNER~1\\AppData\\Local\\Temp\\TestAC3PlacementFloorHoldsForEverySeparatorSpellingnative-backs3622258633\\002\\data\\link\\sub\\keep-me.txt"
2026-10-09T23:28:24.3502849Z         C:\Users\RUNNER~1\AppData\Local\Temp\TestAC3PlacementFloorHoldsForEverySeparatorSpellingnative-backs3622258633\002\data\link\sub\keep-me.txt Everyone:(I)(RX)
2026-10-09T23:28:24.3505842Z                                                                                                                                                      BUILTIN\Administrators:(I)(F)
2026-10-09T23:28:24.3508691Z                                                                                                                                                      NT AUTHORITY\SYSTEM:(I)(F)
2026-10-09T23:28:24.3512035Z                                                                                                                                                      runnervmfi6oq\runneradmin:(I)(F)
2026-10-09T23:28:24.3512821Z         
2026-10-09T23:28:24.3513371Z         Successfully processed 1 files; Failed processing 0 files
2026-10-09T23:28:24.3516158Z     seam_bypass_108_windows_test.go:273: spelling "C:\\Users\\RUNNER~1\\AppData\\Local\\Temp\\TestAC3PlacementFloorHoldsForEverySeparatorSpellingnative-backs3622258633\\002\\data\\link\\sub\\keep-me.txt": foreign DACL after  sids=[S-1-1-0 S-1-5-32-544 S-1-5-18 S-1-5-21-1643835476-1616584234-1346609752-500] names=[Everyone BUILTIN\Administrators NT AUTHORITY\SYSTEM runnervmfi6oq\runneradmin]
2026-10-09T23:28:24.3518563Z === RUN   TestAC3PlacementFloorHoldsForEverySeparatorSpelling/all-forward-slash
2026-10-09T23:28:24.3520156Z     seam_bypass_108_windows_test.go:247: icacls "C:\\Users\\RUNNER~1\\AppData\\Local\\Temp\\TestAC3PlacementFloorHoldsForEverySeparatorSpellingall-forward-84621384\\001\\victim"
2026-10-09T23:28:24.3522305Z         C:\Users\RUNNER~1\AppData\Local\Temp\TestAC3PlacementFloorHoldsForEverySeparatorSpellingall-forward-84621384\001\victim Everyone:(OI)(CI)(RX)
2026-10-09T23:28:24.3525162Z                                                                                                                                 NT AUTHORITY\SYSTEM:(OI)(CI)(F)
2026-10-09T23:28:24.3528110Z                                                                                                                                 BUILTIN\Administrators:(OI)(CI)(F)
2026-10-09T23:28:24.3531581Z                                                                                                                                 runnervmfi6oq\runneradmin:(OI)(CI)(F)
2026-10-09T23:28:24.3532664Z         
2026-10-09T23:28:24.3533340Z         Successfully processed 1 files; Failed processing 0 files
2026-10-09T23:28:24.3535134Z     seam_bypass_108_windows_test.go:247: victim DACL before: sids=[S-1-1-0 S-1-5-18 S-1-5-32-544 S-1-5-21-1643835476-1616584234-1346609752-500] names=[Everyone NT AUTHORITY\SYSTEM BUILTIN\Administrators runnervmfi6oq\runneradmin]
2026-10-09T23:28:24.3537301Z     seam_bypass_108_windows_test.go:256: fixture: own=C:\Users\RUNNER~1\AppData\Local\Temp\TestAC3PlacementFloorHoldsForEverySeparatorSpellingall-forward-84621384\002\data seam=<floor>
2026-10-09T23:28:24.3540403Z     seam_bypass_108_windows_test.go:257: mklink /J link -> victim: Junction created for C:\Users\RUNNER~1\AppData\Local\Temp\TestAC3PlacementFloorHoldsForEverySeparatorSpellingall-forward-84621384\002\data\link <<===>> C:\Users\RUNNER~1\AppData\Local\Temp\TestAC3PlacementFloorHoldsForEverySeparatorSpellingall-forward-84621384\001\victim
2026-10-09T23:28:24.3543459Z     seam_bypass_108_windows_test.go:257: junction in place: C:\Users\RUNNER~1\AppData\Local\Temp\TestAC3PlacementFloorHoldsForEverySeparatorSpellingall-forward-84621384\002\data\link (attributes 0x410)
2026-10-09T23:28:24.3545815Z     seam_bypass_108_windows_test.go:260: icacls "C:\\Users\\RUNNER~1\\AppData\\Local\\Temp\\TestAC3PlacementFloorHoldsForEverySeparatorSpellingall-forward-84621384\\002\\data\\link\\sub\\keep-me.txt"
2026-10-09T23:28:24.3548392Z         C:\Users\RUNNER~1\AppData\Local\Temp\TestAC3PlacementFloorHoldsForEverySeparatorSpellingall-forward-84621384\002\data\link\sub\keep-me.txt Everyone:(I)(RX)
2026-10-09T23:28:24.3552970Z                                                                                                                                                    BUILTIN\Administrators:(I)(F)
2026-10-09T23:28:24.3556772Z                                                                                                                                                    NT AUTHORITY\SYSTEM:(I)(F)
2026-10-09T23:28:24.3561058Z                                                                                                                                                    runnervmfi6oq\runneradmin:(I)(F)
2026-10-09T23:28:24.3561798Z         
2026-10-09T23:28:24.3562384Z         Successfully processed 1 files; Failed processing 0 files
2026-10-09T23:28:24.3565093Z     seam_bypass_108_windows_test.go:261: spelling "C:/Users/RUNNER~1/AppData/Local/Temp/TestAC3PlacementFloorHoldsForEverySeparatorSpellingall-forward-84621384/002/data/link/sub/keep-me.txt": foreign DACL before sids=[S-1-1-0 S-1-5-32-544 S-1-5-18 S-1-5-21-1643835476-1616584234-1346609752-500] names=[Everyone BUILTIN\Administrators NT AUTHORITY\SYSTEM runnervmfi6oq\runneradmin]
2026-10-09T23:28:24.3568835Z     seam_bypass_108_windows_test.go:272: icacls "C:\\Users\\RUNNER~1\\AppData\\Local\\Temp\\TestAC3PlacementFloorHoldsForEverySeparatorSpellingall-forward-84621384\\002\\data\\link\\sub\\keep-me.txt"
2026-10-09T23:28:24.3571153Z         C:\Users\RUNNER~1\AppData\Local\Temp\TestAC3PlacementFloorHoldsForEverySeparatorSpellingall-forward-84621384\002\data\link\sub\keep-me.txt Everyone:(I)(RX)
2026-10-09T23:28:24.3575536Z                                                                                                                                                    BUILTIN\Administrators:(I)(F)
2026-10-09T23:28:24.3579336Z                                                                                                                                                    NT AUTHORITY\SYSTEM:(I)(F)
2026-10-09T23:28:24.3583505Z                                                                                                                                                    runnervmfi6oq\runneradmin:(I)(F)
2026-10-09T23:28:24.3584308Z         
2026-10-09T23:28:24.3584939Z         Successfully processed 1 files; Failed processing 0 files
2026-10-09T23:28:24.3587690Z     seam_bypass_108_windows_test.go:273: spelling "C:/Users/RUNNER~1/AppData/Local/Temp/TestAC3PlacementFloorHoldsForEverySeparatorSpellingall-forward-84621384/002/data/link/sub/keep-me.txt": foreign DACL after  sids=[S-1-1-0 S-1-5-32-544 S-1-5-18 S-1-5-21-1643835476-1616584234-1346609752-500] names=[Everyone BUILTIN\Administrators NT AUTHORITY\SYSTEM runnervmfi6oq\runneradmin]
2026-10-09T23:28:24.3590881Z === RUN   TestAC3PlacementFloorHoldsForEverySeparatorSpelling/mixed-separators
2026-10-09T23:28:24.3592489Z     seam_bypass_108_windows_test.go:247: icacls "C:\\Users\\RUNNER~1\\AppData\\Local\\Temp\\TestAC3PlacementFloorHoldsForEverySeparatorSpellingmixed-separa387937175\\001\\victim"
2026-10-09T23:28:24.3594216Z         C:\Users\RUNNER~1\AppData\Local\Temp\TestAC3PlacementFloorHoldsForEverySeparatorSpellingmixed-separa387937175\001\victim Everyone:(OI)(CI)(RX)
2026-10-09T23:28:24.3597643Z                                                                                                                                  NT AUTHORITY\SYSTEM:(OI)(CI)(F)
2026-10-09T23:28:24.3601248Z                                                                                                                                  BUILTIN\Administrators:(OI)(CI)(F)
2026-10-09T23:28:24.3605967Z                                                                                                                                  runnervmfi6oq\runneradmin:(OI)(CI)(F)
2026-10-09T23:28:24.3606626Z         
2026-10-09T23:28:24.3607102Z         Successfully processed 1 files; Failed processing 0 files
2026-10-09T23:28:24.3608358Z     seam_bypass_108_windows_test.go:247: victim DACL before: sids=[S-1-1-0 S-1-5-18 S-1-5-32-544 S-1-5-21-1643835476-1616584234-1346609752-500] names=[Everyone NT AUTHORITY\SYSTEM BUILTIN\Administrators runnervmfi6oq\runneradmin]
2026-10-09T23:28:24.3609930Z     seam_bypass_108_windows_test.go:256: fixture: own=C:\Users\RUNNER~1\AppData\Local\Temp\TestAC3PlacementFloorHoldsForEverySeparatorSpellingmixed-separa387937175\002\data seam=<floor>
2026-10-09T23:28:24.3611929Z     seam_bypass_108_windows_test.go:257: mklink /J link -> victim: Junction created for C:\Users\RUNNER~1\AppData\Local\Temp\TestAC3PlacementFloorHoldsForEverySeparatorSpellingmixed-separa387937175\002\data\link <<===>> C:\Users\RUNNER~1\AppData\Local\Temp\TestAC3PlacementFloorHoldsForEverySeparatorSpellingmixed-separa387937175\001\victim
2026-10-09T23:28:24.3614111Z     seam_bypass_108_windows_test.go:257: junction in place: C:\Users\RUNNER~1\AppData\Local\Temp\TestAC3PlacementFloorHoldsForEverySeparatorSpellingmixed-separa387937175\002\data\link (attributes 0x410)
2026-10-09T23:28:24.3615778Z     seam_bypass_108_windows_test.go:260: icacls "C:\\Users\\RUNNER~1\\AppData\\Local\\Temp\\TestAC3PlacementFloorHoldsForEverySeparatorSpellingmixed-separa387937175\\002\\data\\link\\sub\\keep-me.txt"
2026-10-09T23:28:24.3617238Z         C:\Users\RUNNER~1\AppData\Local\Temp\TestAC3PlacementFloorHoldsForEverySeparatorSpellingmixed-separa387937175\002\data\link\sub\keep-me.txt Everyone:(I)(RX)
2026-10-09T23:28:24.3620167Z                                                                                                                                                     BUILTIN\Administrators:(I)(F)
2026-10-09T23:28:24.3622735Z                                                                                                                                                     NT AUTHORITY\SYSTEM:(I)(F)
2026-10-09T23:28:24.3625761Z                                                                                                                                                     runnervmfi6oq\runneradmin:(I)(F)
2026-10-09T23:28:24.3626411Z         
2026-10-09T23:28:24.3627000Z         Successfully processed 1 files; Failed processing 0 files
2026-10-09T23:28:24.3628861Z     seam_bypass_108_windows_test.go:261: spelling "C:/Users/RUNNER~1/AppData/Local/Temp/TestAC3PlacementFloorHoldsForEverySeparatorSpellingmixed-separa387937175/002/data\\link/sub/keep-me.txt": foreign DACL before sids=[S-1-1-0 S-1-5-32-544 S-1-5-18 S-1-5-21-1643835476-1616584234-1346609752-500] names=[Everyone BUILTIN\Administrators NT AUTHORITY\SYSTEM runnervmfi6oq\runneradmin]
2026-10-09T23:28:24.3631097Z     seam_bypass_108_windows_test.go:272: icacls "C:\\Users\\RUNNER~1\\AppData\\Local\\Temp\\TestAC3PlacementFloorHoldsForEverySeparatorSpellingmixed-separa387937175\\002\\data\\link\\sub\\keep-me.txt"
2026-10-09T23:28:24.3633616Z         C:\Users\RUNNER~1\AppData\Local\Temp\TestAC3PlacementFloorHoldsForEverySeparatorSpellingmixed-separa387937175\002\data\link\sub\keep-me.txt Everyone:(I)(RX)
2026-10-09T23:28:24.3636893Z                                                                                                                                                     BUILTIN\Administrators:(I)(F)
2026-10-09T23:28:24.3639529Z                                                                                                                                                     NT AUTHORITY\SYSTEM:(I)(F)
2026-10-09T23:28:24.3642504Z                                                                                                                                                     runnervmfi6oq\runneradmin:(I)(F)
2026-10-09T23:28:24.3643204Z         
2026-10-09T23:28:24.3644595Z         Successfully processed 1 files; Failed processing 0 files
2026-10-09T23:28:24.3647066Z     seam_bypass_108_windows_test.go:273: spelling "C:/Users/RUNNER~1/AppData/Local/Temp/TestAC3PlacementFloorHoldsForEverySeparatorSpellingmixed-separa387937175/002/data\\link/sub/keep-me.txt": foreign DACL after  sids=[S-1-1-0 S-1-5-32-544 S-1-5-18 S-1-5-21-1643835476-1616584234-1346609752-500] names=[Everyone BUILTIN\Administrators NT AUTHORITY\SYSTEM runnervmfi6oq\runneradmin]
2026-10-09T23:28:24.3649284Z === RUN   TestAC3PlacementFloorHoldsForEverySeparatorSpelling/trailing-separator
2026-10-09T23:28:24.3650350Z     seam_bypass_108_windows_test.go:247: icacls "C:\\Users\\RUNNER~1\\AppData\\Local\\Temp\\TestAC3PlacementFloorHoldsForEverySeparatorSpellingtrailing-sep3432991992\\001\\victim"
2026-10-09T23:28:24.3652117Z         C:\Users\RUNNER~1\AppData\Local\Temp\TestAC3PlacementFloorHoldsForEverySeparatorSpellingtrailing-sep3432991992\001\victim Everyone:(OI)(CI)(RX)
2026-10-09T23:28:24.3655350Z                                                                                                                                   NT AUTHORITY\SYSTEM:(OI)(CI)(F)
2026-10-09T23:28:24.3657673Z                                                                                                                                   BUILTIN\Administrators:(OI)(CI)(F)
2026-10-09T23:28:24.3660092Z                                                                                                                                   runnervmfi6oq\runneradmin:(OI)(CI)(F)
2026-10-09T23:28:24.3660888Z         
2026-10-09T23:28:24.3661463Z         Successfully processed 1 files; Failed processing 0 files
2026-10-09T23:28:24.3662642Z     seam_bypass_108_windows_test.go:247: victim DACL before: sids=[S-1-1-0 S-1-5-18 S-1-5-32-544 S-1-5-21-1643835476-1616584234-1346609752-500] names=[Everyone NT AUTHORITY\SYSTEM BUILTIN\Administrators runnervmfi6oq\runneradmin]
2026-10-09T23:28:24.3664452Z     seam_bypass_108_windows_test.go:256: fixture: own=C:\Users\RUNNER~1\AppData\Local\Temp\TestAC3PlacementFloorHoldsForEverySeparatorSpellingtrailing-sep3432991992\002\data seam=<floor>
2026-10-09T23:28:24.3666639Z     seam_bypass_108_windows_test.go:257: mklink /J link -> victim: Junction created for C:\Users\RUNNER~1\AppData\Local\Temp\TestAC3PlacementFloorHoldsForEverySeparatorSpellingtrailing-sep3432991992\002\data\link <<===>> C:\Users\RUNNER~1\AppData\Local\Temp\TestAC3PlacementFloorHoldsForEverySeparatorSpellingtrailing-sep3432991992\001\victim
2026-10-09T23:28:24.3668717Z     seam_bypass_108_windows_test.go:257: junction in place: C:\Users\RUNNER~1\AppData\Local\Temp\TestAC3PlacementFloorHoldsForEverySeparatorSpellingtrailing-sep3432991992\002\data\link (attributes 0x410)
2026-10-09T23:28:24.3670466Z     seam_bypass_108_windows_test.go:260: icacls "C:\\Users\\RUNNER~1\\AppData\\Local\\Temp\\TestAC3PlacementFloorHoldsForEverySeparatorSpellingtrailing-sep3432991992\\002\\data\\link\\sub\\keep-me.txt"
2026-10-09T23:28:24.3672035Z         C:\Users\RUNNER~1\AppData\Local\Temp\TestAC3PlacementFloorHoldsForEverySeparatorSpellingtrailing-sep3432991992\002\data\link\sub\keep-me.txt Everyone:(I)(RX)
2026-10-09T23:28:24.3675104Z                                                                                                                                                      BUILTIN\Administrators:(I)(F)
2026-10-09T23:28:24.3677824Z                                                                                                                                                      NT AUTHORITY\SYSTEM:(I)(F)
2026-10-09T23:28:24.3680547Z                                                                                                                                                      runnervmfi6oq\runneradmin:(I)(F)
2026-10-09T23:28:24.3681040Z         
2026-10-09T23:28:24.3681470Z         Successfully processed 1 files; Failed processing 0 files
2026-10-09T23:28:24.3683274Z     seam_bypass_108_windows_test.go:261: spelling "C:\\Users\\RUNNER~1\\AppData\\Local\\Temp\\TestAC3PlacementFloorHoldsForEverySeparatorSpellingtrailing-sep3432991992\\002\\data\\link\\sub\\keep-me.txt/": foreign DACL before sids=[S-1-1-0 S-1-5-32-544 S-1-5-18 S-1-5-21-1643835476-1616584234-1346609752-500] names=[Everyone BUILTIN\Administrators NT AUTHORITY\SYSTEM runnervmfi6oq\runneradmin]
2026-10-09T23:28:24.3685588Z     seam_bypass_108_windows_test.go:272: icacls "C:\\Users\\RUNNER~1\\AppData\\Local\\Temp\\TestAC3PlacementFloorHoldsForEverySeparatorSpellingtrailing-sep3432991992\\002\\data\\link\\sub\\keep-me.txt"
2026-10-09T23:28:24.3687013Z         C:\Users\RUNNER~1\AppData\Local\Temp\TestAC3PlacementFloorHoldsForEverySeparatorSpellingtrailing-sep3432991992\002\data\link\sub\keep-me.txt Everyone:(I)(RX)
2026-10-09T23:28:24.3691473Z                                                                                                                                                      BUILTIN\Administrators:(I)(F)
2026-10-09T23:28:24.3694248Z                                                                                                                                                      NT AUTHORITY\SYSTEM:(I)(F)
2026-10-09T23:28:24.3697000Z                                                                                                                                                      runnervmfi6oq\runneradmin:(I)(F)
2026-10-09T23:28:24.3697655Z         
2026-10-09T23:28:24.3698085Z         Successfully processed 1 files; Failed processing 0 files
2026-10-09T23:28:24.3699997Z     seam_bypass_108_windows_test.go:273: spelling "C:\\Users\\RUNNER~1\\AppData\\Local\\Temp\\TestAC3PlacementFloorHoldsForEverySeparatorSpellingtrailing-sep3432991992\\002\\data\\link\\sub\\keep-me.txt/": foreign DACL after  sids=[S-1-1-0 S-1-5-32-544 S-1-5-18 S-1-5-21-1643835476-1616584234-1346609752-500] names=[Everyone BUILTIN\Administrators NT AUTHORITY\SYSTEM runnervmfi6oq\runneradmin]
2026-10-09T23:28:24.3701574Z === RUN   TestAC3PlacementFloorHoldsForEverySeparatorSpelling/doubled-separator
2026-10-09T23:28:24.3702610Z     seam_bypass_108_windows_test.go:247: icacls "C:\\Users\\RUNNER~1\\AppData\\Local\\Temp\\TestAC3PlacementFloorHoldsForEverySeparatorSpellingdoubled-sepa1498179430\\001\\victim"
2026-10-09T23:28:24.3704369Z         C:\Users\RUNNER~1\AppData\Local\Temp\TestAC3PlacementFloorHoldsForEverySeparatorSpellingdoubled-sepa1498179430\001\victim Everyone:(OI)(CI)(RX)
2026-10-09T23:28:24.3706880Z                                                                                                                                   NT AUTHORITY\SYSTEM:(OI)(CI)(F)
2026-10-09T23:28:24.3709252Z                                                                                                                                   BUILTIN\Administrators:(OI)(CI)(F)
2026-10-09T23:28:24.3711787Z                                                                                                                                   runnervmfi6oq\runneradmin:(OI)(CI)(F)
2026-10-09T23:28:24.3712248Z         
2026-10-09T23:28:24.3712695Z         Successfully processed 1 files; Failed processing 0 files
2026-10-09T23:28:24.3713754Z     seam_bypass_108_windows_test.go:247: victim DACL before: sids=[S-1-1-0 S-1-5-18 S-1-5-32-544 S-1-5-21-1643835476-1616584234-1346609752-500] names=[Everyone NT AUTHORITY\SYSTEM BUILTIN\Administrators runnervmfi6oq\runneradmin]
2026-10-09T23:28:24.3715205Z     seam_bypass_108_windows_test.go:256: fixture: own=C:\Users\RUNNER~1\AppData\Local\Temp\TestAC3PlacementFloorHoldsForEverySeparatorSpellingdoubled-sepa1498179430\002\data seam=<floor>
2026-10-09T23:28:24.3717368Z     seam_bypass_108_windows_test.go:257: mklink /J link -> victim: Junction created for C:\Users\RUNNER~1\AppData\Local\Temp\TestAC3PlacementFloorHoldsForEverySeparatorSpellingdoubled-sepa1498179430\002\data\link <<===>> C:\Users\RUNNER~1\AppData\Local\Temp\TestAC3PlacementFloorHoldsForEverySeparatorSpellingdoubled-sepa1498179430\001\victim
2026-10-09T23:28:24.3719297Z     seam_bypass_108_windows_test.go:257: junction in place: C:\Users\RUNNER~1\AppData\Local\Temp\TestAC3PlacementFloorHoldsForEverySeparatorSpellingdoubled-sepa1498179430\002\data\link (attributes 0x410)
2026-10-09T23:28:24.3720833Z     seam_bypass_108_windows_test.go:260: icacls "C:\\Users\\RUNNER~1\\AppData\\Local\\Temp\\TestAC3PlacementFloorHoldsForEverySeparatorSpellingdoubled-sepa1498179430\\002\\data\\link\\sub\\keep-me.txt"
2026-10-09T23:28:24.3722268Z         C:\Users\RUNNER~1\AppData\Local\Temp\TestAC3PlacementFloorHoldsForEverySeparatorSpellingdoubled-sepa1498179430\002\data\link\sub\keep-me.txt Everyone:(I)(RX)
2026-10-09T23:28:24.3725463Z                                                                                                                                                      BUILTIN\Administrators:(I)(F)
2026-10-09T23:28:24.3728121Z                                                                                                                                                      NT AUTHORITY\SYSTEM:(I)(F)
2026-10-09T23:28:24.3730873Z                                                                                                                                                      runnervmfi6oq\runneradmin:(I)(F)
2026-10-09T23:28:24.3731375Z         
2026-10-09T23:28:24.3731794Z         Successfully processed 1 files; Failed processing 0 files
2026-10-09T23:28:24.3733585Z     seam_bypass_108_windows_test.go:261: spelling "C:\\Users\\RUNNER~1\\AppData\\Local\\Temp\\TestAC3PlacementFloorHoldsForEverySeparatorSpellingdoubled-sepa1498179430\\002\\data\\link//sub\\keep-me.txt": foreign DACL before sids=[S-1-1-0 S-1-5-32-544 S-1-5-18 S-1-5-21-1643835476-1616584234-1346609752-500] names=[Everyone BUILTIN\Administrators NT AUTHORITY\SYSTEM runnervmfi6oq\runneradmin]
2026-10-09T23:28:24.3735603Z     seam_bypass_108_windows_test.go:272: icacls "C:\\Users\\RUNNER~1\\AppData\\Local\\Temp\\TestAC3PlacementFloorHoldsForEverySeparatorSpellingdoubled-sepa1498179430\\002\\data\\link\\sub\\keep-me.txt"
2026-10-09T23:28:24.3737007Z         C:\Users\RUNNER~1\AppData\Local\Temp\TestAC3PlacementFloorHoldsForEverySeparatorSpellingdoubled-sepa1498179430\002\data\link\sub\keep-me.txt Everyone:(I)(RX)
2026-10-09T23:28:24.3739930Z                                                                                                                                                      BUILTIN\Administrators:(I)(F)
2026-10-09T23:28:24.3742482Z                                                                                                                                                      NT AUTHORITY\SYSTEM:(I)(F)
2026-10-09T23:28:24.3745876Z                                                                                                                                                      runnervmfi6oq\runneradmin:(I)(F)
2026-10-09T23:28:24.3748014Z         
2026-10-09T23:28:24.3748685Z         Successfully processed 1 files; Failed processing 0 files
2026-10-09T23:28:24.3753040Z     seam_bypass_108_windows_test.go:273: spelling "C:\\Users\\RUNNER~1\\AppData\\Local\\Temp\\TestAC3PlacementFloorHoldsForEverySeparatorSpellingdoubled-sepa1498179430\\002\\data\\link//sub\\keep-me.txt": foreign DACL after  sids=[S-1-1-0 S-1-5-32-544 S-1-5-18 S-1-5-21-1643835476-1616584234-1346609752-500] names=[Everyone BUILTIN\Administrators NT AUTHORITY\SYSTEM runnervmfi6oq\runneradmin]
2026-10-09T23:28:24.3755466Z === RUN   TestAC3PlacementFloorHoldsForEverySeparatorSpelling/dot-segment
2026-10-09T23:28:24.3757187Z     seam_bypass_108_windows_test.go:247: icacls "C:\\Users\\RUNNER~1\\AppData\\Local\\Temp\\TestAC3PlacementFloorHoldsForEverySeparatorSpellingdot-segment1401520085\\001\\victim"
2026-10-09T23:28:24.3759276Z         C:\Users\RUNNER~1\AppData\Local\Temp\TestAC3PlacementFloorHoldsForEverySeparatorSpellingdot-segment1401520085\001\victim Everyone:(OI)(CI)(RX)
2026-10-09T23:28:24.3763671Z                                                                                                                                  NT AUTHORITY\SYSTEM:(OI)(CI)(F)
2026-10-09T23:28:24.3766030Z                                                                                                                                  BUILTIN\Administrators:(OI)(CI)(F)
2026-10-09T23:28:24.3768361Z                                                                                                                                  runnervmfi6oq\runneradmin:(OI)(CI)(F)
2026-10-09T23:28:24.3768523Z         
2026-10-09T23:28:24.3768914Z         Successfully processed 1 files; Failed processing 0 files
2026-10-09T23:28:24.3769740Z     seam_bypass_108_windows_test.go:247: victim DACL before: sids=[S-1-1-0 S-1-5-18 S-1-5-32-544 S-1-5-21-1643835476-1616584234-1346609752-500] names=[Everyone NT AUTHORITY\SYSTEM BUILTIN\Administrators runnervmfi6oq\runneradmin]
2026-10-09T23:28:24.3770599Z     seam_bypass_108_windows_test.go:256: fixture: own=C:\Users\RUNNER~1\AppData\Local\Temp\TestAC3PlacementFloorHoldsForEverySeparatorSpellingdot-segment1401520085\002\data seam=<floor>
2026-10-09T23:28:24.3771998Z     seam_bypass_108_windows_test.go:257: mklink /J link -> victim: Junction created for C:\Users\RUNNER~1\AppData\Local\Temp\TestAC3PlacementFloorHoldsForEverySeparatorSpellingdot-segment1401520085\002\data\link <<===>> C:\Users\RUNNER~1\AppData\Local\Temp\TestAC3PlacementFloorHoldsForEverySeparatorSpellingdot-segment1401520085\001\victim
2026-10-09T23:28:24.3772783Z     seam_bypass_108_windows_test.go:257: junction in place: C:\Users\RUNNER~1\AppData\Local\Temp\TestAC3PlacementFloorHoldsForEverySeparatorSpellingdot-segment1401520085\002\data\link (attributes 0x410)
2026-10-09T23:28:24.3773786Z     seam_bypass_108_windows_test.go:260: icacls "C:\\Users\\RUNNER~1\\AppData\\Local\\Temp\\TestAC3PlacementFloorHoldsForEverySeparatorSpellingdot-segment1401520085\\002\\data\\link\\sub\\keep-me.txt"
2026-10-09T23:28:24.3774838Z         C:\Users\RUNNER~1\AppData\Local\Temp\TestAC3PlacementFloorHoldsForEverySeparatorSpellingdot-segment1401520085\002\data\link\sub\keep-me.txt Everyone:(I)(RX)
2026-10-09T23:28:24.3779148Z                                                                                                                                                     BUILTIN\Administrators:(I)(F)
2026-10-09T23:28:24.3783460Z                                                                                                                                                     NT AUTHORITY\SYSTEM:(I)(F)
2026-10-09T23:28:24.3787141Z                                                                                                                                                     runnervmfi6oq\runneradmin:(I)(F)
2026-10-09T23:28:24.3787408Z         
2026-10-09T23:28:24.3787847Z         Successfully processed 1 files; Failed processing 0 files
2026-10-09T23:28:24.3790024Z     seam_bypass_108_windows_test.go:261: spelling "C:\\Users\\RUNNER~1\\AppData\\Local\\Temp\\TestAC3PlacementFloorHoldsForEverySeparatorSpellingdot-segment1401520085\\002\\data\\link\\.\\sub\\keep-me.txt": foreign DACL before sids=[S-1-1-0 S-1-5-32-544 S-1-5-18 S-1-5-21-1643835476-1616584234-1346609752-500] names=[Everyone BUILTIN\Administrators NT AUTHORITY\SYSTEM runnervmfi6oq\runneradmin]
2026-10-09T23:28:24.3793006Z     seam_bypass_108_windows_test.go:272: icacls "C:\\Users\\RUNNER~1\\AppData\\Local\\Temp\\TestAC3PlacementFloorHoldsForEverySeparatorSpellingdot-segment1401520085\\002\\data\\link\\sub\\keep-me.txt"
2026-10-09T23:28:24.3794225Z         C:\Users\RUNNER~1\AppData\Local\Temp\TestAC3PlacementFloorHoldsForEverySeparatorSpellingdot-segment1401520085\002\data\link\sub\keep-me.txt Everyone:(I)(RX)
2026-10-09T23:28:24.3797711Z                                                                                                                                                     BUILTIN\Administrators:(I)(F)
2026-10-09T23:28:24.3801525Z                                                                                                                                                     NT AUTHORITY\SYSTEM:(I)(F)
2026-10-09T23:28:24.3804879Z                                                                                                                                                     runnervmfi6oq\runneradmin:(I)(F)
2026-10-09T23:28:24.3805019Z         
2026-10-09T23:28:24.3806008Z         Successfully processed 1 files; Failed processing 0 files
2026-10-09T23:28:24.3807978Z     seam_bypass_108_windows_test.go:273: spelling "C:\\Users\\RUNNER~1\\AppData\\Local\\Temp\\TestAC3PlacementFloorHoldsForEverySeparatorSpellingdot-segment1401520085\\002\\data\\link\\.\\sub\\keep-me.txt": foreign DACL after  sids=[S-1-1-0 S-1-5-32-544 S-1-5-18 S-1-5-21-1643835476-1616584234-1346609752-500] names=[Everyone BUILTIN\Administrators NT AUTHORITY\SYSTEM runnervmfi6oq\runneradmin]
2026-10-09T23:28:24.3808371Z === RUN   TestAC3PlacementFloorHoldsForEverySeparatorSpelling/extended-length-prefix
2026-10-09T23:28:24.3810327Z     seam_bypass_108_windows_test.go:247: icacls "C:\\Users\\RUNNER~1\\AppData\\Local\\Temp\\TestAC3PlacementFloorHoldsForEverySeparatorSpellingextended-len2639429561\\001\\victim"
2026-10-09T23:28:24.3811392Z         C:\Users\RUNNER~1\AppData\Local\Temp\TestAC3PlacementFloorHoldsForEverySeparatorSpellingextended-len2639429561\001\victim Everyone:(OI)(CI)(RX)
2026-10-09T23:28:24.3814356Z                                                                                                                                   NT AUTHORITY\SYSTEM:(OI)(CI)(F)
2026-10-09T23:28:24.3817349Z                                                                                                                                   BUILTIN\Administrators:(OI)(CI)(F)
2026-10-09T23:28:24.3820676Z                                                                                                                                   runnervmfi6oq\runneradmin:(OI)(CI)(F)
2026-10-09T23:28:24.3820898Z         
2026-10-09T23:28:24.3821275Z         Successfully processed 1 files; Failed processing 0 files
2026-10-09T23:28:24.3822629Z     seam_bypass_108_windows_test.go:247: victim DACL before: sids=[S-1-1-0 S-1-5-18 S-1-5-32-544 S-1-5-21-1643835476-1616584234-1346609752-500] names=[Everyone NT AUTHORITY\SYSTEM BUILTIN\Administrators runnervmfi6oq\runneradmin]
2026-10-09T23:28:24.3823991Z     seam_bypass_108_windows_test.go:256: fixture: own=C:\Users\RUNNER~1\AppData\Local\Temp\TestAC3PlacementFloorHoldsForEverySeparatorSpellingextended-len2639429561\002\data seam=<floor>
2026-10-09T23:28:24.3826053Z     seam_bypass_108_windows_test.go:257: mklink /J link -> victim: Junction created for C:\Users\RUNNER~1\AppData\Local\Temp\TestAC3PlacementFloorHoldsForEverySeparatorSpellingextended-len2639429561\002\data\link <<===>> C:\Users\RUNNER~1\AppData\Local\Temp\TestAC3PlacementFloorHoldsForEverySeparatorSpellingextended-len2639429561\001\victim
2026-10-09T23:28:24.3827341Z     seam_bypass_108_windows_test.go:257: junction in place: C:\Users\RUNNER~1\AppData\Local\Temp\TestAC3PlacementFloorHoldsForEverySeparatorSpellingextended-len2639429561\002\data\link (attributes 0x410)
2026-10-09T23:28:24.3828375Z     seam_bypass_108_windows_test.go:260: icacls "C:\\Users\\RUNNER~1\\AppData\\Local\\Temp\\TestAC3PlacementFloorHoldsForEverySeparatorSpellingextended-len2639429561\\002\\data\\link\\sub\\keep-me.txt"
2026-10-09T23:28:24.3829120Z         C:\Users\RUNNER~1\AppData\Local\Temp\TestAC3PlacementFloorHoldsForEverySeparatorSpellingextended-len2639429561\002\data\link\sub\keep-me.txt Everyone:(I)(RX)
2026-10-09T23:28:24.3831523Z                                                                                                                                                      BUILTIN\Administrators:(I)(F)
2026-10-09T23:28:24.3834485Z                                                                                                                                                      NT AUTHORITY\SYSTEM:(I)(F)
2026-10-09T23:28:24.3838068Z                                                                                                                                                      runnervmfi6oq\runneradmin:(I)(F)
2026-10-09T23:28:24.3838285Z         
2026-10-09T23:28:24.3838688Z         Successfully processed 1 files; Failed processing 0 files
2026-10-09T23:28:24.3841073Z     seam_bypass_108_windows_test.go:261: spelling "\\\\?\\C:\\Users\\RUNNER~1\\AppData\\Local\\Temp\\TestAC3PlacementFloorHoldsForEverySeparatorSpellingextended-len2639429561\\002\\data\\link\\sub\\keep-me.txt": foreign DACL before sids=[S-1-1-0 S-1-5-32-544 S-1-5-18 S-1-5-21-1643835476-1616584234-1346609752-500] names=[Everyone BUILTIN\Administrators NT AUTHORITY\SYSTEM runnervmfi6oq\runneradmin]
2026-10-09T23:28:24.3842308Z     seam_bypass_108_windows_test.go:272: icacls "C:\\Users\\RUNNER~1\\AppData\\Local\\Temp\\TestAC3PlacementFloorHoldsForEverySeparatorSpellingextended-len2639429561\\002\\data\\link\\sub\\keep-me.txt"
2026-10-09T23:28:24.3843942Z         C:\Users\RUNNER~1\AppData\Local\Temp\TestAC3PlacementFloorHoldsForEverySeparatorSpellingextended-len2639429561\002\data\link\sub\keep-me.txt Everyone:(I)(RX)
2026-10-09T23:28:24.3847015Z                                                                                                                                                      BUILTIN\Administrators:(I)(F)
2026-10-09T23:28:24.3849423Z                                                                                                                                                      NT AUTHORITY\SYSTEM:(I)(F)
2026-10-09T23:28:24.3853040Z                                                                                                                                                      runnervmfi6oq\runneradmin:(I)(F)
2026-10-09T23:28:24.3853532Z         
2026-10-09T23:28:24.3853986Z         Successfully processed 1 files; Failed processing 0 files
2026-10-09T23:28:24.3856356Z     seam_bypass_108_windows_test.go:273: spelling "\\\\?\\C:\\Users\\RUNNER~1\\AppData\\Local\\Temp\\TestAC3PlacementFloorHoldsForEverySeparatorSpellingextended-len2639429561\\002\\data\\link\\sub\\keep-me.txt": foreign DACL after  sids=[S-1-1-0 S-1-5-32-544 S-1-5-18 S-1-5-21-1643835476-1616584234-1346609752-500] names=[Everyone BUILTIN\Administrators NT AUTHORITY\SYSTEM runnervmfi6oq\runneradmin]
2026-10-09T23:28:24.3856884Z === RUN   TestAC3PlacementFloorHoldsForEverySeparatorSpelling/volume-only-relative-tail
2026-10-09T23:28:24.3857981Z     seam_bypass_108_windows_test.go:247: icacls "C:\\Users\\RUNNER~1\\AppData\\Local\\Temp\\TestAC3PlacementFloorHoldsForEverySeparatorSpellingvolume-only-3396853685\\001\\victim"
2026-10-09T23:28:24.3859021Z         C:\Users\RUNNER~1\AppData\Local\Temp\TestAC3PlacementFloorHoldsForEverySeparatorSpellingvolume-only-3396853685\001\victim Everyone:(OI)(CI)(RX)
2026-10-09T23:28:24.3862009Z                                                                                                                                   NT AUTHORITY\SYSTEM:(OI)(CI)(F)
2026-10-09T23:28:24.3865731Z                                                                                                                                   BUILTIN\Administrators:(OI)(CI)(F)
2026-10-09T23:28:24.3868629Z                                                                                                                                   runnervmfi6oq\runneradmin:(OI)(CI)(F)
2026-10-09T23:28:24.3868854Z         
2026-10-09T23:28:24.3869262Z         Successfully processed 1 files; Failed processing 0 files
2026-10-09T23:28:24.3870601Z     seam_bypass_108_windows_test.go:247: victim DACL before: sids=[S-1-1-0 S-1-5-18 S-1-5-32-544 S-1-5-21-1643835476-1616584234-1346609752-500] names=[Everyone NT AUTHORITY\SYSTEM BUILTIN\Administrators runnervmfi6oq\runneradmin]
2026-10-09T23:28:24.3871871Z     seam_bypass_108_windows_test.go:256: fixture: own=C:\Users\RUNNER~1\AppData\Local\Temp\TestAC3PlacementFloorHoldsForEverySeparatorSpellingvolume-only-3396853685\002\data seam=<floor>
2026-10-09T23:28:24.3874058Z     seam_bypass_108_windows_test.go:257: mklink /J link -> victim: Junction created for C:\Users\RUNNER~1\AppData\Local\Temp\TestAC3PlacementFloorHoldsForEverySeparatorSpellingvolume-only-3396853685\002\data\link <<===>> C:\Users\RUNNER~1\AppData\Local\Temp\TestAC3PlacementFloorHoldsForEverySeparatorSpellingvolume-only-3396853685\001\victim
2026-10-09T23:28:24.3875347Z     seam_bypass_108_windows_test.go:257: junction in place: C:\Users\RUNNER~1\AppData\Local\Temp\TestAC3PlacementFloorHoldsForEverySeparatorSpellingvolume-only-3396853685\002\data\link (attributes 0x410)
2026-10-09T23:28:24.3876535Z     seam_bypass_108_windows_test.go:260: icacls "C:\\Users\\RUNNER~1\\AppData\\Local\\Temp\\TestAC3PlacementFloorHoldsForEverySeparatorSpellingvolume-only-3396853685\\002\\data\\link\\sub\\keep-me.txt"
2026-10-09T23:28:24.3877623Z         C:\Users\RUNNER~1\AppData\Local\Temp\TestAC3PlacementFloorHoldsForEverySeparatorSpellingvolume-only-3396853685\002\data\link\sub\keep-me.txt Everyone:(I)(RX)
2026-10-09T23:28:24.3881222Z                                                                                                                                                      BUILTIN\Administrators:(I)(F)
2026-10-09T23:28:24.3885200Z                                                                                                                                                      NT AUTHORITY\SYSTEM:(I)(F)
2026-10-09T23:28:24.3887685Z                                                                                                                                                      runnervmfi6oq\runneradmin:(I)(F)
2026-10-09T23:28:24.3887856Z         
2026-10-09T23:28:24.3888169Z         Successfully processed 1 files; Failed processing 0 files
2026-10-09T23:28:24.3889433Z     seam_bypass_108_windows_test.go:261: spelling "data\\link/sub/keep-me.txt": foreign DACL before sids=[S-1-1-0 S-1-5-32-544 S-1-5-18 S-1-5-21-1643835476-1616584234-1346609752-500] names=[Everyone BUILTIN\Administrators NT AUTHORITY\SYSTEM runnervmfi6oq\runneradmin]
2026-10-09T23:28:24.3890268Z     seam_bypass_108_windows_test.go:272: icacls "C:\\Users\\RUNNER~1\\AppData\\Local\\Temp\\TestAC3PlacementFloorHoldsForEverySeparatorSpellingvolume-only-3396853685\\002\\data\\link\\sub\\keep-me.txt"
2026-10-09T23:28:24.3890998Z         C:\Users\RUNNER~1\AppData\Local\Temp\TestAC3PlacementFloorHoldsForEverySeparatorSpellingvolume-only-3396853685\002\data\link\sub\keep-me.txt Everyone:(I)(RX)
2026-10-09T23:28:24.3893360Z                                                                                                                                                      BUILTIN\Administrators:(I)(F)
2026-10-09T23:28:24.3895641Z                                                                                                                                                      NT AUTHORITY\SYSTEM:(I)(F)
2026-10-09T23:28:24.3898045Z                                                                                                                                                      runnervmfi6oq\runneradmin:(I)(F)
2026-10-09T23:28:24.3898304Z         
2026-10-09T23:28:24.3898571Z         Successfully processed 1 files; Failed processing 0 files
2026-10-09T23:28:24.3899541Z     seam_bypass_108_windows_test.go:273: spelling "data\\link/sub/keep-me.txt": foreign DACL after  sids=[S-1-1-0 S-1-5-32-544 S-1-5-18 S-1-5-21-1643835476-1616584234-1346609752-500] names=[Everyone BUILTIN\Administrators NT AUTHORITY\SYSTEM runnervmfi6oq\runneradmin]
2026-10-09T23:28:24.3899822Z --- PASS: TestAC3PlacementFloorHoldsForEverySeparatorSpelling (0.62s)
2026-10-09T23:28:24.3900192Z     --- PASS: TestAC3PlacementFloorHoldsForEverySeparatorSpelling/native-backslash (0.08s)
2026-10-09T23:28:24.3900589Z     --- PASS: TestAC3PlacementFloorHoldsForEverySeparatorSpelling/all-forward-slash (0.08s)
2026-10-09T23:28:24.3900929Z     --- PASS: TestAC3PlacementFloorHoldsForEverySeparatorSpelling/mixed-separators (0.08s)
2026-10-09T23:28:24.3901326Z     --- PASS: TestAC3PlacementFloorHoldsForEverySeparatorSpelling/trailing-separator (0.08s)
2026-10-09T23:28:24.3901695Z     --- PASS: TestAC3PlacementFloorHoldsForEverySeparatorSpelling/doubled-separator (0.08s)
2026-10-09T23:28:24.3902028Z     --- PASS: TestAC3PlacementFloorHoldsForEverySeparatorSpelling/dot-segment (0.08s)
2026-10-09T23:28:24.3902429Z     --- PASS: TestAC3PlacementFloorHoldsForEverySeparatorSpelling/extended-length-prefix (0.08s)
2026-10-09T23:28:24.3902803Z     --- PASS: TestAC3PlacementFloorHoldsForEverySeparatorSpelling/volume-only-relative-tail (0.08s)
2026-10-09T23:28:24.3903054Z === RUN   TestAC2AncestorGuardHoldsForEverySeparatorSpelling
2026-10-09T23:28:24.3903340Z === RUN   TestAC2AncestorGuardHoldsForEverySeparatorSpelling/native-backslash
2026-10-09T23:28:24.3904497Z     seam_bypass_108_windows_test.go:330: icacls "C:\\Users\\RUNNER~1\\AppData\\Local\\Temp\\TestAC2AncestorGuardHoldsForEverySeparatorSpellingnative-backsl2061628234\\001\\victim"
2026-10-09T23:28:24.3905215Z         C:\Users\RUNNER~1\AppData\Local\Temp\TestAC2AncestorGuardHoldsForEverySeparatorSpellingnative-backsl2061628234\001\victim Everyone:(OI)(CI)(RX)
2026-10-09T23:28:24.3907143Z                                                                                                                                   NT AUTHORITY\SYSTEM:(OI)(CI)(F)
2026-10-09T23:28:24.3909855Z                                                                                                                                   BUILTIN\Administrators:(OI)(CI)(F)
2026-10-09T23:28:24.3912397Z                                                                                                                                   runnervmfi6oq\runneradmin:(OI)(CI)(F)
2026-10-09T23:28:24.3912539Z         
2026-10-09T23:28:24.3912994Z         Successfully processed 1 files; Failed processing 0 files
2026-10-09T23:28:24.3913841Z     seam_bypass_108_windows_test.go:330: victim DACL before: sids=[S-1-1-0 S-1-5-18 S-1-5-32-544 S-1-5-21-1643835476-1616584234-1346609752-500] names=[Everyone NT AUTHORITY\SYSTEM BUILTIN\Administrators runnervmfi6oq\runneradmin]
2026-10-09T23:28:24.3914688Z     seam_bypass_108_windows_test.go:339: fixture: own=C:\Users\RUNNER~1\AppData\Local\Temp\TestAC2AncestorGuardHoldsForEverySeparatorSpellingnative-backsl2061628234\002\data seam=risk.c26Pipeline
2026-10-09T23:28:24.3916203Z     seam_bypass_108_windows_test.go:340: mklink /J link -> victim: Junction created for C:\Users\RUNNER~1\AppData\Local\Temp\TestAC2AncestorGuardHoldsForEverySeparatorSpellingnative-backsl2061628234\002\data\link <<===>> C:\Users\RUNNER~1\AppData\Local\Temp\TestAC2AncestorGuardHoldsForEverySeparatorSpellingnative-backsl2061628234\001\victim
2026-10-09T23:28:24.3917030Z     seam_bypass_108_windows_test.go:340: junction in place: C:\Users\RUNNER~1\AppData\Local\Temp\TestAC2AncestorGuardHoldsForEverySeparatorSpellingnative-backsl2061628234\002\data\link (attributes 0x410)
2026-10-09T23:28:24.3919526Z     seam_bypass_108_windows_test.go:345: RemoveUnlinked("C:\\Users\\RUNNER~1\\AppData\\Local\\Temp\\TestAC2AncestorGuardHoldsForEverySeparatorSpellingnative-backsl2061628234\\002\\data\\link\\sub\\keep-me.txt") -> err=winsec: entry is a link to something else, not private data C:\Users\RUNNER~1\AppData\Local\Temp\TestAC2AncestorGuardHoldsForEverySeparatorSpellingnative-backsl2061628234\002\data\link\sub\keep-me.txt: the spelling reaches it through the link at C:\Users\RUNNER~1\AppData\Local\Temp\TestAC2AncestorGuardHoldsForEverySeparatorSpellingnative-backsl2061628234\002\data\link, and whatever lives behind that link is not this tree's data to delete
2026-10-09T23:28:24.3920330Z     seam_bypass_108_windows_test.go:360: icacls "C:\\Users\\RUNNER~1\\AppData\\Local\\Temp\\TestAC2AncestorGuardHoldsForEverySeparatorSpellingnative-backsl2061628234\\001\\victim"
2026-10-09T23:28:24.3921239Z         C:\Users\RUNNER~1\AppData\Local\Temp\TestAC2AncestorGuardHoldsForEverySeparatorSpellingnative-backsl2061628234\001\victim Everyone:(OI)(CI)(RX)
2026-10-09T23:28:24.3924937Z                                                                                                                                   NT AUTHORITY\SYSTEM:(OI)(CI)(F)
2026-10-09T23:28:24.3928118Z                                                                                                                                   BUILTIN\Administrators:(OI)(CI)(F)
2026-10-09T23:28:24.3931402Z                                                                                                                                   runnervmfi6oq\runneradmin:(OI)(CI)(F)
2026-10-09T23:28:24.3931554Z         
2026-10-09T23:28:24.3931971Z         Successfully processed 1 files; Failed processing 0 files
2026-10-09T23:28:24.3932300Z === RUN   TestAC2AncestorGuardHoldsForEverySeparatorSpelling/all-forward-slash
2026-10-09T23:28:24.3933092Z     seam_bypass_108_windows_test.go:330: icacls "C:\\Users\\RUNNER~1\\AppData\\Local\\Temp\\TestAC2AncestorGuardHoldsForEverySeparatorSpellingall-forward-s3594303587\\001\\victim"
2026-10-09T23:28:24.3933807Z         C:\Users\RUNNER~1\AppData\Local\Temp\TestAC2AncestorGuardHoldsForEverySeparatorSpellingall-forward-s3594303587\001\victim Everyone:(OI)(CI)(RX)
2026-10-09T23:28:24.3935757Z                                                                                                                                   NT AUTHORITY\SYSTEM:(OI)(CI)(F)
2026-10-09T23:28:24.3937783Z                                                                                                                                   BUILTIN\Administrators:(OI)(CI)(F)
2026-10-09T23:28:24.3939846Z                                                                                                                                   runnervmfi6oq\runneradmin:(OI)(CI)(F)
2026-10-09T23:28:24.3939964Z         
2026-10-09T23:28:24.3940473Z         Successfully processed 1 files; Failed processing 0 files
2026-10-09T23:28:24.3941305Z     seam_bypass_108_windows_test.go:330: victim DACL before: sids=[S-1-1-0 S-1-5-18 S-1-5-32-544 S-1-5-21-1643835476-1616584234-1346609752-500] names=[Everyone NT AUTHORITY\SYSTEM BUILTIN\Administrators runnervmfi6oq\runneradmin]
2026-10-09T23:28:24.3942924Z     seam_bypass_108_windows_test.go:339: fixture: own=C:\Users\RUNNER~1\AppData\Local\Temp\TestAC2AncestorGuardHoldsForEverySeparatorSpellingall-forward-s3594303587\002\data seam=risk.c26Pipeline
2026-10-09T23:28:24.3944387Z     seam_bypass_108_windows_test.go:340: mklink /J link -> victim: Junction created for C:\Users\RUNNER~1\AppData\Local\Temp\TestAC2AncestorGuardHoldsForEverySeparatorSpellingall-forward-s3594303587\002\data\link <<===>> C:\Users\RUNNER~1\AppData\Local\Temp\TestAC2AncestorGuardHoldsForEverySeparatorSpellingall-forward-s3594303587\001\victim
2026-10-09T23:28:24.3945308Z     seam_bypass_108_windows_test.go:340: junction in place: C:\Users\RUNNER~1\AppData\Local\Temp\TestAC2AncestorGuardHoldsForEverySeparatorSpellingall-forward-s3594303587\002\data\link (attributes 0x410)
2026-10-09T23:28:24.3948288Z     seam_bypass_108_windows_test.go:345: RemoveUnlinked("C:/Users/RUNNER~1/AppData/Local/Temp/TestAC2AncestorGuardHoldsForEverySeparatorSpellingall-forward-s3594303587/002/data/link/sub/keep-me.txt") -> err=winsec: entry is a link to something else, not private data C:/Users/RUNNER~1/AppData/Local/Temp/TestAC2AncestorGuardHoldsForEverySeparatorSpellingall-forward-s3594303587/002/data/link/sub/keep-me.txt: the spelling reaches it through the link at C:/Users/RUNNER~1/AppData/Local/Temp/TestAC2AncestorGuardHoldsForEverySeparatorSpellingall-forward-s3594303587/002/data/link, and whatever lives behind that link is not this tree's data to delete
2026-10-09T23:28:24.3949368Z     seam_bypass_108_windows_test.go:360: icacls "C:\\Users\\RUNNER~1\\AppData\\Local\\Temp\\TestAC2AncestorGuardHoldsForEverySeparatorSpellingall-forward-s3594303587\\001\\victim"
2026-10-09T23:28:24.3950396Z         C:\Users\RUNNER~1\AppData\Local\Temp\TestAC2AncestorGuardHoldsForEverySeparatorSpellingall-forward-s3594303587\001\victim Everyone:(OI)(CI)(RX)
2026-10-09T23:28:24.3953252Z                                                                                                                                   NT AUTHORITY\SYSTEM:(OI)(CI)(F)
2026-10-09T23:28:24.3956362Z                                                                                                                                   BUILTIN\Administrators:(OI)(CI)(F)
2026-10-09T23:28:24.3959413Z                                                                                                                                   runnervmfi6oq\runneradmin:(OI)(CI)(F)
2026-10-09T23:28:24.3959634Z         
2026-10-09T23:28:24.3960082Z         Successfully processed 1 files; Failed processing 0 files
2026-10-09T23:28:24.3960507Z === RUN   TestAC2AncestorGuardHoldsForEverySeparatorSpelling/mixed-separators
2026-10-09T23:28:24.3961682Z     seam_bypass_108_windows_test.go:330: icacls "C:\\Users\\RUNNER~1\\AppData\\Local\\Temp\\TestAC2AncestorGuardHoldsForEverySeparatorSpellingmixed-separat1997303624\\001\\victim"
2026-10-09T23:28:24.3963089Z         C:\Users\RUNNER~1\AppData\Local\Temp\TestAC2AncestorGuardHoldsForEverySeparatorSpellingmixed-separat1997303624\001\victim Everyone:(OI)(CI)(RX)
2026-10-09T23:28:24.3966081Z                                                                                                                                   NT AUTHORITY\SYSTEM:(OI)(CI)(F)
2026-10-09T23:28:24.3969027Z                                                                                                                                   BUILTIN\Administrators:(OI)(CI)(F)
2026-10-09T23:28:24.3972253Z                                                                                                                                   runnervmfi6oq\runneradmin:(OI)(CI)(F)
2026-10-09T23:28:24.3972469Z         
2026-10-09T23:28:24.3973188Z         Successfully processed 1 files; Failed processing 0 files
2026-10-09T23:28:24.3974519Z     seam_bypass_108_windows_test.go:330: victim DACL before: sids=[S-1-1-0 S-1-5-18 S-1-5-32-544 S-1-5-21-1643835476-1616584234-1346609752-500] names=[Everyone NT AUTHORITY\SYSTEM BUILTIN\Administrators runnervmfi6oq\runneradmin]
2026-10-09T23:28:24.3975749Z     seam_bypass_108_windows_test.go:339: fixture: own=C:\Users\RUNNER~1\AppData\Local\Temp\TestAC2AncestorGuardHoldsForEverySeparatorSpellingmixed-separat1997303624\002\data seam=risk.c26Pipeline
2026-10-09T23:28:24.3977923Z     seam_bypass_108_windows_test.go:340: mklink /J link -> victim: Junction created for C:\Users\RUNNER~1\AppData\Local\Temp\TestAC2AncestorGuardHoldsForEverySeparatorSpellingmixed-separat1997303624\002\data\link <<===>> C:\Users\RUNNER~1\AppData\Local\Temp\TestAC2AncestorGuardHoldsForEverySeparatorSpellingmixed-separat1997303624\001\victim
2026-10-09T23:28:24.3979163Z     seam_bypass_108_windows_test.go:340: junction in place: C:\Users\RUNNER~1\AppData\Local\Temp\TestAC2AncestorGuardHoldsForEverySeparatorSpellingmixed-separat1997303624\002\data\link (attributes 0x410)
2026-10-09T23:28:24.3983161Z     seam_bypass_108_windows_test.go:345: RemoveUnlinked("C:/Users/RUNNER~1/AppData/Local/Temp/TestAC2AncestorGuardHoldsForEverySeparatorSpellingmixed-separat1997303624/002/data\\link/sub/keep-me.txt") -> err=winsec: entry is a link to something else, not private data C:/Users/RUNNER~1/AppData/Local/Temp/TestAC2AncestorGuardHoldsForEverySeparatorSpellingmixed-separat1997303624/002/data\link/sub/keep-me.txt: the spelling reaches it through the link at C:/Users/RUNNER~1/AppData/Local/Temp/TestAC2AncestorGuardHoldsForEverySeparatorSpellingmixed-separat1997303624/002/data\link, and whatever lives behind that link is not this tree's data to delete
2026-10-09T23:28:24.3984111Z     seam_bypass_108_windows_test.go:360: icacls "C:\\Users\\RUNNER~1\\AppData\\Local\\Temp\\TestAC2AncestorGuardHoldsForEverySeparatorSpellingmixed-separat1997303624\\001\\victim"
2026-10-09T23:28:24.3984796Z         C:\Users\RUNNER~1\AppData\Local\Temp\TestAC2AncestorGuardHoldsForEverySeparatorSpellingmixed-separat1997303624\001\victim Everyone:(OI)(CI)(RX)
2026-10-09T23:28:24.3986790Z                                                                                                                                   NT AUTHORITY\SYSTEM:(OI)(CI)(F)
2026-10-09T23:28:24.3988844Z                                                                                                                                   BUILTIN\Administrators:(OI)(CI)(F)
2026-10-09T23:28:24.3990905Z                                                                                                                                   runnervmfi6oq\runneradmin:(OI)(CI)(F)
2026-10-09T23:28:24.3991057Z         
2026-10-09T23:28:24.3991336Z         Successfully processed 1 files; Failed processing 0 files
2026-10-09T23:28:24.3991677Z === RUN   TestAC2AncestorGuardHoldsForEverySeparatorSpelling/trailing-separator
2026-10-09T23:28:24.3992400Z     seam_bypass_108_windows_test.go:330: icacls "C:\\Users\\RUNNER~1\\AppData\\Local\\Temp\\TestAC2AncestorGuardHoldsForEverySeparatorSpellingtrailing-sepa3329619621\\001\\victim"
2026-10-09T23:28:24.3993068Z         C:\Users\RUNNER~1\AppData\Local\Temp\TestAC2AncestorGuardHoldsForEverySeparatorSpellingtrailing-sepa3329619621\001\victim Everyone:(OI)(CI)(RX)
2026-10-09T23:28:24.3995001Z                                                                                                                                   NT AUTHORITY\SYSTEM:(OI)(CI)(F)
2026-10-09T23:28:24.3997098Z                                                                                                                                   BUILTIN\Administrators:(OI)(CI)(F)
2026-10-09T23:28:24.3999225Z                                                                                                                                   runnervmfi6oq\runneradmin:(OI)(CI)(F)
2026-10-09T23:28:24.3999392Z         
2026-10-09T23:28:24.3999752Z         Successfully processed 1 files; Failed processing 0 files
2026-10-09T23:28:24.4000607Z     seam_bypass_108_windows_test.go:330: victim DACL before: sids=[S-1-1-0 S-1-5-18 S-1-5-32-544 S-1-5-21-1643835476-1616584234-1346609752-500] names=[Everyone NT AUTHORITY\SYSTEM BUILTIN\Administrators runnervmfi6oq\runneradmin]
2026-10-09T23:28:24.4001445Z     seam_bypass_108_windows_test.go:339: fixture: own=C:\Users\RUNNER~1\AppData\Local\Temp\TestAC2AncestorGuardHoldsForEverySeparatorSpellingtrailing-sepa3329619621\002\data seam=risk.c26Pipeline
2026-10-09T23:28:24.4003071Z     seam_bypass_108_windows_test.go:340: mklink /J link -> victim: Junction created for C:\Users\RUNNER~1\AppData\Local\Temp\TestAC2AncestorGuardHoldsForEverySeparatorSpellingtrailing-sepa3329619621\002\data\link <<===>> C:\Users\RUNNER~1\AppData\Local\Temp\TestAC2AncestorGuardHoldsForEverySeparatorSpellingtrailing-sepa3329619621\001\victim
2026-10-09T23:28:24.4003924Z     seam_bypass_108_windows_test.go:340: junction in place: C:\Users\RUNNER~1\AppData\Local\Temp\TestAC2AncestorGuardHoldsForEverySeparatorSpellingtrailing-sepa3329619621\002\data\link (attributes 0x410)
2026-10-09T23:28:24.4006494Z     seam_bypass_108_windows_test.go:345: RemoveUnlinked("C:\\Users\\RUNNER~1\\AppData\\Local\\Temp\\TestAC2AncestorGuardHoldsForEverySeparatorSpellingtrailing-sepa3329619621\\002\\data\\link\\sub\\keep-me.txt/") -> err=winsec: entry is a link to something else, not private data C:\Users\RUNNER~1\AppData\Local\Temp\TestAC2AncestorGuardHoldsForEverySeparatorSpellingtrailing-sepa3329619621\002\data\link\sub\keep-me.txt/: the spelling reaches it through the link at C:\Users\RUNNER~1\AppData\Local\Temp\TestAC2AncestorGuardHoldsForEverySeparatorSpellingtrailing-sepa3329619621\002\data\link, and whatever lives behind that link is not this tree's data to delete
2026-10-09T23:28:24.4007307Z     seam_bypass_108_windows_test.go:360: icacls "C:\\Users\\RUNNER~1\\AppData\\Local\\Temp\\TestAC2AncestorGuardHoldsForEverySeparatorSpellingtrailing-sepa3329619621\\001\\victim"
2026-10-09T23:28:24.4007991Z         C:\Users\RUNNER~1\AppData\Local\Temp\TestAC2AncestorGuardHoldsForEverySeparatorSpellingtrailing-sepa3329619621\001\victim Everyone:(OI)(CI)(RX)
2026-10-09T23:28:24.4010595Z                                                                                                                                   NT AUTHORITY\SYSTEM:(OI)(CI)(F)
2026-10-09T23:28:24.4013326Z                                                                                                                                   BUILTIN\Administrators:(OI)(CI)(F)
2026-10-09T23:28:24.4015510Z                                                                                                                                   runnervmfi6oq\runneradmin:(OI)(CI)(F)
2026-10-09T23:28:24.4015680Z         
2026-10-09T23:28:24.4015966Z         Successfully processed 1 files; Failed processing 0 files
2026-10-09T23:28:24.4016289Z === RUN   TestAC2AncestorGuardHoldsForEverySeparatorSpelling/doubled-separator
2026-10-09T23:28:24.4017018Z     seam_bypass_108_windows_test.go:330: icacls "C:\\Users\\RUNNER~1\\AppData\\Local\\Temp\\TestAC2AncestorGuardHoldsForEverySeparatorSpellingdoubled-separ873778269\\001\\victim"
2026-10-09T23:28:24.4017746Z         C:\Users\RUNNER~1\AppData\Local\Temp\TestAC2AncestorGuardHoldsForEverySeparatorSpellingdoubled-separ873778269\001\victim Everyone:(OI)(CI)(RX)
2026-10-09T23:28:24.4019924Z                                                                                                                                  NT AUTHORITY\SYSTEM:(OI)(CI)(F)
2026-10-09T23:28:24.4021985Z                                                                                                                                  BUILTIN\Administrators:(OI)(CI)(F)
2026-10-09T23:28:24.4024544Z                                                                                                                                  runnervmfi6oq\runneradmin:(OI)(CI)(F)
2026-10-09T23:28:24.4024710Z         
2026-10-09T23:28:24.4025145Z         Successfully processed 1 files; Failed processing 0 files
2026-10-09T23:28:24.4025994Z     seam_bypass_108_windows_test.go:330: victim DACL before: sids=[S-1-1-0 S-1-5-18 S-1-5-32-544 S-1-5-21-1643835476-1616584234-1346609752-500] names=[Everyone NT AUTHORITY\SYSTEM BUILTIN\Administrators runnervmfi6oq\runneradmin]
2026-10-09T23:28:24.4026847Z     seam_bypass_108_windows_test.go:339: fixture: own=C:\Users\RUNNER~1\AppData\Local\Temp\TestAC2AncestorGuardHoldsForEverySeparatorSpellingdoubled-separ873778269\002\data seam=risk.c26Pipeline
2026-10-09T23:28:24.4028399Z     seam_bypass_108_windows_test.go:340: mklink /J link -> victim: Junction created for C:\Users\RUNNER~1\AppData\Local\Temp\TestAC2AncestorGuardHoldsForEverySeparatorSpellingdoubled-separ873778269\002\data\link <<===>> C:\Users\RUNNER~1\AppData\Local\Temp\TestAC2AncestorGuardHoldsForEverySeparatorSpellingdoubled-separ873778269\001\victim
2026-10-09T23:28:24.4029243Z     seam_bypass_108_windows_test.go:340: junction in place: C:\Users\RUNNER~1\AppData\Local\Temp\TestAC2AncestorGuardHoldsForEverySeparatorSpellingdoubled-separ873778269\002\data\link (attributes 0x410)
2026-10-09T23:28:24.4031814Z     seam_bypass_108_windows_test.go:345: RemoveUnlinked("C:\\Users\\RUNNER~1\\AppData\\Local\\Temp\\TestAC2AncestorGuardHoldsForEverySeparatorSpellingdoubled-separ873778269\\002\\data\\link//sub\\keep-me.txt") -> err=winsec: entry is a link to something else, not private data C:\Users\RUNNER~1\AppData\Local\Temp\TestAC2AncestorGuardHoldsForEverySeparatorSpellingdoubled-separ873778269\002\data\link//sub\keep-me.txt: the spelling reaches it through the link at C:\Users\RUNNER~1\AppData\Local\Temp\TestAC2AncestorGuardHoldsForEverySeparatorSpellingdoubled-separ873778269\002\data\link, and whatever lives behind that link is not this tree's data to delete
2026-10-09T23:28:24.4032616Z     seam_bypass_108_windows_test.go:360: icacls "C:\\Users\\RUNNER~1\\AppData\\Local\\Temp\\TestAC2AncestorGuardHoldsForEverySeparatorSpellingdoubled-separ873778269\\001\\victim"
2026-10-09T23:28:24.4033521Z         C:\Users\RUNNER~1\AppData\Local\Temp\TestAC2AncestorGuardHoldsForEverySeparatorSpellingdoubled-separ873778269\001\victim Everyone:(OI)(CI)(RX)
2026-10-09T23:28:24.4035737Z                                                                                                                                  NT AUTHORITY\SYSTEM:(OI)(CI)(F)
2026-10-09T23:28:24.4038581Z                                                                                                                                  BUILTIN\Administrators:(OI)(CI)(F)
2026-10-09T23:28:24.4041531Z                                                                                                                                  runnervmfi6oq\runneradmin:(OI)(CI)(F)
2026-10-09T23:28:24.4041798Z         
2026-10-09T23:28:24.4042249Z         Successfully processed 1 files; Failed processing 0 files
2026-10-09T23:28:24.4042655Z === RUN   TestAC2AncestorGuardHoldsForEverySeparatorSpelling/dot-segment
2026-10-09T23:28:24.4044227Z     seam_bypass_108_windows_test.go:330: icacls "C:\\Users\\RUNNER~1\\AppData\\Local\\Temp\\TestAC2AncestorGuardHoldsForEverySeparatorSpellingdot-segment1552910273\\001\\victim"
2026-10-09T23:28:24.4045269Z         C:\Users\RUNNER~1\AppData\Local\Temp\TestAC2AncestorGuardHoldsForEverySeparatorSpellingdot-segment1552910273\001\victim Everyone:(OI)(CI)(RX)
2026-10-09T23:28:24.4048346Z                                                                                                                                 NT AUTHORITY\SYSTEM:(OI)(CI)(F)
2026-10-09T23:28:24.4050444Z                                                                                                                                 BUILTIN\Administrators:(OI)(CI)(F)
2026-10-09T23:28:24.4052868Z                                                                                                                                 runnervmfi6oq\runneradmin:(OI)(CI)(F)
2026-10-09T23:28:24.4053075Z         
2026-10-09T23:28:24.4053760Z         Successfully processed 1 files; Failed processing 0 files
2026-10-09T23:28:24.4055046Z     seam_bypass_108_windows_test.go:330: victim DACL before: sids=[S-1-1-0 S-1-5-18 S-1-5-32-544 S-1-5-21-1643835476-1616584234-1346609752-500] names=[Everyone NT AUTHORITY\SYSTEM BUILTIN\Administrators runnervmfi6oq\runneradmin]
2026-10-09T23:28:24.4056379Z     seam_bypass_108_windows_test.go:339: fixture: own=C:\Users\RUNNER~1\AppData\Local\Temp\TestAC2AncestorGuardHoldsForEverySeparatorSpellingdot-segment1552910273\002\data seam=risk.c26Pipeline
2026-10-09T23:28:24.4058532Z     seam_bypass_108_windows_test.go:340: mklink /J link -> victim: Junction created for C:\Users\RUNNER~1\AppData\Local\Temp\TestAC2AncestorGuardHoldsForEverySeparatorSpellingdot-segment1552910273\002\data\link <<===>> C:\Users\RUNNER~1\AppData\Local\Temp\TestAC2AncestorGuardHoldsForEverySeparatorSpellingdot-segment1552910273\001\victim
2026-10-09T23:28:24.4059772Z     seam_bypass_108_windows_test.go:340: junction in place: C:\Users\RUNNER~1\AppData\Local\Temp\TestAC2AncestorGuardHoldsForEverySeparatorSpellingdot-segment1552910273\002\data\link (attributes 0x410)
2026-10-09T23:28:24.4064118Z     seam_bypass_108_windows_test.go:345: RemoveUnlinked("C:\\Users\\RUNNER~1\\AppData\\Local\\Temp\\TestAC2AncestorGuardHoldsForEverySeparatorSpellingdot-segment1552910273\\002\\data\\link\\.\\sub\\keep-me.txt") -> err=winsec: entry is a link to something else, not private data C:\Users\RUNNER~1\AppData\Local\Temp\TestAC2AncestorGuardHoldsForEverySeparatorSpellingdot-segment1552910273\002\data\link\.\sub\keep-me.txt: the spelling reaches it through the link at C:\Users\RUNNER~1\AppData\Local\Temp\TestAC2AncestorGuardHoldsForEverySeparatorSpellingdot-segment1552910273\002\data\link, and whatever lives behind that link is not this tree's data to delete
2026-10-09T23:28:24.4065500Z     seam_bypass_108_windows_test.go:360: icacls "C:\\Users\\RUNNER~1\\AppData\\Local\\Temp\\TestAC2AncestorGuardHoldsForEverySeparatorSpellingdot-segment1552910273\\001\\victim"
2026-10-09T23:28:24.4066529Z         C:\Users\RUNNER~1\AppData\Local\Temp\TestAC2AncestorGuardHoldsForEverySeparatorSpellingdot-segment1552910273\001\victim Everyone:(OI)(CI)(RX)
2026-10-09T23:28:24.4069239Z                                                                                                                                 NT AUTHORITY\SYSTEM:(OI)(CI)(F)
2026-10-09T23:28:24.4072029Z                                                                                                                                 BUILTIN\Administrators:(OI)(CI)(F)
2026-10-09T23:28:24.4075126Z                                                                                                                                 runnervmfi6oq\runneradmin:(OI)(CI)(F)
2026-10-09T23:28:24.4075362Z         
2026-10-09T23:28:24.4075760Z         Successfully processed 1 files; Failed processing 0 files
2026-10-09T23:28:24.4076270Z === RUN   TestAC2AncestorGuardHoldsForEverySeparatorSpelling/extended-length-prefix
2026-10-09T23:28:24.4077384Z     seam_bypass_108_windows_test.go:330: icacls "C:\\Users\\RUNNER~1\\AppData\\Local\\Temp\\TestAC2AncestorGuardHoldsForEverySeparatorSpellingextended-leng1333169632\\001\\victim"
2026-10-09T23:28:24.4078395Z         C:\Users\RUNNER~1\AppData\Local\Temp\TestAC2AncestorGuardHoldsForEverySeparatorSpellingextended-leng1333169632\001\victim Everyone:(OI)(CI)(RX)
2026-10-09T23:28:24.4082544Z                                                                                                                                   NT AUTHORITY\SYSTEM:(OI)(CI)(F)
2026-10-09T23:28:24.4085864Z                                                                                                                                   BUILTIN\Administrators:(OI)(CI)(F)
2026-10-09T23:28:24.4088908Z                                                                                                                                   runnervmfi6oq\runneradmin:(OI)(CI)(F)
2026-10-09T23:28:24.4089112Z         
2026-10-09T23:28:24.4089791Z         Successfully processed 1 files; Failed processing 0 files
2026-10-09T23:28:24.4091142Z     seam_bypass_108_windows_test.go:330: victim DACL before: sids=[S-1-1-0 S-1-5-18 S-1-5-32-544 S-1-5-21-1643835476-1616584234-1346609752-500] names=[Everyone NT AUTHORITY\SYSTEM BUILTIN\Administrators runnervmfi6oq\runneradmin]
2026-10-09T23:28:24.4092360Z     seam_bypass_108_windows_test.go:339: fixture: own=C:\Users\RUNNER~1\AppData\Local\Temp\TestAC2AncestorGuardHoldsForEverySeparatorSpellingextended-leng1333169632\002\data seam=risk.c26Pipeline
2026-10-09T23:28:24.4094443Z     seam_bypass_108_windows_test.go:340: mklink /J link -> victim: Junction created for C:\Users\RUNNER~1\AppData\Local\Temp\TestAC2AncestorGuardHoldsForEverySeparatorSpellingextended-leng1333169632\002\data\link <<===>> C:\Users\RUNNER~1\AppData\Local\Temp\TestAC2AncestorGuardHoldsForEverySeparatorSpellingextended-leng1333169632\001\victim
2026-10-09T23:28:24.4095643Z     seam_bypass_108_windows_test.go:340: junction in place: C:\Users\RUNNER~1\AppData\Local\Temp\TestAC2AncestorGuardHoldsForEverySeparatorSpellingextended-leng1333169632\002\data\link (attributes 0x410)
2026-10-09T23:28:24.4099492Z     seam_bypass_108_windows_test.go:345: RemoveUnlinked("\\\\?\\C:\\Users\\RUNNER~1\\AppData\\Local\\Temp\\TestAC2AncestorGuardHoldsForEverySeparatorSpellingextended-leng1333169632\\002\\data\\link\\sub\\keep-me.txt") -> err=winsec: entry is a link to something else, not private data \\?\C:\Users\RUNNER~1\AppData\Local\Temp\TestAC2AncestorGuardHoldsForEverySeparatorSpellingextended-leng1333169632\002\data\link\sub\keep-me.txt: the spelling reaches it through the link at \\?\C:\Users\RUNNER~1\AppData\Local\Temp\TestAC2AncestorGuardHoldsForEverySeparatorSpellingextended-leng1333169632\002\data\link, and whatever lives behind that link is not this tree's data to delete
2026-10-09T23:28:24.4100807Z     seam_bypass_108_windows_test.go:360: icacls "C:\\Users\\RUNNER~1\\AppData\\Local\\Temp\\TestAC2AncestorGuardHoldsForEverySeparatorSpellingextended-leng1333169632\\001\\victim"
2026-10-09T23:28:24.4102461Z         C:\Users\RUNNER~1\AppData\Local\Temp\TestAC2AncestorGuardHoldsForEverySeparatorSpellingextended-leng1333169632\001\victim Everyone:(OI)(CI)(RX)
2026-10-09T23:28:24.4104491Z                                                                                                                                   NT AUTHORITY\SYSTEM:(OI)(CI)(F)
2026-10-09T23:28:24.4106426Z                                                                                                                                   BUILTIN\Administrators:(OI)(CI)(F)
2026-10-09T23:28:24.4108527Z                                                                                                                                   runnervmfi6oq\runneradmin:(OI)(CI)(F)
2026-10-09T23:28:24.4108687Z         
2026-10-09T23:28:24.4108964Z         Successfully processed 1 files; Failed processing 0 files
2026-10-09T23:28:24.4109314Z === RUN   TestAC2AncestorGuardHoldsForEverySeparatorSpelling/volume-only-relative-tail
2026-10-09T23:28:24.4110003Z     seam_bypass_108_windows_test.go:330: icacls "C:\\Users\\RUNNER~1\\AppData\\Local\\Temp\\TestAC2AncestorGuardHoldsForEverySeparatorSpellingvolume-only-r2325372436\\001\\victim"
2026-10-09T23:28:24.4110744Z         C:\Users\RUNNER~1\AppData\Local\Temp\TestAC2AncestorGuardHoldsForEverySeparatorSpellingvolume-only-r2325372436\001\victim Everyone:(OI)(CI)(RX)
2026-10-09T23:28:24.4112640Z                                                                                                                                   NT AUTHORITY\SYSTEM:(OI)(CI)(F)
2026-10-09T23:28:24.4115384Z                                                                                                                                   BUILTIN\Administrators:(OI)(CI)(F)
2026-10-09T23:28:24.4119115Z                                                                                                                                   runnervmfi6oq\runneradmin:(OI)(CI)(F)
2026-10-09T23:28:24.4119387Z         
2026-10-09T23:28:24.4119849Z         Successfully processed 1 files; Failed processing 0 files
2026-10-09T23:28:24.4120867Z     seam_bypass_108_windows_test.go:330: victim DACL before: sids=[S-1-1-0 S-1-5-18 S-1-5-32-544 S-1-5-21-1643835476-1616584234-1346609752-500] names=[Everyone NT AUTHORITY\SYSTEM BUILTIN\Administrators runnervmfi6oq\runneradmin]
2026-10-09T23:28:24.4122053Z     seam_bypass_108_windows_test.go:339: fixture: own=C:\Users\RUNNER~1\AppData\Local\Temp\TestAC2AncestorGuardHoldsForEverySeparatorSpellingvolume-only-r2325372436\002\data seam=risk.c26Pipeline
2026-10-09T23:28:24.4123509Z     seam_bypass_108_windows_test.go:340: mklink /J link -> victim: Junction created for C:\Users\RUNNER~1\AppData\Local\Temp\TestAC2AncestorGuardHoldsForEverySeparatorSpellingvolume-only-r2325372436\002\data\link <<===>> C:\Users\RUNNER~1\AppData\Local\Temp\TestAC2AncestorGuardHoldsForEverySeparatorSpellingvolume-only-r2325372436\001\victim
2026-10-09T23:28:24.4124362Z     seam_bypass_108_windows_test.go:340: junction in place: C:\Users\RUNNER~1\AppData\Local\Temp\TestAC2AncestorGuardHoldsForEverySeparatorSpellingvolume-only-r2325372436\002\data\link (attributes 0x410)
2026-10-09T23:28:24.4125447Z     seam_bypass_108_windows_test.go:345: RemoveUnlinked("data\\link/sub/keep-me.txt") -> err=winsec: path is not provably resolved, refusing to seal: data\link/sub/keep-me.txt is relative, so no tree names it and this call cannot tell which one it would remove from
2026-10-09T23:28:24.4126377Z     seam_bypass_108_windows_test.go:352: refused, but not with ErrIsReparsePoint: winsec: path is not provably resolved, refusing to seal: data\link/sub/keep-me.txt is relative, so no tree names it and this call cannot tell which one it would remove from
2026-10-09T23:28:24.4127124Z     seam_bypass_108_windows_test.go:360: icacls "C:\\Users\\RUNNER~1\\AppData\\Local\\Temp\\TestAC2AncestorGuardHoldsForEverySeparatorSpellingvolume-only-r2325372436\\001\\victim"
2026-10-09T23:28:24.4127803Z         C:\Users\RUNNER~1\AppData\Local\Temp\TestAC2AncestorGuardHoldsForEverySeparatorSpellingvolume-only-r2325372436\001\victim Everyone:(OI)(CI)(RX)
2026-10-09T23:28:24.4129812Z                                                                                                                                   NT AUTHORITY\SYSTEM:(OI)(CI)(F)
2026-10-09T23:28:24.4131911Z                                                                                                                                   BUILTIN\Administrators:(OI)(CI)(F)
2026-10-09T23:28:24.4133973Z                                                                                                                                   runnervmfi6oq\runneradmin:(OI)(CI)(F)
2026-10-09T23:28:24.4134143Z         
2026-10-09T23:28:24.4134449Z         Successfully processed 1 files; Failed processing 0 files
2026-10-09T23:28:24.4134709Z --- PASS: TestAC2AncestorGuardHoldsForEverySeparatorSpelling (0.52s)
2026-10-09T23:28:24.4135131Z     --- PASS: TestAC2AncestorGuardHoldsForEverySeparatorSpelling/native-backslash (0.06s)
2026-10-09T23:28:24.4135478Z     --- PASS: TestAC2AncestorGuardHoldsForEverySeparatorSpelling/all-forward-slash (0.07s)
2026-10-09T23:28:24.4135859Z     --- PASS: TestAC2AncestorGuardHoldsForEverySeparatorSpelling/mixed-separators (0.06s)
2026-10-09T23:28:24.4136207Z     --- PASS: TestAC2AncestorGuardHoldsForEverySeparatorSpelling/trailing-separator (0.06s)
2026-10-09T23:28:24.4136581Z     --- PASS: TestAC2AncestorGuardHoldsForEverySeparatorSpelling/doubled-separator (0.06s)
2026-10-09T23:28:24.4136965Z     --- PASS: TestAC2AncestorGuardHoldsForEverySeparatorSpelling/dot-segment (0.07s)
2026-10-09T23:28:24.4137330Z     --- PASS: TestAC2AncestorGuardHoldsForEverySeparatorSpelling/extended-length-prefix (0.07s)
2026-10-09T23:28:24.4137754Z     --- PASS: TestAC2AncestorGuardHoldsForEverySeparatorSpelling/volume-only-relative-tail (0.06s)
2026-10-09T23:28:24.4137939Z === RUN   TestAC2AncestorGuardStillUnlinksAPlainFile
2026-10-09T23:28:24.4138646Z     seam_bypass_108_windows_test.go:376: icacls "C:\\Users\\RUNNER~1\\AppData\\Local\\Temp\\TestAC2AncestorGuardStillUnlinksAPlainFile3153804604\\001\\victim"
2026-10-09T23:28:24.4139255Z         C:\Users\RUNNER~1\AppData\Local\Temp\TestAC2AncestorGuardStillUnlinksAPlainFile3153804604\001\victim Everyone:(OI)(CI)(RX)
2026-10-09T23:28:24.4140798Z                                                                                                              NT AUTHORITY\SYSTEM:(OI)(CI)(F)
2026-10-09T23:28:24.4142734Z                                                                                                              BUILTIN\Administrators:(OI)(CI)(F)
2026-10-09T23:28:24.4144593Z                                                                                                              runnervmfi6oq\runneradmin:(OI)(CI)(F)
2026-10-09T23:28:24.4144724Z         
2026-10-09T23:28:24.4145154Z         Successfully processed 1 files; Failed processing 0 files
2026-10-09T23:28:24.4145975Z     seam_bypass_108_windows_test.go:376: victim DACL before: sids=[S-1-1-0 S-1-5-18 S-1-5-32-544 S-1-5-21-1643835476-1616584234-1346609752-500] names=[Everyone NT AUTHORITY\SYSTEM BUILTIN\Administrators runnervmfi6oq\runneradmin]
2026-10-09T23:28:24.4147289Z     seam_bypass_108_windows_test.go:389: mklink /J stray-link -> victim: Junction created for C:\Users\RUNNER~1\AppData\Local\Temp\TestAC2AncestorGuardStillUnlinksAPlainFile3153804604\002\stray-link <<===>> C:\Users\RUNNER~1\AppData\Local\Temp\TestAC2AncestorGuardStillUnlinksAPlainFile3153804604\001\victim
2026-10-09T23:28:24.4148033Z     seam_bypass_108_windows_test.go:389: junction in place: C:\Users\RUNNER~1\AppData\Local\Temp\TestAC2AncestorGuardStillUnlinksAPlainFile3153804604\002\stray-link (attributes 0x410)
2026-10-09T23:28:24.4148264Z --- PASS: TestAC2AncestorGuardStillUnlinksAPlainFile (0.05s)
2026-10-09T23:28:24.4148575Z === RUN   TestAC1SeamRejectsARubberStampAndLeavesTheForeignDaclAlone
2026-10-09T23:28:24.4148897Z     seam_guard_windows_test.go:158: incumbent resolver: risk.c26Pipeline
2026-10-09T23:28:24.4149537Z     seam_guard_windows_test.go:160: icacls "C:\\Users\\RUNNER~1\\AppData\\Local\\Temp\\TestAC1SeamRejectsARubberStampAndLeavesTheForeignDaclAlone3573097258\\001\\victim"
2026-10-09T23:28:24.4150206Z         C:\Users\RUNNER~1\AppData\Local\Temp\TestAC1SeamRejectsARubberStampAndLeavesTheForeignDaclAlone3573097258\001\victim Everyone:(OI)(CI)(RX)
2026-10-09T23:28:24.4152326Z                                                                                                                              NT AUTHORITY\SYSTEM:(OI)(CI)(F)
2026-10-09T23:28:24.4155266Z                                                                                                                              BUILTIN\Administrators:(OI)(CI)(F)
2026-10-09T23:28:24.4158249Z                                                                                                                              runnervmfi6oq\runneradmin:(OI)(CI)(F)
2026-10-09T23:28:24.4158428Z         
2026-10-09T23:28:24.4158869Z         Successfully processed 1 files; Failed processing 0 files
2026-10-09T23:28:24.4160193Z     seam_guard_windows_test.go:160: victim DACL before: sids=[S-1-1-0 S-1-5-18 S-1-5-32-544 S-1-5-21-1643835476-1616584234-1346609752-500] names=[Everyone NT AUTHORITY\SYSTEM BUILTIN\Administrators runnervmfi6oq\runneradmin]
2026-10-09T23:28:24.4162751Z     seam_guard_windows_test.go:166: mklink /J link -> victim: Junction created for C:\Users\RUNNER~1\AppData\Local\Temp\TestAC1SeamRejectsARubberStampAndLeavesTheForeignDaclAlone3573097258\002\data\link <<===>> C:\Users\RUNNER~1\AppData\Local\Temp\TestAC1SeamRejectsARubberStampAndLeavesTheForeignDaclAlone3573097258\001\victim
2026-10-09T23:28:24.4164069Z     seam_guard_windows_test.go:166: junction in place: C:\Users\RUNNER~1\AppData\Local\Temp\TestAC1SeamRejectsARubberStampAndLeavesTheForeignDaclAlone3573097258\002\data\link (attributes 0x410)
2026-10-09T23:28:24.4166367Z     seam_guard_windows_test.go:193: PrivateDirAll through the junction refused as: winsec: refusing to seal C:\Users\RUNNER~1\AppData\Local\Temp\TestAC1SeamRejectsARubberStampAndLeavesTheForeignDaclAlone3573097258\002\data\link\artifacts: risk: path traverses a reparse point (junction/symlink) not covered by reparse_point_exceptions
2026-10-09T23:28:24.4167128Z     seam_guard_windows_test.go:202: icacls "C:\\Users\\RUNNER~1\\AppData\\Local\\Temp\\TestAC1SeamRejectsARubberStampAndLeavesTheForeignDaclAlone3573097258\\002\\data\\link\\sub\\keep-me.txt"
2026-10-09T23:28:24.4167914Z         C:\Users\RUNNER~1\AppData\Local\Temp\TestAC1SeamRejectsARubberStampAndLeavesTheForeignDaclAlone3573097258\002\data\link\sub\keep-me.txt Everyone:(I)(RX)
2026-10-09T23:28:24.4170233Z                                                                                                                                                 BUILTIN\Administrators:(I)(F)
2026-10-09T23:28:24.4172505Z                                                                                                                                                 NT AUTHORITY\SYSTEM:(I)(F)
2026-10-09T23:28:24.4174895Z                                                                                                                                                 runnervmfi6oq\runneradmin:(I)(F)
2026-10-09T23:28:24.4175101Z         
2026-10-09T23:28:24.4175460Z         Successfully processed 1 files; Failed processing 0 files
2026-10-09T23:28:24.4176512Z     seam_guard_windows_test.go:203: foreign file DACL before: sids=[S-1-1-0 S-1-5-32-544 S-1-5-18 S-1-5-21-1643835476-1616584234-1346609752-500] names=[Everyone BUILTIN\Administrators NT AUTHORITY\SYSTEM runnervmfi6oq\runneradmin]
2026-10-09T23:28:24.4177639Z     seam_guard_windows_test.go:213: icacls "C:\\Users\\RUNNER~1\\AppData\\Local\\Temp\\TestAC1SeamRejectsARubberStampAndLeavesTheForeignDaclAlone3573097258\\002\\data\\link\\sub\\keep-me.txt"
2026-10-09T23:28:24.4179889Z         C:\Users\RUNNER~1\AppData\Local\Temp\TestAC1SeamRejectsARubberStampAndLeavesTheForeignDaclAlone3573097258\002\data\link\sub\keep-me.txt Everyone:(I)(RX)
2026-10-09T23:28:24.4185341Z                                                                                                                                                 BUILTIN\Administrators:(I)(F)
2026-10-09T23:28:24.4187598Z                                                                                                                                                 NT AUTHORITY\SYSTEM:(I)(F)
2026-10-09T23:28:24.4189969Z                                                                                                                                                 runnervmfi6oq\runneradmin:(I)(F)
2026-10-09T23:28:24.4190097Z         
2026-10-09T23:28:24.4190435Z         Successfully processed 1 files; Failed processing 0 files
2026-10-09T23:28:24.4191341Z     seam_guard_windows_test.go:214: foreign file DACL after:  sids=[S-1-1-0 S-1-5-32-544 S-1-5-18 S-1-5-21-1643835476-1616584234-1346609752-500] names=[Everyone BUILTIN\Administrators NT AUTHORITY\SYSTEM runnervmfi6oq\runneradmin]
2026-10-09T23:28:24.4192034Z     seam_guard_windows_test.go:223: icacls "C:\\Users\\RUNNER~1\\AppData\\Local\\Temp\\TestAC1SeamRejectsARubberStampAndLeavesTheForeignDaclAlone3573097258\\001\\victim"
2026-10-09T23:28:24.4192740Z         C:\Users\RUNNER~1\AppData\Local\Temp\TestAC1SeamRejectsARubberStampAndLeavesTheForeignDaclAlone3573097258\001\victim Everyone:(OI)(CI)(RX)
2026-10-09T23:28:24.4194573Z                                                                                                                              NT AUTHORITY\SYSTEM:(OI)(CI)(F)
2026-10-09T23:28:24.4196481Z                                                                                                                              BUILTIN\Administrators:(OI)(CI)(F)
2026-10-09T23:28:24.4198402Z                                                                                                                              runnervmfi6oq\runneradmin:(OI)(CI)(F)
2026-10-09T23:28:24.4198712Z         
2026-10-09T23:28:24.4199023Z         Successfully processed 1 files; Failed processing 0 files
2026-10-09T23:28:24.4199844Z     seam_guard_windows_test.go:224: victim DACL after:  sids=[S-1-1-0 S-1-5-18 S-1-5-32-544 S-1-5-21-1643835476-1616584234-1346609752-500] names=[Everyone NT AUTHORITY\SYSTEM BUILTIN\Administrators runnervmfi6oq\runneradmin]
2026-10-09T23:28:24.4200471Z     seam_guard_windows_test.go:234: icacls "C:\\Users\\RUNNER~1\\AppData\\Local\\Temp\\TestAC1SeamRejectsARubberStampAndLeavesTheForeignDaclAlone3573097258\\001\\victim"
2026-10-09T23:28:24.4201122Z         C:\Users\RUNNER~1\AppData\Local\Temp\TestAC1SeamRejectsARubberStampAndLeavesTheForeignDaclAlone3573097258\001\victim Everyone:(OI)(CI)(RX)
2026-10-09T23:28:24.4203310Z                                                                                                                              NT AUTHORITY\SYSTEM:(OI)(CI)(F)
2026-10-09T23:28:24.4206503Z                                                                                                                              BUILTIN\Administrators:(OI)(CI)(F)
2026-10-09T23:28:24.4209534Z                                                                                                                              runnervmfi6oq\runneradmin:(OI)(CI)(F)
2026-10-09T23:28:24.4209943Z         
2026-10-09T23:28:24.4210401Z         Successfully processed 1 files; Failed processing 0 files
2026-10-09T23:28:24.4210904Z     seam_guard_windows_test.go:234: icacls(victim) after the refused install:
2026-10-09T23:28:24.4211874Z         C:\Users\RUNNER~1\AppData\Local\Temp\TestAC1SeamRejectsARubberStampAndLeavesTheForeignDaclAlone3573097258\001\victim Everyone:(OI)(CI)(RX)
2026-10-09T23:28:24.4214607Z                                                                                                                              NT AUTHORITY\SYSTEM:(OI)(CI)(F)
2026-10-09T23:28:24.4217557Z                                                                                                                              BUILTIN\Administrators:(OI)(CI)(F)
2026-10-09T23:28:24.4220554Z                                                                                                                              runnervmfi6oq\runneradmin:(OI)(CI)(F)
2026-10-09T23:28:24.4220784Z         
2026-10-09T23:28:24.4221276Z         Successfully processed 1 files; Failed processing 0 files
2026-10-09T23:28:24.4221758Z --- PASS: TestAC1SeamRejectsARubberStampAndLeavesTheForeignDaclAlone (0.10s)
2026-10-09T23:28:24.4222002Z === RUN   TestAC1SeamIsOneWayUseIsTheOnlyDirection
2026-10-09T23:28:24.4222758Z --- PASS: TestAC1SeamIsOneWayUseIsTheOnlyDirection (0.00s)
2026-10-09T23:28:24.4223071Z === RUN   TestAC1RefusedInstallLeavesTheSealWorking
2026-10-09T23:28:24.4224571Z     seam_guard_windows_test.go:291: icacls "C:\\Users\\RUNNER~1\\AppData\\Local\\Temp\\TestAC1RefusedInstallLeavesTheSealWorking3702413651\\001\\victim"
2026-10-09T23:28:24.4225555Z         C:\Users\RUNNER~1\AppData\Local\Temp\TestAC1RefusedInstallLeavesTheSealWorking3702413651\001\victim Everyone:(OI)(CI)(RX)
2026-10-09T23:28:24.4226986Z                                                                                                             NT AUTHORITY\SYSTEM:(OI)(CI)(F)
2026-10-09T23:28:24.4229036Z                                                                                                             BUILTIN\Administrators:(OI)(CI)(F)
2026-10-09T23:28:24.4231241Z                                                                                                             runnervmfi6oq\runneradmin:(OI)(CI)(F)
2026-10-09T23:28:24.4231407Z         
2026-10-09T23:28:24.4232919Z         Successfully processed 1 files; Failed processing 0 files
2026-10-09T23:28:24.4234648Z     seam_guard_windows_test.go:291: victim DACL before: sids=[S-1-1-0 S-1-5-18 S-1-5-32-544 S-1-5-21-1643835476-1616584234-1346609752-500] names=[Everyone NT AUTHORITY\SYSTEM BUILTIN\Administrators runnervmfi6oq\runneradmin]
2026-10-09T23:28:24.4238166Z     seam_guard_windows_test.go:297: mklink /J link -> victim: Junction created for C:\Users\RUNNER~1\AppData\Local\Temp\TestAC1RefusedInstallLeavesTheSealWorking3702413651\002\data\link <<===>> C:\Users\RUNNER~1\AppData\Local\Temp\TestAC1RefusedInstallLeavesTheSealWorking3702413651\001\victim
2026-10-09T23:28:24.4241455Z     seam_guard_windows_test.go:297: junction in place: C:\Users\RUNNER~1\AppData\Local\Temp\TestAC1RefusedInstallLeavesTheSealWorking3702413651\002\data\link (attributes 0x410)
2026-10-09T23:28:24.4244097Z time=2026-10-09T23:28:23.971Z level=ERROR msg="winsec: refusing to install a path resolver into the sealing seam" resolver=winsec_test.rubberStampResolver reason="it answered the hostile shape \"C:\\\\Users\\\\runneradmin\\\\AppData\\\\Local\\\\Temp\\\\..\\\\wisp-103-conformance-probe\" by passing it through unchanged, which is the bypass this seam exists to close" consequence="the incumbent resolver, or the built-in floor, stays in place"
2026-10-09T23:28:24.4245089Z     seam_guard_windows_test.go:305: icacls "C:\\Users\\RUNNER~1\\AppData\\Local\\Temp\\TestAC1RefusedInstallLeavesTheSealWorking3702413651\\002\\data\\private"
2026-10-09T23:28:24.4247045Z         C:\Users\RUNNER~1\AppData\Local\Temp\TestAC1RefusedInstallLeavesTheSealWorking3702413651\002\data\private NT AUTHORITY\SYSTEM:(F)
2026-10-09T23:28:24.4253444Z                                                                                                                   NT AUTHORITY\SYSTEM:(OI)(CI)(IO)(F)
2026-10-09T23:28:24.4257507Z                                                                                                                   BUILTIN\Administrators:(F)
2026-10-09T23:28:24.4261035Z                                                                                                                   BUILTIN\Administrators:(OI)(CI)(IO)(F)
2026-10-09T23:28:24.4263558Z                                                                                                                   runnervmfi6oq\runneradmin:(F)
2026-10-09T23:28:24.4266327Z                                                                                                                   runnervmfi6oq\runneradmin:(OI)(CI)(IO)(F)
2026-10-09T23:28:24.4266588Z         
2026-10-09T23:28:24.4267017Z         Successfully processed 1 files; Failed processing 0 files
2026-10-09T23:28:24.4267944Z     seam_guard_windows_test.go:312: icacls "C:\\Users\\RUNNER~1\\AppData\\Local\\Temp\\TestAC1RefusedInstallLeavesTheSealWorking3702413651\\001\\victim"
2026-10-09T23:28:24.4268755Z         C:\Users\RUNNER~1\AppData\Local\Temp\TestAC1RefusedInstallLeavesTheSealWorking3702413651\001\victim Everyone:(OI)(CI)(RX)
2026-10-09T23:28:24.4273075Z                                                                                                             NT AUTHORITY\SYSTEM:(OI)(CI)(F)
2026-10-09T23:28:24.4275928Z                                                                                                             BUILTIN\Administrators:(OI)(CI)(F)
2026-10-09T23:28:24.4278909Z                                                                                                             runnervmfi6oq\runneradmin:(OI)(CI)(F)
2026-10-09T23:28:24.4279104Z         
2026-10-09T23:28:24.4279446Z         Successfully processed 1 files; Failed processing 0 files
2026-10-09T23:28:24.4279710Z --- PASS: TestAC1RefusedInstallLeavesTheSealWorking (0.08s)
2026-10-09T23:28:24.4280012Z === RUN   TestAC2RemoveUnlinkedRefusesAPathThroughAJunction
2026-10-09T23:28:24.4280889Z     seam_guard_windows_test.go:325: icacls "C:\\Users\\RUNNER~1\\AppData\\Local\\Temp\\TestAC2RemoveUnlinkedRefusesAPathThroughAJunction2556583049\\001\\victim"
2026-10-09T23:28:24.4281549Z         C:\Users\RUNNER~1\AppData\Local\Temp\TestAC2RemoveUnlinkedRefusesAPathThroughAJunction2556583049\001\victim Everyone:(OI)(CI)(RX)
2026-10-09T23:28:24.4283183Z                                                                                                                     NT AUTHORITY\SYSTEM:(OI)(CI)(F)
2026-10-09T23:28:24.4285137Z                                                                                                                     BUILTIN\Administrators:(OI)(CI)(F)
2026-10-09T23:28:24.4287107Z                                                                                                                     runnervmfi6oq\runneradmin:(OI)(CI)(F)
2026-10-09T23:28:24.4287239Z         
2026-10-09T23:28:24.4287548Z         Successfully processed 1 files; Failed processing 0 files
2026-10-09T23:28:24.4288332Z     seam_guard_windows_test.go:325: victim DACL before: sids=[S-1-1-0 S-1-5-18 S-1-5-32-544 S-1-5-21-1643835476-1616584234-1346609752-500] names=[Everyone NT AUTHORITY\SYSTEM BUILTIN\Administrators runnervmfi6oq\runneradmin]
2026-10-09T23:28:24.4290037Z     seam_guard_windows_test.go:331: mklink /J link -> victim: Junction created for C:\Users\RUNNER~1\AppData\Local\Temp\TestAC2RemoveUnlinkedRefusesAPathThroughAJunction2556583049\002\data\link <<===>> C:\Users\RUNNER~1\AppData\Local\Temp\TestAC2RemoveUnlinkedRefusesAPathThroughAJunction2556583049\001\victim
2026-10-09T23:28:24.4290804Z     seam_guard_windows_test.go:331: junction in place: C:\Users\RUNNER~1\AppData\Local\Temp\TestAC2RemoveUnlinkedRefusesAPathThroughAJunction2556583049\002\data\link (attributes 0x410)
2026-10-09T23:28:24.4292205Z --- PASS: TestAC2RemoveUnlinkedRefusesAPathThroughAJunction (0.05s)
2026-10-09T23:28:24.4292457Z === RUN   TestAC2RemoveUnlinkedStillUnlinksAStandaloneLink
2026-10-09T23:28:24.4293084Z     seam_guard_windows_test.go:355: icacls "C:\\Users\\RUNNER~1\\AppData\\Local\\Temp\\TestAC2RemoveUnlinkedStillUnlinksAStandaloneLink1336553213\\001\\victim"
2026-10-09T23:28:24.4293636Z         C:\Users\RUNNER~1\AppData\Local\Temp\TestAC2RemoveUnlinkedStillUnlinksAStandaloneLink1336553213\001\victim Everyone:(OI)(CI)(RX)
2026-10-09T23:28:24.4295340Z                                                                                                                    NT AUTHORITY\SYSTEM:(OI)(CI)(F)
2026-10-09T23:28:24.4297966Z                                                                                                                    BUILTIN\Administrators:(OI)(CI)(F)
2026-10-09T23:28:24.4299698Z                                                                                                                    runnervmfi6oq\runneradmin:(OI)(CI)(F)
2026-10-09T23:28:24.4299867Z         
2026-10-09T23:28:24.4300126Z         Successfully processed 1 files; Failed processing 0 files
2026-10-09T23:28:24.4301224Z     seam_guard_windows_test.go:355: victim DACL before: sids=[S-1-1-0 S-1-5-18 S-1-5-32-544 S-1-5-21-1643835476-1616584234-1346609752-500] names=[Everyone NT AUTHORITY\SYSTEM BUILTIN\Administrators runnervmfi6oq\runneradmin]
2026-10-09T23:28:24.4302976Z     seam_guard_windows_test.go:361: mklink /J stray-link -> victim: Junction created for C:\Users\RUNNER~1\AppData\Local\Temp\TestAC2RemoveUnlinkedStillUnlinksAStandaloneLink1336553213\002\data\stray-link <<===>> C:\Users\RUNNER~1\AppData\Local\Temp\TestAC2RemoveUnlinkedStillUnlinksAStandaloneLink1336553213\001\victim
2026-10-09T23:28:24.4303677Z     seam_guard_windows_test.go:361: junction in place: C:\Users\RUNNER~1\AppData\Local\Temp\TestAC2RemoveUnlinkedStillUnlinksAStandaloneLink1336553213\002\data\stray-link (attributes 0x410)
2026-10-09T23:28:24.4303959Z --- PASS: TestAC2RemoveUnlinkedStillUnlinksAStandaloneLink (0.05s)
2026-10-09T23:28:24.4304191Z === RUN   TestTreeOwnershipProbeAcceptsAn83ShortSpellingOfItsOwnParent
2026-10-09T23:28:24.4304622Z === RUN   TestTreeOwnershipProbeAcceptsAn83ShortSpellingOfItsOwnParent/on_a_volume_that_generates_8.3_names
2026-10-09T23:28:24.4309641Z     tree_ownership_112_windows_test.go:167: the tree-moving candidate is still refused: it answered "C:\\Users\\RUNNER~1\\AppData\\Local\\Temp\\TESTTR~1\\001\\WISP11~1\\wisp-112-missing-child" with "C:\\Users\\RUNNER~1\\AppData\\Local\\Temp\\TestTreeOwnershipProbeAcceptsAn83ShortSpellingOfItsOwnParenton_749055999\\002\\someone-elses-tree\\wisp-112-missing-child", which is neither inside the tree "C:\\Users\\RUNNER~1\\AppData\\Local\\Temp\\TestTreeOwnershipProbeAcceptsAn83ShortSpellingOfItsOwnParenton_749055999\\002\\someone-elses-tree\\WISP11~1" it answered for that path's own parent "C:\\Users\\RUNNER~1\\AppData\\Local\\Temp\\TESTTR~1\\001\\WISP11~1" nor inside the tree that answer names once the candidate is asked about it directly ("C:\\Users\\RUNNER~1\\AppData\\Local\\Temp\\TestTreeOwnershipProbeAcceptsAn83ShortSpellingOfItsOwnParenton_749055999\\002\\someone-elses-tree" for "C:\\Users\\RUNNER~1\\AppData\\Local\\Temp\\TestTreeOwnershipProbeAcceptsAn83ShortSpellingOfItsOwnParenton_749055999\\002\\someone-elses-tree"): the seam may not be used to move a seal into another tree
2026-10-09T23:28:24.4309990Z --- PASS: TestTreeOwnershipProbeAcceptsAn83ShortSpellingOfItsOwnParent (0.00s)
2026-10-09T23:28:24.4310678Z     --- PASS: TestTreeOwnershipProbeAcceptsAn83ShortSpellingOfItsOwnParent/on_a_volume_that_generates_8.3_names (0.00s)
2026-10-09T23:28:24.4310859Z PASS
2026-10-09T23:28:24.4311233Z ok  	github.com/CarlosShao/wisp/internal/winsec	7.008s
2026-10-09T23:28:24.4761644Z runtests.sh: OK - packages=[./internal/winsec/... -count=1 -skip ^(TestDefaultDeadlineWallClockMeasurement|TestSubprocessCrashWriter|TestHelperProcess|TestLiveWasapiSmoke|TestRealDownloadVadThroughPipeline|TestRealDownloadPuncArchiveThroughPipeline|TestSyncRegistryProbeLive)$] top-level: PASS=58 FAIL=0 SKIP=0, === RUN=101, '[no tests to run]'=0
2026-10-09T23:28:24.5894577Z portable-tests.sh: four numbers (all from -v output): === RUN=101  --- PASS=58  --- FAIL=0  --- SKIP=0
2026-10-09T23:28:24.6592724Z portable-tests.sh:   ok (own line)  github.com/CarlosShao/wisp/internal/winsec
2026-10-09T23:28:24.9084557Z winsec-tests.sh: winsec result line: ok  	github.com/CarlosShao/wisp/internal/winsec	7.008s
2026-10-09T23:28:24.9085751Z winsec-tests.sh: four numbers (all from -v output): === RUN=101  --- PASS=58  --- FAIL=0  --- SKIP=0
2026-10-09T23:28:25.0642888Z ##[group]Run actions/cache@v4
2026-10-09T23:28:25.0643375Z with:
2026-10-09T23:28:25.0643688Z   path: third_party
2026-10-09T23:28:25.0644191Z   key: wisp-third_party-9a3d98c4ac75db2e8d66e0fb02532da54e7dd1e4b7dbb44343af15438ecb5a63
2026-10-09T23:28:25.0644755Z   enableCrossOsArchive: false
2026-10-09T23:28:25.0645113Z   fail-on-cache-miss: false
2026-10-09T23:28:25.0645424Z   lookup-only: false
2026-10-09T23:28:25.0645743Z   save-always: false
2026-10-09T23:28:25.0646029Z env:
2026-10-09T23:28:25.0646309Z   WISP_ENV: test
2026-10-09T23:28:25.0646595Z ##[endgroup]
2026-10-09T23:28:25.2002736Z (node:4568) [DEP0040] DeprecationWarning: The `punycode` module is deprecated. Please use a userland alternative instead.
2026-10-09T23:28:25.2003606Z (Use `node --trace-deprecation ...` to show where the warning was created)
2026-10-09T23:28:25.4046699Z Cache hit for: wisp-third_party-9a3d98c4ac75db2e8d66e0fb02532da54e7dd1e4b7dbb44343af15438ecb5a63
2026-10-09T23:28:25.4158922Z (node:4568) [DEP0169] DeprecationWarning: `url.parse()` behavior is not standardized and prone to errors that have security implications. Use the WHATWG URL API instead. CVEs are not issued for `url.parse()` vulnerabilities.
2026-10-09T23:28:26.0171586Z Received 7901396 of 7901396 (100.0%), 16.3 MBs/sec
2026-10-09T23:28:26.0173170Z Cache Size: ~8 MB (7901396 B)
2026-10-09T23:28:26.0198764Z [command]"C:\Program Files\Git\usr\bin\tar.exe" -xf D:/a/_temp/15ff1e4e-26b7-4eae-be09-45bdc1dfa153/cache.tzst -P -C D:/a/wisp/wisp --force-local --use-compress-program "zstd -d"
2026-10-09T23:28:26.1586876Z Cache restored successfully
2026-10-09T23:28:26.1708833Z Cache restored from key: wisp-third_party-9a3d98c4ac75db2e8d66e0fb02532da54e7dd1e4b7dbb44343af15438ecb5a63
2026-10-09T23:28:26.2000062Z ##[group]Run powershell -NoProfile -ExecutionPolicy Bypass -File scripts/build.ps1 -Env dev
2026-10-09T23:28:26.2000901Z [36;1mpowershell -NoProfile -ExecutionPolicy Bypass -File scripts/build.ps1 -Env dev[0m
2026-10-09T23:28:26.2353730Z shell: C:\Program Files\PowerShell\7\pwsh.EXE -command ". '{0}'"
2026-10-09T23:28:26.2354215Z env:
2026-10-09T23:28:26.2354560Z   WISP_ENV: test
2026-10-09T23:28:26.2354855Z ##[endgroup]
2026-10-09T23:28:26.9901057Z build.ps1: repo root D:\a\wisp\wisp (Env=dev)
2026-10-09T23:28:27.0978630Z build.ps1: toolchain: go version go1.27.2 windows/amd64; CC=C:\mingw64\bin\gcc.exe (gcc.exe (x86_64-posix-seh-rev1, Built by MinGW-Builds project) 15.2.0)
2026-10-09T23:28:27.9782278Z fetch-deps: cache hit - third_party/sherpa-onnx matches deps.toml (sherpa-onnx 1.13.8)
2026-10-09T23:28:27.9895024Z build.ps1: frontend step skipped (no frontend yet; embed lands in S5 per SPEC-11 Â§2.2)
2026-10-09T23:28:28.1427656Z go: downloading github.com/jchv/go-webview2 v0.0.0-20260205173254-56598839c808
2026-10-09T23:28:28.1428573Z go: downloading github.com/k2-fsa/sherpa-onnx-go v1.13.8
2026-10-09T23:28:28.1442778Z go: downloading golang.org/x/term v0.46.0
2026-10-09T23:28:28.8866388Z go: downloading github.com/k2-fsa/sherpa-onnx-go-windows v1.13.8
2026-10-09T23:28:29.1512016Z go: downloading github.com/jchv/go-winloader v0.0.0-20250406163304-c1995be93bd1
2026-10-09T23:29:05.7999800Z build.ps1: go build ok (cgo linked against sherpa-onnx C API)
2026-10-09T23:29:05.8167830Z build.ps1: DLLs colocated into D:\a\wisp\wisp\build
2026-10-09T23:29:05.8203806Z build.ps1: signed model manifest colocated into D:\a\wisp\wisp\build\models
2026-10-09T23:29:05.8981031Z build.ps1: wrote D:\a\wisp\wisp\build\SHA256SUMS
2026-10-09T23:29:05.8989935Z build.ps1: smoke test - running wisp.exe doctor
2026-10-09T23:29:06.1300448Z build.ps1: done. Artifacts in build\: wisp.exe, onnxruntime.dll, sherpa-onnx-c-api.dll, sherpa-onnx-cxx-api.dll, SHA256SUMS
2026-10-09T23:29:06.1750214Z time=2026-10-09T23:29:06.150Z level=INFO msg="winsec: sealing path resolver installed" resolver=risk.c26Pipeline probes_passed=2
2026-10-09T23:29:06.3529987Z wisp doctor - build chain self-check
2026-10-09T23:29:06.3530610Z ------------------------------------------------------------------------
2026-10-09T23:29:06.3531375Z [INFO] wisp build                         version=0.0.0-dev commit=cc31526 built=2026-10-09T23:28:28Z WISP_ENV=test
2026-10-09T23:29:06.3532111Z [INFO] Go runtime                         go1.27.2 (toolchain pinned by go.mod)
2026-10-09T23:29:06.3532858Z [INFO] C29 minisign public key            untrusted comment: wisp models signing key (dev)
2026-10-09T23:29:06.3534575Z RWSjyHlPP9lPxdEQRvWj3zFLMbc1tTEkKMwTDuVXXQDxsWRpA/m5jk9j (placeholder until C29 lands; hardcoded into buildinfo per SPEC-11 §7.3)
2026-10-09T23:29:06.3537228Z [PASS] gcc (build-time)                   gcc.exe (x86_64-posix-seh-rev1, Built by MinGW-Builds project) 15.2.0
2026-10-09T23:29:06.3538130Z [PASS] sherpa-onnx C API                  runtime 1.13.8 matches build pin (exe dir D:\a\wisp\wisp\build)
2026-10-09T23:29:06.3538890Z [PASS] onnxruntime.dll colocated          file version 1.28.2.0 matches build pin 1.28.2
2026-10-09T23:29:06.3539506Z [INFO] sherpa-onnx built against onnxruntime 1.28.2
2026-10-09T23:29:06.3540117Z [PASS] DLL colocated: sherpa-onnx-c-api.dll D:\a\wisp\wisp\build\sherpa-onnx-c-api.dll
2026-10-09T23:29:06.3540919Z [PASS] DLL colocated: sherpa-onnx-cxx-api.dll D:\a\wisp\wisp\build\sherpa-onnx-cxx-api.dll
2026-10-09T23:29:06.3544013Z [PASS] deps.toml sherpa-onnx pin          1.13.8
2026-10-09T23:29:06.3544577Z [PASS] deps.toml onnxruntime pin          1.28.2
2026-10-09T23:29:06.3545076Z [PASS] deps.toml sherpa-onnx-go pin       v1.13.8
2026-10-09T23:29:06.3547481Z [PASS] data dir writable (test)           C:\Users\runneradmin\AppData\Local\Temp\wisp-test-7076
2026-10-09T23:29:06.3548276Z ------------------------------------------------------------------------
2026-10-09T23:29:06.3551158Z wisp doctor: PASS
2026-10-09T23:29:07.2437768Z ##[group]Run bash scripts/wisp-cli-tests.sh
2026-10-09T23:29:07.2438229Z [36;1mbash scripts/wisp-cli-tests.sh[0m
2026-10-09T23:29:07.2449909Z shell: C:\Program Files\Git\bin\bash.EXE --noprofile --norc -e -o pipefail {0}
2026-10-09T23:29:07.2450496Z env:
2026-10-09T23:29:07.2450697Z   WISP_ENV: test
2026-10-09T23:29:07.2450893Z ##[endgroup]
2026-10-09T23:29:07.4544722Z wisp-cli-tests.sh: scope=./cmd/wisp/ dll_dir=/d/a/wisp/wisp/third_party/sherpa-onnx (pinned: onnxruntime.dll sherpa-onnx-c-api.dll sherpa-onnx-cxx-api.dll )
2026-10-09T23:29:07.4546004Z wisp-cli-tests.sh: handing the verdict to portable-tests.sh --scope=cli
2026-10-09T23:29:24.8543448Z portable-tests.sh: platform=windows scope=[./cmd/wisp/]
2026-10-09T23:29:24.8543928Z portable-tests.sh: 11 ledger entries, 7 accounted on this platform:
2026-10-09T23:29:24.8553245Z portable-tests.sh:   TestDefaultDeadlineWallClockMeasurement              [opt-in] 300s wall-clock measurement gated by WISP_84_MEASURE=1 (ticket84_no_owner_test.go:224, docs/evidence/s1/84-ac1-bounded-wait.md); it measures a deadline instead of asserting a property, so a CI run of it produces a duration nobody checks
2026-10-09T23:29:24.8559139Z portable-tests.sh:   TestSubprocessCrashWriter                            [reexec] child-process entry point of TestCrashRecoveryKillMidWrite (concurrent_test.go:186); not a test of its own, it skips whenever it is not the re-exec'd child
2026-10-09T23:29:24.8564990Z portable-tests.sh:   TestHelperProcess                                    [reexec] child-process entry point of the job-object cases (jobscope_windows_test.go:87, //go:build windows); skips unless re-exec'd with the helper env var set
2026-10-09T23:29:24.8571120Z portable-tests.sh:   TestLiveWasapiSmoke                                  [fixture] live WASAPI capture needs WISP_LIVE_MIC=1 and a physical microphone (hotplug_test.go:527, //go:build windows); a hosted runner has no audio endpoint, so the case has no subject there. Real-hardware smoke is ticket 16's
2026-10-09T23:29:24.8575991Z portable-tests.sh:   TestRealDownloadVadThroughPipeline                   [opt-in] real-network spot check gated by WISP_IT_REAL_MIRROR=1 (manifest_real_test.go:120); CI has no business pulling model archives from a third-party mirror
2026-10-09T23:29:24.8580822Z portable-tests.sh:   TestRealDownloadPuncArchiveThroughPipeline           [opt-in] real-network spot check gated by WISP_IT_REAL_MIRROR=1 (manifest_real_test.go:147); same reason as the VAD row
2026-10-09T23:29:24.8599009Z portable-tests.sh:   TestSyncRegistryProbeLive                            [fixture] P12 live registry evidence; on ubuntu it is now out of scope by platform instead of by skip (ticket 93 AC#2 moved it verbatim into syncdirs_windows_test.go), and on a Windows host whose HKCU Accounts key carries no UserFolder the hive has nothing to say. Measured on a windows host at HEAD 84e43af: --- SKIP at syncdirs_windows_test.go:133. As of ticket 110 AC#4 the windows leg carries ./internal/risk/ in its scope, so this row is re-verified against the compiled WINDOWS test binary (go test -list) and printed with its reason in that step's log - which is the step-level answer R-93-4 asked for. Remedy for a real run: a host with a sync record, or fold the shape check into the fixture-driven case. next= on ticket 93
2026-10-09T23:29:24.8846160Z portable-tests.sh: -skip pattern built from the ledger: ^(TestDefaultDeadlineWallClockMeasurement|TestSubprocessCrashWriter|TestHelperProcess|TestLiveWasapiSmoke|TestRealDownloadVadThroughPipeline|TestRealDownloadPuncArchiveThroughPipeline|TestSyncRegistryProbeLive)$
2026-10-09T23:36:10.8013400Z time=2026-10-09T23:29:27.247Z level=INFO msg="winsec: sealing path resolver installed" resolver=risk.c26Pipeline probes_passed=2
2026-10-09T23:36:10.8033200Z === RUN   TestAC1AlwaysBranchDoesNotRevertAHandEditedKey
2026-10-09T23:36:10.8036629Z time=2026-10-09T23:29:28.444Z level=WARN msg="goroutine outside the D38 roster (leak symptom)" goroutine=mockllm-stdout-reader owner=test
2026-10-09T23:36:10.8038862Z time=2026-10-09T23:29:28.463Z level=INFO msg="wisp: persistent log sink installed" dir=C:\Users\RUNNER~1\AppData\Local\Temp\TestAC1AlwaysBranchDoesNotRevertAHandEditedKey323636588\002\logs min_level=info early_records=2 early_dropped=0
2026-10-09T23:36:10.8040818Z 2026/10/09 23:29:28 mockllm: serving on http://127.0.0.1:51044 (golden dir D:\a\wisp\wisp\internal\llm\testdata\golden)
2026-10-09T23:36:10.8048883Z time=2026-10-09T23:29:28.521Z level=INFO msg="pre-migration backup written" component=memory backup=C:\Users\RUNNER~1\AppData\Local\Temp\TestAC1AlwaysBranchDoesNotRevertAHandEditedKey323636588\002\backup\wisp.db.bak-0-1 from=0 to=1
2026-10-09T23:36:10.8057050Z time=2026-10-09T23:29:28.529Z level=INFO msg="schema migration step applied" component=memory from=0 to=1 started_at=2026-10-09T23:29:28Z duration_ms=7
2026-10-09T23:36:10.8059154Z time=2026-10-09T23:29:28.563Z level=INFO msg="pre-migration backup written" component=memory backup=C:\Users\RUNNER~1\AppData\Local\Temp\TestAC1AlwaysBranchDoesNotRevertAHandEditedKey323636588\002\backup\wisp.db.bak-1-2 from=1 to=2
2026-10-09T23:36:10.8062012Z time=2026-10-09T23:29:28.572Z level=INFO msg="schema migration step applied" component=memory from=1 to=2 started_at=2026-10-09T23:29:28Z duration_ms=8
2026-10-09T23:36:10.8064778Z time=2026-10-09T23:29:28.589Z level=INFO msg="schema migration complete" component=memory schema_version=2
2026-10-09T23:36:10.8065990Z time=2026-10-09T23:29:28.591Z level=INFO msg="startup WAL checkpoint (TRUNCATE) done" component=memory wal_pages_before=0 pages_moved=0
2026-10-09T23:36:10.8069282Z time=2026-10-09T23:29:28.603Z level=WARN msg="config: wrote merged change into config.toml and kept hand edits this process does not hold (ticket 226); the file was NOT claimed as our own write, so the next reload reads it back and a loosening there is denied until it is confirmed (D36 rule 1). Only the keys listed under wrote changed value; the file is re-laid in canonical form, so comments and hand-chosen key order are not preserved" key=fs.allowed_dirs wrote=[fs.allowed_dirs] kept_in_file_not_in_memory=[app.theme]
2026-10-09T23:36:10.8072855Z     always_write_no_clobber_226_test.go:77: the run did not store the rule it was answering for, so the surviving hand edit proves nothing:
2026-10-09T23:36:10.8073863Z         schema_version = 2
2026-10-09T23:36:10.8074288Z         
2026-10-09T23:36:10.8074666Z         [app]
2026-10-09T23:36:10.8075081Z         language = 'zh-CN'
2026-10-09T23:36:10.8075580Z         theme = 'light'
2026-10-09T23:36:10.8076050Z         autostart = false
2026-10-09T23:36:10.8076504Z         single_instance = true
2026-10-09T23:36:10.8076928Z         
2026-10-09T23:36:10.8077328Z         [ball]
2026-10-09T23:36:10.8077711Z         size = 56
2026-10-09T23:36:10.8078839Z         opacity_idle = 0.35
2026-10-09T23:36:10.8079711Z         click_through = true
2026-10-09T23:36:10.8081480Z         hide_on_fullscreen = true
2026-10-09T23:36:10.8081962Z         
2026-10-09T23:36:10.8082369Z         [ball.position]
2026-10-09T23:36:10.8082779Z         x = 0
2026-10-09T23:36:10.8083148Z         y = 0
2026-10-09T23:36:10.8083641Z         monitor = ''
2026-10-09T23:36:10.8084378Z         
2026-10-09T23:36:10.8084732Z         [hotkey]
2026-10-09T23:36:10.8085368Z         summon = ''
2026-10-09T23:36:10.8085780Z         mute = ''
2026-10-09T23:36:10.8086201Z         cancel = 'Esc'
2026-10-09T23:36:10.8086591Z         panel = ''
2026-10-09T23:36:10.8086930Z         
2026-10-09T23:36:10.8087260Z         [session]
2026-10-09T23:36:10.8100480Z         warm_timeout_sec = 90
2026-10-09T23:36:10.8101013Z         settling_sec = 3
2026-10-09T23:36:10.8101520Z         conversation_idle_sec = 30
2026-10-09T23:36:10.8101979Z         
2026-10-09T23:36:10.8102655Z         [voice]
2026-10-09T23:36:10.8103123Z         enabled = true
2026-10-09T23:36:10.8103589Z         punctuation = true
2026-10-09T23:36:10.8104093Z         conversation_mode = false
2026-10-09T23:36:10.8105492Z         cloud_asr_chain = []
2026-10-09T23:36:10.8106042Z         cloud_tts_chain = []
2026-10-09T23:36:10.8106468Z         
2026-10-09T23:36:10.8106878Z         [voice.wake_word]
2026-10-09T23:36:10.8107337Z         enabled = false
2026-10-09T23:36:10.8107824Z         keywords = []
2026-10-09T23:36:10.8108265Z         thresholds = []
2026-10-09T23:36:10.8110582Z         veto_words = ['取消', '停下', '别']
2026-10-09T23:36:10.8111062Z         
2026-10-09T23:36:10.8111505Z         [voice.asr]
2026-10-09T23:36:10.8111994Z         provider = 'local-sherpa'
2026-10-09T23:36:10.8112515Z         model = ''
2026-10-09T23:36:10.8112904Z         
2026-10-09T23:36:10.8113299Z         [voice.tts]
2026-10-09T23:36:10.8113796Z         provider = 'local-sherpa'
2026-10-09T23:36:10.8114268Z         voice = ''
2026-10-09T23:36:10.8119394Z         speed = 1.0
2026-10-09T23:36:10.8119795Z         
2026-10-09T23:36:10.8120204Z         [voice.aec]
2026-10-09T23:36:10.8120583Z         enabled = true
2026-10-09T23:36:10.8121070Z         echo_ref = 'self-render'
2026-10-09T23:36:10.8121490Z         
2026-10-09T23:36:10.8121872Z         [voice.realtime]
2026-10-09T23:36:10.8122322Z         enabled = false
2026-10-09T23:36:10.8122735Z         provider = ''
2026-10-09T23:36:10.8123146Z         model = ''
2026-10-09T23:36:10.8123553Z         api_key_ref = ''
2026-10-09T23:36:10.8124007Z         base_url = ''
2026-10-09T23:36:10.8124372Z         
2026-10-09T23:36:10.8124704Z         [audio]
2026-10-09T23:36:10.8125107Z         input_device = 'default'
2026-10-09T23:36:10.8125908Z         sample_rate = 16000
2026-10-09T23:36:10.8126474Z         half_duplex = true
2026-10-09T23:36:10.8126993Z         mic_muted_default = true
2026-10-09T23:36:10.8127406Z         
2026-10-09T23:36:10.8128924Z         [llm]
2026-10-09T23:36:10.8129427Z         text_chain = ['acme/m1']
2026-10-09T23:36:10.8129874Z         timeout_ms = 60000
2026-10-09T23:36:10.8130256Z         
2026-10-09T23:36:10.8130604Z         [llm.roles]
2026-10-09T23:36:10.8131024Z         [llm.roles.chat]
2026-10-09T23:36:10.8131513Z         provider = ''
2026-10-09T23:36:10.8131946Z         model = ''
2026-10-09T23:36:10.8132381Z         temperature = 0.7
2026-10-09T23:36:10.8132981Z         thinking_intensity = 'off'
2026-10-09T23:36:10.8133528Z         max_output_tokens = 0
2026-10-09T23:36:10.8133998Z         
2026-10-09T23:36:10.8134428Z         [llm.roles.memory_extract]
2026-10-09T23:36:10.8134868Z         provider = ''
2026-10-09T23:36:10.8135257Z         model = ''
2026-10-09T23:36:10.8137309Z         temperature = 0.7
2026-10-09T23:36:10.8137835Z         thinking_intensity = 'off'
2026-10-09T23:36:10.8138323Z         max_output_tokens = 0
2026-10-09T23:36:10.8138729Z         
2026-10-09T23:36:10.8139101Z         [llm.roles.handoff]
2026-10-09T23:36:10.8139584Z         provider = ''
2026-10-09T23:36:10.8139969Z         model = ''
2026-10-09T23:36:10.8140347Z         temperature = 0.7
2026-10-09T23:36:10.8140831Z         thinking_intensity = 'off'
2026-10-09T23:36:10.8141350Z         max_output_tokens = 0
2026-10-09T23:36:10.8141753Z         
2026-10-09T23:36:10.8142151Z         [llm.roles.summarize]
2026-10-09T23:36:10.8142586Z         provider = ''
2026-10-09T23:36:10.8142993Z         model = ''
2026-10-09T23:36:10.8143376Z         temperature = 0.7
2026-10-09T23:36:10.8143813Z         thinking_intensity = 'off'
2026-10-09T23:36:10.8144275Z         max_output_tokens = 0
2026-10-09T23:36:10.8144648Z         
2026-10-09T23:36:10.8145394Z         [llm.retry]
2026-10-09T23:36:10.8146159Z         max = 1
2026-10-09T23:36:10.8146798Z         backoff_ms = 1
2026-10-09T23:36:10.8147210Z         
2026-10-09T23:36:10.8147670Z         [llm.providers]
2026-10-09T23:36:10.8148131Z         [llm.providers.acme]
2026-10-09T23:36:10.8149177Z         protocol = 'openai-chat'
2026-10-09T23:36:10.8151107Z         base_url = 'http://127.0.0.1:51044/v1'
2026-10-09T23:36:10.8152758Z         api_key_ref = 'dpapi:acme'
2026-10-09T23:36:10.8156114Z         billing = ''
2026-10-09T23:36:10.8158974Z         plan_credit_total_micro = 0
2026-10-09T23:36:10.8159501Z         rpm = 0
2026-10-09T23:36:10.8159896Z         tpm = 0
2026-10-09T23:36:10.8160313Z         
2026-10-09T23:36:10.8160760Z         [llm.providers.acme.compat]
2026-10-09T23:36:10.8161267Z         loose = false
2026-10-09T23:36:10.8161738Z         allow_missing_usage = false
2026-10-09T23:36:10.8162222Z         
2026-10-09T23:36:10.8162667Z         [llm.providers.acme.models]
2026-10-09T23:36:10.8163248Z         [llm.providers.acme.models.m1]
2026-10-09T23:36:10.8163750Z         display = ''
2026-10-09T23:36:10.8164245Z         context_window = 128000
2026-10-09T23:36:10.8164747Z         max_output_tokens = 0
2026-10-09T23:36:10.8165318Z         thinking_levels = []
2026-10-09T23:36:10.8165776Z         billing = ''
2026-10-09T23:36:10.8166230Z         quota_daily_micro = 0
2026-10-09T23:36:10.8167469Z         quota_monthly_micro = 0
2026-10-09T23:36:10.8167969Z         enabled = true
2026-10-09T23:36:10.8168358Z         
2026-10-09T23:36:10.8168882Z         [llm.providers.acme.models.m1.capabilities]
2026-10-09T23:36:10.8211019Z         text = false
2026-10-09T23:36:10.8211480Z         vision = false
2026-10-09T23:36:10.8211943Z         audio_in = false
2026-10-09T23:36:10.8212390Z         audio_out = false
2026-10-09T23:36:10.8212855Z         realtime = false
2026-10-09T23:36:10.8213823Z         thinking = false
2026-10-09T23:36:10.8214303Z         fc = false
2026-10-09T23:36:10.8215015Z         stream = false
2026-10-09T23:36:10.8215418Z         
2026-10-09T23:36:10.8215957Z         [llm.providers.acme.models.m1.price]
2026-10-09T23:36:10.8216650Z         in = 0.0
2026-10-09T23:36:10.8217371Z         out = 0.0
2026-10-09T23:36:10.8217799Z         cached = 0.0
2026-10-09T23:36:10.8218223Z         audio_in = 0.0
2026-10-09T23:36:10.8218715Z         audio_out = 0.0
2026-10-09T23:36:10.8219119Z         
2026-10-09T23:36:10.8219491Z         [agent]
2026-10-09T23:36:10.8219927Z         max_rounds = 50
2026-10-09T23:36:10.8220445Z         token_budget = 200000
2026-10-09T23:36:10.8220943Z         per_tool_timeout_ms = 0
2026-10-09T23:36:10.8221441Z         steering_enabled = true
2026-10-09T23:36:10.8221989Z         project_instructions_enabled = true
2026-10-09T23:36:10.8222515Z         
2026-10-09T23:36:10.8222925Z         [agent.loop_guard]
2026-10-09T23:36:10.8223424Z         repeat_thresholds = [3, 5, 8]
2026-10-09T23:36:10.8223879Z         
2026-10-09T23:36:10.8224238Z         [risk]
2026-10-09T23:36:10.8224729Z         confirm_timeout_sec = 40
2026-10-09T23:36:10.8225216Z         l1_window_sec = 2
2026-10-09T23:36:10.8225677Z         shell_enabled = false
2026-10-09T23:36:10.8226176Z         allow_shell_string = false
2026-10-09T23:36:10.8226804Z         shell_allowlist = []
2026-10-09T23:36:10.8227307Z         blacklist_overrides = []
2026-10-09T23:36:10.8227862Z         permission_mode = 'ask_every_step'
2026-10-09T23:36:10.8228345Z         
2026-10-09T23:36:10.8228756Z         [fs]
2026-10-09T23:36:10.8230555Z         allowed_dirs = ['C:/Users/RUNNER~1/AppData/Local/Temp/TestAC1AlwaysBranchDoesNotRevertAHandEditedKey323636588/002', 'C:/Users/runneradmin/AppData/Local/Temp/TestAC1AlwaysBranchDoesNotRevertAHandEditedKey323636588/003']
2026-10-09T23:36:10.8232138Z         reparse_point_exceptions = []
2026-10-09T23:36:10.8232660Z         delete_enabled = false
2026-10-09T23:36:10.8233130Z         
2026-10-09T23:36:10.8233483Z         [net]
2026-10-09T23:36:10.8233898Z         allowlist = []
2026-10-09T23:36:10.8234362Z         block_private_ranges = true
2026-10-09T23:36:10.8234838Z         
2026-10-09T23:36:10.8235204Z         [net.proxy]
2026-10-09T23:36:10.8235631Z         mode = 'system'
2026-10-09T23:36:10.8236045Z         url = ''
2026-10-09T23:36:10.8236412Z         
2026-10-09T23:36:10.8236817Z         [privacy]
2026-10-09T23:36:10.8237516Z         redact_paths = false
2026-10-09T23:36:10.8238275Z         diagnostics_opt_in = false
2026-10-09T23:36:10.8238791Z         retention_days = 30
2026-10-09T23:36:10.8239341Z         keep_transcript = false
2026-10-09T23:36:10.8239841Z         keep_audio = false
2026-10-09T23:36:10.8240266Z         
2026-10-09T23:36:10.8240619Z         [memory]
2026-10-09T23:36:10.8241033Z         l1_enabled = true
2026-10-09T23:36:10.8241517Z         l1_max = 20
2026-10-09T23:36:10.8241955Z         l3_retention_days = 30
2026-10-09T23:36:10.8242429Z         extract_model = ''
2026-10-09T23:36:10.8242820Z         
2026-10-09T23:36:10.8243231Z         [panel]
2026-10-09T23:36:10.8243638Z         enabled = true
2026-10-09T23:36:10.8244054Z         width = 640
2026-10-09T23:36:10.8244451Z         height = 0
2026-10-09T23:36:10.8244953Z         keep_alive_in_session = true
2026-10-09T23:36:10.8245417Z         scale = 0.0
2026-10-09T23:36:10.8245786Z         
2026-10-09T23:36:10.8246146Z         [cost]
2026-10-09T23:36:10.8246556Z         daily_budget = 0
2026-10-09T23:36:10.8247057Z         monthly_budget = 0
2026-10-09T23:36:10.8247519Z         alert_threshold = 0.8
2026-10-09T23:36:10.8248003Z         over_budget = 'pause'
2026-10-09T23:36:10.8248414Z         
2026-10-09T23:36:10.8248819Z         [models]
2026-10-09T23:36:10.8249197Z         dir = ''
2026-10-09T23:36:10.8249598Z         mirror = []
2026-10-09T23:36:10.8250030Z         verify_signature = true
2026-10-09T23:36:10.8250450Z         
2026-10-09T23:36:10.8250849Z         [observe]
2026-10-09T23:36:10.8251242Z         level = 'info'
2026-10-09T23:36:10.8251881Z         slo_sample_interval_sec = 5
2026-10-09T23:36:10.8252323Z         
2026-10-09T23:36:10.8252749Z         [observe.roll]
2026-10-09T23:36:10.8253161Z         size_mb = 10
2026-10-09T23:36:10.8253556Z         days = 7
2026-10-09T23:36:10.8253937Z         [plugins]
2026-10-09T23:36:10.8254412Z         tier2_enabled = false
2026-10-09T23:36:10.8257127Z     always_write_no_clobber_226_test.go:91: fs.allowed_dirs on disk = [C:/Users/RUNNER~1/AppData/Local/Temp/TestAC1AlwaysBranchDoesNotRevertAHandEditedKey323636588/002 C:/Users/runneradmin/AppData/Local/Temp/TestAC1AlwaysBranchDoesNotRevertAHandEditedKey323636588/003], want the stored rule "C:/Users/RUNNER~1/AppData/Local/Temp/TestAC1AlwaysBranchDoesNotRevertAHandEditedKey323636588/003"
2026-10-09T23:36:10.8259867Z --- FAIL: TestAC1AlwaysBranchDoesNotRevertAHandEditedKey (1.40s)
2026-10-09T23:36:10.8260694Z === RUN   TestAlwaysBranchStoresItsRuleOnlyAfterASecondL2Card
2026-10-09T23:36:10.8261751Z time=2026-10-09T23:29:29.663Z level=WARN msg="goroutine outside the D38 roster (leak symptom)" goroutine=mockllm-stdout-reader owner=test
2026-10-09T23:36:10.8263704Z time=2026-10-09T23:29:29.677Z level=INFO msg="wisp: persistent log sink installed" dir=C:\Users\RUNNER~1\AppData\Local\Temp\TestAlwaysBranchStoresItsRuleOnlyAfterASecondL2Card3082046521\002\logs min_level=info early_records=0 early_dropped=0
2026-10-09T23:36:10.8265582Z 2026/10/09 23:29:29 mockllm: serving on http://127.0.0.1:51047 (golden dir D:\a\wisp\wisp\internal\llm\testdata\golden)
2026-10-09T23:36:10.8267399Z time=2026-10-09T23:29:29.704Z level=INFO msg="pre-migration backup written" component=memory backup=C:\Users\RUNNER~1\AppData\Local\Temp\TestAlwaysBranchStoresItsRuleOnlyAfterASecondL2Card3082046521\002\backup\wisp.db.bak-0-1 from=0 to=1
2026-10-09T23:36:10.8269358Z time=2026-10-09T23:29:29.713Z level=INFO msg="schema migration step applied" component=memory from=0 to=1 started_at=2026-10-09T23:29:29Z duration_ms=9
2026-10-09T23:36:10.8271362Z time=2026-10-09T23:29:29.734Z level=INFO msg="pre-migration backup written" component=memory backup=C:\Users\RUNNER~1\AppData\Local\Temp\TestAlwaysBranchStoresItsRuleOnlyAfterASecondL2Card3082046521\002\backup\wisp.db.bak-1-2 from=1 to=2
2026-10-09T23:36:10.8273747Z time=2026-10-09T23:29:29.741Z level=INFO msg="schema migration step applied" component=memory from=1 to=2 started_at=2026-10-09T23:29:29Z duration_ms=6
2026-10-09T23:36:10.8275931Z time=2026-10-09T23:29:29.758Z level=INFO msg="schema migration complete" component=memory schema_version=2
2026-10-09T23:36:10.8277184Z time=2026-10-09T23:29:29.759Z level=INFO msg="startup WAL checkpoint (TRUNCATE) done" component=memory wal_pages_before=0 pages_moved=0
2026-10-09T23:36:10.8279798Z time=2026-10-09T23:29:29.769Z level=INFO msg="config: wrote merged change into config.toml (ticket 226: only the keys listed changed value, every other key keeps the value the file already held; the file is re-laid in canonical form, so comments and hand-chosen key order are not preserved)" key=fs.allowed_dirs wrote=[fs.allowed_dirs]
2026-10-09T23:36:10.8282550Z     approval_always_201_test.go:141: config.toml did not gain the stored rule "C:/Users/RUNNER~1/AppData/Local/Temp/TestAlwaysBranchStoresItsRuleOnlyAfterASecondL2Card3082046521/003"; it holds:
2026-10-09T23:36:10.8283872Z         schema_version = 2
2026-10-09T23:36:10.8284293Z         
2026-10-09T23:36:10.8284656Z         [app]
2026-10-09T23:36:10.8285071Z         language = 'zh-CN'
2026-10-09T23:36:10.8285570Z         theme = 'dark'
2026-10-09T23:36:10.8286015Z         autostart = false
2026-10-09T23:36:10.8287256Z         single_instance = true
2026-10-09T23:36:10.8287801Z         
2026-10-09T23:36:10.8288140Z         [ball]
2026-10-09T23:36:10.8288867Z         size = 56
2026-10-09T23:36:10.8289197Z         opacity_idle = 0.35
2026-10-09T23:36:10.8289540Z         click_through = true
2026-10-09T23:36:10.8289898Z         hide_on_fullscreen = true
2026-10-09T23:36:10.8290246Z         
2026-10-09T23:36:10.8290529Z         [ball.position]
2026-10-09T23:36:10.8291072Z         x = 0
2026-10-09T23:36:10.8291335Z         y = 0
2026-10-09T23:36:10.8291650Z         monitor = ''
2026-10-09T23:36:10.8291925Z         
2026-10-09T23:36:10.8292184Z         [hotkey]
2026-10-09T23:36:10.8292581Z         summon = ''
2026-10-09T23:36:10.8292894Z         mute = ''
2026-10-09T23:36:10.8293308Z         cancel = 'Esc'
2026-10-09T23:36:10.8293694Z         panel = ''
2026-10-09T23:36:10.8294040Z         
2026-10-09T23:36:10.8294307Z         [session]
2026-10-09T23:36:10.8294656Z         warm_timeout_sec = 90
2026-10-09T23:36:10.8294983Z         settling_sec = 3
2026-10-09T23:36:10.8295904Z         conversation_idle_sec = 30
2026-10-09T23:36:10.8296286Z         
2026-10-09T23:36:10.8296923Z         [voice]
2026-10-09T23:36:10.8297264Z         enabled = true
2026-10-09T23:36:10.8297579Z         punctuation = true
2026-10-09T23:36:10.8297924Z         conversation_mode = false
2026-10-09T23:36:10.8298274Z         cloud_asr_chain = []
2026-10-09T23:36:10.8298668Z         cloud_tts_chain = []
2026-10-09T23:36:10.8298954Z         
2026-10-09T23:36:10.8299239Z         [voice.wake_word]
2026-10-09T23:36:10.8299548Z         enabled = false
2026-10-09T23:36:10.8300051Z         keywords = []
2026-10-09T23:36:10.8300358Z         thresholds = []
2026-10-09T23:36:10.8300925Z         veto_words = ['取消', '停下', '别']
2026-10-09T23:36:10.8301237Z         
2026-10-09T23:36:10.8301509Z         [voice.asr]
2026-10-09T23:36:10.8302006Z         provider = 'local-sherpa'
2026-10-09T23:36:10.8302479Z         model = ''
2026-10-09T23:36:10.8302738Z         
2026-10-09T23:36:10.8302991Z         [voice.tts]
2026-10-09T23:36:10.8303377Z         provider = 'local-sherpa'
2026-10-09T23:36:10.8303695Z         voice = ''
2026-10-09T23:36:10.8303980Z         speed = 1.0
2026-10-09T23:36:10.8304242Z         
2026-10-09T23:36:10.8304538Z         [voice.aec]
2026-10-09T23:36:10.8304820Z         enabled = true
2026-10-09T23:36:10.8305150Z         echo_ref = 'self-render'
2026-10-09T23:36:10.8305463Z         
2026-10-09T23:36:10.8305744Z         [voice.realtime]
2026-10-09T23:36:10.8306077Z         enabled = false
2026-10-09T23:36:10.8306379Z         provider = ''
2026-10-09T23:36:10.8306669Z         model = ''
2026-10-09T23:36:10.8306968Z         api_key_ref = ''
2026-10-09T23:36:10.8307295Z         base_url = ''
2026-10-09T23:36:10.8307552Z         
2026-10-09T23:36:10.8307814Z         [audio]
2026-10-09T23:36:10.8308337Z         input_device = 'default'
2026-10-09T23:36:10.8308685Z         sample_rate = 16000
2026-10-09T23:36:10.8309091Z         half_duplex = true
2026-10-09T23:36:10.8309422Z         mic_muted_default = true
2026-10-09T23:36:10.8309713Z         
2026-10-09T23:36:10.8309962Z         [llm]
2026-10-09T23:36:10.8310294Z         text_chain = ['acme/m1']
2026-10-09T23:36:10.8310621Z         timeout_ms = 60000
2026-10-09T23:36:10.8310901Z         
2026-10-09T23:36:10.8311163Z         [llm.roles]
2026-10-09T23:36:10.8311497Z         [llm.roles.chat]
2026-10-09T23:36:10.8311797Z         provider = ''
2026-10-09T23:36:10.8312093Z         model = ''
2026-10-09T23:36:10.8312389Z         temperature = 0.7
2026-10-09T23:36:10.8312721Z         thinking_intensity = 'off'
2026-10-09T23:36:10.8313224Z         max_output_tokens = 0
2026-10-09T23:36:10.8313643Z         
2026-10-09T23:36:10.8314051Z         [llm.roles.memory_extract]
2026-10-09T23:36:10.8314509Z         provider = ''
2026-10-09T23:36:10.8314970Z         model = ''
2026-10-09T23:36:10.8315672Z         temperature = 0.7
2026-10-09T23:36:10.8316171Z         thinking_intensity = 'off'
2026-10-09T23:36:10.8316668Z         max_output_tokens = 0
2026-10-09T23:36:10.8317110Z         
2026-10-09T23:36:10.8317571Z         [llm.roles.handoff]
2026-10-09T23:36:10.8317991Z         provider = ''
2026-10-09T23:36:10.8318387Z         model = ''
2026-10-09T23:36:10.8318786Z         temperature = 0.7
2026-10-09T23:36:10.8319282Z         thinking_intensity = 'off'
2026-10-09T23:36:10.8320019Z         max_output_tokens = 0
2026-10-09T23:36:10.8320429Z         
2026-10-09T23:36:10.8320836Z         [llm.roles.summarize]
2026-10-09T23:36:10.8321337Z         provider = ''
2026-10-09T23:36:10.8321760Z         model = ''
2026-10-09T23:36:10.8322187Z         temperature = 0.7
2026-10-09T23:36:10.8322681Z         thinking_intensity = 'off'
2026-10-09T23:36:10.8323222Z         max_output_tokens = 0
2026-10-09T23:36:10.8323616Z         
2026-10-09T23:36:10.8323996Z         [llm.retry]
2026-10-09T23:36:10.8324387Z         max = 1
2026-10-09T23:36:10.8324788Z         backoff_ms = 1
2026-10-09T23:36:10.8325229Z         
2026-10-09T23:36:10.8325614Z         [llm.providers]
2026-10-09T23:36:10.8326072Z         [llm.providers.acme]
2026-10-09T23:36:10.8326562Z         protocol = 'openai-chat'
2026-10-09T23:36:10.8327152Z         base_url = 'http://127.0.0.1:51047/v1'
2026-10-09T23:36:10.8327674Z         api_key_ref = 'dpapi:acme'
2026-10-09T23:36:10.8328088Z         billing = ''
2026-10-09T23:36:10.8328430Z         plan_credit_total_micro = 0
2026-10-09T23:36:10.8328786Z         rpm = 0
2026-10-09T23:36:10.8329061Z         tpm = 0
2026-10-09T23:36:10.8329417Z         
2026-10-09T23:36:10.8329820Z         [llm.providers.acme.compat]
2026-10-09T23:36:10.8330321Z         loose = false
2026-10-09T23:36:10.8330806Z         allow_missing_usage = false
2026-10-09T23:36:10.8331217Z         
2026-10-09T23:36:10.8331653Z         [llm.providers.acme.models]
2026-10-09T23:36:10.8332136Z         [llm.providers.acme.models.m1]
2026-10-09T23:36:10.8332514Z         display = ''
2026-10-09T23:36:10.8332827Z         context_window = 128000
2026-10-09T23:36:10.8333165Z         max_output_tokens = 0
2026-10-09T23:36:10.8333496Z         thinking_levels = []
2026-10-09T23:36:10.8333832Z         billing = ''
2026-10-09T23:36:10.8334134Z         quota_daily_micro = 0
2026-10-09T23:36:10.8334464Z         quota_monthly_micro = 0
2026-10-09T23:36:10.8334777Z         enabled = true
2026-10-09T23:36:10.8335055Z         
2026-10-09T23:36:10.8335450Z         [llm.providers.acme.models.m1.capabilities]
2026-10-09T23:36:10.8336191Z         text = false
2026-10-09T23:36:10.8336494Z         vision = false
2026-10-09T23:36:10.8336797Z         audio_in = false
2026-10-09T23:36:10.8337146Z         audio_out = false
2026-10-09T23:36:10.8337450Z         realtime = false
2026-10-09T23:36:10.8337755Z         thinking = false
2026-10-09T23:36:10.8338267Z         fc = false
2026-10-09T23:36:10.8338595Z         stream = false
2026-10-09T23:36:10.8338874Z         
2026-10-09T23:36:10.8339218Z         [llm.providers.acme.models.m1.price]
2026-10-09T23:36:10.8339613Z         in = 0.0
2026-10-09T23:36:10.8340006Z         out = 0.0
2026-10-09T23:36:10.8340410Z         cached = 0.0
2026-10-09T23:36:10.8340844Z         audio_in = 0.0
2026-10-09T23:36:10.8341252Z         audio_out = 0.0
2026-10-09T23:36:10.8341627Z         
2026-10-09T23:36:10.8342032Z         [agent]
2026-10-09T23:36:10.8342439Z         max_rounds = 50
2026-10-09T23:36:10.8342887Z         token_budget = 200000
2026-10-09T23:36:10.8343363Z         per_tool_timeout_ms = 0
2026-10-09T23:36:10.8343889Z         steering_enabled = true
2026-10-09T23:36:10.8344423Z         project_instructions_enabled = true
2026-10-09T23:36:10.8344900Z         
2026-10-09T23:36:10.8345282Z         [agent.loop_guard]
2026-10-09T23:36:10.8346151Z         repeat_thresholds = [3, 5, 8]
2026-10-09T23:36:10.8346668Z         
2026-10-09T23:36:10.8347051Z         [risk]
2026-10-09T23:36:10.8347521Z         confirm_timeout_sec = 40
2026-10-09T23:36:10.8347975Z         l1_window_sec = 2
2026-10-09T23:36:10.8348440Z         shell_enabled = false
2026-10-09T23:36:10.8348939Z         allow_shell_string = false
2026-10-09T23:36:10.8349439Z         shell_allowlist = []
2026-10-09T23:36:10.8349922Z         blacklist_overrides = []
2026-10-09T23:36:10.8350480Z         permission_mode = 'ask_every_step'
2026-10-09T23:36:10.8350889Z         
2026-10-09T23:36:10.8351385Z         [fs]
2026-10-09T23:36:10.8352701Z         allowed_dirs = ['C:/Users/RUNNER~1/AppData/Local/Temp/TestAlwaysBranchStoresItsRuleOnlyAfterASecondL2Card3082046521/002', 'C:/Users/runneradmin/AppData/Local/Temp/TestAlwaysBranchStoresItsRuleOnlyAfterASecondL2Card3082046521/003']
2026-10-09T23:36:10.8354116Z         reparse_point_exceptions = []
2026-10-09T23:36:10.8354488Z         delete_enabled = false
2026-10-09T23:36:10.8354824Z         
2026-10-09T23:36:10.8355194Z         [net]
2026-10-09T23:36:10.8355609Z         allowlist = []
2026-10-09T23:36:10.8356393Z         block_private_ranges = true
2026-10-09T23:36:10.8356837Z         
2026-10-09T23:36:10.8357199Z         [net.proxy]
2026-10-09T23:36:10.8357507Z         mode = 'system'
2026-10-09T23:36:10.8357980Z         url = ''
2026-10-09T23:36:10.8358343Z         
2026-10-09T23:36:10.8358635Z         [privacy]
2026-10-09T23:36:10.8358939Z         redact_paths = false
2026-10-09T23:36:10.8359321Z         diagnostics_opt_in = false
2026-10-09T23:36:10.8359672Z         retention_days = 30
2026-10-09T23:36:10.8360026Z         keep_transcript = false
2026-10-09T23:36:10.8360363Z         keep_audio = false
2026-10-09T23:36:10.8360683Z         
2026-10-09T23:36:10.8360944Z         [memory]
2026-10-09T23:36:10.8361242Z         l1_enabled = true
2026-10-09T23:36:10.8361544Z         l1_max = 20
2026-10-09T23:36:10.8361850Z         l3_retention_days = 30
2026-10-09T23:36:10.8362220Z         extract_model = ''
2026-10-09T23:36:10.8362505Z         
2026-10-09T23:36:10.8362761Z         [panel]
2026-10-09T23:36:10.8363040Z         enabled = true
2026-10-09T23:36:10.8363364Z         width = 640
2026-10-09T23:36:10.8363639Z         height = 0
2026-10-09T23:36:10.8363963Z         keep_alive_in_session = true
2026-10-09T23:36:10.8364289Z         scale = 0.0
2026-10-09T23:36:10.8364581Z         
2026-10-09T23:36:10.8364837Z         [cost]
2026-10-09T23:36:10.8365121Z         daily_budget = 0
2026-10-09T23:36:10.8365433Z         monthly_budget = 0
2026-10-09T23:36:10.8365762Z         alert_threshold = 0.8
2026-10-09T23:36:10.8366125Z         over_budget = 'pause'
2026-10-09T23:36:10.8366414Z         
2026-10-09T23:36:10.8366671Z         [models]
2026-10-09T23:36:10.8366941Z         dir = ''
2026-10-09T23:36:10.8367383Z         mirror = []
2026-10-09T23:36:10.8367723Z         verify_signature = true
2026-10-09T23:36:10.8368025Z         
2026-10-09T23:36:10.8368287Z         [observe]
2026-10-09T23:36:10.8368793Z         level = 'info'
2026-10-09T23:36:10.8369255Z         slo_sample_interval_sec = 5
2026-10-09T23:36:10.8369567Z         
2026-10-09T23:36:10.8369842Z         [observe.roll]
2026-10-09T23:36:10.8370150Z         size_mb = 10
2026-10-09T23:36:10.8370467Z         days = 7
2026-10-09T23:36:10.8370740Z         [plugins]
2026-10-09T23:36:10.8371048Z         tier2_enabled = false
2026-10-09T23:36:10.8371473Z --- FAIL: TestAlwaysBranchStoresItsRuleOnlyAfterASecondL2Card (1.15s)
2026-10-09T23:36:10.8372083Z === RUN   TestAlwaysBranchStoresNothingWhenTheSecondCardIsRefused
2026-10-09T23:36:10.8373102Z time=2026-10-09T23:29:30.804Z level=WARN msg="goroutine outside the D38 roster (leak symptom)" goroutine=mockllm-stdout-reader owner=test
2026-10-09T23:36:10.8374337Z time=2026-10-09T23:29:30.818Z level=INFO msg="wisp: persistent log sink installed" dir=C:\Users\RUNNER~1\AppData\Local\Temp\TestAlwaysBranchStoresNothingWhenTheSecondCardIsRefused545319351\002\logs min_level=info early_records=0 early_dropped=0
2026-10-09T23:36:10.8375602Z 2026/10/09 23:29:30 mockllm: serving on http://127.0.0.1:51054 (golden dir D:\a\wisp\wisp\internal\llm\testdata\golden)
2026-10-09T23:36:10.8377108Z time=2026-10-09T23:29:30.842Z level=INFO msg="pre-migration backup written" component=memory backup=C:\Users\RUNNER~1\AppData\Local\Temp\TestAlwaysBranchStoresNothingWhenTheSecondCardIsRefused545319351\002\backup\wisp.db.bak-0-1 from=0 to=1
2026-10-09T23:36:10.8378349Z time=2026-10-09T23:29:30.851Z level=INFO msg="schema migration step applied" component=memory from=0 to=1 started_at=2026-10-09T23:29:30Z duration_ms=8
2026-10-09T23:36:10.8379778Z time=2026-10-09T23:29:30.872Z level=INFO msg="pre-migration backup written" component=memory backup=C:\Users\RUNNER~1\AppData\Local\Temp\TestAlwaysBranchStoresNothingWhenTheSecondCardIsRefused545319351\002\backup\wisp.db.bak-1-2 from=1 to=2
2026-10-09T23:36:10.8381004Z time=2026-10-09T23:29:30.878Z level=INFO msg="schema migration step applied" component=memory from=1 to=2 started_at=2026-10-09T23:29:30Z duration_ms=6
2026-10-09T23:36:10.8381789Z time=2026-10-09T23:29:30.896Z level=INFO msg="schema migration complete" component=memory schema_version=2
2026-10-09T23:36:10.8382573Z time=2026-10-09T23:29:30.897Z level=INFO msg="startup WAL checkpoint (TRUNCATE) done" component=memory wal_pages_before=0 pages_moved=0
2026-10-09T23:36:10.8383288Z --- PASS: TestAlwaysBranchStoresNothingWhenTheSecondCardIsRefused (1.11s)
2026-10-09T23:36:10.8383830Z === RUN   TestReplyListenerAllowsAnL2CardFromTheNativeSide
2026-10-09T23:36:10.8384502Z time=2026-10-09T23:29:31.864Z level=WARN msg="goroutine outside the D38 roster (leak symptom)" goroutine=mockllm-stdout-reader owner=test
2026-10-09T23:36:10.8385844Z time=2026-10-09T23:29:31.878Z level=INFO msg="wisp: persistent log sink installed" dir=C:\Users\RUNNER~1\AppData\Local\Temp\TestReplyListenerAllowsAnL2CardFromTheNativeSide2949927972\002\logs min_level=info early_records=0 early_dropped=0
2026-10-09T23:36:10.8387534Z 2026/10/09 23:29:31 mockllm: serving on http://127.0.0.1:51056 (golden dir D:\a\wisp\wisp\internal\llm\testdata\golden)
2026-10-09T23:36:10.8389467Z time=2026-10-09T23:29:31.901Z level=INFO msg="pre-migration backup written" component=memory backup=C:\Users\RUNNER~1\AppData\Local\Temp\TestReplyListenerAllowsAnL2CardFromTheNativeSide2949927972\002\backup\wisp.db.bak-0-1 from=0 to=1
2026-10-09T23:36:10.8391599Z time=2026-10-09T23:29:31.908Z level=INFO msg="schema migration step applied" component=memory from=0 to=1 started_at=2026-10-09T23:29:31Z duration_ms=7
2026-10-09T23:36:10.8393711Z time=2026-10-09T23:29:31.927Z level=INFO msg="pre-migration backup written" component=memory backup=C:\Users\RUNNER~1\AppData\Local\Temp\TestReplyListenerAllowsAnL2CardFromTheNativeSide2949927972\002\backup\wisp.db.bak-1-2 from=1 to=2
2026-10-09T23:36:10.8395885Z time=2026-10-09T23:29:31.934Z level=INFO msg="schema migration step applied" component=memory from=1 to=2 started_at=2026-10-09T23:29:31Z duration_ms=7
2026-10-09T23:36:10.8398608Z time=2026-10-09T23:29:31.948Z level=INFO msg="schema migration complete" component=memory schema_version=2
2026-10-09T23:36:10.8399914Z time=2026-10-09T23:29:31.950Z level=INFO msg="startup WAL checkpoint (TRUNCATE) done" component=memory wal_pages_before=0 pages_moved=0
2026-10-09T23:36:10.8401123Z time=2026-10-09T23:29:31.992Z level=INFO msg="startup WAL checkpoint (TRUNCATE) done" component=memory wal_pages_before=0 pages_moved=0
2026-10-09T23:36:10.8402111Z --- PASS: TestReplyListenerAllowsAnL2CardFromTheNativeSide (1.07s)
2026-10-09T23:36:10.8402878Z === RUN   TestReplyListenerRejectCarriesTheOperatorsReasonToTheModel
2026-10-09T23:36:10.8404250Z time=2026-10-09T23:29:32.938Z level=WARN msg="goroutine outside the D38 roster (leak symptom)" goroutine=mockllm-stdout-reader owner=test
2026-10-09T23:36:10.8406983Z time=2026-10-09T23:29:32.952Z level=INFO msg="wisp: persistent log sink installed" dir=C:\Users\RUNNER~1\AppData\Local\Temp\TestReplyListenerRejectCarriesTheOperatorsReasonToTheModel3752159974\002\logs min_level=info early_records=0 early_dropped=0
2026-10-09T23:36:10.8408836Z 2026/10/09 23:29:32 mockllm: serving on http://127.0.0.1:51058 (golden dir D:\a\wisp\wisp\internal\llm\testdata\golden)
2026-10-09T23:36:10.8410667Z time=2026-10-09T23:29:32.976Z level=INFO msg="pre-migration backup written" component=memory backup=C:\Users\RUNNER~1\AppData\Local\Temp\TestReplyListenerRejectCarriesTheOperatorsReasonToTheModel3752159974\002\backup\wisp.db.bak-0-1 from=0 to=1
2026-10-09T23:36:10.8412815Z time=2026-10-09T23:29:32.983Z level=INFO msg="schema migration step applied" component=memory from=0 to=1 started_at=2026-10-09T23:29:32Z duration_ms=7
2026-10-09T23:36:10.8415163Z time=2026-10-09T23:29:33.001Z level=INFO msg="pre-migration backup written" component=memory backup=C:\Users\RUNNER~1\AppData\Local\Temp\TestReplyListenerRejectCarriesTheOperatorsReasonToTheModel3752159974\002\backup\wisp.db.bak-1-2 from=1 to=2
2026-10-09T23:36:10.8417411Z time=2026-10-09T23:29:33.009Z level=INFO msg="schema migration step applied" component=memory from=1 to=2 started_at=2026-10-09T23:29:33Z duration_ms=8
2026-10-09T23:36:10.8418627Z time=2026-10-09T23:29:33.023Z level=INFO msg="schema migration complete" component=memory schema_version=2
2026-10-09T23:36:10.8419723Z time=2026-10-09T23:29:33.024Z level=INFO msg="startup WAL checkpoint (TRUNCATE) done" component=memory wal_pages_before=0 pages_moved=0
2026-10-09T23:36:10.8421036Z time=2026-10-09T23:29:33.061Z level=INFO msg="startup WAL checkpoint (TRUNCATE) done" component=memory wal_pages_before=0 pages_moved=0
2026-10-09T23:36:10.8422176Z --- PASS: TestReplyListenerRejectCarriesTheOperatorsReasonToTheModel (1.07s)
2026-10-09T23:36:10.8423025Z === RUN   TestPanelRouteRefusesAnAllowBurnsTheGrantAndCanStillReject
2026-10-09T23:36:10.8424061Z time=2026-10-09T23:29:33.998Z level=WARN msg="goroutine outside the D38 roster (leak symptom)" goroutine=mockllm-stdout-reader owner=test
2026-10-09T23:36:10.8425952Z time=2026-10-09T23:29:34.013Z level=INFO msg="wisp: persistent log sink installed" dir=C:\Users\RUNNER~1\AppData\Local\Temp\TestPanelRouteRefusesAnAllowBurnsTheGrantAndCanStillReject543294790\002\logs min_level=info early_records=0 early_dropped=0
2026-10-09T23:36:10.8427827Z 2026/10/09 23:29:34 mockllm: serving on http://127.0.0.1:51060 (golden dir D:\a\wisp\wisp\internal\llm\testdata\golden)
2026-10-09T23:36:10.8429873Z time=2026-10-09T23:29:34.036Z level=INFO msg="pre-migration backup written" component=memory backup=C:\Users\RUNNER~1\AppData\Local\Temp\TestPanelRouteRefusesAnAllowBurnsTheGrantAndCanStillReject543294790\002\backup\wisp.db.bak-0-1 from=0 to=1
2026-10-09T23:36:10.8431680Z time=2026-10-09T23:29:34.044Z level=INFO msg="schema migration step applied" component=memory from=0 to=1 started_at=2026-10-09T23:29:34Z duration_ms=7
2026-10-09T23:36:10.8433976Z time=2026-10-09T23:29:34.064Z level=INFO msg="pre-migration backup written" component=memory backup=C:\Users\RUNNER~1\AppData\Local\Temp\TestPanelRouteRefusesAnAllowBurnsTheGrantAndCanStillReject543294790\002\backup\wisp.db.bak-1-2 from=1 to=2
2026-10-09T23:36:10.8436054Z time=2026-10-09T23:29:34.071Z level=INFO msg="schema migration step applied" component=memory from=1 to=2 started_at=2026-10-09T23:29:34Z duration_ms=6
2026-10-09T23:36:10.8437723Z time=2026-10-09T23:29:34.085Z level=INFO msg="schema migration complete" component=memory schema_version=2
2026-10-09T23:36:10.8438848Z time=2026-10-09T23:29:34.086Z level=INFO msg="startup WAL checkpoint (TRUNCATE) done" component=memory wal_pages_before=0 pages_moved=0
2026-10-09T23:36:10.8440135Z time=2026-10-09T23:29:34.133Z level=INFO msg="startup WAL checkpoint (TRUNCATE) done" component=memory wal_pages_before=0 pages_moved=0
2026-10-09T23:36:10.8441252Z --- PASS: TestPanelRouteRefusesAnAllowBurnsTheGrantAndCanStillReject (1.07s)
2026-10-09T23:36:10.8442045Z === RUN   TestUnansweredL2CardTimesOutIntoRejectNeverExecution
2026-10-09T23:36:10.8443063Z time=2026-10-09T23:29:35.176Z level=WARN msg="goroutine outside the D38 roster (leak symptom)" goroutine=mockllm-stdout-reader owner=test
2026-10-09T23:36:10.8444869Z time=2026-10-09T23:29:35.191Z level=INFO msg="wisp: persistent log sink installed" dir=C:\Users\RUNNER~1\AppData\Local\Temp\TestUnansweredL2CardTimesOutIntoRejectNeverExecution3664840362\002\logs min_level=info early_records=0 early_dropped=0
2026-10-09T23:36:10.8446644Z 2026/10/09 23:29:35 mockllm: serving on http://127.0.0.1:51062 (golden dir D:\a\wisp\wisp\internal\llm\testdata\golden)
2026-10-09T23:36:10.8448454Z time=2026-10-09T23:29:35.217Z level=INFO msg="pre-migration backup written" component=memory backup=C:\Users\RUNNER~1\AppData\Local\Temp\TestUnansweredL2CardTimesOutIntoRejectNeverExecution3664840362\002\backup\wisp.db.bak-0-1 from=0 to=1
2026-10-09T23:36:10.8450728Z time=2026-10-09T23:29:35.223Z level=INFO msg="schema migration step applied" component=memory from=0 to=1 started_at=2026-10-09T23:29:35Z duration_ms=6
2026-10-09T23:36:10.8452434Z time=2026-10-09T23:29:35.240Z level=INFO msg="pre-migration backup written" component=memory backup=C:\Users\RUNNER~1\AppData\Local\Temp\TestUnansweredL2CardTimesOutIntoRejectNeverExecution3664840362\002\backup\wisp.db.bak-1-2 from=1 to=2
2026-10-09T23:36:10.8453793Z time=2026-10-09T23:29:35.248Z level=INFO msg="schema migration step applied" component=memory from=1 to=2 started_at=2026-10-09T23:29:35Z duration_ms=7
2026-10-09T23:36:10.8455589Z time=2026-10-09T23:29:35.259Z level=INFO msg="schema migration complete" component=memory schema_version=2
2026-10-09T23:36:10.8456546Z time=2026-10-09T23:29:35.260Z level=INFO msg="startup WAL checkpoint (TRUNCATE) done" component=memory wal_pages_before=0 pages_moved=0
2026-10-09T23:36:10.8458414Z time=2026-10-09T23:30:06.298Z level=INFO msg="startup WAL checkpoint (TRUNCATE) done" component=memory wal_pages_before=0 pages_moved=0
2026-10-09T23:36:10.8459630Z --- PASS: TestUnansweredL2CardTimesOutIntoRejectNeverExecution (32.17s)
2026-10-09T23:36:10.8460462Z === RUN   TestL1VetoNeedsAChannelTheHostReallyWired
2026-10-09T23:36:10.8461434Z === RUN   TestL1VetoNeedsAChannelTheHostReallyWired/console_posture:_veto_refused,_window_still_executes
2026-10-09T23:36:10.8462746Z time=2026-10-09T23:30:07.278Z level=WARN msg="goroutine outside the D38 roster (leak symptom)" goroutine=mockllm-stdout-reader owner=test
2026-10-09T23:36:10.8464828Z time=2026-10-09T23:30:07.292Z level=INFO msg="wisp: persistent log sink installed" dir=C:\Users\RUNNER~1\AppData\Local\Temp\TestL1VetoNeedsAChannelTheHostReallyWiredconsole_posture_veto_3838841082\002\logs min_level=info early_records=0 early_dropped=0
2026-10-09T23:36:10.8466744Z 2026/10/09 23:30:07 mockllm: serving on http://127.0.0.1:51076 (golden dir D:\a\wisp\wisp\internal\llm\testdata\golden)
2026-10-09T23:36:10.8468669Z time=2026-10-09T23:30:07.319Z level=INFO msg="pre-migration backup written" component=memory backup=C:\Users\RUNNER~1\AppData\Local\Temp\TestL1VetoNeedsAChannelTheHostReallyWiredconsole_posture_veto_3838841082\002\backup\wisp.db.bak-0-1 from=0 to=1
2026-10-09T23:36:10.8471010Z time=2026-10-09T23:30:07.327Z level=INFO msg="schema migration step applied" component=memory from=0 to=1 started_at=2026-10-09T23:30:07Z duration_ms=7
2026-10-09T23:36:10.8473381Z time=2026-10-09T23:30:07.348Z level=INFO msg="pre-migration backup written" component=memory backup=C:\Users\RUNNER~1\AppData\Local\Temp\TestL1VetoNeedsAChannelTheHostReallyWiredconsole_posture_veto_3838841082\002\backup\wisp.db.bak-1-2 from=1 to=2
2026-10-09T23:36:10.8475410Z time=2026-10-09T23:30:07.359Z level=INFO msg="schema migration step applied" component=memory from=1 to=2 started_at=2026-10-09T23:30:07Z duration_ms=10
2026-10-09T23:36:10.8476745Z time=2026-10-09T23:30:07.373Z level=INFO msg="schema migration complete" component=memory schema_version=2
2026-10-09T23:36:10.8478271Z time=2026-10-09T23:30:07.374Z level=INFO msg="startup WAL checkpoint (TRUNCATE) done" component=memory wal_pages_before=0 pages_moved=0
2026-10-09T23:36:10.8479506Z === RUN   TestL1VetoNeedsAChannelTheHostReallyWired/host_declares_and_loads_esc,_veto_lands
2026-10-09T23:36:10.8480745Z time=2026-10-09T23:30:10.397Z level=WARN msg="goroutine outside the D38 roster (leak symptom)" goroutine=mockllm-stdout-reader owner=test
2026-10-09T23:36:10.8482754Z time=2026-10-09T23:30:10.412Z level=INFO msg="wisp: persistent log sink installed" dir=C:\Users\RUNNER~1\AppData\Local\Temp\TestL1VetoNeedsAChannelTheHostReallyWiredhost_declares_and_load532808006\002\logs min_level=info early_records=0 early_dropped=0
2026-10-09T23:36:10.8484642Z 2026/10/09 23:30:10 mockllm: serving on http://127.0.0.1:51079 (golden dir D:\a\wisp\wisp\internal\llm\testdata\golden)
2026-10-09T23:36:10.8486766Z time=2026-10-09T23:30:10.434Z level=INFO msg="pre-migration backup written" component=memory backup=C:\Users\RUNNER~1\AppData\Local\Temp\TestL1VetoNeedsAChannelTheHostReallyWiredhost_declares_and_load532808006\002\backup\wisp.db.bak-0-1 from=0 to=1
2026-10-09T23:36:10.8488802Z time=2026-10-09T23:30:10.441Z level=INFO msg="schema migration step applied" component=memory from=0 to=1 started_at=2026-10-09T23:30:10Z duration_ms=7
2026-10-09T23:36:10.8490837Z time=2026-10-09T23:30:10.464Z level=INFO msg="pre-migration backup written" component=memory backup=C:\Users\RUNNER~1\AppData\Local\Temp\TestL1VetoNeedsAChannelTheHostReallyWiredhost_declares_and_load532808006\002\backup\wisp.db.bak-1-2 from=1 to=2
2026-10-09T23:36:10.8492933Z time=2026-10-09T23:30:10.472Z level=INFO msg="schema migration step applied" component=memory from=1 to=2 started_at=2026-10-09T23:30:10Z duration_ms=8
2026-10-09T23:36:10.8494235Z time=2026-10-09T23:30:10.484Z level=INFO msg="schema migration complete" component=memory schema_version=2
2026-10-09T23:36:10.8495480Z time=2026-10-09T23:30:10.486Z level=INFO msg="startup WAL checkpoint (TRUNCATE) done" component=memory wal_pages_before=0 pages_moved=0
2026-10-09T23:36:10.8496861Z time=2026-10-09T23:30:10.530Z level=INFO msg="startup WAL checkpoint (TRUNCATE) done" component=memory wal_pages_before=0 pages_moved=0
2026-10-09T23:36:10.8498114Z --- PASS: TestL1VetoNeedsAChannelTheHostReallyWired (4.23s)
2026-10-09T23:36:10.8499245Z     --- PASS: TestL1VetoNeedsAChannelTheHostReallyWired/console_posture:_veto_refused,_window_still_executes (3.11s)
2026-10-09T23:36:10.8500636Z     --- PASS: TestL1VetoNeedsAChannelTheHostReallyWired/host_declares_and_loads_esc,_veto_lands (1.12s)
2026-10-09T23:36:10.8501632Z === RUN   TestNativeHostSeamAnswersAnL2CardWithoutAnyConsole
2026-10-09T23:36:10.8502674Z time=2026-10-09T23:30:11.520Z level=WARN msg="goroutine outside the D38 roster (leak symptom)" goroutine=mockllm-stdout-reader owner=test
2026-10-09T23:36:10.8504621Z time=2026-10-09T23:30:11.534Z level=INFO msg="wisp: persistent log sink installed" dir=C:\Users\RUNNER~1\AppData\Local\Temp\TestNativeHostSeamAnswersAnL2CardWithoutAnyConsole2100492488\002\logs min_level=info early_records=0 early_dropped=0
2026-10-09T23:36:10.8506454Z 2026/10/09 23:30:11 mockllm: serving on http://127.0.0.1:51081 (golden dir D:\a\wisp\wisp\internal\llm\testdata\golden)
2026-10-09T23:36:10.8508390Z time=2026-10-09T23:30:11.561Z level=INFO msg="pre-migration backup written" component=memory backup=C:\Users\RUNNER~1\AppData\Local\Temp\TestNativeHostSeamAnswersAnL2CardWithoutAnyConsole2100492488\002\backup\wisp.db.bak-0-1 from=0 to=1
2026-10-09T23:36:10.8510322Z time=2026-10-09T23:30:11.568Z level=INFO msg="schema migration step applied" component=memory from=0 to=1 started_at=2026-10-09T23:30:11Z duration_ms=6
2026-10-09T23:36:10.8512301Z time=2026-10-09T23:30:11.590Z level=INFO msg="pre-migration backup written" component=memory backup=C:\Users\RUNNER~1\AppData\Local\Temp\TestNativeHostSeamAnswersAnL2CardWithoutAnyConsole2100492488\002\backup\wisp.db.bak-1-2 from=1 to=2
2026-10-09T23:36:10.8514227Z time=2026-10-09T23:30:11.597Z level=INFO msg="schema migration step applied" component=memory from=1 to=2 started_at=2026-10-09T23:30:11Z duration_ms=7
2026-10-09T23:36:10.8515480Z time=2026-10-09T23:30:11.609Z level=INFO msg="schema migration complete" component=memory schema_version=2
2026-10-09T23:36:10.8516710Z time=2026-10-09T23:30:11.610Z level=INFO msg="startup WAL checkpoint (TRUNCATE) done" component=memory wal_pages_before=0 pages_moved=0
2026-10-09T23:36:10.8518013Z --- PASS: TestNativeHostSeamAnswersAnL2CardWithoutAnyConsole (1.11s)
2026-10-09T23:36:10.8518775Z === RUN   TestNativeHostSeamRefusesAPanelSourcedAllow
2026-10-09T23:36:10.8519812Z time=2026-10-09T23:30:12.579Z level=WARN msg="goroutine outside the D38 roster (leak symptom)" goroutine=mockllm-stdout-reader owner=test
2026-10-09T23:36:10.8521803Z time=2026-10-09T23:30:12.593Z level=INFO msg="wisp: persistent log sink installed" dir=C:\Users\RUNNER~1\AppData\Local\Temp\TestNativeHostSeamRefusesAPanelSourcedAllow1958695932\002\logs min_level=info early_records=0 early_dropped=0
2026-10-09T23:36:10.8524018Z 2026/10/09 23:30:12 mockllm: serving on http://127.0.0.1:51083 (golden dir D:\a\wisp\wisp\internal\llm\testdata\golden)
2026-10-09T23:36:10.8525887Z time=2026-10-09T23:30:12.616Z level=INFO msg="pre-migration backup written" component=memory backup=C:\Users\RUNNER~1\AppData\Local\Temp\TestNativeHostSeamRefusesAPanelSourcedAllow1958695932\002\backup\wisp.db.bak-0-1 from=0 to=1
2026-10-09T23:36:10.8527777Z time=2026-10-09T23:30:12.624Z level=INFO msg="schema migration step applied" component=memory from=0 to=1 started_at=2026-10-09T23:30:12Z duration_ms=7
2026-10-09T23:36:10.8529668Z time=2026-10-09T23:30:12.642Z level=INFO msg="pre-migration backup written" component=memory backup=C:\Users\RUNNER~1\AppData\Local\Temp\TestNativeHostSeamRefusesAPanelSourcedAllow1958695932\002\backup\wisp.db.bak-1-2 from=1 to=2
2026-10-09T23:36:10.8531592Z time=2026-10-09T23:30:12.649Z level=INFO msg="schema migration step applied" component=memory from=1 to=2 started_at=2026-10-09T23:30:12Z duration_ms=6
2026-10-09T23:36:10.8532819Z time=2026-10-09T23:30:12.665Z level=INFO msg="schema migration complete" component=memory schema_version=2
2026-10-09T23:36:10.8534011Z time=2026-10-09T23:30:12.666Z level=INFO msg="startup WAL checkpoint (TRUNCATE) done" component=memory wal_pages_before=0 pages_moved=0
2026-10-09T23:36:10.8535075Z --- PASS: TestNativeHostSeamRefusesAPanelSourcedAllow (1.06s)
2026-10-09T23:36:10.8535819Z === RUN   TestTicket255SplitOnlyClaimsSectionsWithALiveReader
2026-10-09T23:36:10.8536597Z --- PASS: TestTicket255SplitOnlyClaimsSectionsWithALiveReader (0.00s)
2026-10-09T23:36:10.8537521Z === RUN   TestTicket255HotRowRosterCoversTheRegistry
2026-10-09T23:36:10.8538243Z --- PASS: TestTicket255HotRowRosterCoversTheRegistry (0.00s)
2026-10-09T23:36:10.8538986Z === RUN   TestTicket255RosterEvidenceLinesStillSayWhatTheyClaim
2026-10-09T23:36:10.8539795Z --- PASS: TestTicket255RosterEvidenceLinesStillSayWhatTheyClaim (0.00s)
2026-10-09T23:36:10.8540574Z === RUN   TestTicket255RosterStillMatchesTheActualReadSites
2026-10-09T23:36:10.8541377Z --- PASS: TestTicket255RosterStillMatchesTheActualReadSites (0.31s)
2026-10-09T23:36:10.8542163Z === RUN   TestTicket255ReceiptOmitsPanelFromTheImmediateSentence
2026-10-09T23:36:10.8543395Z time=2026-10-09T23:30:13.988Z level=WARN msg="goroutine outside the D38 roster (leak symptom)" goroutine=mockllm-stdout-reader owner=test
2026-10-09T23:36:10.8545363Z time=2026-10-09T23:30:14.003Z level=INFO msg="wisp: persistent log sink installed" dir=C:\Users\RUNNER~1\AppData\Local\Temp\TestTicket255ReceiptOmitsPanelFromTheImmediateSentence186899072\002\logs min_level=info early_records=0 early_dropped=0
2026-10-09T23:36:10.8547185Z 2026/10/09 23:30:13 mockllm: serving on http://127.0.0.1:51085 (golden dir D:\a\wisp\wisp\internal\llm\testdata\golden)
2026-10-09T23:36:10.8549038Z time=2026-10-09T23:30:14.039Z level=INFO msg="pre-migration backup written" component=memory backup=C:\Users\RUNNER~1\AppData\Local\Temp\TestTicket255ReceiptOmitsPanelFromTheImmediateSentence186899072\002\backup\wisp.db.bak-0-1 from=0 to=1
2026-10-09T23:36:10.8551056Z time=2026-10-09T23:30:14.047Z level=INFO msg="schema migration step applied" component=memory from=0 to=1 started_at=2026-10-09T23:30:14Z duration_ms=7
2026-10-09T23:36:10.8553048Z time=2026-10-09T23:30:14.069Z level=INFO msg="pre-migration backup written" component=memory backup=C:\Users\RUNNER~1\AppData\Local\Temp\TestTicket255ReceiptOmitsPanelFromTheImmediateSentence186899072\002\backup\wisp.db.bak-1-2 from=1 to=2
2026-10-09T23:36:10.8554976Z time=2026-10-09T23:30:14.078Z level=INFO msg="schema migration step applied" component=memory from=1 to=2 started_at=2026-10-09T23:30:14Z duration_ms=8
2026-10-09T23:36:10.8556251Z time=2026-10-09T23:30:14.098Z level=INFO msg="schema migration complete" component=memory schema_version=2
2026-10-09T23:36:10.8558927Z time=2026-10-09T23:30:14.099Z level=INFO msg="startup WAL checkpoint (TRUNCATE) done" component=memory wal_pages_before=0 pages_moved=0
2026-10-09T23:36:10.8560012Z --- PASS: TestTicket255ReceiptOmitsPanelFromTheImmediateSentence (2.17s)
2026-10-09T23:36:10.8560829Z === RUN   TestTicket255ReceiptOmitsASectionWithNoReaderAnywhere
2026-10-09T23:36:10.8561932Z time=2026-10-09T23:30:16.211Z level=WARN msg="goroutine outside the D38 roster (leak symptom)" goroutine=mockllm-stdout-reader owner=test
2026-10-09T23:36:10.8563852Z time=2026-10-09T23:30:16.225Z level=INFO msg="wisp: persistent log sink installed" dir=C:\Users\RUNNER~1\AppData\Local\Temp\TestTicket255ReceiptOmitsASectionWithNoReaderAnywhere812505487\002\logs min_level=info early_records=0 early_dropped=0
2026-10-09T23:36:10.8565638Z 2026/10/09 23:30:16 mockllm: serving on http://127.0.0.1:51092 (golden dir D:\a\wisp\wisp\internal\llm\testdata\golden)
2026-10-09T23:36:10.8567461Z time=2026-10-09T23:30:16.274Z level=INFO msg="pre-migration backup written" component=memory backup=C:\Users\RUNNER~1\AppData\Local\Temp\TestTicket255ReceiptOmitsASectionWithNoReaderAnywhere812505487\002\backup\wisp.db.bak-0-1 from=0 to=1
2026-10-09T23:36:10.8569408Z time=2026-10-09T23:30:16.281Z level=INFO msg="schema migration step applied" component=memory from=0 to=1 started_at=2026-10-09T23:30:16Z duration_ms=7
2026-10-09T23:36:10.8571363Z time=2026-10-09T23:30:16.324Z level=INFO msg="pre-migration backup written" component=memory backup=C:\Users\RUNNER~1\AppData\Local\Temp\TestTicket255ReceiptOmitsASectionWithNoReaderAnywhere812505487\002\backup\wisp.db.bak-1-2 from=1 to=2
2026-10-09T23:36:10.8573527Z time=2026-10-09T23:30:16.331Z level=INFO msg="schema migration step applied" component=memory from=1 to=2 started_at=2026-10-09T23:30:16Z duration_ms=7
2026-10-09T23:36:10.8574779Z time=2026-10-09T23:30:16.363Z level=INFO msg="schema migration complete" component=memory schema_version=2
2026-10-09T23:36:10.8575987Z time=2026-10-09T23:30:16.364Z level=INFO msg="startup WAL checkpoint (TRUNCATE) done" component=memory wal_pages_before=0 pages_moved=0
2026-10-09T23:36:10.8577167Z --- PASS: TestTicket255ReceiptOmitsASectionWithNoReaderAnywhere (2.21s)
2026-10-09T23:36:10.8578206Z === RUN   TestTicket255ReceiptStillNamesTheLiveReadSection
2026-10-09T23:36:10.8579983Z time=2026-10-09T23:30:18.379Z level=WARN msg="goroutine outside the D38 roster (leak symptom)" goroutine=mockllm-stdout-reader owner=test
2026-10-09T23:36:10.8582762Z time=2026-10-09T23:30:18.393Z level=INFO msg="wisp: persistent log sink installed" dir=C:\Users\RUNNER~1\AppData\Local\Temp\TestTicket255ReceiptStillNamesTheLiveReadSection2499899084\002\logs min_level=info early_records=0 early_dropped=0
2026-10-09T23:36:10.8585514Z 2026/10/09 23:30:18 mockllm: serving on http://127.0.0.1:51094 (golden dir D:\a\wisp\wisp\internal\llm\testdata\golden)
2026-10-09T23:36:10.8587316Z time=2026-10-09T23:30:18.422Z level=INFO msg="pre-migration backup written" component=memory backup=C:\Users\RUNNER~1\AppData\Local\Temp\TestTicket255ReceiptStillNamesTheLiveReadSection2499899084\002\backup\wisp.db.bak-0-1 from=0 to=1
2026-10-09T23:36:10.8589293Z time=2026-10-09T23:30:18.429Z level=INFO msg="schema migration step applied" component=memory from=0 to=1 started_at=2026-10-09T23:30:18Z duration_ms=6
2026-10-09T23:36:10.8591302Z time=2026-10-09T23:30:18.454Z level=INFO msg="pre-migration backup written" component=memory backup=C:\Users\RUNNER~1\AppData\Local\Temp\TestTicket255ReceiptStillNamesTheLiveReadSection2499899084\002\backup\wisp.db.bak-1-2 from=1 to=2
2026-10-09T23:36:10.8595292Z time=2026-10-09T23:30:18.463Z level=INFO msg="schema migration step applied" component=memory from=1 to=2 started_at=2026-10-09T23:30:18Z duration_ms=8
2026-10-09T23:36:10.8599131Z time=2026-10-09T23:30:18.479Z level=INFO msg="schema migration complete" component=memory schema_version=2
2026-10-09T23:36:10.8600337Z time=2026-10-09T23:30:18.480Z level=INFO msg="startup WAL checkpoint (TRUNCATE) done" component=memory wal_pages_before=0 pages_moved=0
2026-10-09T23:36:10.8601652Z --- PASS: TestTicket255ReceiptStillNamesTheLiveReadSection (2.11s)
2026-10-09T23:36:10.8602464Z === RUN   TestTicket255ReceiptSentenceAssemblyIsFiltered
2026-10-09T23:36:10.8603495Z time=2026-10-09T23:30:20.492Z level=WARN msg="goroutine outside the D38 roster (leak symptom)" goroutine=mockllm-stdout-reader owner=test
2026-10-09T23:36:10.8606003Z time=2026-10-09T23:30:20.506Z level=INFO msg="wisp: persistent log sink installed" dir=C:\Users\RUNNER~1\AppData\Local\Temp\TestTicket255ReceiptSentenceAssemblyIsFiltered2920004785\002\logs min_level=info early_records=0 early_dropped=0
2026-10-09T23:36:10.8607787Z 2026/10/09 23:30:20 mockllm: serving on http://127.0.0.1:51096 (golden dir D:\a\wisp\wisp\internal\llm\testdata\golden)
2026-10-09T23:36:10.8609625Z time=2026-10-09T23:30:20.529Z level=INFO msg="pre-migration backup written" component=memory backup=C:\Users\RUNNER~1\AppData\Local\Temp\TestTicket255ReceiptSentenceAssemblyIsFiltered2920004785\002\backup\wisp.db.bak-0-1 from=0 to=1
2026-10-09T23:36:10.8611871Z time=2026-10-09T23:30:20.537Z level=INFO msg="schema migration step applied" component=memory from=0 to=1 started_at=2026-10-09T23:30:20Z duration_ms=8
2026-10-09T23:36:10.8614252Z time=2026-10-09T23:30:20.558Z level=INFO msg="pre-migration backup written" component=memory backup=C:\Users\RUNNER~1\AppData\Local\Temp\TestTicket255ReceiptSentenceAssemblyIsFiltered2920004785\002\backup\wisp.db.bak-1-2 from=1 to=2
2026-10-09T23:36:10.8616146Z time=2026-10-09T23:30:20.564Z level=INFO msg="schema migration step applied" component=memory from=1 to=2 started_at=2026-10-09T23:30:20Z duration_ms=6
2026-10-09T23:36:10.8617395Z time=2026-10-09T23:30:20.577Z level=INFO msg="schema migration complete" component=memory schema_version=2
2026-10-09T23:36:10.8618685Z time=2026-10-09T23:30:20.578Z level=INFO msg="startup WAL checkpoint (TRUNCATE) done" component=memory wal_pages_before=0 pages_moved=0
2026-10-09T23:36:10.8619687Z     config_receipt_255_test.go:597: SENTENCES
2026-10-09T23:36:10.8625027Z           IMMEDIATE "wisp run: 配置热加载：这些段已立即生效（D36 立即档）：[llm]"
2026-10-09T23:36:10.8627716Z           HONEST    "wisp run: 配置热加载：这些段的值已换进本进程内存，但本宿主没有会按新值做事的读者，本次运行不会因此改变行为（票 255 AC#1：这一半不许说成「已立即生效」；逐段的读者判定见 HOT-RELOAD-READER 行）：[ball] [session] [audio] [agent] [privacy] [memory] [panel] [cost] [models] [observe] [hotkey] [app] [voice]"
2026-10-09T23:36:10.8632068Z     config_receipt_255_test.go:606: LEDGER [audit] config: HOT-RELOAD-READER section=panel tier_row=[panel] claims=["panel":other-process: cmd/wisp/panel_resident_windows.go:207 [cfg.Panel.Width] - the resident panel host's assembly root re-reads [panel] at every window creation and the window is built from that number (cmd/wisp/panel_host_windows.go:262 [Width:  uint(width)], reached from the create at :392); 面板关窗再开即跟上新值, and this `wisp run` process builds no panel host at all]
2026-10-09T23:36:10.8636887Z     config_receipt_255_test.go:606: LEDGER [audit] config: HOT-RELOAD-READER section=llm tier_row=[llm] claims=["llm":consumed: cmd/wisp/panel_config_store.go:96 [cfg.LLM.Roles.Chat.Model] - configStore.ReadSettings calls s.mgr.Config() per call]
2026-10-09T23:36:10.8641149Z     config_receipt_255_test.go:606: LEDGER [audit] config: HOT-RELOAD-READER section=app tier_row=[app.theme] claims=["app.theme":no-reader: 扫描零命中：nothing outside internal/config reads cfg.App - manager.go's planApp compares and copies it, and no component re-skins from it]
2026-10-09T23:36:10.8653616Z     config_receipt_255_test.go:606: LEDGER [audit] config: HOT-RELOAD-READER section=voice tier_row=[voice.punctuation voice.tts.speed voice.wake_word.thresholds voice.wake_word.veto_words] claims=["voice.punctuation":no-reader: 扫描零命中：nothing outside internal/config reads cfg.Voice - the punctuation switch has no consumer yet | "voice.tts.speed":no-reader: 扫描零命中：nothing outside internal/config reads cfg.Voice - the TTS knobs are not threaded to the voice path yet | "voice.wake_word.thresholds":no-reader: 扫描零命中：nothing outside internal/config reads cfg.Voice - the wake-word tunables are not consumed by the KWS path yet | "voice.wake_word.veto_words":no-reader: 扫描零命中：nothing outside internal/config reads cfg.Voice - the veto list is not consumed by the KWS path yet]
2026-10-09T23:36:10.8661860Z --- PASS: TestTicket255ReceiptSentenceAssemblyIsFiltered (1.13s)
2026-10-09T23:36:10.8664382Z === RUN   TestTicket223RunArmsTheReloadTick
2026-10-09T23:36:10.8665816Z time=2026-10-09T23:30:21.617Z level=WARN msg="goroutine outside the D38 roster (leak symptom)" goroutine=mockllm-stdout-reader owner=test
2026-10-09T23:36:10.8667760Z time=2026-10-09T23:30:21.632Z level=INFO msg="wisp: persistent log sink installed" dir=C:\Users\RUNNER~1\AppData\Local\Temp\TestTicket223RunArmsTheReloadTick3511686315\002\logs min_level=info early_records=0 early_dropped=0
2026-10-09T23:36:10.8669456Z 2026/10/09 23:30:21 mockllm: serving on http://127.0.0.1:51098 (golden dir D:\a\wisp\wisp\internal\llm\testdata\golden)
2026-10-09T23:36:10.8671159Z time=2026-10-09T23:30:21.657Z level=INFO msg="pre-migration backup written" component=memory backup=C:\Users\RUNNER~1\AppData\Local\Temp\TestTicket223RunArmsTheReloadTick3511686315\002\backup\wisp.db.bak-0-1 from=0 to=1
2026-10-09T23:36:10.8673469Z time=2026-10-09T23:30:21.668Z level=INFO msg="schema migration step applied" component=memory from=0 to=1 started_at=2026-10-09T23:30:21Z duration_ms=10
2026-10-09T23:36:10.8675342Z time=2026-10-09T23:30:21.692Z level=INFO msg="pre-migration backup written" component=memory backup=C:\Users\RUNNER~1\AppData\Local\Temp\TestTicket223RunArmsTheReloadTick3511686315\002\backup\wisp.db.bak-1-2 from=1 to=2
2026-10-09T23:36:10.8678618Z time=2026-10-09T23:30:21.699Z level=INFO msg="schema migration step applied" component=memory from=1 to=2 started_at=2026-10-09T23:30:21Z duration_ms=6
2026-10-09T23:36:10.8679936Z time=2026-10-09T23:30:21.713Z level=INFO msg="schema migration complete" component=memory schema_version=2
2026-10-09T23:36:10.8681157Z time=2026-10-09T23:30:21.714Z level=INFO msg="startup WAL checkpoint (TRUNCATE) done" component=memory wal_pages_before=0 pages_moved=0
2026-10-09T23:36:10.8682241Z --- PASS: TestTicket223RunArmsTheReloadTick (2.10s)
2026-10-09T23:36:10.8682968Z === RUN   TestTicket223HandEditedFsLooseningCostsAnL2Card
2026-10-09T23:36:10.8684275Z time=2026-10-09T23:30:23.719Z level=WARN msg="goroutine outside the D38 roster (leak symptom)" goroutine=mockllm-stdout-reader owner=test
2026-10-09T23:36:10.8686149Z time=2026-10-09T23:30:23.734Z level=INFO msg="wisp: persistent log sink installed" dir=C:\Users\RUNNER~1\AppData\Local\Temp\TestTicket223HandEditedFsLooseningCostsAnL2Card3529155866\002\logs min_level=info early_records=0 early_dropped=0
2026-10-09T23:36:10.8687968Z 2026/10/09 23:30:23 mockllm: serving on http://127.0.0.1:51100 (golden dir D:\a\wisp\wisp\internal\llm\testdata\golden)
2026-10-09T23:36:10.8689744Z time=2026-10-09T23:30:23.759Z level=INFO msg="pre-migration backup written" component=memory backup=C:\Users\RUNNER~1\AppData\Local\Temp\TestTicket223HandEditedFsLooseningCostsAnL2Card3529155866\002\backup\wisp.db.bak-0-1 from=0 to=1
2026-10-09T23:36:10.8691670Z time=2026-10-09T23:30:23.766Z level=INFO msg="schema migration step applied" component=memory from=0 to=1 started_at=2026-10-09T23:30:23Z duration_ms=7
2026-10-09T23:36:10.8693879Z time=2026-10-09T23:30:23.788Z level=INFO msg="pre-migration backup written" component=memory backup=C:\Users\RUNNER~1\AppData\Local\Temp\TestTicket223HandEditedFsLooseningCostsAnL2Card3529155866\002\backup\wisp.db.bak-1-2 from=1 to=2
2026-10-09T23:36:10.8695781Z time=2026-10-09T23:30:23.796Z level=INFO msg="schema migration step applied" component=memory from=1 to=2 started_at=2026-10-09T23:30:23Z duration_ms=6
2026-10-09T23:36:10.8697011Z time=2026-10-09T23:30:23.812Z level=INFO msg="schema migration complete" component=memory schema_version=2
2026-10-09T23:36:10.8698234Z time=2026-10-09T23:30:23.813Z level=INFO msg="startup WAL checkpoint (TRUNCATE) done" component=memory wal_pages_before=0 pages_moved=0
2026-10-09T23:36:10.8699754Z time=2026-10-09T23:30:24.815Z level=WARN msg="config: locked loosening approved via L2 re-confirmation (D36 rule 1)" section=fs keys=[fs.allowed_dirs]
2026-10-09T23:36:10.8700891Z --- PASS: TestTicket223HandEditedFsLooseningCostsAnL2Card (2.12s)
2026-10-09T23:36:10.8701608Z === RUN   TestTicket223RefusedLooseningKeepsOldValues
2026-10-09T23:36:10.8702661Z time=2026-10-09T23:30:25.824Z level=WARN msg="goroutine outside the D38 roster (leak symptom)" goroutine=mockllm-stdout-reader owner=test
2026-10-09T23:36:10.8704502Z time=2026-10-09T23:30:25.844Z level=INFO msg="wisp: persistent log sink installed" dir=C:\Users\RUNNER~1\AppData\Local\Temp\TestTicket223RefusedLooseningKeepsOldValues1870646563\002\logs min_level=info early_records=0 early_dropped=0
2026-10-09T23:36:10.8706221Z 2026/10/09 23:30:25 mockllm: serving on http://127.0.0.1:51103 (golden dir D:\a\wisp\wisp\internal\llm\testdata\golden)
2026-10-09T23:36:10.8708013Z time=2026-10-09T23:30:25.893Z level=INFO msg="pre-migration backup written" component=memory backup=C:\Users\RUNNER~1\AppData\Local\Temp\TestTicket223RefusedLooseningKeepsOldValues1870646563\002\backup\wisp.db.bak-0-1 from=0 to=1
2026-10-09T23:36:10.8709891Z time=2026-10-09T23:30:25.901Z level=INFO msg="schema migration step applied" component=memory from=0 to=1 started_at=2026-10-09T23:30:25Z duration_ms=8
2026-10-09T23:36:10.8711808Z time=2026-10-09T23:30:25.922Z level=INFO msg="pre-migration backup written" component=memory backup=C:\Users\RUNNER~1\AppData\Local\Temp\TestTicket223RefusedLooseningKeepsOldValues1870646563\002\backup\wisp.db.bak-1-2 from=1 to=2
2026-10-09T23:36:10.8713924Z time=2026-10-09T23:30:25.929Z level=INFO msg="schema migration step applied" component=memory from=1 to=2 started_at=2026-10-09T23:30:25Z duration_ms=7
2026-10-09T23:36:10.8715173Z time=2026-10-09T23:30:25.942Z level=INFO msg="schema migration complete" component=memory schema_version=2
2026-10-09T23:36:10.8716350Z time=2026-10-09T23:30:25.943Z level=INFO msg="startup WAL checkpoint (TRUNCATE) done" component=memory wal_pages_before=0 pages_moved=0
2026-10-09T23:36:10.8717725Z time=2026-10-09T23:30:26.944Z level=WARN msg="config: locked loosening rejected; keeping previous values" section=fs keys=[fs.allowed_dirs]
2026-10-09T23:36:10.8718789Z --- PASS: TestTicket223RefusedLooseningKeepsOldValues (5.13s)
2026-10-09T23:36:10.8720652Z === RUN   TestTicket223TighteningRaisesNoCard
2026-10-09T23:36:10.8721678Z time=2026-10-09T23:30:30.951Z level=WARN msg="goroutine outside the D38 roster (leak symptom)" goroutine=mockllm-stdout-reader owner=test
2026-10-09T23:36:10.8723467Z time=2026-10-09T23:30:30.966Z level=INFO msg="wisp: persistent log sink installed" dir=C:\Users\RUNNER~1\AppData\Local\Temp\TestTicket223TighteningRaisesNoCard1784490864\002\logs min_level=info early_records=0 early_dropped=0
2026-10-09T23:36:10.8725724Z time=2026-10-09T23:30:30.992Z level=INFO msg="pre-migration backup written" component=memory backup=C:\Users\RUNNER~1\AppData\Local\Temp\TestTicket223TighteningRaisesNoCard1784490864\002\backup\wisp.db.bak-0-1 from=0 to=1
2026-10-09T23:36:10.8727435Z 2026/10/09 23:30:30 mockllm: serving on http://127.0.0.1:51110 (golden dir D:\a\wisp\wisp\internal\llm\testdata\golden)
2026-10-09T23:36:10.8728714Z time=2026-10-09T23:30:31.000Z level=INFO msg="schema migration step applied" component=memory from=0 to=1 started_at=2026-10-09T23:30:30Z duration_ms=7
2026-10-09T23:36:10.8730556Z time=2026-10-09T23:30:31.017Z level=INFO msg="pre-migration backup written" component=memory backup=C:\Users\RUNNER~1\AppData\Local\Temp\TestTicket223TighteningRaisesNoCard1784490864\002\backup\wisp.db.bak-1-2 from=1 to=2
2026-10-09T23:36:10.8732414Z time=2026-10-09T23:30:31.025Z level=INFO msg="schema migration step applied" component=memory from=1 to=2 started_at=2026-10-09T23:30:31Z duration_ms=8
2026-10-09T23:36:10.8733913Z time=2026-10-09T23:30:31.040Z level=INFO msg="schema migration complete" component=memory schema_version=2
2026-10-09T23:36:10.8735264Z time=2026-10-09T23:30:31.041Z level=INFO msg="startup WAL checkpoint (TRUNCATE) done" component=memory wal_pages_before=0 pages_moved=0
2026-10-09T23:36:10.8736571Z time=2026-10-09T23:30:32.042Z level=INFO msg="config: locked section tightened, hot-applied" section=fs keys=[fs.allowed_dirs]
2026-10-09T23:36:10.8737513Z --- PASS: TestTicket223TighteningRaisesNoCard (2.10s)
2026-10-09T23:36:10.8738254Z === RUN   TestTicket223ModeLooseningChangesTheRunningModeAfterAllow
2026-10-09T23:36:10.8739336Z time=2026-10-09T23:30:33.033Z level=WARN msg="goroutine outside the D38 roster (leak symptom)" goroutine=mockllm-stdout-reader owner=test
2026-10-09T23:36:10.8741330Z time=2026-10-09T23:30:33.047Z level=INFO msg="wisp: persistent log sink installed" dir=C:\Users\RUNNER~1\AppData\Local\Temp\TestTicket223ModeLooseningChangesTheRunningModeAfterAllow3605656859\002\logs min_level=info early_records=0 early_dropped=0
2026-10-09T23:36:10.8743158Z 2026/10/09 23:30:33 mockllm: serving on http://127.0.0.1:51112 (golden dir D:\a\wisp\wisp\internal\llm\testdata\golden)
2026-10-09T23:36:10.8744998Z time=2026-10-09T23:30:33.078Z level=INFO msg="pre-migration backup written" component=memory backup=C:\Users\RUNNER~1\AppData\Local\Temp\TestTicket223ModeLooseningChangesTheRunningModeAfterAllow3605656859\002\backup\wisp.db.bak-0-1 from=0 to=1
2026-10-09T23:36:10.8747030Z time=2026-10-09T23:30:33.085Z level=INFO msg="schema migration step applied" component=memory from=0 to=1 started_at=2026-10-09T23:30:33Z duration_ms=7
2026-10-09T23:36:10.8749015Z time=2026-10-09T23:30:33.107Z level=INFO msg="pre-migration backup written" component=memory backup=C:\Users\RUNNER~1\AppData\Local\Temp\TestTicket223ModeLooseningChangesTheRunningModeAfterAllow3605656859\002\backup\wisp.db.bak-1-2 from=1 to=2
2026-10-09T23:36:10.8751035Z time=2026-10-09T23:30:33.113Z level=INFO msg="schema migration step applied" component=memory from=1 to=2 started_at=2026-10-09T23:30:33Z duration_ms=6
2026-10-09T23:36:10.8752271Z time=2026-10-09T23:30:33.128Z level=INFO msg="schema migration complete" component=memory schema_version=2
2026-10-09T23:36:10.8753469Z time=2026-10-09T23:30:33.129Z level=INFO msg="startup WAL checkpoint (TRUNCATE) done" component=memory wal_pages_before=0 pages_moved=0
2026-10-09T23:36:10.8755161Z time=2026-10-09T23:30:34.131Z level=WARN msg="config: locked loosening approved via L2 re-confirmation (D36 rule 1)" section=risk keys=[risk.permission_mode]
2026-10-09T23:36:10.8756916Z --- PASS: TestTicket223ModeLooseningChangesTheRunningModeAfterAllow (2.09s)
2026-10-09T23:36:10.8757727Z === RUN   TestTicket223RestartTierSaysItWillNotApply
2026-10-09T23:36:10.8758726Z time=2026-10-09T23:30:35.146Z level=WARN msg="goroutine outside the D38 roster (leak symptom)" goroutine=mockllm-stdout-reader owner=test
2026-10-09T23:36:10.8760582Z time=2026-10-09T23:30:35.161Z level=INFO msg="wisp: persistent log sink installed" dir=C:\Users\RUNNER~1\AppData\Local\Temp\TestTicket223RestartTierSaysItWillNotApply408973552\002\logs min_level=info early_records=0 early_dropped=0
2026-10-09T23:36:10.8762293Z 2026/10/09 23:30:35 mockllm: serving on http://127.0.0.1:51114 (golden dir D:\a\wisp\wisp\internal\llm\testdata\golden)
2026-10-09T23:36:10.8764018Z time=2026-10-09T23:30:35.182Z level=INFO msg="pre-migration backup written" component=memory backup=C:\Users\RUNNER~1\AppData\Local\Temp\TestTicket223RestartTierSaysItWillNotApply408973552\002\backup\wisp.db.bak-0-1 from=0 to=1
2026-10-09T23:36:10.8765935Z time=2026-10-09T23:30:35.191Z level=INFO msg="schema migration step applied" component=memory from=0 to=1 started_at=2026-10-09T23:30:35Z duration_ms=9
2026-10-09T23:36:10.8768356Z time=2026-10-09T23:30:35.211Z level=INFO msg="pre-migration backup written" component=memory backup=C:\Users\RUNNER~1\AppData\Local\Temp\TestTicket223RestartTierSaysItWillNotApply408973552\002\backup\wisp.db.bak-1-2 from=1 to=2
2026-10-09T23:36:10.8770464Z time=2026-10-09T23:30:35.217Z level=INFO msg="schema migration step applied" component=memory from=1 to=2 started_at=2026-10-09T23:30:35Z duration_ms=6
2026-10-09T23:36:10.8772768Z time=2026-10-09T23:30:35.229Z level=INFO msg="schema migration complete" component=memory schema_version=2
2026-10-09T23:36:10.8774006Z time=2026-10-09T23:30:35.230Z level=INFO msg="startup WAL checkpoint (TRUNCATE) done" component=memory wal_pages_before=0 pages_moved=0
2026-10-09T23:36:10.8775035Z --- PASS: TestTicket223RestartTierSaysItWillNotApply (2.10s)
2026-10-09T23:36:10.8775765Z === RUN   TestTicket223FailureSentencesAreDistinct
2026-10-09T23:36:10.8776710Z === RUN   TestTicket223FailureSentencesAreDistinct/缺失
2026-10-09T23:36:10.8777700Z time=2026-10-09T23:30:37.313Z level=WARN msg="goroutine outside the D38 roster (leak symptom)" goroutine=mockllm-stdout-reader owner=test
2026-10-09T23:36:10.8780088Z time=2026-10-09T23:30:37.328Z level=INFO msg="wisp: persistent log sink installed" dir=C:\Users\RUNNER~1\AppData\Local\Temp\TestTicket223FailureSentencesAreDistinct缺失161391479\002\logs min_level=info early_records=0 early_dropped=0
2026-10-09T23:36:10.8781878Z 2026/10/09 23:30:37 mockllm: serving on http://127.0.0.1:51116 (golden dir D:\a\wisp\wisp\internal\llm\testdata\golden)
2026-10-09T23:36:10.8783853Z time=2026-10-09T23:30:37.355Z level=INFO msg="pre-migration backup written" component=memory backup=C:\Users\RUNNER~1\AppData\Local\Temp\TestTicket223FailureSentencesAreDistinct缺失161391479\002\backup\wisp.db.bak-0-1 from=0 to=1
2026-10-09T23:36:10.8785730Z time=2026-10-09T23:30:37.364Z level=INFO msg="schema migration step applied" component=memory from=0 to=1 started_at=2026-10-09T23:30:37Z duration_ms=9
2026-10-09T23:36:10.8787857Z time=2026-10-09T23:30:37.394Z level=INFO msg="pre-migration backup written" component=memory backup=C:\Users\RUNNER~1\AppData\Local\Temp\TestTicket223FailureSentencesAreDistinct缺失161391479\002\backup\wisp.db.bak-1-2 from=1 to=2
2026-10-09T23:36:10.8793415Z time=2026-10-09T23:30:37.406Z level=INFO msg="schema migration step applied" component=memory from=1 to=2 started_at=2026-10-09T23:30:37Z duration_ms=11
2026-10-09T23:36:10.8794699Z time=2026-10-09T23:30:37.419Z level=INFO msg="schema migration complete" component=memory schema_version=2
2026-10-09T23:36:10.8795868Z time=2026-10-09T23:30:37.420Z level=INFO msg="startup WAL checkpoint (TRUNCATE) done" component=memory wal_pages_before=0 pages_moved=0
2026-10-09T23:36:10.8796994Z === RUN   TestTicket223FailureSentencesAreDistinct/语法错
2026-10-09T23:36:10.8798482Z time=2026-10-09T23:30:39.448Z level=WARN msg="goroutine outside the D38 roster (leak symptom)" goroutine=mockllm-stdout-reader owner=test
2026-10-09T23:36:10.8800506Z time=2026-10-09T23:30:39.462Z level=INFO msg="wisp: persistent log sink installed" dir=C:\Users\RUNNER~1\AppData\Local\Temp\TestTicket223FailureSentencesAreDistinct语法错3794272684\002\logs min_level=info early_records=0 early_dropped=0
2026-10-09T23:36:10.8802413Z 2026/10/09 23:30:39 mockllm: serving on http://127.0.0.1:51118 (golden dir D:\a\wisp\wisp\internal\llm\testdata\golden)
2026-10-09T23:36:10.8805232Z time=2026-10-09T23:30:39.498Z level=INFO msg="pre-migration backup written" component=memory backup=C:\Users\RUNNER~1\AppData\Local\Temp\TestTicket223FailureSentencesAreDistinct语法错3794272684\002\backup\wisp.db.bak-0-1 from=0 to=1
2026-10-09T23:36:10.8807360Z time=2026-10-09T23:30:39.508Z level=INFO msg="schema migration step applied" component=memory from=0 to=1 started_at=2026-10-09T23:30:39Z duration_ms=9
2026-10-09T23:36:10.8809640Z time=2026-10-09T23:30:39.542Z level=INFO msg="pre-migration backup written" component=memory backup=C:\Users\RUNNER~1\AppData\Local\Temp\TestTicket223FailureSentencesAreDistinct语法错3794272684\002\backup\wisp.db.bak-1-2 from=1 to=2
2026-10-09T23:36:10.8811627Z time=2026-10-09T23:30:39.553Z level=INFO msg="schema migration step applied" component=memory from=1 to=2 started_at=2026-10-09T23:30:39Z duration_ms=10
2026-10-09T23:36:10.8812891Z time=2026-10-09T23:30:39.577Z level=INFO msg="schema migration complete" component=memory schema_version=2
2026-10-09T23:36:10.8814028Z time=2026-10-09T23:30:39.578Z level=INFO msg="startup WAL checkpoint (TRUNCATE) done" component=memory wal_pages_before=0 pages_moved=0
2026-10-09T23:36:10.8814818Z === RUN   TestTicket223FailureSentencesAreDistinct/声明了版本但坏在后面
2026-10-09T23:36:10.8815522Z time=2026-10-09T23:30:41.596Z level=WARN msg="goroutine outside the D38 roster (leak symptom)" goroutine=mockllm-stdout-reader owner=test
2026-10-09T23:36:10.8817052Z time=2026-10-09T23:30:41.610Z level=INFO msg="wisp: persistent log sink installed" dir=C:\Users\RUNNER~1\AppData\Local\Temp\TestTicket223FailureSentencesAreDistinct声明了版本但坏331901122\002\logs min_level=info early_records=0 early_dropped=0
2026-10-09T23:36:10.8819037Z 2026/10/09 23:30:41 mockllm: serving on http://127.0.0.1:51121 (golden dir D:\a\wisp\wisp\internal\llm\testdata\golden)
2026-10-09T23:36:10.8821022Z time=2026-10-09T23:30:41.638Z level=INFO msg="pre-migration backup written" component=memory backup=C:\Users\RUNNER~1\AppData\Local\Temp\TestTicket223FailureSentencesAreDistinct声明了版本但坏331901122\002\backup\wisp.db.bak-0-1 from=0 to=1
2026-10-09T23:36:10.8822891Z time=2026-10-09T23:30:41.650Z level=INFO msg="schema migration step applied" component=memory from=0 to=1 started_at=2026-10-09T23:30:41Z duration_ms=11
2026-10-09T23:36:10.8824975Z time=2026-10-09T23:30:41.684Z level=INFO msg="pre-migration backup written" component=memory backup=C:\Users\RUNNER~1\AppData\Local\Temp\TestTicket223FailureSentencesAreDistinct声明了版本但坏331901122\002\backup\wisp.db.bak-1-2 from=1 to=2
2026-10-09T23:36:10.8826873Z time=2026-10-09T23:30:41.694Z level=INFO msg="schema migration step applied" component=memory from=1 to=2 started_at=2026-10-09T23:30:41Z duration_ms=9
2026-10-09T23:36:10.8828148Z time=2026-10-09T23:30:41.716Z level=INFO msg="schema migration complete" component=memory schema_version=2
2026-10-09T23:36:10.8829352Z time=2026-10-09T23:30:41.717Z level=INFO msg="startup WAL checkpoint (TRUNCATE) done" component=memory wal_pages_before=0 pages_moved=0
2026-10-09T23:36:10.8830517Z === RUN   TestTicket223FailureSentencesAreDistinct/schema未知键
2026-10-09T23:36:10.8831437Z time=2026-10-09T23:30:43.715Z level=WARN msg="goroutine outside the D38 roster (leak symptom)" goroutine=mockllm-stdout-reader owner=test
2026-10-09T23:36:10.8833048Z time=2026-10-09T23:30:43.730Z level=INFO msg="wisp: persistent log sink installed" dir=C:\Users\RUNNER~1\AppData\Local\Temp\TestTicket223FailureSentencesAreDistinctschema未知键2440121118\002\logs min_level=info early_records=0 early_dropped=0
2026-10-09T23:36:10.8834758Z 2026/10/09 23:30:43 mockllm: serving on http://127.0.0.1:51123 (golden dir D:\a\wisp\wisp\internal\llm\testdata\golden)
2026-10-09T23:36:10.8836227Z time=2026-10-09T23:30:43.761Z level=INFO msg="pre-migration backup written" component=memory backup=C:\Users\RUNNER~1\AppData\Local\Temp\TestTicket223FailureSentencesAreDistinctschema未知键2440121118\002\backup\wisp.db.bak-0-1 from=0 to=1
2026-10-09T23:36:10.8837428Z time=2026-10-09T23:30:43.771Z level=INFO msg="schema migration step applied" component=memory from=0 to=1 started_at=2026-10-09T23:30:43Z duration_ms=9
2026-10-09T23:36:10.8839050Z time=2026-10-09T23:30:43.801Z level=INFO msg="pre-migration backup written" component=memory backup=C:\Users\RUNNER~1\AppData\Local\Temp\TestTicket223FailureSentencesAreDistinctschema未知键2440121118\002\backup\wisp.db.bak-1-2 from=1 to=2
2026-10-09T23:36:10.8840254Z time=2026-10-09T23:30:43.812Z level=INFO msg="schema migration step applied" component=memory from=1 to=2 started_at=2026-10-09T23:30:43Z duration_ms=10
2026-10-09T23:36:10.8841051Z time=2026-10-09T23:30:43.829Z level=INFO msg="schema migration complete" component=memory schema_version=2
2026-10-09T23:36:10.8841842Z time=2026-10-09T23:30:43.831Z level=INFO msg="startup WAL checkpoint (TRUNCATE) done" component=memory wal_pages_before=0 pages_moved=0
2026-10-09T23:36:10.8842497Z --- PASS: TestTicket223FailureSentencesAreDistinct (8.57s)
2026-10-09T23:36:10.8843302Z     --- PASS: TestTicket223FailureSentencesAreDistinct/缺失 (2.17s)
2026-10-09T23:36:10.8844378Z     --- PASS: TestTicket223FailureSentencesAreDistinct/语法错 (2.16s)
2026-10-09T23:36:10.8845311Z     --- PASS: TestTicket223FailureSentencesAreDistinct/声明了版本但坏在后面 (2.14s)
2026-10-09T23:36:10.8846219Z     --- PASS: TestTicket223FailureSentencesAreDistinct/schema未知键 (2.11s)
2026-10-09T23:36:10.8846910Z === RUN   TestTicket223PanelInboundSaysHotReloadIsDisabled
2026-10-09T23:36:10.8847606Z --- PASS: TestTicket223PanelInboundSaysHotReloadIsDisabled (0.01s)
2026-10-09T23:36:10.8848398Z === RUN   TestTicket223PermissionDeniedSitsInItsOwnSentence
2026-10-09T23:36:10.8849512Z time=2026-10-09T23:30:45.958Z level=WARN msg="goroutine outside the D38 roster (leak symptom)" goroutine=mockllm-stdout-reader owner=test
2026-10-09T23:36:10.8851546Z time=2026-10-09T23:30:45.973Z level=INFO msg="wisp: persistent log sink installed" dir=C:\Users\RUNNER~1\AppData\Local\Temp\TestTicket223PermissionDeniedSitsInItsOwnSentence2025403232\002\logs min_level=info early_records=0 early_dropped=0
2026-10-09T23:36:10.8853603Z 2026/10/09 23:30:45 mockllm: serving on http://127.0.0.1:51130 (golden dir D:\a\wisp\wisp\internal\llm\testdata\golden)
2026-10-09T23:36:10.8855586Z time=2026-10-09T23:30:45.997Z level=INFO msg="pre-migration backup written" component=memory backup=C:\Users\RUNNER~1\AppData\Local\Temp\TestTicket223PermissionDeniedSitsInItsOwnSentence2025403232\002\backup\wisp.db.bak-0-1 from=0 to=1
2026-10-09T23:36:10.8858397Z time=2026-10-09T23:30:46.005Z level=INFO msg="schema migration step applied" component=memory from=0 to=1 started_at=2026-10-09T23:30:45Z duration_ms=8
2026-10-09T23:36:10.8860451Z time=2026-10-09T23:30:46.030Z level=INFO msg="pre-migration backup written" component=memory backup=C:\Users\RUNNER~1\AppData\Local\Temp\TestTicket223PermissionDeniedSitsInItsOwnSentence2025403232\002\backup\wisp.db.bak-1-2 from=1 to=2
2026-10-09T23:36:10.8862441Z time=2026-10-09T23:30:46.043Z level=INFO msg="schema migration step applied" component=memory from=1 to=2 started_at=2026-10-09T23:30:46Z duration_ms=13
2026-10-09T23:36:10.8863805Z time=2026-10-09T23:30:46.055Z level=INFO msg="schema migration complete" component=memory schema_version=2
2026-10-09T23:36:10.8865058Z time=2026-10-09T23:30:46.056Z level=INFO msg="startup WAL checkpoint (TRUNCATE) done" component=memory wal_pages_before=0 pages_moved=0
2026-10-09T23:36:10.8866512Z     config_reload_perm_223_windows_test.go:95: attempt 1: icacls denied nothing, so this case cannot show the permission sentence
2026-10-09T23:36:10.8867830Z --- FAIL: TestTicket223PermissionDeniedSitsInItsOwnSentence (1.24s)
2026-10-09T23:36:10.8868599Z === RUN   TestTicket223R2FailureSentenceRouting
2026-10-09T23:36:10.8869528Z === RUN   TestTicket223R2FailureSentenceRouting/声明当前版_注释以方括号开头_C1
2026-10-09T23:36:10.8870416Z     config_sentences_223r2_test.go:123: ROUTING "声明当前版_注释以方括号开头_C1"
2026-10-09T23:36:10.8871287Z           raw err = config: config.toml parse: toml: expected character =
2026-10-09T23:36:10.8873157Z           PRODUCTION LINE = cause=syntax detail="config.toml 读到了但解析不了：这一行不是合法 TOML 语法（不是权限、不是缺失）。本次运行继续用内存里的旧配置；修好之后要再出现一次新的 mtime/大小才会被重读"
2026-10-09T23:36:10.8874237Z === RUN   TestTicket223R2FailureSentenceRouting/声明当前版_CRLF_E1
2026-10-09T23:36:10.8875064Z     config_sentences_223r2_test.go:123: ROUTING "声明当前版_CRLF_E1"
2026-10-09T23:36:10.8875916Z           raw err = config: config.toml parse: toml: expected character =
2026-10-09T23:36:10.8877374Z           PRODUCTION LINE = cause=syntax detail="config.toml 读到了但解析不了：这一行不是合法 TOML 语法（不是权限、不是缺失）。本次运行继续用内存里的旧配置；修好之后要再出现一次新的 mtime/大小才会被重读"
2026-10-09T23:36:10.8878405Z === RUN   TestTicket223R2FailureSentenceRouting/声明当前版_无空格_G1
2026-10-09T23:36:10.8879225Z     config_sentences_223r2_test.go:123: ROUTING "声明当前版_无空格_G1"
2026-10-09T23:36:10.8880099Z           raw err = config: config.toml parse: toml: expected character =
2026-10-09T23:36:10.8881493Z           PRODUCTION LINE = cause=syntax detail="config.toml 读到了但解析不了：这一行不是合法 TOML 语法（不是权限、不是缺失）。本次运行继续用内存里的旧配置；修好之后要再出现一次新的 mtime/大小才会被重读"
2026-10-09T23:36:10.8882697Z === RUN   TestTicket223R2FailureSentenceRouting/声明当前版_缩进版本行_L1
2026-10-09T23:36:10.8883532Z     config_sentences_223r2_test.go:123: ROUTING "声明当前版_缩进版本行_L1"
2026-10-09T23:36:10.8884491Z           raw err = config: config.toml parse: toml: expected character =
2026-10-09T23:36:10.8885880Z           PRODUCTION LINE = cause=syntax detail="config.toml 读到了但解析不了：这一行不是合法 TOML 语法（不是权限、不是缺失）。本次运行继续用内存里的旧配置；修好之后要再出现一次新的 mtime/大小才会被重读"
2026-10-09T23:36:10.8886925Z === RUN   TestTicket223R2FailureSentenceRouting/声明未来版_正文语法坏_J1
2026-10-09T23:36:10.8887741Z     config_sentences_223r2_test.go:123: ROUTING "声明未来版_正文语法坏_J1"
2026-10-09T23:36:10.8888616Z           raw err = config: config.toml parse: toml: expected character =
2026-10-09T23:36:10.8889994Z           PRODUCTION LINE = cause=syntax detail="config.toml 读到了但解析不了：这一行不是合法 TOML 语法（不是权限、不是缺失）。本次运行继续用内存里的旧配置；修好之后要再出现一次新的 mtime/大小才会被重读"
2026-10-09T23:36:10.8891001Z === RUN   TestTicket223R2FailureSentenceRouting/读不出版本_A1_基线不动
2026-10-09T23:36:10.8891871Z     config_sentences_223r2_test.go:123: ROUTING "读不出版本_A1_基线不动"
2026-10-09T23:36:10.8893007Z           raw err = config: config.toml parse: toml: expected character =
2026-10-09T23:36:10.8894414Z           PRODUCTION LINE = cause=syntax detail="config.toml 读到了但解析不了：这一行不是合法 TOML 语法（不是权限、不是缺失）。本次运行继续用内存里的旧配置；修好之后要再出现一次新的 mtime/大小才会被重读"
2026-10-09T23:36:10.8895455Z === RUN   TestTicket223R2FailureSentenceRouting/声明旧版_坏表头_A2_仍归迁移
2026-10-09T23:36:10.8896511Z     config_sentences_223r2_test.go:123: ROUTING "声明旧版_坏表头_A2_仍归迁移"
2026-10-09T23:36:10.8898313Z           raw err = config: config.toml: cannot migrate from schema version 1: not valid TOML: toml: expected character ]; the file was left untouched - fix or restore it manually, it will never be silently reset
2026-10-09T23:36:10.8904213Z           PRODUCTION LINE = cause=migration detail="config.toml 声明了一个这份 Wisp 不会迁移的 schema_version（文件被原样留着，不会被重置）。本次运行继续用内存里的旧配置；升级 Wisp 或恢复备份才会读它"
2026-10-09T23:36:10.8905494Z === RUN   TestTicket223R2FailureSentenceRouting/解析得开_未知键_不抢语法错
2026-10-09T23:36:10.8906378Z     config_sentences_223r2_test.go:123: ROUTING "解析得开_未知键_不抢语法错"
2026-10-09T23:36:10.8907315Z           raw err = config: config.toml: unknown key "this_key_does_not_exist" at line 3
2026-10-09T23:36:10.8908779Z           PRODUCTION LINE = cause=unknown-key detail="config.toml 语法没问题，但里面有这份 schema 不认的键（拼错的键会被这样拒绝，而不是被忽略）。本次运行继续用内存里的旧配置"
2026-10-09T23:36:10.8909968Z === RUN   TestTicket223R2FailureSentenceRouting/声明未来版_正文解析得开_归更高版本自己那句
2026-10-09T23:36:10.8910901Z     config_sentences_223r2_test.go:123: ROUTING "声明未来版_正文解析得开_归更高版本自己那句"
2026-10-09T23:36:10.8912283Z           raw err = config: config.toml: schema_version 99 was written by a newer build (this build understands 2); upgrade Wisp or restore a backup
2026-10-09T23:36:10.8914727Z           PRODUCTION LINE = cause=newer-build detail="config.toml 是由一个更新的 Wisp 写出来的（它声明的 schema_version 比这份程序懂得的高；这一条不说语法错，也不说值不合法，因为它还没走到校验）。本次运行继续用内存里的旧配置；升级 Wisp 或恢复备份才会读它"
2026-10-09T23:36:10.8915797Z --- PASS: TestTicket223R2FailureSentenceRouting (0.58s)
2026-10-09T23:36:10.8916959Z     --- PASS: TestTicket223R2FailureSentenceRouting/声明当前版_注释以方括号开头_C1 (0.06s)
2026-10-09T23:36:10.8917924Z     --- PASS: TestTicket223R2FailureSentenceRouting/声明当前版_CRLF_E1 (0.06s)
2026-10-09T23:36:10.8918890Z     --- PASS: TestTicket223R2FailureSentenceRouting/声明当前版_无空格_G1 (0.06s)
2026-10-09T23:36:10.8919810Z     --- PASS: TestTicket223R2FailureSentenceRouting/声明当前版_缩进版本行_L1 (0.06s)
2026-10-09T23:36:10.8920767Z     --- PASS: TestTicket223R2FailureSentenceRouting/声明未来版_正文语法坏_J1 (0.06s)
2026-10-09T23:36:10.8921773Z     --- PASS: TestTicket223R2FailureSentenceRouting/读不出版本_A1_基线不动 (0.06s)
2026-10-09T23:36:10.8922725Z     --- PASS: TestTicket223R2FailureSentenceRouting/声明旧版_坏表头_A2_仍归迁移 (0.06s)
2026-10-09T23:36:10.8923675Z     --- PASS: TestTicket223R2FailureSentenceRouting/解析得开_未知键_不抢语法错 (0.06s)
2026-10-09T23:36:10.8924678Z     --- PASS: TestTicket223R2FailureSentenceRouting/声明未来版_正文解析得开_归更高版本自己那句 (0.06s)
2026-10-09T23:36:10.8925585Z === RUN   TestAC2ResolveDataDirRefusesInsteadOfFallingBackToCWD128
2026-10-09T23:36:10.8926405Z === RUN   TestAC2ResolveDataDirRefusesInsteadOfFallingBackToCWD128/dev
2026-10-09T23:36:10.8927250Z === RUN   TestAC2ResolveDataDirRefusesInsteadOfFallingBackToCWD128/prod
2026-10-09T23:36:10.8928138Z --- PASS: TestAC2ResolveDataDirRefusesInsteadOfFallingBackToCWD128 (0.00s)
2026-10-09T23:36:10.8929311Z     --- PASS: TestAC2ResolveDataDirRefusesInsteadOfFallingBackToCWD128/dev (0.00s)
2026-10-09T23:36:10.8930941Z     --- PASS: TestAC2ResolveDataDirRefusesInsteadOfFallingBackToCWD128/prod (0.00s)
2026-10-09T23:36:10.8931751Z === RUN   TestAC2TestDataDirBranchStillResolves128
2026-10-09T23:36:10.8932422Z --- PASS: TestAC2TestDataDirBranchStillResolves128 (0.00s)
2026-10-09T23:36:10.8933162Z === RUN   TestAC2RefusalMarkersAreNotAShortenableList128
2026-10-09T23:36:10.8933872Z --- PASS: TestAC2RefusalMarkersAreNotAShortenableList128 (0.00s)
2026-10-09T23:36:10.8934634Z === RUN   TestAC2EveryLegRefusesTheSameShapeAndWritesNothing128
2026-10-09T23:36:10.8935476Z === RUN   TestAC2EveryLegRefusesTheSameShapeAndWritesNothing128/runTextTask
2026-10-09T23:36:10.8936388Z === RUN   TestAC2EveryLegRefusesTheSameShapeAndWritesNothing128/cmdModels
2026-10-09T23:36:10.8937263Z === RUN   TestAC2EveryLegRefusesTheSameShapeAndWritesNothing128/cmdProviders
2026-10-09T23:36:10.8938125Z === RUN   TestAC2EveryLegRefusesTheSameShapeAndWritesNothing128/cmdDoctor
2026-10-09T23:36:10.8939098Z === RUN   TestAC2EveryLegRefusesTheSameShapeAndWritesNothing128/resolveSecretLayout
2026-10-09T23:36:10.8940019Z --- PASS: TestAC2EveryLegRefusesTheSameShapeAndWritesNothing128 (0.08s)
2026-10-09T23:36:10.8941029Z     --- PASS: TestAC2EveryLegRefusesTheSameShapeAndWritesNothing128/runTextTask (0.00s)
2026-10-09T23:36:10.8942090Z     --- PASS: TestAC2EveryLegRefusesTheSameShapeAndWritesNothing128/cmdModels (0.00s)
2026-10-09T23:36:10.8943207Z     --- PASS: TestAC2EveryLegRefusesTheSameShapeAndWritesNothing128/cmdProviders (0.00s)
2026-10-09T23:36:10.8944402Z     --- PASS: TestAC2EveryLegRefusesTheSameShapeAndWritesNothing128/cmdDoctor (0.01s)
2026-10-09T23:36:10.8945513Z     --- PASS: TestAC2EveryLegRefusesTheSameShapeAndWritesNothing128/resolveSecretLayout (0.00s)
2026-10-09T23:36:10.8946438Z === RUN   TestAC2RealProcessRefusesOnEveryLegWithoutAppData128
2026-10-09T23:36:10.8947267Z === RUN   TestAC2RealProcessRefusesOnEveryLegWithoutAppData128/run
2026-10-09T23:36:10.8949008Z     dataroot_128_windows_test.go:69: AC#2 real process, leg "run": APPDATA unset, WISP_ENV=dev, cwd=C:\Users\RUNNER~1\AppData\Local\Temp\TestAC2RealProcessRefusesOnEveryLegWithoutAppData128run2683516944\001 -> rc=2
2026-10-09T23:36:10.8951156Z         time=2026-10-09T23:30:50.952Z level=INFO msg="winsec: sealing path resolver installed" resolver=risk.c26Pipeline probes_passed=2
2026-10-09T23:36:10.8952204Z         wisp 0.0.0-dev (unknown, built unknown)
2026-10-09T23:36:10.8952978Z         WISP_ENV=dev (data dir rules: SPEC-03 §5)
2026-10-09T23:36:10.8953608Z         sherpa-onnx runtime version: 1.13.8
2026-10-09T23:36:10.8954552Z         wisp run: 本机没有可交互控制台，本轮没有人能答复卡片：L2 卡会等到超时后按拒绝处理，L1 窗口没有人能否决（要能当场答复，请在终端里跑）
2026-10-09T23:36:10.8956964Z         wisp run: 数据根无法解析：用户配置目录不可得（OS 原话：%AppData% is not defined）：数据根本应是 <用户配置目录>\wisp-dev，而 Wisp 拒绝把它回落到当前工作目录（票 128 AC#1 量到回落会搬家：日志、config.toml、DPAPI 私钥存储与 memory.db 跟着启动目录走，换目录再启动就读到空配置）。修法：Windows 把 APPDATA 设为一个可写目录，Linux/macOS 设 XDG_CONFIG_HOME 或 HOME，然后重试。
2026-10-09T23:36:10.8958507Z === RUN   TestAC2RealProcessRefusesOnEveryLegWithoutAppData128/secret-list
2026-10-09T23:36:10.8960356Z     dataroot_128_windows_test.go:69: AC#2 real process, leg "secret-list": APPDATA unset, WISP_ENV=dev, cwd=C:\Users\RUNNER~1\AppData\Local\Temp\TestAC2RealProcessRefusesOnEveryLegWithoutAppData128secret-list295290500\001 -> rc=2
2026-10-09T23:36:10.8962436Z         time=2026-10-09T23:30:51.005Z level=INFO msg="winsec: sealing path resolver installed" resolver=risk.c26Pipeline probes_passed=2
2026-10-09T23:36:10.8964902Z         wisp secret: 数据根无法解析：用户配置目录不可得（OS 原话：%AppData% is not defined）：数据根本应是 <用户配置目录>\wisp-dev，而 Wisp 拒绝把它回落到当前工作目录（票 128 AC#1 量到回落会搬家：日志、config.toml、DPAPI 私钥存储与 memory.db 跟着启动目录走，换目录再启动就读到空配置）。修法：Windows 把 APPDATA 设为一个可写目录，Linux/macOS 设 XDG_CONFIG_HOME 或 HOME，然后重试。
2026-10-09T23:36:10.8966362Z === RUN   TestAC2RealProcessRefusesOnEveryLegWithoutAppData128/doctor
2026-10-09T23:36:10.8968303Z     dataroot_128_windows_test.go:69: AC#2 real process, leg "doctor": APPDATA unset, WISP_ENV=dev, cwd=C:\Users\RUNNER~1\AppData\Local\Temp\TestAC2RealProcessRefusesOnEveryLegWithoutAppData128doctor3002252248\001 -> rc=1
2026-10-09T23:36:10.8970277Z         time=2026-10-09T23:30:51.057Z level=INFO msg="winsec: sealing path resolver installed" resolver=risk.c26Pipeline probes_passed=2
2026-10-09T23:36:10.8971480Z         wisp doctor - build chain self-check
2026-10-09T23:36:10.8972259Z         ------------------------------------------------------------------------
2026-10-09T23:36:10.8973196Z         [INFO] wisp build                         version=0.0.0-dev commit=unknown built=unknown WISP_ENV=dev
2026-10-09T23:36:10.8974182Z         [INFO] Go runtime                         go1.27.2 (toolchain pinned by go.mod)
2026-10-09T23:36:10.8975207Z         [INFO] C29 minisign public key            untrusted comment: wisp models signing key (dev)
2026-10-09T23:36:10.8976808Z         RWSjyHlPP9lPxdEQRvWj3zFLMbc1tTEkKMwTDuVXXQDxsWRpA/m5jk9j (placeholder until C29 lands; hardcoded into buildinfo per SPEC-11 §7.3)
2026-10-09T23:36:10.8978241Z         [PASS] gcc (build-time)                   gcc (x86_64-posix-seh-rev1, Built by MinGW-Builds project) 15.2.0
2026-10-09T23:36:10.8979327Z         [FAIL] sherpa-onnx C API                  runtime 1.13.8 does not match build pin unknown
2026-10-09T23:36:10.8980488Z         [FAIL] onnxruntime.dll version            file version 1.28.2.0 does not match build pin unknown
2026-10-09T23:36:10.8981382Z         [INFO] sherpa-onnx built against onnxruntime 1.28.2
2026-10-09T23:36:10.8983079Z         [PASS] DLL colocated: sherpa-onnx-c-api.dll C:\Users\RUNNER~1\AppData\Local\Temp\TestAC2RealProcessRefusesOnEveryLegWithoutAppData1288895362\001\sherpa-onnx-c-api.dll
2026-10-09T23:36:10.8985285Z         [PASS] DLL colocated: sherpa-onnx-cxx-api.dll C:\Users\RUNNER~1\AppData\Local\Temp\TestAC2RealProcessRefusesOnEveryLegWithoutAppData1288895362\001\sherpa-onnx-cxx-api.dll
2026-10-09T23:36:10.8987193Z         [INFO] deps.toml cross-check              deps.toml not found near the exe (expected for installed copies; build-time pins already verified above)
2026-10-09T23:36:10.8989905Z         [FAIL] data dir resolvable (dev)          数据根无法解析：用户配置目录不可得（OS 原话：%AppData% is not defined）：数据根本应是 <用户配置目录>\wisp-dev，而 Wisp 拒绝把它回落到当前工作目录（票 128 AC#1 量到回落会搬家：日志、config.toml、DPAPI 私钥存储与 memory.db 跟着启动目录走，换目录再启动就读到空配置）。修法：Windows 把 APPDATA 设为一个可写目录，Linux/macOS 设 XDG_CONFIG_HOME 或 HOME，然后重试。
2026-10-09T23:36:10.8991783Z         ------------------------------------------------------------------------
2026-10-09T23:36:10.8992438Z         wisp doctor: FAIL
2026-10-09T23:36:10.8993058Z === RUN   TestAC2RealProcessRefusesOnEveryLegWithoutAppData128/resident
2026-10-09T23:36:10.8994874Z     dataroot_128_windows_test.go:69: AC#2 real process, leg "resident": APPDATA unset, WISP_ENV=dev, cwd=C:\Users\RUNNER~1\AppData\Local\Temp\TestAC2RealProcessRefusesOnEveryLegWithoutAppData128resident4169916655\001 -> rc=1
2026-10-09T23:36:10.8996941Z         time=2026-10-09T23:30:51.121Z level=INFO msg="winsec: sealing path resolver installed" resolver=risk.c26Pipeline probes_passed=2
2026-10-09T23:36:10.8997913Z         wisp 0.0.0-dev (unknown, built unknown)
2026-10-09T23:36:10.8998619Z         WISP_ENV=dev (data dir rules: SPEC-03 §5)
2026-10-09T23:36:10.8999259Z         sherpa-onnx runtime version: 1.13.8
2026-10-09T23:36:10.9000012Z         wisp: boot failed: proc: user config dir: %AppData% is not defined
2026-10-09T23:36:10.9000806Z --- PASS: TestAC2RealProcessRefusesOnEveryLegWithoutAppData128 (4.38s)
2026-10-09T23:36:10.9001778Z     --- PASS: TestAC2RealProcessRefusesOnEveryLegWithoutAppData128/run (0.83s)
2026-10-09T23:36:10.9002834Z     --- PASS: TestAC2RealProcessRefusesOnEveryLegWithoutAppData128/secret-list (0.05s)
2026-10-09T23:36:10.9003862Z     --- PASS: TestAC2RealProcessRefusesOnEveryLegWithoutAppData128/doctor (0.07s)
2026-10-09T23:36:10.9004884Z     --- PASS: TestAC2RealProcessRefusesOnEveryLegWithoutAppData128/resident (0.05s)
2026-10-09T23:36:10.9005924Z === RUN   TestAC3EarlyRecordLandsOnDiskBeforeTheInstallRecord
2026-10-09T23:36:10.9008447Z     early_log_nail_130_windows_test.go:189: early-record sink C:\Users\RUNNER~1\AppData\Local\Temp\TestAC3EarlyRecordLandsOnDiskBeforeTheInstallRecord1061714183\002\logs: 1 file(s), 2 record(s), msgs=[winsec: sealing path resolver installed wisp: persistent log sink installed]
2026-10-09T23:36:10.9011328Z     early_log_nail_130_windows_test.go:271: EARLY RECORD ON DISK: index 0 of 2, stamp 2026-10-09T23:30:54.6754805Z, resolver="risk.c26Pipeline" probes_passed=0x2ccf18f4e130; install at index 1 stamp 2026-10-09T23:30:54.7020686Z
2026-10-09T23:36:10.9012854Z --- PASS: TestAC3EarlyRecordLandsOnDiskBeforeTheInstallRecord (3.57s)
2026-10-09T23:36:10.9013634Z === RUN   TestAC3EarlyReplayKeepsTheSinkInsideTheDataRoot
2026-10-09T23:36:10.9015613Z     early_log_nail_130_windows_test.go:283: early-record sink C:\Users\RUNNER~1\AppData\Local\Temp\TestAC3EarlyReplayKeepsTheSinkInsideTheDataRoot3391597331\002\logs: 1 file(s), 2 record(s), msgs=[winsec: sealing path resolver installed wisp: persistent log sink installed]
2026-10-09T23:36:10.9017338Z --- PASS: TestAC3EarlyReplayKeepsTheSinkInsideTheDataRoot (3.06s)
2026-10-09T23:36:10.9018160Z === RUN   TestTicket198AC1FirstRunCreatesConfigThenLeavesItAlone
2026-10-09T23:36:10.9019805Z time=2026-10-09T23:30:57.783Z level=INFO msg="wisp: persistent log sink installed" dir=C:\Users\RUNNER~1\AppData\Local\Temp\TestTicket198AC1FirstRunCreatesConfigThenLeavesItAlone2739692097\001\logs min_level=info early_records=0 early_dropped=0
2026-10-09T23:36:10.9021594Z     firstrun_198_test.go:101: stage 1 receipt (verbatim stderr):
2026-10-09T23:36:10.9023850Z         wisp run: 已在 C:\Users\RUNNER~1\AppData\Local\Temp\TestTicket198AC1FirstRunCreatesConfigThenLeavesItAlone2739692097\001\config.toml 新建默认配置：全部取值来自内置默认表（schema 的 default 标签），未替你选任何模型；[llm] 的模型与 api_key_ref 仍缺，本轮仍按未配置失败退码
2026-10-09T23:36:10.9027132Z         wisp run: 缺的两样各有各的入口。key：先跑 wisp secret set <blob 名>（隐藏输入，不进 argv 也不进日志，也可以 --from-stdin 从管道喂），它把明文交给 DPAPI 存储，并回显一行 api_key_ref = "dpapi:<blob 名>"；这份文件里没有写明文 key 的字段，要补的是那个名字。不想用 DPAPI 就把 api_key_ref 写成 env:<环境变量名>，值由系统环境提供。
2026-10-09T23:36:10.9030166Z         wisp run: 模型：在同一份文件的 [llm.providers.<名>] 里补 api_key_ref、base_url 与 models.<id>（名字对上内置预设的，protocol 与 base_url 可以留空），再在 [llm] 的 text_chain 或 roles.chat 里点名 provider/model；wisp providers discover 与 probe 读这份文件去问真实端点，不替你写。注意：models.<id> 条目里要写 enabled = true——缺这枚键的条目视为关闭，点名它会在起动时被拒。
2026-10-09T23:36:10.9035538Z         wisp run: 上面那句模型只是第一样。设置页那七枚字段（服务商的 base_url、api_key_ref、凭据，模型的 context_window、price.in、price.out，还有聊天模型）今天都不建行，只改已有的行；要在这一页配上模型，得在这份文件里手加三样，缺一不可：
2026-10-09T23:36:10.9039169Z         wisp run: 第一样＝一节 [llm.providers.<名>]，就是服务商那一行（名字对上内置预设的，protocol 与 base_url 可以留空；非预设名必须自己写 protocol，否则这份文件加载不过）。第二样＝它的模型行 [llm.providers.<名>.models.<模型 id>]，里面写 enabled = true。第三样＝就地填已有的 [llm.roles.chat] 那一节，把 provider 与 model 两枚一起点上名（别再追加一节同名的，那在 TOML 里是 duplicate table，文件直接加载不过）。界面不会替你建这一行，它只会告诉你去哪一节建；三样齐了这七枚才全部写得进，只加第一样只解锁服务商那三枚。
2026-10-09T23:36:10.9041265Z         wisp run: 写不进去的时候有三种原因，各是一句不同的话，不会合成一句「配置未生效」：
2026-10-09T23:36:10.9043048Z           第 1 种拒因：文件没建——这一种刚才那一发已经替你办完，C:\Users\RUNNER~1\AppData\Local\Temp\TestTicket198AC1FirstRunCreatesConfigThenLeavesItAlone2739692097\001\config.toml 现在是真的文件；首启之前没有任何旧配置可言。
2026-10-09T23:36:10.9044522Z           第 2 种拒因：行不存在——那一页改不了服务商与模型的存在性，去这份文件里手加上面那三样，加完才写得进；这一条说的不是你的值不对。
2026-10-09T23:36:10.9045664Z           第 3 种拒因：校验不过——行在，但那个值过不了这份 schema 的校验（引用形没写对前缀、点名的模型不在目录里，都算这一种）；要改的是值，文件一个字节都没动。
2026-10-09T23:36:10.9046673Z         wisp run: 改完什么时候才算用上，按进程形状分三种说法，不是一句「重启就好」：
2026-10-09T23:36:10.9047951Z           在控制台里跑 wisp run——这个进程带着每 1s 重读一次 config.toml 的看门狗，[llm] 属可热加载档，手改的值一秒内就换进这台进程的内存；但模型通路是启动时建一次的，热加载不会替它换脑，真正发请求还是按启动时那一份。
2026-10-09T23:36:10.9049079Z           没有可答卡入口的常驻形状——任务腿过不去控制台那道闸时，这个进程里可能根本没有会重读盘的东西，手改与面板写在两个方向上都只能等下一次启动。
2026-10-09T23:36:10.9049995Z           设置页那一页——它那条腿自己明说不带轮询，写入回执固定说要重启进程；页面上的读数在重启之前也不会跟着你手改的文件走。
2026-10-09T23:36:10.9051445Z         wisp run: 凭据这一格只有引用会进这份文件：改 api_key_ref 换的是名字不是密钥本身，把那份引用再解一次是新建端点时才做的事，所以换过 key 的引用同样要重启才算用上；这一页任何时候都不回显密钥的值，只说已录入还是没录入。
2026-10-09T23:36:10.9052803Z         wisp run: 文本角色未配置（Unconfigured）：config: llm: role "chat" is unset and text_chain is empty (Unconfigured)
2026-10-09T23:36:10.9053927Z     firstrun_198_test.go:102: stage 1 config.toml: 2571 bytes, first line "schema_version = 2"
2026-10-09T23:36:10.9055716Z time=2026-10-09T23:30:57.798Z level=INFO msg="wisp: persistent log sink installed" dir=C:\Users\RUNNER~1\AppData\Local\Temp\TestTicket198AC1FirstRunCreatesConfigThenLeavesItAlone2739692097\001\logs min_level=info early_records=0 early_dropped=0
2026-10-09T23:36:10.9058240Z time=2026-10-09T23:30:57.805Z level=INFO msg="wisp: persistent log sink installed" dir=C:\Users\RUNNER~1\AppData\Local\Temp\TestTicket198AC1FirstRunCreatesConfigThenLeavesItAlone2739692097\001\logs min_level=info early_records=0 early_dropped=0
2026-10-09T23:36:10.9059952Z --- PASS: TestTicket198AC1FirstRunCreatesConfigThenLeavesItAlone (0.04s)
2026-10-09T23:36:10.9060807Z === RUN   TestTicket198AC1DirectoryShapedConfigIsNeverOverwritten
2026-10-09T23:36:10.9062462Z time=2026-10-09T23:30:57.819Z level=INFO msg="wisp: persistent log sink installed" dir=C:\Users\RUNNER~1\AppData\Local\Temp\TestTicket198AC1DirectoryShapedConfigIsNeverOverwritten1642175898\001\logs min_level=info early_records=0 early_dropped=0
2026-10-09T23:36:10.9064148Z --- PASS: TestTicket198AC1DirectoryShapedConfigIsNeverOverwritten (0.01s)
2026-10-09T23:36:10.9065124Z === RUN   TestTicket198AC1CreatedFileHoldsEveryStaticSectionAndNoInventedTables
2026-10-09T23:36:10.9066960Z time=2026-10-09T23:30:57.832Z level=INFO msg="wisp: persistent log sink installed" dir=C:\Users\RUNNER~1\AppData\Local\Temp\TestTicket198AC1CreatedFileHoldsEveryStaticSectionAndNoInventedT3830137705\001\logs min_level=info early_records=0 early_dropped=0
2026-10-09T23:36:10.9068805Z --- PASS: TestTicket198AC1CreatedFileHoldsEveryStaticSectionAndNoInventedTables (0.02s)
2026-10-09T23:36:10.9069943Z === RUN   TestTicket198FirstRunReceiptStaysOutOfTheFourCauseSentences
2026-10-09T23:36:10.9071892Z time=2026-10-09T23:30:57.854Z level=INFO msg="wisp: persistent log sink installed" dir=C:\Users\RUNNER~1\AppData\Local\Temp\TestTicket198FirstRunReceiptStaysOutOfTheFourCauseSentences226391673\001\logs min_level=info early_records=0 early_dropped=0
2026-10-09T23:36:10.9075422Z --- PASS: TestTicket198FirstRunReceiptStaysOutOfTheFourCauseSentences (0.01s)
2026-10-09T23:36:10.9076347Z === RUN   TestTicket198FirstRunCallerIsTheRunEntryOnly
2026-10-09T23:36:10.9076865Z --- PASS: TestTicket198FirstRunCallerIsTheRunEntryOnly (0.06s)
2026-10-09T23:36:10.9077425Z === RUN   TestTicket198R2AC2CreatedFileCarriesNothingButTheSchemaDefaultTags
2026-10-09T23:36:10.9078587Z time=2026-10-09T23:30:57.920Z level=INFO msg="wisp: persistent log sink installed" dir=C:\Users\RUNNER~1\AppData\Local\Temp\TestTicket198R2AC2CreatedFileCarriesNothingButTheSchemaDefaultTa2627024598\001\logs min_level=info early_records=0 early_dropped=0
2026-10-09T23:36:10.9082842Z     firstrun_198r2_test.go:237: tag-derived default leaves: 70; file: 2571 bytes
2026-10-09T23:36:10.9083902Z --- PASS: TestTicket198R2AC2CreatedFileCarriesNothingButTheSchemaDefaultTags (0.01s)
2026-10-09T23:36:10.9084947Z === RUN   TestTicket198R2AC2ExportedDefaultTableStillRendersAsItsTags
2026-10-09T23:36:10.9085959Z --- PASS: TestTicket198R2AC2ExportedDefaultTableStillRendersAsItsTags (0.00s)
2026-10-09T23:36:10.9086926Z === RUN   TestTicket198R2AC5CreationFailureIsLoudAndLeavesNoHalfFile
2026-10-09T23:36:10.9090719Z time=2026-10-09T23:30:57.935Z level=INFO msg="wisp: persistent log sink installed" dir=C:\Users\RUNNER~1\AppData\Local\Temp\TestTicket198R2AC5CreationFailureIsLoudAndLeavesNoHalfFile560584221\001\data\logs min_level=info early_records=0 early_dropped=0
2026-10-09T23:36:10.9092872Z --- PASS: TestTicket198R2AC5CreationFailureIsLoudAndLeavesNoHalfFile (0.01s)
2026-10-09T23:36:10.9093717Z === RUN   TestTicket198R2AC4ReceiptNamesTheRealEntryPoints
2026-10-09T23:36:10.9095311Z time=2026-10-09T23:30:57.942Z level=INFO msg="wisp: persistent log sink installed" dir=C:\Users\RUNNER~1\AppData\Local\Temp\TestTicket198R2AC4ReceiptNamesTheRealEntryPoints1843639885\001\logs min_level=info early_records=0 early_dropped=0
2026-10-09T23:36:10.9097732Z time=2026-10-09T23:30:58.012Z level=INFO msg="wisp: persistent log sink installed" dir=C:\Users\RUNNER~1\AppData\Local\Temp\TestTicket198R2AC4ReceiptNamesTheRealEntryPoints1843639885\001\logs min_level=info early_records=0 early_dropped=0
2026-10-09T23:36:10.9099378Z --- PASS: TestTicket198R2AC4ReceiptNamesTheRealEntryPoints (0.08s)
2026-10-09T23:36:10.9101082Z === RUN   TestTicket198R2J1TheAssemblyRootStillCreatesNothing
2026-10-09T23:36:10.9107063Z time=2026-10-09T23:30:58.022Z level=INFO msg="audit: perm: MODE-READ-FAILED path=\"C:\\\\Users\\\\RUNNER~1\\\\AppData\\\\Local\\\\Temp\\\\TestTicket198R2J1TheAssemblyRootStillCreatesNothing3978115088\\\\001\\\\config.toml\" err=config: config.toml read: no file at this path yet。第 1 种拒因：文件没建：这一页与这条链都不新建 config.toml。在控制台运行一次 wisp run，第一次启动会写出全默认的首份配置（它不替你选任何模型，也不替你建任何服务商行）: open C:\\Users\\RUNNER~1\\AppData\\Local\\Temp\\TestTicket198R2J1TheAssemblyRootStillCreatesNothing3978115088\\001\\config.toml: The system cannot find the file specified. mode=ask_every_step origin=startup result=fail-closed detail=\"档位读不到：本进程不缓存任何上一次的宽松值，决策链不会被装配（退出码 2）\""
2026-10-09T23:36:10.9112122Z time=2026-10-09T23:30:58.023Z level=INFO msg="wisp: persistent log sink installed" dir=C:\Users\RUNNER~1\AppData\Local\Temp\TestTicket198R2J1TheAssemblyRootStillCreatesNothing3978115088\002\logs min_level=info early_records=0 early_dropped=0
2026-10-09T23:36:10.9113845Z --- PASS: TestTicket198R2J1TheAssemblyRootStillCreatesNothing (0.02s)
2026-10-09T23:36:10.9114752Z === RUN   TestTicket257R2AC1ReceiptStatesTheNonPresetCondition
2026-10-09T23:36:10.9116613Z time=2026-10-09T23:30:58.038Z level=INFO msg="wisp: persistent log sink installed" dir=C:\Users\RUNNER~1\AppData\Local\Temp\TestTicket257R2AC1ReceiptStatesTheNonPresetCondition1379801221\001\logs min_level=info early_records=0 early_dropped=0
2026-10-09T23:36:10.9119261Z     firstrun_257_nonpreset_test.go:88: premise holds: "t257-r2-ghost-gateway" is absent from the 12 built-in presets [anthropic deepseek mimo minimax moonshot ollama openai openrouter qwen siliconflow stepfun zhipu]
2026-10-09T23:36:10.9121426Z --- PASS: TestTicket257R2AC1ReceiptStatesTheNonPresetCondition (0.01s)
2026-10-09T23:36:10.9122604Z === RUN   TestTicket257R2AC1NonPresetRowNeedsProtocolBeforeItLoads
2026-10-09T23:36:10.9125068Z time=2026-10-09T23:30:58.050Z level=INFO msg="wisp: persistent log sink installed" dir=C:\Users\RUNNER~1\AppData\Local\Temp\TestTicket257R2AC1NonPresetRowNeedsProtocolBeforeItLoads3313083399\001\logs min_level=info early_records=0 early_dropped=0
2026-10-09T23:36:10.9128734Z time=2026-10-09T23:30:58.069Z level=INFO msg="config: wrote merged change into config.toml (ticket 226: only the keys listed changed value, every other key keeps the value the file already held; the file is re-laid in canonical form, so comments and hand-chosen key order are not preserved)" key=llm.providers.t257-r2-ghost-gateway.base_url wrote=[llm.providers.t257-r2-ghost-gateway.base_url]
2026-10-09T23:36:10.9136407Z time=2026-10-09T23:30:58.071Z level=INFO msg="config: wrote merged change into config.toml (ticket 226: only the keys listed changed value, every other key keeps the value the file already held; the file is re-laid in canonical form, so comments and hand-chosen key order are not preserved)" key=llm.providers.t257-r2-ghost-gateway.api_key_ref wrote=[llm.providers.t257-r2-ghost-gateway.api_key_ref]
2026-10-09T23:36:10.9138770Z --- PASS: TestTicket257R2AC1NonPresetRowNeedsProtocolBeforeItLoads (0.02s)
2026-10-09T23:36:10.9139683Z === RUN   TestTicket257R2AC1CleanMachineReceiptTeachesTheWalkableChain
2026-10-09T23:36:10.9141339Z time=2026-10-09T23:30:58.073Z level=INFO msg="wisp: persistent log sink installed" dir=C:\Users\RUNNER~1\AppData\Local\Temp\TestTicket257R2AC1CleanMachineReceiptTeachesTheWalkableChain2448031783\001\logs min_level=info early_records=0 early_dropped=0
2026-10-09T23:36:10.9143995Z     firstrun_257_test.go:216: AC#1 clean machine: 7 refused writes by reason: map[第 2 种拒因：行不存在:7]
2026-10-09T23:36:10.9144803Z --- PASS: TestTicket257R2AC1CleanMachineReceiptTeachesTheWalkableChain (0.01s)
2026-10-09T23:36:10.9145507Z === RUN   TestTicket257R2AC1ReceiptChainWalkUnlocksAllSevenFields
2026-10-09T23:36:10.9147155Z time=2026-10-09T23:30:58.086Z level=INFO msg="wisp: persistent log sink installed" dir=C:\Users\RUNNER~1\AppData\Local\Temp\TestTicket257R2AC1ReceiptChainWalkUnlocksAllSevenFields2618524170\001\logs min_level=info early_records=0 early_dropped=0
2026-10-09T23:36:10.9151914Z time=2026-10-09T23:30:58.097Z level=INFO msg="config: wrote merged change into config.toml (ticket 226: only the keys listed changed value, every other key keeps the value the file already held; the file is re-laid in canonical form, so comments and hand-chosen key order are not preserved)" key=llm.providers.deepseek.base_url wrote=[llm.providers.deepseek.base_url]
2026-10-09T23:36:10.9156499Z time=2026-10-09T23:30:58.100Z level=INFO msg="config: wrote merged change into config.toml (ticket 226: only the keys listed changed value, every other key keeps the value the file already held; the file is re-laid in canonical form, so comments and hand-chosen key order are not preserved)" key=llm.providers.deepseek.api_key_ref wrote=[llm.providers.deepseek.api_key_ref]
2026-10-09T23:36:10.9163228Z time=2026-10-09T23:30:58.102Z level=INFO msg="config: wrote merged change into config.toml (ticket 226: only the keys listed changed value, every other key keeps the value the file already held; the file is re-laid in canonical form, so comments and hand-chosen key order are not preserved)" key=llm.providers.deepseek.models.deepseek-chat.context_window wrote=[llm.providers.deepseek.models.deepseek-chat.context_window]
2026-10-09T23:36:10.9167682Z time=2026-10-09T23:30:58.104Z level=INFO msg="config: wrote merged change into config.toml (ticket 226: only the keys listed changed value, every other key keeps the value the file already held; the file is re-laid in canonical form, so comments and hand-chosen key order are not preserved)" key=llm.providers.deepseek.models.deepseek-chat.price.in wrote=[llm.providers.deepseek.models.deepseek-chat.price.in]
2026-10-09T23:36:10.9171943Z time=2026-10-09T23:30:58.108Z level=INFO msg="config: wrote merged change into config.toml (ticket 226: only the keys listed changed value, every other key keeps the value the file already held; the file is re-laid in canonical form, so comments and hand-chosen key order are not preserved)" key=llm.providers.deepseek.models.deepseek-chat.price.out wrote=[llm.providers.deepseek.models.deepseek-chat.price.out]
2026-10-09T23:36:10.9179747Z time=2026-10-09T23:30:58.110Z level=INFO msg="config: wrote merged change into config.toml (ticket 226: only the keys listed changed value, every other key keeps the value the file already held; the file is re-laid in canonical form, so comments and hand-chosen key order are not preserved)" key=llm.roles.chat.model wrote=[llm.roles.chat.model]
2026-10-09T23:36:10.9183479Z time=2026-10-09T23:30:58.113Z level=INFO msg="config: wrote merged change into config.toml (ticket 226: only the keys listed changed value, every other key keeps the value the file already held; the file is re-laid in canonical form, so comments and hand-chosen key order are not preserved)" key=llm.providers.deepseek.api_key_ref wrote=[llm.providers.deepseek.api_key_ref]
2026-10-09T23:36:10.9185883Z --- PASS: TestTicket257R2AC1ReceiptChainWalkUnlocksAllSevenFields (0.03s)
2026-10-09T23:36:10.9186729Z === RUN   TestTicket257R2AC1ReceiptOnlyFirstItemUnlocksThreeOfSeven
2026-10-09T23:36:10.9187940Z time=2026-10-09T23:30:58.115Z level=INFO msg="wisp: persistent log sink installed" dir=C:\Users\RUNNER~1\AppData\Local\Temp\TestTicket257R2AC1ReceiptOnlyFirstItemUnlocksThreeOfSeven143432641\001\logs min_level=info early_records=0 early_dropped=0
2026-10-09T23:36:10.9189800Z time=2026-10-09T23:30:58.131Z level=INFO msg="config: wrote merged change into config.toml (ticket 226: only the keys listed changed value, every other key keeps the value the file already held; the file is re-laid in canonical form, so comments and hand-chosen key order are not preserved)" key=llm.providers.deepseek.base_url wrote=[llm.providers.deepseek.base_url]
2026-10-09T23:36:10.9191947Z time=2026-10-09T23:30:58.133Z level=INFO msg="config: wrote merged change into config.toml (ticket 226: only the keys listed changed value, every other key keeps the value the file already held; the file is re-laid in canonical form, so comments and hand-chosen key order are not preserved)" key=llm.providers.deepseek.api_key_ref wrote=[llm.providers.deepseek.api_key_ref]
2026-10-09T23:36:10.9194233Z time=2026-10-09T23:30:58.136Z level=INFO msg="config: wrote merged change into config.toml (ticket 226: only the keys listed changed value, every other key keeps the value the file already held; the file is re-laid in canonical form, so comments and hand-chosen key order are not preserved)" key=llm.providers.deepseek.api_key_ref wrote=[llm.providers.deepseek.api_key_ref]
2026-10-09T23:36:10.9196575Z --- PASS: TestTicket257R2AC1ReceiptOnlyFirstItemUnlocksThreeOfSeven (0.02s)
2026-10-09T23:36:10.9197135Z === RUN   TestTicket257R2AC2ThreeRefusalsStayThreeSentences
2026-10-09T23:36:10.9198127Z time=2026-10-09T23:30:58.138Z level=INFO msg="wisp: persistent log sink installed" dir=C:\Users\RUNNER~1\AppData\Local\Temp\TestTicket257R2AC2ThreeRefusalsStayThreeSentences2723566637\001\logs min_level=info early_records=0 early_dropped=0
2026-10-09T23:36:10.9199563Z --- PASS: TestTicket257R2AC2ThreeRefusalsStayThreeSentences (0.01s)
2026-10-09T23:36:10.9200288Z === RUN   TestTicket257R2AC2EffectTimingSaysThreeProcessShapes
2026-10-09T23:36:10.9201855Z time=2026-10-09T23:30:58.151Z level=INFO msg="wisp: persistent log sink installed" dir=C:\Users\RUNNER~1\AppData\Local\Temp\TestTicket257R2AC2EffectTimingSaysThreeProcessShapes1037852012\001\logs min_level=info early_records=0 early_dropped=0
2026-10-09T23:36:10.9203434Z --- PASS: TestTicket257R2AC2EffectTimingSaysThreeProcessShapes (0.02s)
2026-10-09T23:36:10.9204242Z === RUN   TestTicket257R2AC3CredentialSurfaceUntouched
2026-10-09T23:36:10.9205772Z time=2026-10-09T23:30:58.166Z level=INFO msg="wisp: persistent log sink installed" dir=C:\Users\RUNNER~1\AppData\Local\Temp\TestTicket257R2AC3CredentialSurfaceUntouched2597610011\001\logs min_level=info early_records=0 early_dropped=0
2026-10-09T23:36:10.9208175Z --- PASS: TestTicket257R2AC3CredentialSurfaceUntouched (0.02s)
2026-10-09T23:36:10.9208864Z === RUN   TestTicket198AC3CreatedFileLandsPrivate
2026-10-09T23:36:10.9210289Z time=2026-10-09T23:30:58.183Z level=INFO msg="wisp: persistent log sink installed" dir=C:\Users\RUNNER~1\AppData\Local\Temp\TestTicket198AC3CreatedFileLandsPrivate1157079592\001\logs min_level=info early_records=0 early_dropped=0
2026-10-09T23:36:10.9211858Z     firstrun_acl_198_windows_test.go:35: AC#3 icacls(cfgPath) verbatim:
2026-10-09T23:36:10.9213203Z         C:\Users\RUNNER~1\AppData\Local\Temp\TestTicket198AC3CreatedFileLandsPrivate1157079592\001\config.toml NT AUTHORITY\SYSTEM:(F)
2026-10-09T23:36:10.9216536Z                                                                                                                BUILTIN\Administrators:(F)
2026-10-09T23:36:10.9219298Z                                                                                                                runnervmfi6oq\runneradmin:(F)
2026-10-09T23:36:10.9219947Z         
2026-10-09T23:36:10.9220567Z         Successfully processed 1 files; Failed processing 0 files
2026-10-09T23:36:10.9221229Z --- PASS: TestTicket198AC3CreatedFileLandsPrivate (0.03s)
2026-10-09T23:36:10.9221883Z === RUN   TestRunPacketCarriesTheLoadedInstructionFiles
2026-10-09T23:36:10.9222882Z time=2026-10-09T23:30:59.211Z level=WARN msg="goroutine outside the D38 roster (leak symptom)" goroutine=mockllm-stdout-reader owner=test
2026-10-09T23:36:10.9224858Z time=2026-10-09T23:30:59.225Z level=INFO msg="wisp: persistent log sink installed" dir=C:\Users\RUNNER~1\AppData\Local\Temp\TestRunPacketCarriesTheLoadedInstructionFiles835755335\002\logs min_level=info early_records=0 early_dropped=0
2026-10-09T23:36:10.9226673Z 2026/10/09 23:30:59 mockllm: serving on http://127.0.0.1:51133 (golden dir D:\a\wisp\wisp\internal\llm\testdata\golden)
2026-10-09T23:36:10.9228572Z time=2026-10-09T23:30:59.254Z level=INFO msg="pre-migration backup written" component=memory backup=C:\Users\RUNNER~1\AppData\Local\Temp\TestRunPacketCarriesTheLoadedInstructionFiles835755335\002\backup\wisp.db.bak-0-1 from=0 to=1
2026-10-09T23:36:10.9230190Z time=2026-10-09T23:30:59.269Z level=INFO msg="schema migration step applied" component=memory from=0 to=1 started_at=2026-10-09T23:30:59Z duration_ms=15
2026-10-09T23:36:10.9231633Z time=2026-10-09T23:30:59.299Z level=INFO msg="pre-migration backup written" component=memory backup=C:\Users\RUNNER~1\AppData\Local\Temp\TestRunPacketCarriesTheLoadedInstructionFiles835755335\002\backup\wisp.db.bak-1-2 from=1 to=2
2026-10-09T23:36:10.9232884Z time=2026-10-09T23:30:59.314Z level=INFO msg="schema migration step applied" component=memory from=1 to=2 started_at=2026-10-09T23:30:59Z duration_ms=14
2026-10-09T23:36:10.9233744Z time=2026-10-09T23:30:59.329Z level=INFO msg="schema migration complete" component=memory schema_version=2
2026-10-09T23:36:10.9234520Z time=2026-10-09T23:30:59.331Z level=INFO msg="startup WAL checkpoint (TRUNCATE) done" component=memory wal_pages_before=0 pages_moved=0
2026-10-09T23:36:10.9236867Z     instructions_200r2_test.go:167: the packet's instructions carry no entry for C:\Users\RUNNER~1\AppData\Local\Temp\TestRunPacketCarriesTheLoadedInstructionFiles835755335\002\instr-ws\AGENTS.md: [{Path:C:\Users\runneradmin\AppData\Local\Temp\TestRunPacketCarriesTheLoadedInstructionFiles835755335\002\instr-ws\AGENTS.md Tier:project Depth:0 Bytes:269 Source:fs.read}]
2026-10-09T23:36:10.9238529Z --- FAIL: TestRunPacketCarriesTheLoadedInstructionFiles (1.16s)
2026-10-09T23:36:10.9239094Z === RUN   TestRunPacketSaysOffAndSaysItDifferentlyThanNothingFound
2026-10-09T23:36:10.9239956Z time=2026-10-09T23:31:00.374Z level=WARN msg="goroutine outside the D38 roster (leak symptom)" goroutine=mockllm-stdout-reader owner=test
2026-10-09T23:36:10.9241216Z time=2026-10-09T23:31:00.389Z level=INFO msg="wisp: persistent log sink installed" dir=C:\Users\RUNNER~1\AppData\Local\Temp\TestRunPacketSaysOffAndSaysItDifferentlyThanNothingFound630134510\002\logs min_level=info early_records=0 early_dropped=0
2026-10-09T23:36:10.9243109Z 2026/10/09 23:31:00 mockllm: serving on http://127.0.0.1:51135 (golden dir D:\a\wisp\wisp\internal\llm\testdata\golden)
2026-10-09T23:36:10.9244299Z time=2026-10-09T23:31:00.438Z level=INFO msg="pre-migration backup written" component=memory backup=C:\Users\RUNNER~1\AppData\Local\Temp\TestRunPacketSaysOffAndSaysItDifferentlyThanNothingFound630134510\002\backup\wisp.db.bak-0-1 from=0 to=1
2026-10-09T23:36:10.9247056Z time=2026-10-09T23:31:00.447Z level=INFO msg="schema migration step applied" component=memory from=0 to=1 started_at=2026-10-09T23:31:00Z duration_ms=8
2026-10-09T23:36:10.9249351Z time=2026-10-09T23:31:00.521Z level=INFO msg="pre-migration backup written" component=memory backup=C:\Users\RUNNER~1\AppData\Local\Temp\TestRunPacketSaysOffAndSaysItDifferentlyThanNothingFound630134510\002\backup\wisp.db.bak-1-2 from=1 to=2
2026-10-09T23:36:10.9251427Z time=2026-10-09T23:31:00.531Z level=INFO msg="schema migration step applied" component=memory from=1 to=2 started_at=2026-10-09T23:31:00Z duration_ms=9
2026-10-09T23:36:10.9252702Z time=2026-10-09T23:31:00.568Z level=INFO msg="schema migration complete" component=memory schema_version=2
2026-10-09T23:36:10.9253909Z time=2026-10-09T23:31:00.570Z level=INFO msg="startup WAL checkpoint (TRUNCATE) done" component=memory wal_pages_before=0 pages_moved=0
2026-10-09T23:36:10.9255289Z time=2026-10-09T23:31:01.559Z level=WARN msg="goroutine outside the D38 roster (leak symptom)" goroutine=mockllm-stdout-reader owner=test
2026-10-09T23:36:10.9257065Z time=2026-10-09T23:31:01.574Z level=INFO msg="wisp: persistent log sink installed" dir=C:\Users\RUNNER~1\AppData\Local\Temp\TestRunPacketSaysOffAndSaysItDifferentlyThanNothingFound630134510\004\logs min_level=info early_records=0 early_dropped=0
2026-10-09T23:36:10.9258896Z 2026/10/09 23:31:01 mockllm: serving on http://127.0.0.1:51142 (golden dir D:\a\wisp\wisp\internal\llm\testdata\golden)
2026-10-09T23:36:10.9260790Z time=2026-10-09T23:31:01.603Z level=INFO msg="pre-migration backup written" component=memory backup=C:\Users\RUNNER~1\AppData\Local\Temp\TestRunPacketSaysOffAndSaysItDifferentlyThanNothingFound630134510\004\backup\wisp.db.bak-0-1 from=0 to=1
2026-10-09T23:36:10.9262760Z time=2026-10-09T23:31:01.610Z level=INFO msg="schema migration step applied" component=memory from=0 to=1 started_at=2026-10-09T23:31:01Z duration_ms=6
2026-10-09T23:36:10.9265075Z time=2026-10-09T23:31:01.643Z level=INFO msg="pre-migration backup written" component=memory backup=C:\Users\RUNNER~1\AppData\Local\Temp\TestRunPacketSaysOffAndSaysItDifferentlyThanNothingFound630134510\004\backup\wisp.db.bak-1-2 from=1 to=2
2026-10-09T23:36:10.9267546Z time=2026-10-09T23:31:01.653Z level=INFO msg="schema migration step applied" component=memory from=1 to=2 started_at=2026-10-09T23:31:01Z duration_ms=9
2026-10-09T23:36:10.9269058Z time=2026-10-09T23:31:01.669Z level=INFO msg="schema migration complete" component=memory schema_version=2
2026-10-09T23:36:10.9270259Z time=2026-10-09T23:31:01.671Z level=INFO msg="startup WAL checkpoint (TRUNCATE) done" component=memory wal_pages_before=0 pages_moved=0
2026-10-09T23:36:10.9273272Z     instructions_200r2_test.go:251: off packet section: status=off reason=已按你的配置跳过：agent.project_instructions_enabled=false，本轮一份项目说明都没有读（不是没找到，是被配置关掉的）。 files=[]
2026-10-09T23:36:10.9275813Z     instructions_200r2_test.go:252: on  packet section: status=loaded reason= files=[004/AGENTS.md tier=global depth=-1 bytes=274]
2026-10-09T23:36:10.9276984Z --- PASS: TestRunPacketSaysOffAndSaysItDifferentlyThanNothingFound (2.33s)
2026-10-09T23:36:10.9277719Z === RUN   TestAC1AC2DispatchHopGate133
2026-10-09T23:36:10.9278909Z     leg_dispatch_gate_133_test.go:242: dispatch ledger, read out of func main's own branches at run time (12 legs, 4 claims in this gate's registry):
2026-10-09T23:36:10.9280800Z           leg default        main.go:127              installs=false handoff=false covered=ruling main.go:83                                              entries=attachParentConsole aliases=
2026-10-09T23:36:10.9284079Z           leg doctor         main.go:95               installs=false handoff=false covered=test TestAC2EveryLegRefusesTheSameShapeAndWritesNothing128 drives cmdDoctor entries=attachParentConsole|cmdDoctor aliases=
2026-10-09T23:36:10.9286351Z           leg help           main.go:124              installs=false handoff=false covered=ruling main.go:79                                              entries=attachParentConsole aliases=--help|-h
2026-10-09T23:36:10.9288846Z           leg models         main.go:102              installs=true  handoff=true  covered=nail TestAC2ModelsLegBooksItsHandOffVerdictOnDisk -> cmdModels entries=attachParentConsole|cmdModels aliases=
2026-10-09T23:36:10.9291327Z           leg no-args        main.go:60               installs=true  handoff=false covered=nail TestAC1ResidentLegInstallsItsLogListenerOnDisk -> runResident entries=attachParentConsole|runResident aliases=
2026-10-09T23:36:10.9293830Z           leg panel-assets   main.go:112              installs=false handoff=false covered=test TestAC1AC2TaintSourceLegProducesAJudgedR4 drives cmdPanelAssets entries=attachParentConsole|cmdPanelAssets aliases=
2026-10-09T23:36:10.9296439Z           leg panel-inbound  main.go:115              installs=false handoff=false covered=test TestAC1InboundLegAnswersSettingsRouteEndToEnd drives cmdPanelInbound entries=attachParentConsole|cmdPanelInbound aliases=
2026-10-09T23:36:10.9299177Z           leg providers      main.go:92               installs=false handoff=false covered=test TestAC2EveryLegRefusesTheSameShapeAndWritesNothing128 drives cmdProviders entries=attachParentConsole|cmdProviders aliases=
2026-10-09T23:36:10.9301432Z           leg run            main.go:89               installs=true  handoff=false covered=nail TestAC2SealNoticeLandsInTheRunLegLogFile -> runTextTask   entries=attachParentConsole|cmdRun aliases=
2026-10-09T23:36:10.9302641Z           leg secret         main.go:100              installs=true  handoff=false covered=nail TestAC3SecretLegBooksItsAuditRecordsOnDisk -> cmdSecret   entries=cmdSecret aliases=
2026-10-09T23:36:10.9303976Z           leg slo            main.go:110              installs=false handoff=false covered=test TestSLO144CorruptReportIsJudgedOnTheFirstRead drives contradictSubjectReportErr entries=cmdSLO aliases=
2026-10-09T23:36:10.9305906Z           leg version        main.go:121              installs=false handoff=false covered=ruling main.go:74                                              entries=attachParentConsole|printVersions aliases=--version|-v
2026-10-09T23:36:10.9309993Z     leg_dispatch_gate_133_test.go:244: blindness disclosure: run-roster disclosure: GOOS=windows, 238 startable cases read from this binary itself (`-test.list '.*'`); case names this round's ledger credited through `covered=test`: 4 distinct, 4 of them startable (one outside the roster is red above); this gate's registry: 4 claims, 0 of them outside this round's roster - every registry claim this gate makes is a case this round's binary can start. This round is a whole-package round (no -test.run filter), so the roster is the set this run's === RUN lines are drawn from.
2026-10-09T23:36:10.9310411Z --- PASS: TestAC1AC2DispatchHopGate133 (0.13s)
2026-10-09T23:36:10.9310628Z === RUN   TestAC4EveryLegIsNailedOrRuled
2026-10-09T23:36:10.9311224Z     leg_sink_gate_131_test.go:328: nail entry claims, checked against the dispatch closure:
2026-10-09T23:36:10.9313276Z           nail "TestAC1ResidentLegInstallsItsLogListenerOnDisk" -> leg "no-args", entry "runResident": declared with the "subprocess:" prefix, so this row is a name-only claim about a real process and NOT evidence that anybody asserts "no-args"'s semantics in-process.
2026-10-09T23:36:10.9314198Z           nail "TestAC2ModelsLegBooksItsHandOffVerdictOnDisk" -> leg "models", entry "cmdModels": checked, the case calls the entry this leg's dispatch reaches
2026-10-09T23:36:10.9315005Z           nail "TestAC2SealNoticeLandsInTheRunLegLogFile" -> leg "run", entry "runTextTask": checked, the case calls the entry this leg's dispatch reaches
2026-10-09T23:36:10.9315912Z           nail "TestAC3SecretLegBooksItsAuditRecordsOnDisk" -> leg "secret", entry "cmdSecret": checked, the case calls the entry this leg's dispatch reaches
2026-10-09T23:36:10.9316238Z     leg_sink_gate_131_test.go:407: leg ledger, enumerated from source at run time:
2026-10-09T23:36:10.9316871Z           leg --help       main.go:124                install=false records=false ruled=false nails=-                                                          -> no records
2026-10-09T23:36:10.9317529Z           leg --version    main.go:121                install=false records=false ruled=false nails=-                                                          -> no records
2026-10-09T23:36:10.9318158Z           leg -h           main.go:124                install=false records=false ruled=false nails=-                                                          -> no records
2026-10-09T23:36:10.9318749Z           leg -v           main.go:121                install=false records=false ruled=false nails=-                                                          -> no records
2026-10-09T23:36:10.9319392Z           leg default      main.go:127                install=false records=false ruled=false nails=-                                                          -> no records
2026-10-09T23:36:10.9320181Z           leg doctor       main.go:95                 install=false records=false ruled=false nails=-                                                          -> no records
2026-10-09T23:36:10.9321036Z           leg help         main.go:124                install=false records=false ruled=false nails=-                                                          -> no records
2026-10-09T23:36:10.9322060Z           leg models       main.go:102                install=true  records=true  ruled=false nails=TestAC2ModelsLegBooksItsHandOffVerdictOnDisk               -> nailed
2026-10-09T23:36:10.9323112Z           leg no-args      main.go:60                 install=true  records=true  ruled=false nails=TestAC1ResidentLegInstallsItsLogListenerOnDisk             -> nailed
2026-10-09T23:36:10.9324135Z           leg panel-assets main.go:112                install=false records=false ruled=false nails=-                                                          -> no records
2026-10-09T23:36:10.9325876Z           leg panel-inbound main.go:115                install=false records=false ruled=false nails=-                                                          -> no records
2026-10-09T23:36:10.9326974Z           leg providers    main.go:92                 install=false records=false ruled=false nails=-                                                          -> no records
2026-10-09T23:36:10.9327814Z           leg run          main.go:89                 install=true  records=true  ruled=false nails=TestAC2SealNoticeLandsInTheRunLegLogFile                   -> nailed
2026-10-09T23:36:10.9328907Z           leg secret       main.go:100                install=true  records=true  ruled=false nails=TestAC3SecretLegBooksItsAuditRecordsOnDisk                 -> nailed
2026-10-09T23:36:10.9329867Z           leg slo          main.go:110                install=false records=true  ruled=true  nails=-                                                          -> ruled
2026-10-09T23:36:10.9330861Z           leg version      main.go:121                install=false records=false ruled=false nails=-                                                          -> no records
2026-10-09T23:36:10.9331092Z --- PASS: TestAC4EveryLegIsNailedOrRuled (0.07s)
2026-10-09T23:36:10.9331380Z === RUN   TestAC2ModelsLegBooksItsHandOffVerdictOnDisk
2026-10-09T23:36:10.9332808Z     leg_sink_nail_131_windows_test.go:358: leg sink C:\Users\RUNNER~1\AppData\Local\Temp\TestAC2ModelsLegBooksItsHandOffVerdictOnDisk2774027990\001\logs: 2 record(s) [INFO/wisp: persistent log sink installed INFO/models: hand-off REFUSED id=absent-in-signed-manifest-131 state=Error err=model: model id "absent-in-signed-manifest-131" not in signed manifest]
2026-10-09T23:36:10.9334203Z     leg_sink_nail_131_windows_test.go:396: MODELS LEG RECORDED ON DISK: "models: hand-off REFUSED id=absent-in-signed-manifest-131 state=Error err=model: model id \"absent-in-signed-manifest-131\" not in signed manifest" (install dir=C:\Users\RUNNER~1\AppData\Local\Temp\TestAC2ModelsLegBooksItsHandOffVerdictOnDisk2774027990\001\logs, exit=1)
2026-10-09T23:36:10.9334423Z --- PASS: TestAC2ModelsLegBooksItsHandOffVerdictOnDisk (0.01s)
2026-10-09T23:36:10.9334623Z === RUN   TestAC3SecretLegBooksItsAuditRecordsOnDisk
2026-10-09T23:36:10.9335814Z     leg_sink_nail_131_windows_test.go:427: leg sink C:\Users\RUNNER~1\AppData\Local\Temp\TestAC3SecretLegBooksItsAuditRecordsOnDisk2116479030\001\logs: 2 record(s) [INFO/wisp: persistent log sink installed INFO/wisp secret: stored dpapi blob]
2026-10-09T23:36:10.9337815Z     leg_sink_nail_131_windows_test.go:459: leg sink C:\Users\RUNNER~1\AppData\Local\Temp\TestAC3SecretLegBooksItsAuditRecordsOnDisk2116479030\001\logs: 4 record(s) [INFO/wisp: persistent log sink installed INFO/wisp secret: stored dpapi blob INFO/wisp: persistent log sink installed WARN/wisp secret unset: deleted dpapi:nail131 (WISP_ENV=test, portable=false, forced=true, referenced_fields=1) fields=llm.providers.acme.api_key_ref]
2026-10-09T23:36:10.9339435Z     leg_sink_nail_131_windows_test.go:479: SECRET LEG RECORDED ON DISK: "wisp secret: stored dpapi blob" and "wisp secret unset: deleted dpapi:nail131 (WISP_ENV=test, portable=false, forced=true, referenced_fields=1) fields=llm.providers.acme.api_key_ref" (install dir=C:\Users\RUNNER~1\AppData\Local\Temp\TestAC3SecretLegBooksItsAuditRecordsOnDisk2116479030\001\logs)
2026-10-09T23:36:10.9339673Z --- PASS: TestAC3SecretLegBooksItsAuditRecordsOnDisk (0.02s)
2026-10-09T23:36:10.9339887Z === RUN   TestAC2AC3DegradedLegsStillDeliverTheirVerdict
2026-10-09T23:36:10.9340085Z === RUN   TestAC2AC3DegradedLegsStillDeliverTheirVerdict/models
2026-10-09T23:36:10.9340315Z === RUN   TestAC2AC3DegradedLegsStillDeliverTheirVerdict/secret
2026-10-09T23:36:10.9340767Z time=2026-10-09T23:31:01.939Z level=INFO msg="wisp secret: stored dpapi blob" ref=dpapi:nail131-degraded env=test portable=false overwrote=false
2026-10-09T23:36:10.9340977Z --- PASS: TestAC2AC3DegradedLegsStillDeliverTheirVerdict (0.01s)
2026-10-09T23:36:10.9341285Z     --- PASS: TestAC2AC3DegradedLegsStillDeliverTheirVerdict/models (0.00s)
2026-10-09T23:36:10.9342111Z     --- PASS: TestAC2AC3DegradedLegsStillDeliverTheirVerdict/secret (0.01s)
2026-10-09T23:36:10.9342359Z === RUN   TestAC3LogSinkLandsInsideTheEnvDataRoot
2026-10-09T23:36:10.9342676Z --- PASS: TestAC3LogSinkLandsInsideTheEnvDataRoot (0.00s)
2026-10-09T23:36:10.9342927Z === RUN   TestAC3EmptyDataRootIsARefusalNotAFallback
2026-10-09T23:36:10.9343272Z --- PASS: TestAC3EmptyDataRootIsARefusalNotAFallback (0.00s)
2026-10-09T23:36:10.9343643Z === RUN   TestAC3InstallingTheFileSinkDoesNotSilenceTheConsole
2026-10-09T23:36:10.9344026Z --- PASS: TestAC3InstallingTheFileSinkDoesNotSilenceTheConsole (0.01s)
2026-10-09T23:36:10.9344327Z === RUN   TestAC2SealNoticeLandsInTheRunLegLogFile
2026-10-09T23:36:10.9345623Z time=2026-10-09T23:31:01.977Z level=INFO msg="wisp: persistent log sink installed" dir=C:\Users\RUNNER~1\AppData\Local\Temp\TestAC2SealNoticeLandsInTheRunLegLogFile1883260692\001\logs min_level=info early_records=0 early_dropped=0
2026-10-09T23:36:10.9347870Z time=2026-10-09T23:31:01.978Z level=WARN msg="winsec: seal cleared principals that stood on this object" path=C:\Users\runneradmin\AppData\Local\Temp\TestAC2SealNoticeLandsInTheRunLegLogFile1883260692\001\secrets kind=explicit cleared=S-1-1-0(A;OICI;0x1200a9;;;WD) cleared_inherited="" policy="winsec owns the grants on this tree; out-of-band ACEs are removed at the next seal"
2026-10-09T23:36:10.9348977Z     logsink_windows_test.go:167: sink dir C:\Users\RUNNER~1\AppData\Local\Temp\TestAC2SealNoticeLandsInTheRunLegLogFile1883260692\001\logs: 1 file(s), 683 bytes, 2 record(s)
2026-10-09T23:36:10.9350967Z     logsink_windows_test.go:196: RECORDED ON DISK: level=WARN msg=winsec: seal cleared principals that stood on this object path=C:\Users\runneradmin\AppData\Local\Temp\TestAC2SealNoticeLandsInTheRunLegLogFile1883260692\001\secrets kind=explicit cleared="S-1-1-0(A;OICI;0x1200a9;;;WD)"
2026-10-09T23:36:10.9351325Z --- PASS: TestAC2SealNoticeLandsInTheRunLegLogFile (0.05s)
2026-10-09T23:36:10.9351594Z === RUN   TestAC2AuditTrailLandsInTheRunLegLogFile
2026-10-09T23:36:10.9352341Z time=2026-10-09T23:31:02.966Z level=WARN msg="goroutine outside the D38 roster (leak symptom)" goroutine=mockllm-stdout-reader owner=test
2026-10-09T23:36:10.9353652Z time=2026-10-09T23:31:02.981Z level=INFO msg="wisp: persistent log sink installed" dir=C:\Users\RUNNER~1\AppData\Local\Temp\TestAC2AuditTrailLandsInTheRunLegLogFile2263059164\002\logs min_level=info early_records=0 early_dropped=0
2026-10-09T23:36:10.9354237Z 2026/10/09 23:31:02 mockllm: serving on http://127.0.0.1:51144 (golden dir D:\a\wisp\wisp\internal\llm\testdata\golden)
2026-10-09T23:36:10.9355564Z time=2026-10-09T23:31:03.008Z level=INFO msg="pre-migration backup written" component=memory backup=C:\Users\RUNNER~1\AppData\Local\Temp\TestAC2AuditTrailLandsInTheRunLegLogFile2263059164\002\backup\wisp.db.bak-0-1 from=0 to=1
2026-10-09T23:36:10.9356329Z time=2026-10-09T23:31:03.015Z level=INFO msg="schema migration step applied" component=memory from=0 to=1 started_at=2026-10-09T23:31:03Z duration_ms=7
2026-10-09T23:36:10.9357312Z time=2026-10-09T23:31:03.037Z level=INFO msg="pre-migration backup written" component=memory backup=C:\Users\RUNNER~1\AppData\Local\Temp\TestAC2AuditTrailLandsInTheRunLegLogFile2263059164\002\backup\wisp.db.bak-1-2 from=1 to=2
2026-10-09T23:36:10.9357746Z time=2026-10-09T23:31:03.047Z level=INFO msg="schema migration step applied" component=memory from=1 to=2 started_at=2026-10-09T23:31:03Z duration_ms=9
2026-10-09T23:36:10.9358090Z time=2026-10-09T23:31:03.065Z level=INFO msg="schema migration complete" component=memory schema_version=2
2026-10-09T23:36:10.9358527Z time=2026-10-09T23:31:03.066Z level=INFO msg="startup WAL checkpoint (TRUNCATE) done" component=memory wal_pages_before=0 pages_moved=0
2026-10-09T23:36:10.9359181Z     logsink_windows_test.go:274: sink dir C:\Users\RUNNER~1\AppData\Local\Temp\TestAC2AuditTrailLandsInTheRunLegLogFile2263059164\002\logs: 1 file(s), 4279 bytes, 19 record(s)
2026-10-09T23:36:10.9359887Z --- PASS: TestAC2AuditTrailLandsInTheRunLegLogFile (1.10s)
2026-10-09T23:36:10.9360154Z === RUN   TestAC2RunLegInstallsTheSinkBeforeItsFirstSealingSite
2026-10-09T23:36:10.9360911Z time=2026-10-09T23:31:03.119Z level=INFO msg="wisp: persistent log sink installed" dir=C:\Users\RUNNER~1\AppData\Local\Temp\TestAC2RunLegInstallsTheSinkBeforeItsFirstSealingSite2238351880\001\logs min_level=info early_records=0 early_dropped=0
2026-10-09T23:36:10.9362159Z time=2026-10-09T23:31:03.121Z level=WARN msg="winsec: seal cleared principals that stood on this object" path=C:\Users\runneradmin\AppData\Local\Temp\TestAC2RunLegInstallsTheSinkBeforeItsFirstSealingSite2238351880\001\secrets kind=explicit cleared=S-1-1-0(A;OICI;0x1200a9;;;WD) cleared_inherited="" policy="winsec owns the grants on this tree; out-of-band ACEs are removed at the next seal"
2026-10-09T23:36:10.9362922Z     logsink_windows_test.go:326: sink dir C:\Users\RUNNER~1\AppData\Local\Temp\TestAC2RunLegInstallsTheSinkBeforeItsFirstSealingSite2238351880\001\logs: 1 file(s), 710 bytes, 2 record(s)
2026-10-09T23:36:10.9363202Z --- PASS: TestAC2RunLegInstallsTheSinkBeforeItsFirstSealingSite (0.02s)
2026-10-09T23:36:10.9363369Z === RUN   TestAC1AC2TaintSourceLegProducesAJudgedR4
2026-10-09T23:36:10.9363594Z --- PASS: TestAC1AC2TaintSourceLegProducesAJudgedR4 (0.00s)
2026-10-09T23:36:10.9363809Z === RUN   TestAC2TaintFlagDoesNotLeakIntoTheDefaultCard
2026-10-09T23:36:10.9364021Z --- PASS: TestAC2TaintFlagDoesNotLeakIntoTheDefaultCard (0.00s)
2026-10-09T23:36:10.9364249Z === RUN   TestAC3TaintSourceThatTheCallDoesNotCarryIsNotAHit
2026-10-09T23:36:10.9364672Z === RUN   TestAC3TaintSourceThatTheCallDoesNotCarryIsNotAHit/declared_but_absent_from_the_outgoing_call
2026-10-09T23:36:10.9365060Z === RUN   TestAC3TaintSourceThatTheCallDoesNotCarryIsNotAHit/fragment_below_the_contract_floor_cannot_match
2026-10-09T23:36:10.9365323Z --- PASS: TestAC3TaintSourceThatTheCallDoesNotCarryIsNotAHit (0.00s)
2026-10-09T23:36:10.9365771Z     --- PASS: TestAC3TaintSourceThatTheCallDoesNotCarryIsNotAHit/declared_but_absent_from_the_outgoing_call (0.00s)
2026-10-09T23:36:10.9366259Z     --- PASS: TestAC3TaintSourceThatTheCallDoesNotCarryIsNotAHit/fragment_below_the_contract_floor_cannot_match (0.00s)
2026-10-09T23:36:10.9366851Z === RUN   TestAC2TaintSourceIsVisibleInTheUsageBlock
2026-10-09T23:36:10.9367060Z --- PASS: TestAC2TaintSourceIsVisibleInTheUsageBlock (0.00s)
2026-10-09T23:36:10.9367251Z === RUN   TestAC1MalformedTaintSourceIsRefused
2026-10-09T23:36:10.9367472Z === RUN   TestAC1MalformedTaintSourceIsRefused/no_separators
2026-10-09T23:36:10.9367657Z === RUN   TestAC1MalformedTaintSourceIsRefused/two_parts
2026-10-09T23:36:10.9367871Z === RUN   TestAC1MalformedTaintSourceIsRefused/empty_tool
2026-10-09T23:36:10.9368085Z === RUN   TestAC1MalformedTaintSourceIsRefused/empty_content
2026-10-09T23:36:10.9368269Z --- PASS: TestAC1MalformedTaintSourceIsRefused (0.02s)
2026-10-09T23:36:10.9368562Z     --- PASS: TestAC1MalformedTaintSourceIsRefused/no_separators (0.01s)
2026-10-09T23:36:10.9368838Z     --- PASS: TestAC1MalformedTaintSourceIsRefused/two_parts (0.01s)
2026-10-09T23:36:10.9369086Z     --- PASS: TestAC1MalformedTaintSourceIsRefused/empty_tool (0.00s)
2026-10-09T23:36:10.9369372Z     --- PASS: TestAC1MalformedTaintSourceIsRefused/empty_content (0.00s)
2026-10-09T23:36:10.9369558Z === RUN   TestAC1CmdSideEmitsNoVerdictTokens
2026-10-09T23:36:10.9369717Z --- PASS: TestAC1CmdSideEmitsNoVerdictTokens (0.00s)
2026-10-09T23:36:10.9369915Z === RUN   TestAC2CredentialSentinelAppearsInNoArtifact
2026-10-09T23:36:10.9370155Z --- PASS: TestAC2CredentialSentinelAppearsInNoArtifact (0.01s)
2026-10-09T23:36:10.9370335Z === RUN   TestAC2LeakRulerFiresWhenTheCanaryIsReallyThere
2026-10-09T23:36:10.9370579Z --- PASS: TestAC2LeakRulerFiresWhenTheCanaryIsReallyThere (0.01s)
2026-10-09T23:36:10.9370792Z === RUN   TestAC3CredentialLivesInOneStoreAndConfigKeepsOnlyARef
2026-10-09T23:36:10.9372047Z time=2026-10-09T23:31:03.189Z level=INFO msg="config: wrote merged change into config.toml (ticket 226: only the keys listed changed value, every other key keeps the value the file already held; the file is re-laid in canonical form, so comments and hand-chosen key order are not preserved)" key=llm.providers.deepseek.api_key_ref wrote=[llm.providers.deepseek.api_key_ref]
2026-10-09T23:36:10.9372650Z --- PASS: TestAC3CredentialLivesInOneStoreAndConfigKeepsOnlyARef (0.01s)
2026-10-09T23:36:10.9372904Z === RUN   TestAC2SharedEnvelopeCannotCarryTheCredentialValue
2026-10-09T23:36:10.9373136Z --- PASS: TestAC2SharedEnvelopeCannotCarryTheCredentialValue (0.00s)
2026-10-09T23:36:10.9373384Z === RUN   TestAC1SettingsKeysAreTheOnlyNewOnesOnTheSharedEnvelope
2026-10-09T23:36:10.9373661Z --- PASS: TestAC1SettingsKeysAreTheOnlyNewOnesOnTheSharedEnvelope (0.00s)
2026-10-09T23:36:10.9373841Z === RUN   TestAC1InboundLegAnswersSettingsRouteEndToEnd
2026-10-09T23:36:10.9375131Z time=2026-10-09T23:31:03.199Z level=INFO msg="config: wrote merged change into config.toml (ticket 226: only the keys listed changed value, every other key keeps the value the file already held; the file is re-laid in canonical form, so comments and hand-chosen key order are not preserved)" key=llm.providers.deepseek.models.deepseek-chat.context_window wrote=[llm.providers.deepseek.models.deepseek-chat.context_window]
2026-10-09T23:36:10.9375367Z --- PASS: TestAC1InboundLegAnswersSettingsRouteEndToEnd (0.01s)
2026-10-09T23:36:10.9375581Z === RUN   TestAC1OtherDoorsStillRefuseByNameAfterTheSettingsSocket
2026-10-09T23:36:10.9375861Z --- PASS: TestAC1OtherDoorsStillRefuseByNameAfterTheSettingsSocket (0.07s)
2026-10-09T23:36:10.9376167Z === RUN   TestAC7InvalidSettingsValueIsRefusedBeforeTheFile
2026-10-09T23:36:10.9376387Z --- PASS: TestAC7InvalidSettingsValueIsRefusedBeforeTheFile (0.01s)
2026-10-09T23:36:10.9376612Z === RUN   TestAC2SnapshotReportsRefWithoutBlobAsAPartState
2026-10-09T23:36:10.9377722Z time=2026-10-09T23:31:03.282Z level=INFO msg="config: wrote merged change into config.toml (ticket 226: only the keys listed changed value, every other key keeps the value the file already held; the file is re-laid in canonical form, so comments and hand-chosen key order are not preserved)" key=llm.providers.deepseek.api_key_ref wrote=[llm.providers.deepseek.api_key_ref]
2026-10-09T23:36:10.9377943Z --- PASS: TestAC2SnapshotReportsRefWithoutBlobAsAPartState (0.01s)
2026-10-09T23:36:10.9378155Z === RUN   TestTicket255WindowOptionsFollowTheConfigSource
2026-10-09T23:36:10.9378611Z === RUN   TestTicket255WindowOptionsFollowTheConfigSource/no_source_at_all_keeps_the_host's_own_constants
2026-10-09T23:36:10.9378919Z === RUN   TestTicket255WindowOptionsFollowTheConfigSource/a_config_width_and_height_both_arrive
2026-10-09T23:36:10.9379594Z === RUN   TestTicket255WindowOptionsFollowTheConfigSource/height_0_is_NOT_auto-height:_the_ruling_is_260,_and_schema.go's_PanelSection.Height_carries_no_default_tag_so_0_is_what_a_config_saying_nothing_answers
2026-10-09T23:36:10.9379978Z === RUN   TestTicket255WindowOptionsFollowTheConfigSource/width_0_falls_back_to_the_host_constant,_not_to_a_guess
2026-10-09T23:36:10.9380381Z === RUN   TestTicket255WindowOptionsFollowTheConfigSource/a_negative_answer_is_garbage,_and_garbage_is_not_a_second_spelling_of_auto
2026-10-09T23:36:10.9380629Z --- PASS: TestTicket255WindowOptionsFollowTheConfigSource (0.00s)
2026-10-09T23:36:10.9381094Z     --- PASS: TestTicket255WindowOptionsFollowTheConfigSource/no_source_at_all_keeps_the_host's_own_constants (0.00s)
2026-10-09T23:36:10.9381475Z     --- PASS: TestTicket255WindowOptionsFollowTheConfigSource/a_config_width_and_height_both_arrive (0.00s)
2026-10-09T23:36:10.9382342Z     --- PASS: TestTicket255WindowOptionsFollowTheConfigSource/height_0_is_NOT_auto-height:_the_ruling_is_260,_and_schema.go's_PanelSection.Height_carries_no_default_tag_so_0_is_what_a_config_saying_nothing_answers (0.00s)
2026-10-09T23:36:10.9383009Z     --- PASS: TestTicket255WindowOptionsFollowTheConfigSource/width_0_falls_back_to_the_host_constant,_not_to_a_guess (0.00s)
2026-10-09T23:36:10.9383884Z     --- PASS: TestTicket255WindowOptionsFollowTheConfigSource/a_negative_answer_is_garbage,_and_garbage_is_not_a_second_spelling_of_auto (0.00s)
2026-10-09T23:36:10.9384284Z === RUN   TestTicket255AssemblyRootGeometrySourceReachesTheWindowOptions
2026-10-09T23:36:10.9389566Z time=2026-10-09T23:31:03.285Z level=WARN msg="panel host: [panel] geometry source unreadable, sizing at the host's own default" path=C:\Users\RUNNER~1\AppData\Local\Temp\TestTicket255AssemblyRootGeometrySourceReachesTheWindowOptions2911632256\001\no-such-dir\config.toml err="config: config.toml read: no file at this path yet。第 1 种拒因：文件没建：这一页与这条链都不新建 config.toml。在控制台运行一次 wisp run，第一次启动会写出全默认的首份配置（它不替你选任何模型，也不替你建任何服务商行）: open C:\\Users\\RUNNER~1\\AppData\\Local\\Temp\\TestTicket255AssemblyRootGeometrySourceReachesTheWindowOptions2911632256\\001\\no-such-dir\\config.toml: The system cannot find the path specified." default=420x260
2026-10-09T23:36:10.9390123Z --- PASS: TestTicket255AssemblyRootGeometrySourceReachesTheWindowOptions (0.00s)
2026-10-09T23:36:10.9390376Z === RUN   TestTicket255PanelHostBuildsItsWindowOptions
2026-10-09T23:36:10.9390738Z --- PASS: TestTicket255PanelHostBuildsItsWindowOptions (0.00s)
2026-10-09T23:36:10.9391032Z === RUN   TestTicket255HostStillDoesNotParseConfigItself
2026-10-09T23:36:10.9391328Z --- PASS: TestTicket255HostStillDoesNotParseConfigItself (0.00s)
2026-10-09T23:36:10.9391641Z === RUN   TestTicket255PanelRosterVerdictIsTheHonestShape
2026-10-09T23:36:10.9392026Z --- PASS: TestTicket255PanelRosterVerdictIsTheHonestShape (0.00s)
2026-10-09T23:36:10.9392509Z === RUN   TestPanelHostOpensNoListeningSocketL1
2026-10-09T23:36:10.9392831Z --- PASS: TestPanelHostOpensNoListeningSocketL1 (0.00s)
2026-10-09T23:36:10.9393203Z === RUN   TestPanelBundleShapeSeparatesAnchorFromRealPage_AC12
2026-10-09T23:36:10.9396259Z     panel_host_gate_test.go:109: AC#12 reading (head cc31526): shape=anchor-only built=false entry-bytes=0 entry-ctype="" entry-err=panel: embedded assets are not built (run npm run build in frontend/) refs=0 check-err=panel: embedded assets are not built (run npm run build in frontend/) manifest-entries=0 manifest-err=panel: embedded assets are not built (run npm run build in frontend/) | git-metadata=true tracked=1 tracked-beyond-anchor=0 tracked-has-entry=false ignored-or-untracked=0
2026-10-09T23:36:10.9396712Z --- PASS: TestPanelBundleShapeSeparatesAnchorFromRealPage_AC12 (0.08s)
2026-10-09T23:36:10.9397019Z === RUN   TestAC1SessionDisposeHasAProductionTrigger_AC1
2026-10-09T23:36:10.9399635Z     panel_host_gate_test.go:179: AC#1 dispose scan: 2 production constructor(s) [panel_resident_windows.go:253 resident_windows.go:151] | 2 manager-teardown site(s) [panel_resident_windows.go:447 panel_resident_windows.go:501] | 2 other .Destroy() call site(s), WebView2 control teardown and NOT a session dispose [panel_host_windows.go:410 panel_host_windows.go:624]
2026-10-09T23:36:10.9400990Z     panel_host_gate_test.go:188: AC#1 dispose reachability: 2 production constructor(s) [panel_resident_windows.go:253, resident_windows.go:151], 2 manager teardown site(s) [panel_resident_windows.go:447, panel_resident_windows.go:501]
2026-10-09T23:36:10.9401339Z --- PASS: TestAC1SessionDisposeHasAProductionTrigger_AC1 (0.01s)
2026-10-09T23:36:10.9401553Z === RUN   TestCleanCheckoutBuilds_AC11
2026-10-09T23:36:10.9402344Z     panel_host_gate_test.go:414: clean-checkout go build ./... ok in C:\Users\RUNNER~1\AppData\Local\Temp\TestCleanCheckoutBuilds_AC112390961656\001
2026-10-09T23:36:10.9402602Z --- PASS: TestCleanCheckoutBuilds_AC11 (22.79s)
2026-10-09T23:36:10.9402875Z === RUN   TestPanelHostRealWindowHopAndLifecycle
2026-10-09T23:36:10.9403529Z     panel_host_windows_test.go:660: cold bring-up measured on this box: 2889.236 ms (HEAD cc31526 at read time, 2026-10-09T23:31:29Z)
2026-10-09T23:36:10.9404028Z     panel_host_windows_test.go:665: cold bring-up 2889.2 ms exceeds D32 panel cold budget 1500 ms
2026-10-09T23:36:10.9405956Z     panel_host_windows_test.go:713: AC#1 pre-hide tree settle: reading held after 1 extra sample(s) at our tree webview=7 (machine-wide 7)
2026-10-09T23:36:10.9406642Z     panel_host_windows_test.go:749: AC#1 re-show tree settle: reading held after 1 extra sample(s) at our tree webview=7 (machine-wide 7)
2026-10-09T23:36:10.9408050Z     panel_host_windows_test.go:779: AC#1 denominators (head cc31526): our tree webview=7 direct-children=1 tree-pids=7 | browser hosts pre=[8040] mine=[8040] post=[8040] added=[] mine-died=[] | machine-wide msedgewebview2=7 | same HWND 0xc014c across hide->re-show=true
2026-10-09T23:36:10.9408520Z     panel_host_windows_test.go:787: hot re-show measured on this box: 32.735 ms
2026-10-09T23:36:10.9409357Z     panel_host_windows_test.go:814: AC#3 listening-socket ruler (head cc31526): IPv4 rows=39 LISTEN-owned-by-tree=0 ; IPv6 rows=21 LISTEN-owned-by-tree=0 err=<nil>
2026-10-09T23:36:10.9411460Z     panel_host_windows_test.go:840: AC#1 after Destroy (head cc31526), ONE sample and no timing claim: our tree webview baseline 0 -> now 7, machine-wide 0 -> 7. The bounded 'children exit within 2s' clause moved to the winlive tier by 33-r5 (orchestrator ruling 10-01 12:22, form B) - see panel_host_windows_live_test.go and the cost named there: winlive has no CI job
2026-10-09T23:36:10.9411782Z --- FAIL: TestPanelHostRealWindowHopAndLifecycle (3.01s)
2026-10-09T23:36:10.9412009Z === RUN   TestAC4FocusReturnToPriorWindowGap33r5
2026-10-09T23:36:10.9413970Z     panel_host_windows_test.go:944: AC#4 focus hop (head cc31526): foreground before any panel 0xc014c | the ruler's own editor window 0x501d4 | foreground while hidden (prior) 0x501d4 | after Show 0x60016 | panel hwnd 0x60016 | prevFocus recorded at Show 0x501d4 | after Hide 0x501d4 | Hide attempted restore to 0x501d4 (SetForegroundWindow 1, SetFocus 328148)
2026-10-09T23:36:10.9414506Z --- PASS: TestAC4FocusReturnToPriorWindowGap33r5 (0.34s)
2026-10-09T23:36:10.9414786Z === RUN   TestPanelHostLatencyPercentilesAC2
2026-10-09T23:36:10.9415354Z     panel_host_windows_test.go:987: AC#2 appendix (head cc31526, n=1, same-process consecutive runs):
2026-10-09T23:36:10.9415938Z     panel_host_windows_test.go:993:   sample  1: cold=2889.236 ms hot=32.735 ms at 2026-10-09T23:31:29Z
2026-10-09T23:36:10.9416868Z     panel_host_windows_test.go:999: AC#2 percentiles over 1 runs (nearest-rank): cold P50=2889.236 P95=2889.236 (budget 1500) | hot P50=32.735 P95=32.735 (budget 200)
2026-10-09T23:36:10.9417431Z     panel_host_windows_test.go:1003: AC#2 P11 line (cold > 2000 ms) - max cold observed over these runs: 2889.236 ms
2026-10-09T23:36:10.9418381Z     panel_host_windows_test.go:1005: cold P95 2889.236 ms over 1 runs exceeds the D32 panel cold budget 1500 ms (the single-run assertion is not the only gate: the tail is what AC#2 asks for)
2026-10-09T23:36:10.9418632Z --- FAIL: TestPanelHostLatencyPercentilesAC2 (0.00s)
2026-10-09T23:36:10.9418818Z === RUN   TestAC3ListeningSocketRulerSeesItsOwnListener
2026-10-09T23:36:10.9419341Z     panel_host_windows_test.go:1054: AC#3 positive control: IPv4 table rows=39, this pid owned 0 before / 1 while 127.0.0.1:49171 is listening
2026-10-09T23:36:10.9420106Z     panel_host_windows_test.go:1076: AC#3 positive control, IPv6 family: listening on [::1]:49172, table rows=22, this pid owns 1 LISTEN rows (baseline 0)
2026-10-09T23:36:10.9420626Z     panel_host_windows_test.go:1102: AC#3 positive control verdict: ruler counts a real listener (0 -> 1) and stops after Close (0)
2026-10-09T23:36:10.9420885Z --- PASS: TestAC3ListeningSocketRulerSeesItsOwnListener (0.00s)
2026-10-09T23:36:10.9421096Z === RUN   TestAC9InboundLegFromStdinReachesTheWriteLeg
2026-10-09T23:36:10.9422101Z time=2026-10-09T23:31:29.556Z level=INFO msg="config: wrote merged change into config.toml (ticket 226: only the keys listed changed value, every other key keeps the value the file already held; the file is re-laid in canonical form, so comments and hand-chosen key order are not preserved)" key=risk.permission_mode wrote=[risk.permission_mode]
2026-10-09T23:36:10.9422526Z --- PASS: TestAC9InboundLegFromStdinReachesTheWriteLeg (0.04s)
2026-10-09T23:36:10.9422757Z === RUN   TestAC9InboundLegRefusesUnlistedMethodAndAuditsIt
2026-10-09T23:36:10.9422981Z --- PASS: TestAC9InboundLegRefusesUnlistedMethodAndAuditsIt (0.04s)
2026-10-09T23:36:10.9423198Z === RUN   TestAC9InboundLegRefusesRosterMethodWithNoHandler
2026-10-09T23:36:10.9423447Z --- PASS: TestAC9InboundLegRefusesRosterMethodWithNoHandler (0.01s)
2026-10-09T23:36:10.9423616Z === RUN   TestAC9ComposerDispatchHasAProductionCaller
2026-10-09T23:36:10.9423852Z --- PASS: TestAC9ComposerDispatchHasAProductionCaller (0.02s)
2026-10-09T23:36:10.9424027Z === RUN   TestAC9InboundFlagSurfaceIsNarrow
2026-10-09T23:36:10.9424190Z --- PASS: TestAC9InboundFlagSurfaceIsNarrow (0.01s)
2026-10-09T23:36:10.9424731Z === RUN   TestRunBooksWithASnapshotOfItsLiveQueue
2026-10-09T23:36:10.9425216Z time=2026-10-09T23:31:30.603Z level=WARN msg="goroutine outside the D38 roster (leak symptom)" goroutine=mockllm-stdout-reader owner=test
2026-10-09T23:36:10.9425924Z time=2026-10-09T23:31:30.618Z level=INFO msg="wisp: persistent log sink installed" dir=C:\Users\RUNNER~1\AppData\Local\Temp\TestRunBooksWithASnapshotOfItsLiveQueue3987127876\002\logs min_level=info early_records=0 early_dropped=0
2026-10-09T23:36:10.9426295Z 2026/10/09 23:31:30 mockllm: serving on http://127.0.0.1:51062 (golden dir D:\a\wisp\wisp\internal\llm\testdata\golden)
2026-10-09T23:36:10.9427185Z time=2026-10-09T23:31:30.695Z level=INFO msg="pre-migration backup written" component=memory backup=C:\Users\RUNNER~1\AppData\Local\Temp\TestRunBooksWithASnapshotOfItsLiveQueue3987127876\002\backup\wisp.db.bak-0-1 from=0 to=1
2026-10-09T23:36:10.9427730Z time=2026-10-09T23:31:30.703Z level=INFO msg="schema migration step applied" component=memory from=0 to=1 started_at=2026-10-09T23:31:30Z duration_ms=8
2026-10-09T23:36:10.9428439Z time=2026-10-09T23:31:30.718Z level=INFO msg="pre-migration backup written" component=memory backup=C:\Users\RUNNER~1\AppData\Local\Temp\TestRunBooksWithASnapshotOfItsLiveQueue3987127876\002\backup\wisp.db.bak-1-2 from=1 to=2
2026-10-09T23:36:10.9428894Z time=2026-10-09T23:31:30.729Z level=INFO msg="schema migration step applied" component=memory from=1 to=2 started_at=2026-10-09T23:31:30Z duration_ms=11
2026-10-09T23:36:10.9429225Z time=2026-10-09T23:31:30.744Z level=INFO msg="schema migration complete" component=memory schema_version=2
2026-10-09T23:36:10.9429599Z time=2026-10-09T23:31:30.745Z level=INFO msg="startup WAL checkpoint (TRUNCATE) done" component=memory wal_pages_before=0 pages_moved=0
2026-10-09T23:36:10.9430228Z     panel_pump_test.go:218: booked record: map[at:2026-10-09T23:31:30Z bytes:1652 depth:1 mode:ask_high_risk pending:pump-corr results:0/0 sha256:5c9cc0c377c02c56 ws:unset]
2026-10-09T23:36:10.9439921Z     panel_pump_test.go:219: packet bytes (1652): {"pending":[{"correlationId":"pump-corr","tool":"fs.read","args":["{\"path\":\"C:/Windows/win.ini\"}"],"level":"L2","rulesHit":["R2"],"reason":"R2: 目标路径在授权目录之外: C:\\Windows\\win.ini","reasonKnown":true,"sessionOverrideBlocked":false,"callChain":[],"decidedBy":"native"}],"results":[],"composer":{"mode":{"current":"ask_high_risk","names":["ask_every_step","ask_high_risk","auto_approve"],"l2ConfirmNames":["auto_approve"]},"workspace":{"set":false,"spelling":"","canonical":"","reparse":false,"rewritten":false,"reason":"未选择工作区：本轮按 [fs] allowed_dirs 授权的目录判定"},"attachments":[],"acceptedAttachmentMimes":["image/png","image/jpeg","image/gif","image/webp","video/mp4","video/quicktime"],"maxAttachmentBytes":67108864,"attachmentError":"","git":{"kind":"unreadable","reason":"本轮未选择工作区，git 这一维没有可探测的目录","branch":"","detachedSha":"","isDetached":false,"repoRoot":"","currentWorktree":"","worktrees":[],"branches":[],"switchBlocked":"切换分支／切换工作树今天不可用：网页到宿主的那一跳还没有落地（无 postMessage 接收器、无 router、无 WebView2 宿主），面板只有快照这一条出向通道"},"currentModel":"m1","modelKnown":true,"credentialState":"all_recorded","credentialKnown":true},"generatedAt":"2026-10-09T23:31:30Z","instructions":{"status":"not_run","reason":"加载器已经接线，但这一轮还没有跑过加载，所以这里是没有读数，不是没有说明文件。","files":[]},"tasks":{"rows":[],"inFlightSlots":0,"poolCap":4,"streamTruncated":false,"streamElidedRunes":0,"droppedStreamKeys":[]}}
2026-10-09T23:36:10.9440400Z --- PASS: TestRunBooksWithASnapshotOfItsLiveQueue (32.16s)
2026-10-09T23:36:10.9440766Z === RUN   TestSnapshotWorkspaceSectionReportsTheNarrowing
2026-10-09T23:36:10.9441438Z time=2026-10-09T23:32:02.792Z level=WARN msg="goroutine outside the D38 roster (leak symptom)" goroutine=mockllm-stdout-reader owner=test
2026-10-09T23:36:10.9442774Z time=2026-10-09T23:32:02.806Z level=INFO msg="wisp: persistent log sink installed" dir=C:\Users\RUNNER~1\AppData\Local\Temp\TestSnapshotWorkspaceSectionReportsTheNarrowing4272834235\002\logs min_level=info early_records=0 early_dropped=0
2026-10-09T23:36:10.9443404Z 2026/10/09 23:32:02 mockllm: serving on http://127.0.0.1:51076 (golden dir D:\a\wisp\wisp\internal\llm\testdata\golden)
2026-10-09T23:36:10.9444939Z time=2026-10-09T23:32:02.854Z level=INFO msg="pre-migration backup written" component=memory backup=C:\Users\RUNNER~1\AppData\Local\Temp\TestSnapshotWorkspaceSectionReportsTheNarrowing4272834235\002\backup\wisp.db.bak-0-1 from=0 to=1
2026-10-09T23:36:10.9445557Z time=2026-10-09T23:32:02.866Z level=INFO msg="schema migration step applied" component=memory from=0 to=1 started_at=2026-10-09T23:32:02Z duration_ms=12
2026-10-09T23:36:10.9446616Z time=2026-10-09T23:32:02.895Z level=INFO msg="pre-migration backup written" component=memory backup=C:\Users\RUNNER~1\AppData\Local\Temp\TestSnapshotWorkspaceSectionReportsTheNarrowing4272834235\002\backup\wisp.db.bak-1-2 from=1 to=2
2026-10-09T23:36:10.9447413Z time=2026-10-09T23:32:02.903Z level=INFO msg="schema migration step applied" component=memory from=1 to=2 started_at=2026-10-09T23:32:02Z duration_ms=8
2026-10-09T23:36:10.9447917Z time=2026-10-09T23:32:02.930Z level=INFO msg="schema migration complete" component=memory schema_version=2
2026-10-09T23:36:10.9448532Z time=2026-10-09T23:32:02.931Z level=INFO msg="startup WAL checkpoint (TRUNCATE) done" component=memory wal_pages_before=0 pages_moved=0
2026-10-09T23:36:10.9449107Z     panel_pump_test.go:389: fold-key finding did not reproduce on this run: the two spellings came out identical
2026-10-09T23:36:10.9449465Z --- PASS: TestSnapshotWorkspaceSectionReportsTheNarrowing (1.26s)
2026-10-09T23:36:10.9449721Z === RUN   TestThePumpIsDrivenNotJustAssembled
2026-10-09T23:36:10.9450308Z time=2026-10-09T23:32:04.041Z level=WARN msg="goroutine outside the D38 roster (leak symptom)" goroutine=mockllm-stdout-reader owner=test
2026-10-09T23:36:10.9451393Z time=2026-10-09T23:32:04.055Z level=INFO msg="wisp: persistent log sink installed" dir=C:\Users\RUNNER~1\AppData\Local\Temp\TestThePumpIsDrivenNotJustAssembled3305917674\002\logs min_level=info early_records=0 early_dropped=0
2026-10-09T23:36:10.9451905Z 2026/10/09 23:32:04 mockllm: serving on http://127.0.0.1:51078 (golden dir D:\a\wisp\wisp\internal\llm\testdata\golden)
2026-10-09T23:36:10.9453106Z time=2026-10-09T23:32:04.085Z level=INFO msg="pre-migration backup written" component=memory backup=C:\Users\RUNNER~1\AppData\Local\Temp\TestThePumpIsDrivenNotJustAssembled3305917674\002\backup\wisp.db.bak-0-1 from=0 to=1
2026-10-09T23:36:10.9453774Z time=2026-10-09T23:32:04.093Z level=INFO msg="schema migration step applied" component=memory from=0 to=1 started_at=2026-10-09T23:32:04Z duration_ms=7
2026-10-09T23:36:10.9454898Z time=2026-10-09T23:32:04.118Z level=INFO msg="pre-migration backup written" component=memory backup=C:\Users\RUNNER~1\AppData\Local\Temp\TestThePumpIsDrivenNotJustAssembled3305917674\002\backup\wisp.db.bak-1-2 from=1 to=2
2026-10-09T23:36:10.9455625Z time=2026-10-09T23:32:04.127Z level=INFO msg="schema migration step applied" component=memory from=1 to=2 started_at=2026-10-09T23:32:04Z duration_ms=9
2026-10-09T23:36:10.9456032Z time=2026-10-09T23:32:04.147Z level=INFO msg="schema migration complete" component=memory schema_version=2
2026-10-09T23:36:10.9456663Z time=2026-10-09T23:32:04.148Z level=INFO msg="startup WAL checkpoint (TRUNCATE) done" component=memory wal_pages_before=0 pages_moved=0
2026-10-09T23:36:10.9456893Z --- PASS: TestThePumpIsDrivenNotJustAssembled (1.12s)
2026-10-09T23:36:10.9457101Z === RUN   TestAC13ColdStartEndsOnTheEmbeddedEntryNotTheProbe
2026-10-09T23:36:10.9457608Z     panel_resident_windows_test.go:315: Resolve(entry): panel: embedded assets are not built (run npm run build in frontend/)
2026-10-09T23:36:10.9458899Z     panel_resident_windows_test.go:317: AC#13 has no subject in this tree: the embed resolves no entry, so there is no page content that could be covered. Named skip; the working-tree reading is the one that ran, recorded in docs/evidence/s1/33-panel-host-c27-r5.md
2026-10-09T23:36:10.9459183Z --- SKIP: TestAC13ColdStartEndsOnTheEmbeddedEntryNotTheProbe (0.00s)
2026-10-09T23:36:10.9459357Z === RUN   TestAC13BringUpSurvivesAReusedThreadQuit
2026-10-09T23:36:10.9460370Z     panel_resident_windows_test.go:483: AC#13 reused-thread root cause: planted one WM_QUIT on this locked thread, then ran bringUp - panicked=<nil> err=<nil> created=true
2026-10-09T23:36:10.9460996Z     panel_resident_windows_test.go:485: AC#13 reused-thread release: tid=5164 dispatched 3 message(s) before unlocking; windows left on that thread=0 queue head=empty
2026-10-09T23:36:10.9461298Z --- PASS: TestAC13BringUpSurvivesAReusedThreadQuit (0.60s)
2026-10-09T23:36:10.9461612Z === RUN   TestAC13BringUpRefusesAThreadWithAQueuedClose
2026-10-09T23:36:10.9465283Z     panel_resident_windows_test.go:569: AC#13 queued-close: tid=5164 first bringUp ok, pumped 0 to idle, Destroy left a queued close (hwnd 0x2020C, plantQueued=true), then bringUp#2 err=panel host: refusing to create the panel window: this thread still has an undispatched WM_CLOSE queued for hwnd 0x2020C. The library's create pump would dispatch it before the control exists and end its own GetMessageW loop (pkg/edge chromium.go:96-111, webview.go:242-243 + 381-383); measured 3/3 panic on a planted thread. The thread's owner must dispatch its queue to empty - purging without dispatching leaks the prior window and can swallow this create's own completion message created=false; the close was still queued after the refusal=true; released with windows=0 queue head=empty
2026-10-09T23:36:10.9465671Z --- PASS: TestAC13BringUpRefusesAThreadWithAQueuedClose (0.80s)
2026-10-09T23:36:10.9465966Z === RUN   TestAC13NamedRefusalEndsThePanelThreadInsteadOfRefusingForever
2026-10-09T23:36:10.9466431Z time=2026-10-09T23:32:05.581Z level=WARN msg="goroutine outside the D38 roster (leak symptom)" goroutine=panel-sta owner="panel host (ticket 33)"
2026-10-09T23:36:10.9467325Z     panel_resident_windows_test.go:689: fifth-shape plant on the panel thread: hwnd=0x50222 live=true PostMessageW(WM_CLOSE) returned=true lastErr=The operation completed successfully. | check reads queued=true names-the-live-window=true
2026-10-09T23:36:10.9469101Z time=2026-10-09T23:32:05.613Z level=ERROR msg="panel host: show failed on the panel thread" via=33r9-nail err="panel host: refusing to create the panel window: this thread still has an undispatched WM_CLOSE queued for hwnd 0x50222. The library's create pump would dispatch it before the control exists and end its own GetMessageW loop (pkg/edge chromium.go:96-111, webview.go:242-243 + 381-383); measured 3/3 panic on a planted thread. The thread's owner must dispatch its queue to empty - purging without dispatching leaks the prior window and can swallow this create's own completion message"
2026-10-09T23:36:10.9470674Z wisp: panel could not open (panel host: refusing to create the panel window: this thread still has an undispatched WM_CLOSE queued for hwnd 0x50222. The library's create pump would dispatch it before the control exists and end its own GetMessageW loop (pkg/edge chromium.go:96-111, webview.go:242-243 + 381-383); measured 3/3 panic on a planted thread. The thread's owner must dispatch its queue to empty - purging without dispatching leaks the prior window and can swallow this create's own completion message): 33r9-nail
2026-10-09T23:36:10.9472966Z time=2026-10-09T23:32:05.613Z level=ERROR msg="panel thread: retiring without a panel window after a named refusal" via=33r9-nail err="panel host: refusing to create the panel window: this thread still has an undispatched WM_CLOSE queued for hwnd 0x50222. The library's create pump would dispatch it before the control exists and end its own GetMessageW loop (pkg/edge chromium.go:96-111, webview.go:242-243 + 381-383); measured 3/3 panic on a planted thread. The thread's owner must dispatch its queue to empty - purging without dispatching leaks the prior window and can swallow this create's own completion message" shows=1
2026-10-09T23:36:10.9475393Z wisp: panel thread will take no further requests: panel host: refusing to create the panel window: this thread still has an undispatched WM_CLOSE queued for hwnd 0x50222. The library's create pump would dispatch it before the control exists and end its own GetMessageW loop (pkg/edge chromium.go:96-111, webview.go:242-243 + 381-383); measured 3/3 panic on a planted thread. The thread's owner must dispatch its queue to empty - purging without dispatching leaks the prior window and can swallow this create's own completion message
2026-10-09T23:36:10.9475960Z time=2026-10-09T23:32:05.613Z level=INFO msg="panel thread ending" why="no window to pump" window_opened=false
2026-10-09T23:36:10.9483522Z     panel_resident_windows_test.go:759: refusal-to-retirement: settle=5.8261ms second RequestShow accepted=false in 0s | thread retired=true isFinished=true | the planted live window 0x50222 IsWindow=false | startUpErr=panel host: refusing to create the panel window: this thread still has an undispatched WM_CLOSE queued for hwnd 0x50222. The library's create pump would dispatch it before the control exists and end its own GetMessageW loop (pkg/edge chromium.go:96-111, webview.go:242-243 + 381-383); measured 3/3 panic on a planted thread. The thread's owner must dispatch its queue to empty - purging without dispatching leaks the prior window and can swallow this create's own completion message | statusLine="panel thread could not start: panel host: refusing to create the panel window: this thread still has an undispatched WM_CLOSE queued for hwnd 0x50222. The library's create pump would dispatch it before the control exists and end its own GetMessageW loop (pkg/edge chromium.go:96-111, webview.go:242-243 + 381-383); measured 3/3 panic on a planted thread. The thread's owner must dispatch its queue to empty - purging without dispatching leaks the prior window and can swallow this create's own completion message"
2026-10-09T23:36:10.9484209Z time=2026-10-09T23:32:05.618Z level=INFO msg="panel thread exited cleanly" shows=2 toggles=0 disposals=0
2026-10-09T23:36:10.9484685Z --- PASS: TestAC13NamedRefusalEndsThePanelThreadInsteadOfRefusingForever (0.04s)
2026-10-09T23:36:10.9484994Z === RUN   TestAC14AwaitedBindingReplyReachesThePage
2026-10-09T23:36:10.9485950Z time=2026-10-09T23:32:05.619Z level=WARN msg="goroutine outside the D38 roster (leak symptom)" goroutine=panel-sta owner="panel host (ticket 33)"
2026-10-09T23:36:10.9486292Z wisp: panel window is up (test-harness, cold 1080.5 ms, hot path 0.0 ms)
2026-10-09T23:36:10.9487281Z     panel_resident_windows_test.go:825: AC#14 nail 1 (reply hop), page's own words: "REPLIED,REPLIED,REPLIED" (Go's handler was reached by 3 of the 3 real requests)
2026-10-09T23:36:10.9487797Z time=2026-10-09T23:32:06.867Z level=INFO msg="panel thread ending" why="the library pump returned" window_opened=true
2026-10-09T23:36:10.9488166Z time=2026-10-09T23:32:06.867Z level=INFO msg="panel thread exited cleanly" shows=1 toggles=0 disposals=0
2026-10-09T23:36:10.9488472Z --- PASS: TestAC14AwaitedBindingReplyReachesThePage (1.25s)
2026-10-09T23:36:10.9488665Z === RUN   TestAC14GoSideEvalPushReachesThePage
2026-10-09T23:36:10.9489063Z time=2026-10-09T23:32:06.873Z level=WARN msg="goroutine outside the D38 roster (leak symptom)" goroutine=panel-sta owner="panel host (ticket 33)"
2026-10-09T23:36:10.9489434Z wisp: panel window is up (test-harness, cold 885.5 ms, hot path 0.0 ms)
2026-10-09T23:36:10.9489861Z     panel_resident_windows_test.go:867: AC#14 nail 2 (Eval push hop), page's own words: title="PUSHED-33R5-OK"
2026-10-09T23:36:10.9490176Z time=2026-10-09T23:32:07.846Z level=INFO msg="panel thread ending" why="the library pump returned" window_opened=true
2026-10-09T23:36:10.9490493Z time=2026-10-09T23:32:07.846Z level=INFO msg="panel thread exited cleanly" shows=1 toggles=0 disposals=0
2026-10-09T23:36:10.9490702Z --- PASS: TestAC14GoSideEvalPushReachesThePage (0.97s)
2026-10-09T23:36:10.9490861Z === RUN   TestPanelThreadIsSTAAndExitsCleanly
2026-10-09T23:36:10.9491289Z time=2026-10-09T23:32:07.847Z level=WARN msg="goroutine outside the D38 roster (leak symptom)" goroutine=panel-sta owner="panel host (ticket 33)"
2026-10-09T23:36:10.9491522Z wisp: panel window is up (test-harness, cold 353.1 ms, hot path 0.0 ms)
2026-10-09T23:36:10.9491835Z time=2026-10-09T23:32:08.211Z level=INFO msg="panel thread ending" why="the library pump returned" window_opened=true
2026-10-09T23:36:10.9492145Z time=2026-10-09T23:32:08.211Z level=INFO msg="panel thread exited cleanly" shows=1 toggles=0 disposals=0
2026-10-09T23:36:10.9492530Z     panel_resident_windows_test.go:910: panel thread up and down: hwnd 0x80222, exits observed, shows=1
2026-10-09T23:36:10.9492800Z time=2026-10-09T23:32:08.211Z level=INFO msg="panel thread exited cleanly" shows=1 toggles=0 disposals=0
2026-10-09T23:36:10.9493000Z --- PASS: TestPanelThreadIsSTAAndExitsCleanly (0.36s)
2026-10-09T23:36:10.9493209Z === RUN   TestPanelThreadNameIsNotInResidentRoster
2026-10-09T23:36:10.9493480Z --- PASS: TestPanelThreadNameIsNotInResidentRoster (0.00s)
2026-10-09T23:36:10.9493677Z === RUN   TestBallPanelGesturesReachThePanelThread
2026-10-09T23:36:10.9494102Z time=2026-10-09T23:32:08.213Z level=WARN msg="goroutine outside the D38 roster (leak symptom)" goroutine=panel-sta owner="panel host (ticket 33)"
2026-10-09T23:36:10.9494309Z wisp: panel window is up (panel-hotkey, cold 208.6 ms, hot path 0.0 ms)
2026-10-09T23:36:10.9494659Z time=2026-10-09T23:32:08.486Z level=INFO msg="panel thread ending" why="the library pump returned" window_opened=true
2026-10-09T23:36:10.9494968Z time=2026-10-09T23:32:08.486Z level=INFO msg="panel thread exited cleanly" shows=1 toggles=2 disposals=0
2026-10-09T23:36:10.9495157Z --- PASS: TestBallPanelGesturesReachThePanelThread (0.28s)
2026-10-09T23:36:10.9495358Z === RUN   TestBallGestureWithoutPanelHostStillRecords
2026-10-09T23:36:10.9496416Z time=2026-10-09T23:32:08.490Z level=WARN msg="ball gesture arrived with no executor" gesture=panel-hotkey why="this process has no task pipeline and no microphone, so the gesture has no executor here; the gestures that DO have one are the cancel key the assembly root wired (ticket 246) and the two panel gestures that reach the resident panel thread (ticket 33)"
2026-10-09T23:36:10.9497195Z wisp: ball panel-hotkey: this process has no task pipeline and no microphone, so the gesture has no executor here; the gestures that DO have one are the cancel key the assembly root wired (ticket 246) and the two panel gestures that reach the resident panel thread (ticket 33)
2026-10-09T23:36:10.9497435Z --- PASS: TestBallGestureWithoutPanelHostStillRecords (0.00s)
2026-10-09T23:36:10.9497644Z === RUN   TestAC4PriorFocusSurvivesARefusedPanelSample
2026-10-09T23:36:10.9498045Z time=2026-10-09T23:32:08.492Z level=WARN msg="goroutine outside the D38 roster (leak symptom)" goroutine=panel-sta owner="panel host (ticket 33)"
2026-10-09T23:36:10.9498280Z wisp: panel window is up (test-harness, cold 146.5 ms, hot path 0.0 ms)
2026-10-09T23:36:10.9498854Z     panel_resident_windows_test.go:996: the host recorded the ruler's own editor window 0x80272 as the prior - exactly the value a real user's editor would be
2026-10-09T23:36:10.9499201Z time=2026-10-09T23:32:08.723Z level=INFO msg="panel thread ending" why="the library pump returned" window_opened=true
2026-10-09T23:36:10.9499558Z time=2026-10-09T23:32:08.723Z level=INFO msg="panel thread exited cleanly" shows=1 toggles=0 disposals=0
2026-10-09T23:36:10.9499801Z --- PASS: TestAC4PriorFocusSurvivesARefusedPanelSample (0.23s)
2026-10-09T23:36:10.9499986Z === RUN   TestProvidersProbeRecordsMeasuredThinkingFalse
2026-10-09T23:36:10.9500398Z time=2026-10-09T23:32:09.805Z level=WARN msg="goroutine outside the D38 roster (leak symptom)" goroutine=mockllm-stdout-reader owner=test
2026-10-09T23:36:10.9500760Z 2026/10/09 23:32:09 mockllm: serving on http://127.0.0.1:55500 (golden dir D:\a\wisp\wisp\internal\llm\testdata\golden)
2026-10-09T23:36:10.9501519Z time=2026-10-09T23:32:09.843Z level=INFO msg="pre-migration backup written" component=memory backup=C:\Users\runneradmin\AppData\Local\Temp\TestProvidersProbeRecordsMeasuredThinkingFalse1911257167\002\backup\wisp.db.bak-0-1 from=0 to=1
2026-10-09T23:36:10.9501932Z time=2026-10-09T23:32:09.851Z level=INFO msg="schema migration step applied" component=memory from=0 to=1 started_at=2026-10-09T23:32:09Z duration_ms=8
2026-10-09T23:36:10.9502687Z time=2026-10-09T23:32:09.882Z level=INFO msg="pre-migration backup written" component=memory backup=C:\Users\runneradmin\AppData\Local\Temp\TestProvidersProbeRecordsMeasuredThinkingFalse1911257167\002\backup\wisp.db.bak-1-2 from=1 to=2
2026-10-09T23:36:10.9503142Z time=2026-10-09T23:32:09.889Z level=INFO msg="schema migration step applied" component=memory from=1 to=2 started_at=2026-10-09T23:32:09Z duration_ms=6
2026-10-09T23:36:10.9503433Z time=2026-10-09T23:32:09.903Z level=INFO msg="schema migration complete" component=memory schema_version=2
2026-10-09T23:36:10.9503923Z time=2026-10-09T23:32:09.905Z level=INFO msg="startup WAL checkpoint (TRUNCATE) done" component=memory wal_pages_before=0 pages_moved=0
2026-10-09T23:36:10.9504320Z time=2026-10-09T23:32:09.915Z level=INFO msg="startup WAL checkpoint (TRUNCATE) done" component=memory wal_pages_before=0 pages_moved=0
2026-10-09T23:36:10.9504529Z --- PASS: TestProvidersProbeRecordsMeasuredThinkingFalse (1.22s)
2026-10-09T23:36:10.9504741Z === RUN   TestProvidersProbeRecordsMeasuredThinkingTrue
2026-10-09T23:36:10.9505153Z time=2026-10-09T23:32:10.969Z level=WARN msg="goroutine outside the D38 roster (leak symptom)" goroutine=mockllm-stdout-reader owner=test
2026-10-09T23:36:10.9505781Z 2026/10/09 23:32:10 mockllm: serving on http://127.0.0.1:55503 (golden dir D:\a\wisp\wisp\internal\llm\testdata\golden)
2026-10-09T23:36:10.9506540Z time=2026-10-09T23:32:11.018Z level=INFO msg="pre-migration backup written" component=memory backup=C:\Users\runneradmin\AppData\Local\Temp\TestProvidersProbeRecordsMeasuredThinkingTrue1682957736\002\backup\wisp.db.bak-0-1 from=0 to=1
2026-10-09T23:36:10.9507000Z time=2026-10-09T23:32:11.032Z level=INFO msg="schema migration step applied" component=memory from=0 to=1 started_at=2026-10-09T23:32:11Z duration_ms=12
2026-10-09T23:36:10.9507969Z time=2026-10-09T23:32:11.073Z level=INFO msg="pre-migration backup written" component=memory backup=C:\Users\runneradmin\AppData\Local\Temp\TestProvidersProbeRecordsMeasuredThinkingTrue1682957736\002\backup\wisp.db.bak-1-2 from=1 to=2
2026-10-09T23:36:10.9508572Z time=2026-10-09T23:32:11.080Z level=INFO msg="schema migration step applied" component=memory from=1 to=2 started_at=2026-10-09T23:32:11Z duration_ms=7
2026-10-09T23:36:10.9509011Z time=2026-10-09T23:32:11.104Z level=INFO msg="schema migration complete" component=memory schema_version=2
2026-10-09T23:36:10.9509600Z time=2026-10-09T23:32:11.105Z level=INFO msg="startup WAL checkpoint (TRUNCATE) done" component=memory wal_pages_before=0 pages_moved=0
2026-10-09T23:36:10.9510070Z time=2026-10-09T23:32:11.114Z level=INFO msg="startup WAL checkpoint (TRUNCATE) done" component=memory wal_pages_before=0 pages_moved=0
2026-10-09T23:36:10.9510348Z --- PASS: TestProvidersProbeRecordsMeasuredThinkingTrue (1.21s)
2026-10-09T23:36:10.9510653Z === RUN   TestProvidersDiscoverListsWhatTheServerServes
2026-10-09T23:36:10.9511789Z time=2026-10-09T23:32:12.123Z level=WARN msg="goroutine outside the D38 roster (leak symptom)" goroutine=mockllm-stdout-reader owner=test
2026-10-09T23:36:10.9512345Z 2026/10/09 23:32:12 mockllm: serving on http://127.0.0.1:55506 (golden dir D:\a\wisp\wisp\internal\llm\testdata\golden)
2026-10-09T23:36:10.9513209Z time=2026-10-09T23:32:12.163Z level=INFO msg="pre-migration backup written" component=memory backup=C:\Users\runneradmin\AppData\Local\Temp\TestProvidersDiscoverListsWhatTheServerServes4281913409\002\backup\wisp.db.bak-0-1 from=0 to=1
2026-10-09T23:36:10.9513627Z time=2026-10-09T23:32:12.174Z level=INFO msg="schema migration step applied" component=memory from=0 to=1 started_at=2026-10-09T23:32:12Z duration_ms=10
2026-10-09T23:36:10.9514390Z time=2026-10-09T23:32:12.198Z level=INFO msg="pre-migration backup written" component=memory backup=C:\Users\runneradmin\AppData\Local\Temp\TestProvidersDiscoverListsWhatTheServerServes4281913409\002\backup\wisp.db.bak-1-2 from=1 to=2
2026-10-09T23:36:10.9514825Z time=2026-10-09T23:32:12.205Z level=INFO msg="schema migration step applied" component=memory from=1 to=2 started_at=2026-10-09T23:32:12Z duration_ms=7
2026-10-09T23:36:10.9515270Z time=2026-10-09T23:32:12.224Z level=INFO msg="schema migration complete" component=memory schema_version=2
2026-10-09T23:36:10.9515678Z time=2026-10-09T23:32:12.226Z level=INFO msg="startup WAL checkpoint (TRUNCATE) done" component=memory wal_pages_before=0 pages_moved=0
2026-10-09T23:36:10.9515922Z --- PASS: TestProvidersDiscoverListsWhatTheServerServes (1.09s)
2026-10-09T23:36:10.9516129Z === RUN   TestProvidersProbeUnconfiguredRefIsNotSilentlyKeyless
2026-10-09T23:36:10.9516681Z time=2026-10-09T23:32:13.247Z level=WARN msg="goroutine outside the D38 roster (leak symptom)" goroutine=mockllm-stdout-reader owner=test
2026-10-09T23:36:10.9517036Z 2026/10/09 23:32:13 mockllm: serving on http://127.0.0.1:55509 (golden dir D:\a\wisp\wisp\internal\llm\testdata\golden)
2026-10-09T23:36:10.9517812Z time=2026-10-09T23:32:13.286Z level=INFO msg="pre-migration backup written" component=memory backup=C:\Users\runneradmin\AppData\Local\Temp\TestProvidersProbeUnconfiguredRefIsNotSilentlyKeyless1461454268\002\backup\wisp.db.bak-0-1 from=0 to=1
2026-10-09T23:36:10.9518218Z time=2026-10-09T23:32:13.294Z level=INFO msg="schema migration step applied" component=memory from=0 to=1 started_at=2026-10-09T23:32:13Z duration_ms=8
2026-10-09T23:36:10.9519006Z time=2026-10-09T23:32:13.321Z level=INFO msg="pre-migration backup written" component=memory backup=C:\Users\runneradmin\AppData\Local\Temp\TestProvidersProbeUnconfiguredRefIsNotSilentlyKeyless1461454268\002\backup\wisp.db.bak-1-2 from=1 to=2
2026-10-09T23:36:10.9519446Z time=2026-10-09T23:32:13.328Z level=INFO msg="schema migration step applied" component=memory from=1 to=2 started_at=2026-10-09T23:32:13Z duration_ms=6
2026-10-09T23:36:10.9519744Z time=2026-10-09T23:32:13.343Z level=INFO msg="schema migration complete" component=memory schema_version=2
2026-10-09T23:36:10.9520157Z time=2026-10-09T23:32:13.344Z level=INFO msg="startup WAL checkpoint (TRUNCATE) done" component=memory wal_pages_before=0 pages_moved=0
2026-10-09T23:36:10.9520432Z --- PASS: TestProvidersProbeUnconfiguredRefIsNotSilentlyKeyless (1.12s)
2026-10-09T23:36:10.9520609Z === RUN   TestAC246CancelGestureUsesTheInjectedExecutor
2026-10-09T23:36:10.9521038Z time=2026-10-09T23:32:13.355Z level=INFO msg="ball: the cancel key was handled by the injected approval gate" outcome="injected executor ran"
2026-10-09T23:36:10.9521248Z wisp: injected executor ran
2026-10-09T23:36:10.9522041Z time=2026-10-09T23:32:13.355Z level=WARN msg="cancel hotkey fired with no executor" why="the assembly root injected no approval gate into this leg, so the borrow cannot be spent"
2026-10-09T23:36:10.9522608Z wisp: ball cancel-hotkey: no approval gate was injected into this process, so the press decided nothing
2026-10-09T23:36:10.9522984Z --- PASS: TestAC246CancelGestureUsesTheInjectedExecutor (0.00s)
2026-10-09T23:36:10.9523302Z === RUN   TestAC246EscChannelStaysUnloadedWithoutABallWindow
2026-10-09T23:36:10.9525571Z time=2026-10-09T23:32:13.355Z level=INFO msg="resident gate: [risk] tier taken at construction" provenance="defaults (no host config view)" config_path="(no host config view)" window_sec_read=0 confirm_timeout_sec_read=0 gate_window=3s gate_queue_timeout=5m0s scope="construction time only: approval.Gate and Queue copy these in New and nothing re-applies them (ticket 256)"
2026-10-09T23:36:10.9526662Z time=2026-10-09T23:32:13.356Z level=INFO msg="audit: resident-approval: 审批门已装配，但本进程没有悬浮球窗口，四条否决通道全部保持未加载（取消键无处可借，卡片无处可呈）"
2026-10-09T23:36:10.9527171Z wisp: [audit] resident-approval: 审批门已装配，但本进程没有悬浮球窗口，四条否决通道全部保持未加载（取消键无处可借，卡片无处可呈）
2026-10-09T23:36:10.9527608Z --- PASS: TestAC246EscChannelStaysUnloadedWithoutABallWindow (0.00s)
2026-10-09T23:36:10.9527992Z === RUN   TestAC246CardWithNoWindowFailsClosedThroughTheRealGate
2026-10-09T23:36:10.9529871Z time=2026-10-09T23:32:13.356Z level=INFO msg="resident gate: [risk] tier taken at construction" provenance="defaults (no host config view)" config_path="(no host config view)" window_sec_read=0 confirm_timeout_sec_read=0 gate_window=3s gate_queue_timeout=5m0s scope="construction time only: approval.Gate and Queue copy these in New and nothing re-applies them (ticket 256)"
2026-10-09T23:36:10.9530568Z time=2026-10-09T23:32:13.356Z level=INFO msg="audit: resident-approval: 审批门已装配，但本进程没有悬浮球窗口，四条否决通道全部保持未加载（取消键无处可借，卡片无处可呈）"
2026-10-09T23:36:10.9531102Z wisp: [audit] resident-approval: 审批门已装配，但本进程没有悬浮球窗口，四条否决通道全部保持未加载（取消键无处可借，卡片无处可呈）
2026-10-09T23:36:10.9532044Z time=2026-10-09T23:32:13.356Z level=ERROR msg="approval: 卡片无处呈现（本进程没有悬浮球窗口），已 fail-closed 拒绝" corr=host:246-no-window tool=resident.confirmation level=L1
2026-10-09T23:36:10.9533054Z time=2026-10-09T23:32:13.356Z level=INFO msg="audit: approval: L1 prompt failed corr=host:246-no-window tool=resident.confirmation: 常驻进程没有悬浮球窗口，卡片无处呈现"
2026-10-09T23:36:10.9533778Z wisp: [audit] approval: L1 prompt failed corr=host:246-no-window tool=resident.confirmation: 常驻进程没有悬浮球窗口，卡片无处呈现
2026-10-09T23:36:10.9534241Z --- PASS: TestAC246CardWithNoWindowFailsClosedThroughTheRealGate (0.00s)
2026-10-09T23:36:10.9534564Z === RUN   TestAC246CancelStepHookRunsOnTheRealShutdownSequence
2026-10-09T23:36:10.9536325Z time=2026-10-09T23:32:13.357Z level=INFO msg="resident gate: [risk] tier taken at construction" provenance="defaults (no host config view)" config_path="(no host config view)" window_sec_read=0 confirm_timeout_sec_read=0 gate_window=3s gate_queue_timeout=5m0s scope="construction time only: approval.Gate and Queue copy these in New and nothing re-applies them (ticket 256)"
2026-10-09T23:36:10.9536816Z time=2026-10-09T23:32:13.357Z level=INFO msg="shutdown step skipped (module not present)" step=1 name=scheduler-close
2026-10-09T23:36:10.9537136Z time=2026-10-09T23:32:13.357Z level=INFO msg="shutdown step skipped (module not present)" step=2 name=stop-hotkey-kws
2026-10-09T23:36:10.9537649Z time=2026-10-09T23:32:13.357Z level=INFO msg="audit: resident-approval: 退出第 3 步完成：拒绝待批卡片 0 张、作废 L1 窗口 0 张、路由失败 0 张；任务根已取消，无等待残留"
2026-10-09T23:36:10.9538126Z wisp: [audit] resident-approval: 退出第 3 步完成：拒绝待批卡片 0 张、作废 L1 窗口 0 张、路由失败 0 张；任务根已取消，无等待残留
2026-10-09T23:36:10.9538430Z time=2026-10-09T23:32:13.357Z level=INFO msg="shutdown step skipped (module not present)" step=4 name=stop-audio
2026-10-09T23:36:10.9538818Z time=2026-10-09T23:32:13.357Z level=INFO msg="shutdown step skipped (module not present)" step=5 name=release-speech-sessions
2026-10-09T23:36:10.9539193Z time=2026-10-09T23:32:13.357Z level=INFO msg="shutdown step skipped (module not present)" step=6 name=destroy-panel-webview
2026-10-09T23:36:10.9539529Z time=2026-10-09T23:32:13.357Z level=INFO msg="shutdown step skipped (module not present)" step=7 name=flush-logs-close-db
2026-10-09T23:36:10.9539802Z --- PASS: TestAC246CancelStepHookRunsOnTheRealShutdownSequence (0.00s)
2026-10-09T23:36:10.9540023Z === RUN   TestAC246ShippedResidentProcessOwnsItsCancelStep
2026-10-09T23:36:10.9540745Z     resident_approval_246_windows_test.go:244: resident sink C:\Users\RUNNER~1\AppData\Local\Temp\TestAC246ShippedResidentProcessOwnsItsCancelStep937498850\002\logs: 1 file(s), 20 record(s)
2026-10-09T23:36:10.9541007Z --- PASS: TestAC246ShippedResidentProcessOwnsItsCancelStep (3.51s)
2026-10-09T23:36:10.9541207Z === RUN   TestAC246ChannelNeedsBothWindowAndExecutor
2026-10-09T23:36:10.9542280Z time=2026-10-09T23:32:16.866Z level=INFO msg="resident gate: [risk] tier taken at construction" provenance="defaults (no host config view)" config_path="(no host config view)" window_sec_read=0 confirm_timeout_sec_read=0 gate_window=3s gate_queue_timeout=5m0s scope="construction time only: approval.Gate and Queue copy these in New and nothing re-applies them (ticket 256)"
2026-10-09T23:36:10.9542957Z time=2026-10-09T23:32:16.888Z level=INFO msg="cancel hotkey left unbound while idle: the configured key is borrowed only during Confirming and handed back at session end (ticket 245)" hotkey=cancel binding=Esc
2026-10-09T23:36:10.9544410Z time=2026-10-09T23:32:16.892Z level=INFO msg="ball: the resident leg created the floating ball window" hotkeys_provenance="no host config view" hotkeys_live=3 hotkeys="summon=Ctrl+Alt+Q live, mute=Ctrl+Alt+M live, cancel=Esc not bound while idle (cancel is borrowed only during Confirming), panel=Ctrl+Alt+P live" gestures="recorded only except the cancel key: this leg has no task pipeline and no microphone, and D43's four veto channels are reduced here to the one the assembly root injected (ticket 246)"
2026-10-09T23:36:10.9544931Z time=2026-10-09T23:32:16.893Z level=INFO msg="audit: resident-approval: 本进程有悬浮球窗口，但装配根没有注入取消执行者，取消键通道保持未加载（advertise 一枚按不动的键＝B1 禁止的形状）"
2026-10-09T23:36:10.9545313Z wisp: [audit] resident-approval: 本进程有悬浮球窗口，但装配根没有注入取消执行者，取消键通道保持未加载（advertise 一枚按不动的键＝B1 禁止的形状）
2026-10-09T23:36:10.9546053Z time=2026-10-09T23:32:16.894Z level=INFO msg="ball: resident leg destroyed the ball window, its tray icon and its hotkeys"
2026-10-09T23:36:10.9547303Z time=2026-10-09T23:32:16.894Z level=INFO msg="resident gate: [risk] tier taken at construction" provenance="defaults (no host config view)" config_path="(no host config view)" window_sec_read=0 confirm_timeout_sec_read=0 gate_window=3s gate_queue_timeout=5m0s scope="construction time only: approval.Gate and Queue copy these in New and nothing re-applies them (ticket 256)"
2026-10-09T23:36:10.9547773Z time=2026-10-09T23:32:16.894Z level=INFO msg="audit: resident-approval: 审批门已装配，但本进程没有悬浮球窗口，四条否决通道全部保持未加载（取消键无处可借，卡片无处可呈）"
2026-10-09T23:36:10.9548074Z wisp: [audit] resident-approval: 审批门已装配，但本进程没有悬浮球窗口，四条否决通道全部保持未加载（取消键无处可借，卡片无处可呈）
2026-10-09T23:36:10.9548372Z --- PASS: TestAC246ChannelNeedsBothWindowAndExecutor (0.03s)
2026-10-09T23:36:10.9548633Z === RUN   TestAC246VetoSentenceWithNoCard
2026-10-09T23:36:10.9550485Z time=2026-10-09T23:32:16.895Z level=INFO msg="resident gate: [risk] tier taken at construction" provenance="defaults (no host config view)" config_path="(no host config view)" window_sec_read=0 confirm_timeout_sec_read=0 gate_window=3s gate_queue_timeout=5m0s scope="construction time only: approval.Gate and Queue copy these in New and nothing re-applies them (ticket 256)"
2026-10-09T23:36:10.9550685Z --- PASS: TestAC246VetoSentenceWithNoCard (0.00s)
2026-10-09T23:36:10.9550879Z === RUN   TestAC246StatusLineSaysWhatTheLegDoesNot
2026-10-09T23:36:10.9551912Z time=2026-10-09T23:32:16.895Z level=INFO msg="resident gate: [risk] tier taken at construction" provenance="defaults (no host config view)" config_path="(no host config view)" window_sec_read=0 confirm_timeout_sec_read=0 gate_window=3s gate_queue_timeout=5m0s scope="construction time only: approval.Gate and Queue copy these in New and nothing re-applies them (ticket 256)"
2026-10-09T23:36:10.9552376Z time=2026-10-09T23:32:16.895Z level=INFO msg="audit: resident-approval: 审批门已装配，但本进程没有悬浮球窗口，四条否决通道全部保持未加载（取消键无处可借，卡片无处可呈）"
2026-10-09T23:36:10.9552708Z wisp: [audit] resident-approval: 审批门已装配，但本进程没有悬浮球窗口，四条否决通道全部保持未加载（取消键无处可借，卡片无处可呈）
2026-10-09T23:36:10.9552933Z --- PASS: TestAC246StatusLineSaysWhatTheLegDoesNot (0.00s)
2026-10-09T23:36:10.9553213Z === RUN   TestTicket256ResidentGateWithoutAHostViewRunsOnTheCompiledConstants
2026-10-09T23:36:10.9553590Z === RUN   TestTicket256ResidentGateWithoutAHostViewRunsOnTheCompiledConstants/no_host_view_at_all
2026-10-09T23:36:10.9554699Z time=2026-10-09T23:32:16.896Z level=INFO msg="resident gate: [risk] tier taken at construction" provenance="defaults (no host config view)" config_path="(no host config view)" window_sec_read=0 confirm_timeout_sec_read=0 gate_window=3s gate_queue_timeout=5m0s scope="construction time only: approval.Gate and Queue copy these in New and nothing re-applies them (ticket 256)"
2026-10-09T23:36:10.9555128Z === RUN   TestTicket256ResidentGateWithoutAHostViewRunsOnTheCompiledConstants/config.toml_missing
2026-10-09T23:36:10.9557727Z time=2026-10-09T23:32:16.897Z level=WARN msg="resident gate: [risk] source unreadable at construction; the gate falls back to the compiled approval constants" path=C:\Users\RUNNER~1\AppData\Local\Temp\TestTicket256ResidentGateWithoutAHostViewRunsOnTheCompiledConsta1462560336\001\config.toml err="config: config.toml read: no file at this path yet。第 1 种拒因：文件没建：这一页与这条链都不新建 config.toml。在控制台运行一次 wisp run，第一次启动会写出全默认的首份配置（它不替你选任何模型，也不替你建任何服务商行）: open C:\\Users\\RUNNER~1\\AppData\\Local\\Temp\\TestTicket256ResidentGateWithoutAHostViewRunsOnTheCompiledConsta1462560336\\001\\config.toml: The system cannot find the file specified." fallback="DefaultApprovalTimeout=300s / DefaultL1Window=3s"
2026-10-09T23:36:10.9559256Z time=2026-10-09T23:32:16.897Z level=INFO msg="resident gate: [risk] tier taken at construction" provenance="defaults (config.toml unreadable)" config_path=C:\Users\RUNNER~1\AppData\Local\Temp\TestTicket256ResidentGateWithoutAHostViewRunsOnTheCompiledConsta1462560336\001\config.toml window_sec_read=0 confirm_timeout_sec_read=0 gate_window=3s gate_queue_timeout=5m0s scope="construction time only: approval.Gate and Queue copy these in New and nothing re-applies them (ticket 256)"
2026-10-09T23:36:10.9561381Z time=2026-10-09T23:32:16.898Z level=INFO msg="resident gate: [risk] tier taken at construction" provenance=config config_path=C:\Users\RUNNER~1\AppData\Local\Temp\TestTicket256ResidentGateWithoutAHostViewRunsOnTheCompiledConsta1462560336\001\config.toml window_sec_read=2 confirm_timeout_sec_read=45 gate_window=2s gate_queue_timeout=45s scope="construction time only: approval.Gate and Queue copy these in New and nothing re-applies them (ticket 256)"
2026-10-09T23:36:10.9563051Z time=2026-10-09T23:32:16.898Z level=INFO msg="resident gate: [risk] tier taken at construction" provenance="defaults (no host config view)" config_path="(no host config view)" window_sec_read=0 confirm_timeout_sec_read=0 gate_window=3s gate_queue_timeout=5m0s scope="construction time only: approval.Gate and Queue copy these in New and nothing re-applies them (ticket 256)"
2026-10-09T23:36:10.9565027Z time=2026-10-09T23:32:16.898Z level=INFO msg="resident gate: [risk] tier taken at construction" provenance="defaults (no host config view)" config_path="(no host config view)" window_sec_read=0 confirm_timeout_sec_read=0 gate_window=3s gate_queue_timeout=5m0s scope="construction time only: approval.Gate and Queue copy these in New and nothing re-applies them (ticket 256)"
2026-10-09T23:36:10.9565535Z --- PASS: TestTicket256ResidentGateWithoutAHostViewRunsOnTheCompiledConstants (0.00s)
2026-10-09T23:36:10.9566206Z     --- PASS: TestTicket256ResidentGateWithoutAHostViewRunsOnTheCompiledConstants/no_host_view_at_all (0.00s)
2026-10-09T23:36:10.9566891Z     --- PASS: TestTicket256ResidentGateWithoutAHostViewRunsOnTheCompiledConstants/config.toml_missing (0.00s)
2026-10-09T23:36:10.9567386Z === RUN   TestTicket256ResidentGateTakesTheSeededRiskTimeoutAndWindow
2026-10-09T23:36:10.9568266Z === RUN   TestTicket256ResidentGateTakesTheSeededRiskTimeoutAndWindow/timeout_only_-_the_window_then_comes_from_the_schema_tag,_not_from_the_gate's_compiled_constant
2026-10-09T23:36:10.9570849Z time=2026-10-09T23:32:16.900Z level=INFO msg="resident gate: [risk] tier taken at construction" provenance=config config_path=C:\Users\RUNNER~1\AppData\Local\Temp\TestTicket256ResidentGateTakesTheSeededRiskTimeoutAndWindowtime2275202747\001\config.toml window_sec_read=2 confirm_timeout_sec_read=45 gate_window=2s gate_queue_timeout=45s scope="construction time only: approval.Gate and Queue copy these in New and nothing re-applies them (ticket 256)"
2026-10-09T23:36:10.9571648Z === RUN   TestTicket256ResidentGateTakesTheSeededRiskTimeoutAndWindow/window_seeded_to_2s_-_differs_from_the_pre-256_compiled_3s,_so_it_is_a_real_reading
2026-10-09T23:36:10.9574274Z time=2026-10-09T23:32:16.901Z level=INFO msg="resident gate: [risk] tier taken at construction" provenance=config config_path=C:\Users\RUNNER~1\AppData\Local\Temp\TestTicket256ResidentGateTakesTheSeededRiskTimeoutAndWindowwind3623687517\001\config.toml window_sec_read=2 confirm_timeout_sec_read=300 gate_window=2s gate_queue_timeout=5m0s scope="construction time only: approval.Gate and Queue copy these in New and nothing re-applies them (ticket 256)"
2026-10-09T23:36:10.9574737Z === RUN   TestTicket256ResidentGateTakesTheSeededRiskTimeoutAndWindow/both_seeded
2026-10-09T23:36:10.9577399Z time=2026-10-09T23:32:16.902Z level=INFO msg="resident gate: [risk] tier taken at construction" provenance=config config_path=C:\Users\RUNNER~1\AppData\Local\Temp\TestTicket256ResidentGateTakesTheSeededRiskTimeoutAndWindowboth2330542208\001\config.toml window_sec_read=2 confirm_timeout_sec_read=45 gate_window=2s gate_queue_timeout=45s scope="construction time only: approval.Gate and Queue copy these in New and nothing re-applies them (ticket 256)"
2026-10-09T23:36:10.9578183Z === RUN   TestTicket256ResidentGateTakesTheSeededRiskTimeoutAndWindow/window_way_too_large_-_reverse_control,_the_clamp_must_survive
2026-10-09T23:36:10.9581008Z time=2026-10-09T23:32:16.904Z level=INFO msg="resident gate: [risk] tier taken at construction" provenance=config config_path=C:\Users\RUNNER~1\AppData\Local\Temp\TestTicket256ResidentGateTakesTheSeededRiskTimeoutAndWindowwind3508149696\001\config.toml window_sec_read=99 confirm_timeout_sec_read=300 gate_window=3s gate_queue_timeout=5m0s scope="construction time only: approval.Gate and Queue copy these in New and nothing re-applies them (ticket 256)"
2026-10-09T23:36:10.9581825Z === RUN   TestTicket256ResidentGateTakesTheSeededRiskTimeoutAndWindow/window_below_the_floor_-_reverse_control,_the_clamp_must_survive
2026-10-09T23:36:10.9584052Z time=2026-10-09T23:32:16.906Z level=INFO msg="resident gate: [risk] tier taken at construction" provenance=config config_path=C:\Users\RUNNER~1\AppData\Local\Temp\TestTicket256ResidentGateTakesTheSeededRiskTimeoutAndWindowwind699457054\001\config.toml window_sec_read=1 confirm_timeout_sec_read=300 gate_window=2s gate_queue_timeout=5m0s scope="construction time only: approval.Gate and Queue copy these in New and nothing re-applies them (ticket 256)"
2026-10-09T23:36:10.9584532Z --- PASS: TestTicket256ResidentGateTakesTheSeededRiskTimeoutAndWindow (0.01s)
2026-10-09T23:36:10.9585636Z     --- PASS: TestTicket256ResidentGateTakesTheSeededRiskTimeoutAndWindow/timeout_only_-_the_window_then_comes_from_the_schema_tag,_not_from_the_gate's_compiled_constant (0.00s)
2026-10-09T23:36:10.9586669Z     --- PASS: TestTicket256ResidentGateTakesTheSeededRiskTimeoutAndWindow/window_seeded_to_2s_-_differs_from_the_pre-256_compiled_3s,_so_it_is_a_real_reading (0.00s)
2026-10-09T23:36:10.9587248Z     --- PASS: TestTicket256ResidentGateTakesTheSeededRiskTimeoutAndWindow/both_seeded (0.00s)
2026-10-09T23:36:10.9588103Z     --- PASS: TestTicket256ResidentGateTakesTheSeededRiskTimeoutAndWindow/window_way_too_large_-_reverse_control,_the_clamp_must_survive (0.00s)
2026-10-09T23:36:10.9589489Z     --- PASS: TestTicket256ResidentGateTakesTheSeededRiskTimeoutAndWindow/window_below_the_floor_-_reverse_control,_the_clamp_must_survive (0.00s)
2026-10-09T23:36:10.9589878Z === RUN   TestTicket256ResidentGateRiskValuesAreConstructionTimeOnly
2026-10-09T23:36:10.9592091Z time=2026-10-09T23:32:16.906Z level=INFO msg="resident gate: [risk] tier taken at construction" provenance=config config_path=C:\Users\RUNNER~1\AppData\Local\Temp\TestTicket256ResidentGateRiskValuesAreConstructionTimeOnly1434753176\001\config.toml window_sec_read=2 confirm_timeout_sec_read=45 gate_window=2s gate_queue_timeout=45s scope="construction time only: approval.Gate and Queue copy these in New and nothing re-applies them (ticket 256)"
2026-10-09T23:36:10.9594356Z time=2026-10-09T23:32:16.907Z level=INFO msg="resident gate: [risk] tier taken at construction" provenance=config config_path=C:\Users\RUNNER~1\AppData\Local\Temp\TestTicket256ResidentGateRiskValuesAreConstructionTimeOnly1434753176\001\config.toml window_sec_read=2 confirm_timeout_sec_read=90 gate_window=2s gate_queue_timeout=1m30s scope="construction time only: approval.Gate and Queue copy these in New and nothing re-applies them (ticket 256)"
2026-10-09T23:36:10.9594831Z --- PASS: TestTicket256ResidentGateRiskValuesAreConstructionTimeOnly (0.00s)
2026-10-09T23:36:10.9595209Z === RUN   TestTicket256ResidentGateOptionsFieldSetIsTheFiveItClaims
2026-10-09T23:36:10.9596113Z     resident_approval_risk_256_windows_test.go:494: landing site reading: resident leg passes 6 of 10 declared approval.Options fields (was 3 of 10 before ticket 256)
2026-10-09T23:36:10.9596522Z --- PASS: TestTicket256ResidentGateOptionsFieldSetIsTheFiveItClaims (0.00s)
2026-10-09T23:36:10.9596859Z === RUN   TestTicket256ResidentBootPassesTheDataDirToTheGate
2026-10-09T23:36:10.9597199Z --- PASS: TestTicket256ResidentBootPassesTheDataDirToTheGate (0.00s)
2026-10-09T23:36:10.9597692Z === RUN   TestTicket268ResidentGateNamesRefusedConfigApartFromMissingConfig
2026-10-09T23:36:10.9602304Z time=2026-10-09T23:32:16.911Z level=WARN msg="resident gate: [risk] source unreadable at construction; the gate falls back to the compiled approval constants" path=C:\Users\RUNNER~1\AppData\Local\Temp\TestTicket268ResidentGateNamesRefusedConfigApartFromMissingConfi1194590278\001\config.toml err="config: config.toml read: no file at this path yet。第 1 种拒因：文件没建：这一页与这条链都不新建 config.toml。在控制台运行一次 wisp run，第一次启动会写出全默认的首份配置（它不替你选任何模型，也不替你建任何服务商行）: open C:\\Users\\RUNNER~1\\AppData\\Local\\Temp\\TestTicket268ResidentGateNamesRefusedConfigApartFromMissingConfi1194590278\\001\\config.toml: The system cannot find the file specified." fallback="DefaultApprovalTimeout=300s / DefaultL1Window=3s"
2026-10-09T23:36:10.9604636Z time=2026-10-09T23:32:16.911Z level=INFO msg="resident gate: [risk] tier taken at construction" provenance="defaults (config.toml unreadable)" config_path=C:\Users\RUNNER~1\AppData\Local\Temp\TestTicket268ResidentGateNamesRefusedConfigApartFromMissingConfi1194590278\001\config.toml window_sec_read=0 confirm_timeout_sec_read=0 gate_window=3s gate_queue_timeout=5m0s scope="construction time only: approval.Gate and Queue copy these in New and nothing re-applies them (ticket 256)"
2026-10-09T23:36:10.9607007Z time=2026-10-09T23:32:16.913Z level=WARN msg="resident gate: [risk] source present but refused at construction; the gate falls back to the compiled approval constants" path=C:\Users\RUNNER~1\AppData\Local\Temp\TestTicket268ResidentGateNamesRefusedConfigApartFromMissingConfi1194590278\002\config.toml err="config: config.toml: risk.confirm_timeout_sec 20 out of range [31, 3600]" provenance="defaults (config.toml present but refused at load)" fallback="DefaultApprovalTimeout=300s / DefaultL1Window=3s"
2026-10-09T23:36:10.9608561Z wisp: resident [risk]: config.toml is present but was refused at load (config: config.toml: risk.confirm_timeout_sec 20 out of range [31, 3600]); the approval gate falls back to the compiled constants (DefaultApprovalTimeout=300s / DefaultL1Window=3s), so the [risk] numbers written in that file are NOT the numbers this process runs on
2026-10-09T23:36:10.9611422Z time=2026-10-09T23:32:16.913Z level=INFO msg="resident gate: [risk] tier taken at construction" provenance="defaults (config.toml present but refused at load)" config_path=C:\Users\RUNNER~1\AppData\Local\Temp\TestTicket268ResidentGateNamesRefusedConfigApartFromMissingConfi1194590278\002\config.toml window_sec_read=0 confirm_timeout_sec_read=0 gate_window=3s gate_queue_timeout=5m0s scope="construction time only: approval.Gate and Queue copy these in New and nothing re-applies them (ticket 256)"
2026-10-09T23:36:10.9613708Z time=2026-10-09T23:32:16.914Z level=INFO msg="resident gate: [risk] tier taken at construction" provenance=config config_path=C:\Users\RUNNER~1\AppData\Local\Temp\TestTicket268ResidentGateNamesRefusedConfigApartFromMissingConfi1194590278\002\config.toml window_sec_read=2 confirm_timeout_sec_read=45 gate_window=2s gate_queue_timeout=45s scope="construction time only: approval.Gate and Queue copy these in New and nothing re-applies them (ticket 256)"
2026-10-09T23:36:10.9614242Z --- PASS: TestTicket268ResidentGateNamesRefusedConfigApartFromMissingConfig (0.00s)
2026-10-09T23:36:10.9614510Z === RUN   TestTicket268RefusedRiskConfigReachesStdoutOnce
2026-10-09T23:36:10.9616815Z time=2026-10-09T23:32:16.915Z level=WARN msg="resident gate: [risk] source present but refused at construction; the gate falls back to the compiled approval constants" path=C:\Users\RUNNER~1\AppData\Local\Temp\TestTicket268RefusedRiskConfigReachesStdoutOnce1017554343\001\config.toml err="config: config.toml: risk.confirm_timeout_sec 20 out of range [31, 3600]" provenance="defaults (config.toml present but refused at load)" fallback="DefaultApprovalTimeout=300s / DefaultL1Window=3s"
2026-10-09T23:36:10.9619014Z time=2026-10-09T23:32:16.915Z level=INFO msg="resident gate: [risk] tier taken at construction" provenance="defaults (config.toml present but refused at load)" config_path=C:\Users\RUNNER~1\AppData\Local\Temp\TestTicket268RefusedRiskConfigReachesStdoutOnce1017554343\001\config.toml window_sec_read=0 confirm_timeout_sec_read=0 gate_window=3s gate_queue_timeout=5m0s scope="construction time only: approval.Gate and Queue copy these in New and nothing re-applies them (ticket 256)"
2026-10-09T23:36:10.9626693Z time=2026-10-09T23:32:16.916Z level=WARN msg="resident gate: [risk] source unreadable at construction; the gate falls back to the compiled approval constants" path=C:\Users\RUNNER~1\AppData\Local\Temp\TestTicket268RefusedRiskConfigReachesStdoutOnce1017554343\002\config.toml err="config: config.toml read: no file at this path yet。第 1 种拒因：文件没建：这一页与这条链都不新建 config.toml。在控制台运行一次 wisp run，第一次启动会写出全默认的首份配置（它不替你选任何模型，也不替你建任何服务商行）: open C:\\Users\\RUNNER~1\\AppData\\Local\\Temp\\TestTicket268RefusedRiskConfigReachesStdoutOnce1017554343\\002\\config.toml: The system cannot find the file specified." fallback="DefaultApprovalTimeout=300s / DefaultL1Window=3s"
2026-10-09T23:36:10.9628882Z time=2026-10-09T23:32:16.916Z level=INFO msg="resident gate: [risk] tier taken at construction" provenance="defaults (config.toml unreadable)" config_path=C:\Users\RUNNER~1\AppData\Local\Temp\TestTicket268RefusedRiskConfigReachesStdoutOnce1017554343\002\config.toml window_sec_read=0 confirm_timeout_sec_read=0 gate_window=3s gate_queue_timeout=5m0s scope="construction time only: approval.Gate and Queue copy these in New and nothing re-applies them (ticket 256)"
2026-10-09T23:36:10.9629521Z --- PASS: TestTicket268RefusedRiskConfigReachesStdoutOnce (0.00s)
2026-10-09T23:36:10.9629878Z === RUN   TestTicket268RefusedBranchClassifiesBySentinelNotByErrorWords
2026-10-09T23:36:10.9630319Z --- PASS: TestTicket268RefusedBranchClassifiesBySentinelNotByErrorWords (0.00s)
2026-10-09T23:36:10.9630511Z === RUN   TestAC228ResidentLegIsTheBallHost
2026-10-09T23:36:10.9631154Z     resident_ball_228_test.go:214: ball host functions (production): resident_ball_windows.go:startResidentBall
2026-10-09T23:36:10.9631595Z --- PASS: TestAC228ResidentLegIsTheBallHost (0.01s)
2026-10-09T23:36:10.9631802Z === RUN   TestAC228BallHostAnswersEveryGesture
2026-10-09T23:36:10.9632288Z     resident_ball_228_test.go:323: all 10 gesture callbacks answered by the resident host
2026-10-09T23:36:10.9632592Z --- PASS: TestAC228BallHostAnswersEveryGesture (0.01s)
2026-10-09T23:36:10.9632839Z === RUN   TestAC228ResidentLegReportsAndBooksItsBall
2026-10-09T23:36:10.9635080Z     resident_ball_228_windows_test.go:104: resident sink C:\Users\RUNNER~1\AppData\Local\Temp\TestAC228ResidentLegReportsAndBooksItsBall1751678129\002\logs: 1 file(s), 20 record(s)
2026-10-09T23:36:10.9636661Z     resident_ball_228_windows_test.go:168: AC#1 READING: console up=1 absent=0; records created=9 refused=-1 stopped=12 install=1
2026-10-09T23:36:10.9636984Z --- PASS: TestAC228ResidentLegReportsAndBooksItsBall (3.74s)
2026-10-09T23:36:10.9637337Z === RUN   TestAC228ExitRequestDuringBootStillLeavesThroughD38E
2026-10-09T23:36:10.9638514Z     resident_ball_228_windows_test.go:211: resident sink C:\Users\RUNNER~1\AppData\Local\Temp\TestAC228ExitRequestDuringBootStillLeavesThroughD38E1695475779\002\logs: 1 file(s), 20 record(s)
2026-10-09T23:36:10.9639459Z     resident_ball_228_windows_test.go:221: AC#1 READING: boot-time break exited clean; install=1 shutdown trail starts at 13 of 20 record(s); ball records created=9 stopped=12
2026-10-09T23:36:10.9639870Z --- PASS: TestAC228ExitRequestDuringBootStillLeavesThroughD38E (4.69s)
2026-10-09T23:36:10.9640198Z === RUN   TestTicket260R4ShippedConstructorInstallsTheReader
2026-10-09T23:36:10.9643275Z time=2026-10-09T23:32:25.371Z level=INFO msg="resident gate: [risk] tier taken at construction" provenance="defaults (no host config view)" config_path="(no host config view)" window_sec_read=0 confirm_timeout_sec_read=0 gate_window=3s gate_queue_timeout=5m0s scope="construction time only: approval.Gate and Queue copy these in New and nothing re-applies them (ticket 256)"
2026-10-09T23:36:10.9644436Z time=2026-10-09T23:32:25.371Z level=INFO msg="audit: resident-approval: 审批门已装配进常驻进程，取消通道 Esc 已加载（本票只落 Esc 一条通道；单击球 / KWS 否决词 / 面板拒绝三条仍按各自归口未接入）"
2026-10-09T23:36:10.9644832Z --- PASS: TestTicket260R4ShippedConstructorInstallsTheReader (0.00s)
2026-10-09T23:36:10.9645106Z === RUN   TestTicket260R4NoBallHostNamesNoKeyOnTheCard
2026-10-09T23:36:10.9648252Z time=2026-10-09T23:32:25.372Z level=INFO msg="resident gate: [risk] tier taken at construction" provenance="defaults (no host config view)" config_path="(no host config view)" window_sec_read=0 confirm_timeout_sec_read=0 gate_window=3s gate_queue_timeout=5m0s scope="construction time only: approval.Gate and Queue copy these in New and nothing re-applies them (ticket 256)"
2026-10-09T23:36:10.9650241Z time=2026-10-09T23:32:25.372Z level=INFO msg="audit: resident-approval: 审批门已装配，但本进程没有悬浮球窗口，四条否决通道全部保持未加载（取消键无处可借，卡片无处可呈）"
2026-10-09T23:36:10.9651960Z time=2026-10-09T23:32:25.372Z level=INFO msg="resident gate: [risk] tier taken at construction" provenance="defaults (no host config view)" config_path="(no host config view)" window_sec_read=0 confirm_timeout_sec_read=0 gate_window=3s gate_queue_timeout=5m0s scope="construction time only: approval.Gate and Queue copy these in New and nothing re-applies them (ticket 256)"
2026-10-09T23:36:10.9654026Z time=2026-10-09T23:32:25.373Z level=INFO msg="audit: resident-approval: 审批门已装配，但本进程没有悬浮球窗口，四条否决通道全部保持未加载（取消键无处可借，卡片无处可呈）"
2026-10-09T23:36:10.9654433Z --- PASS: TestTicket260R4NoBallHostNamesNoKeyOnTheCard (0.00s)
2026-10-09T23:36:10.9655153Z === RUN   TestTicket260R4SeamIsNotAProductionShortcut
2026-10-09T23:36:10.9661164Z time=2026-10-09T23:32:25.373Z level=INFO msg="resident gate: [risk] tier taken at construction" provenance="defaults (no host config view)" config_path="(no host config view)" window_sec_read=0 confirm_timeout_sec_read=0 gate_window=3s gate_queue_timeout=5m0s scope="construction time only: approval.Gate and Queue copy these in New and nothing re-applies them (ticket 256)"
2026-10-09T23:36:10.9667298Z --- PASS: TestTicket260R4SeamIsNotAProductionShortcut (0.00s)
2026-10-09T23:36:10.9667770Z === RUN   TestTicket260R3DefaultWordingIsTheOldSentence
2026-10-09T23:36:10.9669744Z time=2026-10-09T23:32:25.373Z level=INFO msg="resident gate: [risk] tier taken at construction" provenance="defaults (no host config view)" config_path="(no host config view)" window_sec_read=0 confirm_timeout_sec_read=0 gate_window=3s gate_queue_timeout=5m0s scope="construction time only: approval.Gate and Queue copy these in New and nothing re-applies them (ticket 256)"
2026-10-09T23:36:10.9671359Z time=2026-10-09T23:32:25.373Z level=INFO msg="resident gate: [risk] tier taken at construction" provenance="defaults (no host config view)" config_path="(no host config view)" window_sec_read=0 confirm_timeout_sec_read=0 gate_window=3s gate_queue_timeout=5m0s scope="construction time only: approval.Gate and Queue copy these in New and nothing re-applies them (ticket 256)"
2026-10-09T23:36:10.9672598Z time=2026-10-09T23:32:25.373Z level=INFO msg="audit: resident-approval: 审批门已装配进常驻进程，取消通道 Esc 已加载（本票只落 Esc 一条通道；单击球 / KWS 否决词 / 面板拒绝三条仍按各自归口未接入）"
2026-10-09T23:36:10.9672967Z --- PASS: TestTicket260R3DefaultWordingIsTheOldSentence (0.00s)
2026-10-09T23:36:10.9673209Z === RUN   TestTicket260R3SeededKeyReplacesEsc
2026-10-09T23:36:10.9674895Z time=2026-10-09T23:32:25.373Z level=INFO msg="resident gate: [risk] tier taken at construction" provenance="defaults (no host config view)" config_path="(no host config view)" window_sec_read=0 confirm_timeout_sec_read=0 gate_window=3s gate_queue_timeout=5m0s scope="construction time only: approval.Gate and Queue copy these in New and nothing re-applies them (ticket 256)"
2026-10-09T23:36:10.9676519Z time=2026-10-09T23:32:25.373Z level=INFO msg="resident gate: [risk] tier taken at construction" provenance="defaults (no host config view)" config_path="(no host config view)" window_sec_read=0 confirm_timeout_sec_read=0 gate_window=3s gate_queue_timeout=5m0s scope="construction time only: approval.Gate and Queue copy these in New and nothing re-applies them (ticket 256)"
2026-10-09T23:36:10.9677407Z time=2026-10-09T23:32:25.373Z level=INFO msg="audit: resident-approval: 审批门已装配进常驻进程，取消通道 Ctrl+Alt+Q 已加载（本票只落 Ctrl+Alt+Q 一条通道；单击球 / KWS 否决词 / 面板拒绝三条仍按各自归口未接入）"
2026-10-09T23:36:10.9677667Z --- PASS: TestTicket260R3SeededKeyReplacesEsc (0.00s)
2026-10-09T23:36:10.9677931Z === RUN   TestTicket260R3UnloadBranchesNameNoKey
2026-10-09T23:36:10.9679494Z time=2026-10-09T23:32:25.374Z level=INFO msg="resident gate: [risk] tier taken at construction" provenance="defaults (no host config view)" config_path="(no host config view)" window_sec_read=0 confirm_timeout_sec_read=0 gate_window=3s gate_queue_timeout=5m0s scope="construction time only: approval.Gate and Queue copy these in New and nothing re-applies them (ticket 256)"
2026-10-09T23:36:10.9679972Z time=2026-10-09T23:32:25.374Z level=INFO msg="audit: resident-approval: 审批门已装配，但本进程没有悬浮球窗口，四条否决通道全部保持未加载（取消键无处可借，卡片无处可呈）"
2026-10-09T23:36:10.9681683Z time=2026-10-09T23:32:25.374Z level=INFO msg="resident gate: [risk] tier taken at construction" provenance="defaults (no host config view)" config_path="(no host config view)" window_sec_read=0 confirm_timeout_sec_read=0 gate_window=3s gate_queue_timeout=5m0s scope="construction time only: approval.Gate and Queue copy these in New and nothing re-applies them (ticket 256)"
2026-10-09T23:36:10.9682347Z time=2026-10-09T23:32:25.374Z level=INFO msg="audit: resident-approval: 本进程有悬浮球窗口，但装配根没有注入取消执行者，取消键通道保持未加载（advertise 一枚按不动的键＝B1 禁止的形状）"
2026-10-09T23:36:10.9685004Z time=2026-10-09T23:32:25.374Z level=INFO msg="resident gate: [risk] tier taken at construction" provenance="defaults (no host config view)" config_path="(no host config view)" window_sec_read=0 confirm_timeout_sec_read=0 gate_window=3s gate_queue_timeout=5m0s scope="construction time only: approval.Gate and Queue copy these in New and nothing re-applies them (ticket 256)"
2026-10-09T23:36:10.9686111Z time=2026-10-09T23:32:25.374Z level=INFO msg="audit: resident-approval: 审批门已装配，但本进程没有悬浮球窗口，四条否决通道全部保持未加载（取消键无处可借，卡片无处可呈）"
2026-10-09T23:36:10.9688308Z time=2026-10-09T23:32:25.374Z level=INFO msg="resident gate: [risk] tier taken at construction" provenance="defaults (no host config view)" config_path="(no host config view)" window_sec_read=0 confirm_timeout_sec_read=0 gate_window=3s gate_queue_timeout=5m0s scope="construction time only: approval.Gate and Queue copy these in New and nothing re-applies them (ticket 256)"
2026-10-09T23:36:10.9689142Z time=2026-10-09T23:32:25.374Z level=INFO msg="audit: resident-approval: 本进程有悬浮球窗口，但装配根没有注入取消执行者，取消键通道保持未加载（advertise 一枚按不动的键＝B1 禁止的形状）"
2026-10-09T23:36:10.9689456Z --- PASS: TestTicket260R3UnloadBranchesNameNoKey (0.00s)
2026-10-09T23:36:10.9689700Z === RUN   TestTicket260R3CancelKeyComesFromTheBallChain
2026-10-09T23:36:10.9691449Z time=2026-10-09T23:32:25.374Z level=INFO msg="resident gate: [risk] tier taken at construction" provenance="defaults (no host config view)" config_path="(no host config view)" window_sec_read=0 confirm_timeout_sec_read=0 gate_window=3s gate_queue_timeout=5m0s scope="construction time only: approval.Gate and Queue copy these in New and nothing re-applies them (ticket 256)"
2026-10-09T23:36:10.9691809Z --- PASS: TestTicket260R3CancelKeyComesFromTheBallChain (0.00s)
2026-10-09T23:36:10.9692039Z === RUN   TestTicket260R3ProductionPathHasNoSeam
2026-10-09T23:36:10.9694847Z time=2026-10-09T23:32:25.375Z level=INFO msg="resident gate: [risk] tier taken at construction" provenance="defaults (no host config view)" config_path="(no host config view)" window_sec_read=0 confirm_timeout_sec_read=0 gate_window=3s gate_queue_timeout=5m0s scope="construction time only: approval.Gate and Queue copy these in New and nothing re-applies them (ticket 256)"
2026-10-09T23:36:10.9696722Z time=2026-10-09T23:32:25.375Z level=INFO msg="resident gate: [risk] tier taken at construction" provenance="defaults (no host config view)" config_path="(no host config view)" window_sec_read=0 confirm_timeout_sec_read=0 gate_window=3s gate_queue_timeout=5m0s scope="construction time only: approval.Gate and Queue copy these in New and nothing re-applies them (ticket 256)"
2026-10-09T23:36:10.9698497Z time=2026-10-09T23:32:25.375Z level=INFO msg="resident gate: [risk] tier taken at construction" provenance="defaults (no host config view)" config_path="(no host config view)" window_sec_read=0 confirm_timeout_sec_read=0 gate_window=3s gate_queue_timeout=5m0s scope="construction time only: approval.Gate and Queue copy these in New and nothing re-applies them (ticket 256)"
2026-10-09T23:36:10.9698779Z --- PASS: TestTicket260R3ProductionPathHasNoSeam (0.00s)
2026-10-09T23:36:10.9699121Z === RUN   TestTicket265ResidentGrantHolderUnboundFailsLoudly
2026-10-09T23:36:10.9699513Z --- PASS: TestTicket265ResidentGrantHolderUnboundFailsLoudly (0.00s)
2026-10-09T23:36:10.9699840Z === RUN   TestTicket265ResidentGrantHolderBoundDelegatesEveryField
2026-10-09T23:36:10.9700285Z --- PASS: TestTicket265ResidentGrantHolderBoundDelegatesEveryField (0.00s)
2026-10-09T23:36:10.9700811Z === RUN   TestTicket265LedgerErrorReachesTheOperatorThroughTheHolder
2026-10-09T23:36:10.9701206Z --- PASS: TestTicket265LedgerErrorReachesTheOperatorThroughTheHolder (0.00s)
2026-10-09T23:36:10.9701651Z === RUN   TestTicket265UnboundHolderAnswersThroughTheGateWithoutClaimingARow
2026-10-09T23:36:10.9702141Z --- PASS: TestTicket265UnboundHolderAnswersThroughTheGateWithoutClaimingARow (0.00s)
2026-10-09T23:36:10.9702493Z === RUN   TestTicket265BoundHolderRecordsEveryPathTheAnsweredCardNamed
2026-10-09T23:36:10.9702952Z --- PASS: TestTicket265BoundHolderRecordsEveryPathTheAnsweredCardNamed (0.00s)
2026-10-09T23:36:10.9703281Z === RUN   TestTicket265GateLiteralCarriesTheResidentHolder
2026-10-09T23:36:10.9703601Z --- PASS: TestTicket265GateLiteralCarriesTheResidentHolder (0.00s)
2026-10-09T23:36:10.9703983Z === RUN   TestTicket265BindSiteRunsAfterTheAssemblyAndBeforeAnyTask
2026-10-09T23:36:10.9704417Z --- PASS: TestTicket265BindSiteRunsAfterTheAssemblyAndBeforeAnyTask (0.00s)
2026-10-09T23:36:10.9704794Z === RUN   TestTicket265SessionLedgerStillHasOneProductionConstructionSite
2026-10-09T23:36:10.9705277Z --- PASS: TestTicket265SessionLedgerStillHasOneProductionConstructionSite (0.00s)
2026-10-09T23:36:10.9705639Z === RUN   TestTicket265ResidentApprovalConstructsAnUnboundHolder
2026-10-09T23:36:10.9707354Z time=2026-10-09T23:32:25.381Z level=INFO msg="resident gate: [risk] tier taken at construction" provenance="defaults (no host config view)" config_path="(no host config view)" window_sec_read=0 confirm_timeout_sec_read=0 gate_window=3s gate_queue_timeout=5m0s scope="construction time only: approval.Gate and Queue copy these in New and nothing re-applies them (ticket 256)"
2026-10-09T23:36:10.9707768Z --- PASS: TestTicket265ResidentApprovalConstructsAnUnboundHolder (0.00s)
2026-10-09T23:36:10.9708067Z === RUN   Test258AssemblyRootWiresTheChainAndTheBridge
2026-10-09T23:36:10.9708361Z --- PASS: Test258AssemblyRootWiresTheChainAndTheBridge (0.00s)
2026-10-09T23:36:10.9708644Z === RUN   Test258SinkRebindRulerReadsBothSpellings
2026-10-09T23:36:10.9708967Z --- PASS: Test258SinkRebindRulerReadsBothSpellings (0.00s)
2026-10-09T23:36:10.9709200Z === RUN   Test258ConstructionChainTakesConfigValues
2026-10-09T23:36:10.9709878Z --- PASS: Test258ConstructionChainTakesConfigValues (0.03s)
2026-10-09T23:36:10.9710234Z === RUN   Test258ConstructionChainMissingFileFallsBackAndSaysIt
2026-10-09T23:36:10.9710721Z --- PASS: Test258ConstructionChainMissingFileFallsBackAndSaysIt (0.00s)
2026-10-09T23:36:10.9710995Z === RUN   Test258SectionMissingTierWordIsDefaults
2026-10-09T23:36:10.9711304Z --- PASS: Test258SectionMissingTierWordIsDefaults (0.00s)
2026-10-09T23:36:10.9711526Z === RUN   Test258ProvenanceWordsAreThePrintedOnes
2026-10-09T23:36:10.9711841Z --- PASS: Test258ProvenanceWordsAreThePrintedOnes (0.00s)
2026-10-09T23:36:10.9712081Z === RUN   Test258BridgeRebindsLiveKeysFromConfigEdit
2026-10-09T23:36:10.9713056Z time=2026-10-09T23:32:25.443Z level=INFO msg="cancel hotkey left unbound while idle: the configured key is borrowed only during Confirming and handed back at session end (ticket 245)" hotkey=cancel binding=Esc
2026-10-09T23:36:10.9713728Z time=2026-10-09T23:32:25.446Z level=INFO msg="ball: hotkey reload bridge armed (polls config, rebinds on change)" poll=1s provenance=config
2026-10-09T23:36:10.9714365Z wisp: ball hotkey reload bridge armed (provenance=config); a hand edit of [hotkey] rebinds the live keys without a restart
2026-10-09T23:36:10.9717412Z time=2026-10-09T23:32:25.446Z level=INFO msg="ball: the resident leg created the floating ball window" hotkeys_provenance=config hotkeys_live=3 hotkeys="summon=Ctrl+Alt+Z live, mute=Ctrl+Alt+M live, cancel=Esc not bound while idle (cancel is borrowed only during Confirming), panel=Ctrl+Alt+P live" gestures="recorded only except the cancel key: this leg has no task pipeline and no microphone, and D43's four veto channels are reduced here to the one the assembly root injected (ticket 246)"
2026-10-09T23:36:10.9718458Z time=2026-10-09T23:32:25.449Z level=INFO msg="cancel hotkey left unbound while idle: the configured key is borrowed only during Confirming and handed back at session end (ticket 245)" hotkey=cancel binding=Esc
2026-10-09T23:36:10.9719137Z time=2026-10-09T23:32:25.449Z level=INFO msg="ball: hotkeys rebound after config change" summon=Ctrl+Alt+R mute=Ctrl+Alt+M cancel=Esc panel=Ctrl+Alt+P live=3
2026-10-09T23:36:10.9719670Z time=2026-10-09T23:32:25.452Z level=INFO msg="ball: resident leg destroyed the ball window, its tray icon and its hotkeys"
2026-10-09T23:36:10.9719985Z --- PASS: Test258BridgeRebindsLiveKeysFromConfigEdit (0.03s)
2026-10-09T23:36:10.9720255Z === RUN   Test258BridgeMutationNoSrcKeepsOldBinding
2026-10-09T23:36:10.9721062Z time=2026-10-09T23:32:25.500Z level=INFO msg="cancel hotkey left unbound while idle: the configured key is borrowed only during Confirming and handed back at session end (ticket 245)" hotkey=cancel binding=Esc
2026-10-09T23:36:10.9722688Z time=2026-10-09T23:32:25.502Z level=INFO msg="ball: the resident leg created the floating ball window" hotkeys_provenance=defaults hotkeys_live=3 hotkeys="summon=Ctrl+Alt+Q live, mute=Ctrl+Alt+M live, cancel=Esc not bound while idle (cancel is borrowed only during Confirming), panel=Ctrl+Alt+P live" gestures="recorded only except the cancel key: this leg has no task pipeline and no microphone, and D43's four veto channels are reduced here to the one the assembly root injected (ticket 246)"
2026-10-09T23:36:10.9723580Z time=2026-10-09T23:32:25.912Z level=INFO msg="ball: resident leg destroyed the ball window, its tray icon and its hotkeys"
2026-10-09T23:36:10.9724395Z --- PASS: Test258BridgeMutationNoSrcKeepsOldBinding (0.46s)
2026-10-09T23:36:10.9724571Z === RUN   Test258OccupiedCombinationNamesTheNewValue
2026-10-09T23:36:10.9725228Z time=2026-10-09T23:32:25.934Z level=INFO msg="cancel hotkey left unbound while idle: the configured key is borrowed only during Confirming and handed back at session end (ticket 245)" hotkey=cancel binding=Esc
2026-10-09T23:36:10.9726174Z time=2026-10-09T23:32:25.937Z level=INFO msg="ball: hotkey reload bridge armed (polls config, rebinds on change)" poll=1s provenance=config
2026-10-09T23:36:10.9726635Z wisp: ball hotkey reload bridge armed (provenance=config); a hand edit of [hotkey] rebinds the live keys without a restart
2026-10-09T23:36:10.9728779Z time=2026-10-09T23:32:25.938Z level=INFO msg="ball: the resident leg created the floating ball window" hotkeys_provenance=config hotkeys_live=3 hotkeys="summon=Ctrl+Alt+Z live, mute=Ctrl+Alt+M live, cancel=Esc not bound while idle (cancel is borrowed only during Confirming), panel=Ctrl+Alt+P live" gestures="recorded only except the cancel key: this leg has no task pipeline and no microphone, and D43's four veto channels are reduced here to the one the assembly root injected (ticket 246)"
2026-10-09T23:36:10.9729460Z time=2026-10-09T23:32:25.945Z level=INFO msg="cancel hotkey left unbound while idle: the configured key is borrowed only during Confirming and handed back at session end (ticket 245)" hotkey=cancel binding=Esc
2026-10-09T23:36:10.9730235Z time=2026-10-09T23:32:25.945Z level=ERROR msg="hotkey occupied by another program, not registered" hotkey=panel binding=Ctrl+Alt+V err="Hot key is already registered."
2026-10-09T23:36:10.9731276Z time=2026-10-09T23:32:25.945Z level=ERROR msg="ball: hotkey reload" binding="hotkey panel = \"Ctrl+Alt+V\" is occupied by another program and was NOT registered; pressing it will do nothing until you pick a free combination in [hotkey]"
2026-10-09T23:36:10.9732028Z time=2026-10-09T23:32:25.945Z level=INFO msg="ball: hotkeys rebound after config change" summon=Ctrl+Alt+Z mute=Ctrl+Alt+M cancel=Esc panel=Ctrl+Alt+V live=2
2026-10-09T23:36:10.9732602Z time=2026-10-09T23:32:25.954Z level=INFO msg="ball: resident leg destroyed the ball window, its tray icon and its hotkeys"
2026-10-09T23:36:10.9732890Z --- PASS: Test258OccupiedCombinationNamesTheNewValue (0.04s)
2026-10-09T23:36:10.9733148Z === RUN   Test258V1ProbeSummonEditRebindsLiveBall
2026-10-09T23:36:10.9734324Z time=2026-10-09T23:32:25.971Z level=INFO msg="cancel hotkey left unbound while idle: the configured key is borrowed only during Confirming and handed back at session end (ticket 245)" hotkey=cancel binding=Esc
2026-10-09T23:36:10.9734963Z time=2026-10-09T23:32:25.973Z level=INFO msg="ball: hotkey reload bridge armed (polls config, rebinds on change)" poll=1s provenance=config
2026-10-09T23:36:10.9735502Z wisp: ball hotkey reload bridge armed (provenance=config); a hand edit of [hotkey] rebinds the live keys without a restart
2026-10-09T23:36:10.9737149Z time=2026-10-09T23:32:25.973Z level=INFO msg="ball: the resident leg created the floating ball window" hotkeys_provenance=config hotkeys_live=3 hotkeys="summon=Ctrl+Alt+Z live, mute=Ctrl+Alt+M live, cancel=Esc not bound while idle (cancel is borrowed only during Confirming), panel=Ctrl+Alt+P live" gestures="recorded only except the cancel key: this leg has no task pipeline and no microphone, and D43's four veto channels are reduced here to the one the assembly root injected (ticket 246)"
2026-10-09T23:36:10.9738148Z time=2026-10-09T23:32:25.976Z level=INFO msg="cancel hotkey left unbound while idle: the configured key is borrowed only during Confirming and handed back at session end (ticket 245)" hotkey=cancel binding=Esc
2026-10-09T23:36:10.9738829Z time=2026-10-09T23:32:25.976Z level=INFO msg="ball: hotkeys rebound after config change" summon=Ctrl+Alt+7 mute=Ctrl+Alt+M cancel=Esc panel=Ctrl+Alt+P live=3
2026-10-09T23:36:10.9739377Z time=2026-10-09T23:32:25.978Z level=INFO msg="ball: resident leg destroyed the ball window, its tray icon and its hotkeys"
2026-10-09T23:36:10.9739697Z --- PASS: Test258V1ProbeSummonEditRebindsLiveBall (0.02s)
2026-10-09T23:36:10.9740011Z === RUN   Test258V1ProbeConstructionMissingFileNamesTheFallback
2026-10-09T23:36:10.9740825Z --- PASS: Test258V1ProbeConstructionMissingFileNamesTheFallback (0.01s)
2026-10-09T23:36:10.9741196Z === RUN   TestAC1ResidentLegInstallsItsLogListenerOnDisk
2026-10-09T23:36:10.9742287Z     resident_sink_nail_127_windows_test.go:433: resident sink C:\Users\RUNNER~1\AppData\Local\Temp\TestAC1ResidentLegInstallsItsLogListenerOnDisk1154159300\002\logs: 1 file(s), 12 record(s)
2026-10-09T23:36:10.9742643Z --- PASS: TestAC1ResidentLegInstallsItsLogListenerOnDisk (3.73s)
2026-10-09T23:36:10.9742921Z === RUN   TestAC1ResidentLegOutlivesItsOwnLogFailure
2026-10-09T23:36:10.9743412Z --- PASS: TestAC1ResidentLegOutlivesItsOwnLogFailure (3.08s)
2026-10-09T23:36:10.9744082Z === RUN   TestAC1ResidentLegBooksItsShutdownBeforeClosingTheSink
2026-10-09T23:36:10.9745303Z     resident_sink_nail_127_windows_test.go:594: resident sink C:\Users\RUNNER~1\AppData\Local\Temp\TestAC1ResidentLegBooksItsShutdownBeforeClosingTheSink1646295729\002\logs: 1 file(s), 20 record(s)
2026-10-09T23:36:10.9746447Z     resident_sink_nail_127_windows_test.go:640: RESIDENT LEG RECORDED ON DISK: 6 shutdown record(s), steps [1 2 4 5 6 7], first="shutdown step skipped (module not present)" last="shutdown step skipped (module not present)"
2026-10-09T23:36:10.9746895Z     resident_sink_nail_127_windows_test.go:571: resident leg exit: exited 0
2026-10-09T23:36:10.9747302Z --- PASS: TestAC1ResidentLegBooksItsShutdownBeforeClosingTheSink (3.35s)
2026-10-09T23:36:10.9747569Z === RUN   TestAC246ResidentPipelineAsksThroughTheOneGate
2026-10-09T23:36:10.9748221Z time=2026-10-09T23:32:37.980Z level=WARN msg="goroutine outside the D38 roster (leak symptom)" goroutine=mockllm-stdout-reader owner=test
2026-10-09T23:36:10.9749993Z time=2026-10-09T23:32:37.994Z level=INFO msg="resident gate: [risk] tier taken at construction" provenance="defaults (no host config view)" config_path="(no host config view)" window_sec_read=0 confirm_timeout_sec_read=0 gate_window=3s gate_queue_timeout=5m0s scope="construction time only: approval.Gate and Queue copy these in New and nothing re-applies them (ticket 256)"
2026-10-09T23:36:10.9750530Z 2026/10/09 23:32:37 mockllm: serving on http://127.0.0.1:51362 (golden dir D:\a\wisp\wisp\internal\llm\testdata\golden)
2026-10-09T23:36:10.9751831Z time=2026-10-09T23:32:38.081Z level=INFO msg="pre-migration backup written" component=memory backup=C:\Users\RUNNER~1\AppData\Local\Temp\TestAC246ResidentPipelineAsksThroughTheOneGate3083387116\002\backup\wisp.db.bak-0-1 from=0 to=1
2026-10-09T23:36:10.9752517Z time=2026-10-09T23:32:38.328Z level=INFO msg="schema migration step applied" component=memory from=0 to=1 started_at=2026-10-09T23:32:38Z duration_ms=246
2026-10-09T23:36:10.9753618Z time=2026-10-09T23:32:39.607Z level=INFO msg="pre-migration backup written" component=memory backup=C:\Users\RUNNER~1\AppData\Local\Temp\TestAC246ResidentPipelineAsksThroughTheOneGate3083387116\002\backup\wisp.db.bak-1-2 from=1 to=2
2026-10-09T23:36:10.9754273Z time=2026-10-09T23:32:39.678Z level=INFO msg="schema migration step applied" component=memory from=1 to=2 started_at=2026-10-09T23:32:39Z duration_ms=71
2026-10-09T23:36:10.9754752Z time=2026-10-09T23:32:39.692Z level=INFO msg="schema migration complete" component=memory schema_version=2
2026-10-09T23:36:10.9755395Z time=2026-10-09T23:32:39.694Z level=INFO msg="startup WAL checkpoint (TRUNCATE) done" component=memory wal_pages_before=0 pages_moved=0
2026-10-09T23:36:10.9756288Z time=2026-10-09T23:32:39.694Z level=INFO msg="audit: wisp run: SESSION-MINT id=sess_6457c136050446ce16eba0d2b0834c40 (结束点＝本进程退出，A435 第 2 条)"
2026-10-09T23:36:10.9757400Z time=2026-10-09T23:32:39.694Z level=INFO msg="audit: perm: MODE-READ origin=startup mode=ask_every_step source=\"C:\\\\Users\\\\RUNNER~1\\\\AppData\\\\Local\\\\Temp\\\\TestAC246ResidentPipelineAsksThroughTheOneGate3083387116\\\\002\\\\config.toml\""
2026-10-09T23:36:10.9759640Z time=2026-10-09T23:32:39.694Z level=INFO msg="audit: config: HOT-RELOAD state=armed tick=1s path=\"C:\\\\Users\\\\RUNNER~1\\\\AppData\\\\Local\\\\Temp\\\\TestAC246ResidentPipelineAsksThroughTheOneGate3083387116\\\\002\\\\config.toml\" goroutine=watchdog owner=config d36_confirm=on restart_notice=on detail=\"本进程会每 tick 重读 config.toml：手改的可热加载段立即生效，锁定段的放宽要先过一张 L2 卡，重启档会明确告知不生效\""
2026-10-09T23:36:10.9760412Z time=2026-10-09T23:32:39.699Z level=INFO msg="audit: wisp run: 风险判定 tool=fs.write level=L1 rules=[R1] reason=\"R1: 工具声明为下界（L1）\""
2026-10-09T23:36:10.9761109Z time=2026-10-09T23:32:39.699Z level=ERROR msg="approval: 卡片无处呈现（本进程没有悬浮球窗口），已 fail-closed 拒绝" corr=host-corr-1 tool=fs.write level=L1
2026-10-09T23:36:10.9762017Z time=2026-10-09T23:32:39.699Z level=INFO msg="audit: approval: L1 prompt failed corr=host-corr-1 tool=fs.write: 常驻进程没有悬浮球窗口，卡片无处呈现"
2026-10-09T23:36:10.9762559Z wisp: [audit] approval: L1 prompt failed corr=host-corr-1 tool=fs.write: 常驻进程没有悬浮球窗口，卡片无处呈现
2026-10-09T23:36:10.9763862Z time=2026-10-09T23:32:39.700Z level=INFO msg="audit: tools: call kind=refused task=host:246-one-gate corr=host-corr-1 tool=fs.write risk=L1 decision=reject outcome=error rules_hit=[R1] in_allowlist_scope=true grant_id=0 reason=\"R1: 工具声明为下界（L1）\""
2026-10-09T23:36:10.9764798Z time=2026-10-09T23:32:39.700Z level=INFO msg="audit: tools: PATH-ACCOUNT task=host:246-one-gate tool=fs.write roots=1 rewritten=[] unusable=[]"
2026-10-09T23:36:10.9765560Z time=2026-10-09T23:32:39.709Z level=INFO msg="audit: wisp run: 风险判定 tool=fs.write level=L1 rules=[R1] reason=\"R1: 工具声明为下界（L1）\""
2026-10-09T23:36:10.9766510Z time=2026-10-09T23:32:39.709Z level=INFO msg="audit: config: HOT-RELOAD state=stopped reason=run-root-cancelled detail=\"轮询协程已退出（本次进程正在收口）；此后对 config.toml 的改动要下一次启动才会被读到\""
2026-10-09T23:36:10.9766857Z --- PASS: TestAC246ResidentPipelineAsksThroughTheOneGate (3.59s)
2026-10-09T23:36:10.9767209Z === RUN   TestAC246ResidentGateInjectionIsRefusedHalfAssembled
2026-10-09T23:36:10.9767873Z time=2026-10-09T23:32:40.868Z level=WARN msg="goroutine outside the D38 roster (leak symptom)" goroutine=mockllm-stdout-reader owner=test
2026-10-09T23:36:10.9769581Z time=2026-10-09T23:32:40.885Z level=INFO msg="resident gate: [risk] tier taken at construction" provenance="defaults (no host config view)" config_path="(no host config view)" window_sec_read=0 confirm_timeout_sec_read=0 gate_window=3s gate_queue_timeout=5m0s scope="construction time only: approval.Gate and Queue copy these in New and nothing re-applies them (ticket 256)"
2026-10-09T23:36:10.9770302Z === RUN   TestAC246ResidentGateInjectionIsRefusedHalfAssembled/gate_without_ledger
2026-10-09T23:36:10.9770882Z 2026/10/09 23:32:40 mockllm: serving on http://127.0.0.1:51364 (golden dir D:\a\wisp\wisp\internal\llm\testdata\golden)
2026-10-09T23:36:10.9771980Z time=2026-10-09T23:32:41.450Z level=INFO msg="pre-migration backup written" component=memory backup=C:\Users\RUNNER~1\AppData\Local\Temp\TestAC246ResidentGateInjectionIsRefusedHalfAssembled3025745732\002\backup\wisp.db.bak-0-1 from=0 to=1
2026-10-09T23:36:10.9772978Z time=2026-10-09T23:32:42.002Z level=INFO msg="schema migration step applied" component=memory from=0 to=1 started_at=2026-10-09T23:32:41Z duration_ms=551
2026-10-09T23:36:10.9774150Z time=2026-10-09T23:32:42.056Z level=INFO msg="pre-migration backup written" component=memory backup=C:\Users\RUNNER~1\AppData\Local\Temp\TestAC246ResidentGateInjectionIsRefusedHalfAssembled3025745732\002\backup\wisp.db.bak-1-2 from=1 to=2
2026-10-09T23:36:10.9774851Z time=2026-10-09T23:32:42.067Z level=INFO msg="schema migration step applied" component=memory from=1 to=2 started_at=2026-10-09T23:32:42Z duration_ms=11
2026-10-09T23:36:10.9775299Z time=2026-10-09T23:32:42.083Z level=INFO msg="schema migration complete" component=memory schema_version=2
2026-10-09T23:36:10.9775914Z time=2026-10-09T23:32:42.085Z level=INFO msg="startup WAL checkpoint (TRUNCATE) done" component=memory wal_pages_before=0 pages_moved=0
2026-10-09T23:36:10.9776791Z time=2026-10-09T23:32:42.085Z level=INFO msg="audit: wisp run: SESSION-MINT id=sess_c917a4495b931b7925f9ca829cadb492 (结束点＝本进程退出，A435 第 2 条)"
2026-10-09T23:36:10.9777180Z === RUN   TestAC246ResidentGateInjectionIsRefusedHalfAssembled/gate_without_surface
2026-10-09T23:36:10.9777766Z time=2026-10-09T23:32:42.095Z level=INFO msg="startup WAL checkpoint (TRUNCATE) done" component=memory wal_pages_before=0 pages_moved=0
2026-10-09T23:36:10.9778507Z time=2026-10-09T23:32:42.095Z level=INFO msg="audit: wisp run: SESSION-MINT id=sess_c9d1548f4a4b7396fdd67d89f1a6ed39 (结束点＝本进程退出，A435 第 2 条)"
2026-10-09T23:36:10.9778838Z --- PASS: TestAC246ResidentGateInjectionIsRefusedHalfAssembled (2.37s)
2026-10-09T23:36:10.9779359Z     --- PASS: TestAC246ResidentGateInjectionIsRefusedHalfAssembled/gate_without_ledger (1.20s)
2026-10-09T23:36:10.9780081Z     --- PASS: TestAC246ResidentGateInjectionIsRefusedHalfAssembled/gate_without_surface (0.01s)
2026-10-09T23:36:10.9780358Z === RUN   TestAC246ResidentTaskRootCancelStopsTheModelCall
2026-10-09T23:36:10.9780969Z time=2026-10-09T23:32:44.415Z level=WARN msg="goroutine outside the D38 roster (leak symptom)" goroutine=mockllm-stdout-reader owner=test
2026-10-09T23:36:10.9782680Z time=2026-10-09T23:32:44.431Z level=INFO msg="resident gate: [risk] tier taken at construction" provenance="defaults (no host config view)" config_path="(no host config view)" window_sec_read=0 confirm_timeout_sec_read=0 gate_window=3s gate_queue_timeout=5m0s scope="construction time only: approval.Gate and Queue copy these in New and nothing re-applies them (ticket 256)"
2026-10-09T23:36:10.9783147Z 2026/10/09 23:32:44 mockllm: serving on http://127.0.0.1:51365 (golden dir D:\a\wisp\wisp\internal\llm\testdata\golden)
2026-10-09T23:36:10.9784648Z time=2026-10-09T23:32:44.729Z level=INFO msg="pre-migration backup written" component=memory backup=C:\Users\RUNNER~1\AppData\Local\Temp\TestAC246ResidentTaskRootCancelStopsTheModelCall3635731226\002\backup\wisp.db.bak-0-1 from=0 to=1
2026-10-09T23:36:10.9785332Z time=2026-10-09T23:32:44.769Z level=INFO msg="schema migration step applied" component=memory from=0 to=1 started_at=2026-10-09T23:32:44Z duration_ms=39
2026-10-09T23:36:10.9786420Z time=2026-10-09T23:32:44.872Z level=INFO msg="pre-migration backup written" component=memory backup=C:\Users\RUNNER~1\AppData\Local\Temp\TestAC246ResidentTaskRootCancelStopsTheModelCall3635731226\002\backup\wisp.db.bak-1-2 from=1 to=2
2026-10-09T23:36:10.9788321Z time=2026-10-09T23:32:44.927Z level=INFO msg="schema migration step applied" component=memory from=1 to=2 started_at=2026-10-09T23:32:44Z duration_ms=54
2026-10-09T23:36:10.9788800Z time=2026-10-09T23:32:45.058Z level=INFO msg="schema migration complete" component=memory schema_version=2
2026-10-09T23:36:10.9789445Z time=2026-10-09T23:32:45.060Z level=INFO msg="startup WAL checkpoint (TRUNCATE) done" component=memory wal_pages_before=0 pages_moved=0
2026-10-09T23:36:10.9790244Z time=2026-10-09T23:32:45.060Z level=INFO msg="audit: wisp run: SESSION-MINT id=sess_dca38e33a603d1caf2076969a06f1041 (结束点＝本进程退出，A435 第 2 条)"
2026-10-09T23:36:10.9791366Z time=2026-10-09T23:32:45.060Z level=INFO msg="audit: perm: MODE-READ origin=startup mode=ask_every_step source=\"C:\\\\Users\\\\RUNNER~1\\\\AppData\\\\Local\\\\Temp\\\\TestAC246ResidentTaskRootCancelStopsTheModelCall3635731226\\\\002\\\\config.toml\""
2026-10-09T23:36:10.9793417Z time=2026-10-09T23:32:45.060Z level=INFO msg="audit: config: HOT-RELOAD state=armed tick=1s path=\"C:\\\\Users\\\\RUNNER~1\\\\AppData\\\\Local\\\\Temp\\\\TestAC246ResidentTaskRootCancelStopsTheModelCall3635731226\\\\002\\\\config.toml\" goroutine=watchdog owner=config d36_confirm=on restart_notice=on detail=\"本进程会每 tick 重读 config.toml：手改的可热加载段立即生效，锁定段的放宽要先过一张 L2 卡，重启档会明确告知不生效\""
2026-10-09T23:36:10.9796399Z time=2026-10-09T23:32:45.060Z level=INFO msg="audit: wisp run: 项目说明加载器 workspace=\"\" globalDir=\"C:\\\\Users\\\\RUNNER~1\\\\AppData\\\\Local\\\\Temp\\\\TestAC246ResidentTaskRootCancelStopsTheModelCall3635731226\\\\002\" enabled=true budget=2300"
2026-10-09T23:36:10.9798226Z time=2026-10-09T23:32:45.061Z level=INFO msg="audit: projctx: projctx: 没有找到任何项目说明文件（工作区逐级向上与数据目录都查过）"
2026-10-09T23:36:10.9799601Z time=2026-10-09T23:32:45.063Z level=INFO msg="panel: SNAPSHOT at=2026-10-09T23:32:45Z depth=0 pending= mode=ask_every_step ws=unset results=1/1 done bytes=1910 sha256=842150c14fd3498a"
2026-10-09T23:36:10.9800574Z time=2026-10-09T23:32:45.063Z level=INFO msg="audit: tools: C25 scope closed task=abef9616-ac1c-4c0c-b4a8-237e27cfd319 was_open=false dropped=0 open_scopes=0 close_err=<nil>"
2026-10-09T23:36:10.9801358Z     resident_task_source_246_windows_test.go:199: AC#7 positive control: live root -> execute code 0, provider chat requests 1
2026-10-09T23:36:10.9802528Z time=2026-10-09T23:32:45.181Z level=INFO msg="audit: resident-approval: 退出第 3 步完成：拒绝待批卡片 0 张、作废 L1 窗口 0 张、路由失败 0 张；任务根已取消，无等待残留"
2026-10-09T23:36:10.9804161Z wisp: [audit] resident-approval: 退出第 3 步完成：拒绝待批卡片 0 张、作废 L1 窗口 0 张、路由失败 0 张；任务根已取消，无等待残留
2026-10-09T23:36:10.9806106Z time=2026-10-09T23:32:45.181Z level=INFO msg="audit: wisp run: 项目说明加载器 workspace=\"\" globalDir=\"C:\\\\Users\\\\RUNNER~1\\\\AppData\\\\Local\\\\Temp\\\\TestAC246ResidentTaskRootCancelStopsTheModelCall3635731226\\\\002\" enabled=true budget=2300"
2026-10-09T23:36:10.9806982Z time=2026-10-09T23:32:45.181Z level=INFO msg="panel: SNAPSHOT at=2026-10-09T23:32:45Z depth=0 pending= mode=ask_every_step ws=unset results=2/2 done bytes=2358 sha256=1d633205ac8cde46"
2026-10-09T23:36:10.9807871Z time=2026-10-09T23:32:45.181Z level=INFO msg="audit: tools: C25 scope closed task=eca81662-1572-4f8f-9f38-b0bc275eabde was_open=false dropped=0 open_scopes=0 close_err=<nil>"
2026-10-09T23:36:10.9808576Z time=2026-10-09T23:32:45.181Z level=INFO msg="audit: wisp run: 后台任务的输出没有进名册：这个任务没有留下正文（空正文不进名册，免得「查不到」和「没打印」被读成同一件事）"
2026-10-09T23:36:10.9809382Z     resident_task_source_246_windows_test.go:225: AC#7 READING (ruling 2.3): after step 3's cancel, execute -> exit 1, provider requests 1 -> 1
2026-10-09T23:36:10.9810378Z time=2026-10-09T23:32:45.182Z level=INFO msg="audit: config: HOT-RELOAD state=stopped reason=run-root-cancelled detail=\"轮询协程已退出（本次进程正在收口）；此后对 config.toml 的改动要下一次启动才会被读到\""
2026-10-09T23:36:10.9811008Z --- PASS: TestAC246ResidentTaskRootCancelStopsTheModelCall (3.16s)
2026-10-09T23:36:10.9811234Z === RUN   TestAC246TestTaskInjectionPredicate
2026-10-09T23:36:10.9811939Z === RUN   TestAC246TestTaskInjectionPredicate/accepted_in_the_harness'_own_root
2026-10-09T23:36:10.9812287Z === RUN   TestAC246TestTaskInjectionPredicate/refused_outside_test
2026-10-09T23:36:10.9812717Z === RUN   TestAC246TestTaskInjectionPredicate/refused_when_the_root_is_not_the_harness'_own
2026-10-09T23:36:10.9813033Z === RUN   TestAC246TestTaskInjectionPredicate/unset_is_silent
2026-10-09T23:36:10.9813476Z === RUN   TestAC246TestTaskInjectionPredicate/a_refusal_never_carries_the_whole_text
2026-10-09T23:36:10.9813725Z --- PASS: TestAC246TestTaskInjectionPredicate (0.00s)
2026-10-09T23:36:10.9814269Z     --- PASS: TestAC246TestTaskInjectionPredicate/accepted_in_the_harness'_own_root (0.00s)
2026-10-09T23:36:10.9814688Z     --- PASS: TestAC246TestTaskInjectionPredicate/refused_outside_test (0.00s)
2026-10-09T23:36:10.9815306Z     --- PASS: TestAC246TestTaskInjectionPredicate/refused_when_the_root_is_not_the_harness'_own (0.00s)
2026-10-09T23:36:10.9815736Z     --- PASS: TestAC246TestTaskInjectionPredicate/unset_is_silent (0.00s)
2026-10-09T23:36:10.9816278Z     --- PASS: TestAC246TestTaskInjectionPredicate/a_refusal_never_carries_the_whole_text (0.00s)
2026-10-09T23:36:10.9816674Z === RUN   TestAC246ShippedResidentLegWithoutConsoleRefusesItsTaskEntry
2026-10-09T23:36:10.9818079Z     resident_task_source_246_windows_test.go:340: resident sink C:\Users\RUNNER~1\AppData\Local\Temp\TestAC246ShippedResidentLegWithoutConsoleRefusesItsTaskEntry2605511943\002\logs: 1 file(s), 20 record(s)
2026-10-09T23:36:10.9818531Z --- PASS: TestAC246ShippedResidentLegWithoutConsoleRefusesItsTaskEntry (3.39s)
2026-10-09T23:36:10.9818925Z === RUN   TestAC246ShippedResidentLegTakesTheInjectionAndAttemptsThePipeline
2026-10-09T23:36:10.9820219Z     resident_task_source_246_windows_test.go:401: resident sink C:\Users\RUNNER~1\AppData\Local\Temp\TestAC246ShippedResidentLegTakesTheInjectionAndAttemptsThePipeli2869656080\002\logs: 1 file(s), 21 record(s)
2026-10-09T23:36:10.9820718Z --- PASS: TestAC246ShippedResidentLegTakesTheInjectionAndAttemptsThePipeline (4.71s)
2026-10-09T23:36:10.9820962Z === RUN   TestAC246DevLegIgnoresTheTestTaskInjection
2026-10-09T23:36:10.9821313Z --- PASS: TestAC246DevLegIgnoresTheTestTaskInjection (6.59s)
2026-10-09T23:36:10.9821603Z === RUN   TestTicket255RestartTierKeysAreBackedByATest
2026-10-09T23:36:10.9821915Z === RUN   TestTicket255RestartTierKeysAreBackedByATest/app.language
2026-10-09T23:36:10.9822283Z === RUN   TestTicket255RestartTierKeysAreBackedByATest/app.autostart
2026-10-09T23:36:10.9822628Z === RUN   TestTicket255RestartTierKeysAreBackedByATest/app.single_instance
2026-10-09T23:36:10.9822964Z --- PASS: TestTicket255RestartTierKeysAreBackedByATest (0.10s)
2026-10-09T23:36:10.9823448Z     --- PASS: TestTicket255RestartTierKeysAreBackedByATest/app.language (0.02s)
2026-10-09T23:36:10.9823885Z     --- PASS: TestTicket255RestartTierKeysAreBackedByATest/app.autostart (0.02s)
2026-10-09T23:36:10.9824393Z     --- PASS: TestTicket255RestartTierKeysAreBackedByATest/app.single_instance (0.03s)
2026-10-09T23:36:10.9824771Z === RUN   TestTicket101ManualSwitchSurvivesRestart
2026-10-09T23:36:10.9825382Z time=2026-10-09T23:33:01.128Z level=WARN msg="goroutine outside the D38 roster (leak symptom)" goroutine=mockllm-stdout-reader owner=test
2026-10-09T23:36:10.9826531Z time=2026-10-09T23:33:01.142Z level=INFO msg="wisp: persistent log sink installed" dir=C:\Users\RUNNER~1\AppData\Local\Temp\TestTicket101ManualSwitchSurvivesRestart4257888708\002\logs min_level=info early_records=0 early_dropped=0
2026-10-09T23:36:10.9827082Z 2026/10/09 23:33:01 mockllm: serving on http://127.0.0.1:51401 (golden dir D:\a\wisp\wisp\internal\llm\testdata\golden)
2026-10-09T23:36:10.9828216Z time=2026-10-09T23:33:01.206Z level=INFO msg="pre-migration backup written" component=memory backup=C:\Users\RUNNER~1\AppData\Local\Temp\TestTicket101ManualSwitchSurvivesRestart4257888708\002\backup\wisp.db.bak-0-1 from=0 to=1
2026-10-09T23:36:10.9828881Z time=2026-10-09T23:33:01.238Z level=INFO msg="schema migration step applied" component=memory from=0 to=1 started_at=2026-10-09T23:33:01Z duration_ms=31
2026-10-09T23:36:10.9830018Z time=2026-10-09T23:33:01.348Z level=INFO msg="pre-migration backup written" component=memory backup=C:\Users\RUNNER~1\AppData\Local\Temp\TestTicket101ManualSwitchSurvivesRestart4257888708\002\backup\wisp.db.bak-1-2 from=1 to=2
2026-10-09T23:36:10.9831011Z time=2026-10-09T23:33:01.404Z level=INFO msg="schema migration step applied" component=memory from=1 to=2 started_at=2026-10-09T23:33:01Z duration_ms=55
2026-10-09T23:36:10.9831489Z time=2026-10-09T23:33:01.448Z level=INFO msg="schema migration complete" component=memory schema_version=2
2026-10-09T23:36:10.9832126Z time=2026-10-09T23:33:01.450Z level=INFO msg="startup WAL checkpoint (TRUNCATE) done" component=memory wal_pages_before=0 pages_moved=0
2026-10-09T23:36:10.9833732Z time=2026-10-09T23:33:01.452Z level=INFO msg="config: wrote merged change into config.toml (ticket 226: only the keys listed changed value, every other key keeps the value the file already held; the file is re-laid in canonical form, so comments and hand-chosen key order are not preserved)" key=risk.permission_mode wrote=[risk.permission_mode]
2026-10-09T23:36:10.9835471Z time=2026-10-09T23:33:01.454Z level=INFO msg="config: wrote merged change into config.toml (ticket 226: only the keys listed changed value, every other key keeps the value the file already held; the file is re-laid in canonical form, so comments and hand-chosen key order are not preserved)" key=risk.permission_mode wrote=[risk.permission_mode]
2026-10-09T23:36:10.9836584Z time=2026-10-09T23:33:01.582Z level=INFO msg="wisp: persistent log sink installed" dir=C:\Users\RUNNER~1\AppData\Local\Temp\TestTicket101ManualSwitchSurvivesRestart4257888708\002\logs min_level=info early_records=0 early_dropped=0
2026-10-09T23:36:10.9837214Z time=2026-10-09T23:33:01.592Z level=INFO msg="startup WAL checkpoint (TRUNCATE) done" component=memory wal_pages_before=0 pages_moved=0
2026-10-09T23:36:10.9837547Z --- PASS: TestTicket101ManualSwitchSurvivesRestart (42.37s)
2026-10-09T23:36:10.9837800Z === RUN   TestTicket101UntouchedConfigRestartsAtDefault
2026-10-09T23:36:10.9838446Z time=2026-10-09T23:33:45.021Z level=WARN msg="goroutine outside the D38 roster (leak symptom)" goroutine=mockllm-stdout-reader owner=test
2026-10-09T23:36:10.9839602Z time=2026-10-09T23:33:45.035Z level=INFO msg="wisp: persistent log sink installed" dir=C:\Users\RUNNER~1\AppData\Local\Temp\TestTicket101UntouchedConfigRestartsAtDefault2446881651\002\logs min_level=info early_records=0 early_dropped=0
2026-10-09T23:36:10.9840103Z 2026/10/09 23:33:45 mockllm: serving on http://127.0.0.1:53759 (golden dir D:\a\wisp\wisp\internal\llm\testdata\golden)
2026-10-09T23:36:10.9841270Z time=2026-10-09T23:33:45.225Z level=INFO msg="pre-migration backup written" component=memory backup=C:\Users\RUNNER~1\AppData\Local\Temp\TestTicket101UntouchedConfigRestartsAtDefault2446881651\002\backup\wisp.db.bak-0-1 from=0 to=1
2026-10-09T23:36:10.9842086Z time=2026-10-09T23:33:45.422Z level=INFO msg="schema migration step applied" component=memory from=0 to=1 started_at=2026-10-09T23:33:45Z duration_ms=197
2026-10-09T23:36:10.9843243Z time=2026-10-09T23:33:45.663Z level=INFO msg="pre-migration backup written" component=memory backup=C:\Users\RUNNER~1\AppData\Local\Temp\TestTicket101UntouchedConfigRestartsAtDefault2446881651\002\backup\wisp.db.bak-1-2 from=1 to=2
2026-10-09T23:36:10.9843915Z time=2026-10-09T23:33:46.050Z level=INFO msg="schema migration step applied" component=memory from=1 to=2 started_at=2026-10-09T23:33:45Z duration_ms=387
2026-10-09T23:36:10.9844416Z time=2026-10-09T23:33:46.793Z level=INFO msg="schema migration complete" component=memory schema_version=2
2026-10-09T23:36:10.9845049Z time=2026-10-09T23:33:46.794Z level=INFO msg="startup WAL checkpoint (TRUNCATE) done" component=memory wal_pages_before=0 pages_moved=0
2026-10-09T23:36:10.9846172Z time=2026-10-09T23:33:49.039Z level=INFO msg="wisp: persistent log sink installed" dir=C:\Users\RUNNER~1\AppData\Local\Temp\TestTicket101UntouchedConfigRestartsAtDefault2446881651\002\logs min_level=info early_records=0 early_dropped=0
2026-10-09T23:36:10.9846810Z time=2026-10-09T23:33:49.050Z level=INFO msg="startup WAL checkpoint (TRUNCATE) done" component=memory wal_pages_before=0 pages_moved=0
2026-10-09T23:36:10.9847968Z time=2026-10-09T23:33:51.086Z level=INFO msg="wisp: persistent log sink installed" dir=C:\Users\RUNNER~1\AppData\Local\Temp\TestTicket101UntouchedConfigRestartsAtDefault2446881651\002\logs min_level=info early_records=0 early_dropped=0
2026-10-09T23:36:10.9848544Z time=2026-10-09T23:33:51.096Z level=INFO msg="startup WAL checkpoint (TRUNCATE) done" component=memory wal_pages_before=0 pages_moved=0
2026-10-09T23:36:10.9849035Z     run_mode101_test.go:381: the key is still absent after 3 cold starts, as expected:
2026-10-09T23:36:10.9849287Z         schema_version = 2
2026-10-09T23:36:10.9849436Z         
2026-10-09T23:36:10.9849639Z         [llm]
2026-10-09T23:36:10.9849897Z         text_chain = ["acme/m1"]
2026-10-09T23:36:10.9850038Z         
2026-10-09T23:36:10.9850254Z         [llm.retry]
2026-10-09T23:36:10.9850457Z         max = 1
2026-10-09T23:36:10.9850643Z         backoff_ms = 1
2026-10-09T23:36:10.9850827Z         
2026-10-09T23:36:10.9851233Z         [llm.providers.acme]
2026-10-09T23:36:10.9851503Z         protocol = "openai-chat"
2026-10-09T23:36:10.9851818Z         base_url = "http://127.0.0.1:53759/v1"
2026-10-09T23:36:10.9853400Z         api_key_ref = "dpapi:acme"
2026-10-09T23:36:10.9853605Z         
2026-10-09T23:36:10.9853907Z         [llm.providers.acme.models.m1]
2026-10-09T23:36:10.9854384Z         # 261-r2: explicit enabled, same reason as run_test.go's fixture comment.
2026-10-09T23:36:10.9854616Z         enabled = true
2026-10-09T23:36:10.9854829Z         context_window = 128000
2026-10-09T23:36:10.9855007Z         
2026-10-09T23:36:10.9855202Z         [fs]
2026-10-09T23:36:10.9856000Z         allowed_dirs = ["C:/Users/RUNNER~1/AppData/Local/Temp/TestTicket101UntouchedConfigRestartsAtDefault2446881651/002"]
2026-10-09T23:36:10.9856195Z         
2026-10-09T23:36:10.9856392Z         [risk]
2026-10-09T23:36:10.9856585Z         l1_window_sec = 1
2026-10-09T23:36:10.9856851Z         confirm_timeout_sec = 40
2026-10-09T23:36:10.9857208Z --- PASS: TestTicket101UntouchedConfigRestartsAtDefault (10.71s)
2026-10-09T23:36:10.9857464Z === RUN   TestTicket101SessionGrantDoesNotCrossRestart
2026-10-09T23:36:10.9858115Z time=2026-10-09T23:33:54.082Z level=WARN msg="goroutine outside the D38 roster (leak symptom)" goroutine=mockllm-stdout-reader owner=test
2026-10-09T23:36:10.9859281Z time=2026-10-09T23:33:54.098Z level=INFO msg="wisp: persistent log sink installed" dir=C:\Users\RUNNER~1\AppData\Local\Temp\TestTicket101SessionGrantDoesNotCrossRestart14911094\002\logs min_level=info early_records=0 early_dropped=0
2026-10-09T23:36:10.9859866Z 2026/10/09 23:33:54 mockllm: serving on http://127.0.0.1:64454 (golden dir D:\a\wisp\wisp\internal\llm\testdata\golden)
2026-10-09T23:36:10.9861216Z time=2026-10-09T23:33:54.128Z level=INFO msg="pre-migration backup written" component=memory backup=C:\Users\RUNNER~1\AppData\Local\Temp\TestTicket101SessionGrantDoesNotCrossRestart14911094\002\backup\wisp.db.bak-0-1 from=0 to=1
2026-10-09T23:36:10.9861913Z time=2026-10-09T23:33:54.136Z level=INFO msg="schema migration step applied" component=memory from=0 to=1 started_at=2026-10-09T23:33:54Z duration_ms=7
2026-10-09T23:36:10.9863054Z time=2026-10-09T23:33:54.153Z level=INFO msg="pre-migration backup written" component=memory backup=C:\Users\RUNNER~1\AppData\Local\Temp\TestTicket101SessionGrantDoesNotCrossRestart14911094\002\backup\wisp.db.bak-1-2 from=1 to=2
2026-10-09T23:36:10.9863751Z time=2026-10-09T23:33:54.161Z level=INFO msg="schema migration step applied" component=memory from=1 to=2 started_at=2026-10-09T23:33:54Z duration_ms=7
2026-10-09T23:36:10.9864253Z time=2026-10-09T23:33:54.182Z level=INFO msg="schema migration complete" component=memory schema_version=2
2026-10-09T23:36:10.9864885Z time=2026-10-09T23:33:54.183Z level=INFO msg="startup WAL checkpoint (TRUNCATE) done" component=memory wal_pages_before=0 pages_moved=0
2026-10-09T23:36:10.9865994Z time=2026-10-09T23:34:34.289Z level=INFO msg="wisp: persistent log sink installed" dir=C:\Users\RUNNER~1\AppData\Local\Temp\TestTicket101SessionGrantDoesNotCrossRestart14911094\002\logs min_level=info early_records=0 early_dropped=0
2026-10-09T23:36:10.9866604Z time=2026-10-09T23:34:34.299Z level=INFO msg="startup WAL checkpoint (TRUNCATE) done" component=memory wal_pages_before=0 pages_moved=0
2026-10-09T23:36:10.9867232Z time=2026-10-09T23:35:14.413Z level=INFO msg="startup WAL checkpoint (TRUNCATE) done" component=memory wal_pages_before=0 pages_moved=0
2026-10-09T23:36:10.9867541Z --- PASS: TestTicket101SessionGrantDoesNotCrossRestart (81.28s)
2026-10-09T23:36:10.9867810Z === RUN   TestTicket101ModeSwitchUsesTheRealL2Gate
2026-10-09T23:36:10.9868447Z time=2026-10-09T23:35:15.439Z level=WARN msg="goroutine outside the D38 roster (leak symptom)" goroutine=mockllm-stdout-reader owner=test
2026-10-09T23:36:10.9869541Z time=2026-10-09T23:35:15.455Z level=INFO msg="wisp: persistent log sink installed" dir=C:\Users\RUNNER~1\AppData\Local\Temp\TestTicket101ModeSwitchUsesTheRealL2Gate3520288853\002\logs min_level=info early_records=0 early_dropped=0
2026-10-09T23:36:10.9870401Z 2026/10/09 23:35:15 mockllm: serving on http://127.0.0.1:61439 (golden dir D:\a\wisp\wisp\internal\llm\testdata\golden)
2026-10-09T23:36:10.9871835Z time=2026-10-09T23:35:15.547Z level=INFO msg="pre-migration backup written" component=memory backup=C:\Users\RUNNER~1\AppData\Local\Temp\TestTicket101ModeSwitchUsesTheRealL2Gate3520288853\002\backup\wisp.db.bak-0-1 from=0 to=1
2026-10-09T23:36:10.9872816Z time=2026-10-09T23:35:15.587Z level=INFO msg="schema migration step applied" component=memory from=0 to=1 started_at=2026-10-09T23:35:15Z duration_ms=39
2026-10-09T23:36:10.9873953Z time=2026-10-09T23:35:15.628Z level=INFO msg="pre-migration backup written" component=memory backup=C:\Users\RUNNER~1\AppData\Local\Temp\TestTicket101ModeSwitchUsesTheRealL2Gate3520288853\002\backup\wisp.db.bak-1-2 from=1 to=2
2026-10-09T23:36:10.9874660Z time=2026-10-09T23:35:15.665Z level=INFO msg="schema migration step applied" component=memory from=1 to=2 started_at=2026-10-09T23:35:15Z duration_ms=37
2026-10-09T23:36:10.9875165Z time=2026-10-09T23:35:15.706Z level=INFO msg="schema migration complete" component=memory schema_version=2
2026-10-09T23:36:10.9875752Z time=2026-10-09T23:35:15.708Z level=INFO msg="startup WAL checkpoint (TRUNCATE) done" component=memory wal_pages_before=0 pages_moved=0
2026-10-09T23:36:10.9876066Z --- PASS: TestTicket101ModeSwitchUsesTheRealL2Gate (1.64s)
2026-10-09T23:36:10.9876575Z === RUN   TestTicket101UnreadableModeFailsLoudlyAndStrict
2026-10-09T23:36:10.9877179Z time=2026-10-09T23:35:17.081Z level=WARN msg="goroutine outside the D38 roster (leak symptom)" goroutine=mockllm-stdout-reader owner=test
2026-10-09T23:36:10.9878527Z time=2026-10-09T23:35:17.096Z level=INFO msg="wisp: persistent log sink installed" dir=C:\Users\RUNNER~1\AppData\Local\Temp\TestTicket101UnreadableModeFailsLoudlyAndStrict2060285492\002\logs min_level=info early_records=0 early_dropped=0
2026-10-09T23:36:10.9879060Z 2026/10/09 23:35:17 mockllm: serving on http://127.0.0.1:61446 (golden dir D:\a\wisp\wisp\internal\llm\testdata\golden)
2026-10-09T23:36:10.9881304Z time=2026-10-09T23:35:17.147Z level=INFO msg="pre-migration backup written" component=memory backup=C:\Users\RUNNER~1\AppData\Local\Temp\TestTicket101UnreadableModeFailsLoudlyAndStrict2060285492\002\backup\wisp.db.bak-0-1 from=0 to=1
2026-10-09T23:36:10.9882089Z time=2026-10-09T23:35:17.159Z level=INFO msg="schema migration step applied" component=memory from=0 to=1 started_at=2026-10-09T23:35:17Z duration_ms=11
2026-10-09T23:36:10.9883220Z time=2026-10-09T23:35:17.205Z level=INFO msg="pre-migration backup written" component=memory backup=C:\Users\RUNNER~1\AppData\Local\Temp\TestTicket101UnreadableModeFailsLoudlyAndStrict2060285492\002\backup\wisp.db.bak-1-2 from=1 to=2
2026-10-09T23:36:10.9883776Z time=2026-10-09T23:35:17.243Z level=INFO msg="schema migration step applied" component=memory from=1 to=2 started_at=2026-10-09T23:35:17Z duration_ms=37
2026-10-09T23:36:10.9884119Z time=2026-10-09T23:35:17.285Z level=INFO msg="schema migration complete" component=memory schema_version=2
2026-10-09T23:36:10.9884545Z time=2026-10-09T23:35:17.286Z level=INFO msg="startup WAL checkpoint (TRUNCATE) done" component=memory wal_pages_before=0 pages_moved=0
2026-10-09T23:36:10.9884889Z     run_mode101_test.go:604: control log for reference (no fail-closed line expected here):
2026-10-09T23:36:10.9885892Z         wisp run: 配置热加载已接管（每 1s 检查一次 config.toml）。手改会按 D36 三档处理：可热加载段立即生效；[risk]/[fs]/[net]/[plugins] 的放宽要先答一张 L2 卡，不答按拒绝保留旧值；重启档的改动本次不生效，会另有一句告诉你为什么不生效。
2026-10-09T23:36:10.9886122Z         echo: ## scene
2026-10-09T23:36:10.9886436Z         当前时间：2026-10-09 23:35 +00:00
2026-10-09T23:36:10.9887206Z         wisp run: 任务 b280f1e4-c991-40c4-85aa-159e0392b171 结束（completed，1 轮，0 次工具调用，成本 0 CNY（未计价））
2026-10-09T23:36:10.9887506Z         wisp run: 回复已完成
2026-10-09T23:36:10.9888319Z         [audit] wisp run: SESSION-MINT id=sess_e00b119397387b7da9bcf0efa5316df9 (结束点＝本进程退出，A435 第 2 条)
2026-10-09T23:36:10.9888551Z         [audit] p
2026-10-09T23:36:10.9889035Z === RUN   TestTicket101UnreadableModeFailsLoudlyAndStrict/存储损坏
2026-10-09T23:36:10.9891572Z time=2026-10-09T23:35:17.378Z level=INFO msg="wisp: persistent log sink installed" dir=C:\Users\RUNNER~1\AppData\Local\Temp\TestTicket101UnreadableModeFailsLoudlyAndStrict存储损坏478781168\001\logs min_level=info early_records=0 early_dropped=0
2026-10-09T23:36:10.9892115Z === RUN   TestTicket101UnreadableModeFailsLoudlyAndStrict/版本不认识
2026-10-09T23:36:10.9893656Z time=2026-10-09T23:35:17.407Z level=INFO msg="wisp: persistent log sink installed" dir=C:\Users\RUNNER~1\AppData\Local\Temp\TestTicket101UnreadableModeFailsLoudlyAndStrict版本不认识72209812\001\logs min_level=info early_records=0 early_dropped=0
2026-10-09T23:36:10.9894097Z === RUN   TestTicket101UnreadableModeFailsLoudlyAndStrict/权限读不到
2026-10-09T23:36:10.9895652Z time=2026-10-09T23:35:17.443Z level=INFO msg="wisp: persistent log sink installed" dir=C:\Users\RUNNER~1\AppData\Local\Temp\TestTicket101UnreadableModeFailsLoudlyAndStrict权限读不到903586936\001\logs min_level=info early_records=0 early_dropped=0
2026-10-09T23:36:10.9896061Z --- PASS: TestTicket101UnreadableModeFailsLoudlyAndStrict (1.40s)
2026-10-09T23:36:10.9896636Z     --- PASS: TestTicket101UnreadableModeFailsLoudlyAndStrict/存储损坏 (0.03s)
2026-10-09T23:36:10.9897170Z     --- PASS: TestTicket101UnreadableModeFailsLoudlyAndStrict/版本不认识 (0.04s)
2026-10-09T23:36:10.9897756Z     --- PASS: TestTicket101UnreadableModeFailsLoudlyAndStrict/权限读不到 (0.02s)
2026-10-09T23:36:10.9897966Z === RUN   TestRunTextTaskTextPathEndToEnd
2026-10-09T23:36:10.9898664Z time=2026-10-09T23:35:18.483Z level=WARN msg="goroutine outside the D38 roster (leak symptom)" goroutine=mockllm-stdout-reader owner=test
2026-10-09T23:36:10.9899991Z time=2026-10-09T23:35:18.498Z level=INFO msg="wisp: persistent log sink installed" dir=C:\Users\RUNNER~1\AppData\Local\Temp\TestRunTextTaskTextPathEndToEnd4114497813\002\logs min_level=info early_records=0 early_dropped=0
2026-10-09T23:36:10.9900803Z 2026/10/09 23:35:18 mockllm: serving on http://127.0.0.1:61448 (golden dir D:\a\wisp\wisp\internal\llm\testdata\golden)
2026-10-09T23:36:10.9901484Z time=2026-10-09T23:35:18.554Z level=INFO msg="pre-migration backup written" component=memory backup=C:\Users\RUNNER~1\AppData\Local\Temp\TestRunTextTaskTextPathEndToEnd4114497813\002\backup\wisp.db.bak-0-1 from=0 to=1
2026-10-09T23:36:10.9901991Z time=2026-10-09T23:35:18.573Z level=INFO msg="schema migration step applied" component=memory from=0 to=1 started_at=2026-10-09T23:35:18Z duration_ms=19
2026-10-09T23:36:10.9902779Z time=2026-10-09T23:35:18.612Z level=INFO msg="pre-migration backup written" component=memory backup=C:\Users\RUNNER~1\AppData\Local\Temp\TestRunTextTaskTextPathEndToEnd4114497813\002\backup\wisp.db.bak-1-2 from=1 to=2
2026-10-09T23:36:10.9903366Z time=2026-10-09T23:35:18.650Z level=INFO msg="schema migration step applied" component=memory from=1 to=2 started_at=2026-10-09T23:35:18Z duration_ms=37
2026-10-09T23:36:10.9903822Z time=2026-10-09T23:35:18.723Z level=INFO msg="schema migration complete" component=memory schema_version=2
2026-10-09T23:36:10.9904411Z time=2026-10-09T23:35:18.725Z level=INFO msg="startup WAL checkpoint (TRUNCATE) done" component=memory wal_pages_before=0 pages_moved=0
2026-10-09T23:36:10.9904952Z time=2026-10-09T23:35:18.808Z level=INFO msg="startup WAL checkpoint (TRUNCATE) done" component=memory wal_pages_before=0 pages_moved=0
2026-10-09T23:36:10.9905222Z --- PASS: TestRunTextTaskTextPathEndToEnd (1.35s)
2026-10-09T23:36:10.9905426Z === RUN   TestRunTextTaskFailNextIsClassified
2026-10-09T23:36:10.9905873Z time=2026-10-09T23:35:19.833Z level=WARN msg="goroutine outside the D38 roster (leak symptom)" goroutine=mockllm-stdout-reader owner=test
2026-10-09T23:36:10.9906780Z 2026/10/09 23:35:19 mockllm: serving on http://127.0.0.1:61450 (golden dir D:\a\wisp\wisp\internal\llm\testdata\golden)
2026-10-09T23:36:10.9908713Z time=2026-10-09T23:35:19.870Z level=INFO msg="wisp: persistent log sink installed" dir=C:\Users\RUNNER~1\AppData\Local\Temp\TestRunTextTaskFailNextIsClassified557820556\002\logs min_level=info early_records=0 early_dropped=0
2026-10-09T23:36:10.9910630Z time=2026-10-09T23:35:19.935Z level=INFO msg="pre-migration backup written" component=memory backup=C:\Users\RUNNER~1\AppData\Local\Temp\TestRunTextTaskFailNextIsClassified557820556\002\backup\wisp.db.bak-0-1 from=0 to=1
2026-10-09T23:36:10.9911371Z time=2026-10-09T23:35:19.965Z level=INFO msg="schema migration step applied" component=memory from=0 to=1 started_at=2026-10-09T23:35:19Z duration_ms=29
2026-10-09T23:36:10.9912503Z time=2026-10-09T23:35:20.008Z level=INFO msg="pre-migration backup written" component=memory backup=C:\Users\RUNNER~1\AppData\Local\Temp\TestRunTextTaskFailNextIsClassified557820556\002\backup\wisp.db.bak-1-2 from=1 to=2
2026-10-09T23:36:10.9913226Z time=2026-10-09T23:35:20.060Z level=INFO msg="schema migration step applied" component=memory from=1 to=2 started_at=2026-10-09T23:35:20Z duration_ms=51
2026-10-09T23:36:10.9913695Z time=2026-10-09T23:35:20.097Z level=INFO msg="schema migration complete" component=memory schema_version=2
2026-10-09T23:36:10.9914341Z time=2026-10-09T23:35:20.099Z level=INFO msg="startup WAL checkpoint (TRUNCATE) done" component=memory wal_pages_before=0 pages_moved=0
2026-10-09T23:36:10.9914971Z time=2026-10-09T23:35:20.191Z level=INFO msg="startup WAL checkpoint (TRUNCATE) done" component=memory wal_pages_before=0 pages_moved=0
2026-10-09T23:36:10.9915235Z --- PASS: TestRunTextTaskFailNextIsClassified (1.38s)
2026-10-09T23:36:10.9915534Z === RUN   TestHostDispatchThroughTheAssembledBridge
2026-10-09T23:36:10.9916201Z time=2026-10-09T23:35:21.227Z level=WARN msg="goroutine outside the D38 roster (leak symptom)" goroutine=mockllm-stdout-reader owner=test
2026-10-09T23:36:10.9917451Z time=2026-10-09T23:35:21.243Z level=INFO msg="wisp: persistent log sink installed" dir=C:\Users\RUNNER~1\AppData\Local\Temp\TestHostDispatchThroughTheAssembledBridge1403994913\002\logs min_level=info early_records=0 early_dropped=0
2026-10-09T23:36:10.9918023Z 2026/10/09 23:35:21 mockllm: serving on http://127.0.0.1:61453 (golden dir D:\a\wisp\wisp\internal\llm\testdata\golden)
2026-10-09T23:36:10.9919195Z time=2026-10-09T23:35:21.328Z level=INFO msg="pre-migration backup written" component=memory backup=C:\Users\RUNNER~1\AppData\Local\Temp\TestHostDispatchThroughTheAssembledBridge1403994913\002\backup\wisp.db.bak-0-1 from=0 to=1
2026-10-09T23:36:10.9919842Z time=2026-10-09T23:35:21.359Z level=INFO msg="schema migration step applied" component=memory from=0 to=1 started_at=2026-10-09T23:35:21Z duration_ms=31
2026-10-09T23:36:10.9920991Z time=2026-10-09T23:35:21.427Z level=INFO msg="pre-migration backup written" component=memory backup=C:\Users\RUNNER~1\AppData\Local\Temp\TestHostDispatchThroughTheAssembledBridge1403994913\002\backup\wisp.db.bak-1-2 from=1 to=2
2026-10-09T23:36:10.9921984Z time=2026-10-09T23:35:21.463Z level=INFO msg="schema migration step applied" component=memory from=1 to=2 started_at=2026-10-09T23:35:21Z duration_ms=35
2026-10-09T23:36:10.9922507Z time=2026-10-09T23:35:21.510Z level=INFO msg="schema migration complete" component=memory schema_version=2
2026-10-09T23:36:10.9923103Z time=2026-10-09T23:35:21.511Z level=INFO msg="startup WAL checkpoint (TRUNCATE) done" component=memory wal_pages_before=0 pages_moved=0
2026-10-09T23:36:10.9923738Z time=2026-10-09T23:35:21.590Z level=INFO msg="startup WAL checkpoint (TRUNCATE) done" component=memory wal_pages_before=0 pages_moved=0
2026-10-09T23:36:10.9924078Z --- PASS: TestHostDispatchThroughTheAssembledBridge (1.40s)
2026-10-09T23:36:10.9924319Z === RUN   TestComposedGateBlocksAWriteForTwoSeconds
2026-10-09T23:36:10.9924962Z time=2026-10-09T23:35:22.612Z level=WARN msg="goroutine outside the D38 roster (leak symptom)" goroutine=mockllm-stdout-reader owner=test
2026-10-09T23:36:10.9926138Z time=2026-10-09T23:35:22.627Z level=INFO msg="wisp: persistent log sink installed" dir=C:\Users\RUNNER~1\AppData\Local\Temp\TestComposedGateBlocksAWriteForTwoSeconds3602540196\002\logs min_level=info early_records=0 early_dropped=0
2026-10-09T23:36:10.9926753Z 2026/10/09 23:35:22 mockllm: serving on http://127.0.0.1:61455 (golden dir D:\a\wisp\wisp\internal\llm\testdata\golden)
2026-10-09T23:36:10.9927910Z time=2026-10-09T23:35:22.721Z level=INFO msg="pre-migration backup written" component=memory backup=C:\Users\RUNNER~1\AppData\Local\Temp\TestComposedGateBlocksAWriteForTwoSeconds3602540196\002\backup\wisp.db.bak-0-1 from=0 to=1
2026-10-09T23:36:10.9928608Z time=2026-10-09T23:35:22.762Z level=INFO msg="schema migration step applied" component=memory from=0 to=1 started_at=2026-10-09T23:35:22Z duration_ms=41
2026-10-09T23:36:10.9929705Z time=2026-10-09T23:35:22.816Z level=INFO msg="pre-migration backup written" component=memory backup=C:\Users\RUNNER~1\AppData\Local\Temp\TestComposedGateBlocksAWriteForTwoSeconds3602540196\002\backup\wisp.db.bak-1-2 from=1 to=2
2026-10-09T23:36:10.9930412Z time=2026-10-09T23:35:22.870Z level=INFO msg="schema migration step applied" component=memory from=1 to=2 started_at=2026-10-09T23:35:22Z duration_ms=54
2026-10-09T23:36:10.9930909Z time=2026-10-09T23:35:22.914Z level=INFO msg="schema migration complete" component=memory schema_version=2
2026-10-09T23:36:10.9931556Z time=2026-10-09T23:35:22.916Z level=INFO msg="startup WAL checkpoint (TRUNCATE) done" component=memory wal_pages_before=0 pages_moved=0
2026-10-09T23:36:10.9932133Z time=2026-10-09T23:35:25.034Z level=INFO msg="startup WAL checkpoint (TRUNCATE) done" component=memory wal_pages_before=0 pages_moved=0
2026-10-09T23:36:10.9932469Z --- PASS: TestComposedGateBlocksAWriteForTwoSeconds (3.44s)
2026-10-09T23:36:10.9932736Z === RUN   TestRunTextTaskKeyResolvesInTheStore
2026-10-09T23:36:10.9933444Z time=2026-10-09T23:35:26.102Z level=WARN msg="goroutine outside the D38 roster (leak symptom)" goroutine=mockllm-stdout-reader owner=test
2026-10-09T23:36:10.9934557Z time=2026-10-09T23:35:26.116Z level=INFO msg="wisp: persistent log sink installed" dir=C:\Users\RUNNER~1\AppData\Local\Temp\TestRunTextTaskKeyResolvesInTheStore1166975590\002\logs min_level=info early_records=0 early_dropped=0
2026-10-09T23:36:10.9935093Z 2026/10/09 23:35:26 mockllm: serving on http://127.0.0.1:61459 (golden dir D:\a\wisp\wisp\internal\llm\testdata\golden)
2026-10-09T23:36:10.9936166Z time=2026-10-09T23:35:26.181Z level=INFO msg="pre-migration backup written" component=memory backup=C:\Users\RUNNER~1\AppData\Local\Temp\TestRunTextTaskKeyResolvesInTheStore1166975590\002\backup\wisp.db.bak-0-1 from=0 to=1
2026-10-09T23:36:10.9936863Z time=2026-10-09T23:35:26.225Z level=INFO msg="schema migration step applied" component=memory from=0 to=1 started_at=2026-10-09T23:35:26Z duration_ms=44
2026-10-09T23:36:10.9937982Z time=2026-10-09T23:35:26.255Z level=INFO msg="pre-migration backup written" component=memory backup=C:\Users\RUNNER~1\AppData\Local\Temp\TestRunTextTaskKeyResolvesInTheStore1166975590\002\backup\wisp.db.bak-1-2 from=1 to=2
2026-10-09T23:36:10.9938696Z time=2026-10-09T23:35:26.292Z level=INFO msg="schema migration step applied" component=memory from=1 to=2 started_at=2026-10-09T23:35:26Z duration_ms=36
2026-10-09T23:36:10.9939198Z time=2026-10-09T23:35:26.331Z level=INFO msg="schema migration complete" component=memory schema_version=2
2026-10-09T23:36:10.9939817Z time=2026-10-09T23:35:26.332Z level=INFO msg="startup WAL checkpoint (TRUNCATE) done" component=memory wal_pages_before=0 pages_moved=0
2026-10-09T23:36:10.9940073Z --- PASS: TestRunTextTaskKeyResolvesInTheStore (1.38s)
2026-10-09T23:36:10.9940381Z === RUN   TestMissingBlobFailsUnconfiguredNeverSilently
2026-10-09T23:36:10.9941021Z time=2026-10-09T23:35:27.456Z level=WARN msg="goroutine outside the D38 roster (leak symptom)" goroutine=mockllm-stdout-reader owner=test
2026-10-09T23:36:10.9941509Z 2026/10/09 23:35:27 mockllm: serving on http://127.0.0.1:61462 (golden dir D:\a\wisp\wisp\internal\llm\testdata\golden)
2026-10-09T23:36:10.9942903Z time=2026-10-09T23:35:27.494Z level=INFO msg="wisp: persistent log sink installed" dir=C:\Users\RUNNER~1\AppData\Local\Temp\TestMissingBlobFailsUnconfiguredNeverSilently304744038\002\logs min_level=info early_records=0 early_dropped=0
2026-10-09T23:36:10.9943382Z --- PASS: TestMissingBlobFailsUnconfiguredNeverSilently (1.09s)
2026-10-09T23:36:10.9943576Z === RUN   TestSecretArgvCarriesNoSecret
2026-10-09T23:36:10.9943841Z === RUN   TestSecretArgvCarriesNoSecret/from-stdin
2026-10-09T23:36:10.9944196Z === RUN   TestSecretArgvCarriesNoSecret/interactive-without-console
2026-10-09T23:36:10.9944414Z --- PASS: TestSecretArgvCarriesNoSecret (3.35s)
2026-10-09T23:36:10.9944791Z     --- PASS: TestSecretArgvCarriesNoSecret/from-stdin (0.62s)
2026-10-09T23:36:10.9945759Z     --- PASS: TestSecretArgvCarriesNoSecret/interactive-without-console (0.08s)
2026-10-09T23:36:10.9946355Z === RUN   TestSecretRealBinaryRefusesValueFlag
2026-10-09T23:36:10.9946602Z --- PASS: TestSecretRealBinaryRefusesValueFlag (3.16s)
2026-10-09T23:36:10.9946888Z === RUN   TestProcessCommandLineProbeHelperProcess
2026-10-09T23:36:10.9947166Z --- PASS: TestProcessCommandLineProbeHelperProcess (0.00s)
2026-10-09T23:36:10.9947476Z === RUN   TestProcessCommandLineProbeDetectsAPlantedValue
2026-10-09T23:36:10.9947858Z --- PASS: TestProcessCommandLineProbeDetectsAPlantedValue (0.06s)
2026-10-09T23:36:10.9948058Z === RUN   TestSecretSetGetListRoundTrip
2026-10-09T23:36:10.9948298Z --- PASS: TestSecretSetGetListRoundTrip (0.01s)
2026-10-09T23:36:10.9948572Z === RUN   TestSecretSetRejectsBadNamesAndEmptyInput
2026-10-09T23:36:10.9948845Z === RUN   TestSecretSetRejectsBadNamesAndEmptyInput/traversal
2026-10-09T23:36:10.9949164Z === RUN   TestSecretSetRejectsBadNamesAndEmptyInput/dotdot
2026-10-09T23:36:10.9949592Z === RUN   TestSecretSetRejectsBadNamesAndEmptyInput/separator
2026-10-09T23:36:10.9949803Z === RUN   TestSecretSetRejectsBadNamesAndEmptyInput/space
2026-10-09T23:36:10.9950010Z === RUN   TestSecretSetRejectsBadNamesAndEmptyInput/empty
2026-10-09T23:36:10.9950209Z === RUN   TestSecretSetRejectsBadNamesAndEmptyInput/empty_stdin
2026-10-09T23:36:10.9950463Z === RUN   TestSecretSetRejectsBadNamesAndEmptyInput/multiline_stdin
2026-10-09T23:36:10.9950682Z === RUN   TestSecretSetRejectsBadNamesAndEmptyInput/no_name
2026-10-09T23:36:10.9950862Z === RUN   TestSecretSetRejectsBadNamesAndEmptyInput/two_names
2026-10-09T23:36:10.9951080Z --- PASS: TestSecretSetRejectsBadNamesAndEmptyInput (0.00s)
2026-10-09T23:36:10.9951392Z     --- PASS: TestSecretSetRejectsBadNamesAndEmptyInput/traversal (0.00s)
2026-10-09T23:36:10.9951645Z     --- PASS: TestSecretSetRejectsBadNamesAndEmptyInput/dotdot (0.00s)
2026-10-09T23:36:10.9951941Z     --- PASS: TestSecretSetRejectsBadNamesAndEmptyInput/separator (0.00s)
2026-10-09T23:36:10.9952222Z     --- PASS: TestSecretSetRejectsBadNamesAndEmptyInput/space (0.00s)
2026-10-09T23:36:10.9952467Z     --- PASS: TestSecretSetRejectsBadNamesAndEmptyInput/empty (0.00s)
2026-10-09T23:36:10.9952771Z     --- PASS: TestSecretSetRejectsBadNamesAndEmptyInput/empty_stdin (0.00s)
2026-10-09T23:36:10.9953081Z     --- PASS: TestSecretSetRejectsBadNamesAndEmptyInput/multiline_stdin (0.00s)
2026-10-09T23:36:10.9953337Z     --- PASS: TestSecretSetRejectsBadNamesAndEmptyInput/no_name (0.00s)
2026-10-09T23:36:10.9953621Z     --- PASS: TestSecretSetRejectsBadNamesAndEmptyInput/two_names (0.00s)
2026-10-09T23:36:10.9953834Z === RUN   TestSecretSetConfirmationMismatchStoresNothing
2026-10-09T23:36:10.9954045Z --- PASS: TestSecretSetConfirmationMismatchStoresNothing (0.00s)
2026-10-09T23:36:10.9954247Z === RUN   TestSecretSetWithoutConsolePointsAtFromStdin
2026-10-09T23:36:10.9954484Z --- PASS: TestSecretSetWithoutConsolePointsAtFromStdin (0.00s)
2026-10-09T23:36:10.9954627Z === RUN   TestSecretFlagsAreBoolOnly
2026-10-09T23:36:10.9954804Z --- PASS: TestSecretFlagsAreBoolOnly (0.00s)
2026-10-09T23:36:10.9954987Z === RUN   TestSecretValueCarryingFlagsAreRefusedAndUnechoed
2026-10-09T23:36:10.9955238Z === RUN   TestSecretValueCarryingFlagsAreRefusedAndUnechoed/--value
2026-10-09T23:36:10.9955488Z === RUN   TestSecretValueCarryingFlagsAreRefusedAndUnechoed/--secret
2026-10-09T23:36:10.9955690Z === RUN   TestSecretValueCarryingFlagsAreRefusedAndUnechoed/--key
2026-10-09T23:36:10.9956035Z === RUN   TestSecretValueCarryingFlagsAreRefusedAndUnechoed/-k
2026-10-09T23:36:10.9956294Z === RUN   TestSecretValueCarryingFlagsAreRefusedAndUnechoed/--api-key
2026-10-09T23:36:10.9956518Z === RUN   TestSecretValueCarryingFlagsAreRefusedAndUnechoed/--from-file
2026-10-09T23:36:10.9956807Z === RUN   TestSecretValueCarryingFlagsAreRefusedAndUnechoed/--file
2026-10-09T23:36:10.9957180Z === RUN   TestSecretValueCarryingFlagsAreRefusedAndUnechoed/--stdin
2026-10-09T23:36:10.9957489Z === RUN   TestSecretValueCarryingFlagsAreRefusedAndUnechoed/positional
2026-10-09T23:36:10.9957844Z --- PASS: TestSecretValueCarryingFlagsAreRefusedAndUnechoed (0.00s)
2026-10-09T23:36:10.9958327Z     --- PASS: TestSecretValueCarryingFlagsAreRefusedAndUnechoed/--value (0.00s)
2026-10-09T23:36:10.9958754Z     --- PASS: TestSecretValueCarryingFlagsAreRefusedAndUnechoed/--secret (0.00s)
2026-10-09T23:36:10.9959230Z     --- PASS: TestSecretValueCarryingFlagsAreRefusedAndUnechoed/--key (0.00s)
2026-10-09T23:36:10.9959690Z     --- PASS: TestSecretValueCarryingFlagsAreRefusedAndUnechoed/-k (0.00s)
2026-10-09T23:36:10.9960129Z     --- PASS: TestSecretValueCarryingFlagsAreRefusedAndUnechoed/--api-key (0.00s)
2026-10-09T23:36:10.9960630Z     --- PASS: TestSecretValueCarryingFlagsAreRefusedAndUnechoed/--from-file (0.00s)
2026-10-09T23:36:10.9961080Z     --- PASS: TestSecretValueCarryingFlagsAreRefusedAndUnechoed/--file (0.00s)
2026-10-09T23:36:10.9961507Z     --- PASS: TestSecretValueCarryingFlagsAreRefusedAndUnechoed/--stdin (0.00s)
2026-10-09T23:36:10.9962233Z     --- PASS: TestSecretValueCarryingFlagsAreRefusedAndUnechoed/positional (0.00s)
2026-10-09T23:36:10.9962534Z === RUN   TestSecretFromStdinWritesNoIntermediateFile
2026-10-09T23:36:10.9962811Z --- PASS: TestSecretFromStdinWritesNoIntermediateFile (0.01s)
2026-10-09T23:36:10.9963070Z === RUN   TestSecretFailurePathsLogAndPrintNoPlaintext
2026-10-09T23:36:10.9963414Z === RUN   TestSecretFailurePathsLogAndPrintNoPlaintext/bad_dpapi_decrypt_(corrupted_blob,_non-portable)
2026-10-09T23:36:10.9963726Z === RUN   TestSecretFailurePathsLogAndPrintNoPlaintext/bad_dpapi_decrypt_(portable,_P13)
2026-10-09T23:36:10.9963996Z === RUN   TestSecretFailurePathsLogAndPrintNoPlaintext/unwritable_store_dir
2026-10-09T23:36:10.9964237Z === RUN   TestSecretFailurePathsLogAndPrintNoPlaintext/unset_name_(no_such_blob)
2026-10-09T23:36:10.9964981Z === RUN   TestSecretFailurePathsLogAndPrintNoPlaintext/store_write_failure_surfaces_the_ref_only
2026-10-09T23:36:10.9965348Z --- PASS: TestSecretFailurePathsLogAndPrintNoPlaintext (0.02s)
2026-10-09T23:36:10.9966039Z     --- PASS: TestSecretFailurePathsLogAndPrintNoPlaintext/bad_dpapi_decrypt_(corrupted_blob,_non-portable) (0.01s)
2026-10-09T23:36:10.9966652Z     --- PASS: TestSecretFailurePathsLogAndPrintNoPlaintext/bad_dpapi_decrypt_(portable,_P13) (0.00s)
2026-10-09T23:36:10.9967158Z     --- PASS: TestSecretFailurePathsLogAndPrintNoPlaintext/unwritable_store_dir (0.00s)
2026-10-09T23:36:10.9967684Z     --- PASS: TestSecretFailurePathsLogAndPrintNoPlaintext/unset_name_(no_such_blob) (0.00s)
2026-10-09T23:36:10.9968328Z     --- PASS: TestSecretFailurePathsLogAndPrintNoPlaintext/store_write_failure_surfaces_the_ref_only (0.01s)
2026-10-09T23:36:10.9968516Z === RUN   TestSecretUnsetRefusesWhileReferenced
2026-10-09T23:36:10.9968732Z === RUN   TestSecretUnsetRefusesWhileReferenced/refused_while_referenced
2026-10-09T23:36:10.9969035Z === RUN   TestSecretUnsetRefusesWhileReferenced/refused_for_a_voice.realtime_reference_too
2026-10-09T23:36:10.9969313Z === RUN   TestSecretUnsetRefusesWhileReferenced/an_unreadable_config_fails_closed
2026-10-09T23:36:10.9969565Z === RUN   TestSecretUnsetRefusesWhileReferenced/force_deletes_and_writes_an_audit_line
2026-10-09T23:36:10.9969844Z === RUN   TestSecretUnsetRefusesWhileReferenced/unreferenced_delete_is_audited_at_info
2026-10-09T23:36:10.9970120Z === RUN   TestSecretUnsetRefusesWhileReferenced/no_config_at_all_means_no_references
2026-10-09T23:36:10.9970434Z --- PASS: TestSecretUnsetRefusesWhileReferenced (0.01s)
2026-10-09T23:36:10.9970768Z     --- PASS: TestSecretUnsetRefusesWhileReferenced/refused_while_referenced (0.00s)
2026-10-09T23:36:10.9971167Z     --- PASS: TestSecretUnsetRefusesWhileReferenced/refused_for_a_voice.realtime_reference_too (0.00s)
2026-10-09T23:36:10.9971490Z     --- PASS: TestSecretUnsetRefusesWhileReferenced/an_unreadable_config_fails_closed (0.00s)
2026-10-09T23:36:10.9972096Z     --- PASS: TestSecretUnsetRefusesWhileReferenced/force_deletes_and_writes_an_audit_line (0.00s)
2026-10-09T23:36:10.9972909Z     --- PASS: TestSecretUnsetRefusesWhileReferenced/unreferenced_delete_is_audited_at_info (0.00s)
2026-10-09T23:36:10.9973411Z     --- PASS: TestSecretUnsetRefusesWhileReferenced/no_config_at_all_means_no_references (0.00s)
2026-10-09T23:36:10.9973712Z === RUN   TestSecretSameNameUnderThreeEnvsIsThreeBlobs
2026-10-09T23:36:10.9974048Z --- PASS: TestSecretSameNameUnderThreeEnvsIsThreeBlobs (0.02s)
2026-10-09T23:36:10.9974209Z === RUN   TestSecretPortableModeUsesTicket06Seam
2026-10-09T23:36:10.9974453Z --- PASS: TestSecretPortableModeUsesTicket06Seam (0.01s)
2026-10-09T23:36:10.9974775Z === RUN   TestSecretEndToEndConfigRefResolvesAtRequestTime
2026-10-09T23:36:10.9975102Z --- PASS: TestSecretEndToEndConfigRefResolvesAtRequestTime (0.01s)
2026-10-09T23:36:10.9975339Z === RUN   TestSecretUsageAndUnknownSubcommand
2026-10-09T23:36:10.9975539Z --- PASS: TestSecretUsageAndUnknownSubcommand (0.00s)
2026-10-09T23:36:10.9975674Z === RUN   TestSecretOverwriteIsAnnounced
2026-10-09T23:36:10.9975977Z --- PASS: TestSecretOverwriteIsAnnounced (0.01s)
2026-10-09T23:36:10.9976140Z === RUN   TestSLO156FixtureChildrenDoWhatTheirNamesSay
2026-10-09T23:36:10.9976366Z --- PASS: TestSLO156FixtureChildrenDoWhatTheirNamesSay (0.05s)
2026-10-09T23:36:10.9976574Z === RUN   TestSLO156ExitedAsksTheOSForAChildNobodyReaped
2026-10-09T23:36:10.9976777Z --- PASS: TestSLO156ExitedAsksTheOSForAChildNobodyReaped (0.05s)
2026-10-09T23:36:10.9977002Z === RUN   TestSLO156LiveSubjectStaysAliveUntilTheOSDisagrees
2026-10-09T23:36:10.9978374Z     slo_exit_os_156_windows_test.go:206: Wait on a killed child reports the kill as an error (exit status 1); that is the fixture, not a failure
2026-10-09T23:36:10.9978727Z --- PASS: TestSLO156LiveSubjectStaysAliveUntilTheOSDisagrees (0.01s)
2026-10-09T23:36:10.9979106Z === RUN   TestSLO156ReportLoopNamesTheDeadSubjectItWasWaitingOn
2026-10-09T23:36:10.9979545Z --- PASS: TestSLO156ReportLoopNamesTheDeadSubjectItWasWaitingOn (0.05s)
2026-10-09T23:36:10.9979797Z === RUN   TestSLO156WaitReadyNamesTheDeadSubjectToo
2026-10-09T23:36:10.9980152Z --- PASS: TestSLO156WaitReadyNamesTheDeadSubjectToo (0.05s)
2026-10-09T23:36:10.9980542Z === RUN   TestSLO144EveryPrefixOfARealReportIsUnwrittenNotCorrupt
2026-10-09T23:36:10.9980946Z --- PASS: TestSLO144EveryPrefixOfARealReportIsUnwrittenNotCorrupt (0.01s)
2026-10-09T23:36:10.9981317Z === RUN   TestSLO144ReportsThatContradictThemselvesAreCorruptNow
2026-10-09T23:36:10.9981755Z === RUN   TestSLO144ReportsThatContradictThemselvesAreCorruptNow/html-head
2026-10-09T23:36:10.9982166Z === RUN   TestSLO144ReportsThatContradictThemselvesAreCorruptNow/stray-comma
2026-10-09T23:36:10.9982607Z === RUN   TestSLO144ReportsThatContradictThemselvesAreCorruptNow/wrong-type
2026-10-09T23:36:10.9983110Z === RUN   TestSLO144ReportsThatContradictThemselvesAreCorruptNow/trailing-garbage
2026-10-09T23:36:10.9983530Z === RUN   TestSLO144ReportsThatContradictThemselvesAreCorruptNow/second-document
2026-10-09T23:36:10.9984089Z === RUN   TestSLO144ReportsThatContradictThemselvesAreCorruptNow/complete-but-no-state-report
2026-10-09T23:36:10.9984662Z === RUN   TestSLO144ReportsThatContradictThemselvesAreCorruptNow/empty-object-is-a-finished-lie
2026-10-09T23:36:10.9985285Z --- PASS: TestSLO144ReportsThatContradictThemselvesAreCorruptNow (0.00s)
2026-10-09T23:36:10.9985882Z     --- PASS: TestSLO144ReportsThatContradictThemselvesAreCorruptNow/html-head (0.00s)
2026-10-09T23:36:10.9986640Z     --- PASS: TestSLO144ReportsThatContradictThemselvesAreCorruptNow/stray-comma (0.00s)
2026-10-09T23:36:10.9987188Z     --- PASS: TestSLO144ReportsThatContradictThemselvesAreCorruptNow/wrong-type (0.00s)
2026-10-09T23:36:10.9987817Z     --- PASS: TestSLO144ReportsThatContradictThemselvesAreCorruptNow/trailing-garbage (0.00s)
2026-10-09T23:36:10.9988449Z     --- PASS: TestSLO144ReportsThatContradictThemselvesAreCorruptNow/second-document (0.00s)
2026-10-09T23:36:10.9989159Z     --- PASS: TestSLO144ReportsThatContradictThemselvesAreCorruptNow/complete-but-no-state-report (0.00s)
2026-10-09T23:36:10.9989917Z     --- PASS: TestSLO144ReportsThatContradictThemselvesAreCorruptNow/empty-object-is-a-finished-lie (0.00s)
2026-10-09T23:36:10.9990337Z === RUN   TestSLO144LoopRetriesAnUnfinishedFileAndReadsTheWholeReport
2026-10-09T23:36:10.9990778Z --- PASS: TestSLO144LoopRetriesAnUnfinishedFileAndReadsTheWholeReport (0.02s)
2026-10-09T23:36:10.9991076Z === RUN   TestSLO144LoopGiveUpSentencesOnRealFiles
2026-10-09T23:36:10.9991385Z --- PASS: TestSLO144LoopGiveUpSentencesOnRealFiles (0.05s)
2026-10-09T23:36:10.9991706Z === RUN   TestSLO144CorruptReportIsJudgedOnTheFirstRead
2026-10-09T23:36:10.9992065Z --- PASS: TestSLO144CorruptReportIsJudgedOnTheFirstRead (0.00s)
2026-10-09T23:36:10.9992406Z === RUN   TestSLO144UnfinishedReportKeepsPollingThenNamesBudgetAndBytes
2026-10-09T23:36:10.9993094Z --- PASS: TestSLO144UnfinishedReportKeepsPollingThenNamesBudgetAndBytes (0.06s)
2026-10-09T23:36:10.9993388Z === RUN   TestSLO144ReportThatArrivesAfterMissingReadingsIsCollected
2026-10-09T23:36:10.9993796Z --- PASS: TestSLO144ReportThatArrivesAfterMissingReadingsIsCollected (0.00s)
2026-10-09T23:36:10.9994075Z === RUN   TestSLO147UnwrittenSentenceNamesTheOffsetTheDocumentStoppedAt
2026-10-09T23:36:10.9994381Z --- PASS: TestSLO147UnwrittenSentenceNamesTheOffsetTheDocumentStoppedAt (0.01s)
2026-10-09T23:36:10.9994588Z === RUN   TestSLO147LoopGiveUpSentenceAgreesWithTheBytesItRead
2026-10-09T23:36:10.9994868Z --- PASS: TestSLO147LoopGiveUpSentenceAgreesWithTheBytesItRead (0.06s)
2026-10-09T23:36:10.9995118Z === RUN   TestSLO147OffsetSemanticsRenderThreeDifferentSentences
2026-10-09T23:36:10.9995359Z --- PASS: TestSLO147OffsetSemanticsRenderThreeDifferentSentences (0.04s)
2026-10-09T23:36:10.9995624Z === RUN   TestSLO149CorruptSentenceNamesThePositionTheDecoderObjectedAt
2026-10-09T23:36:10.9995918Z --- PASS: TestSLO149CorruptSentenceNamesThePositionTheDecoderObjectedAt (0.00s)
2026-10-09T23:36:10.9996139Z === RUN   TestSLO149CorruptLegsWithoutADecoderErrorKeepTheirOwnEnd
2026-10-09T23:36:10.9996422Z --- PASS: TestSLO149CorruptLegsWithoutADecoderErrorKeepTheirOwnEnd (0.00s)
2026-10-09T23:36:10.9996673Z === RUN   TestSLO152CorruptLegWithNoNamedPositionRefusesToBorrowOne
2026-10-09T23:36:10.9996920Z --- PASS: TestSLO152CorruptLegWithNoNamedPositionRefusesToBorrowOne (0.00s)
2026-10-09T23:36:10.9997157Z === RUN   TestSLO149ExitedGiveUpSentenceCarriesTheLastReading
2026-10-09T23:36:10.9997420Z --- PASS: TestSLO149ExitedGiveUpSentenceCarriesTheLastReading (0.01s)
2026-10-09T23:36:10.9997598Z === RUN   TestRunPacketMarksTheRosterRowACardIsHolding
2026-10-09T23:36:10.9998051Z time=2026-10-09T23:35:35.906Z level=WARN msg="goroutine outside the D38 roster (leak symptom)" goroutine=mockllm-stdout-reader owner=test
2026-10-09T23:36:10.9998443Z 2026/10/09 23:35:35 mockllm: serving on http://127.0.0.1:61472 (golden dir D:\a\wisp\wisp\internal\llm\testdata\golden)
2026-10-09T23:36:10.9999183Z time=2026-10-09T23:35:35.942Z level=INFO msg="wisp: persistent log sink installed" dir=C:\Users\RUNNER~1\AppData\Local\Temp\TestRunPacketMarksTheRosterRowACardIsHolding3287473970\002\logs min_level=info early_records=0 early_dropped=0
2026-10-09T23:36:10.9999947Z time=2026-10-09T23:35:35.986Z level=INFO msg="pre-migration backup written" component=memory backup=C:\Users\RUNNER~1\AppData\Local\Temp\TestRunPacketMarksTheRosterRowACardIsHolding3287473970\002\backup\wisp.db.bak-0-1 from=0 to=1
2026-10-09T23:36:11.0000501Z time=2026-10-09T23:35:36.037Z level=INFO msg="schema migration step applied" component=memory from=0 to=1 started_at=2026-10-09T23:35:35Z duration_ms=50
2026-10-09T23:36:11.0001210Z time=2026-10-09T23:35:36.079Z level=INFO msg="pre-migration backup written" component=memory backup=C:\Users\RUNNER~1\AppData\Local\Temp\TestRunPacketMarksTheRosterRowACardIsHolding3287473970\002\backup\wisp.db.bak-1-2 from=1 to=2
2026-10-09T23:36:11.0001889Z time=2026-10-09T23:35:36.115Z level=INFO msg="schema migration step applied" component=memory from=1 to=2 started_at=2026-10-09T23:35:36Z duration_ms=35
2026-10-09T23:36:11.0002233Z time=2026-10-09T23:35:36.158Z level=INFO msg="schema migration complete" component=memory schema_version=2
2026-10-09T23:36:11.0002621Z time=2026-10-09T23:35:36.159Z level=INFO msg="startup WAL checkpoint (TRUNCATE) done" component=memory wal_pages_before=0 pages_moved=0
2026-10-09T23:36:11.0003166Z time=2026-10-09T23:35:36.165Z level=WARN msg="goroutine outside the D38 roster (leak symptom)" goroutine=subagent-finish-9c9b0817-a981-4c81-bd59-d3d3e01b789d owner=tools
2026-10-09T23:36:11.0009664Z     subagent_blocked_197_test.go:168: tasks wire bytes: {"rows":[{"taskId":"3a75f574-6961-426d-a451-ef2073a203f9","label":"总结一下 rootprompt197r3 aaaaaaaaaaaaaaaaaaaaaaaaaaaaaaaaaaaaaaaaaaaaaaaaaaaaaaaaaaaaaaaaaaaaaaaaaaaaaaaaaaaaaaaaaaaaaaaaaaaaaaaaaaaaaaaaaaaaaaaaaaaaaaaaaaaaaaaaaaaaaaaaaaaaaaaaaaaaaaaaaaaaaaaaaaaaaaaaaaaaaaaaaaaaaaaaaaaaaaaaaaaaaaaaaaaaaaaaaaaaaaaaaaaaaaaaaaaaaaaaaaaaaaaaaaaaaaaaaaaaaaaaaaaaaaaaaaaaaaaaaaaaaaaaaaaaaaaaaaaaaaaaaaaaaaaaaaaaaaaaaaaaaaaaaaaaaaaaaaaaaaaaaaaaaaaaaaaaaaaa","kind":"root","parentTaskId":"","status":"","statusKnown":false,"statusReason":"宿主没有登记这一维（fail-closed：不替任务编一个状态）","streamKey":"3a75f574-6961-426d-a451-ef2073a203f9","blockedOnApproval":false,"streamTruncated":false,"streamElidedRunes":0,"streamDropped":false},{"taskId":"9c9b0817-a981-4c81-bd59-d3d3e01b789d","label":"载体层正控：把一句话原样说出来","kind":"subagent","parentTaskId":"3a75f574-6961-426d-a451-ef2073a203f9","status":"Thinking","statusKnown":true,"streamKey":"subagent:9c9b0817-a981-4c81-bd59-d3d3e01b789d","blockedOnApproval":true,"streamTruncated":false,"streamElidedRunes":0,"streamDropped":false}],"inFlightSlots":1,"poolCap":4,"streamTruncated":false,"streamElidedRunes":0,"droppedStreamKeys":[]}
2026-10-09T23:36:11.0015857Z     subagent_blocked_197_test.go:222: tasks wire bytes: {"rows":[{"taskId":"3a75f574-6961-426d-a451-ef2073a203f9","label":"总结一下 rootprompt197r3 aaaaaaaaaaaaaaaaaaaaaaaaaaaaaaaaaaaaaaaaaaaaaaaaaaaaaaaaaaaaaaaaaaaaaaaaaaaaaaaaaaaaaaaaaaaaaaaaaaaaaaaaaaaaaaaaaaaaaaaaaaaaaaaaaaaaaaaaaaaaaaaaaaaaaaaaaaaaaaaaaaaaaaaaaaaaaaaaaaaaaaaaaaaaaaaaaaaaaaaaaaaaaaaaaaaaaaaaaaaaaaaaaaaaaaaaaaaaaaaaaaaaaaaaaaaaaaaaaaaaaaaaaaaaaaaaaaaaaaaaaaaaaaaaaaaaaaaaaaaaaaaaaaaaaaaaaaaaaaaaaaaaaaaaaaaaaaaaaaaaaaaaaaaaaaaaaaaaaaaa","kind":"root","parentTaskId":"","status":"","statusKnown":false,"statusReason":"宿主没有登记这一维（fail-closed：不替任务编一个状态）","streamKey":"3a75f574-6961-426d-a451-ef2073a203f9","blockedOnApproval":false,"streamTruncated":false,"streamElidedRunes":0,"streamDropped":false},{"taskId":"9c9b0817-a981-4c81-bd59-d3d3e01b789d","label":"载体层正控：把一句话原样说出来","kind":"subagent","parentTaskId":"3a75f574-6961-426d-a451-ef2073a203f9","status":"Settling","statusKnown":true,"streamKey":"subagent:9c9b0817-a981-4c81-bd59-d3d3e01b789d","blockedOnApproval":false,"streamTruncated":false,"streamElidedRunes":0,"streamDropped":false}],"inFlightSlots":0,"poolCap":4,"streamTruncated":false,"streamElidedRunes":0,"droppedStreamKeys":[]}
2026-10-09T23:36:11.0017627Z     subagent_blocked_197_test.go:234: blocked row on the run's own packet: task=9c9b0817-a981-4c81-bd59-d3d3e01b789d status=Thinking streamKey=subagent:9c9b0817-a981-4c81-bd59-d3d3e01b789d card=ticket197.blocked.probe pending=1 bytes=3147 sha256=6efaad1c5827f753 | after the card: blocked=false answer=reject why="任务上下文已结束，审批请求已作废并按拒绝处理"
2026-10-09T23:36:11.0018701Z --- PASS: TestRunPacketMarksTheRosterRowACardIsHolding (1.99s)
2026-10-09T23:36:11.0019114Z === RUN   TestRunPacketCarriesTheSubagentItsRosterRowFed
2026-10-09T23:36:11.0020025Z time=2026-10-09T23:35:37.646Z level=WARN msg="goroutine outside the D38 roster (leak symptom)" goroutine=mockllm-stdout-reader owner=test
2026-10-09T23:36:11.0021104Z 2026/10/09 23:35:37 mockllm: serving on http://127.0.0.1:61476 (golden dir D:\a\wisp\wisp\internal\llm\testdata\golden)
2026-10-09T23:36:11.0022369Z time=2026-10-09T23:35:37.680Z level=INFO msg="wisp: persistent log sink installed" dir=C:\Users\RUNNER~1\AppData\Local\Temp\TestRunPacketCarriesTheSubagentItsRosterRowFed3416062217\002\logs min_level=info early_records=0 early_dropped=0
2026-10-09T23:36:11.0023814Z time=2026-10-09T23:35:37.723Z level=INFO msg="pre-migration backup written" component=memory backup=C:\Users\RUNNER~1\AppData\Local\Temp\TestRunPacketCarriesTheSubagentItsRosterRowFed3416062217\002\backup\wisp.db.bak-0-1 from=0 to=1
2026-10-09T23:36:11.0024540Z time=2026-10-09T23:35:37.758Z level=INFO msg="schema migration step applied" component=memory from=0 to=1 started_at=2026-10-09T23:35:37Z duration_ms=34
2026-10-09T23:36:11.0025742Z time=2026-10-09T23:35:37.814Z level=INFO msg="pre-migration backup written" component=memory backup=C:\Users\RUNNER~1\AppData\Local\Temp\TestRunPacketCarriesTheSubagentItsRosterRowFed3416062217\002\backup\wisp.db.bak-1-2 from=1 to=2
2026-10-09T23:36:11.0026449Z time=2026-10-09T23:35:37.853Z level=INFO msg="schema migration step applied" component=memory from=1 to=2 started_at=2026-10-09T23:35:37Z duration_ms=39
2026-10-09T23:36:11.0026903Z time=2026-10-09T23:35:37.896Z level=INFO msg="schema migration complete" component=memory schema_version=2
2026-10-09T23:36:11.0027697Z time=2026-10-09T23:35:37.898Z level=INFO msg="startup WAL checkpoint (TRUNCATE) done" component=memory wal_pages_before=0 pages_moved=0
2026-10-09T23:36:11.0028521Z time=2026-10-09T23:35:37.904Z level=WARN msg="goroutine outside the D38 roster (leak symptom)" goroutine=subagent-finish-4b65e182-99b0-41dd-bb7c-e70f9d48aa5f owner=tools
2026-10-09T23:36:11.0040608Z     subagent_carrier_197_test.go:278: tasks wire bytes: {"rows":[{"taskId":"4b65e182-99b0-41dd-bb7c-e70f9d48aa5f","label":"载体层正控：把一句话原样说出来","kind":"subagent","parentTaskId":"9723d2c7-206b-4115-83e1-0da1896aba12","status":"Thinking","statusKnown":true,"streamKey":"subagent:4b65e182-99b0-41dd-bb7c-e70f9d48aa5f","blockedOnApproval":false,"streamTruncated":false,"streamElidedRunes":0,"streamDropped":false},{"taskId":"9723d2c7-206b-4115-83e1-0da1896aba12","label":"总结一下 rootprompt197r3 aaaaaaaaaaaaaaaaaaaaaaaaaaaaaaaaaaaaaaaaaaaaaaaaaaaaaaaaaaaaaaaaaaaaaaaaaaaaaaaaaaaaaaaaaaaaaaaaaaaaaaaaaaaaaaaaaaaaaaaaaaaaaaaaaaaaaaaaaaaaaaaaaaaaaaaaaaaaaaaaaaaaaaaaaaaaaaaaaaaaaaaaaaaaaaaaaaaaaaaaaaaaaaaaaaaaaaaaaaaaaaaaaaaaaaaaaaaaaaaaaaaaaaaaaaaaaaaaaaaaaaaaaaaaaaaaaaaaaaaaaaaaaaaaaaaaaaaaaaaaaaaaaaaaaaaaaaaaaaaaaaaaaaaaaaaaaaaaaaaaaaaaaaaaaaaaaaaaaaaa","kind":"root","parentTaskId":"","status":"","statusKnown":false,"statusReason":"宿主没有登记这一维（fail-closed：不替任务编一个状态）","streamKey":"9723d2c7-206b-4115-83e1-0da1896aba12","blockedOnApproval":false,"streamTruncated":false,"streamElidedRunes":0,"streamDropped":false}],"inFlightSlots":1,"poolCap":4,"streamTruncated":false,"streamElidedRunes":0,"droppedStreamKeys":[]}
2026-10-09T23:36:11.0042091Z     subagent_carrier_197_test.go:388: packet tasks section: rows=2 poolCap=4 child=4b65e182-99b0-41dd-bb7c-e70f9d48aa5f runStatus=Thinking afterStatus=Settling key=subagent:4b65e182-99b0-41dd-bb7c-e70f9d48aa5f bytes=2845
2026-10-09T23:36:11.0042408Z --- PASS: TestRunPacketCarriesTheSubagentItsRosterRowFed (1.65s)
2026-10-09T23:36:11.0042650Z === RUN   TestSubagentStreamKeyHasOneMintSite
2026-10-09T23:36:11.0042930Z --- PASS: TestSubagentStreamKeyHasOneMintSite (0.10s)
2026-10-09T23:36:11.0043139Z === RUN   TestRunPacketReportsTheStreamLogPastItsBound
2026-10-09T23:36:11.0043574Z time=2026-10-09T23:35:39.387Z level=WARN msg="goroutine outside the D38 roster (leak symptom)" goroutine=mockllm-stdout-reader owner=test
2026-10-09T23:36:11.0044513Z time=2026-10-09T23:35:39.403Z level=INFO msg="wisp: persistent log sink installed" dir=C:\Users\RUNNER~1\AppData\Local\Temp\TestRunPacketReportsTheStreamLogPastItsBound1982961070\002\logs min_level=info early_records=0 early_dropped=0
2026-10-09T23:36:11.0044848Z 2026/10/09 23:35:39 mockllm: serving on http://127.0.0.1:61480 (golden dir D:\a\wisp\wisp\internal\llm\testdata\golden)
2026-10-09T23:36:11.0045587Z time=2026-10-09T23:35:39.454Z level=INFO msg="pre-migration backup written" component=memory backup=C:\Users\RUNNER~1\AppData\Local\Temp\TestRunPacketReportsTheStreamLogPastItsBound1982961070\002\backup\wisp.db.bak-0-1 from=0 to=1
2026-10-09T23:36:11.0046040Z time=2026-10-09T23:35:39.493Z level=INFO msg="schema migration step applied" component=memory from=0 to=1 started_at=2026-10-09T23:35:39Z duration_ms=37
2026-10-09T23:36:11.0046736Z time=2026-10-09T23:35:39.533Z level=INFO msg="pre-migration backup written" component=memory backup=C:\Users\RUNNER~1\AppData\Local\Temp\TestRunPacketReportsTheStreamLogPastItsBound1982961070\002\backup\wisp.db.bak-1-2 from=1 to=2
2026-10-09T23:36:11.0047192Z time=2026-10-09T23:35:39.559Z level=INFO msg="schema migration step applied" component=memory from=1 to=2 started_at=2026-10-09T23:35:39Z duration_ms=26
2026-10-09T23:36:11.0047550Z time=2026-10-09T23:35:39.600Z level=INFO msg="schema migration complete" component=memory schema_version=2
2026-10-09T23:36:11.0047926Z time=2026-10-09T23:35:39.602Z level=INFO msg="startup WAL checkpoint (TRUNCATE) done" component=memory wal_pages_before=0 pages_moved=0
2026-10-09T23:36:11.0048453Z time=2026-10-09T23:35:39.613Z level=WARN msg="goroutine outside the D38 roster (leak symptom)" goroutine=subagent-finish-55deaaca-691f-4e35-9d7f-c197155edea0 owner=tools
2026-10-09T23:36:11.0049075Z time=2026-10-09T23:35:39.630Z level=WARN msg="goroutine outside the D38 roster (leak symptom)" goroutine=subagent-finish-f990444f-a3c6-45f3-a6b3-aa7fa5b32f72 owner=tools
2026-10-09T23:36:11.0049711Z time=2026-10-09T23:35:39.631Z level=WARN msg="goroutine outside the D38 roster (leak symptom)" goroutine=subagent-finish-d7f7ab6b-64d2-4784-a2b9-2d53f742eb75 owner=tools
2026-10-09T23:36:11.0050369Z time=2026-10-09T23:35:39.633Z level=WARN msg="goroutine outside the D38 roster (leak symptom)" goroutine=subagent-finish-1d06c35b-1d07-49b5-9054-68c7cdd3aa71 owner=tools
2026-10-09T23:36:11.0050961Z time=2026-10-09T23:35:39.634Z level=WARN msg="goroutine outside the D38 roster (leak symptom)" goroutine=subagent-finish-e90205e7-78d0-480d-bcf6-dd8701c0f869 owner=tools
2026-10-09T23:36:11.0051461Z time=2026-10-09T23:35:39.635Z level=WARN msg="goroutine outside the D38 roster (leak symptom)" goroutine=subagent-finish-b3cc8f5b-e598-442a-8296-98131ba4c4f7 owner=tools
2026-10-09T23:36:11.0051934Z time=2026-10-09T23:35:39.637Z level=WARN msg="goroutine outside the D38 roster (leak symptom)" goroutine=subagent-finish-149532e8-bc86-4f0b-82c8-043bb4792ef8 owner=tools
2026-10-09T23:36:11.0052434Z time=2026-10-09T23:35:39.637Z level=WARN msg="goroutine outside the D38 roster (leak symptom)" goroutine=subagent-finish-b282809e-c875-459e-89d3-c9a0f2aff6b1 owner=tools
2026-10-09T23:36:11.0052935Z time=2026-10-09T23:35:39.639Z level=WARN msg="goroutine outside the D38 roster (leak symptom)" goroutine=subagent-finish-976739dd-0085-4715-8aa1-69f3d81c88e1 owner=tools
2026-10-09T23:36:11.0053400Z time=2026-10-09T23:35:39.639Z level=WARN msg="goroutine outside the D38 roster (leak symptom)" goroutine=subagent-finish-ee982547-7f14-4e61-bdb8-2cda88ca1398 owner=tools
2026-10-09T23:36:11.0053904Z time=2026-10-09T23:35:39.642Z level=WARN msg="goroutine outside the D38 roster (leak symptom)" goroutine=subagent-finish-57487480-4ea9-4cd5-831c-4da4e743b0de owner=tools
2026-10-09T23:36:11.0054404Z time=2026-10-09T23:35:39.643Z level=WARN msg="goroutine outside the D38 roster (leak symptom)" goroutine=subagent-finish-0f3b56af-83bd-46d3-9048-41499c32c01e owner=tools
2026-10-09T23:36:11.0054906Z time=2026-10-09T23:35:39.644Z level=WARN msg="goroutine outside the D38 roster (leak symptom)" goroutine=subagent-finish-0a030f8f-790a-46ab-99aa-a9822abe6df1 owner=tools
2026-10-09T23:36:11.0055476Z time=2026-10-09T23:35:39.645Z level=WARN msg="goroutine outside the D38 roster (leak symptom)" goroutine=subagent-finish-63277976-7b3b-4ee1-b82e-16fe1babb335 owner=tools
2026-10-09T23:36:11.0056130Z time=2026-10-09T23:35:39.647Z level=WARN msg="goroutine outside the D38 roster (leak symptom)" goroutine=subagent-finish-10a79b11-3f3c-453f-8bee-2e5f1225668a owner=tools
2026-10-09T23:36:11.0056646Z time=2026-10-09T23:35:39.648Z level=WARN msg="goroutine outside the D38 roster (leak symptom)" goroutine=subagent-finish-e07d7923-acbc-4421-b1cf-8af6f5ffe81f owner=tools
2026-10-09T23:36:11.0057426Z time=2026-10-09T23:35:39.649Z level=WARN msg="goroutine outside the D38 roster (leak symptom)" goroutine=subagent-finish-6b379b11-bcd4-4480-bde5-8259e02df288 owner=tools
2026-10-09T23:36:11.0057970Z time=2026-10-09T23:35:39.651Z level=WARN msg="goroutine outside the D38 roster (leak symptom)" goroutine=subagent-finish-732f0e74-b2e6-4d2b-9034-bc72c9bc7e65 owner=tools
2026-10-09T23:36:11.0058489Z time=2026-10-09T23:35:39.652Z level=WARN msg="goroutine outside the D38 roster (leak symptom)" goroutine=subagent-finish-85c0fbfa-e33d-4cbe-b032-c33737168b6a owner=tools
2026-10-09T23:36:11.0058990Z time=2026-10-09T23:35:39.653Z level=WARN msg="goroutine outside the D38 roster (leak symptom)" goroutine=subagent-finish-f4281f27-6324-455b-a3af-81ac399a3f88 owner=tools
2026-10-09T23:36:11.0059556Z time=2026-10-09T23:35:39.654Z level=WARN msg="goroutine outside the D38 roster (leak symptom)" goroutine=subagent-finish-46177249-1780-40d6-b899-6a468c33c3e4 owner=tools
2026-10-09T23:36:11.0060824Z time=2026-10-09T23:35:39.655Z level=WARN msg="goroutine outside the D38 roster (leak symptom)" goroutine=subagent-finish-fcc135da-6a6a-4265-85c0-9f96ddc59354 owner=tools
2026-10-09T23:36:11.0061334Z time=2026-10-09T23:35:39.657Z level=WARN msg="goroutine outside the D38 roster (leak symptom)" goroutine=subagent-finish-87bc7534-63fd-4603-ba71-08e78eeef375 owner=tools
2026-10-09T23:36:11.0061806Z time=2026-10-09T23:35:39.658Z level=WARN msg="goroutine outside the D38 roster (leak symptom)" goroutine=subagent-finish-147d94ec-a586-4f3f-b0a6-fbdb08130e49 owner=tools
2026-10-09T23:36:11.0062326Z time=2026-10-09T23:35:39.660Z level=WARN msg="goroutine outside the D38 roster (leak symptom)" goroutine=subagent-finish-cf95b6ca-3c25-4e39-b855-ec699532ea11 owner=tools
2026-10-09T23:36:11.0062834Z time=2026-10-09T23:35:39.661Z level=WARN msg="goroutine outside the D38 roster (leak symptom)" goroutine=subagent-finish-b28d823e-fb5f-4ff1-8bd6-9e59ac06e56c owner=tools
2026-10-09T23:36:11.0063309Z time=2026-10-09T23:35:39.662Z level=WARN msg="goroutine outside the D38 roster (leak symptom)" goroutine=subagent-finish-2f60f709-15af-4c41-be09-d40bde0114ca owner=tools
2026-10-09T23:36:11.0063808Z time=2026-10-09T23:35:39.663Z level=WARN msg="goroutine outside the D38 roster (leak symptom)" goroutine=subagent-finish-b1a7cff6-998c-4856-8140-a9939fd11682 owner=tools
2026-10-09T23:36:11.0064316Z time=2026-10-09T23:35:39.664Z level=WARN msg="goroutine outside the D38 roster (leak symptom)" goroutine=subagent-finish-c2748ba7-f8ff-422c-90e1-51fcd7d78601 owner=tools
2026-10-09T23:36:11.0064815Z time=2026-10-09T23:35:39.666Z level=WARN msg="goroutine outside the D38 roster (leak symptom)" goroutine=subagent-finish-fc31a702-19ec-47b8-a940-44f9c2c755ed owner=tools
2026-10-09T23:36:11.0065276Z time=2026-10-09T23:35:39.667Z level=WARN msg="goroutine outside the D38 roster (leak symptom)" goroutine=subagent-finish-5ced9660-801e-46ae-a22a-127bdf2cbf8d owner=tools
2026-10-09T23:36:11.0065775Z time=2026-10-09T23:35:39.668Z level=WARN msg="goroutine outside the D38 roster (leak symptom)" goroutine=subagent-finish-c705021b-b107-4b5d-8e9d-7d51b5f6b938 owner=tools
2026-10-09T23:36:11.0066284Z time=2026-10-09T23:35:39.670Z level=WARN msg="goroutine outside the D38 roster (leak symptom)" goroutine=subagent-finish-3bd58042-7ee5-46ca-98e3-6161f97291c2 owner=tools
2026-10-09T23:36:11.0171767Z     subagent_carrier_197_test.go:548: tasks wire bytes: {"rows":[{"taskId":"0a030f8f-790a-46ab-99aa-a9822abe6df1","label":"溢出正控 12 llllllllllllllllllllllllllllllllllllllllllllllllllllllllllllllllllllllllllllllllllllllllll","kind":"subagent","parentTaskId":"6f3ff750-0264-4762-a65d-4a51d7e91199","status":"Settling","statusKnown":true,"streamKey":"subagent:0a030f8f-790a-46ab-99aa-a9822abe6df1","blockedOnApproval":false,"streamTruncated":false,"streamElidedRunes":0,"streamDropped":false},{"taskId":"0f3b56af-83bd-46d3-9048-41499c32c01e","label":"溢出正控 11 llllllllllllllllllllllllllllllllllllllllllllllllllllllllllllllllllllllllllllllllllllllllll","kind":"subagent","parentTaskId":"6f3ff750-0264-4762-a65d-4a51d7e91199","status":"Settling","statusKnown":true,"streamKey":"subagent:0f3b56af-83bd-46d3-9048-41499c32c01e","blockedOnApproval":false,"streamTruncated":false,"streamElidedRunes":0,"streamDropped":false},{"taskId":"10a79b11-3f3c-453f-8bee-2e5f1225668a","label":"溢出正控 14 llllllllllllllllllllllllllllllllllllllllllllllllllllllllllllllllllllllllllllllllllllllllll","kind":"subagent","parentTaskId":"6f3ff750-0264-4762-a65d-4a51d7e91199","status":"Settling","statusKnown":true,"streamKey":"subagent:10a79b11-3f3c-453f-8bee-2e5f1225668a","blockedOnApproval":false,"streamTruncated":false,"streamElidedRunes":0,"streamDropped":false},{"taskId":"147d94ec-a586-4f3f-b0a6-fbdb08130e49","label":"溢出正控 23 llllllllllllllllllllllllllllllllllllllllllllllllllllllllllllllllllllllllllllllllllllllllll","kind":"subagent","parentTaskId":"6f3ff750-0264-4762-a65d-4a51d7e91199","status":"Settling","statusKnown":true,"streamKey":"subagent:147d94ec-a586-4f3f-b0a6-fbdb08130e49","blockedOnApproval":false,"streamTruncated":false,"streamElidedRunes":0,"streamDropped":false},{"taskId":"149532e8-bc86-4f0b-82c8-043bb4792ef8","label":"溢出正控 06 llllllllllllllllllllllllllllllllllllllllllllllllllllllllllllllllllllllllllllllllllllllllll","kind":"subagent","parentTaskId":"6f3ff750-0264-4762-a65d-4a51d7e91199","status":"Settling","statusKnown":true,"streamKey":"subagent:149532e8-bc86-4f0b-82c8-043bb4792ef8","blockedOnApproval":false,"streamTruncated":false,"streamElidedRunes":0,"streamDropped":false},{"taskId":"1d06c35b-1d07-49b5-9054-68c7cdd3aa71","label":"溢出正控 03 llllllllllllllllllllllllllllllllllllllllllllllllllllllllllllllllllllllllllllllllllllllllll","kind":"subagent","parentTaskId":"6f3ff750-0264-4762-a65d-4a51d7e91199","status":"Settling","statusKnown":true,"streamKey":"subagent:1d06c35b-1d07-49b5-9054-68c7cdd3aa71","blockedOnApproval":false,"streamTruncated":false,"streamElidedRunes":0,"streamDropped":false},{"taskId":"2f60f709-15af-4c41-be09-d40bde0114ca","label":"溢出正控 26 llllllllllllllllllllllllllllllllllllllllllllllllllllllllllllllllllllllllllllllllllllllllll","kind":"subagent","parentTaskId":"6f3ff750-0264-4762-a65d-4a51d7e91199","status":"Settling","statusKnown":true,"streamKey":"subagent:2f60f709-15af-4c41-be09-d40bde0114ca","blockedOnApproval":false,"streamTruncated":false,"streamElidedRunes":0,"streamDropped":false},{"taskId":"3bd58042-7ee5-46ca-98e3-6161f97291c2","label":"溢出正控 32 llllllllllllllllllllllllllllllllllllllllllllllllllllllllllllllllllllllllllllllllllllllllll","kind":"subagent","parentTaskId":"6f3ff750-0264-4762-a65d-4a51d7e91199","status":"Settling","statusKnown":true,"streamKey":"subagent:3bd58042-7ee5-46ca-98e3-6161f97291c2","blockedOnApproval":false,"streamTruncated":false,"streamElidedRunes":0,"streamDropped":false},{"taskId":"46177249-1780-40d6-b899-6a468c33c3e4","label":"溢出正控 20 llllllllllllllllllllllllllllllllllllllllllllllllllllllllllllllllllllllllllllllllllllllllll","kind":"subagent","parentTaskId":"6f3ff750-0264-4762-a65d-4a51d7e91199","status":"Settling","statusKnown":true,"streamKey":"subagent:46177249-1780-40d6-b899-6a468c33c3e4","blockedOnApproval":false,"streamTruncated":false,"streamElidedRunes":0,"streamDropped":false},{"taskId":"55deaaca-691f-4e35-9d7f-c197155edea0","label":"溢出正控 00 llllllllllllllllllllllllllllllllllllllllllllllllllllllllllllllllllllllllllllllllllllllllll","kind":"subagent","parentTaskId":"6f3ff750-0264-4762-a65d-4a51d7e91199","status":"Settling","statusKnown":true,"streamKey":"subagent:55deaaca-691f-4e35-9d7f-c197155edea0","blockedOnApproval":false,"streamTruncated":false,"streamElidedRunes":0,"streamDropped":false},{"taskId":"57487480-4ea9-4cd5-831c-4da4e743b0de","label":"溢出正控 10 llllllllllllllllllllllllllllllllllllllllllllllllllllllllllllllllllllllllllllllllllllllllll","kind":"subagent","parentTaskId":"6f3ff750-0264-4762-a65d-4a51d7e91199","status":"Settling","statusKnown":true,"streamKey":"subagent:57487480-4ea9-4cd5-831c-4da4e743b0de","blockedOnApproval":false,"streamTruncated":false,"streamElidedRunes":0,"streamDropped":false},{"taskId":"5ced9660-801e-46ae-a22a-127bdf2cbf8d","label":"溢出正控 30 llllllllllllllllllllllllllllllllllllllllllllllllllllllllllllllllllllllllllllllllllllllllll","kind":"subagent","parentTaskId":"6f3ff750-0264-4762-a65d-4a51d7e91199","status":"Settling","statusKnown":true,"streamKey":"subagent:5ced9660-801e-46ae-a22a-127bdf2cbf8d","blockedOnApproval":false,"streamTruncated":false,"streamElidedRunes":0,"streamDropped":false},{"taskId":"63277976-7b3b-4ee1-b82e-16fe1babb335","label":"溢出正控 13 llllllllllllllllllllllllllllllllllllllllllllllllllllllllllllllllllllllllllllllllllllllllll","kind":"subagent","parentTaskId":"6f3ff750-0264-4762-a65d-4a51d7e91199","status":"Settling","statusKnown":true,"streamKey":"subagent:63277976-7b3b-4ee1-b82e-16fe1babb335","blockedOnApproval":false,"streamTruncated":false,"streamElidedRunes":0,"streamDropped":false},{"taskId":"6b379b11-bcd4-4480-bde5-8259e02df288","label":"溢出正控 16 llllllllllllllllllllllllllllllllllllllllllllllllllllllllllllllllllllllllllllllllllllllllll","kind":"subagent","parentTaskId":"6f3ff750-0264-4762-a65d-4a51d7e91199","status":"Settling","statusKnown":true,"streamKey":"subagent:6b379b11-bcd4-4480-bde5-8259e02df288","blockedOnApproval":false,"streamTruncated":false,"streamElidedRunes":0,"streamDropped":false},{"taskId":"6f3ff750-0264-4762-a65d-4a51d7e91199","label":"总结一下 这份笔记","kind":"root","parentTaskId":"","status":"","statusKnown":false,"statusReason":"宿主没有登记这一维（fail-closed：不替任务编一个状态）","streamKey":"6f3ff750-0264-4762-a65d-4a51d7e91199","blockedOnApproval":false,"streamTruncated":false,"streamElidedRunes":0,"streamDropped":false},{"taskId":"732f0e74-b2e6-4d2b-9034-bc72c9bc7e65","label":"溢出正控 17 llllllllllllllllllllllllllllllllllllllllllllllllllllllllllllllllllllllllllllllllllllllllll","kind":"subagent","parentTaskId":"6f3ff750-0264-4762-a65d-4a51d7e91199","status":"Settling","statusKnown":true,"streamKey":"subagent:732f0e74-b2e6-4d2b-9034-bc72c9bc7e65","blockedOnApproval":false,"streamTruncated":false,"streamElidedRunes":0,"streamDropped":false},{"taskId":"85c0fbfa-e33d-4cbe-b032-c33737168b6a","label":"溢出正控 18 llllllllllllllllllllllllllllllllllllllllllllllllllllllllllllllllllllllllllllllllllllllllll","kind":"subagent","parentTaskId":"6f3ff750-0264-4762-a65d-4a51d7e91199","status":"Settling","statusKnown":true,"streamKey":"subagent:85c0fbfa-e33d-4cbe-b032-c33737168b6a","blockedOnApproval":false,"streamTruncated":false,"streamElidedRunes":0,"streamDropped":false},{"taskId":"87bc7534-63fd-4603-ba71-08e78eeef375","label":"溢出正控 22 llllllllllllllllllllllllllllllllllllllllllllllllllllllllllllllllllllllllllllllllllllllllll","kind":"subagent","parentTaskId":"6f3ff750-0264-4762-a65d-4a51d7e91199","status":"Settling","statusKnown":true,"streamKey":"subagent:87bc7534-63fd-4603-ba71-08e78eeef375","blockedOnApproval":false,"streamTruncated":false,"streamElidedRunes":0,"streamDropped":false},{"taskId":"976739dd-0085-4715-8aa1-69f3d81c88e1","label":"溢出正控 08 llllllllllllllllllllllllllllllllllllllllllllllllllllllllllllllllllllllllllllllllllllllllll","kind":"subagent","parentTaskId":"6f3ff750-0264-4762-a65d-4a51d7e91199","status":"Settling","statusKnown":true,"streamKey":"subagent:976739dd-0085-4715-8aa1-69f3d81c88e1","blockedOnApproval":false,"streamTruncated":false,"streamElidedRunes":0,"streamDropped":false},{"taskId":"b1a7cff6-998c-4856-8140-a9939fd11682","label":"溢出正控 27 llllllllllllllllllllllllllllllllllllllllllllllllllllllllllllllllllllllllllllllllllllllllll","kind":"subagent","parentTaskId":"6f3ff750-0264-4762-a65d-4a51d7e91199","status":"Settling","statusKnown":true,"streamKey":"subagent:b1a7cff6-998c-4856-8140-a9939fd11682","blockedOnApproval":false,"streamTruncated":false,"streamElidedRunes":0,"streamDropped":false},{"taskId":"b282809e-c875-459e-89d3-c9a0f2aff6b1","label":"溢出正控 07 llllllllllllllllllllllllllllllllllllllllllllllllllllllllllllllllllllllllllllllllllllllllll","kind":"subagent","parentTaskId":"6f3ff750-0264-4762-a65d-4a51d7e91199","status":"Settling","statusKnown":true,"streamKey":"subagent:b282809e-c875-459e-89d3-c9a0f2aff6b1","blockedOnApproval":false,"streamTruncated":false,"streamElidedRunes":0,"streamDropped":false},{"taskId":"b28d823e-fb5f-4ff1-8bd6-9e59ac06e56c","label":"溢出正控 25 llllllllllllllllllllllllllllllllllllllllllllllllllllllllllllllllllllllllllllllllllllllllll","kind":"subagent","parentTaskId":"6f3ff750-0264-4762-a65d-4a51d7e91199","status":"Settling","statusKnown":true,"streamKey":"subagent:b28d823e-fb5f-4ff1-8bd6-9e59ac06e56c","blockedOnApproval":false,"streamTruncated":false,"streamElidedRunes":0,"streamDropped":false},{"taskId":"b3cc8f5b-e598-442a-8296-98131ba4c4f7","label":"溢出正控 05 llllllllllllllllllllllllllllllllllllllllllllllllllllllllllllllllllllllllllllllllllllllllll","kind":"subagent","parentTaskId":"6f3ff750-0264-4762-a65d-4a51d7e91199","status":"Settling","statusKnown":true,"streamKey":"subagent:b3cc8f5b-e598-442a-8296-98131ba4c4f7","blockedOnApproval":false,"streamTruncated":false,"streamElidedRunes":0,"streamDropped":false},{"taskId":"c2748ba7-f8ff-422c-90e1-51fcd7d78601","label":"溢出正控 28 llllllllllllllllllllllllllllllllllllllllllllllllllllllllllllllllllllllllllllllllllllllllll","kind":"subagent","parentTaskId":"6f3ff750-0264-4762-a65d-4a51d7e91199","status":"Settling","statusKnown":true,"streamKey":"subagent:c2748ba7-f8ff-422c-90e1-51fcd7d78601","blockedOnApproval":false,"streamTruncated":false,"streamElidedRunes":0,"streamDropped":false},{"taskId":"c705021b-b107-4b5d-8e9d-7d51b5f6b938","label":"溢出正控 31 llllllllllllllllllllllllllllllllllllllllllllllllllllllllllllllllllllllllllllllllllllllllll","kind":"subagent","parentTaskId":"6f3ff750-0264-4762-a65d-4a51d7e91199","status":"Settling","statusKnown":true,"streamKey":"subagent:c705021b-b107-4b5d-8e9d-7d51b5f6b938","blockedOnApproval":false,"streamTruncated":false,"streamElidedRunes":0,"streamDropped":false},{"taskId":"cf95b6ca-3c25-4e39-b855-ec699532ea11","label":"溢出正控 24 llllllllllllllllllllllllllllllllllllllllllllllllllllllllllllllllllllllllllllllllllllllllll","kind":"subagent","parentTaskId":"6f3ff750-0264-4762-a65d-4a51d7e91199","status":"Settling","statusKnown":true,"streamKey":"subagent:cf95b6ca-3c25-4e39-b855-ec699532ea11","blockedOnApproval":false,"streamTruncated":false,"streamElidedRunes":0,"streamDropped":false},{"taskId":"d7f7ab6b-64d2-4784-a2b9-2d53f742eb75","label":"溢出正控 02 llllllllllllllllllllllllllllllllllllllllllllllllllllllllllllllllllllllllllllllllllllllllll","kind":"subagent","parentTaskId":"6f3ff750-0264-4762-a65d-4a51d7e91199","status":"Settling","statusKnown":true,"streamKey":"subagent:d7f7ab6b-64d2-4784-a2b9-2d53f742eb75","blockedOnApproval":false,"streamTruncated":false,"streamElidedRunes":0,"streamDropped":false},{"taskId":"e07d7923-acbc-4421-b1cf-8af6f5ffe81f","label":"溢出正控 15 llllllllllllllllllllllllllllllllllllllllllllllllllllllllllllllllllllllllllllllllllllllllll","kind":"subagent","parentTaskId":"6f3ff750-0264-4762-a65d-4a51d7e91199","status":"Settling","statusKnown":true,"streamKey":"subagent:e07d7923-acbc-4421-b1cf-8af6f5ffe81f","blockedOnApproval":false,"streamTruncated":false,"streamElidedRunes":0,"streamDropped":false},{"taskId":"e90205e7-78d0-480d-bcf6-dd8701c0f869","label":"溢出正控 04 llllllllllllllllllllllllllllllllllllllllllllllllllllllllllllllllllllllllllllllllllllllllll","kind":"subagent","parentTaskId":"6f3ff750-0264-4762-a65d-4a51d7e91199","status":"Settling","statusKnown":true,"streamKey":"subagent:e90205e7-78d0-480d-bcf6-dd8701c0f869","blockedOnApproval":false,"streamTruncated":false,"streamElidedRunes":0,"streamDropped":false},{"taskId":"ee982547-7f14-4e61-bdb8-2cda88ca1398","label":"溢出正控 09 llllllllllllllllllllllllllllllllllllllllllllllllllllllllllllllllllllllllllllllllllllllllll","kind":"subagent","parentTaskId":"6f3ff750-0264-4762-a65d-4a51d7e91199","status":"Settling","statusKnown":true,"streamKey":"subagent:ee982547-7f14-4e61-bdb8-2cda88ca1398","blockedOnApproval":false,"streamTruncated":false,"streamElidedRunes":0,"streamDropped":false},{"taskId":"f4281f27-6324-455b-a3af-81ac399a3f88","label":"溢出正控 19 llllllllllllllllllllllllllllllllllllllllllllllllllllllllllllllllllllllllllllllllllllllllll","kind":"subagent","parentTaskId":"6f3ff750-0264-4762-a65d-4a51d7e91199","status":"Settling","statusKnown":true,"streamKey":"subagent:f4281f27-6324-455b-a3af-81ac399a3f88","blockedOnApproval":false,"streamTruncated":false,"streamElidedRunes":0,"streamDropped":false},{"taskId":"f990444f-a3c6-45f3-a6b3-aa7fa5b32f72","label":"溢出正控 01 llllllllllllllllllllllllllllllllllllllllllllllllllllllllllllllllllllllllllllllllllllllllll","kind":"subagent","parentTaskId":"6f3ff750-0264-4762-a65d-4a51d7e91199","status":"Settling","statusKnown":true,"streamKey":"subagent:f990444f-a3c6-45f3-a6b3-aa7fa5b32f72","blockedOnApproval":false,"streamTruncated":false,"streamElidedRunes":0,"streamDropped":false},{"taskId":"fc31a702-19ec-47b8-a940-44f9c2c755ed","label":"溢出正控 29 llllllllllllllllllllllllllllllllllllllllllllllllllllllllllllllllllllllllllllllllllllllllll","kind":"subagent","parentTaskId":"6f3ff750-0264-4762-a65d-4a51d7e91199","status":"Settling","statusKnown":true,"streamKey":"subagent:fc31a702-19ec-47b8-a940-44f9c2c755ed","blockedOnApproval":false,"streamTruncated":false,"streamElidedRunes":0,"streamDropped":false},{"taskId":"fcc135da-6a6a-4265-85c0-9f96ddc59354","label":"溢出正控 21 llllllllllllllllllllllllllllllllllllllllllllllllllllllllllllllllllllllllllllllllllllllllll","kind":"subagent","parentTaskId":"6f3ff750-0264-4762-a65d-4a51d7e91199","status":"Settling","statusKnown":true,"streamKey":"subagent:fcc135da-6a6a-4265-85c0-9f96ddc59354","blockedOnApproval":false,"streamTruncated":false,"streamElidedRunes":0,"streamDropped":false}],"inFlightSlots":0,"poolCap":4,"streamTruncated":true,"streamElidedRunes":0,"droppedStreamKeys":[]}
2026-10-09T23:36:11.0176613Z     subagent_carrier_197_test.go:591: bound crossed: rows=34 streams=34 truncated=true elided=0 dropped=[]
2026-10-09T23:36:11.0177181Z --- PASS: TestRunPacketReportsTheStreamLogPastItsBound (1.31s)
2026-10-09T23:36:11.0177585Z === RUN   Test197SubagentSelfApprovalIsRefusedAndTheHostAnswerLands
2026-10-09T23:36:11.0179675Z time=2026-10-09T23:35:40.790Z level=WARN msg="goroutine outside the D38 roster (leak symptom)" goroutine=mockllm-stdout-reader owner=test
2026-10-09T23:36:11.0184455Z 2026/10/09 23:35:40 mockllm: serving on http://127.0.0.1:61483 (golden dir D:\a\wisp\wisp\internal\llm\testdata\golden)
2026-10-09T23:36:11.0185727Z time=2026-10-09T23:35:40.825Z level=INFO msg="wisp: persistent log sink installed" dir=C:\Users\RUNNER~1\AppData\Local\Temp\Test197SubagentSelfApprovalIsRefusedAndTheHostAnswerLands1133533517\002\logs min_level=info early_records=0 early_dropped=0
2026-10-09T23:36:11.0187682Z time=2026-10-09T23:35:40.889Z level=INFO msg="pre-migration backup written" component=memory backup=C:\Users\RUNNER~1\AppData\Local\Temp\Test197SubagentSelfApprovalIsRefusedAndTheHostAnswerLands1133533517\002\backup\wisp.db.bak-0-1 from=0 to=1
2026-10-09T23:36:11.0188453Z time=2026-10-09T23:35:40.918Z level=INFO msg="schema migration step applied" component=memory from=0 to=1 started_at=2026-10-09T23:35:40Z duration_ms=28
2026-10-09T23:36:11.0190796Z time=2026-10-09T23:35:40.954Z level=INFO msg="pre-migration backup written" component=memory backup=C:\Users\RUNNER~1\AppData\Local\Temp\Test197SubagentSelfApprovalIsRefusedAndTheHostAnswerLands1133533517\002\backup\wisp.db.bak-1-2 from=1 to=2
2026-10-09T23:36:11.0191697Z time=2026-10-09T23:35:40.981Z level=INFO msg="schema migration step applied" component=memory from=1 to=2 started_at=2026-10-09T23:35:40Z duration_ms=27
2026-10-09T23:36:11.0193580Z time=2026-10-09T23:35:41.018Z level=INFO msg="schema migration complete" component=memory schema_version=2
2026-10-09T23:36:11.0194179Z time=2026-10-09T23:35:41.019Z level=INFO msg="startup WAL checkpoint (TRUNCATE) done" component=memory wal_pages_before=0 pages_moved=0
2026-10-09T23:36:11.0194885Z time=2026-10-09T23:35:41.026Z level=WARN msg="goroutine outside the D38 roster (leak symptom)" goroutine=subagent-finish-3393a935-bcae-4228-a8dd-dbbd93c67e4a owner=tools
2026-10-09T23:36:11.0199480Z     subagent_selfapproval_197_test.go:359: child=3393a935-bcae-4228-a8dd-dbbd93c67e4a corr1=3393a935-bcae-4228-a8dd-dbbd93c67e4a corr2=3393a935-bcae-4228-a8dd-dbbd93c67e4a | 空令牌=approval: 原生令牌无效（缺失/已用/与本次请求不绑定） | 假令牌=approval: 原生令牌无效（缺失/已用/与本次请求不绑定） | 自称来源=approval: 原生令牌无效（缺失/已用/与本次请求不绑定） | 借证=approval: 原生令牌无效（缺失/已用/与本次请求不绑定） | 重放=approval: correlation_id 无对应待审批项 | 面板递证=面板来源的「允许」被服务端 API 直接拒绝（F2 第三层），可改为拒绝或查看完整参数 | 烧后再试=approval: 原生令牌无效（缺失/已用/与本次请求不绑定） | 宿主允许=<nil> | 落盘=true/false
2026-10-09T23:36:11.0200284Z --- PASS: Test197SubagentSelfApprovalIsRefusedAndTheHostAnswerLands (12.25s)
2026-10-09T23:36:11.0200627Z === RUN   Test197NoAllowDoorIsReachableFromASubagentsAssembly
2026-10-09T23:36:11.0201073Z --- PASS: Test197NoAllowDoorIsReachableFromASubagentsAssembly (0.00s)
2026-10-09T23:36:11.0201464Z === RUN   TestSubagentStreamKeyPrefixAgreesAcrossBothPackages
2026-10-09T23:36:11.0201852Z --- PASS: TestSubagentStreamKeyPrefixAgreesAcrossBothPackages (0.00s)
2026-10-09T23:36:11.0202229Z === RUN   TestSubagentStreamKeyBuildersAgreeAcrossBothPackages
2026-10-09T23:36:11.0202692Z --- PASS: TestSubagentStreamKeyBuildersAgreeAcrossBothPackages (0.00s)
2026-10-09T23:36:11.0203013Z === RUN   TestCompositionRootClosesTheLoopTasksTaintScope
2026-10-09T23:36:11.0203732Z time=2026-10-09T23:35:55.770Z level=WARN msg="goroutine outside the D38 roster (leak symptom)" goroutine=mockllm-stdout-reader owner=test
2026-10-09T23:36:11.0205045Z time=2026-10-09T23:35:55.788Z level=INFO msg="wisp: persistent log sink installed" dir=C:\Users\RUNNER~1\AppData\Local\Temp\TestCompositionRootClosesTheLoopTasksTaintScope1615230689\002\logs min_level=info early_records=0 early_dropped=0
2026-10-09T23:36:11.0205636Z 2026/10/09 23:35:55 mockllm: serving on http://127.0.0.1:61493 (golden dir D:\a\wisp\wisp\internal\llm\testdata\golden)
2026-10-09T23:36:11.0206959Z time=2026-10-09T23:35:56.379Z level=INFO msg="pre-migration backup written" component=memory backup=C:\Users\RUNNER~1\AppData\Local\Temp\TestCompositionRootClosesTheLoopTasksTaintScope1615230689\002\backup\wisp.db.bak-0-1 from=0 to=1
2026-10-09T23:36:11.0207704Z time=2026-10-09T23:35:56.784Z level=INFO msg="schema migration step applied" component=memory from=0 to=1 started_at=2026-10-09T23:35:56Z duration_ms=405
2026-10-09T23:36:11.0208971Z time=2026-10-09T23:35:57.078Z level=INFO msg="pre-migration backup written" component=memory backup=C:\Users\RUNNER~1\AppData\Local\Temp\TestCompositionRootClosesTheLoopTasksTaintScope1615230689\002\backup\wisp.db.bak-1-2 from=1 to=2
2026-10-09T23:36:11.0210273Z time=2026-10-09T23:35:57.368Z level=INFO msg="schema migration step applied" component=memory from=1 to=2 started_at=2026-10-09T23:35:57Z duration_ms=289
2026-10-09T23:36:11.0210781Z time=2026-10-09T23:35:57.448Z level=INFO msg="schema migration complete" component=memory schema_version=2
2026-10-09T23:36:11.0211417Z time=2026-10-09T23:35:57.450Z level=INFO msg="startup WAL checkpoint (TRUNCATE) done" component=memory wal_pages_before=0 pages_moved=0
2026-10-09T23:36:11.0211746Z --- PASS: TestCompositionRootClosesTheLoopTasksTaintScope (5.91s)
2026-10-09T23:36:11.0212056Z === RUN   TestAdmitTaskRevokeRemovesTheCrossTaskTaintHit
2026-10-09T23:36:11.0212704Z time=2026-10-09T23:35:59.256Z level=WARN msg="goroutine outside the D38 roster (leak symptom)" goroutine=mockllm-stdout-reader owner=test
2026-10-09T23:36:11.0213909Z time=2026-10-09T23:35:59.273Z level=INFO msg="wisp: persistent log sink installed" dir=C:\Users\RUNNER~1\AppData\Local\Temp\TestAdmitTaskRevokeRemovesTheCrossTaskTaintHit435276322\002\logs min_level=info early_records=0 early_dropped=0
2026-10-09T23:36:11.0214458Z 2026/10/09 23:35:59 mockllm: serving on http://127.0.0.1:61495 (golden dir D:\a\wisp\wisp\internal\llm\testdata\golden)
2026-10-09T23:36:11.0215644Z time=2026-10-09T23:35:59.638Z level=INFO msg="pre-migration backup written" component=memory backup=C:\Users\RUNNER~1\AppData\Local\Temp\TestAdmitTaskRevokeRemovesTheCrossTaskTaintHit435276322\002\backup\wisp.db.bak-0-1 from=0 to=1
2026-10-09T23:36:11.0216293Z time=2026-10-09T23:35:59.695Z level=INFO msg="schema migration step applied" component=memory from=0 to=1 started_at=2026-10-09T23:35:59Z duration_ms=57
2026-10-09T23:36:11.0217963Z time=2026-10-09T23:35:59.912Z level=INFO msg="pre-migration backup written" component=memory backup=C:\Users\RUNNER~1\AppData\Local\Temp\TestAdmitTaskRevokeRemovesTheCrossTaskTaintHit435276322\002\backup\wisp.db.bak-1-2 from=1 to=2
2026-10-09T23:36:11.0218673Z time=2026-10-09T23:35:59.963Z level=INFO msg="schema migration step applied" component=memory from=1 to=2 started_at=2026-10-09T23:35:59Z duration_ms=50
2026-10-09T23:36:11.0219181Z time=2026-10-09T23:36:00.016Z level=INFO msg="schema migration complete" component=memory schema_version=2
2026-10-09T23:36:11.0219765Z time=2026-10-09T23:36:00.019Z level=INFO msg="startup WAL checkpoint (TRUNCATE) done" component=memory wal_pages_before=0 pages_moved=0
2026-10-09T23:36:11.0220120Z --- PASS: TestAdmitTaskRevokeRemovesTheCrossTaskTaintHit (2.44s)
2026-10-09T23:36:11.0220485Z === RUN   TestTicket224SessionVerbPutsARowOnDiskInTheAssembledRun
2026-10-09T23:36:11.0221071Z time=2026-10-09T23:36:01.875Z level=WARN msg="goroutine outside the D38 roster (leak symptom)" goroutine=mockllm-stdout-reader owner=test
2026-10-09T23:36:11.0222326Z time=2026-10-09T23:36:01.892Z level=INFO msg="wisp: persistent log sink installed" dir=C:\Users\RUNNER~1\AppData\Local\Temp\TestTicket224SessionVerbPutsARowOnDiskInTheAssembledRun517671338\002\logs min_level=info early_records=0 early_dropped=0
2026-10-09T23:36:11.0222878Z 2026/10/09 23:36:01 mockllm: serving on http://127.0.0.1:61502 (golden dir D:\a\wisp\wisp\internal\llm\testdata\golden)
2026-10-09T23:36:11.0224080Z time=2026-10-09T23:36:02.144Z level=INFO msg="pre-migration backup written" component=memory backup=C:\Users\RUNNER~1\AppData\Local\Temp\TestTicket224SessionVerbPutsARowOnDiskInTheAssembledRun517671338\002\backup\wisp.db.bak-0-1 from=0 to=1
2026-10-09T23:36:11.0224776Z time=2026-10-09T23:36:02.171Z level=INFO msg="schema migration step applied" component=memory from=0 to=1 started_at=2026-10-09T23:36:02Z duration_ms=27
2026-10-09T23:36:11.0226011Z time=2026-10-09T23:36:02.281Z level=INFO msg="pre-migration backup written" component=memory backup=C:\Users\RUNNER~1\AppData\Local\Temp\TestTicket224SessionVerbPutsARowOnDiskInTheAssembledRun517671338\002\backup\wisp.db.bak-1-2 from=1 to=2
2026-10-09T23:36:11.0226671Z time=2026-10-09T23:36:02.474Z level=INFO msg="schema migration step applied" component=memory from=1 to=2 started_at=2026-10-09T23:36:02Z duration_ms=192
2026-10-09T23:36:11.0227550Z time=2026-10-09T23:36:02.561Z level=INFO msg="schema migration complete" component=memory schema_version=2
2026-10-09T23:36:11.0228194Z time=2026-10-09T23:36:02.563Z level=INFO msg="startup WAL checkpoint (TRUNCATE) done" component=memory wal_pages_before=0 pages_moved=0
2026-10-09T23:36:11.0228815Z time=2026-10-09T23:36:02.879Z level=INFO msg="startup WAL checkpoint (TRUNCATE) done" component=memory wal_pages_before=0 pages_moved=0
2026-10-09T23:36:11.0229389Z time=2026-10-09T23:36:02.888Z level=INFO msg="startup WAL checkpoint (TRUNCATE) done" component=memory wal_pages_before=0 pages_moved=0
2026-10-09T23:36:11.0229813Z --- PASS: TestTicket224SessionVerbPutsARowOnDiskInTheAssembledRun (2.59s)
2026-10-09T23:36:11.0230174Z === RUN   TestTicket224LiveGrantStopsTheAssembledBridgeFromAsking
2026-10-09T23:36:11.0230762Z time=2026-10-09T23:36:04.195Z level=WARN msg="goroutine outside the D38 roster (leak symptom)" goroutine=mockllm-stdout-reader owner=test
2026-10-09T23:36:11.0231996Z time=2026-10-09T23:36:04.211Z level=INFO msg="wisp: persistent log sink installed" dir=C:\Users\RUNNER~1\AppData\Local\Temp\TestTicket224LiveGrantStopsTheAssembledBridgeFromAsking3528063629\002\logs min_level=info early_records=0 early_dropped=0
2026-10-09T23:36:11.0232518Z 2026/10/09 23:36:04 mockllm: serving on http://127.0.0.1:61504 (golden dir D:\a\wisp\wisp\internal\llm\testdata\golden)
2026-10-09T23:36:11.0233712Z time=2026-10-09T23:36:04.343Z level=INFO msg="pre-migration backup written" component=memory backup=C:\Users\RUNNER~1\AppData\Local\Temp\TestTicket224LiveGrantStopsTheAssembledBridgeFromAsking3528063629\002\backup\wisp.db.bak-0-1 from=0 to=1
2026-10-09T23:36:11.0234506Z time=2026-10-09T23:36:04.435Z level=INFO msg="schema migration step applied" component=memory from=0 to=1 started_at=2026-10-09T23:36:04Z duration_ms=91
2026-10-09T23:36:11.0235783Z time=2026-10-09T23:36:04.465Z level=INFO msg="pre-migration backup written" component=memory backup=C:\Users\RUNNER~1\AppData\Local\Temp\TestTicket224LiveGrantStopsTheAssembledBridgeFromAsking3528063629\002\backup\wisp.db.bak-1-2 from=1 to=2
2026-10-09T23:36:11.0236434Z time=2026-10-09T23:36:04.501Z level=INFO msg="schema migration step applied" component=memory from=1 to=2 started_at=2026-10-09T23:36:04Z duration_ms=35
2026-10-09T23:36:11.0237145Z time=2026-10-09T23:36:04.537Z level=INFO msg="schema migration complete" component=memory schema_version=2
2026-10-09T23:36:11.0237782Z time=2026-10-09T23:36:04.539Z level=INFO msg="startup WAL checkpoint (TRUNCATE) done" component=memory wal_pages_before=0 pages_moved=0
2026-10-09T23:36:11.0238414Z time=2026-10-09T23:36:06.642Z level=INFO msg="startup WAL checkpoint (TRUNCATE) done" component=memory wal_pages_before=0 pages_moved=0
2026-10-09T23:36:11.0238792Z --- PASS: TestTicket224LiveGrantStopsTheAssembledBridgeFromAsking (3.75s)
2026-10-09T23:36:11.0239131Z === RUN   TestTicket224ProductionSessionDoesNotSurviveRestart
2026-10-09T23:36:11.0239774Z time=2026-10-09T23:36:07.866Z level=WARN msg="goroutine outside the D38 roster (leak symptom)" goroutine=mockllm-stdout-reader owner=test
2026-10-09T23:36:11.0240967Z time=2026-10-09T23:36:07.880Z level=INFO msg="wisp: persistent log sink installed" dir=C:\Users\RUNNER~1\AppData\Local\Temp\TestTicket224ProductionSessionDoesNotSurviveRestart259589932\002\logs min_level=info early_records=0 early_dropped=0
2026-10-09T23:36:11.0241517Z 2026/10/09 23:36:07 mockllm: serving on http://127.0.0.1:61506 (golden dir D:\a\wisp\wisp\internal\llm\testdata\golden)
2026-10-09T23:36:11.0242713Z time=2026-10-09T23:36:07.981Z level=INFO msg="pre-migration backup written" component=memory backup=C:\Users\RUNNER~1\AppData\Local\Temp\TestTicket224ProductionSessionDoesNotSurviveRestart259589932\002\backup\wisp.db.bak-0-1 from=0 to=1
2026-10-09T23:36:11.0243369Z time=2026-10-09T23:36:08.197Z level=INFO msg="schema migration step applied" component=memory from=0 to=1 started_at=2026-10-09T23:36:07Z duration_ms=215
2026-10-09T23:36:11.0245008Z time=2026-10-09T23:36:08.233Z level=INFO msg="pre-migration backup written" component=memory backup=C:\Users\RUNNER~1\AppData\Local\Temp\TestTicket224ProductionSessionDoesNotSurviveRestart259589932\002\backup\wisp.db.bak-1-2 from=1 to=2
2026-10-09T23:36:11.0245714Z time=2026-10-09T23:36:08.263Z level=INFO msg="schema migration step applied" component=memory from=1 to=2 started_at=2026-10-09T23:36:08Z duration_ms=29
2026-10-09T23:36:11.0246160Z time=2026-10-09T23:36:08.286Z level=INFO msg="schema migration complete" component=memory schema_version=2
2026-10-09T23:36:11.0246793Z time=2026-10-09T23:36:08.288Z level=INFO msg="startup WAL checkpoint (TRUNCATE) done" component=memory wal_pages_before=0 pages_moved=0
2026-10-09T23:36:11.0247993Z time=2026-10-09T23:36:08.368Z level=INFO msg="wisp: persistent log sink installed" dir=C:\Users\RUNNER~1\AppData\Local\Temp\TestTicket224ProductionSessionDoesNotSurviveRestart259589932\002\logs min_level=info early_records=0 early_dropped=0
2026-10-09T23:36:11.0248627Z time=2026-10-09T23:36:08.378Z level=INFO msg="startup WAL checkpoint (TRUNCATE) done" component=memory wal_pages_before=0 pages_moved=0
2026-10-09T23:36:11.0249196Z time=2026-10-09T23:36:10.578Z level=INFO msg="startup WAL checkpoint (TRUNCATE) done" component=memory wal_pages_before=0 pages_moved=0
2026-10-09T23:36:11.0249593Z --- PASS: TestTicket224ProductionSessionDoesNotSurviveRestart (3.94s)
2026-10-09T23:36:11.0249759Z FAIL
2026-10-09T23:36:11.0249996Z FAIL	github.com/CarlosShao/wisp/cmd/wisp	403.600s
2026-10-09T23:36:11.0250168Z FAIL
2026-10-09T23:36:11.0907211Z runtests.sh: go test exited 1 - packages=[./cmd/wisp/ -count=1 -skip ^(TestDefaultDeadlineWallClockMeasurement|TestSubprocessCrashWriter|TestHelperProcess|TestLiveWasapiSmoke|TestRealDownloadVadThroughPipeline|TestRealDownloadPuncArchiveThroughPipeline|TestSyncRegistryProbeLive)$] top-level: PASS=231 FAIL=6 SKIP=1, === RUN=335, '[no tests to run]'=0
2026-10-09T23:36:11.2264708Z portable-tests.sh: unaccounted SKIP lines, each with the file:line and reason it printed:
2026-10-09T23:36:11.2265890Z portable-tests.sh: four numbers (all from -v output): === RUN=335  --- PASS=231  --- FAIL=6  --- SKIP=1
2026-10-09T23:36:11.2482404Z     panel_resident_windows_test.go:317: AC#13 has no subject in this tree: the embed resolves no entry, so there is no page content that could be covered. Named skip; the working-tree reading is the one that ran, recorded in docs/evidence/s1/33-panel-host-c27-r5.md
2026-10-09T23:36:11.2483787Z --- SKIP: TestAC13ColdStartEndsOnTheEmbeddedEntryNotTheProbe (0.00s)
2026-10-09T23:36:11.3372025Z portable-tests.sh:   FAIL (own line) github.com/CarlosShao/wisp/cmd/wisp
2026-10-09T23:36:11.3585045Z portable-tests.sh: strict runner exited 1 for scope=[./cmd/wisp/]
2026-10-09T23:36:11.3675687Z ##[error]Process completed with exit code 1.
2026-10-09T23:36:11.3877646Z ##[group]Run bash scripts/portable-tests.sh --scope=census
2026-10-09T23:36:11.3878329Z [36;1mbash scripts/portable-tests.sh --scope=census[0m
2026-10-09T23:36:11.3893105Z shell: C:\Program Files\Git\bin\bash.EXE --noprofile --norc -e -o pipefail {0}
2026-10-09T23:36:11.3893557Z env:
2026-10-09T23:36:11.3893824Z   WISP_ENV: test
2026-10-09T23:36:11.3894772Z ##[endgroup]
2026-10-09T23:36:12.9945059Z portable-tests.sh: census GOOS=windows - go list ./... = 35 packages (one row each)
2026-10-09T23:36:12.9946347Z portable-tests.sh: PACKAGE                                        TESTS(t/x)  CLAIMED BY
2026-10-09T23:36:13.4184225Z portable-tests.sh: github.com/CarlosShao/wisp/cmd/balldebug       0/0          NO-SCOPE <-NO-TESTS
2026-10-09T23:36:13.8701645Z portable-tests.sh: github.com/CarlosShao/wisp/cmd/llmrecord       1/0         corewindows
2026-10-09T23:36:14.3590456Z portable-tests.sh: github.com/CarlosShao/wisp/cmd/wisp            58/0        cli
2026-10-09T23:36:14.5979254Z portable-tests.sh: github.com/CarlosShao/wisp/frontend            0/0          NO-SCOPE <-NO-TESTS
2026-10-09T23:36:14.8975516Z portable-tests.sh: github.com/CarlosShao/wisp/internal/agent      19/0        core
2026-10-09T23:36:15.1970614Z portable-tests.sh: github.com/CarlosShao/wisp/internal/agent/approval 8/11        core
2026-10-09T23:36:15.4349354Z portable-tests.sh: github.com/CarlosShao/wisp/internal/agent/scheduler 0/0          NO-SCOPE <-NO-TESTS
2026-10-09T23:36:16.4091321Z portable-tests.sh: github.com/CarlosShao/wisp/internal/audio      5/0         core
2026-10-09T23:36:16.8609748Z portable-tests.sh: github.com/CarlosShao/wisp/internal/ball       11/0        corewindows
2026-10-09T23:36:17.0982575Z portable-tests.sh: github.com/CarlosShao/wisp/internal/buildinfo  1/0         core
2026-10-09T23:36:17.3507781Z portable-tests.sh: github.com/CarlosShao/wisp/internal/config     16/1        corewindows
2026-10-09T23:36:17.6207959Z portable-tests.sh: github.com/CarlosShao/wisp/internal/llm        2/8         core
2026-10-09T23:36:17.9020967Z portable-tests.sh: github.com/CarlosShao/wisp/internal/llm/adaptertest 1/0         core
2026-10-09T23:36:18.1689189Z portable-tests.sh: github.com/CarlosShao/wisp/internal/llm/anthropic 3/0         core
2026-10-09T23:36:18.4218004Z portable-tests.sh: github.com/CarlosShao/wisp/internal/llm/golden 1/0         core
2026-10-09T23:36:18.6835390Z portable-tests.sh: github.com/CarlosShao/wisp/internal/llm/openaichat 4/0         core
2026-10-09T23:36:18.9422020Z portable-tests.sh: github.com/CarlosShao/wisp/internal/llm/openairesponses 2/0         core
2026-10-09T23:36:19.2086841Z portable-tests.sh: github.com/CarlosShao/wisp/internal/memory     11/0        core
2026-10-09T23:36:19.4795698Z portable-tests.sh: github.com/CarlosShao/wisp/internal/models     16/0        core
2026-10-09T23:36:19.7462341Z portable-tests.sh: github.com/CarlosShao/wisp/internal/observe    15/0        core
2026-10-09T23:36:20.0148378Z portable-tests.sh: github.com/CarlosShao/wisp/internal/panel      20/0        core
2026-10-09T23:36:20.2824120Z portable-tests.sh: github.com/CarlosShao/wisp/internal/perm       3/0         corewindows
2026-10-09T23:36:20.5346103Z portable-tests.sh: github.com/CarlosShao/wisp/internal/plugin     1/0         corewindows
2026-10-09T23:36:20.8331422Z portable-tests.sh: github.com/CarlosShao/wisp/internal/proc       11/0        corewindows
2026-10-09T23:36:21.0885770Z portable-tests.sh: github.com/CarlosShao/wisp/internal/projctx    0/1         corewindows
2026-10-09T23:36:21.3399986Z portable-tests.sh: github.com/CarlosShao/wisp/internal/risk       20/0        corewindows
2026-10-09T23:36:21.5926433Z portable-tests.sh: github.com/CarlosShao/wisp/internal/secret     4/0         corewindows
2026-10-09T23:36:21.8602632Z portable-tests.sh: github.com/CarlosShao/wisp/internal/session    2/0         corewindows
2026-10-09T23:36:22.0793221Z portable-tests.sh: github.com/CarlosShao/wisp/internal/speech     0/0          NO-SCOPE <-NO-TESTS
2026-10-09T23:36:22.3308011Z portable-tests.sh: github.com/CarlosShao/wisp/internal/statemachine 2/0         core
2026-10-09T23:36:22.5992593Z portable-tests.sh: github.com/CarlosShao/wisp/internal/streamkey  0/0          NO-SCOPE <-NO-TESTS
2026-10-09T23:36:22.8840992Z portable-tests.sh: github.com/CarlosShao/wisp/internal/tools      46/3        core
2026-10-09T23:36:23.0910371Z portable-tests.sh: github.com/CarlosShao/wisp/internal/watchdog   0/0          NO-SCOPE <-NO-TESTS
2026-10-09T23:36:23.3418385Z portable-tests.sh: github.com/CarlosShao/wisp/internal/winsec     12/8        corewinsec
2026-10-09T23:36:23.7806737Z portable-tests.sh: github.com/CarlosShao/wisp/tools/signmodels    0/0          NO-SCOPE <-NO-TESTS
2026-10-09T23:36:23.7809164Z portable-tests.sh: census totals: packages=35 with-zero-compiled-tests=7 claimed-by-no-scope=7 unclaimed-with-tests=0
2026-10-09T23:36:23.8041103Z ##[group]Run bash scripts/portable-tests.sh --scope=windows
2026-10-09T23:36:23.8042043Z [36;1mbash scripts/portable-tests.sh --scope=windows[0m
2026-10-09T23:36:23.8058987Z shell: C:\Program Files\Git\bin\bash.EXE --noprofile --norc -e -o pipefail {0}
2026-10-09T23:36:23.8059630Z env:
2026-10-09T23:36:23.8059983Z   WISP_ENV: test
2026-10-09T23:36:23.8060357Z ##[endgroup]
2026-10-09T23:36:40.6382960Z portable-tests.sh: platform=windows scope=[./internal/proc/ ./internal/secret/ ./internal/config/ ./internal/risk/ ./internal/ball/ ./internal/perm/ ./internal/plugin/ ./cmd/llmrecord/ ./internal/session/ ./internal/projctx/]
2026-10-09T23:36:40.6384710Z portable-tests.sh: 11 ledger entries, 7 accounted on this platform:
2026-10-09T23:36:40.6393935Z portable-tests.sh:   TestDefaultDeadlineWallClockMeasurement              [opt-in] 300s wall-clock measurement gated by WISP_84_MEASURE=1 (ticket84_no_owner_test.go:224, docs/evidence/s1/84-ac1-bounded-wait.md); it measures a deadline instead of asserting a property, so a CI run of it produces a duration nobody checks
2026-10-09T23:36:40.6399865Z portable-tests.sh:   TestSubprocessCrashWriter                            [reexec] child-process entry point of TestCrashRecoveryKillMidWrite (concurrent_test.go:186); not a test of its own, it skips whenever it is not the re-exec'd child
2026-10-09T23:36:40.6405651Z portable-tests.sh:   TestHelperProcess                                    [reexec] child-process entry point of the job-object cases (jobscope_windows_test.go:87, //go:build windows); skips unless re-exec'd with the helper env var set
2026-10-09T23:36:40.6413063Z portable-tests.sh:   TestLiveWasapiSmoke                                  [fixture] live WASAPI capture needs WISP_LIVE_MIC=1 and a physical microphone (hotplug_test.go:527, //go:build windows); a hosted runner has no audio endpoint, so the case has no subject there. Real-hardware smoke is ticket 16's
2026-10-09T23:36:40.6422484Z portable-tests.sh:   TestRealDownloadVadThroughPipeline                   [opt-in] real-network spot check gated by WISP_IT_REAL_MIRROR=1 (manifest_real_test.go:120); CI has no business pulling model archives from a third-party mirror
2026-10-09T23:36:40.6428004Z portable-tests.sh:   TestRealDownloadPuncArchiveThroughPipeline           [opt-in] real-network spot check gated by WISP_IT_REAL_MIRROR=1 (manifest_real_test.go:147); same reason as the VAD row
2026-10-09T23:36:40.6454869Z portable-tests.sh:   TestSyncRegistryProbeLive                            [fixture] P12 live registry evidence; on ubuntu it is now out of scope by platform instead of by skip (ticket 93 AC#2 moved it verbatim into syncdirs_windows_test.go), and on a Windows host whose HKCU Accounts key carries no UserFolder the hive has nothing to say. Measured on a windows host at HEAD 84e43af: --- SKIP at syncdirs_windows_test.go:133. As of ticket 110 AC#4 the windows leg carries ./internal/risk/ in its scope, so this row is re-verified against the compiled WINDOWS test binary (go test -list) and printed with its reason in that step's log - which is the step-level answer R-93-4 asked for. Remedy for a real run: a host with a sync record, or fold the shape check into the fixture-driven case. next= on ticket 93
2026-10-09T23:36:40.6762055Z portable-tests.sh: -skip pattern built from the ledger: ^(TestDefaultDeadlineWallClockMeasurement|TestSubprocessCrashWriter|TestHelperProcess|TestLiveWasapiSmoke|TestRealDownloadVadThroughPipeline|TestRealDownloadPuncArchiveThroughPipeline|TestSyncRegistryProbeLive)$
2026-10-09T23:36:56.5182051Z === RUN   TestBootTestEnvBootsAllPackages
2026-10-09T23:36:56.5184749Z time=2026-10-09T23:36:41.853Z level=INFO msg="shutdown step skipped (module not present)" step=1 name=scheduler-close
2026-10-09T23:36:56.5188942Z time=2026-10-09T23:36:41.886Z level=INFO msg="shutdown step skipped (module not present)" step=2 name=stop-hotkey-kws
2026-10-09T23:36:56.5194443Z time=2026-10-09T23:36:41.886Z level=INFO msg="shutdown step skipped (module not present)" step=3 name=cancel-task-roots
2026-10-09T23:36:56.5195857Z time=2026-10-09T23:36:41.886Z level=INFO msg="shutdown step skipped (module not present)" step=4 name=stop-audio
2026-10-09T23:36:56.5197009Z time=2026-10-09T23:36:41.886Z level=INFO msg="shutdown step skipped (module not present)" step=5 name=release-speech-sessions
2026-10-09T23:36:56.5198935Z time=2026-10-09T23:36:41.886Z level=INFO msg="shutdown step skipped (module not present)" step=6 name=destroy-panel-webview
2026-10-09T23:36:56.5200204Z time=2026-10-09T23:36:41.886Z level=INFO msg="shutdown step skipped (module not present)" step=7 name=flush-logs-close-db
2026-10-09T23:36:56.5201154Z --- PASS: TestBootTestEnvBootsAllPackages (0.04s)
2026-10-09T23:36:56.5201844Z === RUN   TestBootSingleInstanceConflict
2026-10-09T23:36:56.5203402Z time=2026-10-09T23:36:41.894Z level=INFO msg="shutdown step skipped (module not present)" step=1 name=scheduler-close
2026-10-09T23:36:56.5204653Z time=2026-10-09T23:36:41.894Z level=INFO msg="shutdown step skipped (module not present)" step=2 name=stop-hotkey-kws
2026-10-09T23:36:56.5205915Z time=2026-10-09T23:36:41.894Z level=INFO msg="shutdown step skipped (module not present)" step=3 name=cancel-task-roots
2026-10-09T23:36:56.5207430Z time=2026-10-09T23:36:41.894Z level=INFO msg="shutdown step skipped (module not present)" step=4 name=stop-audio
2026-10-09T23:36:56.5208683Z time=2026-10-09T23:36:41.894Z level=INFO msg="shutdown step skipped (module not present)" step=5 name=release-speech-sessions
2026-10-09T23:36:56.5209829Z time=2026-10-09T23:36:41.894Z level=INFO msg="shutdown step skipped (module not present)" step=6 name=destroy-panel-webview
2026-10-09T23:36:56.5211077Z time=2026-10-09T23:36:41.894Z level=INFO msg="shutdown step skipped (module not present)" step=7 name=flush-logs-close-db
2026-10-09T23:36:56.5211967Z --- PASS: TestBootSingleInstanceConflict (0.03s)
2026-10-09T23:36:56.5212521Z === RUN   TestCrossVetForLinux
2026-10-09T23:36:56.5213026Z --- PASS: TestCrossVetForLinux (13.95s)
2026-10-09T23:36:56.5213775Z === RUN   TestMutexNamesPerEnv
2026-10-09T23:36:56.5214590Z time=2026-10-09T23:36:55.866Z level=INFO msg="shutdown step skipped (module not present)" step=1 name=scheduler-close
2026-10-09T23:36:56.5215664Z time=2026-10-09T23:36:55.866Z level=INFO msg="shutdown step skipped (module not present)" step=2 name=stop-hotkey-kws
2026-10-09T23:36:56.5216818Z time=2026-10-09T23:36:55.866Z level=INFO msg="shutdown step skipped (module not present)" step=3 name=cancel-task-roots
2026-10-09T23:36:56.5217890Z time=2026-10-09T23:36:55.866Z level=INFO msg="shutdown step skipped (module not present)" step=4 name=stop-audio
2026-10-09T23:36:56.5218983Z time=2026-10-09T23:36:55.866Z level=INFO msg="shutdown step skipped (module not present)" step=5 name=release-speech-sessions
2026-10-09T23:36:56.5219837Z time=2026-10-09T23:36:55.866Z level=INFO msg="shutdown step skipped (module not present)" step=6 name=destroy-panel-webview
2026-10-09T23:36:56.5220598Z time=2026-10-09T23:36:55.866Z level=INFO msg="shutdown step skipped (module not present)" step=7 name=flush-logs-close-db
2026-10-09T23:36:56.5221325Z time=2026-10-09T23:36:55.868Z level=INFO msg="shutdown step skipped (module not present)" step=1 name=scheduler-close
2026-10-09T23:36:56.5222273Z time=2026-10-09T23:36:55.869Z level=INFO msg="shutdown step skipped (module not present)" step=2 name=stop-hotkey-kws
2026-10-09T23:36:56.5223033Z time=2026-10-09T23:36:55.869Z level=INFO msg="shutdown step skipped (module not present)" step=3 name=cancel-task-roots
2026-10-09T23:36:56.5223961Z time=2026-10-09T23:36:55.869Z level=INFO msg="shutdown step skipped (module not present)" step=4 name=stop-audio
2026-10-09T23:36:56.5224702Z time=2026-10-09T23:36:55.869Z level=INFO msg="shutdown step skipped (module not present)" step=5 name=release-speech-sessions
2026-10-09T23:36:56.5225523Z time=2026-10-09T23:36:55.869Z level=INFO msg="shutdown step skipped (module not present)" step=6 name=destroy-panel-webview
2026-10-09T23:36:56.5227460Z time=2026-10-09T23:36:55.869Z level=INFO msg="shutdown step skipped (module not present)" step=7 name=flush-logs-close-db
2026-10-09T23:36:56.5228216Z time=2026-10-09T23:36:55.869Z level=INFO msg="shutdown step skipped (module not present)" step=1 name=scheduler-close
2026-10-09T23:36:56.5228972Z time=2026-10-09T23:36:55.869Z level=INFO msg="shutdown step skipped (module not present)" step=2 name=stop-hotkey-kws
2026-10-09T23:36:56.5229685Z time=2026-10-09T23:36:55.869Z level=INFO msg="shutdown step skipped (module not present)" step=3 name=cancel-task-roots
2026-10-09T23:36:56.5230394Z time=2026-10-09T23:36:55.869Z level=INFO msg="shutdown step skipped (module not present)" step=4 name=stop-audio
2026-10-09T23:36:56.5231125Z time=2026-10-09T23:36:55.869Z level=INFO msg="shutdown step skipped (module not present)" step=5 name=release-speech-sessions
2026-10-09T23:36:56.5232151Z time=2026-10-09T23:36:55.869Z level=INFO msg="shutdown step skipped (module not present)" step=6 name=destroy-panel-webview
2026-10-09T23:36:56.5233247Z time=2026-10-09T23:36:55.869Z level=INFO msg="shutdown step skipped (module not present)" step=7 name=flush-logs-close-db
2026-10-09T23:36:56.5234309Z time=2026-10-09T23:36:55.869Z level=INFO msg="shutdown step skipped (module not present)" step=1 name=scheduler-close
2026-10-09T23:36:56.5235410Z time=2026-10-09T23:36:55.870Z level=INFO msg="shutdown step skipped (module not present)" step=2 name=stop-hotkey-kws
2026-10-09T23:36:56.5236493Z time=2026-10-09T23:36:55.870Z level=INFO msg="shutdown step skipped (module not present)" step=3 name=cancel-task-roots
2026-10-09T23:36:56.5237514Z time=2026-10-09T23:36:55.870Z level=INFO msg="shutdown step skipped (module not present)" step=4 name=stop-audio
2026-10-09T23:36:56.5238656Z time=2026-10-09T23:36:55.870Z level=INFO msg="shutdown step skipped (module not present)" step=5 name=release-speech-sessions
2026-10-09T23:36:56.5239877Z time=2026-10-09T23:36:55.870Z level=INFO msg="shutdown step skipped (module not present)" step=6 name=destroy-panel-webview
2026-10-09T23:36:56.5241331Z time=2026-10-09T23:36:55.870Z level=INFO msg="shutdown step skipped (module not present)" step=7 name=flush-logs-close-db
2026-10-09T23:36:56.5242185Z --- PASS: TestMutexNamesPerEnv (0.01s)
2026-10-09T23:36:56.5242730Z === RUN   TestLayoutForProdDev
2026-10-09T23:36:56.5243197Z --- PASS: TestLayoutForProdDev (0.00s)
2026-10-09T23:36:56.5243669Z === RUN   TestLayoutForTestEnv
2026-10-09T23:36:56.5244196Z === RUN   TestLayoutForTestEnv/explicit_WISP_TEST_DATA_DIR
2026-10-09T23:36:56.5244867Z === RUN   TestLayoutForTestEnv/falls_back_to_TEMP_per_pid
2026-10-09T23:36:56.5246158Z     envfork_test.go:139: test DataDir = "C:\\Users\\runneradmin\\AppData\\Local\\Temp\\wisp-test-7656" (TMPDIR = "C:\\Users\\RUNNER~1\\AppData\\Local\\Temp", which reaches "C:\\Users\\runneradmin\\AppData\\Local\\Temp")
2026-10-09T23:36:56.5247592Z --- PASS: TestLayoutForTestEnv (0.00s)
2026-10-09T23:36:56.5248261Z     --- PASS: TestLayoutForTestEnv/explicit_WISP_TEST_DATA_DIR (0.00s)
2026-10-09T23:36:56.5249098Z     --- PASS: TestLayoutForTestEnv/falls_back_to_TEMP_per_pid (0.00s)
2026-10-09T23:36:56.5249744Z === RUN   TestLayoutForkMatrix
2026-10-09T23:36:56.5250155Z --- PASS: TestLayoutForkMatrix (0.00s)
2026-10-09T23:36:56.5250487Z === RUN   TestPortableOverride
2026-10-09T23:36:56.5250843Z === RUN   TestPortableOverride/no_marker_is_a_no-op
2026-10-09T23:36:56.5251325Z === RUN   TestPortableOverride/explicit_test_data_dir_beats_the_marker
2026-10-09T23:36:56.5251908Z --- PASS: TestPortableOverride (0.00s)
2026-10-09T23:36:56.5252536Z     --- PASS: TestPortableOverride/no_marker_is_a_no-op (0.00s)
2026-10-09T23:36:56.5253360Z     --- PASS: TestPortableOverride/explicit_test_data_dir_beats_the_marker (0.00s)
2026-10-09T23:36:56.5254003Z === RUN   TestSummaryBadge
2026-10-09T23:36:56.5254324Z --- PASS: TestSummaryBadge (0.00s)
2026-10-09T23:36:56.5254656Z === RUN   TestLayoutForUnknownEnv
2026-10-09T23:36:56.5254997Z --- PASS: TestLayoutForUnknownEnv (0.00s)
2026-10-09T23:36:56.5255961Z === RUN   TestDefaultLayoutUnknownEnvFails
2026-10-09T23:36:56.5256375Z --- PASS: TestDefaultLayoutUnknownEnvFails (0.00s)
2026-10-09T23:36:56.5256929Z === RUN   TestExternalSamplerReadsSubjectFromOutside
2026-10-09T23:36:56.5257556Z --- PASS: TestExternalSamplerReadsSubjectFromOutside (0.02s)
2026-10-09T23:36:56.5258104Z === RUN   TestExternalSamplerRefusesToMeasureItself
2026-10-09T23:36:56.5258736Z --- PASS: TestExternalSamplerRefusesToMeasureItself (0.00s)
2026-10-09T23:36:56.5259407Z === RUN   TestExternalSamplerFailClosedOnDeadSubject
2026-10-09T23:36:56.5260070Z --- PASS: TestExternalSamplerFailClosedOnDeadSubject (0.00s)
2026-10-09T23:36:56.5260760Z === RUN   TestExternalSamplerTracksSubjectGrowth
2026-10-09T23:36:56.5261405Z --- PASS: TestExternalSamplerTracksSubjectGrowth (0.27s)
2026-10-09T23:36:56.5262017Z === RUN   TestJobScopeKillsChildOnClose
2026-10-09T23:36:56.5262605Z --- PASS: TestJobScopeKillsChildOnClose (0.01s)
2026-10-09T23:36:56.5263037Z === RUN   TestJobScopeTreeAccounting
2026-10-09T23:36:56.5263424Z --- PASS: TestJobScopeTreeAccounting (0.02s)
2026-10-09T23:36:56.5263796Z === RUN   TestStartInJobRejectsBadCommand
2026-10-09T23:36:56.5264182Z --- PASS: TestStartInJobRejectsBadCommand (0.01s)
2026-10-09T23:36:56.5264832Z === RUN   TestShutdownHookSetRunsEveryRegisteredStepInOrder
2026-10-09T23:36:56.5265627Z --- PASS: TestShutdownHookSetRunsEveryRegisteredStepInOrder (0.00s)
2026-10-09T23:36:56.5266415Z === RUN   TestShutdownHookSetRefusesEveryShapeThatWouldLie
2026-10-09T23:36:56.5267540Z === RUN   TestShutdownHookSetRefusesEveryShapeThatWouldLie/nil_hook_is_not_a_registration
2026-10-09T23:36:56.5268561Z === RUN   TestShutdownHookSetRefusesEveryShapeThatWouldLie/steps_without_a_slot_are_refused
2026-10-09T23:36:56.5269270Z === RUN   TestShutdownHookSetRefusesEveryShapeThatWouldLie/one_slot_has_one_owner
2026-10-09T23:36:56.5270193Z time=2026-10-09T23:36:56.219Z level=INFO msg="shutdown step skipped (module not present)" step=1 name=scheduler-close
2026-10-09T23:36:56.5271368Z time=2026-10-09T23:36:56.219Z level=INFO msg="shutdown step skipped (module not present)" step=2 name=stop-hotkey-kws
2026-10-09T23:36:56.5272115Z time=2026-10-09T23:36:56.219Z level=INFO msg="shutdown step skipped (module not present)" step=4 name=stop-audio
2026-10-09T23:36:56.5272884Z time=2026-10-09T23:36:56.219Z level=INFO msg="shutdown step skipped (module not present)" step=5 name=release-speech-sessions
2026-10-09T23:36:56.5274142Z time=2026-10-09T23:36:56.219Z level=INFO msg="shutdown step skipped (module not present)" step=6 name=destroy-panel-webview
2026-10-09T23:36:56.5275152Z time=2026-10-09T23:36:56.219Z level=INFO msg="shutdown step skipped (module not present)" step=7 name=flush-logs-close-db
2026-10-09T23:36:56.5275930Z time=2026-10-09T23:36:56.219Z level=INFO msg="shutdown step skipped (module not present)" step=9 name=close-job-object
2026-10-09T23:36:56.5276734Z === RUN   TestShutdownHookSetRefusesEveryShapeThatWouldLie/registration_after_the_sequence_started_is_refused
2026-10-09T23:36:56.5277610Z --- PASS: TestShutdownHookSetRefusesEveryShapeThatWouldLie (0.00s)
2026-10-09T23:36:56.5278524Z     --- PASS: TestShutdownHookSetRefusesEveryShapeThatWouldLie/nil_hook_is_not_a_registration (0.00s)
2026-10-09T23:36:56.5279341Z     --- PASS: TestShutdownHookSetRefusesEveryShapeThatWouldLie/steps_without_a_slot_are_refused (0.00s)
2026-10-09T23:36:56.5280157Z     --- PASS: TestShutdownHookSetRefusesEveryShapeThatWouldLie/one_slot_has_one_owner (0.00s)
2026-10-09T23:36:56.5281063Z     --- PASS: TestShutdownHookSetRefusesEveryShapeThatWouldLie/registration_after_the_sequence_started_is_refused (0.00s)
2026-10-09T23:36:56.5281879Z === RUN   TestShutdownHookSetZeroValueIsUsable
2026-10-09T23:36:56.5282309Z --- PASS: TestShutdownHookSetZeroValueIsUsable (0.00s)
2026-10-09T23:36:56.5282802Z === RUN   TestRuntimeCancelStepExecutesWhenRegistered
2026-10-09T23:36:56.5284306Z time=2026-10-09T23:36:56.219Z level=INFO msg="shutdown step skipped (module not present)" step=1 name=scheduler-close
2026-10-09T23:36:56.5285466Z time=2026-10-09T23:36:56.220Z level=INFO msg="shutdown step skipped (module not present)" step=2 name=stop-hotkey-kws
2026-10-09T23:36:56.5286560Z time=2026-10-09T23:36:56.220Z level=INFO msg="shutdown step skipped (module not present)" step=4 name=stop-audio
2026-10-09T23:36:56.5288000Z time=2026-10-09T23:36:56.220Z level=INFO msg="shutdown step skipped (module not present)" step=5 name=release-speech-sessions
2026-10-09T23:36:56.5289217Z time=2026-10-09T23:36:56.220Z level=INFO msg="shutdown step skipped (module not present)" step=6 name=destroy-panel-webview
2026-10-09T23:36:56.5290397Z time=2026-10-09T23:36:56.220Z level=INFO msg="shutdown step skipped (module not present)" step=7 name=flush-logs-close-db
2026-10-09T23:36:56.5291375Z --- PASS: TestRuntimeCancelStepExecutesWhenRegistered (0.00s)
2026-10-09T23:36:56.5292087Z === RUN   TestRuntimeCancelStepIsSkippedWhenUnregistered
2026-10-09T23:36:56.5293050Z time=2026-10-09T23:36:56.221Z level=INFO msg="shutdown step skipped (module not present)" step=1 name=scheduler-close
2026-10-09T23:36:56.5294254Z time=2026-10-09T23:36:56.221Z level=INFO msg="shutdown step skipped (module not present)" step=2 name=stop-hotkey-kws
2026-10-09T23:36:56.5295420Z time=2026-10-09T23:36:56.221Z level=INFO msg="shutdown step skipped (module not present)" step=3 name=cancel-task-roots
2026-10-09T23:36:56.5296495Z time=2026-10-09T23:36:56.221Z level=INFO msg="shutdown step skipped (module not present)" step=4 name=stop-audio
2026-10-09T23:36:56.5297573Z time=2026-10-09T23:36:56.221Z level=INFO msg="shutdown step skipped (module not present)" step=5 name=release-speech-sessions
2026-10-09T23:36:56.5298791Z time=2026-10-09T23:36:56.221Z level=INFO msg="shutdown step skipped (module not present)" step=6 name=destroy-panel-webview
2026-10-09T23:36:56.5299951Z time=2026-10-09T23:36:56.221Z level=INFO msg="shutdown step skipped (module not present)" step=7 name=flush-logs-close-db
2026-10-09T23:36:56.5301232Z --- PASS: TestRuntimeCancelStepIsSkippedWhenUnregistered (0.00s)
2026-10-09T23:36:56.5301981Z === RUN   TestRuntimeRegistrationRefusalsReachTheCaller
2026-10-09T23:36:56.5302848Z time=2026-10-09T23:36:56.222Z level=INFO msg="shutdown step skipped (module not present)" step=1 name=scheduler-close
2026-10-09T23:36:56.5303874Z time=2026-10-09T23:36:56.222Z level=INFO msg="shutdown step skipped (module not present)" step=2 name=stop-hotkey-kws
2026-10-09T23:36:56.5304899Z time=2026-10-09T23:36:56.222Z level=INFO msg="shutdown step skipped (module not present)" step=4 name=stop-audio
2026-10-09T23:36:56.5306040Z time=2026-10-09T23:36:56.222Z level=INFO msg="shutdown step skipped (module not present)" step=5 name=release-speech-sessions
2026-10-09T23:36:56.5307596Z time=2026-10-09T23:36:56.222Z level=INFO msg="shutdown step skipped (module not present)" step=6 name=destroy-panel-webview
2026-10-09T23:36:56.5308778Z time=2026-10-09T23:36:56.222Z level=INFO msg="shutdown step skipped (module not present)" step=7 name=flush-logs-close-db
2026-10-09T23:36:56.5309773Z --- PASS: TestRuntimeRegistrationRefusalsReachTheCaller (0.00s)
2026-10-09T23:36:56.5310396Z === RUN   TestShutdownOrderAudit
2026-10-09T23:36:56.5310860Z --- PASS: TestShutdownOrderAudit (0.00s)
2026-10-09T23:36:56.5311387Z === RUN   TestShutdownFastPathSkipsOnlyStep7
2026-10-09T23:36:56.5312199Z time=2026-10-09T23:36:56.222Z level=WARN msg="fast shutdown: skipping non-critical log/db flushes (D38e fast path)"
2026-10-09T23:36:56.5313023Z --- PASS: TestShutdownFastPathSkipsOnlyStep7 (0.00s)
2026-10-09T23:36:56.5313683Z === RUN   TestShutdownBoundedWaitAbandonsAndContinues
2026-10-09T23:36:56.5314545Z time=2026-10-09T23:36:56.222Z level=INFO msg="shutdown step skipped (module not present)" step=1 name=scheduler-close
2026-10-09T23:36:56.5315651Z time=2026-10-09T23:36:56.223Z level=INFO msg="shutdown step skipped (module not present)" step=2 name=stop-hotkey-kws
2026-10-09T23:36:56.5317480Z time=2026-10-09T23:36:56.304Z level=ERROR msg="shutdown step abandoned wait (deadline exceeded)" step=3 name=cancel-task-roots
2026-10-09T23:36:56.5318677Z time=2026-10-09T23:36:56.304Z level=INFO msg="shutdown step skipped (module not present)" step=4 name=stop-audio
2026-10-09T23:36:56.5319653Z time=2026-10-09T23:36:56.304Z level=INFO msg="shutdown step skipped (module not present)" step=5 name=release-speech-sessions
2026-10-09T23:36:56.5320846Z time=2026-10-09T23:36:56.364Z level=ERROR msg="shutdown step abandoned wait (deadline exceeded)" step=6 name=destroy-panel-webview
2026-10-09T23:36:56.5322000Z time=2026-10-09T23:36:56.364Z level=INFO msg="shutdown step skipped (module not present)" step=7 name=flush-logs-close-db
2026-10-09T23:36:56.5323063Z time=2026-10-09T23:36:56.364Z level=INFO msg="shutdown step skipped (module not present)" step=9 name=close-job-object
2026-10-09T23:36:56.5324426Z --- PASS: TestShutdownBoundedWaitAbandonsAndContinues (0.14s)
2026-10-09T23:36:56.5325099Z === RUN   TestShutdownNilHooksAreRecordedSkipped
2026-10-09T23:36:56.5325983Z time=2026-10-09T23:36:56.364Z level=INFO msg="shutdown step skipped (module not present)" step=1 name=scheduler-close
2026-10-09T23:36:56.5327141Z time=2026-10-09T23:36:56.364Z level=INFO msg="shutdown step skipped (module not present)" step=2 name=stop-hotkey-kws
2026-10-09T23:36:56.5328612Z time=2026-10-09T23:36:56.364Z level=INFO msg="shutdown step skipped (module not present)" step=3 name=cancel-task-roots
2026-10-09T23:36:56.5329672Z time=2026-10-09T23:36:56.364Z level=INFO msg="shutdown step skipped (module not present)" step=4 name=stop-audio
2026-10-09T23:36:56.5330450Z time=2026-10-09T23:36:56.364Z level=INFO msg="shutdown step skipped (module not present)" step=5 name=release-speech-sessions
2026-10-09T23:36:56.5331224Z time=2026-10-09T23:36:56.364Z level=INFO msg="shutdown step skipped (module not present)" step=6 name=destroy-panel-webview
2026-10-09T23:36:56.5331970Z time=2026-10-09T23:36:56.364Z level=INFO msg="shutdown step skipped (module not present)" step=7 name=flush-logs-close-db
2026-10-09T23:36:56.5332911Z time=2026-10-09T23:36:56.364Z level=INFO msg="shutdown step skipped (module not present)" step=9 name=close-job-object
2026-10-09T23:36:56.5333774Z --- PASS: TestShutdownNilHooksAreRecordedSkipped (0.00s)
2026-10-09T23:36:56.5334301Z === RUN   TestSingleInstanceSecondExitsAfterSignallingFirst
2026-10-09T23:36:56.5334798Z --- PASS: TestSingleInstanceSecondExitsAfterSignallingFirst (0.01s)
2026-10-09T23:36:56.5335277Z === RUN   TestAcquireRejectsEmptyNames
2026-10-09T23:36:56.5335780Z --- PASS: TestAcquireRejectsEmptyNames (0.00s)
2026-10-09T23:36:56.5336345Z === RUN   TestParseSystemProcessesKeepsLastSnapshotEntry
2026-10-09T23:36:56.5336930Z --- PASS: TestParseSystemProcessesKeepsLastSnapshotEntry (0.00s)
2026-10-09T23:36:56.5337670Z === RUN   TestWalkSystemProcessesStopsAtTerminator
2026-10-09T23:36:56.5338318Z --- PASS: TestWalkSystemProcessesStopsAtTerminator (0.00s)
2026-10-09T23:36:56.5338948Z === RUN   TestParseSystemProcessesSkipsPIDZero
2026-10-09T23:36:56.5339385Z --- PASS: TestParseSystemProcessesSkipsPIDZero (0.00s)
2026-10-09T23:36:56.5339867Z === RUN   TestParseSystemProcessesRejectsTruncatedEntry
2026-10-09T23:36:56.5340342Z --- PASS: TestParseSystemProcessesRejectsTruncatedEntry (0.00s)
2026-10-09T23:36:56.5340830Z === RUN   TestParseSystemProcessesRejectsNonAdvancingEntry
2026-10-09T23:36:56.5341467Z --- PASS: TestParseSystemProcessesRejectsNonAdvancingEntry (0.00s)
2026-10-09T23:36:56.5342246Z === RUN   TestSystemProcessSnapshotSeesSelf
2026-10-09T23:36:56.5342841Z --- PASS: TestSystemProcessSnapshotSeesSelf (0.00s)
2026-10-09T23:36:56.5343420Z === RUN   TestWalkSystemProcessesEmptyBuffer
2026-10-09T23:36:56.5343826Z --- PASS: TestWalkSystemProcessesEmptyBuffer (0.00s)
2026-10-09T23:36:56.5344235Z PASS
2026-10-09T23:36:56.5344561Z ok  	github.com/CarlosShao/wisp/internal/proc	14.606s
2026-10-09T23:36:56.5344979Z === RUN   TestExistsAndDelete
2026-10-09T23:36:56.5345433Z --- PASS: TestExistsAndDelete (0.02s)
2026-10-09T23:36:56.5346653Z === RUN   TestBlobPathRejectsTraversalOutsideCharset
2026-10-09T23:36:56.5347326Z --- PASS: TestBlobPathRejectsTraversalOutsideCharset (0.01s)
2026-10-09T23:36:56.5348330Z === RUN   TestBlobsListsMetadataOnly
2026-10-09T23:36:56.5348828Z --- PASS: TestBlobsListsMetadataOnly (0.04s)
2026-10-09T23:36:56.5349387Z === RUN   TestBlobsEmptyAndMissingDir
2026-10-09T23:36:56.5349869Z --- PASS: TestBlobsEmptyAndMissingDir (0.00s)
2026-10-09T23:36:56.5350364Z === RUN   TestConfigRefs
2026-10-09T23:36:56.5350793Z --- PASS: TestConfigRefs (0.00s)
2026-10-09T23:36:56.5351287Z === RUN   TestMigratePlaintextMigratesAndBacksUp
2026-10-09T23:36:56.5351933Z --- PASS: TestMigratePlaintextMigratesAndBacksUp (0.11s)
2026-10-09T23:36:56.5352547Z === RUN   TestMigratePlaintextIdempotent
2026-10-09T23:36:56.5353093Z --- PASS: TestMigratePlaintextIdempotent (0.03s)
2026-10-09T23:36:56.5353679Z === RUN   TestMigratePlaintextNoConfigIsNoOp
2026-10-09T23:36:56.5354323Z --- PASS: TestMigratePlaintextNoConfigIsNoOp (0.00s)
2026-10-09T23:36:56.5354972Z === RUN   TestMigratePlaintextKeepsFirstBackup
2026-10-09T23:36:56.5355577Z --- PASS: TestMigratePlaintextKeepsFirstBackup (0.01s)
2026-10-09T23:36:56.5356221Z === RUN   TestMigratePlaintextLeavesNonSecretsAlone
2026-10-09T23:36:56.5357073Z === RUN   TestMigratePlaintextLeavesNonSecretsAlone/empty_api_key_is_not_migrated
2026-10-09T23:36:56.5358063Z === RUN   TestMigratePlaintextLeavesNonSecretsAlone/unparseable_config_is_an_explicit_error
2026-10-09T23:36:56.5358920Z --- PASS: TestMigratePlaintextLeavesNonSecretsAlone (0.00s)
2026-10-09T23:36:56.5359876Z     --- PASS: TestMigratePlaintextLeavesNonSecretsAlone/empty_api_key_is_not_migrated (0.00s)
2026-10-09T23:36:56.5360745Z     --- PASS: TestMigratePlaintextLeavesNonSecretsAlone/unparseable_config_is_an_explicit_error (0.00s)
2026-10-09T23:36:56.5361511Z === RUN   TestParseRefValid
2026-10-09T23:36:56.5361924Z --- PASS: TestParseRefValid (0.00s)
2026-10-09T23:36:56.5362400Z === RUN   TestParseRefInvalid
2026-10-09T23:36:56.5362985Z --- PASS: TestParseRefInvalid (0.00s)
2026-10-09T23:36:56.5363341Z === RUN   TestNewRefUniqueAndParseable
2026-10-09T23:36:56.5363718Z --- PASS: TestNewRefUniqueAndParseable (0.00s)
2026-10-09T23:36:56.5364286Z === RUN   TestValidBlobIDCharset
2026-10-09T23:36:56.5364762Z --- PASS: TestValidBlobIDCharset (0.00s)
2026-10-09T23:36:56.5365645Z === RUN   TestStoreResolveRoundTrip
2026-10-09T23:36:56.5366161Z --- PASS: TestStoreResolveRoundTrip (0.01s)
2026-10-09T23:36:56.5366680Z === RUN   TestBlobFileNotPlaintext
2026-10-09T23:36:56.5367206Z --- PASS: TestBlobFileNotPlaintext (0.01s)
2026-10-09T23:36:56.5367720Z === RUN   TestStoreRejectsEnvRefsAndEmpty
2026-10-09T23:36:56.5368313Z --- PASS: TestStoreRejectsEnvRefsAndEmpty (0.00s)
2026-10-09T23:36:56.5368850Z === RUN   TestResolveEnvRef
2026-10-09T23:36:56.5369467Z === RUN   TestResolveEnvRef/arbitrary_placeholder_value
2026-10-09T23:36:56.5370138Z === RUN   TestResolveEnvRef/missing_variable_is_an_explicit_error
2026-10-09T23:36:56.5371127Z === RUN   TestResolveEnvRef/empty_variable_is_an_explicit_error
2026-10-09T23:36:56.5371714Z --- PASS: TestResolveEnvRef (0.00s)
2026-10-09T23:36:56.5372384Z     --- PASS: TestResolveEnvRef/arbitrary_placeholder_value (0.00s)
2026-10-09T23:36:56.5373163Z     --- PASS: TestResolveEnvRef/missing_variable_is_an_explicit_error (0.00s)
2026-10-09T23:36:56.5373987Z     --- PASS: TestResolveEnvRef/empty_variable_is_an_explicit_error (0.00s)
2026-10-09T23:36:56.5374686Z === RUN   TestPortableDecryptFailureExplicit
2026-10-09T23:36:56.5375553Z === RUN   TestPortableDecryptFailureExplicit/portable_mode_surfaces_ErrPortableDecrypt_with_env:_guidance
2026-10-09T23:36:56.5376603Z === RUN   TestPortableDecryptFailureExplicit/portable_mode_still_decrypts_own_blobs
2026-10-09T23:36:56.5377524Z === RUN   TestPortableDecryptFailureExplicit/non-portable_mode_also_fails_explicitly
2026-10-09T23:36:56.5378369Z --- PASS: TestPortableDecryptFailureExplicit (0.03s)
2026-10-09T23:36:56.5379697Z     --- PASS: TestPortableDecryptFailureExplicit/portable_mode_surfaces_ErrPortableDecrypt_with_env:_guidance (0.01s)
2026-10-09T23:36:56.5380953Z     --- PASS: TestPortableDecryptFailureExplicit/portable_mode_still_decrypts_own_blobs (0.01s)
2026-10-09T23:36:56.5382066Z     --- PASS: TestPortableDecryptFailureExplicit/non-portable_mode_also_fails_explicitly (0.01s)
2026-10-09T23:36:56.5382878Z === RUN   TestResolveErrorsCarryNoSecret
2026-10-09T23:36:56.5383384Z --- PASS: TestResolveErrorsCarryNoSecret (0.00s)
2026-10-09T23:36:56.5383957Z === RUN   TestRedactSecret
2026-10-09T23:36:56.5384388Z --- PASS: TestRedactSecret (0.00s)
2026-10-09T23:36:56.5384839Z PASS
2026-10-09T23:36:56.5385257Z ok  	github.com/CarlosShao/wisp/internal/secret	0.347s
2026-10-09T23:36:56.5386183Z time=2026-10-09T23:36:42.218Z level=INFO msg="winsec: sealing path resolver installed" resolver=risk.c26Pipeline probes_passed=2
2026-10-09T23:36:56.5387099Z === RUN   TestBoundaryNoPlaintextSecretFields
2026-10-09T23:36:56.5387754Z --- PASS: TestBoundaryNoPlaintextSecretFields (0.00s)
2026-10-09T23:36:56.5388389Z === RUN   TestBoundaryNoRuntimeObservationFields
2026-10-09T23:36:56.5389036Z --- PASS: TestBoundaryNoRuntimeObservationFields (0.00s)
2026-10-09T23:36:56.5389628Z === RUN   TestRoundTripLoadMarshalLoad
2026-10-09T23:36:56.5390197Z --- PASS: TestRoundTripLoadMarshalLoad (0.02s)
2026-10-09T23:36:56.5391097Z === RUN   TestRoundTripBytes
2026-10-09T23:36:56.5391577Z --- PASS: TestRoundTripBytes (0.00s)
2026-10-09T23:36:56.5392051Z === RUN   TestResolvedNeverPersists
2026-10-09T23:36:56.5392590Z --- PASS: TestResolvedNeverPersists (0.00s)
2026-10-09T23:36:56.5393097Z === RUN   TestValidateTextChainValid
2026-10-09T23:36:56.5393598Z --- PASS: TestValidateTextChainValid (0.00s)
2026-10-09T23:36:56.5394140Z === RUN   TestValidateTextChainUnknownElement
2026-10-09T23:36:56.5394770Z --- PASS: TestValidateTextChainUnknownElement (0.00s)
2026-10-09T23:36:56.5395342Z === RUN   TestValidateVoiceCloudChains
2026-10-09T23:36:56.5395938Z === RUN   TestValidateVoiceCloudChains/valid_cloud_chains
2026-10-09T23:36:56.5396866Z === RUN   TestValidateVoiceCloudChains/unknown_element_named
2026-10-09T23:36:56.5397583Z === RUN   TestValidateVoiceCloudChains/local-sherpa_never_in_chains
2026-10-09T23:36:56.5398223Z --- PASS: TestValidateVoiceCloudChains (0.00s)
2026-10-09T23:36:56.5398922Z     --- PASS: TestValidateVoiceCloudChains/valid_cloud_chains (0.00s)
2026-10-09T23:36:56.5399715Z     --- PASS: TestValidateVoiceCloudChains/unknown_element_named (0.00s)
2026-10-09T23:36:56.5400629Z     --- PASS: TestValidateVoiceCloudChains/local-sherpa_never_in_chains (0.00s)
2026-10-09T23:36:56.5401320Z === RUN   TestValidateRoleReferences
2026-10-09T23:36:56.5401876Z === RUN   TestValidateRoleReferences/both_empty_is_unset-ok
2026-10-09T23:36:56.5402537Z === RUN   TestValidateRoleReferences/provider_without_model
2026-10-09T23:36:56.5403199Z === RUN   TestValidateRoleReferences/model_without_provider
2026-10-09T23:36:56.5403829Z === RUN   TestValidateRoleReferences/unknown_provider_named
2026-10-09T23:36:56.5404483Z === RUN   TestValidateRoleReferences/unknown_model_named
2026-10-09T23:36:56.5405076Z === RUN   TestValidateRoleReferences/valid_pair
2026-10-09T23:36:56.5405717Z --- PASS: TestValidateRoleReferences (0.00s)
2026-10-09T23:36:56.5406408Z     --- PASS: TestValidateRoleReferences/both_empty_is_unset-ok (0.00s)
2026-10-09T23:36:56.5407203Z     --- PASS: TestValidateRoleReferences/provider_without_model (0.00s)
2026-10-09T23:36:56.5408033Z     --- PASS: TestValidateRoleReferences/model_without_provider (0.00s)
2026-10-09T23:36:56.5408936Z     --- PASS: TestValidateRoleReferences/unknown_provider_named (0.00s)
2026-10-09T23:36:56.5409784Z     --- PASS: TestValidateRoleReferences/unknown_model_named (0.00s)
2026-10-09T23:36:56.5410513Z     --- PASS: TestValidateRoleReferences/valid_pair (0.00s)
2026-10-09T23:36:56.5411512Z === RUN   TestValidateRealtimeReferences
2026-10-09T23:36:56.5412451Z === RUN   TestValidateRealtimeReferences/disabled_with_dangling_pair_tolerated
2026-10-09T23:36:56.5413247Z === RUN   TestValidateRealtimeReferences/enabled_requires_existing_pair
2026-10-09T23:36:56.5413973Z === RUN   TestValidateRealtimeReferences/enabled_without_pair_rejected
2026-10-09T23:36:56.5414691Z === RUN   TestValidateRealtimeReferences/enabled_valid_pair
2026-10-09T23:36:56.5415291Z --- PASS: TestValidateRealtimeReferences (0.00s)
2026-10-09T23:36:56.5416121Z     --- PASS: TestValidateRealtimeReferences/disabled_with_dangling_pair_tolerated (0.00s)
2026-10-09T23:36:56.5417090Z     --- PASS: TestValidateRealtimeReferences/enabled_requires_existing_pair (0.00s)
2026-10-09T23:36:56.5418043Z     --- PASS: TestValidateRealtimeReferences/enabled_without_pair_rejected (0.00s)
2026-10-09T23:36:56.5418903Z     --- PASS: TestValidateRealtimeReferences/enabled_valid_pair (0.00s)
2026-10-09T23:36:56.5419498Z === RUN   TestSplitChainElement
2026-10-09T23:36:56.5419959Z --- PASS: TestSplitChainElement (0.00s)
2026-10-09T23:36:56.5420546Z === RUN   TestTicket261P1MissingEnabledKeyDecodesFalse
2026-10-09T23:36:56.5421227Z --- PASS: TestTicket261P1MissingEnabledKeyDecodesFalse (0.00s)
2026-10-09T23:36:56.5421883Z === RUN   TestTicket261P1SettingsWriteMaterializesFalse
2026-10-09T23:36:56.5424212Z time=2026-10-09T23:36:42.287Z level=INFO msg="config: wrote merged change into config.toml (ticket 226: only the keys listed changed value, every other key keeps the value the file already held; the file is re-laid in canonical form, so comments and hand-chosen key order are not preserved)" key=llm.providers.mock261.models.t261-nokey.context_window wrote=[llm.providers.mock261.models.t261-nokey.context_window]
2026-10-09T23:36:56.5426460Z --- PASS: TestTicket261P1SettingsWriteMaterializesFalse (0.01s)
2026-10-09T23:36:56.5427069Z === RUN   TestLoadFileMergesDefaultsAndOverrides
2026-10-09T23:36:56.5427694Z --- PASS: TestLoadFileMergesDefaultsAndOverrides (0.00s)
2026-10-09T23:36:56.5428327Z === RUN   TestLoadFileUnknownKeyErrorNamesLine
2026-10-09T23:36:56.5429203Z --- PASS: TestLoadFileUnknownKeyErrorNamesLine (0.00s)
2026-10-09T23:36:56.5429812Z === RUN   TestLoadFileUnknownKeyLineNumbersAreOneBased
2026-10-09T23:36:56.5430476Z --- PASS: TestLoadFileUnknownKeyLineNumbersAreOneBased (0.00s)
2026-10-09T23:36:56.5431605Z === RUN   TestLoadFileWrongTypeErrorHasPosition
2026-10-09T23:36:56.5432256Z --- PASS: TestLoadFileWrongTypeErrorHasPosition (0.00s)
2026-10-09T23:36:56.5432809Z === RUN   TestLoadFileRejectsInvalidValues
2026-10-09T23:36:56.5433334Z --- PASS: TestLoadFileRejectsInvalidValues (0.00s)
2026-10-09T23:36:56.5433917Z === RUN   TestLoadFilePresetInheritance
2026-10-09T23:36:56.5434487Z --- PASS: TestLoadFilePresetInheritance (0.00s)
2026-10-09T23:36:56.5434944Z === RUN   TestLoadFileUnknownProviderNeedsProtocol
2026-10-09T23:36:56.5435573Z --- PASS: TestLoadFileUnknownProviderNeedsProtocol (0.00s)
2026-10-09T23:36:56.5436099Z === RUN   TestLoadFileResolvesSecrets
2026-10-09T23:36:56.5436629Z --- PASS: TestLoadFileResolvesSecrets (0.00s)
2026-10-09T23:36:56.5437166Z === RUN   TestLoadFileResolveFailureIsError
2026-10-09T23:36:56.5437716Z --- PASS: TestLoadFileResolveFailureIsError (0.00s)
2026-10-09T23:36:56.5438283Z === RUN   TestLoadFileNilResolverSkipsResolution
2026-10-09T23:36:56.5438866Z --- PASS: TestLoadFileNilResolverSkipsResolution (0.03s)
2026-10-09T23:36:56.5439460Z === RUN   TestLoadFileNewerSchemaVersionRejected
2026-10-09T23:36:56.5440059Z --- PASS: TestLoadFileNewerSchemaVersionRejected (0.00s)
2026-10-09T23:36:56.5440668Z === RUN   TestSaveFileRoundTripsThroughLoad
2026-10-09T23:36:56.5441230Z --- PASS: TestSaveFileRoundTripsThroughLoad (0.00s)
2026-10-09T23:36:56.5441858Z === RUN   TestConfirmLockedRunsOutsideTheManagerLock
2026-10-09T23:36:56.5442966Z time=2026-10-09T23:36:42.370Z level=WARN msg="config: locked loosening approved via L2 re-confirmation (D36 rule 1)" section=fs keys=[fs.allowed_dirs]
2026-10-09T23:36:56.5444160Z --- PASS: TestConfirmLockedRunsOutsideTheManagerLock (0.02s)
2026-10-09T23:36:56.5445135Z === RUN   TestCheckAndReloadAsksOncePerFileChange
2026-10-09T23:36:56.5446071Z time=2026-10-09T23:36:42.386Z level=WARN msg="config: locked loosening rejected; keeping previous values" section=fs keys=[fs.allowed_dirs]
2026-10-09T23:36:56.5446814Z --- PASS: TestCheckAndReloadAsksOncePerFileChange (0.01s)
2026-10-09T23:36:56.5447249Z === RUN   TestManagerHotTierAppliesImmediately
2026-10-09T23:36:56.5447663Z --- PASS: TestManagerHotTierAppliesImmediately (0.02s)
2026-10-09T23:36:56.5448113Z === RUN   TestManagerRestartTierKeepsOldValues
2026-10-09T23:36:56.5448571Z --- PASS: TestManagerRestartTierKeepsOldValues (0.02s)
2026-10-09T23:36:56.5448969Z === RUN   TestManagerThemeIsHotInsideApp
2026-10-09T23:36:56.5449353Z --- PASS: TestManagerThemeIsHotInsideApp (0.30s)
2026-10-09T23:36:56.5449738Z === RUN   TestManagerReloadTierEmitsEvent
2026-10-09T23:36:56.5450160Z --- PASS: TestManagerReloadTierEmitsEvent (0.01s)
2026-10-09T23:36:56.5450554Z === RUN   TestManagerVoiceHotKeysDoNotEmitReload
2026-10-09T23:36:56.5450980Z --- PASS: TestManagerVoiceHotKeysDoNotEmitReload (0.01s)
2026-10-09T23:36:56.5451746Z === RUN   TestManagerLockedLooseningRejectedKeepsOld
2026-10-09T23:36:56.5452505Z time=2026-10-09T23:36:42.769Z level=WARN msg="config: locked loosening rejected; keeping previous values" section=fs keys=[fs.allowed_dirs]
2026-10-09T23:36:56.5453187Z --- PASS: TestManagerLockedLooseningRejectedKeepsOld (0.02s)
2026-10-09T23:36:56.5453812Z === RUN   TestManagerLockedLooseningApprovedApplies
2026-10-09T23:36:56.5454499Z time=2026-10-09T23:36:42.782Z level=WARN msg="config: locked loosening approved via L2 re-confirmation (D36 rule 1)" section=fs keys=[fs.allowed_dirs]
2026-10-09T23:36:56.5455229Z --- PASS: TestManagerLockedLooseningApprovedApplies (0.01s)
2026-10-09T23:36:56.5455707Z === RUN   TestManagerLockedTighteningHotAppliesWithoutHook
2026-10-09T23:36:56.5456341Z time=2026-10-09T23:36:42.796Z level=INFO msg="config: locked section tightened, hot-applied" section=fs keys=[fs.allowed_dirs]
2026-10-09T23:36:56.5457268Z --- PASS: TestManagerLockedTighteningHotAppliesWithoutHook (0.01s)
2026-10-09T23:36:56.5457737Z === RUN   TestManagerLockedNilConfirmHookDenies
2026-10-09T23:36:56.5458359Z time=2026-10-09T23:36:42.809Z level=WARN msg="config: locked loosening rejected; keeping previous values" section=fs keys=[fs.allowed_dirs]
2026-10-09T23:36:56.5459002Z --- PASS: TestManagerLockedNilConfirmHookDenies (0.01s)
2026-10-09T23:36:56.5459457Z === RUN   TestManagerLockedBothDirectionsLogged
2026-10-09T23:36:56.5459871Z --- PASS: TestManagerLockedBothDirectionsLogged (0.02s)
2026-10-09T23:36:56.5460278Z === RUN   TestManagerLoadErrorKeepsCurrentConfig
2026-10-09T23:36:56.5460693Z --- PASS: TestManagerLoadErrorKeepsCurrentConfig (0.02s)
2026-10-09T23:36:56.5461158Z === RUN   TestManagerMissingFileKeepsCurrentAndErrors
2026-10-09T23:36:56.5461709Z --- PASS: TestManagerMissingFileKeepsCurrentAndErrors (0.00s)
2026-10-09T23:36:56.5462287Z === RUN   TestMigrateV1Fixture
2026-10-09T23:36:56.5462743Z --- PASS: TestMigrateV1Fixture (0.67s)
2026-10-09T23:36:56.5463276Z === RUN   TestMigrateNoVersionKeyAssumedV1
2026-10-09T23:36:56.5463815Z --- PASS: TestMigrateNoVersionKeyAssumedV1 (0.13s)
2026-10-09T23:36:56.5464376Z === RUN   TestMigrateCorruptFileUntouched
2026-10-09T23:36:56.5464894Z --- PASS: TestMigrateCorruptFileUntouched (0.00s)
2026-10-09T23:36:56.5465502Z === RUN   TestMigrateUnsupportedVersionUntouched
2026-10-09T23:36:56.5466082Z --- PASS: TestMigrateUnsupportedVersionUntouched (0.00s)
2026-10-09T23:36:56.5466720Z === RUN   TestMigrateHigherIntermediateVersionRejected
2026-10-09T23:36:56.5467365Z --- PASS: TestMigrateHigherIntermediateVersionRejected (0.00s)
2026-10-09T23:36:56.5468005Z === RUN   TestAC2BaselineModeIsDecorative
2026-10-09T23:36:56.5469136Z     private_acl_windows_test.go:56: seeded wide parent C:\Users\RUNNER~1\AppData\Local\Temp\TestAC2BaselineModeIsDecorative1992686785\001\data
2026-10-09T23:36:56.5471070Z         C:\Users\RUNNER~1\AppData\Local\Temp\TestAC2BaselineModeIsDecorative1992686785\001\data BUILTIN\Users:(OI)(CI)(RX)
2026-10-09T23:36:56.5474206Z                                                                                                 NT AUTHORITY\SYSTEM:(OI)(CI)(F)
2026-10-09T23:36:56.5476304Z                                                                                                 BUILTIN\Administrators:(OI)(CI)(F)
2026-10-09T23:36:56.5477941Z                                                                                                 runnervmfi6oq\runneradmin:(OI)(CI)(F)
2026-10-09T23:36:56.5479753Z                                                                                                 NT AUTHORITY\SYSTEM:(I)(OI)(CI)(F)
2026-10-09T23:36:56.5482190Z                                                                                                 BUILTIN\Administrators:(I)(OI)(CI)(F)
2026-10-09T23:36:56.5484713Z                                                                                                 runnervmfi6oq\runneradmin:(I)(OI)(CI)(F)
2026-10-09T23:36:56.5485354Z         
2026-10-09T23:36:56.5485978Z         Successfully processed 1 files; Failed processing 0 files
2026-10-09T23:36:56.5487390Z     private_acl_windows_test.go:63: BASELINE (pre-wiring shape) icacls C:\Users\RUNNER~1\AppData\Local\Temp\TestAC2BaselineModeIsDecorative1992686785\001\data\config.toml.bak-1
2026-10-09T23:36:56.5489130Z         C:\Users\RUNNER~1\AppData\Local\Temp\TestAC2BaselineModeIsDecorative1992686785\001\data\config.toml.bak-1 BUILTIN\Users:(I)(RX)
2026-10-09T23:36:56.5492516Z                                                                                                                   NT AUTHORITY\SYSTEM:(I)(F)
2026-10-09T23:36:56.5495376Z                                                                                                                   BUILTIN\Administrators:(I)(F)
2026-10-09T23:36:56.5498263Z                                                                                                                   runnervmfi6oq\runneradmin:(I)(F)
2026-10-09T23:36:56.5499197Z         
2026-10-09T23:36:56.5499830Z         Successfully processed 1 files; Failed processing 0 files
2026-10-09T23:36:56.5500507Z --- PASS: TestAC2BaselineModeIsDecorative (0.05s)
2026-10-09T23:36:56.5501110Z === RUN   TestAC2MigrationBackupLandsPrivate
2026-10-09T23:36:56.5502297Z     private_acl_windows_test.go:77: seeded wide parent C:\Users\RUNNER~1\AppData\Local\Temp\TestAC2MigrationBackupLandsPrivate3083004992\001\data
2026-10-09T23:36:56.5503922Z         C:\Users\RUNNER~1\AppData\Local\Temp\TestAC2MigrationBackupLandsPrivate3083004992\001\data BUILTIN\Users:(OI)(CI)(RX)
2026-10-09T23:36:56.5506558Z                                                                                                    NT AUTHORITY\SYSTEM:(OI)(CI)(F)
2026-10-09T23:36:56.5508978Z                                                                                                    BUILTIN\Administrators:(OI)(CI)(F)
2026-10-09T23:36:56.5511620Z                                                                                                    runnervmfi6oq\runneradmin:(OI)(CI)(F)
2026-10-09T23:36:56.5514381Z                                                                                                    NT AUTHORITY\SYSTEM:(I)(OI)(CI)(F)
2026-10-09T23:36:56.5516147Z                                                                                                    BUILTIN\Administrators:(I)(OI)(CI)(F)
2026-10-09T23:36:56.5517944Z                                                                                                    runnervmfi6oq\runneradmin:(I)(OI)(CI)(F)
2026-10-09T23:36:56.5518386Z         
2026-10-09T23:36:56.5518810Z         Successfully processed 1 files; Failed processing 0 files
2026-10-09T23:36:56.5520502Z time=2026-10-09T23:36:43.780Z level=WARN msg="winsec: seal cleared principals that stood on this object" path=C:\Users\RUNNER~1\AppData\Local\Temp\TestAC2MigrationBackupLandsPrivate3083004992\001\data\config.toml.bak-1 kind=inherited cleared="" cleared_inherited=S-1-5-32-545(A;ID;0x1200a9;;;BU) policy="winsec owns the grants on this tree; out-of-band ACEs are removed at the next seal"
2026-10-09T23:36:56.5523124Z time=2026-10-09T23:36:43.796Z level=WARN msg="winsec: seal cleared principals that stood on this object" path=C:\Users\runneradmin\AppData\Local\Temp\TestAC2MigrationBackupLandsPrivate3083004992\001\data\.wisp-config-358021440.tmp kind=inherited cleared="" cleared_inherited=S-1-5-32-545(A;ID;0x1200a9;;;BU) policy="winsec owns the grants on this tree; out-of-band ACEs are removed at the next seal"
2026-10-09T23:36:56.5525346Z     private_acl_windows_test.go:89: icacls C:\Users\RUNNER~1\AppData\Local\Temp\TestAC2MigrationBackupLandsPrivate3083004992\001\data\config.toml.bak-1
2026-10-09T23:36:56.5526722Z         C:\Users\RUNNER~1\AppData\Local\Temp\TestAC2MigrationBackupLandsPrivate3083004992\001\data\config.toml.bak-1 NT AUTHORITY\SYSTEM:(F)
2026-10-09T23:36:56.5529790Z                                                                                                                      BUILTIN\Administrators:(F)
2026-10-09T23:36:56.5531726Z                                                                                                                      runnervmfi6oq\runneradmin:(F)
2026-10-09T23:36:56.5532186Z         
2026-10-09T23:36:56.5532582Z         Successfully processed 1 files; Failed processing 0 files
2026-10-09T23:36:56.5533379Z     private_acl_windows_test.go:90: icacls C:\Users\RUNNER~1\AppData\Local\Temp\TestAC2MigrationBackupLandsPrivate3083004992\001\data\config.toml
2026-10-09T23:36:56.5534404Z         C:\Users\RUNNER~1\AppData\Local\Temp\TestAC2MigrationBackupLandsPrivate3083004992\001\data\config.toml NT AUTHORITY\SYSTEM:(F)
2026-10-09T23:36:56.5536317Z                                                                                                                BUILTIN\Administrators:(F)
2026-10-09T23:36:56.5538116Z                                                                                                                runnervmfi6oq\runneradmin:(F)
2026-10-09T23:36:56.5538713Z         
2026-10-09T23:36:56.5539149Z         Successfully processed 1 files; Failed processing 0 files
2026-10-09T23:36:56.5539598Z --- PASS: TestAC2MigrationBackupLandsPrivate (0.12s)
2026-10-09T23:36:56.5539999Z === RUN   TestAC2SaveFileLandsPrivate
2026-10-09T23:36:56.5540702Z     private_acl_windows_test.go:108: seeded wide parent C:\Users\RUNNER~1\AppData\Local\Temp\TestAC2SaveFileLandsPrivate3034243114\001\data
2026-10-09T23:36:56.5542135Z         C:\Users\RUNNER~1\AppData\Local\Temp\TestAC2SaveFileLandsPrivate3034243114\001\data BUILTIN\Users:(OI)(CI)(RX)
2026-10-09T23:36:56.5544839Z                                                                                             NT AUTHORITY\SYSTEM:(OI)(CI)(F)
2026-10-09T23:36:56.5546490Z                                                                                             BUILTIN\Administrators:(OI)(CI)(F)
2026-10-09T23:36:56.5548449Z                                                                                             runnervmfi6oq\runneradmin:(OI)(CI)(F)
2026-10-09T23:36:56.5549961Z                                                                                             NT AUTHORITY\SYSTEM:(I)(OI)(CI)(F)
2026-10-09T23:36:56.5551626Z                                                                                             BUILTIN\Administrators:(I)(OI)(CI)(F)
2026-10-09T23:36:56.5553448Z                                                                                             runnervmfi6oq\runneradmin:(I)(OI)(CI)(F)
2026-10-09T23:36:56.5553866Z         
2026-10-09T23:36:56.5554262Z         Successfully processed 1 files; Failed processing 0 files
2026-10-09T23:36:56.5555131Z     private_acl_windows_test.go:122: BASELINE (pre-wiring shape) icacls C:\Users\RUNNER~1\AppData\Local\Temp\TestAC2SaveFileLandsPrivate3034243114\001\data\config.toml
2026-10-09T23:36:56.5556419Z         C:\Users\RUNNER~1\AppData\Local\Temp\TestAC2SaveFileLandsPrivate3034243114\001\data\config.toml BUILTIN\Users:(I)(RX)
2026-10-09T23:36:56.5558243Z                                                                                                         NT AUTHORITY\SYSTEM:(I)(F)
2026-10-09T23:36:56.5559899Z                                                                                                         BUILTIN\Administrators:(I)(F)
2026-10-09T23:36:56.5561619Z                                                                                                         runnervmfi6oq\runneradmin:(I)(F)
2026-10-09T23:36:56.5562027Z         
2026-10-09T23:36:56.5562421Z         Successfully processed 1 files; Failed processing 0 files
2026-10-09T23:36:56.5563848Z time=2026-10-09T23:36:44.014Z level=WARN msg="winsec: seal cleared principals that stood on this object" path=C:\Users\runneradmin\AppData\Local\Temp\TestAC2SaveFileLandsPrivate3034243114\001\data\.wisp-config-2880205479.tmp kind=inherited cleared="" cleared_inherited=S-1-5-32-545(A;ID;0x1200a9;;;BU) policy="winsec owns the grants on this tree; out-of-band ACEs are removed at the next seal"
2026-10-09T23:36:56.5565568Z     private_acl_windows_test.go:130: icacls C:\Users\RUNNER~1\AppData\Local\Temp\TestAC2SaveFileLandsPrivate3034243114\001\data\config.toml
2026-10-09T23:36:56.5566549Z         C:\Users\RUNNER~1\AppData\Local\Temp\TestAC2SaveFileLandsPrivate3034243114\001\data\config.toml NT AUTHORITY\SYSTEM:(F)
2026-10-09T23:36:56.5568773Z                                                                                                         BUILTIN\Administrators:(F)
2026-10-09T23:36:56.5570473Z                                                                                                         runnervmfi6oq\runneradmin:(F)
2026-10-09T23:36:56.5570880Z         
2026-10-09T23:36:56.5571266Z         Successfully processed 1 files; Failed processing 0 files
2026-10-09T23:36:56.5571733Z --- PASS: TestAC2SaveFileLandsPrivate (0.28s)
2026-10-09T23:36:56.5572166Z === RUN   TestAC11SettingWriteReportsTheKeyPathItChanged
2026-10-09T23:36:56.5573689Z time=2026-10-09T23:36:44.124Z level=INFO msg="config: wrote merged change into config.toml (ticket 226: only the keys listed changed value, every other key keeps the value the file already held; the file is re-laid in canonical form, so comments and hand-chosen key order are not preserved)" key=llm.providers.deepseek.base_url wrote=[llm.providers.deepseek.base_url]
2026-10-09T23:36:56.5575558Z --- PASS: TestAC11SettingWriteReportsTheKeyPathItChanged (0.01s)
2026-10-09T23:36:56.5576088Z === RUN   TestAC11MultiFieldSaveIsOneWritePerKeyAndStopsOnFailure
2026-10-09T23:36:56.5577679Z time=2026-10-09T23:36:44.129Z level=INFO msg="config: wrote merged change into config.toml (ticket 226: only the keys listed changed value, every other key keeps the value the file already held; the file is re-laid in canonical form, so comments and hand-chosen key order are not preserved)" key=llm.providers.deepseek.models.deepseek-chat.context_window wrote=[llm.providers.deepseek.models.deepseek-chat.context_window]
2026-10-09T23:36:56.5579254Z --- PASS: TestAC11MultiFieldSaveIsOneWritePerKeyAndStopsOnFailure (0.01s)
2026-10-09T23:36:56.5579769Z === RUN   TestAC7InvalidValueLeavesTheFileByteIdentical
2026-10-09T23:36:56.5580333Z === RUN   TestAC7InvalidValueLeavesTheFileByteIdentical/plaintext_credential_in_the_reference_field
2026-10-09T23:36:56.5580981Z === RUN   TestAC7InvalidValueLeavesTheFileByteIdentical/negative_context_window
2026-10-09T23:36:56.5581560Z === RUN   TestAC7InvalidValueLeavesTheFileByteIdentical/negative_price
2026-10-09T23:36:56.5582224Z === RUN   TestAC7InvalidValueLeavesTheFileByteIdentical/chat_model_that_is_not_in_the_catalog
2026-10-09T23:36:56.5583193Z === RUN   TestAC7InvalidValueLeavesTheFileByteIdentical/a_provider_the_config_does_not_declare
2026-10-09T23:36:56.5584235Z === RUN   TestAC7InvalidValueLeavesTheFileByteIdentical/a_model_the_provider's_catalog_does_not_list
2026-10-09T23:36:56.5585135Z --- PASS: TestAC7InvalidValueLeavesTheFileByteIdentical (0.02s)
2026-10-09T23:36:56.5586331Z     --- PASS: TestAC7InvalidValueLeavesTheFileByteIdentical/plaintext_credential_in_the_reference_field (0.00s)
2026-10-09T23:36:56.5587407Z     --- PASS: TestAC7InvalidValueLeavesTheFileByteIdentical/negative_context_window (0.00s)
2026-10-09T23:36:56.5588815Z     --- PASS: TestAC7InvalidValueLeavesTheFileByteIdentical/negative_price (0.00s)
2026-10-09T23:36:56.5589888Z     --- PASS: TestAC7InvalidValueLeavesTheFileByteIdentical/chat_model_that_is_not_in_the_catalog (0.00s)
2026-10-09T23:36:56.5591115Z     --- PASS: TestAC7InvalidValueLeavesTheFileByteIdentical/a_provider_the_config_does_not_declare (0.00s)
2026-10-09T23:36:56.5592467Z     --- PASS: TestAC7InvalidValueLeavesTheFileByteIdentical/a_model_the_provider's_catalog_does_not_list (0.01s)
2026-10-09T23:36:56.5593425Z === RUN   TestAC11SettingWriteKeepsAForeignHandEditedKey
2026-10-09T23:36:56.5596506Z time=2026-10-09T23:36:44.161Z level=WARN msg="config: wrote merged change into config.toml and kept hand edits this process does not hold (ticket 226); the file was NOT claimed as our own write, so the next reload reads it back and a loosening there is denied until it is confirmed (D36 rule 1). Only the keys listed under wrote changed value; the file is re-laid in canonical form, so comments and hand-chosen key order are not preserved" key=llm.providers.deepseek.base_url wrote=[llm.providers.deepseek.base_url] kept_in_file_not_in_memory=[ball.size]
2026-10-09T23:36:56.5599031Z --- PASS: TestAC11SettingWriteKeepsAForeignHandEditedKey (0.02s)
2026-10-09T23:36:56.5599696Z === RUN   TestAC11ControlSnapshotWriteIsWhatRevertsTheHandEdit
2026-10-09T23:36:56.5602537Z time=2026-10-09T23:36:44.180Z level=WARN msg="config: wrote merged change into config.toml and kept hand edits this process does not hold (ticket 226); the file was NOT claimed as our own write, so the next reload reads it back and a loosening there is denied until it is confirmed (D36 rule 1). Only the keys listed under wrote changed value; the file is re-laid in canonical form, so comments and hand-chosen key order are not preserved" key=llm.providers.deepseek.base_url wrote=[llm.providers.deepseek.base_url] kept_in_file_not_in_memory=[ball.size]
2026-10-09T23:36:56.5604701Z --- PASS: TestAC11ControlSnapshotWriteIsWhatRevertsTheHandEdit (0.03s)
2026-10-09T23:36:56.5605206Z === RUN   TestAC3SettingWriteStoresARefNeverAValue
2026-10-09T23:36:56.5606597Z time=2026-10-09T23:36:44.213Z level=INFO msg="config: wrote merged change into config.toml (ticket 226: only the keys listed changed value, every other key keeps the value the file already held; the file is re-laid in canonical form, so comments and hand-chosen key order are not preserved)" key=llm.providers.deepseek.api_key_ref wrote=[llm.providers.deepseek.api_key_ref]
2026-10-09T23:36:56.5608242Z --- PASS: TestAC3SettingWriteStoresARefNeverAValue (0.03s)
2026-10-09T23:36:56.5608766Z === RUN   TestAC11WritingTheValueTheFileAlreadyHoldsChangesNoBytes
2026-10-09T23:36:56.5610828Z time=2026-10-09T23:36:44.226Z level=INFO msg="config: wrote merged change into config.toml (ticket 226: only the keys listed changed value, every other key keeps the value the file already held; the file is re-laid in canonical form, so comments and hand-chosen key order are not preserved)" key=llm.providers.deepseek.base_url wrote=[llm.providers.deepseek.base_url]
2026-10-09T23:36:56.5613247Z time=2026-10-09T23:36:44.226Z level=INFO msg="config: config.toml already carries this key; nothing written" key=llm.providers.deepseek.base_url
2026-10-09T23:36:56.5614281Z --- PASS: TestAC11WritingTheValueTheFileAlreadyHoldsChangesNoBytes (0.01s)
2026-10-09T23:36:56.5614887Z === RUN   TestTicket257R1AC1CleanMachineRefusesAllSevenFields
2026-10-09T23:36:56.5616043Z     settings_257_test.go:183: clean machine, seven refusals by reason: map[第 2 种拒因：行不存在:7] (fields: 7)
2026-10-09T23:36:56.5616665Z --- PASS: TestTicket257R1AC1CleanMachineRefusesAllSevenFields (0.01s)
2026-10-09T23:36:56.5617193Z === RUN   TestTicket257R1AC1HandAddedRowsUnlockAllSevenFields
2026-10-09T23:36:56.5619063Z time=2026-10-09T23:36:44.243Z level=INFO msg="config: wrote merged change into config.toml (ticket 226: only the keys listed changed value, every other key keeps the value the file already held; the file is re-laid in canonical form, so comments and hand-chosen key order are not preserved)" key=llm.providers.deepseek.base_url wrote=[llm.providers.deepseek.base_url]
2026-10-09T23:36:56.5621471Z time=2026-10-09T23:36:44.262Z level=INFO msg="config: wrote merged change into config.toml (ticket 226: only the keys listed changed value, every other key keeps the value the file already held; the file is re-laid in canonical form, so comments and hand-chosen key order are not preserved)" key=llm.providers.deepseek.api_key_ref wrote=[llm.providers.deepseek.api_key_ref]
2026-10-09T23:36:56.5623935Z time=2026-10-09T23:36:44.267Z level=INFO msg="config: wrote merged change into config.toml (ticket 226: only the keys listed changed value, every other key keeps the value the file already held; the file is re-laid in canonical form, so comments and hand-chosen key order are not preserved)" key=llm.providers.deepseek.models.deepseek-chat.context_window wrote=[llm.providers.deepseek.models.deepseek-chat.context_window]
2026-10-09T23:36:56.5626457Z time=2026-10-09T23:36:44.271Z level=INFO msg="config: wrote merged change into config.toml (ticket 226: only the keys listed changed value, every other key keeps the value the file already held; the file is re-laid in canonical form, so comments and hand-chosen key order are not preserved)" key=llm.providers.deepseek.models.deepseek-chat.price.in wrote=[llm.providers.deepseek.models.deepseek-chat.price.in]
2026-10-09T23:36:56.5629213Z time=2026-10-09T23:36:44.275Z level=INFO msg="config: wrote merged change into config.toml (ticket 226: only the keys listed changed value, every other key keeps the value the file already held; the file is re-laid in canonical form, so comments and hand-chosen key order are not preserved)" key=llm.providers.deepseek.models.deepseek-chat.price.out wrote=[llm.providers.deepseek.models.deepseek-chat.price.out]
2026-10-09T23:36:56.5631542Z time=2026-10-09T23:36:44.283Z level=INFO msg="config: wrote merged change into config.toml (ticket 226: only the keys listed changed value, every other key keeps the value the file already held; the file is re-laid in canonical form, so comments and hand-chosen key order are not preserved)" key=llm.roles.chat.model wrote=[llm.roles.chat.model]
2026-10-09T23:36:56.5633642Z time=2026-10-09T23:36:44.289Z level=INFO msg="config: wrote merged change into config.toml (ticket 226: only the keys listed changed value, every other key keeps the value the file already held; the file is re-laid in canonical form, so comments and hand-chosen key order are not preserved)" key=llm.providers.deepseek.api_key_ref wrote=[llm.providers.deepseek.api_key_ref]
2026-10-09T23:36:56.5636526Z --- PASS: TestTicket257R1AC1HandAddedRowsUnlockAllSevenFields (0.06s)
2026-10-09T23:36:56.5637283Z === RUN   TestTicket257R1AC2MissingFileIsItsOwnSentence
2026-10-09T23:36:56.5637991Z --- PASS: TestTicket257R1AC2MissingFileIsItsOwnSentence (0.00s)
2026-10-09T23:36:56.5638669Z === RUN   TestTicket257R1AC2MissingRowIsItsOwnSentence
2026-10-09T23:36:56.5639362Z --- PASS: TestTicket257R1AC2MissingRowIsItsOwnSentence (0.01s)
2026-10-09T23:36:56.5640027Z === RUN   TestTicket257R1AC2InvalidValueIsItsOwnSentence
2026-10-09T23:36:56.5641148Z --- PASS: TestTicket257R1AC2InvalidValueIsItsOwnSentence (0.00s)
2026-10-09T23:36:56.5642002Z === RUN   TestEverySectionHasATierInRegistry
2026-10-09T23:36:56.5642452Z --- PASS: TestEverySectionHasATierInRegistry (0.00s)
2026-10-09T23:36:56.5642885Z === RUN   TestRegistryCoversSchemaSectionsGreen
2026-10-09T23:36:56.5643347Z --- PASS: TestRegistryCoversSchemaSectionsGreen (0.00s)
2026-10-09T23:36:56.5643770Z === RUN   TestPerKeySectionsAreRegisteredPerKey
2026-10-09T23:36:56.5644195Z --- PASS: TestPerKeySectionsAreRegisteredPerKey (0.00s)
2026-10-09T23:36:56.5644847Z === RUN   TestVoicePerKeyRowsMirrorPlanVoiceWalks
2026-10-09T23:36:56.5645344Z --- PASS: TestVoicePerKeyRowsMirrorPlanVoiceWalks (0.00s)
2026-10-09T23:36:56.5645787Z === RUN   TestEveryAppKeyIsRegisteredInTierRegistry
2026-10-09T23:36:56.5646233Z --- PASS: TestEveryAppKeyIsRegisteredInTierRegistry (0.00s)
2026-10-09T23:36:56.5646665Z === RUN   TestAppKeyWalkSeesTheRosterItClaims
2026-10-09T23:36:56.5647107Z --- PASS: TestAppKeyWalkSeesTheRosterItClaims (0.00s)
2026-10-09T23:36:56.5647507Z === RUN   TestUnwiredSecurityKeysFailLoudly
2026-10-09T23:36:56.5648038Z === RUN   TestUnwiredSecurityKeysFailLoudly/risk.shell_enabled
2026-10-09T23:36:56.5648712Z === RUN   TestUnwiredSecurityKeysFailLoudly/risk.allow_shell_string
2026-10-09T23:36:56.5649664Z === RUN   TestUnwiredSecurityKeysFailLoudly/risk.shell_allowlist
2026-10-09T23:36:56.5650148Z === RUN   TestUnwiredSecurityKeysFailLoudly/risk.blacklist_overrides
2026-10-09T23:36:56.5650616Z === RUN   TestUnwiredSecurityKeysFailLoudly/net.allowlist
2026-10-09T23:36:56.5651091Z === RUN   TestUnwiredSecurityKeysFailLoudly/net.block_private_ranges
2026-10-09T23:36:56.5651578Z --- PASS: TestUnwiredSecurityKeysFailLoudly (0.03s)
2026-10-09T23:36:56.5652095Z     --- PASS: TestUnwiredSecurityKeysFailLoudly/risk.shell_enabled (0.00s)
2026-10-09T23:36:56.5652698Z     --- PASS: TestUnwiredSecurityKeysFailLoudly/risk.allow_shell_string (0.00s)
2026-10-09T23:36:56.5653330Z     --- PASS: TestUnwiredSecurityKeysFailLoudly/risk.shell_allowlist (0.00s)
2026-10-09T23:36:56.5654046Z     --- PASS: TestUnwiredSecurityKeysFailLoudly/risk.blacklist_overrides (0.01s)
2026-10-09T23:36:56.5656014Z     --- PASS: TestUnwiredSecurityKeysFailLoudly/net.allowlist (0.00s)
2026-10-09T23:36:56.5656901Z     --- PASS: TestUnwiredSecurityKeysFailLoudly/net.block_private_ranges (0.00s)
2026-10-09T23:36:56.5657449Z === RUN   TestUnwiredGuardLeavesHonestConfigsAlone
2026-10-09T23:36:56.5657911Z === RUN   TestUnwiredGuardLeavesHonestConfigsAlone/empty_file
2026-10-09T23:36:56.5658457Z === RUN   TestUnwiredGuardLeavesHonestConfigsAlone/guarded_keys_at_defaults
2026-10-09T23:36:56.5659556Z === RUN   TestUnwiredGuardLeavesHonestConfigsAlone/SaveFile_output_reloads
2026-10-09T23:36:56.5660535Z === RUN   TestUnwiredGuardLeavesHonestConfigsAlone/tightening_a_guarded_key_past_its_default_is_still_rejected
2026-10-09T23:36:56.5661490Z --- PASS: TestUnwiredGuardLeavesHonestConfigsAlone (0.03s)
2026-10-09T23:36:56.5662316Z     --- PASS: TestUnwiredGuardLeavesHonestConfigsAlone/empty_file (0.00s)
2026-10-09T23:36:56.5663880Z     --- PASS: TestUnwiredGuardLeavesHonestConfigsAlone/guarded_keys_at_defaults (0.01s)
2026-10-09T23:36:56.5665267Z     --- PASS: TestUnwiredGuardLeavesHonestConfigsAlone/SaveFile_output_reloads (0.01s)
2026-10-09T23:36:56.5666124Z     --- PASS: TestUnwiredGuardLeavesHonestConfigsAlone/tightening_a_guarded_key_past_its_default_is_still_rejected (0.01s)
2026-10-09T23:36:56.5666766Z === RUN   TestUnwiredGuardFiresBeforeAnyFileWrite
2026-10-09T23:36:56.5667274Z --- PASS: TestUnwiredGuardFiresBeforeAnyFileWrite (0.01s)
2026-10-09T23:36:56.5668079Z === RUN   TestUnwiredGuardIsScopedNotABigStick
2026-10-09T23:36:56.5668551Z --- PASS: TestUnwiredGuardIsScopedNotABigStick (0.00s)
2026-10-09T23:36:56.5668999Z === RUN   TestUnwiredKeysStillRoundTripAtTheByteLevel
2026-10-09T23:36:56.5670088Z --- PASS: TestUnwiredKeysStillRoundTripAtTheByteLevel (0.00s)
2026-10-09T23:36:56.5670806Z === RUN   TestEveryLockedSectionKeyIsAccountedFor
2026-10-09T23:36:56.5671450Z --- PASS: TestEveryLockedSectionKeyIsAccountedFor (0.00s)
2026-10-09T23:36:56.5672942Z === RUN   TestValidateDefaultsPass
2026-10-09T23:36:56.5673523Z --- PASS: TestValidateDefaultsPass (0.00s)
2026-10-09T23:36:56.5674064Z === RUN   TestValidateEnumErrors
2026-10-09T23:36:56.5674562Z === RUN   TestValidateEnumErrors/theme
2026-10-09T23:36:56.5675074Z === RUN   TestValidateEnumErrors/observe.level
2026-10-09T23:36:56.5676039Z === RUN   TestValidateEnumErrors/proxy.mode
2026-10-09T23:36:56.5677077Z === RUN   TestValidateEnumErrors/over_budget
2026-10-09T23:36:56.5678195Z === RUN   TestValidateEnumErrors/protocol
2026-10-09T23:36:56.5678592Z === RUN   TestValidateEnumErrors/provider_billing
2026-10-09T23:36:56.5679007Z === RUN   TestValidateEnumErrors/model_billing
2026-10-09T23:36:56.5679664Z === RUN   TestValidateEnumErrors/thinking_intensity
2026-10-09T23:36:56.5680081Z === RUN   TestValidateEnumErrors/thinking_levels_element
2026-10-09T23:36:56.5680465Z --- PASS: TestValidateEnumErrors (0.00s)
2026-10-09T23:36:56.5680958Z     --- PASS: TestValidateEnumErrors/theme (0.00s)
2026-10-09T23:36:56.5681552Z     --- PASS: TestValidateEnumErrors/observe.level (0.00s)
2026-10-09T23:36:56.5682158Z     --- PASS: TestValidateEnumErrors/proxy.mode (0.00s)
2026-10-09T23:36:56.5682814Z     --- PASS: TestValidateEnumErrors/over_budget (0.00s)
2026-10-09T23:36:56.5683469Z     --- PASS: TestValidateEnumErrors/protocol (0.00s)
2026-10-09T23:36:56.5684112Z     --- PASS: TestValidateEnumErrors/provider_billing (0.00s)
2026-10-09T23:36:56.5684785Z     --- PASS: TestValidateEnumErrors/model_billing (0.00s)
2026-10-09T23:36:56.5685507Z     --- PASS: TestValidateEnumErrors/thinking_intensity (0.00s)
2026-10-09T23:36:56.5686318Z     --- PASS: TestValidateEnumErrors/thinking_levels_element (0.00s)
2026-10-09T23:36:56.5687015Z === RUN   TestValidateEnumAcceptsEveryListedValue
2026-10-09T23:36:56.5687612Z --- PASS: TestValidateEnumAcceptsEveryListedValue (0.00s)
2026-10-09T23:36:56.5688206Z === RUN   TestValidateHardcodedReadOnly
2026-10-09T23:36:56.5688841Z === RUN   TestValidateHardcodedReadOnly/audio.half_duplex=false
2026-10-09T23:36:56.5689565Z === RUN   TestValidateHardcodedReadOnly/privacy.keep_transcript=true
2026-10-09T23:36:56.5690264Z === RUN   TestValidateHardcodedReadOnly/privacy.keep_audio=true
2026-10-09T23:36:56.5690982Z === RUN   TestValidateHardcodedReadOnly/models.verify_signature=false
2026-10-09T23:36:56.5691638Z --- PASS: TestValidateHardcodedReadOnly (0.00s)
2026-10-09T23:36:56.5692360Z     --- PASS: TestValidateHardcodedReadOnly/audio.half_duplex=false (0.00s)
2026-10-09T23:36:56.5693429Z     --- PASS: TestValidateHardcodedReadOnly/privacy.keep_transcript=true (0.00s)
2026-10-09T23:36:56.5694321Z     --- PASS: TestValidateHardcodedReadOnly/privacy.keep_audio=true (0.00s)
2026-10-09T23:36:56.5695275Z     --- PASS: TestValidateHardcodedReadOnly/models.verify_signature=false (0.00s)
2026-10-09T23:36:56.5695870Z === RUN   TestValidateBallSizeRange
2026-10-09T23:36:56.5696213Z --- PASS: TestValidateBallSizeRange (0.00s)
2026-10-09T23:36:56.5696630Z === RUN   TestValidateRiskConfirmTimeoutRange
2026-10-09T23:36:56.5697056Z === RUN   TestValidateRiskConfirmTimeoutRange/reject_30
2026-10-09T23:36:56.5697495Z === RUN   TestValidateRiskConfirmTimeoutRange/reject_10
2026-10-09T23:36:56.5697945Z === RUN   TestValidateRiskConfirmTimeoutRange/reject_3601
2026-10-09T23:36:56.5698423Z === RUN   TestValidateRiskConfirmTimeoutRange/reject_99999
2026-10-09T23:36:56.5698862Z === RUN   TestValidateRiskConfirmTimeoutRange/reject_0
2026-10-09T23:36:56.5699310Z === RUN   TestValidateRiskConfirmTimeoutRange/reject_-1
2026-10-09T23:36:56.5700094Z === RUN   TestValidateRiskConfirmTimeoutRange/accept_31
2026-10-09T23:36:56.5700572Z === RUN   TestValidateRiskConfirmTimeoutRange/accept_300
2026-10-09T23:36:56.5701018Z === RUN   TestValidateRiskConfirmTimeoutRange/accept_3600
2026-10-09T23:36:56.5701464Z --- PASS: TestValidateRiskConfirmTimeoutRange (0.00s)
2026-10-09T23:36:56.5701976Z     --- PASS: TestValidateRiskConfirmTimeoutRange/reject_30 (0.00s)
2026-10-09T23:36:56.5702557Z     --- PASS: TestValidateRiskConfirmTimeoutRange/reject_10 (0.00s)
2026-10-09T23:36:56.5703097Z     --- PASS: TestValidateRiskConfirmTimeoutRange/reject_3601 (0.00s)
2026-10-09T23:36:56.5703638Z     --- PASS: TestValidateRiskConfirmTimeoutRange/reject_99999 (0.00s)
2026-10-09T23:36:56.5704175Z     --- PASS: TestValidateRiskConfirmTimeoutRange/reject_0 (0.00s)
2026-10-09T23:36:56.5704739Z     --- PASS: TestValidateRiskConfirmTimeoutRange/reject_-1 (0.00s)
2026-10-09T23:36:56.5706078Z     --- PASS: TestValidateRiskConfirmTimeoutRange/accept_31 (0.00s)
2026-10-09T23:36:56.5706621Z     --- PASS: TestValidateRiskConfirmTimeoutRange/accept_300 (0.00s)
2026-10-09T23:36:56.5707167Z     --- PASS: TestValidateRiskConfirmTimeoutRange/accept_3600 (0.00s)
2026-10-09T23:36:56.5707738Z === RUN   TestValidateRiskConfirmTimeoutBandRejectsWarningLeadPlusOne
2026-10-09T23:36:56.5708335Z --- PASS: TestValidateRiskConfirmTimeoutBandRejectsWarningLeadPlusOne (0.00s)
2026-10-09T23:36:56.5708836Z === RUN   TestValidateAPIKeyRefFormat
2026-10-09T23:36:56.5709213Z === RUN   TestValidateAPIKeyRefFormat/empty_is_keyless
2026-10-09T23:36:56.5709670Z === RUN   TestValidateAPIKeyRefFormat/dpapi_ref
2026-10-09T23:36:56.5710062Z === RUN   TestValidateAPIKeyRefFormat/env_ref
2026-10-09T23:36:56.5710455Z === RUN   TestValidateAPIKeyRefFormat/plaintext_key
2026-10-09T23:36:56.5710858Z === RUN   TestValidateAPIKeyRefFormat/bare_blob_id
2026-10-09T23:36:56.5711310Z === RUN   TestValidateAPIKeyRefFormat/traversal_blob_id
2026-10-09T23:36:56.5711729Z === RUN   TestValidateAPIKeyRefFormat/empty_env_name
2026-10-09T23:36:56.5712141Z === RUN   TestValidateAPIKeyRefFormat/unknown_scheme
2026-10-09T23:36:56.5712540Z --- PASS: TestValidateAPIKeyRefFormat (0.00s)
2026-10-09T23:36:56.5713052Z     --- PASS: TestValidateAPIKeyRefFormat/empty_is_keyless (0.00s)
2026-10-09T23:36:56.5713557Z     --- PASS: TestValidateAPIKeyRefFormat/dpapi_ref (0.00s)
2026-10-09T23:36:56.5714026Z     --- PASS: TestValidateAPIKeyRefFormat/env_ref (0.00s)
2026-10-09T23:36:56.5714508Z     --- PASS: TestValidateAPIKeyRefFormat/plaintext_key (0.00s)
2026-10-09T23:36:56.5715039Z     --- PASS: TestValidateAPIKeyRefFormat/bare_blob_id (0.00s)
2026-10-09T23:36:56.5715546Z     --- PASS: TestValidateAPIKeyRefFormat/traversal_blob_id (0.00s)
2026-10-09T23:36:56.5716054Z     --- PASS: TestValidateAPIKeyRefFormat/empty_env_name (0.00s)
2026-10-09T23:36:56.5716582Z     --- PASS: TestValidateAPIKeyRefFormat/unknown_scheme (0.00s)
2026-10-09T23:36:56.5717114Z === RUN   TestValidateRealtimeAPIKeyRefFormat
2026-10-09T23:36:56.5717542Z --- PASS: TestValidateRealtimeAPIKeyRefFormat (0.00s)
2026-10-09T23:36:56.5717987Z === RUN   TestAC1AllowedDirsWriteKeepsAHandEditedKey
2026-10-09T23:36:56.5720166Z time=2026-10-09T23:36:44.396Z level=WARN msg="config: wrote merged change into config.toml and kept hand edits this process does not hold (ticket 226); the file was NOT claimed as our own write, so the next reload reads it back and a loosening there is denied until it is confirmed (D36 rule 1). Only the keys listed under wrote changed value; the file is re-laid in canonical form, so comments and hand-chosen key order are not preserved" key=fs.allowed_dirs wrote=[fs.allowed_dirs] kept_in_file_not_in_memory=[ball.size]
2026-10-09T23:36:56.5721953Z --- PASS: TestAC1AllowedDirsWriteKeepsAHandEditedKey (0.02s)
2026-10-09T23:36:56.5722444Z === RUN   TestAC1ControlSnapshotWriteIsWhatRevertsTheHandEdit
2026-10-09T23:36:56.5722996Z --- PASS: TestAC1ControlSnapshotWriteIsWhatRevertsTheHandEdit (0.02s)
2026-10-09T23:36:56.5723537Z === RUN   TestAC2GuardedWriteReportsTheKeysItWroteAndTheOnesItKept
2026-10-09T23:36:56.5724089Z --- PASS: TestAC2GuardedWriteReportsTheKeysItWroteAndTheOnesItKept (0.03s)
2026-10-09T23:36:56.5724595Z === RUN   TestAC2CleanWriteReportsOneKeyAtInfoLevel
2026-10-09T23:36:56.5725081Z --- PASS: TestAC2CleanWriteReportsOneKeyAtInfoLevel (0.00s)
2026-10-09T23:36:56.5725548Z === RUN   TestAC2UnreadableFileIsRefusedAndNothingIsWritten
2026-10-09T23:36:56.5726042Z --- PASS: TestAC2UnreadableFileIsRefusedAndNothingIsWritten (0.01s)
2026-10-09T23:36:56.5726536Z === RUN   TestAC3AdoptionClaimsOnlyWhatThisWriteProduced
2026-10-09T23:36:56.5727880Z time=2026-10-09T23:36:44.469Z level=INFO msg="config: wrote merged change into config.toml (ticket 226: only the keys listed changed value, every other key keeps the value the file already held; the file is re-laid in canonical form, so comments and hand-chosen key order are not preserved)" key=fs.allowed_dirs wrote=[fs.allowed_dirs]
2026-10-09T23:36:56.5730320Z time=2026-10-09T23:36:44.500Z level=WARN msg="config: wrote merged change into config.toml and kept hand edits this process does not hold (ticket 226); the file was NOT claimed as our own write, so the next reload reads it back and a loosening there is denied until it is confirmed (D36 rule 1). Only the keys listed under wrote changed value; the file is re-laid in canonical form, so comments and hand-chosen key order are not preserved" key=fs.allowed_dirs wrote=[fs.allowed_dirs] kept_in_file_not_in_memory=[ball.size]
2026-10-09T23:36:56.5732039Z --- PASS: TestAC3AdoptionClaimsOnlyWhatThisWriteProduced (0.04s)
2026-10-09T23:36:56.5732552Z === RUN   TestAC3HandAddedEntryIsPreservedButNotAppliedToMemory
2026-10-09T23:36:56.5734305Z time=2026-10-09T23:36:44.517Z level=WARN msg="config: wrote merged change into config.toml and kept hand edits this process does not hold (ticket 226); the file was NOT claimed as our own write, so the next reload reads it back and a loosening there is denied until it is confirmed (D36 rule 1). Only the keys listed under wrote changed value; the file is re-laid in canonical form, so comments and hand-chosen key order are not preserved" key=fs.allowed_dirs wrote=[fs.allowed_dirs] kept_in_file_not_in_memory=[fs.allowed_dirs]
2026-10-09T23:36:56.5736200Z time=2026-10-09T23:36:44.517Z level=WARN msg="config: locked loosening rejected; keeping previous values" section=fs keys=[fs.allowed_dirs]
2026-10-09T23:36:56.5736908Z --- PASS: TestAC3HandAddedEntryIsPreservedButNotAppliedToMemory (0.02s)
2026-10-09T23:36:56.5737412Z === RUN   TestAC4PermissionModeWriteKeepsAHandEditedKey
2026-10-09T23:36:56.5739200Z time=2026-10-09T23:36:44.534Z level=WARN msg="config: wrote merged change into config.toml and kept hand edits this process does not hold (ticket 226); the file was NOT claimed as our own write, so the next reload reads it back and a loosening there is denied until it is confirmed (D36 rule 1). Only the keys listed under wrote changed value; the file is re-laid in canonical form, so comments and hand-chosen key order are not preserved" key=risk.permission_mode wrote=[risk.permission_mode] kept_in_file_not_in_memory=[ball.size]
2026-10-09T23:36:56.5742039Z time=2026-10-09T23:36:44.542Z level=INFO msg="config: wrote merged change into config.toml (ticket 226: only the keys listed changed value, every other key keeps the value the file already held; the file is re-laid in canonical form, so comments and hand-chosen key order are not preserved)" key=risk.permission_mode wrote=[risk.permission_mode]
2026-10-09T23:36:56.5743302Z --- PASS: TestAC4PermissionModeWriteKeepsAHandEditedKey (0.02s)
2026-10-09T23:36:56.5743823Z === RUN   TestAC5SetAllowedDirsPersistsARevocationWithoutAClobber
2026-10-09T23:36:56.5745565Z time=2026-10-09T23:36:44.577Z level=WARN msg="config: wrote merged change into config.toml and kept hand edits this process does not hold (ticket 226); the file was NOT claimed as our own write, so the next reload reads it back and a loosening there is denied until it is confirmed (D36 rule 1). Only the keys listed under wrote changed value; the file is re-laid in canonical form, so comments and hand-chosen key order are not preserved" key=fs.allowed_dirs wrote=[fs.allowed_dirs] kept_in_file_not_in_memory=[ball.size]
2026-10-09T23:36:56.5747301Z --- PASS: TestAC5SetAllowedDirsPersistsARevocationWithoutAClobber (0.06s)
2026-10-09T23:36:56.5747806Z === RUN   TestAddAllowedDirStillRefusesARelativeHop
2026-10-09T23:36:56.5748255Z --- PASS: TestAddAllowedDirStillRefusesARelativeHop (0.01s)
2026-10-09T23:36:56.5748726Z === RUN   TestGuardedWriteFailureRollsBackMemory
2026-10-09T23:36:56.5749161Z --- PASS: TestGuardedWriteFailureRollsBackMemory (0.00s)
2026-10-09T23:36:56.5749634Z === RUN   TestGuardedWriteDoesNotRewriteAFileThatAlreadySaysIt
2026-10-09T23:36:56.5750287Z time=2026-10-09T23:36:44.639Z level=INFO msg="config: config.toml already carries this key; nothing written" key=fs.allowed_dirs
2026-10-09T23:36:56.5751079Z --- PASS: TestGuardedWriteDoesNotRewriteAFileThatAlreadySaysIt (0.02s)
2026-10-09T23:36:56.5751556Z === RUN   TestDiffKeyPathsNamesRealKeyPaths
2026-10-09T23:36:56.5751951Z --- PASS: TestDiffKeyPathsNamesRealKeyPaths (0.00s)
2026-10-09T23:36:56.5752450Z === RUN   TestConfirmTimeoutFloorSitsAboveApprovalWarningLead
2026-10-09T23:36:56.5752968Z --- PASS: TestConfirmTimeoutFloorSitsAboveApprovalWarningLead (0.01s)
2026-10-09T23:36:56.5753442Z === RUN   TestConfirmTimeoutIsBandedOnTheLoadPath
2026-10-09T23:36:56.5753875Z === RUN   TestConfirmTimeoutIsBandedOnTheLoadPath/reject_30
2026-10-09T23:36:56.5754375Z === RUN   TestConfirmTimeoutIsBandedOnTheLoadPath/reject_10
2026-10-09T23:36:56.5754832Z === RUN   TestConfirmTimeoutIsBandedOnTheLoadPath/reject_1
2026-10-09T23:36:56.5755277Z === RUN   TestConfirmTimeoutIsBandedOnTheLoadPath/reject_2
2026-10-09T23:36:56.5755719Z === RUN   TestConfirmTimeoutIsBandedOnTheLoadPath/reject_20
2026-10-09T23:36:56.5756203Z === RUN   TestConfirmTimeoutIsBandedOnTheLoadPath/reject_3601
2026-10-09T23:36:56.5756665Z === RUN   TestConfirmTimeoutIsBandedOnTheLoadPath/reject_99999
2026-10-09T23:36:56.5757118Z === RUN   TestConfirmTimeoutIsBandedOnTheLoadPath/reject_0
2026-10-09T23:36:56.5757556Z === RUN   TestConfirmTimeoutIsBandedOnTheLoadPath/reject_-1
2026-10-09T23:36:56.5758029Z === RUN   TestConfirmTimeoutIsBandedOnTheLoadPath/accept_31
2026-10-09T23:36:56.5758477Z === RUN   TestConfirmTimeoutIsBandedOnTheLoadPath/accept_300
2026-10-09T23:36:56.5758933Z === RUN   TestConfirmTimeoutIsBandedOnTheLoadPath/accept_3600
2026-10-09T23:36:56.5759390Z --- PASS: TestConfirmTimeoutIsBandedOnTheLoadPath (0.04s)
2026-10-09T23:36:56.5760178Z     --- PASS: TestConfirmTimeoutIsBandedOnTheLoadPath/reject_30 (0.01s)
2026-10-09T23:36:56.5760769Z     --- PASS: TestConfirmTimeoutIsBandedOnTheLoadPath/reject_10 (0.00s)
2026-10-09T23:36:56.5761325Z     --- PASS: TestConfirmTimeoutIsBandedOnTheLoadPath/reject_1 (0.00s)
2026-10-09T23:36:56.5761880Z     --- PASS: TestConfirmTimeoutIsBandedOnTheLoadPath/reject_2 (0.00s)
2026-10-09T23:36:56.5762565Z     --- PASS: TestConfirmTimeoutIsBandedOnTheLoadPath/reject_20 (0.00s)
2026-10-09T23:36:56.5763117Z     --- PASS: TestConfirmTimeoutIsBandedOnTheLoadPath/reject_3601 (0.00s)
2026-10-09T23:36:56.5763672Z     --- PASS: TestConfirmTimeoutIsBandedOnTheLoadPath/reject_99999 (0.00s)
2026-10-09T23:36:56.5764253Z     --- PASS: TestConfirmTimeoutIsBandedOnTheLoadPath/reject_0 (0.00s)
2026-10-09T23:36:56.5764790Z     --- PASS: TestConfirmTimeoutIsBandedOnTheLoadPath/reject_-1 (0.00s)
2026-10-09T23:36:56.5765336Z     --- PASS: TestConfirmTimeoutIsBandedOnTheLoadPath/accept_31 (0.00s)
2026-10-09T23:36:56.5765884Z     --- PASS: TestConfirmTimeoutIsBandedOnTheLoadPath/accept_300 (0.00s)
2026-10-09T23:36:56.5766478Z     --- PASS: TestConfirmTimeoutIsBandedOnTheLoadPath/accept_3600 (0.00s)
2026-10-09T23:36:56.5766964Z === RUN   TestMinimumLegalConfirmTimeoutKeepsC18Warning
2026-10-09T23:36:56.5767577Z     validate_267_test.go:136: smallest legal timeout 31s, warning lead 30s, arming lead 1s > 0
2026-10-09T23:36:56.5768245Z --- PASS: TestMinimumLegalConfirmTimeoutKeepsC18Warning (0.01s)
2026-10-09T23:36:56.5768679Z PASS
2026-10-09T23:36:56.5768991Z ok  	github.com/CarlosShao/wisp/internal/config	2.537s
2026-10-09T23:36:56.5769609Z time=2026-10-09T23:36:42.307Z level=INFO msg="winsec: sealing path resolver installed" resolver=risk.c26Pipeline probes_passed=2
2026-10-09T23:36:56.5770212Z === RUN   TestR9PanicInSubAssessorFailsClosed
2026-10-09T23:36:56.5770657Z --- PASS: TestR9PanicInSubAssessorFailsClosed (0.00s)
2026-10-09T23:36:56.5771078Z === RUN   TestR9PanicInWiredDependencyFailsClosed
2026-10-09T23:36:56.5771525Z --- PASS: TestR9PanicInWiredDependencyFailsClosed (0.00s)
2026-10-09T23:36:56.5771944Z === RUN   TestFusionTakesMaxSeverity
2026-10-09T23:36:56.5772349Z --- PASS: TestFusionTakesMaxSeverity (0.00s)
2026-10-09T23:36:56.5772737Z === RUN   TestFusionSingleDenyBeatsAnyConfirm
2026-10-09T23:36:56.5773302Z --- PASS: TestFusionSingleDenyBeatsAnyConfirm (0.00s)
2026-10-09T23:36:56.5773718Z === RUN   TestFusionR4BlocksSessionOverride
2026-10-09T23:36:56.5774207Z --- PASS: TestFusionR4BlocksSessionOverride (0.00s)
2026-10-09T23:36:56.5774603Z === RUN   TestDecisionGoldenSnapshots
2026-10-09T23:36:56.5774984Z --- PASS: TestDecisionGoldenSnapshots (0.00s)
2026-10-09T23:36:56.5775370Z === RUN   TestClassifyAnchorSpellingIsNotVerdict
2026-10-09T23:36:56.5777049Z     pathresolver_anchor_spelling_windows_test.go:57: Resolve("C:\\Users\\RUNNER~1\\AppData\\Local\\Temp\\TestClassifyAnchorSpellingIsNotVerdict2879260325\\001\\profile\\.ssh\\id_testkey") canonical "C:\\Users\\runneradmin\\AppData\\Local\\Temp\\TestClassifyAnchorSpellingIsNotVerdict2879260325\\001\\profile\\.ssh\\id_testkey": test premise broken (candidate must be the real path)
2026-10-09T23:36:56.5778421Z --- FAIL: TestClassifyAnchorSpellingIsNotVerdict (0.05s)
2026-10-09T23:36:56.5778823Z === RUN   TestClassifySpellingInvariance
2026-10-09T23:36:56.5779242Z --- PASS: TestClassifySpellingInvariance (0.33s)
2026-10-09T23:36:56.5779633Z === RUN   TestCanonicalInputGainsNoSecondForm
2026-10-09T23:36:56.5782058Z     pathresolver_anchor_spelling_windows_test.go:140: canonical "C:\\Users\\RUNNER~1\\AppData\\Local\\Temp\\TestCanonicalInputGainsNoSecondForm3036687678\\001\\not-created-yet\\deep.txt" produced 2 comparison forms ["c:\\users\\runner~1\\appdata\\local\\temp\\testcanonicalinputgainsnosecondform3036687678\\001\\not-created-yet\\deep.txt" "c:\\users\\runneradmin\\appdata\\local\\temp\\testcanonicalinputgainsnosecondform3036687678\\001\\not-created-yet\\deep.txt"], want 1 (verdict must not move for a path with one spelling)
2026-10-09T23:36:56.5783849Z --- FAIL: TestCanonicalInputGainsNoSecondForm (0.81s)
2026-10-09T23:36:56.5784270Z === RUN   TestOverrideOnlyAcceptsTheResolvedForm
2026-10-09T23:36:56.5784690Z --- PASS: TestOverrideOnlyAcceptsTheResolvedForm (0.03s)
2026-10-09T23:36:56.5785090Z === RUN   TestAListWinsWhereBothTablesHit
2026-10-09T23:36:56.5786114Z     pathresolver_anchor_spelling_windows_test.go:238: B-only control must stay overridable by design: {Allow:false NeedL2:true Class:B Reason:B-list sensitive path; single-file override requires one L2 confirm: id_*}
2026-10-09T23:36:56.5787062Z --- FAIL: TestAListWinsWhereBothTablesHit (0.18s)
2026-10-09T23:36:56.5787483Z === RUN   TestClassifyFailClosedWhenSpellingUnprovable
2026-10-09T23:36:56.5787985Z --- PASS: TestClassifyFailClosedWhenSpellingUnprovable (0.05s)
2026-10-09T23:36:56.5788397Z === RUN   TestResolvePerCallBudget
2026-10-09T23:36:56.5788994Z     pathresolver_budget_norace_test.go:34: C26 Resolve: 308713 ns/op = 0.309 ms/op (budget 1.000 ms, 5083 samples)
2026-10-09T23:36:56.5789527Z --- PASS: TestResolvePerCallBudget (1.74s)
2026-10-09T23:36:56.5789954Z === RUN   TestC26ExpansionMustNotRewriteOntoAnotherTree
2026-10-09T23:36:56.5790460Z === RUN   TestC26ExpansionMustNotRewriteOntoAnotherTree/percent_env_var_spelling
2026-10-09T23:36:56.5792758Z     pathresolver_expansion_test.go:80: risk.c26Pipeline.Resolve (seam installed into winsec): refused as required: risk: expansion moved this path onto a tree the caller did not name: C:\Users\RUNNER~1\AppData\Local\Temp\TestC26ExpansionMustNotRewriteOntoAnotherTreepercent_env_var_sp2018040141\001\a%WISP102PROBE_TARGET%b\artifacts expands to C:\Users\RUNNER~1\AppData\Local\Temp\TestC26ExpansionMustNotRewriteOntoAnotherTreepercent_env_var_sp2018040141\001\aelsewhereb\artifacts (env); act on the expanded tree only if you asked for it by name
2026-10-09T23:36:56.5797079Z     pathresolver_expansion_test.go:83: winsec.ResolvePath (sealing caller's view): refused as required: winsec: refusing to seal C:\Users\RUNNER~1\AppData\Local\Temp\TestC26ExpansionMustNotRewriteOntoAnotherTreepercent_env_var_sp2018040141\001\a%WISP102PROBE_TARGET%b\artifacts: risk: expansion moved this path onto a tree the caller did not name: C:\Users\RUNNER~1\AppData\Local\Temp\TestC26ExpansionMustNotRewriteOntoAnotherTreepercent_env_var_sp2018040141\001\a%WISP102PROBE_TARGET%b\artifacts expands to C:\Users\RUNNER~1\AppData\Local\Temp\TestC26ExpansionMustNotRewriteOntoAnotherTreepercent_env_var_sp2018040141\001\aelsewhereb\artifacts (env); act on the expanded tree only if you asked for it by name
2026-10-09T23:36:56.5801158Z     pathresolver_expansion_test.go:86: risk.syncSet.resolveTarget (fs.write sync judgement): refused as required: risk: expansion moved this path onto a tree the caller did not name: C:\Users\RUNNER~1\AppData\Local\Temp\TestC26ExpansionMustNotRewriteOntoAnotherTreepercent_env_var_sp2018040141\001\a%WISP102PROBE_TARGET%b\artifacts expands to C:\Users\RUNNER~1\AppData\Local\Temp\TestC26ExpansionMustNotRewriteOntoAnotherTreepercent_env_var_sp2018040141\001\aelsewhereb\artifacts (env); act on the expanded tree only if you asked for it by name
2026-10-09T23:36:56.5803046Z === RUN   TestC26ExpansionMustNotRewriteOntoAnotherTree/leading_tilde_spelling
2026-10-09T23:36:56.5804596Z     pathresolver_expansion_test.go:95: risk.c26Pipeline.Resolve ~ ~\wisp102-tilde-probe\artifacts: refused as required: risk: expansion moved this path onto a tree the caller did not name: ~\wisp102-tilde-probe\artifacts expands to C:\Users\runneradmin\wisp102-tilde-probe\artifacts (home); act on the expanded tree only if you asked for it by name
2026-10-09T23:36:56.5807362Z     pathresolver_expansion_test.go:98: winsec.ResolvePath ~ ~\wisp102-tilde-probe\artifacts: refused as required: winsec: refusing to seal ~\wisp102-tilde-probe\artifacts: risk: expansion moved this path onto a tree the caller did not name: ~\wisp102-tilde-probe\artifacts expands to C:\Users\runneradmin\wisp102-tilde-probe\artifacts (home); act on the expanded tree only if you asked for it by name
2026-10-09T23:36:56.5809825Z     pathresolver_expansion_test.go:101: risk.syncSet.resolveTarget ~ ~\wisp102-tilde-probe\artifacts: refused as required: risk: expansion moved this path onto a tree the caller did not name: ~\wisp102-tilde-probe\artifacts expands to C:\Users\runneradmin\wisp102-tilde-probe\artifacts (home); act on the expanded tree only if you asked for it by name
2026-10-09T23:36:56.5812247Z     pathresolver_expansion_test.go:95: risk.c26Pipeline.Resolve ~ ~/wisp102-tilde-probe/artifacts: refused as required: risk: expansion moved this path onto a tree the caller did not name: ~/wisp102-tilde-probe/artifacts expands to C:\Users\runneradmin\wisp102-tilde-probe\artifacts (home); act on the expanded tree only if you asked for it by name
2026-10-09T23:36:56.5814659Z     pathresolver_expansion_test.go:98: winsec.ResolvePath ~ ~/wisp102-tilde-probe/artifacts: refused as required: winsec: refusing to seal ~/wisp102-tilde-probe/artifacts: risk: expansion moved this path onto a tree the caller did not name: ~/wisp102-tilde-probe/artifacts expands to C:\Users\runneradmin\wisp102-tilde-probe\artifacts (home); act on the expanded tree only if you asked for it by name
2026-10-09T23:36:56.5817108Z     pathresolver_expansion_test.go:101: risk.syncSet.resolveTarget ~ ~/wisp102-tilde-probe/artifacts: refused as required: risk: expansion moved this path onto a tree the caller did not name: ~/wisp102-tilde-probe/artifacts expands to C:\Users\runneradmin\wisp102-tilde-probe\artifacts (home); act on the expanded tree only if you asked for it by name
2026-10-09T23:36:56.5818397Z --- PASS: TestC26ExpansionMustNotRewriteOntoAnotherTree (0.00s)
2026-10-09T23:36:56.5819079Z     --- PASS: TestC26ExpansionMustNotRewriteOntoAnotherTree/percent_env_var_spelling (0.00s)
2026-10-09T23:36:56.5819793Z     --- PASS: TestC26ExpansionMustNotRewriteOntoAnotherTree/leading_tilde_spelling (0.00s)
2026-10-09T23:36:56.5820305Z === RUN   TestPathResolverJunctionWindows
2026-10-09T23:36:56.5820704Z --- PASS: TestPathResolverJunctionWindows (1.99s)
2026-10-09T23:36:56.5821154Z === RUN   TestPathResolverShortNameAListDenied
2026-10-09T23:36:56.5822702Z     pathresolver_junction_windows_test.go:135: short name did not expand to long path: got "C:\\Users\\runneradmin\\AppData\\Local\\Temp\\TestPathResolverShortNameAListDenied617536281\\001\\.git-credentials" want "C:\\Users\\RUNNER~1\\AppData\\Local\\Temp\\TestPathResolverShortNameAListDenied617536281\\001\\.git-credentials"
2026-10-09T23:36:56.5823946Z --- FAIL: TestPathResolverShortNameAListDenied (0.33s)
2026-10-09T23:36:56.5824390Z === RUN   TestPathResolverUNCAListDenied
2026-10-09T23:36:56.5826430Z     pathresolver_junction_windows_test.go:164: UNC spelling "\\\\?\\UNC\\localhost\\c$\\Users\\RUNNER~1\\AppData\\Local\\Temp\\TestPathResolverUNCAListDenied653919470\\001\\.git-credentials" normalized to "C:\\Users\\runneradmin\\AppData\\Local\\Temp\\TestPathResolverUNCAListDenied653919470\\001\\.git-credentials", want "C:\\Users\\RUNNER~1\\AppData\\Local\\Temp\\TestPathResolverUNCAListDenied653919470\\001\\.git-credentials"
2026-10-09T23:36:56.5827922Z --- FAIL: TestPathResolverUNCAListDenied (0.16s)
2026-10-09T23:36:56.5828413Z === RUN   TestPathResolverExtendedLengthPrefixAListDenied
2026-10-09T23:36:56.5829964Z     pathresolver_junction_windows_test.go:182: \\?\ spelling normalized to "C:\\Users\\runneradmin\\AppData\\Local\\Temp\\TestPathResolverExtendedLengthPrefixAListDenied902167277\\001\\.git-credentials", want "C:\\Users\\RUNNER~1\\AppData\\Local\\Temp\\TestPathResolverExtendedLengthPrefixAListDenied902167277\\001\\.git-credentials"
2026-10-09T23:36:56.5831293Z --- FAIL: TestPathResolverExtendedLengthPrefixAListDenied (0.05s)
2026-10-09T23:36:56.5831795Z === RUN   TestPathResolverCaseAndDotMixDenied
2026-10-09T23:36:56.5832212Z --- PASS: TestPathResolverCaseAndDotMixDenied (0.02s)
2026-10-09T23:36:56.5832639Z === RUN   TestReparseExceptionExplicitPathOnly
2026-10-09T23:36:56.5833068Z --- PASS: TestReparseExceptionExplicitPathOnly (0.21s)
2026-10-09T23:36:56.5833510Z === RUN   TestAListDenyAndUnoverridable
2026-10-09T23:36:56.5833895Z --- PASS: TestAListDenyAndUnoverridable (0.03s)
2026-10-09T23:36:56.5834282Z === RUN   TestBListDefaultDenyAndOverride
2026-10-09T23:36:56.5835235Z     pathresolver_junction_windows_test.go:292: B-list single-file override must allow: {Allow:false NeedL2:true Class:B Reason:B-list sensitive path; single-file override requires one L2 confirm: .env*}
2026-10-09T23:36:56.5837456Z --- FAIL: TestBListDefaultDenyAndOverride (0.01s)
2026-10-09T23:36:56.5837850Z === RUN   TestResolveIdempotent
2026-10-09T23:36:56.5838198Z --- PASS: TestResolveIdempotent (0.01s)
2026-10-09T23:36:56.5838669Z === RUN   TestResolveExpansion
2026-10-09T23:36:56.5839179Z --- PASS: TestResolveExpansion (0.04s)
2026-10-09T23:36:56.5839631Z === RUN   TestC26RewriteAccountIsRecorded
2026-10-09T23:36:56.5840115Z === RUN   TestC26RewriteAccountIsRecorded/percent_env_var
2026-10-09T23:36:56.5840557Z === RUN   TestC26RewriteAccountIsRecorded/dollar_env_var
2026-10-09T23:36:56.5841039Z === RUN   TestC26RewriteAccountIsRecorded/leading_home_tilde
2026-10-09T23:36:56.5841529Z === RUN   TestC26RewriteAccountIsRecorded/clean_absolute_is_not_marked
2026-10-09T23:36:56.5842078Z === RUN   TestC26RewriteAccountIsRecorded/unexpandable_construct_is_not_marked
2026-10-09T23:36:56.5842580Z --- PASS: TestC26RewriteAccountIsRecorded (0.00s)
2026-10-09T23:36:56.5843126Z     --- PASS: TestC26RewriteAccountIsRecorded/percent_env_var (0.00s)
2026-10-09T23:36:56.5843669Z     --- PASS: TestC26RewriteAccountIsRecorded/dollar_env_var (0.00s)
2026-10-09T23:36:56.5844217Z     --- PASS: TestC26RewriteAccountIsRecorded/leading_home_tilde (0.00s)
2026-10-09T23:36:56.5844810Z     --- PASS: TestC26RewriteAccountIsRecorded/clean_absolute_is_not_marked (0.00s)
2026-10-09T23:36:56.5845502Z     --- PASS: TestC26RewriteAccountIsRecorded/unexpandable_construct_is_not_marked (0.00s)
2026-10-09T23:36:56.5846069Z === RUN   TestC26RewrittenSyncRootDoesNotDisarmSuspectNet
2026-10-09T23:36:56.5846569Z --- PASS: TestC26RewrittenSyncRootDoesNotDisarmSuspectNet (0.01s)
2026-10-09T23:36:56.5847082Z === RUN   TestC26RewriteAccountIsConsumedAtEverySecurityLeg
2026-10-09T23:36:56.5847816Z --- PASS: TestC26RewriteAccountIsConsumedAtEverySecurityLeg (0.04s)
2026-10-09T23:36:56.5848297Z === RUN   TestResolveCanonicalIsPlatformShaped
2026-10-09T23:36:56.5848952Z --- PASS: TestResolveCanonicalIsPlatformShaped (0.00s)
2026-10-09T23:36:56.5849432Z === RUN   TestResolveKeepsSeparatorsOutOfPosixNames
2026-10-09T23:36:56.5849902Z --- PASS: TestResolveKeepsSeparatorsOutOfPosixNames (0.00s)
2026-10-09T23:36:56.5850335Z === RUN   TestDoubleSlashSpellingIsNotUNC
2026-10-09T23:36:56.5850728Z --- PASS: TestDoubleSlashSpellingIsNotUNC (0.00s)
2026-10-09T23:36:56.5851154Z === RUN   TestTierAAnchorsMatchNativeSpelling
2026-10-09T23:36:56.5851564Z === RUN   TestTierAAnchorsMatchNativeSpelling/~/.ssh/**
2026-10-09T23:36:56.5852037Z === RUN   TestTierAAnchorsMatchNativeSpelling/~/.ssh/_dir_itself
2026-10-09T23:36:56.5852522Z === RUN   TestTierAAnchorsMatchNativeSpelling/~/.git-credentials
2026-10-09T23:36:56.5853034Z === RUN   TestTierAAnchorsMatchNativeSpelling/~/.aws/credentials
2026-10-09T23:36:56.5853490Z === RUN   TestTierAAnchorsMatchNativeSpelling/~/.kube/config
2026-10-09T23:36:56.5853930Z === RUN   TestTierAAnchorsMatchNativeSpelling/.git/config
2026-10-09T23:36:56.5854552Z === RUN   TestTierAAnchorsMatchNativeSpelling/%APPDATA%\wisp\config.toml
2026-10-09T23:36:56.5855357Z === RUN   TestTierAAnchorsMatchNativeSpelling/%APPDATA%\Microsoft\Protect\**
2026-10-09T23:36:56.5856441Z === RUN   TestTierAAnchorsMatchNativeSpelling/%LOCALAPPDATA%\Microsoft\Credentials\**
2026-10-09T23:36:56.5857254Z === RUN   TestTierAAnchorsMatchNativeSpelling/browser_credential_store
2026-10-09T23:36:56.5857912Z --- PASS: TestTierAAnchorsMatchNativeSpelling (0.05s)
2026-10-09T23:36:56.5858623Z     --- PASS: TestTierAAnchorsMatchNativeSpelling/~/.ssh/** (0.00s)
2026-10-09T23:36:56.5859386Z     --- PASS: TestTierAAnchorsMatchNativeSpelling/~/.ssh/_dir_itself (0.00s)
2026-10-09T23:36:56.5860228Z     --- PASS: TestTierAAnchorsMatchNativeSpelling/~/.git-credentials (0.00s)
2026-10-09T23:36:56.5861043Z     --- PASS: TestTierAAnchorsMatchNativeSpelling/~/.aws/credentials (0.00s)
2026-10-09T23:36:56.5861866Z     --- PASS: TestTierAAnchorsMatchNativeSpelling/~/.kube/config (0.00s)
2026-10-09T23:36:56.5862916Z     --- PASS: TestTierAAnchorsMatchNativeSpelling/.git/config (0.00s)
2026-10-09T23:36:56.5863777Z     --- PASS: TestTierAAnchorsMatchNativeSpelling/%APPDATA%\wisp\config.toml (0.00s)
2026-10-09T23:36:56.5864820Z     --- PASS: TestTierAAnchorsMatchNativeSpelling/%APPDATA%\Microsoft\Protect\** (0.00s)
2026-10-09T23:36:56.5865847Z     --- PASS: TestTierAAnchorsMatchNativeSpelling/%LOCALAPPDATA%\Microsoft\Credentials\** (0.00s)
2026-10-09T23:36:56.5866898Z     --- PASS: TestTierAAnchorsMatchNativeSpelling/browser_credential_store (0.03s)
2026-10-09T23:36:56.5867694Z === RUN   TestOverrideKeyKeepsPosixBackslashesDistinct
2026-10-09T23:36:56.5868672Z --- PASS: TestOverrideKeyKeepsPosixBackslashesDistinct (0.00s)
2026-10-09T23:36:56.5869318Z === RUN   TestSyncAncestorWalkVerifiesNativeChain
2026-10-09T23:36:56.5869922Z --- PASS: TestSyncAncestorWalkVerifiesNativeChain (0.01s)
2026-10-09T23:36:56.5870594Z === RUN   TestPointer183RefereeTwinFragmentOutsideSpanStaysExempted
2026-10-09T23:36:56.5871502Z --- PASS: TestPointer183RefereeTwinFragmentOutsideSpanStaysExempted (0.00s)
2026-10-09T23:36:56.5872286Z === RUN   TestPointer183RefereeControlBodyWithoutTwinIsClean
2026-10-09T23:36:56.5872962Z --- PASS: TestPointer183RefereeControlBodyWithoutTwinIsClean (0.00s)
2026-10-09T23:36:56.5873508Z === RUN   TestPointer183PathAppearingTwiceInBodyStaysExempted
2026-10-09T23:36:56.5874060Z --- PASS: TestPointer183PathAppearingTwiceInBodyStaysExempted (0.01s)
2026-10-09T23:36:56.5874759Z === RUN   TestPointer183BodySecretOutsideSpanStillHits
2026-10-09T23:36:56.5875409Z --- PASS: TestPointer183BodySecretOutsideSpanStillHits (0.00s)
2026-10-09T23:36:56.5876410Z === RUN   TestPointer183ForeignMarkCarryingSamePathStillHits
2026-10-09T23:36:56.5877189Z --- PASS: TestPointer183ForeignMarkCarryingSamePathStillHits (0.00s)
2026-10-09T23:36:56.5877912Z === RUN   TestPointer183AlmostPathInSameHostMarkStillHits
2026-10-09T23:36:56.5878890Z --- PASS: TestPointer183AlmostPathInSameHostMarkStillHits (0.00s)
2026-10-09T23:36:56.5879624Z === RUN   TestPointer183WorstCaseOfTheLandedExemptionIsPinned
2026-10-09T23:36:56.5880452Z --- PASS: TestPointer183WorstCaseOfTheLandedExemptionIsPinned (0.00s)
2026-10-09T23:36:56.5881214Z === RUN   TestPointer183DeclaredPathAbsentFromBodyStillHits
2026-10-09T23:36:56.5882031Z --- PASS: TestPointer183DeclaredPathAbsentFromBodyStillHits (0.00s)
2026-10-09T23:36:56.5882791Z === RUN   TestPointer185SecondRereadOfAHostArtifactIsClean
2026-10-09T23:36:56.5883481Z --- PASS: TestPointer185SecondRereadOfAHostArtifactIsClean (0.01s)
2026-10-09T23:36:56.5884348Z === RUN   TestPointer185TheReadBackBodyIsWhatBlocksTheRereadWhenNothingDeclaredIt
2026-10-09T23:36:56.5885355Z --- PASS: TestPointer185TheReadBackBodyIsWhatBlocksTheRereadWhenNothingDeclaredIt (0.00s)
2026-10-09T23:36:56.5886290Z === RUN   TestPointer185AModelNominatedFileIsNotOnTheRoster
2026-10-09T23:36:56.5887027Z --- PASS: TestPointer185AModelNominatedFileIsNotOnTheRoster (0.00s)
2026-10-09T23:36:56.5887824Z === RUN   TestPointer185ForeignContentCarryingTheHostPathStillHits
2026-10-09T23:36:56.5888651Z --- PASS: TestPointer185ForeignContentCarryingTheHostPathStillHits (0.00s)
2026-10-09T23:36:56.5889452Z === RUN   TestPointer185RosterDoesNotCrossScopeIDs
2026-10-09T23:36:56.5890135Z --- PASS: TestPointer185RosterDoesNotCrossScopeIDs (0.00s)
2026-10-09T23:36:56.5890846Z === RUN   TestPointer185RosterDiesWithTheMarksItWasDerivedFrom
2026-10-09T23:36:56.5891624Z --- PASS: TestPointer185RosterDiesWithTheMarksItWasDerivedFrom (0.04s)
2026-10-09T23:36:56.5892458Z === RUN   TestPointer185SiblingArtifactInSameDirectoryStillHits
2026-10-09T23:36:56.5893210Z --- PASS: TestPointer185SiblingArtifactInSameDirectoryStillHits (0.00s)
2026-10-09T23:36:56.5893924Z === RUN   TestPointer185OneRuneDifferentPathStillHits
2026-10-09T23:36:56.5894586Z --- PASS: TestPointer185OneRuneDifferentPathStillHits (0.00s)
2026-10-09T23:36:56.5895311Z === RUN   TestPointer185SameBasenameOtherDirectoryStillHits
2026-10-09T23:36:56.5896631Z --- PASS: TestPointer185SameBasenameOtherDirectoryStillHits (0.00s)
2026-10-09T23:36:56.5897456Z === RUN   TestPointer185CostFaceOfTheRosterIsPinnedAndNarrowerThanTheSpan
2026-10-09T23:36:56.5898395Z --- PASS: TestPointer185CostFaceOfTheRosterIsPinnedAndNarrowerThanTheSpan (0.05s)
2026-10-09T23:36:56.5899247Z === RUN   TestExfilSyncWriteWindowsSpellingInvariant
2026-10-09T23:36:56.5900020Z === RUN   TestExfilSyncWriteWindowsSpellingInvariant/sync_root,_native_spelling
2026-10-09T23:36:56.5900940Z === RUN   TestExfilSyncWriteWindowsSpellingInvariant/sync_root,_all-forward-slash
2026-10-09T23:36:56.5901914Z === RUN   TestExfilSyncWriteWindowsSpellingInvariant/sync_root,_both_separators_at_once
2026-10-09T23:36:56.5902949Z === RUN   TestExfilSyncWriteWindowsSpellingInvariant/sync_root,_forward_slash_under_a_backslash_parent
2026-10-09T23:36:56.5903920Z === RUN   TestExfilSyncWriteWindowsSpellingInvariant/plain_dir,_native_spelling
2026-10-09T23:36:56.5904786Z === RUN   TestExfilSyncWriteWindowsSpellingInvariant/plain_dir,_all-forward-slash
2026-10-09T23:36:56.5905689Z === RUN   TestExfilSyncWriteWindowsSpellingInvariant/plain_dir,_both_separators_at_once
2026-10-09T23:36:56.5906531Z --- PASS: TestExfilSyncWriteWindowsSpellingInvariant (0.01s)
2026-10-09T23:36:56.5907449Z     --- PASS: TestExfilSyncWriteWindowsSpellingInvariant/sync_root,_native_spelling (0.00s)
2026-10-09T23:36:56.5908524Z     --- PASS: TestExfilSyncWriteWindowsSpellingInvariant/sync_root,_all-forward-slash (0.00s)
2026-10-09T23:36:56.5909670Z     --- PASS: TestExfilSyncWriteWindowsSpellingInvariant/sync_root,_both_separators_at_once (0.00s)
2026-10-09T23:36:56.6016960Z     --- PASS: TestExfilSyncWriteWindowsSpellingInvariant/sync_root,_forward_slash_under_a_backslash_parent (0.00s)
2026-10-09T23:36:56.6018252Z     --- PASS: TestExfilSyncWriteWindowsSpellingInvariant/plain_dir,_native_spelling (0.00s)
2026-10-09T23:36:56.6019299Z     --- PASS: TestExfilSyncWriteWindowsSpellingInvariant/plain_dir,_all-forward-slash (0.00s)
2026-10-09T23:36:56.6020800Z     --- PASS: TestExfilSyncWriteWindowsSpellingInvariant/plain_dir,_both_separators_at_once (0.00s)
2026-10-09T23:36:56.6021634Z === RUN   TestMarkInspectSourceAttribution
2026-10-09T23:36:56.6022186Z --- PASS: TestMarkInspectSourceAttribution (0.00s)
2026-10-09T23:36:56.6022723Z === RUN   TestMarkNegativeNoTaintNoHit
2026-10-09T23:36:56.6023129Z --- PASS: TestMarkNegativeNoTaintNoHit (0.00s)
2026-10-09T23:36:56.6023504Z === RUN   TestMarkEmptyAfterNormalization
2026-10-09T23:36:56.6024080Z --- PASS: TestMarkEmptyAfterNormalization (0.00s)
2026-10-09T23:36:56.6024593Z === RUN   TestMarkUnknownSourceToolFailClosed
2026-10-09T23:36:56.6025149Z --- PASS: TestMarkUnknownSourceToolFailClosed (0.00s)
2026-10-09T23:36:56.6025543Z === RUN   TestSensitiveSourceSetComplete
2026-10-09T23:36:56.6025919Z --- PASS: TestSensitiveSourceSetComplete (0.00s)
2026-10-09T23:36:56.6026288Z === RUN   TestFourChannelExfilSuite
2026-10-09T23:36:56.6026654Z === RUN   TestFourChannelExfilSuite/web.search_query
2026-10-09T23:36:56.6027080Z === RUN   TestFourChannelExfilSuite/notify_text
2026-10-09T23:36:56.6027535Z === RUN   TestFourChannelExfilSuite/notify_url
2026-10-09T23:36:56.6028058Z === RUN   TestFourChannelExfilSuite/clipboard.write
2026-10-09T23:36:56.6028461Z === RUN   TestFourChannelExfilSuite/fs.write_into_sync_dir
2026-10-09T23:36:56.6028877Z --- PASS: TestFourChannelExfilSuite (0.00s)
2026-10-09T23:36:56.6029325Z     --- PASS: TestFourChannelExfilSuite/web.search_query (0.00s)
2026-10-09T23:36:56.6029797Z     --- PASS: TestFourChannelExfilSuite/notify_text (0.00s)
2026-10-09T23:36:56.6030274Z     --- PASS: TestFourChannelExfilSuite/notify_url (0.00s)
2026-10-09T23:36:56.6030970Z     --- PASS: TestFourChannelExfilSuite/clipboard.write (0.00s)
2026-10-09T23:36:56.6031478Z     --- PASS: TestFourChannelExfilSuite/fs.write_into_sync_dir (0.00s)
2026-10-09T23:36:56.6031890Z === RUN   TestR4EndToEndViaAssessor
2026-10-09T23:36:56.6032255Z --- PASS: TestR4EndToEndViaAssessor (0.01s)
2026-10-09T23:36:56.6032794Z === RUN   TestSyncWriteNegative
2026-10-09T23:36:56.6033120Z --- PASS: TestSyncWriteNegative (0.04s)
2026-10-09T23:36:56.6033489Z === RUN   TestDetectorUnknownToolScansEverything
2026-10-09T23:36:56.6033905Z --- PASS: TestDetectorUnknownToolScansEverything (0.00s)
2026-10-09T23:36:56.6034326Z === RUN   TestScopesNeverInherit
2026-10-09T23:36:56.6034650Z --- PASS: TestScopesNeverInherit (0.01s)
2026-10-09T23:36:56.6035000Z === RUN   TestDisposalScopeClearsTaints
2026-10-09T23:36:56.6035991Z time=2026-10-09T23:36:48.745Z level=INFO msg="scope disposed" scope=session-1 completed=1 failed=0 disposal_incomplete=false timed_out=false
2026-10-09T23:36:56.6036665Z --- PASS: TestDisposalScopeClearsTaints (0.02s)
2026-10-09T23:36:56.6037056Z === RUN   TestInspectUnknownScopeIsEmptyStore
2026-10-09T23:36:56.6037448Z --- PASS: TestInspectUnknownScopeIsEmptyStore (0.01s)
2026-10-09T23:36:56.6037864Z === RUN   TestNamedChannelParamEscape
2026-10-09T23:36:56.6038313Z === RUN   TestNamedChannelParamEscape/table_key_still_gets_its_contract_label
2026-10-09T23:36:56.6038803Z === RUN   TestNamedChannelParamEscape/renamed_query_key
2026-10-09T23:36:56.6039208Z === RUN   TestNamedChannelParamEscape/abbreviated_key
2026-10-09T23:36:56.6039697Z === RUN   TestNamedChannelParamEscape/harmless_table_key,_tainted_extra_key
2026-10-09T23:36:56.6040201Z === RUN   TestNamedChannelParamEscape/payload_under_another_name
2026-10-09T23:36:56.6040647Z === RUN   TestNamedChannelParamEscape/nested_object_payload
2026-10-09T23:36:56.6041060Z === RUN   TestNamedChannelParamEscape/array_payload
2026-10-09T23:36:56.6041481Z === RUN   TestNamedChannelParamEscape/[]string_payload
2026-10-09T23:36:56.6041857Z === RUN   TestNamedChannelParamEscape/byte_payload
2026-10-09T23:36:56.6042270Z === RUN   TestNamedChannelParamEscape/deep_map_under_an_unknown_key
2026-10-09T23:36:56.6042674Z --- PASS: TestNamedChannelParamEscape (0.00s)
2026-10-09T23:36:56.6043347Z     --- PASS: TestNamedChannelParamEscape/table_key_still_gets_its_contract_label (0.00s)
2026-10-09T23:36:56.6043929Z     --- PASS: TestNamedChannelParamEscape/renamed_query_key (0.00s)
2026-10-09T23:36:56.6044429Z     --- PASS: TestNamedChannelParamEscape/abbreviated_key (0.00s)
2026-10-09T23:36:56.6044989Z     --- PASS: TestNamedChannelParamEscape/harmless_table_key,_tainted_extra_key (0.00s)
2026-10-09T23:36:56.6045620Z     --- PASS: TestNamedChannelParamEscape/payload_under_another_name (0.00s)
2026-10-09T23:36:56.6046190Z     --- PASS: TestNamedChannelParamEscape/nested_object_payload (0.00s)
2026-10-09T23:36:56.6046710Z     --- PASS: TestNamedChannelParamEscape/array_payload (0.00s)
2026-10-09T23:36:56.6047207Z     --- PASS: TestNamedChannelParamEscape/[]string_payload (0.00s)
2026-10-09T23:36:56.6047921Z     --- PASS: TestNamedChannelParamEscape/byte_payload (0.00s)
2026-10-09T23:36:56.6048677Z     --- PASS: TestNamedChannelParamEscape/deep_map_under_an_unknown_key (0.00s)
2026-10-09T23:36:56.6049406Z === RUN   TestWriteGateNotSelectedByPayloadKey
2026-10-09T23:36:56.6049970Z --- PASS: TestWriteGateNotSelectedByPayloadKey (0.05s)
2026-10-09T23:36:56.6050626Z === RUN   TestWriteGatePlainLocalWriteNotFlagged
2026-10-09T23:36:56.6051294Z --- PASS: TestWriteGatePlainLocalWriteNotFlagged (0.02s)
2026-10-09T23:36:56.6052233Z === RUN   TestWriteGateEveryPathTargetJudged
2026-10-09T23:36:56.6052781Z === RUN   TestWriteGateEveryPathTargetJudged/decoy_path_+_real_dest
2026-10-09T23:36:56.6053265Z === RUN   TestWriteGateEveryPathTargetJudged/reversed_order
2026-10-09T23:36:56.6053750Z === RUN   TestWriteGateEveryPathTargetJudged/file+destination,_no_tool_name
2026-10-09T23:36:56.6054354Z === RUN   TestWriteGateEveryPathTargetJudged/three-way:_path+dest_non-sync,_file_in_sync_root
2026-10-09T23:36:56.6054883Z === RUN   TestWriteGateEveryPathTargetJudged/single_sync_dest_only
2026-10-09T23:36:56.6055772Z === RUN   TestWriteGateEveryPathTargetJudged/casing_decoy:_Path_hides_the_sync_target_from_an_exact-match_scan
2026-10-09T23:36:56.6056822Z === RUN   TestWriteGateEveryPathTargetJudged/path-shaped_key_with_no_checkable_value
2026-10-09T23:36:56.6057573Z --- PASS: TestWriteGateEveryPathTargetJudged (0.01s)
2026-10-09T23:36:56.6058253Z     --- PASS: TestWriteGateEveryPathTargetJudged/decoy_path_+_real_dest (0.00s)
2026-10-09T23:36:56.6058853Z     --- PASS: TestWriteGateEveryPathTargetJudged/reversed_order (0.00s)
2026-10-09T23:36:56.6059477Z     --- PASS: TestWriteGateEveryPathTargetJudged/file+destination,_no_tool_name (0.00s)
2026-10-09T23:36:56.6060245Z     --- PASS: TestWriteGateEveryPathTargetJudged/three-way:_path+dest_non-sync,_file_in_sync_root (0.00s)
2026-10-09T23:36:56.6061315Z     --- PASS: TestWriteGateEveryPathTargetJudged/single_sync_dest_only (0.00s)
2026-10-09T23:36:56.6062423Z     --- PASS: TestWriteGateEveryPathTargetJudged/casing_decoy:_Path_hides_the_sync_target_from_an_exact-match_scan (0.00s)
2026-10-09T23:36:56.6063224Z     --- PASS: TestWriteGateEveryPathTargetJudged/path-shaped_key_with_no_checkable_value (0.00s)
2026-10-09T23:36:56.6063805Z === RUN   TestWriteGateAllPathsNonSyncStaysExempt
2026-10-09T23:36:56.6064228Z --- PASS: TestWriteGateAllPathsNonSyncStaysExempt (0.03s)
2026-10-09T23:36:56.6064809Z === RUN   TestDeepNestingFailsClosedNotSilent
2026-10-09T23:36:56.6065316Z --- PASS: TestDeepNestingFailsClosedNotSilent (0.00s)
2026-10-09T23:36:56.6065750Z === RUN   TestNormalizationEndToEnd
2026-10-09T23:36:56.6066122Z === RUN   TestNormalizationEndToEnd/zero-width_split
2026-10-09T23:36:56.6066517Z === RUN   TestNormalizationEndToEnd/soft-hyphen
2026-10-09T23:36:56.6066912Z === RUN   TestNormalizationEndToEnd/bom/word-joiner
2026-10-09T23:36:56.6067339Z === RUN   TestNormalizationEndToEnd/combining_mark
2026-10-09T23:36:56.6067982Z === RUN   TestNormalizationEndToEnd/lowercase
2026-10-09T23:36:56.6068389Z === RUN   TestNormalizationEndToEnd/whitespace_split
2026-10-09T23:36:56.6068782Z === RUN   TestNormalizationEndToEnd/full-width
2026-10-09T23:36:56.6069166Z --- PASS: TestNormalizationEndToEnd (0.00s)
2026-10-09T23:36:56.6069815Z     --- PASS: TestNormalizationEndToEnd/zero-width_split (0.00s)
2026-10-09T23:36:56.6070309Z     --- PASS: TestNormalizationEndToEnd/soft-hyphen (0.00s)
2026-10-09T23:36:56.6070973Z     --- PASS: TestNormalizationEndToEnd/bom/word-joiner (0.00s)
2026-10-09T23:36:56.6071495Z     --- PASS: TestNormalizationEndToEnd/combining_mark (0.00s)
2026-10-09T23:36:56.6071965Z     --- PASS: TestNormalizationEndToEnd/lowercase (0.00s)
2026-10-09T23:36:56.6072443Z     --- PASS: TestNormalizationEndToEnd/whitespace_split (0.00s)
2026-10-09T23:36:56.6072922Z     --- PASS: TestNormalizationEndToEnd/full-width (0.00s)
2026-10-09T23:36:56.6073379Z === RUN   TestFragmentThresholdClampedToContractFloor
2026-10-09T23:36:56.6073825Z --- PASS: TestFragmentThresholdClampedToContractFloor (0.00s)
2026-10-09T23:36:56.6074253Z === RUN   TestFragmentThresholdStricterAllowed
2026-10-09T23:36:56.6074653Z --- PASS: TestFragmentThresholdStricterAllowed (0.00s)
2026-10-09T23:36:56.6075033Z === RUN   TestResidualLimitsAreLoggedNotSilent
2026-10-09T23:36:56.6075365Z --- PASS: TestResidualLimitsAreLoggedNotSilent (0.00s)
2026-10-09T23:36:56.6076006Z === RUN   TestConcurrentMarkInspect
2026-10-09T23:36:56.6076306Z --- PASS: TestConcurrentMarkInspect (0.01s)
2026-10-09T23:36:56.6076589Z === RUN   TestLLMParaphraseResidual
2026-10-09T23:36:56.6076857Z --- PASS: TestLLMParaphraseResidual (0.00s)
2026-10-09T23:36:56.6077189Z === RUN   TestScopeCloseRefusesAnotherOwnersRegistration
2026-10-09T23:36:56.6077593Z --- PASS: TestScopeCloseRefusesAnotherOwnersRegistration (0.01s)
2026-10-09T23:36:56.6078029Z === RUN   TestScopeCloseRefusedOnEmptyRegistrationIsStillVisible
2026-10-09T23:36:56.6078488Z --- PASS: TestScopeCloseRefusedOnEmptyRegistrationIsStillVisible (0.00s)
2026-10-09T23:36:56.6078875Z === RUN   TestScopeCloseIsIdempotent
2026-10-09T23:36:56.6079167Z --- PASS: TestScopeCloseIsIdempotent (0.00s)
2026-10-09T23:36:56.6079485Z === RUN   TestScopeIDGrantsNoPower
2026-10-09T23:36:56.6080034Z --- PASS: TestScopeIDGrantsNoPower (0.01s)
2026-10-09T23:36:56.6080413Z === RUN   TestRuleDeclaredR1
2026-10-09T23:36:56.6080747Z --- PASS: TestRuleDeclaredR1 (0.00s)
2026-10-09T23:36:56.6081116Z === RUN   TestRulePathAllowlistR2
2026-10-09T23:36:56.6081500Z --- PASS: TestRulePathAllowlistR2 (0.00s)
2026-10-09T23:36:56.6081950Z === RUN   TestRuleSensitivePathR3
2026-10-09T23:36:56.6082333Z --- PASS: TestRuleSensitivePathR3 (0.00s)
2026-10-09T23:36:56.6082718Z === RUN   TestRuleTaintR4
2026-10-09T23:36:56.6083027Z --- PASS: TestRuleTaintR4 (0.00s)
2026-10-09T23:36:56.6083380Z === RUN   TestRuleNetworkR5
2026-10-09T23:36:56.6083701Z --- PASS: TestRuleNetworkR5 (0.00s)
2026-10-09T23:36:56.6084029Z === RUN   TestRuleShellR6
2026-10-09T23:36:56.6084345Z --- PASS: TestRuleShellR6 (0.00s)
2026-10-09T23:36:56.6084711Z === RUN   TestRuleBatchScaleR7
2026-10-09T23:36:56.6085067Z --- PASS: TestRuleBatchScaleR7 (0.00s)
2026-10-09T23:36:56.6085448Z === RUN   TestRuleIrreversibleR8
2026-10-09T23:36:56.6085822Z --- PASS: TestRuleIrreversibleR8 (0.00s)
2026-10-09T23:36:56.6086266Z === RUN   TestShapeAHostReReadOfDeclaredPathIsClean
2026-10-09T23:36:56.6086821Z --- PASS: TestShapeAHostReReadOfDeclaredPathIsClean (0.00s)
2026-10-09T23:36:56.6087394Z === RUN   TestShapeAW1RestOfHostMarkStillIndexed
2026-10-09T23:36:56.6087931Z --- PASS: TestShapeAW1RestOfHostMarkStillIndexed (0.00s)
2026-10-09T23:36:56.6088516Z === RUN   TestShapeAW2ForeignMarkCarryingSamePathStillHits
2026-10-09T23:36:56.6089168Z --- PASS: TestShapeAW2ForeignMarkCarryingSamePathStillHits (0.00s)
2026-10-09T23:36:56.6089821Z === RUN   TestShapeAW3NeverMintedSiblingUnderSameDirStillHits
2026-10-09T23:36:56.6090518Z --- PASS: TestShapeAW3NeverMintedSiblingUnderSameDirStillHits (0.00s)
2026-10-09T23:36:56.6091206Z === RUN   TestShapeAW4PositionalExclusionNeverLeavesHostMark
2026-10-09T23:36:56.6091878Z --- PASS: TestShapeAW4PositionalExclusionNeverLeavesHostMark (0.00s)
2026-10-09T23:36:56.6092516Z === RUN   TestShapeAFExclusionDiesWithScopeClose
2026-10-09T23:36:56.6093314Z --- PASS: TestShapeAFExclusionDiesWithScopeClose (0.01s)
2026-10-09T23:36:56.6093822Z === RUN   TestShapeAW5EmptyCheckPrecedesExclusion
2026-10-09T23:36:56.6094274Z --- PASS: TestShapeAW5EmptyCheckPrecedesExclusion (0.02s)
2026-10-09T23:36:56.6094681Z === RUN   TestShapeAOrderOneSpanLocatedAfterNormalization
2026-10-09T23:36:56.6095104Z --- PASS: TestShapeAOrderOneSpanLocatedAfterNormalization (0.00s)
2026-10-09T23:36:56.6095563Z === RUN   TestSyncAncestorActableLegFailsClosedOnMovedAncestor116
2026-10-09T23:36:56.6096927Z     syncdirs_ancestor_actable_leg_116_test.go:218: raw="C:\\Users\\RUNNER~1\\AppData\\Local\\Temp\\TestSyncAncestorActableLegFailsClosedOnMovedAncestor1161600169466\\001\\%WISP116ANC\\\\B%\\new.md"
2026-10-09T23:36:56.6098342Z          anc="C:\\Users\\RUNNER~1\\AppData\\Local\\Temp\\TestSyncAncestorActableLegFailsClosedOnMovedAncestor1161600169466\\001\\%WISP116ANC\\B%"
2026-10-09T23:36:56.6099938Z          moved="C:\\Users\\RUNNER~1\\AppData\\Local\\Temp\\TestSyncAncestorActableLegFailsClosedOnMovedAncestor1161600169466\\wisp116-escape"
2026-10-09T23:36:56.6104701Z         verdict: Sync=true Root={Provider:sync-suspect Path: Source:suspect-fallback} Why="write target spelling could not be anchored on a C26-verifiable ancestor (8.3/\\\\?\\/missing chain); fail-closed as sync-suspect: risk: expansion moved this path onto a tree the caller did not name: C:\\Users\\RUNNER~1\\AppData\\Local\\Temp\\TestSyncAncestorActableLegFailsClosedOnMovedAncestor1161600169466\\001\\%WISP116ANC\\B% expands to C:\\Users\\runneradmin\\AppData\\Local\\Temp\\TestSyncAncestorActableLegFailsClosedOnMovedAncestor1161600169466\\wisp116-escape (env); act on the expanded tree only if you asked for it by name"
2026-10-09T23:36:56.6107921Z --- PASS: TestSyncAncestorActableLegFailsClosedOnMovedAncestor116 (0.01s)
2026-10-09T23:36:56.6108679Z === RUN   TestSyncFirstActableLegStillRefusesEnvRewriteAtVerdict116
2026-10-09T23:36:56.6109474Z --- PASS: TestSyncFirstActableLegStillRefusesEnvRewriteAtVerdict116 (0.00s)
2026-10-09T23:36:56.6110550Z === RUN   TestSyncFirstActableLegStillRefusesHomeRewriteAtVerdict116
2026-10-09T23:36:56.6111353Z --- PASS: TestSyncFirstActableLegStillRefusesHomeRewriteAtVerdict116 (0.00s)
2026-10-09T23:36:56.6112133Z === RUN   TestSyncAncestorLegStillMatchesPlainSameTreeWrite116
2026-10-09T23:36:56.6112880Z --- PASS: TestSyncAncestorLegStillMatchesPlainSameTreeWrite116 (0.00s)
2026-10-09T23:36:56.6113594Z === RUN   TestSyncAncestorLegReResolvesThroughJunctionToRealTree
2026-10-09T23:36:56.6114330Z --- PASS: TestSyncAncestorLegReResolvesThroughJunctionToRealTree (0.09s)
2026-10-09T23:36:56.6115010Z === RUN   TestSyncAncestorLegNotExemptedStaysFailClosed
2026-10-09T23:36:56.6115641Z --- PASS: TestSyncAncestorLegNotExemptedStaysFailClosed (0.03s)
2026-10-09T23:36:56.6116649Z === RUN   TestSyncRedTeamNewFileSpellingsDeniedAndLandNoBytes
2026-10-09T23:36:56.6118093Z     syncdirs_redteam_windows_test.go:85: sync root long  = C:\Users\RUNNER~1\AppData\Local\Temp\TestSyncRedTeamNewFileSpellingsDeniedAndLandNoBytes1699465748\001\profile\OneDrive Copilot Sync
2026-10-09T23:36:56.6119748Z     syncdirs_redteam_windows_test.go:86: sync root 8.3   = C:\Users\RUNNER~1\AppData\Local\Temp\TESTSY~1\001\profile\ONEDRI~1
2026-10-09T23:36:56.6120733Z === RUN   TestSyncRedTeamNewFileSpellingsDeniedAndLandNoBytes/plain_long_spelling
2026-10-09T23:36:56.6121673Z === RUN   TestSyncRedTeamNewFileSpellingsDeniedAndLandNoBytes/extended-length_\\?\_spelling
2026-10-09T23:36:56.6122634Z === RUN   TestSyncRedTeamNewFileSpellingsDeniedAndLandNoBytes/OS_8.3_short-name_spelling
2026-10-09T23:36:56.6123545Z === RUN   TestSyncRedTeamNewFileSpellingsDeniedAndLandNoBytes/8.3_+_\\?\_combined
2026-10-09T23:36:56.6124326Z --- PASS: TestSyncRedTeamNewFileSpellingsDeniedAndLandNoBytes (0.01s)
2026-10-09T23:36:56.6125222Z     --- PASS: TestSyncRedTeamNewFileSpellingsDeniedAndLandNoBytes/plain_long_spelling (0.00s)
2026-10-09T23:36:56.6126552Z     --- PASS: TestSyncRedTeamNewFileSpellingsDeniedAndLandNoBytes/extended-length_\\?\_spelling (0.00s)
2026-10-09T23:36:56.6127726Z     --- PASS: TestSyncRedTeamNewFileSpellingsDeniedAndLandNoBytes/OS_8.3_short-name_spelling (0.00s)
2026-10-09T23:36:56.6128803Z     --- PASS: TestSyncRedTeamNewFileSpellingsDeniedAndLandNoBytes/8.3_+_\\?\_combined (0.00s)
2026-10-09T23:36:56.6129542Z === RUN   TestSyncRedTeamGuardPlainNewFileWriteAllowed
2026-10-09T23:36:56.6130493Z     syncdirs_redteam_windows_test.go:152: non-sync dir 8.3 = C:\Users\RUNNER~1\AppData\Local\Temp\TESTSY~1\001\profile\work
2026-10-09T23:36:56.6131350Z --- PASS: TestSyncRedTeamGuardPlainNewFileWriteAllowed (0.01s)
2026-10-09T23:36:56.6131926Z === RUN   TestSyncRedTeamUnverifiableChainFailClosed
2026-10-09T23:36:56.6132514Z --- PASS: TestSyncRedTeamUnverifiableChainFailClosed (1.28s)
2026-10-09T23:36:56.6133058Z === RUN   TestSyncRedTeamRealOneDrive
2026-10-09T23:36:56.6133795Z     syncdirs_redteam_windows_test.go:220: no live sync root on this machine (detected roots: [])
2026-10-09T23:36:56.6134515Z --- SKIP: TestSyncRedTeamRealOneDrive (0.00s)
2026-10-09T23:36:56.6134695Z === RUN   TestSyncDefaultLocationProbe
2026-10-09T23:36:56.6134887Z --- PASS: TestSyncDefaultLocationProbe (0.00s)
2026-10-09T23:36:56.6135063Z === RUN   TestSyncDropboxHostDBConfig
2026-10-09T23:36:56.6135260Z --- PASS: TestSyncDropboxHostDBConfig (0.00s)
2026-10-09T23:36:56.6135418Z === RUN   TestSyncFixtureFallbackAndMatch
2026-10-09T23:36:56.6135746Z     syncdirs_test.go:162: write under fixture root must be sync
2026-10-09T23:36:56.6135959Z --- FAIL: TestSyncFixtureFallbackAndMatch (0.01s)
2026-10-09T23:36:56.6136544Z === RUN   TestSyncFallbackNotDisarmableByWeakRoot
2026-10-09T23:36:56.6137028Z     syncdirs_test.go:213: source "default": under-profile fallback must stay armed
2026-10-09T23:36:56.6137451Z     syncdirs_test.go:213: source "fixture": under-profile fallback must stay armed
2026-10-09T23:36:56.6137828Z     syncdirs_test.go:213: source "options": under-profile fallback must stay armed
2026-10-09T23:36:56.6138486Z     syncdirs_test.go:213: source "": under-profile fallback must stay armed
2026-10-09T23:36:56.6138775Z --- FAIL: TestSyncFallbackNotDisarmableByWeakRoot (0.01s)
2026-10-09T23:36:56.6138975Z === RUN   TestSyncUnverifiedRootKeepsFallback
2026-10-09T23:36:56.6139262Z     syncdirs_test.go:233: suspect fallback must stay armed
2026-10-09T23:36:56.6139478Z --- FAIL: TestSyncUnverifiedRootKeepsFallback (0.00s)
2026-10-09T23:36:56.6139626Z === RUN   TestSyncEnvConfiguredRoots
2026-10-09T23:36:56.6139831Z --- PASS: TestSyncEnvConfiguredRoots (0.00s)
2026-10-09T23:36:56.6139986Z === RUN   TestSyncRegistryProbeTable
2026-10-09T23:36:56.6140245Z === RUN   TestSyncRegistryProbeTable/empty_hive_yields_nothing
2026-10-09T23:36:56.6140592Z === RUN   TestSyncRegistryProbeTable/personal_+_business_accounts,_decoys_ignored
2026-10-09T23:36:56.6140854Z === RUN   TestSyncRegistryProbeTable/duplicate_accounts_dedupe
2026-10-09T23:36:56.6141117Z === RUN   TestSyncRegistryProbeTable/dropbox_installer_path
2026-10-09T23:36:56.6141338Z --- PASS: TestSyncRegistryProbeTable (0.00s)
2026-10-09T23:36:56.6141733Z     --- PASS: TestSyncRegistryProbeTable/empty_hive_yields_nothing (0.00s)
2026-10-09T23:36:56.6142274Z     --- PASS: TestSyncRegistryProbeTable/personal_+_business_accounts,_decoys_ignored (0.00s)
2026-10-09T23:36:56.6142678Z     --- PASS: TestSyncRegistryProbeTable/duplicate_accounts_dedupe (0.00s)
2026-10-09T23:36:56.6143055Z     --- PASS: TestSyncRegistryProbeTable/dropbox_installer_path (0.00s)
2026-10-09T23:36:56.6143294Z === RUN   TestSyncSuspectFallbackIsComponentBounded
2026-10-09T23:36:56.6143560Z     syncdirs_test.go:355: under-profile must be suspect
2026-10-09T23:36:56.6143807Z --- FAIL: TestSyncSuspectFallbackIsComponentBounded (0.00s)
2026-10-09T23:36:56.6144031Z === RUN   TestSyncNormalNewFileWriteNotFlagged
2026-10-09T23:36:56.6144284Z --- PASS: TestSyncNormalNewFileWriteNotFlagged (0.01s)
2026-10-09T23:36:56.6144508Z === RUN   TestSyncSuspectFallbackWhenUndetectable
2026-10-09T23:36:56.6145557Z     syncdirs_test.go:402: under-profile path must be sync-suspect, got {Sync:false Root:{Provider: Path: Source:} Why:write target is not under any sync root}
2026-10-09T23:36:56.6145826Z --- FAIL: TestSyncSuspectFallbackWhenUndetectable (0.00s)
2026-10-09T23:36:56.6145987Z === RUN   TestSyncUnresolvablePathFailClosed
2026-10-09T23:36:56.6146195Z --- PASS: TestSyncUnresolvablePathFailClosed (0.11s)
2026-10-09T23:36:56.6146350Z === RUN   TestSyncDotDotTailFailsClosed
2026-10-09T23:36:56.6146547Z --- PASS: TestSyncDotDotTailFailsClosed (0.16s)
2026-10-09T23:36:56.6146723Z === RUN   TestSyncRootsIntrospection
2026-10-09T23:36:56.6146892Z --- PASS: TestSyncRootsIntrospection (0.03s)
2026-10-09T23:36:56.6147070Z === RUN   TestSyncDetectionOnThisMachine
2026-10-09T23:36:56.6147784Z     syncdirs_test.go:494: P12 evidence: no sync location detected on this machine -> under-profile allowed dirs fall back to sync-suspect
2026-10-09T23:36:56.6147987Z --- PASS: TestSyncDetectionOnThisMachine (0.00s)
2026-10-09T23:36:56.6148231Z === RUN   TestSyncConfirmedGradesDisarmFallbackWindows
2026-10-09T23:36:56.6148521Z --- PASS: TestSyncConfirmedGradesDisarmFallbackWindows (0.01s)
2026-10-09T23:36:56.6148746Z === RUN   TestWriteGatePlainTargetInsideProfileWindows
2026-10-09T23:36:56.6149030Z --- PASS: TestWriteGatePlainTargetInsideProfileWindows (0.00s)
2026-10-09T23:36:56.6149202Z === RUN   TestNormalizeTaintContractForm
2026-10-09T23:36:56.6149392Z --- PASS: TestNormalizeTaintContractForm (0.00s)
2026-10-09T23:36:56.6149569Z === RUN   TestFragmentMatchExactBoundary
2026-10-09T23:36:56.6149762Z --- PASS: TestFragmentMatchExactBoundary (0.00s)
2026-10-09T23:36:56.6149955Z === RUN   TestFragmentMatchAcrossTransforms
2026-10-09T23:36:56.6150173Z --- PASS: TestFragmentMatchAcrossTransforms (0.00s)
2026-10-09T23:36:56.6150310Z === RUN   TestFragmentMatchCJK
2026-10-09T23:36:56.6150486Z --- PASS: TestFragmentMatchCJK (0.00s)
2026-10-09T23:36:56.6150694Z === RUN   TestNormalizeTaintDropsIgnorableChars
2026-10-09T23:36:56.6151059Z === RUN   TestNormalizeTaintDropsIgnorableChars/zwsp
2026-10-09T23:36:56.6151306Z === RUN   TestNormalizeTaintDropsIgnorableChars/zwnj+zwj
2026-10-09T23:36:56.6151567Z === RUN   TestNormalizeTaintDropsIgnorableChars/soft_hyphen
2026-10-09T23:36:56.6151792Z === RUN   TestNormalizeTaintDropsIgnorableChars/word_joiner
2026-10-09T23:36:56.6151988Z === RUN   TestNormalizeTaintDropsIgnorableChars/bom
2026-10-09T23:36:56.6152240Z === RUN   TestNormalizeTaintDropsIgnorableChars/combining_marks
2026-10-09T23:36:56.6152558Z === RUN   TestNormalizeTaintDropsIgnorableChars/full-width_+_ignorable_mix
2026-10-09T23:36:56.6152776Z --- PASS: TestNormalizeTaintDropsIgnorableChars (0.00s)
2026-10-09T23:36:56.6153091Z     --- PASS: TestNormalizeTaintDropsIgnorableChars/zwsp (0.00s)
2026-10-09T23:36:56.6153426Z     --- PASS: TestNormalizeTaintDropsIgnorableChars/zwnj+zwj (0.00s)
2026-10-09T23:36:56.6153792Z     --- PASS: TestNormalizeTaintDropsIgnorableChars/soft_hyphen (0.00s)
2026-10-09T23:36:56.6155180Z     --- PASS: TestNormalizeTaintDropsIgnorableChars/word_joiner (0.00s)
2026-10-09T23:36:56.6155486Z     --- PASS: TestNormalizeTaintDropsIgnorableChars/bom (0.00s)
2026-10-09T23:36:56.6155766Z     --- PASS: TestNormalizeTaintDropsIgnorableChars/combining_marks (0.00s)
2026-10-09T23:36:56.6156065Z     --- PASS: TestNormalizeTaintDropsIgnorableChars/full-width_+_ignorable_mix (0.00s)
2026-10-09T23:36:56.6156233Z === RUN   TestFragmentIndexShortSourceNeverMatches
2026-10-09T23:36:56.6156429Z --- PASS: TestFragmentIndexShortSourceNeverMatches (0.00s)
2026-10-09T23:36:56.6156566Z === RUN   TestFragmentHashCollisionCannotFakeHit
2026-10-09T23:36:56.6156746Z --- PASS: TestFragmentHashCollisionCannotFakeHit (0.00s)
2026-10-09T23:36:56.6156839Z FAIL
2026-10-09T23:36:56.6157080Z FAIL	github.com/CarlosShao/wisp/internal/risk	8.546s
2026-10-09T23:36:56.6157248Z === RUN   TestDockGeometryShape
2026-10-09T23:36:56.6157426Z --- PASS: TestDockGeometryShape (0.00s)
2026-10-09T23:36:56.6157896Z === RUN   TestDockTangentMeansGapZero
2026-10-09T23:36:56.6158048Z --- PASS: TestDockTangentMeansGapZero (0.00s)
2026-10-09T23:36:56.6158216Z === RUN   TestDockPosKeepsTheOrbTangentAtEveryRampLevel
2026-10-09T23:36:56.6158426Z --- PASS: TestDockPosKeepsTheOrbTangentAtEveryRampLevel (0.00s)
2026-10-09T23:36:56.6158569Z === RUN   TestDockSquashIsMonotonicAndClamped
2026-10-09T23:36:56.6158718Z --- PASS: TestDockSquashIsMonotonicAndClamped (0.00s)
2026-10-09T23:36:56.6158849Z === RUN   TestDockProgressReadsThePush
2026-10-09T23:36:56.6158991Z --- PASS: TestDockProgressReadsThePush (0.00s)
2026-10-09T23:36:56.6159132Z === RUN   TestNearestDockEdgePicksTheEdgeYouPushed
2026-10-09T23:36:56.6159315Z --- PASS: TestNearestDockEdgePicksTheEdgeYouPushed (0.00s)
2026-10-09T23:36:56.6159441Z === RUN   TestDockedLeavesAHittableStrip
2026-10-09T23:36:56.6159573Z --- PASS: TestDockedLeavesAHittableStrip (0.00s)
2026-10-09T23:36:56.6159719Z === RUN   TestDockFreePosKeepsTheBallReachable
2026-10-09T23:36:56.6159895Z --- PASS: TestDockFreePosKeepsTheBallReachable (0.00s)
2026-10-09T23:36:56.6160116Z === RUN   TestDockOnSecondaryMonitorWithNegativeOrigin
2026-10-09T23:36:56.6160421Z --- PASS: TestDockOnSecondaryMonitorWithNegativeOrigin (0.00s)
2026-10-09T23:36:56.6160547Z === RUN   TestDockHoverPopBackWalksTheRampHome
2026-10-09T23:36:56.6160711Z --- PASS: TestDockHoverPopBackWalksTheRampHome (0.00s)
2026-10-09T23:36:56.6160831Z === RUN   TestDockRampWalksItsBudget
2026-10-09T23:36:56.6160953Z --- PASS: TestDockRampWalksItsBudget (0.00s)
2026-10-09T23:36:56.6161109Z === RUN   TestWindowlessSTAReachesTheBorrowWiring260r5
2026-10-09T23:36:56.6161769Z time=2026-10-09T23:36:42.383Z level=INFO msg="cancel hotkey left unbound while idle: the configured key is borrowed only during Confirming and handed back at session end (ticket 245)" hotkey=cancel binding=Ctrl+Alt+F9
2026-10-09T23:36:56.6162772Z     hotkey_borrow_refused_260r5_test.go:293: 260-r5 rig: IsWindow(0x1D0A5C)=0 uiRun-inline=true closure-entered=true sta.hwnd=0x0 door="260-r5 rig: this door creates no window and runs no pump" refusal="Invalid window handle."
2026-10-09T23:36:56.6163114Z --- PASS: TestWindowlessSTAReachesTheBorrowWiring260r5 (0.04s)
2026-10-09T23:36:56.6163265Z === RUN   TestRefusedBorrowIsNamedOnTheReport260r5
2026-10-09T23:36:56.6163852Z time=2026-10-09T23:36:42.426Z level=INFO msg="cancel hotkey left unbound while idle: the configured key is borrowed only during Confirming and handed back at session end (ticket 245)" hotkey=cancel binding=Ctrl+Alt+F9
2026-10-09T23:36:56.6165577Z     hotkey_borrow_refused_260r5_test.go:386: 260-r5 refused borrow: line={Name:cancel ID:3 Binding:Ctrl+Alt+F9 Status:registration failed Acc:{Mods:16387 VK:120} Err:Invalid window handle. Note:} problems=["hotkey cancel = \"Ctrl+Alt+F9\" was not registered: Invalid window handle."] logged="time=2026-10-09T23:36:42.428Z level=ERROR msg=\"cancel takeover refused by Win32; Confirming will have no cancel key\" hotkey=cancel binding=Ctrl+Alt+F9 err=\"Invalid window handle.\"\n"
2026-10-09T23:36:56.6165828Z --- PASS: TestRefusedBorrowIsNamedOnTheReport260r5 (0.01s)
2026-10-09T23:36:56.6166069Z === RUN   TestRefusedBorrowIsNotAStandingAnnouncement260r5
2026-10-09T23:36:56.6166889Z time=2026-10-09T23:36:42.441Z level=INFO msg="cancel hotkey left unbound while idle: the configured key is borrowed only during Confirming and handed back at session end (ticket 245)" hotkey=cancel binding=Ctrl+Alt+F9
2026-10-09T23:36:56.6167218Z --- PASS: TestRefusedBorrowIsNotAStandingAnnouncement260r5 (0.00s)
2026-10-09T23:36:56.6167415Z === RUN   TestBorrowDefaultIsBitIdentical260
2026-10-09T23:36:56.6168471Z time=2026-10-09T23:36:42.442Z level=INFO msg="cancel hotkey left unbound while idle: the configured key is borrowed only during Confirming and handed back at session end (ticket 245)" hotkey=cancel binding=Esc
2026-10-09T23:36:56.6169522Z time=2026-10-09T23:36:42.442Z level=INFO msg="cancel hotkey left unbound while idle: the configured key is borrowed only during Confirming and handed back at session end (ticket 245)" hotkey=cancel binding=Esc
2026-10-09T23:36:56.6170860Z time=2026-10-09T23:36:42.442Z level=INFO msg="cancel hotkey left unbound while idle: the configured key is borrowed only during Confirming and handed back at session end (ticket 245)" hotkey=cancel binding=Esc
2026-10-09T23:36:56.6171253Z --- PASS: TestBorrowDefaultIsBitIdentical260 (0.00s)
2026-10-09T23:36:56.6171493Z === RUN   TestBorrowFollowsConfiguredBinding260
2026-10-09T23:36:56.6172488Z time=2026-10-09T23:36:42.442Z level=INFO msg="cancel hotkey left unbound while idle: the configured key is borrowed only during Confirming and handed back at session end (ticket 245)" hotkey=cancel binding=Ctrl+Alt+K
2026-10-09T23:36:56.6173527Z time=2026-10-09T23:36:42.442Z level=INFO msg="cancel hotkey left unbound while idle: the configured key is borrowed only during Confirming and handed back at session end (ticket 245)" hotkey=cancel binding=Ctrl+Alt+Space
2026-10-09T23:36:56.6175060Z time=2026-10-09T23:36:42.442Z level=INFO msg="cancel hotkey left unbound while idle: the configured key is borrowed only during Confirming and handed back at session end (ticket 245)" hotkey=cancel binding=F9
2026-10-09T23:36:56.6175364Z --- PASS: TestBorrowFollowsConfiguredBinding260 (0.00s)
2026-10-09T23:36:56.6175520Z === RUN   TestBorrowUnparsableFallsBackLoudly260
2026-10-09T23:36:56.6176036Z time=2026-10-09T23:36:42.442Z level=ERROR msg="hotkey not attempted (bad binding)" hotkey=cancel binding=Ctrl+Alt+NotAKey+ err="unknown key \"NotAKey\" in hotkey \"Ctrl+Alt+NotAKey+\""
2026-10-09T23:36:56.6176601Z time=2026-10-09T23:36:42.442Z level=INFO msg="cancel hotkey left unbound while idle: the configured key is borrowed only during Confirming and handed back at session end (ticket 245)" hotkey=cancel binding=Esc
2026-10-09T23:36:56.6177104Z time=2026-10-09T23:36:42.442Z level=ERROR msg="hotkey not attempted (bad binding)" hotkey=cancel binding=Ctrl+Alt+NotAKey+ err="unknown key \"NotAKey\" in hotkey \"Ctrl+Alt+NotAKey+\""
2026-10-09T23:36:56.6177419Z --- PASS: TestBorrowUnparsableFallsBackLoudly260 (0.00s)
2026-10-09T23:36:56.6177622Z === RUN   TestBorrowReceiptSharesOneSourceWithRegistration260
2026-10-09T23:36:56.6177844Z --- PASS: TestBorrowReceiptSharesOneSourceWithRegistration260 (0.00s)
2026-10-09T23:36:56.6177978Z === RUN   TestBorrowFailureNamesTheKeyItTried260
2026-10-09T23:36:56.6178440Z time=2026-10-09T23:36:42.442Z level=ERROR msg="cancel takeover refused by Win32; Confirming will have no cancel key" hotkey=cancel binding=Ctrl+Alt+K err="invalid argument"
2026-10-09T23:36:56.6179021Z time=2026-10-09T23:36:42.442Z level=INFO msg="cancel hotkey left unbound while idle: the configured key is borrowed only during Confirming and handed back at session end (ticket 245)" hotkey=cancel binding=Ctrl+Alt+K
2026-10-09T23:36:56.6179178Z --- PASS: TestBorrowFailureNamesTheKeyItTried260 (0.00s)
2026-10-09T23:36:56.6179357Z === RUN   TestConfiguredCancelStillNeverBoundWhileIdle260
2026-10-09T23:36:56.6179947Z time=2026-10-09T23:36:42.442Z level=INFO msg="cancel hotkey left unbound while idle: the configured key is borrowed only during Confirming and handed back at session end (ticket 245)" hotkey=cancel binding=Ctrl+Alt+K
2026-10-09T23:36:56.6180141Z --- PASS: TestConfiguredCancelStillNeverBoundWhileIdle260 (0.00s)
2026-10-09T23:36:56.6180317Z === RUN   TestLiveBorrowHelperPremiseIsConfigDependent260
2026-10-09T23:36:56.6181865Z     hotkey_cancel_borrow_260_test.go:347: named conflict for the orchestrator: hotkey_live_test.go:107 reads rep.Live()[hkCancel].VK == vkEscape for a ball booted with liveHotkeys().Cancel = "Ctrl+Alt+V"; under 形ⓐ that slot holds VK 0x56, so the helper's bare-Esc premise is now config-dependent (winlive tier not run this round)
2026-10-09T23:36:56.6182062Z --- PASS: TestLiveBorrowHelperPremiseIsConfigDependent260 (0.00s)
2026-10-09T23:36:56.6182194Z === RUN   TestBorrowWishFollowsSeed260r2
2026-10-09T23:36:56.6182343Z --- PASS: TestBorrowWishFollowsSeed260r2 (0.00s)
2026-10-09T23:36:56.6183284Z === RUN   TestBorrowWishDefaultCellIsBitIdentical260r2
2026-10-09T23:36:56.6183493Z --- PASS: TestBorrowWishDefaultCellIsBitIdentical260r2 (0.00s)
2026-10-09T23:36:56.6183655Z === RUN   TestBorrowWishRefusedSeedIsNotSilent260r2
2026-10-09T23:36:56.6183822Z --- PASS: TestBorrowWishRefusedSeedIsNotSilent260r2 (0.00s)
2026-10-09T23:36:56.6183941Z === RUN   TestRegisterAllLiveSet
2026-10-09T23:36:56.6184523Z time=2026-10-09T23:36:42.443Z level=INFO msg="cancel hotkey left unbound while idle: the configured key is borrowed only during Confirming and handed back at session end (ticket 245)" hotkey=cancel binding=Esc
2026-10-09T23:36:56.6184639Z --- PASS: TestRegisterAllLiveSet (0.00s)
2026-10-09T23:36:56.6184784Z === RUN   TestDefaultHotkeysIdlePassHoldsNoEsc
2026-10-09T23:36:56.6185356Z time=2026-10-09T23:36:42.443Z level=INFO msg="cancel hotkey left unbound while idle: the configured key is borrowed only during Confirming and handed back at session end (ticket 245)" hotkey=cancel binding=Esc
2026-10-09T23:36:56.6185511Z --- PASS: TestDefaultHotkeysIdlePassHoldsNoEsc (0.00s)
2026-10-09T23:36:56.6185635Z === RUN   TestCancelBorrowRoundTrip
2026-10-09T23:36:56.6186202Z time=2026-10-09T23:36:42.443Z level=INFO msg="cancel hotkey left unbound while idle: the configured key is borrowed only during Confirming and handed back at session end (ticket 245)" hotkey=cancel binding=Esc
2026-10-09T23:36:56.6186756Z time=2026-10-09T23:36:42.443Z level=INFO msg="cancel hotkey left unbound while idle: the configured key is borrowed only during Confirming and handed back at session end (ticket 245)" hotkey=cancel binding=Esc
2026-10-09T23:36:56.6187255Z time=2026-10-09T23:36:42.443Z level=ERROR msg="cancel takeover refused by Win32; Confirming will have no cancel key" hotkey=cancel binding=Esc err="Hot key is already registered."
2026-10-09T23:36:56.6187388Z --- PASS: TestCancelBorrowRoundTrip (0.00s)
2026-10-09T23:36:56.6187521Z === RUN   TestCancelBorrowFailureIsAProblemLine
2026-10-09T23:36:56.6187971Z time=2026-10-09T23:36:42.443Z level=ERROR msg="cancel takeover refused by Win32; Confirming will have no cancel key" hotkey=cancel binding=Esc err="invalid argument"
2026-10-09T23:36:56.6188629Z time=2026-10-09T23:36:42.443Z level=INFO msg="cancel hotkey left unbound while idle: the configured key is borrowed only during Confirming and handed back at session end (ticket 245)" hotkey=cancel binding=Esc
2026-10-09T23:36:56.6188798Z --- PASS: TestCancelBorrowFailureIsAProblemLine (0.00s)
2026-10-09T23:36:56.6188928Z === RUN   TestStandbyIsNotDisabledAndNotAProblem
2026-10-09T23:36:56.6189488Z time=2026-10-09T23:36:42.443Z level=INFO msg="cancel hotkey left unbound while idle: the configured key is borrowed only during Confirming and handed back at session end (ticket 245)" hotkey=cancel binding=Esc
2026-10-09T23:36:56.6189735Z time=2026-10-09T23:36:42.443Z level=INFO msg="hotkey disabled (unset in config)" hotkey=mute
2026-10-09T23:36:56.6189972Z time=2026-10-09T23:36:42.443Z level=INFO msg="hotkey disabled (unset in config)" hotkey=cancel
2026-10-09T23:36:56.6190216Z time=2026-10-09T23:36:42.443Z level=INFO msg="hotkey disabled (unset in config)" hotkey=panel
2026-10-09T23:36:56.6190446Z time=2026-10-09T23:36:42.443Z level=INFO msg="hotkey disabled (unset in config)" hotkey=mute
2026-10-09T23:36:56.6190938Z time=2026-10-09T23:36:42.443Z level=ERROR msg="hotkey not attempted (bad binding)" hotkey=cancel binding=Ctrl+Alt+NotAKey+ err="unknown key \"NotAKey\" in hotkey \"Ctrl+Alt+NotAKey+\""
2026-10-09T23:36:56.6191171Z time=2026-10-09T23:36:42.443Z level=INFO msg="hotkey disabled (unset in config)" hotkey=panel
2026-10-09T23:36:56.6191345Z --- PASS: TestStandbyIsNotDisabledAndNotAProblem (0.00s)
2026-10-09T23:36:56.6191470Z === RUN   TestRegisterAllSplitsFailureFamilies
2026-10-09T23:36:56.6191922Z time=2026-10-09T23:36:42.443Z level=ERROR msg="hotkey occupied by another program, not registered" hotkey=mute binding=Ctrl+Alt+M err="Hot key is already registered."
2026-10-09T23:36:56.6192566Z time=2026-10-09T23:36:42.443Z level=INFO msg="cancel hotkey left unbound while idle: the configured key is borrowed only during Confirming and handed back at session end (ticket 245)" hotkey=cancel binding=Esc
2026-10-09T23:36:56.6193040Z time=2026-10-09T23:36:42.443Z level=ERROR msg="hotkey not attempted (bad binding)" hotkey=panel binding=Ctrl+Alt+Bogus+ err="unknown key \"Bogus\" in hotkey \"Ctrl+Alt+Bogus+\""
2026-10-09T23:36:56.6193269Z time=2026-10-09T23:36:42.443Z level=INFO msg="hotkey disabled (unset in config)" hotkey=mute
2026-10-09T23:36:56.6193587Z time=2026-10-09T23:36:42.443Z level=INFO msg="hotkey disabled (unset in config)" hotkey=cancel
2026-10-09T23:36:56.6193917Z time=2026-10-09T23:36:42.443Z level=INFO msg="hotkey disabled (unset in config)" hotkey=panel
2026-10-09T23:36:56.6194089Z --- PASS: TestRegisterAllSplitsFailureFamilies (0.00s)
2026-10-09T23:36:56.6194223Z === RUN   TestUnregisterAllDropsKnownSlots
2026-10-09T23:36:56.6194361Z --- PASS: TestUnregisterAllDropsKnownSlots (0.00s)
2026-10-09T23:36:56.6194683Z === RUN   TestHotkeyStatusString
2026-10-09T23:36:56.6194824Z --- PASS: TestHotkeyStatusString (0.00s)
2026-10-09T23:36:56.6194959Z === RUN   TestHotkeyReloaderRebindsOnConfigChange
2026-10-09T23:36:56.6195521Z time=2026-10-09T23:36:42.444Z level=INFO msg="cancel hotkey left unbound while idle: the configured key is borrowed only during Confirming and handed back at session end (ticket 245)" hotkey=cancel binding=Esc
2026-10-09T23:36:56.6196020Z time=2026-10-09T23:36:42.444Z level=INFO msg="ball: hotkeys rebound after config change" summon=Ctrl+Alt+R mute=Ctrl+Alt+M cancel=Esc panel=Ctrl+Alt+P live=3
2026-10-09T23:36:56.6196839Z time=2026-10-09T23:36:42.444Z level=INFO msg="cancel hotkey left unbound while idle: the configured key is borrowed only during Confirming and handed back at session end (ticket 245)" hotkey=cancel binding=Esc
2026-10-09T23:36:56.6197281Z time=2026-10-09T23:36:42.444Z level=INFO msg="ball: hotkeys rebound after config change" summon=Ctrl+Alt+Q mute=Ctrl+Alt+M cancel=Esc panel=Ctrl+Alt+P live=3
2026-10-09T23:36:56.6197565Z --- PASS: TestHotkeyReloaderRebindsOnConfigChange (0.00s)
2026-10-09T23:36:56.6197819Z === RUN   TestHotkeyReloaderSectionsHookIgnoresOtherSections
2026-10-09T23:36:56.6198564Z time=2026-10-09T23:36:42.444Z level=INFO msg="cancel hotkey left unbound while idle: the configured key is borrowed only during Confirming and handed back at session end (ticket 245)" hotkey=cancel binding=Esc
2026-10-09T23:36:56.6199079Z time=2026-10-09T23:36:42.444Z level=INFO msg="ball: hotkeys rebound after config change" summon=Ctrl+Alt+Q mute=Ctrl+Alt+M cancel=Esc panel=Ctrl+Alt+J live=3
2026-10-09T23:36:56.6199295Z --- PASS: TestHotkeyReloaderSectionsHookIgnoresOtherSections (0.00s)
2026-10-09T23:36:56.6199418Z === RUN   TestApplyHotkeyDefaults
2026-10-09T23:36:56.6199601Z --- PASS: TestApplyHotkeyDefaults (0.00s)
2026-10-09T23:36:56.6199759Z === RUN   TestParseAccelerator
2026-10-09T23:36:56.6200023Z --- PASS: TestParseAccelerator (0.00s)
2026-10-09T23:36:56.6200151Z === RUN   TestDefaultHotkeys
2026-10-09T23:36:56.6200257Z --- PASS: TestDefaultHotkeys (0.00s)
2026-10-09T23:36:56.6200401Z === RUN   TestLiquidRotationIsMonotonicInLevel
2026-10-09T23:36:56.6200547Z --- PASS: TestLiquidRotationIsMonotonicInLevel (0.00s)
2026-10-09T23:36:56.6200711Z === RUN   TestLiquidConvergesAndBorderFadesInOnSilence
2026-10-09T23:36:56.6200902Z --- PASS: TestLiquidConvergesAndBorderFadesInOnSilence (0.00s)
2026-10-09T23:36:56.6201021Z === RUN   TestSummonBurstIsBoundedAndRetires
2026-10-09T23:36:56.6201177Z --- PASS: TestSummonBurstIsBoundedAndRetires (0.00s)
2026-10-09T23:36:56.6201386Z === RUN   TestMotionOnlyAppliesInPrototypeMode
2026-10-09T23:36:56.6201602Z --- PASS: TestMotionOnlyAppliesInPrototypeMode (0.00s)
2026-10-09T23:36:56.6201880Z === RUN   TestBorderIsNeverAppliedInOneFrame
2026-10-09T23:36:56.6202037Z --- PASS: TestBorderIsNeverAppliedInOneFrame (0.00s)
2026-10-09T23:36:56.6202163Z === RUN   TestBorderGlidesInAfterTheSessionEnds
2026-10-09T23:36:56.6202623Z --- PASS: TestBorderGlidesInAfterTheSessionEnds (0.00s)
2026-10-09T23:36:56.6202769Z === RUN   TestSpeakingGlidesTheBorderBackOut
2026-10-09T23:36:56.6202908Z --- PASS: TestSpeakingGlidesTheBorderBackOut (0.00s)
2026-10-09T23:36:56.6203063Z === RUN   TestTransitionTimerSetIsTheFrozenTimerSet
2026-10-09T23:36:56.6203233Z --- PASS: TestTransitionTimerSetIsTheFrozenTimerSet (0.00s)
2026-10-09T23:36:56.6203389Z === RUN   TestSleepingFrameLosesTheBorderAuthority
2026-10-09T23:36:56.6203575Z --- PASS: TestSleepingFrameLosesTheBorderAuthority (0.00s)
2026-10-09T23:36:56.6203680Z === RUN   TestLiquidDrivenStateSet
2026-10-09T23:36:56.6203817Z --- PASS: TestLiquidDrivenStateSet (0.00s)
2026-10-09T23:36:56.6203946Z === RUN   TestPushLevelIsInputHardened
2026-10-09T23:36:56.6204073Z --- PASS: TestPushLevelIsInputHardened (0.00s)
2026-10-09T23:36:56.6204223Z === RUN   TestRepaintIsSkippedWhenNothingChanged
2026-10-09T23:36:56.6204393Z --- PASS: TestRepaintIsSkippedWhenNothingChanged (0.00s)
2026-10-09T23:36:56.6204552Z === RUN   TestPositionStoreRoundTrip
2026-10-09T23:36:56.6204751Z --- PASS: TestPositionStoreRoundTrip (0.27s)
2026-10-09T23:36:56.6204898Z === RUN   TestResolvePosition
2026-10-09T23:36:56.6205070Z === RUN   TestResolvePosition/saved_visible_on_its_monitor:_kept
2026-10-09T23:36:56.6205275Z === RUN   TestResolvePosition/saved_partially_off_right_edge:_clamped
2026-10-09T23:36:56.6205466Z === RUN   TestResolvePosition/saved_monitor_detached:_primary_default
2026-10-09T23:36:56.6205672Z === RUN   TestResolvePosition/nothing_saved:_primary_default
2026-10-09T23:36:56.6206086Z === RUN   TestResolvePosition/saved_point_on_no_monitor:_that-monitor_default_impossible_->_primary
2026-10-09T23:36:56.6206269Z === RUN   TestResolvePosition/primary_detection_when_listed_second
2026-10-09T23:36:56.6206376Z --- PASS: TestResolvePosition (0.00s)
2026-10-09T23:36:56.6206637Z     --- PASS: TestResolvePosition/saved_visible_on_its_monitor:_kept (0.00s)
2026-10-09T23:36:56.6206941Z     --- PASS: TestResolvePosition/saved_partially_off_right_edge:_clamped (0.00s)
2026-10-09T23:36:56.6207309Z     --- PASS: TestResolvePosition/saved_monitor_detached:_primary_default (0.00s)
2026-10-09T23:36:56.6207651Z     --- PASS: TestResolvePosition/nothing_saved:_primary_default (0.00s)
2026-10-09T23:36:56.6208077Z     --- PASS: TestResolvePosition/saved_point_on_no_monitor:_that-monitor_default_impossible_->_primary (0.00s)
2026-10-09T23:36:56.6208479Z     --- PASS: TestResolvePosition/primary_detection_when_listed_second (0.00s)
2026-10-09T23:36:56.6208697Z === RUN   TestDefaultPositionInsideWorkArea
2026-10-09T23:36:56.6208888Z --- PASS: TestDefaultPositionInsideWorkArea (0.00s)
2026-10-09T23:36:56.6209143Z === RUN   TestSTAReleaseAfterFailedCreateHandsBackNoWindow
2026-10-09T23:36:56.6210036Z     sta_release_windows_test.go:268: 33-r8 create-error door: tid=944 planted hwnd=0x40220 | after plant: ball windows=1 all windows=2 classes=[WispBallWindow IME] queue head=empty
2026-10-09T23:36:56.6211299Z     sta_release_windows_test.go:270: 33-r8 create-error door: after the plants (window-addressed PostMessageW rc=1, thread-addressed PostThreadMessageW rc=1): ball windows=1 all=2 classes=[WispBallWindow IME] queue head=msg 0x82F8 on hwnd 0x40220
2026-10-09T23:36:56.6212301Z     sta_release_windows_test.go:272: 33-r8 create-error door: the instant start() returned: ball windows=0 all windows=0 classes=[] queue head=empty (start err=plant: renderer init failed plant err=<nil>)
2026-10-09T23:36:56.6212589Z --- PASS: TestSTAReleaseAfterFailedCreateHandsBackNoWindow (0.00s)
2026-10-09T23:36:56.6212836Z === RUN   TestSTAReleaseAfterPumpExitDispatchesItsQueue
2026-10-09T23:36:56.6215347Z     sta_release_windows_test.go:448: 33-r8 pump-exit door=quit-only: tid=944 hwnd=0x50220 createErr=<nil> | after create: ball windows=1 all=2 classes=[WispBallWindow IME] head=empty | AT RELEASE: ball windows=0 all=0 classes=[] head=empty staThread.hwnd=0x0 | plant PostMessage rc=1 | this file's own pump moved 0 | after own teardown: ball windows=0 head=empty | what the release unwind logged=""
2026-10-09T23:36:56.6217379Z     sta_release_windows_test.go:448: 33-r8 pump-exit door=real-Close: tid=944 hwnd=0x60220 createErr=<nil> | after create: ball windows=1 all=2 classes=[WispBallWindow IME] head=empty | AT RELEASE: ball windows=0 all=0 classes=[] head=empty staThread.hwnd=0x0 | plant PostMessage rc=0 | this file's own pump moved 0 | after own teardown: ball windows=0 head=empty | what the release unwind logged=""
2026-10-09T23:36:56.6217688Z --- PASS: TestSTAReleaseAfterPumpExitDispatchesItsQueue (0.01s)
2026-10-09T23:36:56.6217895Z === RUN   TestReleasePumpCapIsALoudReadingNotAGreen
2026-10-09T23:36:56.6220320Z     sta_release_windows_test.go:602: 33-r8b cap leg (planted 4160, want pump to stop at the cap): tid=944 posted=4160 postErr=<nil> pumped=4096 head-after="msg 0x82F9 on hwnd 0x0" windows(ball/all)=0/0 classes=[] | own drain moved 64, head-final="empty" | logged="time=2026-10-09T23:36:42.746Z level=WARN msg=\"ball: the ui-sta release pump hit its cap before the thread's queue was empty; the thread goes back to the Go pool non-empty\" cap=4096 pumped=4096\n"
2026-10-09T23:36:56.6221551Z     sta_release_windows_test.go:605: 33-r8b control leg (planted 8, under the cap): tid=944 posted=8 postErr=<nil> pumped=8 head-after="empty" windows(ball/all)=0/0 classes=[] | own drain moved 0, head-final="empty" | logged=""
2026-10-09T23:36:56.6221841Z --- PASS: TestReleasePumpCapIsALoudReadingNotAGreen (0.02s)
2026-10-09T23:36:56.6222009Z === RUN   TestC21TableColourRowsMatchCode
2026-10-09T23:36:56.6222851Z     tokens_table_test.go:780: light table reuses the :root value by cascade for 2 field(s): BallHalo, OnSolid (the table states this in prose above its light rows)
2026-10-09T23:36:56.6223578Z     tokens_table_test.go:805: verified 114/114 colour rows against tokens.go (40 palette fields checked in code -> table, 36 look colours, 4 looks)
2026-10-09T23:36:56.6223761Z --- PASS: TestC21TableColourRowsMatchCode (0.00s)
2026-10-09T23:36:56.6224162Z === RUN   TestC21GeometryRowsMatchCodeConstants
2026-10-09T23:36:56.6225004Z     tokens_table_test.go:955: docs/evidence/s1/c21-native-tokens.md:169: this row states a rule (缓动) without naming a Go constant, so there is no value to compare
2026-10-09T23:36:56.6226720Z     tokens_table_test.go:1059: MATCHED WITHOUT THE PROMISED UNIT (4): BallSizeMaxPx=72 @ docs/evidence/s1/c21-native-tokens.md:141, BallSizeMinPx=44 @ docs/evidence/s1/c21-native-tokens.md:141, FontSizeMicroPx=11 @ docs/evidence/s1/c21-native-tokens.md:159, FontSizeMonoPx=12.5 @ docs/evidence/s1/c21-native-tokens.md:159
2026-10-09T23:36:56.6237242Z     tokens_table_test.go:1063: NUMBERS NO NAMED CONSTANT CLAIMS (52): 0.35 @ docs/evidence/s1/c21-native-tokens.md:155, 0.55 @ docs/evidence/s1/c21-native-tokens.md:162, 0.8s @ docs/evidence/s1/c21-native-tokens.md:151, 1 @ docs/evidence/s1/c21-native-tokens.md:154, 1 @ docs/evidence/s1/c21-native-tokens.md:155, 1 @ docs/evidence/s1/c21-native-tokens.md:162, 1 @ docs/evidence/s1/c21-native-tokens.md:163, 1000 @ docs/evidence/s1/c21-native-tokens.md:165, 10fps @ docs/evidence/s1/c21-native-tokens.md:149, 160ms @ docs/evidence/s1/c21-native-tokens.md:157, 16px @ docs/evidence/s1/c21-native-tokens.md:166, 180ms @ docs/evidence/s1/c21-native-tokens.md:167, 2 @ docs/evidence/s1/c21-native-tokens.md:167, 2.1 @ docs/evidence/s1/c21-native-tokens.md:157, 21.75 @ docs/evidence/s1/c21-native-tokens.md:166, 22 @ docs/evidence/s1/c21-native-tokens.md:166, 22 @ docs/evidence/s1/c21-native-tokens.md:166, 220ms @ docs/evidence/s1/c21-native-tokens.md:167, 22px @ docs/evidence/s1/c21-native-tokens.md:168, 24 @ docs/evidence/s1/c21-native-tokens.md:168, 260ms @ docs/evidence/s1/c21-native-tokens.md:148, 2px @ docs/evidence/s1/c21-native-tokens.md:152, 3 @ docs/evidence/s1/c21-native-tokens.md:151, 30 @ docs/evidence/s1/c21-native-tokens.md:166, 30 @ docs/evidence/s1/c21-native-tokens.md:168, 300ms @ docs/evidence/s1/c21-native-tokens.md:167, 32 @ docs/evidence/s1/c21-native-tokens.md:168, 33 @ docs/evidence/s1/c21-native-tokens.md:163, 33ms @ docs/evidence/s1/c21-native-tokens.md:165, 34.72px @ docs/evidence/s1/c21-native-tokens.md:145, 4.2 @ docs/evidence/s1/c21-native-tokens.md:163, 44 @ docs/evidence/s1/c21-native-tokens.md:166, 56 @ docs/evidence/s1/c21-native-tokens.md:145, 5px @ docs/evidence/s1/c21-native-tokens.md:166, 62 @ docs/evidence/s1/c21-native-tokens.md:145, 62 @ docs/evidence/s1/c21-native-tokens.md:166, 72 @ docs/evidence/s1/c21-native-tokens.md:166, 74 @ docs/evidence/s1/c21-native-tokens.md:157, 74 @ docs/evidence/s1/c21-native-tokens.md:162, 74 @ docs/evidence/s1/c21-native-tokens.md:163, 8 @ docs/evidence/s1/c21-native-tokens.md:145, 8 @ docs/evidence/s1/c21-native-tokens.md:157, 8 @ docs/evidence/s1/c21-native-tokens.md:166, 8 @ docs/evidence/s1/c21-native-tokens.md:167, 838 @ docs/evidence/s1/c21-native-tokens.md:145, 8px @ docs/evidence/s1/c21-native-tokens.md:166, 9 @ docs/evidence/s1/c21-native-tokens.md:166, 9 @ docs/evidence/s1/c21-native-tokens.md:168, 900ms @ docs/evidence/s1/c21-native-tokens.md:167, 96dpi @ docs/evidence/s1/c21-native-tokens.md:161, 96dpi @ docs/evidence/s1/c21-native-tokens.md:166, 96dpi @ docs/evidence/s1/c21-native-tokens.md:168
2026-10-09T23:36:56.6238775Z     tokens_table_test.go:1065: checked 67 constant declarations across 29 geometry rows against 56 exported tokens.go constants + 11 tabled from hit.go/liquid.go
2026-10-09T23:36:56.6239095Z --- PASS: TestC21GeometryRowsMatchCodeConstants (0.02s)
2026-10-09T23:36:56.6239266Z === RUN   TestC21TokenConsumerReport
2026-10-09T23:36:56.6240331Z     tokens_table_test.go:1149: ZERO-CONSUMER TOKENS (27 of 116 checked; 89 are referenced by 18 non-test files):
2026-10-09T23:36:56.6241147Z     tokens_table_test.go:1156:   UNCONSUMED BallSizeLargePx (declared at docs/evidence/s1/c21-native-tokens.md:143)
2026-10-09T23:36:56.6241804Z     tokens_table_test.go:1156:   UNCONSUMED BallSizeSmallPx (declared at docs/evidence/s1/c21-native-tokens.md:142)
2026-10-09T23:36:56.6242321Z     tokens_table_test.go:1156:   UNCONSUMED CountdownFontPx (declared at docs/evidence/s1/c21-native-tokens.md:159)
2026-10-09T23:36:56.6243160Z     tokens_table_test.go:1156:   UNCONSUMED DurBaseMs (declared at docs/evidence/s1/c21-native-tokens.md:147)
2026-10-09T23:36:56.6243732Z     tokens_table_test.go:1156:   UNCONSUMED DurFastMs (declared at docs/evidence/s1/c21-native-tokens.md:146)
2026-10-09T23:36:56.6244292Z     tokens_table_test.go:1156:   UNCONSUMED DurSlowMs (declared at docs/evidence/s1/c21-native-tokens.md:148)
2026-10-09T23:36:56.6244981Z     tokens_table_test.go:1156:   UNCONSUMED FirstRunGuidePulseMs (declared at docs/evidence/s1/c21-native-tokens.md:154)
2026-10-09T23:36:56.6245609Z     tokens_table_test.go:1156:   UNCONSUMED FontSizeMonoPx (declared at docs/evidence/s1/c21-native-tokens.md:159)
2026-10-09T23:36:56.6245963Z     tokens_table_test.go:1156:   UNCONSUMED Palette.FgPrimary
2026-10-09T23:36:56.6246313Z     tokens_table_test.go:1156:   UNCONSUMED Palette.FgTertiary
2026-10-09T23:36:56.6246622Z     tokens_table_test.go:1156:   UNCONSUMED Palette.GlassHi
2026-10-09T23:36:56.6246983Z     tokens_table_test.go:1156:   UNCONSUMED Palette.GlassHiSoft
2026-10-09T23:36:56.6247315Z     tokens_table_test.go:1156:   UNCONSUMED Palette.GlassRing
2026-10-09T23:36:56.6247602Z     tokens_table_test.go:1156:   UNCONSUMED Palette.InfoLine
2026-10-09T23:36:56.6247908Z     tokens_table_test.go:1156:   UNCONSUMED Palette.OrbShadow
2026-10-09T23:36:56.6248250Z     tokens_table_test.go:1156:   UNCONSUMED Palette.TintAccentHi
2026-10-09T23:36:56.6248581Z     tokens_table_test.go:1156:   UNCONSUMED Palette.TintDangerHi
2026-10-09T23:36:56.6248922Z     tokens_table_test.go:1156:   UNCONSUMED Palette.TintDangerLo
2026-10-09T23:36:56.6249277Z     tokens_table_test.go:1156:   UNCONSUMED Palette.TintNeutralHi
2026-10-09T23:36:56.6249614Z     tokens_table_test.go:1156:   UNCONSUMED Palette.TintNeutralLo
2026-10-09T23:36:56.6249930Z     tokens_table_test.go:1156:   UNCONSUMED Palette.TintSuccessHi
2026-10-09T23:36:56.6250446Z     tokens_table_test.go:1156:   UNCONSUMED Palette.TintSuccessLo
2026-10-09T23:36:56.6250785Z     tokens_table_test.go:1156:   UNCONSUMED Palette.TintWarmHi
2026-10-09T23:36:56.6251108Z     tokens_table_test.go:1156:   UNCONSUMED Palette.TintWarmLo
2026-10-09T23:36:56.6251411Z     tokens_table_test.go:1156:   UNCONSUMED Palette.TintWarnHi
2026-10-09T23:36:56.6251720Z     tokens_table_test.go:1156:   UNCONSUMED Palette.TintWarnLo
2026-10-09T23:36:56.6251986Z     tokens_table_test.go:1156:   UNCONSUMED looks[*].Deep
2026-10-09T23:36:56.6252864Z     tokens_table_test.go:1198: 未接线豁免: 24 row(s) attribute all 27 zero-consumer token(s); 89/116 checked tokens are live
2026-10-09T23:36:56.6253083Z --- PASS: TestC21TokenConsumerReport (0.02s)
2026-10-09T23:36:56.6253290Z === RUN   TestC21CodeTokensAreTabledOrExempt
2026-10-09T23:36:56.6253973Z     tokens_table_test.go:1304: EXEMPT HTClient (hit.go) is outside the table on purpose: Win32 hit-test return value, not a design token
2026-10-09T23:36:56.6254738Z     tokens_table_test.go:1304: EXEMPT HTTransparent (hit.go) is outside the table on purpose: Win32 hit-test return value, not a design token
2026-10-09T23:36:56.6255911Z     tokens_table_test.go:1304: EXEMPT HTNowhere (hit.go) is outside the table on purpose: Win32 hit-test return value, not a design token
2026-10-09T23:36:56.6256838Z     tokens_table_test.go:1304: EXEMPT AltSummonSpace (hotkey_windows.go) is outside the table on purpose: Default hotkey text (SPEC-04 surface), not a C21 token
2026-10-09T23:36:56.6257084Z --- PASS: TestC21CodeTokensAreTabledOrExempt (0.04s)
2026-10-09T23:36:56.6257286Z === RUN   TestC21TableColourRowsMatchTokensCSS
2026-10-09T23:36:56.6258370Z     tokens_table_test.go:1530: three-way colour check: 78/78 cited rows agree across docs/evidence/s1/c21-native-tokens.md, design/assets/tokens.css and internal/ball/tokens.go (:root=129 decls, light=65)
2026-10-09T23:36:56.6258629Z --- PASS: TestC21TableColourRowsMatchTokensCSS (0.00s)
2026-10-09T23:36:56.6258792Z === RUN   TestTokenGoldenValues
2026-10-09T23:36:56.6260083Z --- PASS: TestTokenGoldenValues (0.00s)
2026-10-09T23:36:56.6260260Z === RUN   TestPremultipliedDerivation
2026-10-09T23:36:56.6260443Z --- PASS: TestPremultipliedDerivation (0.00s)
2026-10-09T23:36:56.6260567Z === RUN   TestNoHardcodedColorsInBallPackage
2026-10-09T23:36:56.6260725Z --- PASS: TestNoHardcodedColorsInBallPackage (0.01s)
2026-10-09T23:36:56.6260857Z === RUN   TestVisualForCoversAllTwentyStates
2026-10-09T23:36:56.6260994Z --- PASS: TestVisualForCoversAllTwentyStates (0.00s)
2026-10-09T23:36:56.6261111Z === RUN   TestSleepingSizeTruthTable
2026-10-09T23:36:56.6261243Z --- PASS: TestSleepingSizeTruthTable (0.00s)
2026-10-09T23:36:56.6261442Z === RUN   TestRecordedSleepingDiffBoxIsNotA44pxBody
2026-10-09T23:36:56.6261720Z --- PASS: TestRecordedSleepingDiffBoxIsNotA44pxBody (0.00s)
2026-10-09T23:36:56.6261876Z === RUN   TestAnimatedWhitelist
2026-10-09T23:36:56.6262045Z --- PASS: TestAnimatedWhitelist (0.00s)
2026-10-09T23:36:56.6262245Z === RUN   TestAnimationPolicyZeroTimerInSleeping
2026-10-09T23:36:56.6262457Z --- PASS: TestAnimationPolicyZeroTimerInSleeping (0.00s)
2026-10-09T23:36:56.6262627Z === RUN   TestHitTestAndDPIInjection
2026-10-09T23:36:56.6262774Z --- PASS: TestHitTestAndDPIInjection (0.00s)
2026-10-09T23:36:56.6262851Z PASS
2026-10-09T23:36:56.6263006Z ok  	github.com/CarlosShao/wisp/internal/ball	0.513s
2026-10-09T23:36:56.6263381Z time=2026-10-09T23:36:43.828Z level=INFO msg="winsec: sealing path resolver installed" resolver=risk.c26Pipeline probes_passed=2
2026-10-09T23:36:56.6263495Z === RUN   TestTicket90ThreeModesAndNoFourth
2026-10-09T23:36:56.6263638Z --- PASS: TestTicket90ThreeModesAndNoFourth (0.00s)
2026-10-09T23:36:56.6263815Z === RUN   TestTicket90OnlyAutoCostsAConfirmAndAllThreeAreAudited
2026-10-09T23:36:56.6264035Z --- PASS: TestTicket90OnlyAutoCostsAConfirmAndAllThreeAreAudited (0.00s)
2026-10-09T23:36:56.6264165Z === RUN   TestTicket90NoConfirmChannelMeansNoAuto
2026-10-09T23:36:56.6264467Z --- PASS: TestTicket90NoConfirmChannelMeansNoAuto (0.00s)
2026-10-09T23:36:56.6264615Z === RUN   TestTicket90ConfirmRefusalLeavesModeAlone
2026-10-09T23:36:56.6264839Z --- PASS: TestTicket90ConfirmRefusalLeavesModeAlone (0.00s)
2026-10-09T23:36:56.6265036Z === RUN   TestTicket90PersistFailureKeepsMemory
2026-10-09T23:36:56.6265245Z --- PASS: TestTicket90PersistFailureKeepsMemory (0.00s)
2026-10-09T23:36:56.6265406Z === RUN   TestTicket90SnapshotIsReadOnly
2026-10-09T23:36:56.6265590Z --- PASS: TestTicket90SnapshotIsReadOnly (0.00s)
2026-10-09T23:36:56.6265739Z === RUN   TestTicket90ScreenTable
2026-10-09T23:36:56.6265902Z --- PASS: TestTicket90ScreenTable (0.00s)
2026-10-09T23:36:56.6266115Z === RUN   TestTicket90TaintFlagAndDenyAreNeverSilenced
2026-10-09T23:36:56.6266383Z --- PASS: TestTicket90TaintFlagAndDenyAreNeverSilenced (0.00s)
2026-10-09T23:36:56.6266524Z === RUN   TestTicket90ParseModeIsLoud
2026-10-09T23:36:56.6266704Z --- PASS: TestTicket90ParseModeIsLoud (0.00s)
2026-10-09T23:36:56.6266857Z === RUN   TestTicket90ManualSwitchSurvivesRestart
2026-10-09T23:36:56.6268164Z time=2026-10-09T23:36:43.871Z level=INFO msg="config: wrote merged change into config.toml (ticket 226: only the keys listed changed value, every other key keeps the value the file already held; the file is re-laid in canonical form, so comments and hand-chosen key order are not preserved)" key=risk.permission_mode wrote=[risk.permission_mode]
2026-10-09T23:36:56.6269143Z time=2026-10-09T23:36:43.873Z level=INFO msg="config: wrote merged change into config.toml (ticket 226: only the keys listed changed value, every other key keeps the value the file already held; the file is re-laid in canonical form, so comments and hand-chosen key order are not preserved)" key=risk.permission_mode wrote=[risk.permission_mode]
2026-10-09T23:36:56.6269421Z --- PASS: TestTicket90ManualSwitchSurvivesRestart (0.01s)
2026-10-09T23:36:56.6269669Z === RUN   TestTicket90UntouchedConfigStartsAtTheDefault
2026-10-09T23:36:56.6270419Z --- PASS: TestTicket90UntouchedConfigStartsAtTheDefault (0.01s)
2026-10-09T23:36:56.6272614Z === RUN   TestTicket90SessionGrantDoesNotSurviveRestart
2026-10-09T23:36:56.6273370Z --- PASS: TestTicket90SessionGrantDoesNotSurviveRestart (0.91s)
2026-10-09T23:36:56.6273675Z === RUN   TestTicket90ConfigKeyChangesWhatTheChainAsks
2026-10-09T23:36:56.6274122Z --- PASS: TestTicket90ConfigKeyChangesWhatTheChainAsks (0.28s)
2026-10-09T23:36:56.6274643Z === RUN   TestTicket90HandEditLooseningGoesThroughD36
2026-10-09T23:36:56.6275498Z time=2026-10-09T23:36:45.135Z level=WARN msg="config: locked loosening approved via L2 re-confirmation (D36 rule 1)" section=risk keys=[risk.permission_mode]
2026-10-09T23:36:56.6277722Z     ticket90_persist_test.go:365: t90dump file=2569 bytes err=<nil> report=&{Hot:[] Reload:[] Restart:[] Locked:[{Section:risk Direction:loosen Approved:true Keys:[risk.permission_mode]}]} locked=[{Section:risk Direction:loosen Approved:true Keys:[risk.permission_mode]}]
2026-10-09T23:36:56.6278351Z time=2026-10-09T23:36:45.171Z level=INFO msg="config: locked section tightened, hot-applied" section=risk keys=[risk.permission_mode]
2026-10-09T23:36:56.6280823Z time=2026-10-09T23:36:45.173Z level=INFO msg="config: wrote merged change into config.toml (ticket 226: only the keys listed changed value, every other key keeps the value the file already held; the file is re-laid in canonical form, so comments and hand-chosen key order are not preserved)" key=risk.permission_mode wrote=[risk.permission_mode]
2026-10-09T23:36:56.6281160Z --- PASS: TestTicket90HandEditLooseningGoesThroughD36 (0.11s)
2026-10-09T23:36:56.6281279Z PASS
2026-10-09T23:36:56.6281498Z ok  	github.com/CarlosShao/wisp/internal/perm	1.428s
2026-10-09T23:36:56.6281679Z === RUN   TestDisposeRunsInReverseOrder
2026-10-09T23:36:56.6282323Z time=2026-10-09T23:36:47.612Z level=INFO msg="scope disposed" scope=task-reverse completed=3 failed=0 disposal_incomplete=false timed_out=false
2026-10-09T23:36:56.6282525Z --- PASS: TestDisposeRunsInReverseOrder (0.02s)
2026-10-09T23:36:56.6282991Z === RUN   TestDisposeIsIdempotent
2026-10-09T23:36:56.6283695Z time=2026-10-09T23:36:47.636Z level=INFO msg="scope disposed" scope=task-idempotent completed=2 failed=0 disposal_incomplete=false timed_out=false
2026-10-09T23:36:56.6283886Z --- PASS: TestDisposeIsIdempotent (0.00s)
2026-10-09T23:36:56.6284089Z === RUN   TestDisposePanicDoesNotBlockOthers
2026-10-09T23:36:56.6290879Z time=2026-10-09T23:36:47.636Z level=ERROR msg="goroutine panic recovered" goroutine=disposal-worker owner=scope:task-panic root="" error_class=internal recovered="destroy failed: injected" stack="goroutine 36 [running]:\nruntime/debug.Stack()\n\tC:/hostedtoolcache/windows/go/1.27.2/x64/src/runtime/debug/stack.go:26 +0x5e\ngithub.com/CarlosShao/wisp/internal/observe.(*Registry).run.func1()\n\tD:/a/wisp/wisp/internal/observe/goroutine.go:302 +0xbe\npanic({0x7ff70a285d50?, 0x7ff70a0be250?})\n\tC:/hostedtoolcache/windows/go/1.27.2/x64/src/runtime/panic.go:859 +0x125\ngithub.com/CarlosShao/wisp/internal/plugin.TestDisposePanicDoesNotBlockOthers.func1()\n\tD:/a/wisp/wisp/internal/plugin/disposal_test.go:87 +0x25\ngithub.com/CarlosShao/wisp/internal/plugin.(*DisposalScope).Dispose.func1({0x7ff709f46ede?, 0x3e5e5fc85f60?})\n\tD:/a/wisp/wisp/internal/plugin/disposal.go:297 +0x13\ngithub.com/CarlosShao/wisp/internal/observe.(*Registry).run(0x7ff709fd5cc0?, 0x3e5e5fc32600?, {0x7ff70a0ab8e6?, 0x3e5e5fc85fd0?}, {0x3e5e5fc3db40?, 0x7ff709fd671b?}, 0x3e5e5fc32600?, 0x7ff70a2b1818?)\n\tD:/a/wisp/wisp/internal/observe/goroutine.go:340 +0x97\ncreated by github.com/CarlosShao/wisp/internal/observe.(*Registry).Spawn in goroutine 23\n\tD:/a/wisp/wisp/internal/observe/goroutine.go:281 +0x387\n" at=2026-10-09T23:36:47Z
2026-10-09T23:36:56.6291711Z time=2026-10-09T23:36:47.636Z level=ERROR msg="disposal step failed" scope=task-panic step=panics kind=panic err="internal: panic in goroutine \"disposal-worker\" (owner scope:task-panic): destroy failed: injected"
2026-10-09T23:36:56.6292238Z time=2026-10-09T23:36:47.636Z level=INFO msg="scope disposed" scope=task-panic completed=2 failed=1 disposal_incomplete=false timed_out=false
2026-10-09T23:36:56.6293115Z --- PASS: TestDisposePanicDoesNotBlockOthers (0.00s)
2026-10-09T23:36:56.6293304Z === RUN   TestDisposeTimeoutMarksIncomplete
2026-10-09T23:36:56.6294024Z time=2026-10-09T23:36:47.698Z level=ERROR msg="disposal step failed" scope=task-timeout step=blocks kind=incomplete err="timed out after 60ms (total budget 60ms)"
2026-10-09T23:36:56.6294746Z time=2026-10-09T23:36:47.698Z level=ERROR msg="disposal step failed" scope=task-timeout step=never-runs kind=incomplete err="disposal budget exhausted before this step ran"
2026-10-09T23:36:56.6295201Z time=2026-10-09T23:36:47.698Z level=INFO msg="scope disposed" scope=task-timeout completed=0 failed=2 disposal_incomplete=true timed_out=true
2026-10-09T23:36:56.6295728Z --- PASS: TestDisposeTimeoutMarksIncomplete (0.06s)
2026-10-09T23:36:56.6295881Z === RUN   TestDisposeTailOrder
2026-10-09T23:36:56.6296499Z time=2026-10-09T23:36:47.703Z level=INFO msg="scope disposed" scope=task-tail completed=1 failed=0 disposal_incomplete=false timed_out=false
2026-10-09T23:36:56.6296669Z --- PASS: TestDisposeTailOrder (0.00s)
2026-10-09T23:36:56.6296816Z === RUN   TestDeferAfterDisposeIsVisible
2026-10-09T23:36:56.6298271Z time=2026-10-09T23:36:47.703Z level=INFO msg="scope disposed" scope=task-late completed=0 failed=0 disposal_incomplete=false timed_out=false
2026-10-09T23:36:56.6299194Z time=2026-10-09T23:36:47.703Z level=ERROR msg="disposal_incomplete: Defer called after Dispose" scope=task-late step=step-1
2026-10-09T23:36:56.6299755Z --- PASS: TestDeferAfterDisposeIsVisible (0.00s)
2026-10-09T23:36:56.6299934Z === RUN   TestGoGoroutineGetsScopeCtx
2026-10-09T23:36:56.6300531Z time=2026-10-09T23:36:47.705Z level=INFO msg="scope disposed" scope=task-go completed=0 failed=0 disposal_incomplete=false timed_out=false
2026-10-09T23:36:56.6300718Z --- PASS: TestGoGoroutineGetsScopeCtx (0.00s)
2026-10-09T23:36:56.6300822Z PASS
2026-10-09T23:36:56.6301248Z ok  	github.com/CarlosShao/wisp/internal/plugin	2.177s
2026-10-09T23:36:56.6301759Z time=2026-10-09T23:36:48.106Z level=INFO msg="winsec: sealing path resolver installed" resolver=risk.c26Pipeline probes_passed=2
2026-10-09T23:36:56.6301949Z === RUN   TestRecordWithoutKeyFailsExplicitly
2026-10-09T23:36:56.6302167Z --- PASS: TestRecordWithoutKeyFailsExplicitly (0.00s)
2026-10-09T23:36:56.6302398Z === RUN   TestRecordCapturesSSEAndWritesParsableGolden
2026-10-09T23:36:56.6303085Z recorded C:\Users\RUNNER~1\AppData\Local\Temp\TestRecordCapturesSSEAndWritesParsableGolden2486986142\001\record-smoke.sse (167 bytes of SSE)
2026-10-09T23:36:56.6303354Z --- PASS: TestRecordCapturesSSEAndWritesParsableGolden (0.01s)
2026-10-09T23:36:56.6303454Z PASS
2026-10-09T23:36:56.6303653Z ok  	github.com/CarlosShao/wisp/cmd/llmrecord	0.076s
2026-10-09T23:36:56.6303816Z === RUN   TestTicket224MintIsRandomAndValid
2026-10-09T23:36:56.6304028Z --- PASS: TestTicket224MintIsRandomAndValid (0.00s)
2026-10-09T23:36:56.6304296Z === RUN   TestTicket224TestLiteralsAreOutsideTheMintedShape
2026-10-09T23:36:56.6304570Z --- PASS: TestTicket224TestLiteralsAreOutsideTheMintedShape (0.00s)
2026-10-09T23:36:56.6304773Z === RUN   TestTicket224RecordWritesOneRowPerAnswer
2026-10-09T23:36:56.6305827Z time=2026-10-09T23:36:48.478Z level=INFO msg="pre-migration backup written" component=memory backup=C:\Users\RUNNER~1\AppData\Local\Temp\TestTicket224RecordWritesOneRowPerAnswer3677961595\001\data\backup\wisp.db.bak-0-1 from=0 to=1
2026-10-09T23:36:56.6306432Z time=2026-10-09T23:36:48.590Z level=INFO msg="schema migration step applied" component=memory from=0 to=1 started_at=2026-10-09T23:36:48Z duration_ms=73
2026-10-09T23:36:56.6307514Z time=2026-10-09T23:36:48.688Z level=INFO msg="pre-migration backup written" component=memory backup=C:\Users\RUNNER~1\AppData\Local\Temp\TestTicket224RecordWritesOneRowPerAnswer3677961595\001\data\backup\wisp.db.bak-1-2 from=1 to=2
2026-10-09T23:36:56.6308158Z time=2026-10-09T23:36:48.743Z level=INFO msg="schema migration step applied" component=memory from=1 to=2 started_at=2026-10-09T23:36:48Z duration_ms=55
2026-10-09T23:36:56.6309134Z time=2026-10-09T23:36:48.809Z level=INFO msg="schema migration complete" component=memory schema_version=2
2026-10-09T23:36:56.6309626Z time=2026-10-09T23:36:48.812Z level=INFO msg="startup WAL checkpoint (TRUNCATE) done" component=memory wal_pages_before=0 pages_moved=0
2026-10-09T23:36:56.6310103Z --- PASS: TestTicket224RecordWritesOneRowPerAnswer (0.58s)
2026-10-09T23:36:56.6310897Z === RUN   TestTicket224RecordRefusesUnusableSubjects
2026-10-09T23:36:56.6311988Z time=2026-10-09T23:36:49.105Z level=INFO msg="pre-migration backup written" component=memory backup=C:\Users\RUNNER~1\AppData\Local\Temp\TestTicket224RecordRefusesUnusableSubjects1076718047\001\data\backup\wisp.db.bak-0-1 from=0 to=1
2026-10-09T23:36:56.6312584Z time=2026-10-09T23:36:49.151Z level=INFO msg="schema migration step applied" component=memory from=0 to=1 started_at=2026-10-09T23:36:49Z duration_ms=45
2026-10-09T23:36:56.6314036Z time=2026-10-09T23:36:49.198Z level=INFO msg="pre-migration backup written" component=memory backup=C:\Users\RUNNER~1\AppData\Local\Temp\TestTicket224RecordRefusesUnusableSubjects1076718047\001\data\backup\wisp.db.bak-1-2 from=1 to=2
2026-10-09T23:36:56.6314652Z time=2026-10-09T23:36:49.272Z level=INFO msg="schema migration step applied" component=memory from=1 to=2 started_at=2026-10-09T23:36:49Z duration_ms=73
2026-10-09T23:36:56.6315087Z time=2026-10-09T23:36:49.794Z level=INFO msg="schema migration complete" component=memory schema_version=2
2026-10-09T23:36:56.6315612Z time=2026-10-09T23:36:49.795Z level=INFO msg="startup WAL checkpoint (TRUNCATE) done" component=memory wal_pages_before=0 pages_moved=0
2026-10-09T23:36:56.6315840Z === RUN   TestTicket224RecordRefusesUnusableSubjects/no_tool
2026-10-09T23:36:56.6316085Z === RUN   TestTicket224RecordRefusesUnusableSubjects/blank_tool
2026-10-09T23:36:56.6316509Z === RUN   TestTicket224RecordRefusesUnusableSubjects/no_pattern
2026-10-09T23:36:56.6316776Z === RUN   TestTicket224RecordRefusesUnusableSubjects/unresolved_path
2026-10-09T23:36:56.6317024Z --- PASS: TestTicket224RecordRefusesUnusableSubjects (1.00s)
2026-10-09T23:36:56.6317374Z     --- PASS: TestTicket224RecordRefusesUnusableSubjects/no_tool (0.00s)
2026-10-09T23:36:56.6317743Z     --- PASS: TestTicket224RecordRefusesUnusableSubjects/blank_tool (0.00s)
2026-10-09T23:36:56.6318086Z     --- PASS: TestTicket224RecordRefusesUnusableSubjects/no_pattern (0.00s)
2026-10-09T23:36:56.6318462Z     --- PASS: TestTicket224RecordRefusesUnusableSubjects/unresolved_path (0.00s)
2026-10-09T23:36:56.6318666Z === RUN   TestTicket224CoveringMatchesItsOwnSession
2026-10-09T23:36:56.6319766Z time=2026-10-09T23:36:49.992Z level=INFO msg="pre-migration backup written" component=memory backup=C:\Users\RUNNER~1\AppData\Local\Temp\TestTicket224CoveringMatchesItsOwnSession3877099539\001\data\backup\wisp.db.bak-0-1 from=0 to=1
2026-10-09T23:36:56.6320383Z time=2026-10-09T23:36:50.042Z level=INFO msg="schema migration step applied" component=memory from=0 to=1 started_at=2026-10-09T23:36:49Z duration_ms=49
2026-10-09T23:36:56.6321360Z time=2026-10-09T23:36:50.084Z level=INFO msg="pre-migration backup written" component=memory backup=C:\Users\RUNNER~1\AppData\Local\Temp\TestTicket224CoveringMatchesItsOwnSession3877099539\001\data\backup\wisp.db.bak-1-2 from=1 to=2
2026-10-09T23:36:56.6321934Z time=2026-10-09T23:36:50.160Z level=INFO msg="schema migration step applied" component=memory from=1 to=2 started_at=2026-10-09T23:36:50Z duration_ms=75
2026-10-09T23:36:56.6322339Z time=2026-10-09T23:36:50.232Z level=INFO msg="schema migration complete" component=memory schema_version=2
2026-10-09T23:36:56.6322691Z time=2026-10-09T23:36:50.234Z level=INFO msg="startup WAL checkpoint (TRUNCATE) done" component=memory wal_pages_before=0 pages_moved=0
2026-10-09T23:36:56.6322871Z === RUN   TestTicket224CoveringMatchesItsOwnSession/another_tool
2026-10-09T23:36:56.6323539Z === RUN   TestTicket224CoveringMatchesItsOwnSession/another_path
2026-10-09T23:36:56.6323694Z === RUN   TestTicket224CoveringMatchesItsOwnSession/no_paths
2026-10-09T23:36:56.6323870Z === RUN   TestTicket224CoveringMatchesItsOwnSession/blank_path
2026-10-09T23:36:56.6324065Z === RUN   TestTicket224CoveringMatchesItsOwnSession/unresolved_path
2026-10-09T23:36:56.6324264Z === RUN   TestTicket224CoveringMatchesItsOwnSession/partial_coverage_of_two
2026-10-09T23:36:56.6324432Z --- PASS: TestTicket224CoveringMatchesItsOwnSession (0.42s)
2026-10-09T23:36:56.6324686Z     --- PASS: TestTicket224CoveringMatchesItsOwnSession/another_tool (0.00s)
2026-10-09T23:36:56.6324924Z     --- PASS: TestTicket224CoveringMatchesItsOwnSession/another_path (0.00s)
2026-10-09T23:36:56.6325157Z     --- PASS: TestTicket224CoveringMatchesItsOwnSession/no_paths (0.00s)
2026-10-09T23:36:56.6325383Z     --- PASS: TestTicket224CoveringMatchesItsOwnSession/blank_path (0.00s)
2026-10-09T23:36:56.6325642Z     --- PASS: TestTicket224CoveringMatchesItsOwnSession/unresolved_path (0.00s)
2026-10-09T23:36:56.6325930Z     --- PASS: TestTicket224CoveringMatchesItsOwnSession/partial_coverage_of_two (0.00s)
2026-10-09T23:36:56.6326084Z === RUN   TestTicket224CoveringDoesNotCrossToANewSession
2026-10-09T23:36:56.6326780Z time=2026-10-09T23:36:50.705Z level=INFO msg="pre-migration backup written" component=memory backup=C:\Users\RUNNER~1\AppData\Local\Temp\TestTicket224CoveringDoesNotCrossToANewSession3837640877\001\data\backup\wisp.db.bak-0-1 from=0 to=1
2026-10-09T23:36:56.6327298Z time=2026-10-09T23:36:50.975Z level=INFO msg="schema migration step applied" component=memory from=0 to=1 started_at=2026-10-09T23:36:50Z duration_ms=269
2026-10-09T23:36:56.6328250Z time=2026-10-09T23:36:51.010Z level=INFO msg="pre-migration backup written" component=memory backup=C:\Users\RUNNER~1\AppData\Local\Temp\TestTicket224CoveringDoesNotCrossToANewSession3837640877\001\data\backup\wisp.db.bak-1-2 from=1 to=2
2026-10-09T23:36:56.6328785Z time=2026-10-09T23:36:51.048Z level=INFO msg="schema migration step applied" component=memory from=1 to=2 started_at=2026-10-09T23:36:51Z duration_ms=37
2026-10-09T23:36:56.6329209Z time=2026-10-09T23:36:51.090Z level=INFO msg="schema migration complete" component=memory schema_version=2
2026-10-09T23:36:56.6329635Z time=2026-10-09T23:36:51.092Z level=INFO msg="startup WAL checkpoint (TRUNCATE) done" component=memory wal_pages_before=0 pages_moved=0
2026-10-09T23:36:56.6329920Z --- PASS: TestTicket224CoveringDoesNotCrossToANewSession (0.79s)
2026-10-09T23:36:56.6330138Z === RUN   TestTicket224ExpiredOrRevokedRowIsNotLive
2026-10-09T23:36:56.6331210Z time=2026-10-09T23:36:51.191Z level=INFO msg="pre-migration backup written" component=memory backup=C:\Users\RUNNER~1\AppData\Local\Temp\TestTicket224ExpiredOrRevokedRowIsNotLive2531327482\001\data\backup\wisp.db.bak-0-1 from=0 to=1
2026-10-09T23:36:56.6331599Z time=2026-10-09T23:36:51.237Z level=INFO msg="schema migration step applied" component=memory from=0 to=1 started_at=2026-10-09T23:36:51Z duration_ms=45
2026-10-09T23:36:56.6332265Z time=2026-10-09T23:36:51.276Z level=INFO msg="pre-migration backup written" component=memory backup=C:\Users\RUNNER~1\AppData\Local\Temp\TestTicket224ExpiredOrRevokedRowIsNotLive2531327482\001\data\backup\wisp.db.bak-1-2 from=1 to=2
2026-10-09T23:36:56.6332660Z time=2026-10-09T23:36:51.345Z level=INFO msg="schema migration step applied" component=memory from=1 to=2 started_at=2026-10-09T23:36:51Z duration_ms=68
2026-10-09T23:36:56.6333030Z time=2026-10-09T23:36:51.398Z level=INFO msg="schema migration complete" component=memory schema_version=2
2026-10-09T23:36:56.6333712Z time=2026-10-09T23:36:51.400Z level=INFO msg="startup WAL checkpoint (TRUNCATE) done" component=memory wal_pages_before=0 pages_moved=0
2026-10-09T23:36:56.6333894Z --- PASS: TestTicket224ExpiredOrRevokedRowIsNotLive (0.36s)
2026-10-09T23:36:56.6334036Z === RUN   TestTicket224LedgerFailsClosedOnStoreErrors
2026-10-09T23:36:56.6334214Z --- PASS: TestTicket224LedgerFailsClosedOnStoreErrors (0.00s)
2026-10-09T23:36:56.6334772Z === RUN   TestTicket224NewLedgerRefusesHandWrittenIDs
2026-10-09T23:36:56.6335444Z time=2026-10-09T23:36:51.645Z level=INFO msg="pre-migration backup written" component=memory backup=C:\Users\RUNNER~1\AppData\Local\Temp\TestTicket224NewLedgerRefusesHandWrittenIDs1109029985\001\data\backup\wisp.db.bak-0-1 from=0 to=1
2026-10-09T23:36:56.6335842Z time=2026-10-09T23:36:51.713Z level=INFO msg="schema migration step applied" component=memory from=0 to=1 started_at=2026-10-09T23:36:51Z duration_ms=67
2026-10-09T23:36:56.6336511Z time=2026-10-09T23:36:51.803Z level=INFO msg="pre-migration backup written" component=memory backup=C:\Users\RUNNER~1\AppData\Local\Temp\TestTicket224NewLedgerRefusesHandWrittenIDs1109029985\001\data\backup\wisp.db.bak-1-2 from=1 to=2
2026-10-09T23:36:56.6336897Z time=2026-10-09T23:36:51.853Z level=INFO msg="schema migration step applied" component=memory from=1 to=2 started_at=2026-10-09T23:36:51Z duration_ms=50
2026-10-09T23:36:56.6337158Z time=2026-10-09T23:36:51.914Z level=INFO msg="schema migration complete" component=memory schema_version=2
2026-10-09T23:36:56.6337509Z time=2026-10-09T23:36:51.916Z level=INFO msg="startup WAL checkpoint (TRUNCATE) done" component=memory wal_pages_before=0 pages_moved=0
2026-10-09T23:36:56.6337680Z --- PASS: TestTicket224NewLedgerRefusesHandWrittenIDs (0.43s)
2026-10-09T23:36:56.6337874Z === RUN   TestTicket224WildcardRowCoversAConcretePath
2026-10-09T23:36:56.6338881Z time=2026-10-09T23:36:52.026Z level=INFO msg="pre-migration backup written" component=memory backup=C:\Users\RUNNER~1\AppData\Local\Temp\TestTicket224WildcardRowCoversAConcretePath1515777955\002\data\backup\wisp.db.bak-0-1 from=0 to=1
2026-10-09T23:36:56.6339447Z time=2026-10-09T23:36:52.452Z level=INFO msg="schema migration step applied" component=memory from=0 to=1 started_at=2026-10-09T23:36:52Z duration_ms=425
2026-10-09T23:36:56.6340641Z time=2026-10-09T23:36:52.505Z level=INFO msg="pre-migration backup written" component=memory backup=C:\Users\RUNNER~1\AppData\Local\Temp\TestTicket224WildcardRowCoversAConcretePath1515777955\002\data\backup\wisp.db.bak-1-2 from=1 to=2
2026-10-09T23:36:56.6341243Z time=2026-10-09T23:36:52.569Z level=INFO msg="schema migration step applied" component=memory from=1 to=2 started_at=2026-10-09T23:36:52Z duration_ms=63
2026-10-09T23:36:56.6341670Z time=2026-10-09T23:36:52.668Z level=INFO msg="schema migration complete" component=memory schema_version=2
2026-10-09T23:36:56.6342189Z time=2026-10-09T23:36:52.673Z level=INFO msg="startup WAL checkpoint (TRUNCATE) done" component=memory wal_pages_before=0 pages_moved=0
2026-10-09T23:36:56.6342452Z --- PASS: TestTicket224WildcardRowCoversAConcretePath (0.83s)
2026-10-09T23:36:56.6342660Z === RUN   TestTicket224DialectIsPathMatchNotRegex
2026-10-09T23:36:56.6343027Z === RUN   TestTicket224DialectIsPathMatchNotRegex/question_mark_is_a_single_character
2026-10-09T23:36:56.6344174Z time=2026-10-09T23:36:52.882Z level=INFO msg="pre-migration backup written" component=memory backup=C:\Users\RUNNER~1\AppData\Local\Temp\TestTicket224DialectIsPathMatchNotRegexquestion_mark_is_a_singl3805428015\001\data\backup\wisp.db.bak-0-1 from=0 to=1
2026-10-09T23:36:56.6344802Z time=2026-10-09T23:36:52.937Z level=INFO msg="schema migration step applied" component=memory from=0 to=1 started_at=2026-10-09T23:36:52Z duration_ms=54
2026-10-09T23:36:56.6346003Z time=2026-10-09T23:36:52.970Z level=INFO msg="pre-migration backup written" component=memory backup=C:\Users\RUNNER~1\AppData\Local\Temp\TestTicket224DialectIsPathMatchNotRegexquestion_mark_is_a_singl3805428015\001\data\backup\wisp.db.bak-1-2 from=1 to=2
2026-10-09T23:36:56.6346618Z time=2026-10-09T23:36:53.009Z level=INFO msg="schema migration step applied" component=memory from=1 to=2 started_at=2026-10-09T23:36:52Z duration_ms=38
2026-10-09T23:36:56.6347050Z time=2026-10-09T23:36:53.052Z level=INFO msg="schema migration complete" component=memory schema_version=2
2026-10-09T23:36:56.6347588Z time=2026-10-09T23:36:53.052Z level=INFO msg="startup WAL checkpoint (TRUNCATE) done" component=memory wal_pages_before=0 pages_moved=0
2026-10-09T23:36:56.6348559Z === RUN   TestTicket224DialectIsPathMatchNotRegex/bracket_is_a_class_over_one_character
2026-10-09T23:36:56.6349785Z time=2026-10-09T23:36:53.236Z level=INFO msg="pre-migration backup written" component=memory backup=C:\Users\RUNNER~1\AppData\Local\Temp\TestTicket224DialectIsPathMatchNotRegexbracket_is_a_class_over_1922592861\001\data\backup\wisp.db.bak-0-1 from=0 to=1
2026-10-09T23:36:56.6350403Z time=2026-10-09T23:36:53.262Z level=INFO msg="schema migration step applied" component=memory from=0 to=1 started_at=2026-10-09T23:36:53Z duration_ms=26
2026-10-09T23:36:56.6351485Z time=2026-10-09T23:36:53.312Z level=INFO msg="pre-migration backup written" component=memory backup=C:\Users\RUNNER~1\AppData\Local\Temp\TestTicket224DialectIsPathMatchNotRegexbracket_is_a_class_over_1922592861\001\data\backup\wisp.db.bak-1-2 from=1 to=2
2026-10-09T23:36:56.6352010Z time=2026-10-09T23:36:53.362Z level=INFO msg="schema migration step applied" component=memory from=1 to=2 started_at=2026-10-09T23:36:53Z duration_ms=49
2026-10-09T23:36:56.6352283Z time=2026-10-09T23:36:53.684Z level=INFO msg="schema migration complete" component=memory schema_version=2
2026-10-09T23:36:56.6352639Z time=2026-10-09T23:36:53.686Z level=INFO msg="startup WAL checkpoint (TRUNCATE) done" component=memory wal_pages_before=0 pages_moved=0
2026-10-09T23:36:56.6352929Z === RUN   TestTicket224DialectIsPathMatchNotRegex/a_regex-shaped_row_is_honoured_as_a_literal_pattern
2026-10-09T23:36:56.6354265Z time=2026-10-09T23:36:53.919Z level=INFO msg="pre-migration backup written" component=memory backup=C:\Users\RUNNER~1\AppData\Local\Temp\TestTicket224DialectIsPathMatchNotRegexa_regex-shaped_row_is_ho3423828960\001\data\backup\wisp.db.bak-0-1 from=0 to=1
2026-10-09T23:36:56.6355070Z time=2026-10-09T23:36:53.968Z level=INFO msg="schema migration step applied" component=memory from=0 to=1 started_at=2026-10-09T23:36:53Z duration_ms=48
2026-10-09T23:36:56.6356099Z time=2026-10-09T23:36:54.034Z level=INFO msg="pre-migration backup written" component=memory backup=C:\Users\RUNNER~1\AppData\Local\Temp\TestTicket224DialectIsPathMatchNotRegexa_regex-shaped_row_is_ho3423828960\001\data\backup\wisp.db.bak-1-2 from=1 to=2
2026-10-09T23:36:56.6356500Z time=2026-10-09T23:36:54.077Z level=INFO msg="schema migration step applied" component=memory from=1 to=2 started_at=2026-10-09T23:36:54Z duration_ms=43
2026-10-09T23:36:56.6356774Z time=2026-10-09T23:36:54.123Z level=INFO msg="schema migration complete" component=memory schema_version=2
2026-10-09T23:36:56.6357124Z time=2026-10-09T23:36:54.125Z level=INFO msg="startup WAL checkpoint (TRUNCATE) done" component=memory wal_pages_before=0 pages_moved=0
2026-10-09T23:36:56.6357302Z --- PASS: TestTicket224DialectIsPathMatchNotRegex (1.44s)
2026-10-09T23:36:56.6357645Z     --- PASS: TestTicket224DialectIsPathMatchNotRegex/question_mark_is_a_single_character (0.39s)
2026-10-09T23:36:56.6357973Z     --- PASS: TestTicket224DialectIsPathMatchNotRegex/bracket_is_a_class_over_one_character (0.66s)
2026-10-09T23:36:56.6358360Z     --- PASS: TestTicket224DialectIsPathMatchNotRegex/a_regex-shaped_row_is_honoured_as_a_literal_pattern (0.39s)
2026-10-09T23:36:56.6358539Z === RUN   TestTicket224PatternWithoutStarIsNeverReinterpreted
2026-10-09T23:36:56.6359253Z time=2026-10-09T23:36:54.294Z level=INFO msg="pre-migration backup written" component=memory backup=C:\Users\RUNNER~1\AppData\Local\Temp\TestTicket224PatternWithoutStarIsNeverReinterpreted608089011\001\data\backup\wisp.db.bak-0-1 from=0 to=1
2026-10-09T23:36:56.6359646Z time=2026-10-09T23:36:54.333Z level=INFO msg="schema migration step applied" component=memory from=0 to=1 started_at=2026-10-09T23:36:54Z duration_ms=39
2026-10-09T23:36:56.6360371Z time=2026-10-09T23:36:54.378Z level=INFO msg="pre-migration backup written" component=memory backup=C:\Users\RUNNER~1\AppData\Local\Temp\TestTicket224PatternWithoutStarIsNeverReinterpreted608089011\001\data\backup\wisp.db.bak-1-2 from=1 to=2
2026-10-09T23:36:56.6361205Z time=2026-10-09T23:36:54.437Z level=INFO msg="schema migration step applied" component=memory from=1 to=2 started_at=2026-10-09T23:36:54Z duration_ms=59
2026-10-09T23:36:56.6361464Z time=2026-10-09T23:36:54.533Z level=INFO msg="schema migration complete" component=memory schema_version=2
2026-10-09T23:36:56.6361819Z time=2026-10-09T23:36:54.535Z level=INFO msg="startup WAL checkpoint (TRUNCATE) done" component=memory wal_pages_before=0 pages_moved=0
2026-10-09T23:36:56.6362058Z === RUN   TestTicket224PatternWithoutStarIsNeverReinterpreted//work/note[s].txt
2026-10-09T23:36:56.6362266Z === RUN   TestTicket224PatternWithoutStarIsNeverReinterpreted//work/a?c.txt
2026-10-09T23:36:56.6362491Z === RUN   TestTicket224PatternWithoutStarIsNeverReinterpreted//work/[a-c].txt
2026-10-09T23:36:56.6362714Z === RUN   TestTicket224PatternWithoutStarIsNeverReinterpreted//work/plain.txt
2026-10-09T23:36:56.6362922Z --- PASS: TestTicket224PatternWithoutStarIsNeverReinterpreted (0.47s)
2026-10-09T23:36:56.6363239Z     --- PASS: TestTicket224PatternWithoutStarIsNeverReinterpreted//work/note[s].txt (0.05s)
2026-10-09T23:36:56.6363538Z     --- PASS: TestTicket224PatternWithoutStarIsNeverReinterpreted//work/a?c.txt (0.00s)
2026-10-09T23:36:56.6363823Z     --- PASS: TestTicket224PatternWithoutStarIsNeverReinterpreted//work/[a-c].txt (0.00s)
2026-10-09T23:36:56.6364114Z     --- PASS: TestTicket224PatternWithoutStarIsNeverReinterpreted//work/plain.txt (0.00s)
2026-10-09T23:36:56.6364341Z === RUN   TestTicket224MalformedWildcardIsRefusedAtTheDoorAndIgnoredOnDisk
2026-10-09T23:36:56.6365491Z time=2026-10-09T23:36:54.795Z level=INFO msg="pre-migration backup written" component=memory backup=C:\Users\RUNNER~1\AppData\Local\Temp\TestTicket224MalformedWildcardIsRefusedAtTheDoorAndIgnoredOnDisk112441616\001\data\backup\wisp.db.bak-0-1 from=0 to=1
2026-10-09T23:36:56.6366211Z time=2026-10-09T23:36:55.074Z level=INFO msg="schema migration step applied" component=memory from=0 to=1 started_at=2026-10-09T23:36:54Z duration_ms=279
2026-10-09T23:36:56.6366988Z time=2026-10-09T23:36:55.111Z level=INFO msg="pre-migration backup written" component=memory backup=C:\Users\RUNNER~1\AppData\Local\Temp\TestTicket224MalformedWildcardIsRefusedAtTheDoorAndIgnoredOnDisk112441616\001\data\backup\wisp.db.bak-1-2 from=1 to=2
2026-10-09T23:36:56.6367370Z time=2026-10-09T23:36:55.163Z level=INFO msg="schema migration step applied" component=memory from=1 to=2 started_at=2026-10-09T23:36:55Z duration_ms=51
2026-10-09T23:36:56.6367645Z time=2026-10-09T23:36:55.213Z level=INFO msg="schema migration complete" component=memory schema_version=2
2026-10-09T23:36:56.6368347Z time=2026-10-09T23:36:55.215Z level=INFO msg="startup WAL checkpoint (TRUNCATE) done" component=memory wal_pages_before=0 pages_moved=0
2026-10-09T23:36:56.6369340Z time=2026-10-09T23:36:55.480Z level=INFO msg="pre-migration backup written" component=memory backup=C:\Users\RUNNER~1\AppData\Local\Temp\TestTicket224MalformedWildcardIsRefusedAtTheDoorAndIgnoredOnDisk112441616\002\ghost-data\backup\wisp.db.bak-0-1 from=0 to=1
2026-10-09T23:36:56.6369981Z time=2026-10-09T23:36:55.540Z level=INFO msg="schema migration step applied" component=memory from=0 to=1 started_at=2026-10-09T23:36:55Z duration_ms=60
2026-10-09T23:36:56.6371233Z time=2026-10-09T23:36:55.581Z level=INFO msg="pre-migration backup written" component=memory backup=C:\Users\RUNNER~1\AppData\Local\Temp\TestTicket224MalformedWildcardIsRefusedAtTheDoorAndIgnoredOnDisk112441616\002\ghost-data\backup\wisp.db.bak-1-2 from=1 to=2
2026-10-09T23:36:56.6371824Z time=2026-10-09T23:36:55.616Z level=INFO msg="schema migration step applied" component=memory from=1 to=2 started_at=2026-10-09T23:36:55Z duration_ms=34
2026-10-09T23:36:56.6372151Z time=2026-10-09T23:36:55.657Z level=INFO msg="schema migration complete" component=memory schema_version=2
2026-10-09T23:36:56.6372506Z time=2026-10-09T23:36:55.659Z level=INFO msg="startup WAL checkpoint (TRUNCATE) done" component=memory wal_pages_before=0 pages_moved=0
2026-10-09T23:36:56.6373210Z --- PASS: TestTicket224MalformedWildcardIsRefusedAtTheDoorAndIgnoredOnDisk (1.08s)
2026-10-09T23:36:56.6373354Z === RUN   TestTicket224PatternCoversIsTheOnlyMatcher
2026-10-09T23:36:56.6373540Z --- PASS: TestTicket224PatternCoversIsTheOnlyMatcher (0.00s)
2026-10-09T23:36:56.6373904Z PASS
2026-10-09T23:36:56.6374059Z ok  	github.com/CarlosShao/wisp/internal/session	7.487s
2026-10-09T23:36:56.6374408Z time=2026-10-09T23:36:48.674Z level=INFO msg="winsec: sealing path resolver installed" resolver=risk.c26Pipeline probes_passed=2
2026-10-09T23:36:56.6374549Z === RUN   TestWalksUpFromWorkspaceInPriorityOrder
2026-10-09T23:36:56.6374707Z --- PASS: TestWalksUpFromWorkspaceInPriorityOrder (0.01s)
2026-10-09T23:36:56.6374832Z === RUN   TestUpwardWalkTerminatesAtTheRoot
2026-10-09T23:36:56.6374965Z --- PASS: TestUpwardWalkTerminatesAtTheRoot (0.01s)
2026-10-09T23:36:56.6375146Z === RUN   TestFileNamePriorityInsideOneDirectory
2026-10-09T23:36:56.6375397Z --- PASS: TestFileNamePriorityInsideOneDirectory (0.01s)
2026-10-09T23:36:56.6375567Z === RUN   TestSameFileSeenTwiceIsInjectedOnce
2026-10-09T23:36:56.6375775Z --- PASS: TestSameFileSeenTwiceIsInjectedOnce (0.01s)
2026-10-09T23:36:56.6376033Z === RUN   TestOverBudgetDropsBroadFirstAndTruncatesOnlyTheLast
2026-10-09T23:36:56.6376344Z --- PASS: TestOverBudgetDropsBroadFirstAndTruncatesOnlyTheLast (0.01s)
2026-10-09T23:36:56.6376544Z === RUN   TestLoaderHasNoImportPathToPermOrConfig
2026-10-09T23:36:56.6376777Z --- PASS: TestLoaderHasNoImportPathToPermOrConfig (0.00s)
2026-10-09T23:36:56.6377022Z === RUN   TestLoadedContentCarriesTheExistingC25SourceName
2026-10-09T23:36:56.6377348Z --- PASS: TestLoadedContentCarriesTheExistingC25SourceName (0.01s)
2026-10-09T23:36:56.6377540Z === RUN   TestPanelCarrierCarriesTheManifest
2026-10-09T23:36:56.6377747Z --- PASS: TestPanelCarrierCarriesTheManifest (0.00s)
2026-10-09T23:36:56.6377934Z === RUN   TestOffSwitchReadsNothingAndSaysWhy
2026-10-09T23:36:56.6378248Z --- PASS: TestOffSwitchReadsNothingAndSaysWhy (0.01s)
2026-10-09T23:36:56.6378362Z === RUN   TestZeroBudgetIsStatedNotSilent
2026-10-09T23:36:56.6378502Z --- PASS: TestZeroBudgetIsStatedNotSilent (0.01s)
2026-10-09T23:36:56.6378578Z PASS
2026-10-09T23:36:56.6378720Z ok  	github.com/CarlosShao/wisp/internal/projctx	0.198s
2026-10-09T23:36:56.6378799Z FAIL
2026-10-09T23:36:56.7790424Z runtests.sh: go test exited 1 - packages=[./internal/proc/ ./internal/secret/ ./internal/config/ ./internal/risk/ ./internal/ball/ ./internal/perm/ ./internal/plugin/ ./cmd/llmrecord/ ./internal/session/ ./internal/projctx/ -count=1 -skip ^(TestDefaultDeadlineWallClockMeasurement|TestSubprocessCrashWriter|TestHelperProcess|TestLiveWasapiSmoke|TestRealDownloadVadThroughPipeline|TestRealDownloadPuncArchiveThroughPipeline|TestSyncRegistryProbeLive)$] top-level: PASS=386 FAIL=12 SKIP=1, === RUN=577, '[no tests to run]'=0
2026-10-09T23:36:56.9016715Z portable-tests.sh: four numbers (all from -v output): === RUN=577  --- PASS=386  --- FAIL=12  --- SKIP=1
2026-10-09T23:36:56.9017289Z portable-tests.sh: unaccounted SKIP lines, each with the file:line and reason it printed:
2026-10-09T23:36:56.9214317Z     syncdirs_redteam_windows_test.go:220: no live sync root on this machine (detected roots: [])
2026-10-09T23:36:56.9214932Z --- SKIP: TestSyncRedTeamRealOneDrive (0.00s)
2026-10-09T23:36:56.9954133Z portable-tests.sh:   ok (own line)  github.com/CarlosShao/wisp/cmd/llmrecord
2026-10-09T23:36:57.0748379Z portable-tests.sh:   ok (own line)  github.com/CarlosShao/wisp/internal/ball
2026-10-09T23:36:57.1534226Z portable-tests.sh:   ok (own line)  github.com/CarlosShao/wisp/internal/config
2026-10-09T23:36:57.2334081Z portable-tests.sh:   ok (own line)  github.com/CarlosShao/wisp/internal/perm
2026-10-09T23:36:57.3095519Z portable-tests.sh:   ok (own line)  github.com/CarlosShao/wisp/internal/plugin
2026-10-09T23:36:57.3810581Z portable-tests.sh:   ok (own line)  github.com/CarlosShao/wisp/internal/proc
2026-10-09T23:36:57.4563016Z portable-tests.sh:   ok (own line)  github.com/CarlosShao/wisp/internal/projctx
2026-10-09T23:36:57.5399495Z portable-tests.sh:   FAIL (own line) github.com/CarlosShao/wisp/internal/risk
2026-10-09T23:36:57.6352300Z portable-tests.sh:   ok (own line)  github.com/CarlosShao/wisp/internal/secret
2026-10-09T23:36:57.7126825Z portable-tests.sh:   ok (own line)  github.com/CarlosShao/wisp/internal/session
2026-10-09T23:36:57.7339456Z portable-tests.sh: strict runner exited 1 for scope=[./internal/proc/ ./internal/secret/ ./internal/config/ ./internal/risk/ ./internal/ball/ ./internal/perm/ ./internal/plugin/ ./cmd/llmrecord/ ./internal/session/ ./internal/projctx/]
2026-10-09T23:36:57.7403083Z ##[error]Process completed with exit code 1.
2026-10-09T23:36:57.7581333Z ##[group]Run bash tools/d22scan/runtests.sh ./internal/risk/ -run TestPathResolverJunctionWindows
2026-10-09T23:36:57.7582565Z [36;1mbash tools/d22scan/runtests.sh ./internal/risk/ -run TestPathResolverJunctionWindows[0m
2026-10-09T23:36:57.7599143Z shell: C:\Program Files\Git\bin\bash.EXE --noprofile --norc -e -o pipefail {0}
2026-10-09T23:36:57.7599514Z env:
2026-10-09T23:36:57.7599699Z   WISP_ENV: test
2026-10-09T23:36:57.7599893Z ##[endgroup]
2026-10-09T23:36:58.6409826Z time=2026-10-09T23:36:58.526Z level=INFO msg="winsec: sealing path resolver installed" resolver=risk.c26Pipeline probes_passed=2
2026-10-09T23:36:58.6410719Z === RUN   TestPathResolverJunctionWindows
2026-10-09T23:36:58.6411257Z --- PASS: TestPathResolverJunctionWindows (0.02s)
2026-10-09T23:36:58.6411644Z PASS
2026-10-09T23:36:58.6411978Z ok  	github.com/CarlosShao/wisp/internal/risk	0.077s
2026-10-09T23:36:58.8681727Z runtests.sh: OK - packages=[./internal/risk/ -run TestPathResolverJunctionWindows] top-level: PASS=1 FAIL=0 SKIP=0, === RUN=1, '[no tests to run]'=0
2026-10-09T23:36:58.8956304Z Post job cleanup.
2026-10-09T23:36:59.0885432Z [command]"C:\Program Files\Git\bin\git.exe" version
2026-10-09T23:36:59.1174213Z git version 2.55.0.windows.5
2026-10-09T23:36:59.1244813Z Temporarily overriding HOME='D:\a\_temp\ffdb4e42-d8e5-4168-a8dd-904d419dfe36' before making global git config changes
2026-10-09T23:36:59.1245700Z Adding repository directory to the temporary git global config as a safe directory
2026-10-09T23:36:59.1255652Z [command]"C:\Program Files\Git\bin\git.exe" config --global --add safe.directory D:\a\wisp\wisp
2026-10-09T23:36:59.1583705Z [command]"C:\Program Files\Git\bin\git.exe" config --local --name-only --get-regexp core\.sshCommand
2026-10-09T23:36:59.1902221Z [command]"C:\Program Files\Git\bin\git.exe" submodule foreach --recursive "sh -c \"git config --local --name-only --get-regexp 'core\.sshCommand' && git config --local --unset-all 'core.sshCommand' || :\""
2026-10-09T23:36:59.7826187Z [command]"C:\Program Files\Git\bin\git.exe" config --local --name-only --get-regexp http\.https\:\/\/github\.com\/\.extraheader
2026-10-09T23:36:59.8084930Z http.https://github.com/.extraheader
2026-10-09T23:36:59.8136948Z [command]"C:\Program Files\Git\bin\git.exe" config --local --unset-all http.https://github.com/.extraheader
2026-10-09T23:36:59.8459234Z [command]"C:\Program Files\Git\bin\git.exe" submodule foreach --recursive "sh -c \"git config --local --name-only --get-regexp 'http\.https\:\/\/github\.com\/\.extraheader' && git config --local --unset-all 'http.https://github.com/.extraheader' || :\""
2026-10-09T23:37:00.4233194Z [command]"C:\Program Files\Git\bin\git.exe" config --local --name-only --get-regexp ^includeIf\.gitdir:
2026-10-09T23:37:00.4559186Z [command]"C:\Program Files\Git\bin\git.exe" submodule foreach --recursive "git config --local --show-origin --name-only --get-regexp remote.origin.url"
2026-10-09T23:37:01.0437142Z Cleaning up orphan processes
2026-10-09T23:37:01.1657279Z ##[warning]Node.js 20 is deprecated. The following actions target Node.js 20 but are being forced to run on Node.js 24: actions/cache@v4, actions/checkout@v4, actions/setup-go@v5. For more information see: https://github.blog/changelog/2025-09-19-deprecation-of-node-20-on-github-actions-runners/
