2026-10-10T07:51:09.2555236Z Current runner version: '2.337.0'
2026-10-10T07:51:09.2581753Z ##[group]Runner Image Provisioner
2026-10-10T07:51:09.2582559Z Hosted Compute Agent
2026-10-10T07:51:09.2583126Z Version: 20260901.588
2026-10-10T07:51:09.2583741Z Commit: f88ec8081b781fac6c440065ac7ff9e710ce3d0b
2026-10-10T07:51:09.2584486Z Build Date: 2026-09-01T19:56:44Z
2026-10-10T07:51:09.2585130Z Worker ID: {c7a59867-8194-4c02-8997-ee59e29b2225}
2026-10-10T07:51:09.2585780Z Azure Region: westus
2026-10-10T07:51:09.2586802Z ##[endgroup]
2026-10-10T07:51:09.2588302Z ##[group]Operating System
2026-10-10T07:51:09.2588894Z Microsoft Windows Server 2025
2026-10-10T07:51:09.2589480Z 10.0.26100
2026-10-10T07:51:09.2589970Z Datacenter
2026-10-10T07:51:09.2590430Z ##[endgroup]
2026-10-10T07:51:09.2590957Z ##[group]Runner Image
2026-10-10T07:51:09.2591486Z Image: windows-2025-vs2026
2026-10-10T07:51:09.2592051Z Version: 20260925.250.1
2026-10-10T07:51:09.2593562Z Included Software: https://github.com/actions/runner-images/blob/win25-vs2026/20260925.250/images/windows/Windows2025-VS2026-Readme.md
2026-10-10T07:51:09.2595247Z Image Release: https://github.com/actions/runner-images/releases/tag/win25-vs2026%2F20260925.250
2026-10-10T07:51:09.2596165Z ##[endgroup]
2026-10-10T07:51:09.2597297Z ##[group]GITHUB_TOKEN Permissions
2026-10-10T07:51:09.2599178Z Contents: read
2026-10-10T07:51:09.2599764Z Metadata: read
2026-10-10T07:51:09.2600303Z Packages: read
2026-10-10T07:51:09.2600799Z ##[endgroup]
2026-10-10T07:51:09.2602910Z Secret source: Actions
2026-10-10T07:51:09.2603788Z Cache mode: write
2026-10-10T07:51:09.2604475Z Prepare workflow directory
2026-10-10T07:51:09.3082114Z Prepare all required actions
2026-10-10T07:51:09.3130517Z Getting action download info
2026-10-10T07:51:09.6374153Z Download action repository 'actions/checkout@v4' (SHA:11d5960a326750d5838078e36cf38b85af677262)
2026-10-10T07:51:09.7705287Z Download action repository 'actions/setup-go@v5' (SHA:40f1582b2485089dde7abd97c1529aa768e1baff)
2026-10-10T07:51:10.2076353Z Download action repository 'actions/cache@v4' (SHA:0057852bfaa89a56745cba8c7296529d2fc39830)
2026-10-10T07:51:10.4913125Z Complete job name: test-windows
2026-10-10T07:51:10.6587335Z ##[group]Run actions/checkout@v4
2026-10-10T07:51:10.6588725Z with:
2026-10-10T07:51:10.6589230Z   repository: CarlosShao/wisp
2026-10-10T07:51:10.6594562Z   token: ***
2026-10-10T07:51:10.6595052Z   ssh-strict: true
2026-10-10T07:51:10.6595539Z   ssh-user: git
2026-10-10T07:51:10.6596034Z   persist-credentials: true
2026-10-10T07:51:10.6596610Z   clean: true
2026-10-10T07:51:10.6597147Z   sparse-checkout-cone-mode: true
2026-10-10T07:51:10.6597707Z   fetch-depth: 1
2026-10-10T07:51:10.6598151Z   fetch-tags: false
2026-10-10T07:51:10.6598624Z   show-progress: true
2026-10-10T07:51:10.6599091Z   lfs: false
2026-10-10T07:51:10.6599513Z   submodules: false
2026-10-10T07:51:10.6599973Z   set-safe-directory: true
2026-10-10T07:51:10.6600502Z   allow-unsafe-pr-checkout: false
2026-10-10T07:51:10.6601308Z env:
2026-10-10T07:51:10.6601749Z   WISP_ENV: test
2026-10-10T07:51:10.6602186Z ##[endgroup]
2026-10-10T07:51:10.8028151Z Syncing repository: CarlosShao/wisp
2026-10-10T07:51:10.8029942Z ##[group]Getting Git version info
2026-10-10T07:51:10.8030524Z Working directory is 'D:\a\wisp\wisp'
2026-10-10T07:51:10.9099254Z [command]"C:\Program Files\Git\bin\git.exe" version
2026-10-10T07:51:11.3076168Z git version 2.55.0.windows.5
2026-10-10T07:51:11.3136244Z ##[endgroup]
2026-10-10T07:51:11.3159370Z Temporarily overriding HOME='D:\a\_temp\f129945b-ed31-4760-994c-812b2cf32ed3' before making global git config changes
2026-10-10T07:51:11.3163062Z Adding repository directory to the temporary git global config as a safe directory
2026-10-10T07:51:11.3173932Z [command]"C:\Program Files\Git\bin\git.exe" config --global --add safe.directory D:\a\wisp\wisp
2026-10-10T07:51:11.3857801Z Deleting the contents of 'D:\a\wisp\wisp'
2026-10-10T07:51:11.3863943Z ##[group]Initializing the repository
2026-10-10T07:51:11.3873312Z [command]"C:\Program Files\Git\bin\git.exe" init D:\a\wisp\wisp
2026-10-10T07:51:11.4729322Z Initialized empty Git repository in D:/a/wisp/wisp/.git/
2026-10-10T07:51:11.4781315Z [command]"C:\Program Files\Git\bin\git.exe" remote add origin https://github.com/CarlosShao/wisp
2026-10-10T07:51:11.5409864Z ##[endgroup]
2026-10-10T07:51:11.5410741Z ##[group]Disabling automatic garbage collection
2026-10-10T07:51:11.5419235Z [command]"C:\Program Files\Git\bin\git.exe" config --local gc.auto 0
2026-10-10T07:51:11.5731801Z ##[endgroup]
2026-10-10T07:51:11.5733909Z ##[group]Setting up auth
2026-10-10T07:51:11.5743909Z [command]"C:\Program Files\Git\bin\git.exe" config --local --name-only --get-regexp core\.sshCommand
2026-10-10T07:51:11.6071006Z [command]"C:\Program Files\Git\bin\git.exe" submodule foreach --recursive "sh -c \"git config --local --name-only --get-regexp 'core\.sshCommand' && git config --local --unset-all 'core.sshCommand' || :\""
2026-10-10T07:51:13.0672698Z [command]"C:\Program Files\Git\bin\git.exe" config --local --name-only --get-regexp http\.https\:\/\/github\.com\/\.extraheader
2026-10-10T07:51:13.0983233Z [command]"C:\Program Files\Git\bin\git.exe" submodule foreach --recursive "sh -c \"git config --local --name-only --get-regexp 'http\.https\:\/\/github\.com\/\.extraheader' && git config --local --unset-all 'http.https://github.com/.extraheader' || :\""
2026-10-10T07:51:13.6459778Z [command]"C:\Program Files\Git\bin\git.exe" config --local --name-only --get-regexp ^includeIf\.gitdir:
2026-10-10T07:51:13.6765502Z [command]"C:\Program Files\Git\bin\git.exe" submodule foreach --recursive "git config --local --show-origin --name-only --get-regexp remote.origin.url"
2026-10-10T07:51:14.2221566Z [command]"C:\Program Files\Git\bin\git.exe" config --local http.https://github.com/.extraheader "AUTHORIZATION: basic ***"
2026-10-10T07:51:14.2524921Z ##[endgroup]
2026-10-10T07:51:14.2526186Z ##[group]Fetching the repository
2026-10-10T07:51:14.2538905Z [command]"C:\Program Files\Git\bin\git.exe" -c protocol.version=2 fetch --no-tags --prune --no-recurse-submodules --depth=1 origin +a0e55a51ce498013bc2fc98e404a5ea1a17ad232:refs/remotes/origin/dev
2026-10-10T07:51:16.7362908Z From https://github.com/CarlosShao/wisp
2026-10-10T07:51:16.7363861Z  * [new ref]         a0e55a51ce498013bc2fc98e404a5ea1a17ad232 -> origin/dev
2026-10-10T07:51:16.7401537Z ##[endgroup]
2026-10-10T07:51:16.7401940Z ##[group]Determining the checkout info
2026-10-10T07:51:16.7403834Z ##[endgroup]
2026-10-10T07:51:16.7412440Z [command]"C:\Program Files\Git\bin\git.exe" sparse-checkout disable
2026-10-10T07:51:16.7836162Z [command]"C:\Program Files\Git\bin\git.exe" config --local --unset-all extensions.worktreeConfig
2026-10-10T07:51:16.8117366Z ##[group]Checking out the ref
2026-10-10T07:51:16.8125701Z [command]"C:\Program Files\Git\bin\git.exe" checkout --progress --force -B dev refs/remotes/origin/dev
2026-10-10T07:51:17.8950083Z Updating files:  33% (2956/8924)
2026-10-10T07:51:17.9232993Z Updating files:  34% (3035/8924)
2026-10-10T07:51:17.9489285Z Updating files:  35% (3124/8924)
2026-10-10T07:51:17.9698560Z Updating files:  36% (3213/8924)
2026-10-10T07:51:17.9962246Z Updating files:  37% (3302/8924)
2026-10-10T07:51:18.0202253Z Updating files:  38% (3392/8924)
2026-10-10T07:51:18.0416845Z Updating files:  39% (3481/8924)
2026-10-10T07:51:18.0714961Z Updating files:  40% (3570/8924)
2026-10-10T07:51:18.0961471Z Updating files:  41% (3659/8924)
2026-10-10T07:51:18.1210349Z Updating files:  42% (3749/8924)
2026-10-10T07:51:18.1409621Z Updating files:  43% (3838/8924)
2026-10-10T07:51:18.1657908Z Updating files:  44% (3927/8924)
2026-10-10T07:51:18.1893570Z Updating files:  45% (4016/8924)
2026-10-10T07:51:18.2114819Z Updating files:  46% (4106/8924)
2026-10-10T07:51:18.2360620Z Updating files:  47% (4195/8924)
2026-10-10T07:51:18.2612888Z Updating files:  48% (4284/8924)
2026-10-10T07:51:18.2871938Z Updating files:  49% (4373/8924)
2026-10-10T07:51:18.3139711Z Updating files:  50% (4462/8924)
2026-10-10T07:51:18.3377567Z Updating files:  51% (4552/8924)
2026-10-10T07:51:18.3617845Z Updating files:  52% (4641/8924)
2026-10-10T07:51:18.3883074Z Updating files:  53% (4730/8924)
2026-10-10T07:51:18.4114265Z Updating files:  54% (4819/8924)
2026-10-10T07:51:18.4360357Z Updating files:  55% (4909/8924)
2026-10-10T07:51:18.4609587Z Updating files:  56% (4998/8924)
2026-10-10T07:51:18.4864143Z Updating files:  57% (5087/8924)
2026-10-10T07:51:18.5106588Z Updating files:  58% (5176/8924)
2026-10-10T07:51:18.5336661Z Updating files:  59% (5266/8924)
2026-10-10T07:51:18.5556165Z Updating files:  60% (5355/8924)
2026-10-10T07:51:18.5763190Z Updating files:  61% (5444/8924)
2026-10-10T07:51:18.6039947Z Updating files:  62% (5533/8924)
2026-10-10T07:51:18.6411438Z Updating files:  63% (5623/8924)
2026-10-10T07:51:18.6703909Z Updating files:  64% (5712/8924)
2026-10-10T07:51:18.6993983Z Updating files:  65% (5801/8924)
2026-10-10T07:51:18.7227777Z Updating files:  66% (5890/8924)
2026-10-10T07:51:18.7462916Z Updating files:  67% (5980/8924)
2026-10-10T07:51:18.7717706Z Updating files:  68% (6069/8924)
2026-10-10T07:51:18.7968929Z Updating files:  69% (6158/8924)
2026-10-10T07:51:18.8200588Z Updating files:  70% (6247/8924)
2026-10-10T07:51:18.8493360Z Updating files:  71% (6337/8924)
2026-10-10T07:51:18.8713737Z Updating files:  72% (6426/8924)
2026-10-10T07:51:18.8756926Z Updating files:  73% (6515/8924)
2026-10-10T07:51:18.8921130Z Updating files:  73% (6527/8924)
2026-10-10T07:51:18.9153487Z Updating files:  74% (6604/8924)
2026-10-10T07:51:18.9370010Z Updating files:  75% (6693/8924)
2026-10-10T07:51:18.9619310Z Updating files:  76% (6783/8924)
2026-10-10T07:51:18.9819984Z Updating files:  77% (6872/8924)
2026-10-10T07:51:19.0137449Z Updating files:  78% (6961/8924)
2026-10-10T07:51:19.0437409Z Updating files:  79% (7050/8924)
2026-10-10T07:51:19.0690593Z Updating files:  80% (7140/8924)
2026-10-10T07:51:19.0890779Z Updating files:  81% (7229/8924)
2026-10-10T07:51:19.1152566Z Updating files:  82% (7318/8924)
2026-10-10T07:51:19.3225075Z Updating files:  83% (7407/8924)
2026-10-10T07:51:19.3507247Z Updating files:  84% (7497/8924)
2026-10-10T07:51:19.3881291Z Updating files:  85% (7586/8924)
2026-10-10T07:51:19.4198173Z Updating files:  86% (7675/8924)
2026-10-10T07:51:19.4640602Z Updating files:  87% (7764/8924)
2026-10-10T07:51:19.4983050Z Updating files:  88% (7854/8924)
2026-10-10T07:51:19.5325809Z Updating files:  89% (7943/8924)
2026-10-10T07:51:19.5604396Z Updating files:  90% (8032/8924)
2026-10-10T07:51:19.6200845Z Updating files:  91% (8121/8924)
2026-10-10T07:51:19.6430094Z Updating files:  92% (8211/8924)
2026-10-10T07:51:19.6667713Z Updating files:  93% (8300/8924)
2026-10-10T07:51:19.6917237Z Updating files:  94% (8389/8924)
2026-10-10T07:51:19.7145990Z Updating files:  95% (8478/8924)
2026-10-10T07:51:19.7406201Z Updating files:  96% (8568/8924)
2026-10-10T07:51:19.7644252Z Updating files:  97% (8657/8924)
2026-10-10T07:51:19.7893687Z Updating files:  98% (8746/8924)
2026-10-10T07:51:19.8161929Z Updating files:  99% (8835/8924)
2026-10-10T07:51:19.8162464Z Updating files: 100% (8924/8924)
2026-10-10T07:51:19.8162869Z Updating files: 100% (8924/8924), done.
2026-10-10T07:51:19.8400986Z Switched to a new branch 'dev'
2026-10-10T07:51:19.8472981Z branch 'dev' set up to track 'origin/dev'.
2026-10-10T07:51:19.8582868Z ##[endgroup]
2026-10-10T07:51:19.9041647Z [command]"C:\Program Files\Git\bin\git.exe" log -1 --format=%H
2026-10-10T07:51:19.9307353Z a0e55a51ce498013bc2fc98e404a5ea1a17ad232
2026-10-10T07:51:19.9816328Z ##[group]Run actions/setup-go@v5
2026-10-10T07:51:19.9816619Z with:
2026-10-10T07:51:19.9816806Z   go-version-file: go.mod
2026-10-10T07:51:19.9817029Z   check-latest: false
2026-10-10T07:51:19.9819518Z   token: ***
2026-10-10T07:51:19.9819695Z   cache: true
2026-10-10T07:51:19.9819854Z env:
2026-10-10T07:51:19.9820014Z   WISP_ENV: test
2026-10-10T07:51:19.9820186Z ##[endgroup]
2026-10-10T07:51:20.1395006Z Setup go version spec 1.27
2026-10-10T07:51:20.1681157Z Attempting to download 1.27...
2026-10-10T07:51:20.1869959Z (node:4484) [DEP0040] DeprecationWarning: The `punycode` module is deprecated. Please use a userland alternative instead.
2026-10-10T07:51:20.1871098Z (Use `node --trace-deprecation ...` to show where the warning was created)
2026-10-10T07:51:20.8273103Z matching 1.27...
2026-10-10T07:51:20.8281626Z Acquiring 1.27.2 from https://github.com/actions/go-versions/releases/download/1.27.2-37875086547/go-1.27.2-win32-x64.zip
2026-10-10T07:51:21.5195104Z Extracting Go...
2026-10-10T07:51:21.6215468Z [command]"C:\Program Files\PowerShell\7\pwsh.exe" -NoLogo -NoProfile -NonInteractive -ExecutionPolicy Unrestricted -Command "$ErrorActionPreference = 'Stop' ; try { Add-Type -AssemblyName System.IO.Compression.ZipFile } catch { } ; try { [System.IO.Compression.ZipFile]::ExtractToDirectory('D:\a\_temp\go-1.27.2-win32-x64.zip', 'D:\a\_temp\6fef2a5b-f3b2-4ca1-adc3-819dcf25ddde', $true) } catch { if (($_.Exception.GetType().FullName -eq 'System.Management.Automation.MethodException') -or ($_.Exception.GetType().FullName -eq 'System.Management.Automation.RuntimeException') ){ Expand-Archive -LiteralPath 'D:\a\_temp\go-1.27.2-win32-x64.zip' -DestinationPath 'D:\a\_temp\6fef2a5b-f3b2-4ca1-adc3-819dcf25ddde' -Force } else { throw $_ } } ;"
2026-10-10T07:51:26.9276955Z Successfully extracted go to D:\a\_temp\6fef2a5b-f3b2-4ca1-adc3-819dcf25ddde
2026-10-10T07:51:26.9277405Z Adding to the cache ...
2026-10-10T07:51:38.5042581Z Created link C:\hostedtoolcache\windows\go\1.27.2\x64 => D:\hostedtoolcache\windows\go\1.27.2\x64
2026-10-10T07:51:38.5046918Z Created link C:\hostedtoolcache\windows\go\1.27.2\x64.complete => D:\hostedtoolcache\windows\go\1.27.2\x64.complete
2026-10-10T07:51:38.5048278Z Successfully cached go to C:\hostedtoolcache\windows\go\1.27.2\x64
2026-10-10T07:51:38.5053288Z Added go to the path
2026-10-10T07:51:38.5056162Z Successfully set up Go version 1.27
2026-10-10T07:51:38.8780925Z [command]C:\hostedtoolcache\windows\go\1.27.2\x64\bin\go.exe env GOMODCACHE
2026-10-10T07:51:38.8831156Z [command]C:\hostedtoolcache\windows\go\1.27.2\x64\bin\go.exe env GOCACHE
2026-10-10T07:51:38.9122750Z C:\Users\runneradmin\go\pkg\mod
2026-10-10T07:51:38.9145760Z C:\Users\runneradmin\AppData\Local\go-build
2026-10-10T07:51:39.2899564Z Cache hit for: setup-go-Windows-x64-go-1.27.2-b4f3805abe958e98b99401a573c01750d23ee48da35e3229b78a44fd2da05326
2026-10-10T07:51:39.3020447Z (node:4484) [DEP0169] DeprecationWarning: `url.parse()` behavior is not standardized and prone to errors that have security implications. Use the WHATWG URL API instead. CVEs are not issued for `url.parse()` vulnerabilities.
2026-10-10T07:51:40.5801781Z Received 37748736 of 167608001 (22.5%), 35.7 MBs/sec
2026-10-10T07:51:41.5910129Z Received 130023424 of 167608001 (77.6%), 61.6 MBs/sec
2026-10-10T07:51:42.0905496Z Received 167608001 of 167608001 (100.0%), 63.6 MBs/sec
2026-10-10T07:51:42.0906337Z Cache Size: ~160 MB (167608001 B)
2026-10-10T07:51:42.0979049Z [command]"C:\Program Files\Git\usr\bin\tar.exe" -xf D:/a/_temp/6ae5de06-033b-4cd2-ab3a-b2eae23cac2f/cache.tzst -P -C D:/a/wisp/wisp --force-local --use-compress-program "zstd -d"
2026-10-10T07:51:58.6638994Z Cache restored successfully
2026-10-10T07:51:58.6751068Z Cache restored from key: setup-go-Windows-x64-go-1.27.2-b4f3805abe958e98b99401a573c01750d23ee48da35e3229b78a44fd2da05326
2026-10-10T07:51:58.6775368Z go version go1.27.2 windows/amd64
2026-10-10T07:51:58.6775673Z 
2026-10-10T07:51:58.6776071Z ##[group]go env
2026-10-10T07:51:58.9857272Z set AR=ar
2026-10-10T07:51:58.9857680Z set CC=gcc
2026-10-10T07:51:58.9857893Z set CGO_CFLAGS=-O2 -g
2026-10-10T07:51:58.9858227Z set CGO_CPPFLAGS=
2026-10-10T07:51:58.9858544Z set CGO_CXXFLAGS=-O2 -g
2026-10-10T07:51:58.9858765Z set CGO_ENABLED=1
2026-10-10T07:51:58.9858964Z set CGO_FFLAGS=-O2 -g
2026-10-10T07:51:58.9859171Z set CGO_LDFLAGS=-O2 -g
2026-10-10T07:51:58.9859370Z set CXX=g++
2026-10-10T07:51:58.9859543Z set GCCGO=gccgo
2026-10-10T07:51:58.9859932Z set GO111MODULE=
2026-10-10T07:51:58.9860107Z set GOAMD64=v1
2026-10-10T07:51:58.9860290Z set GOARCH=amd64
2026-10-10T07:51:58.9860468Z set GOAUTH=netrc
2026-10-10T07:51:58.9860676Z set GOBIN=C:\Users\runneradmin\go\bin
2026-10-10T07:51:58.9860996Z set GOCACHE=C:\Users\runneradmin\AppData\Local\go-build
2026-10-10T07:51:58.9861286Z set GOCACHEPROG=
2026-10-10T07:51:58.9861469Z set GODEBUG=
2026-10-10T07:51:58.9861708Z set GOENV=C:\Users\runneradmin\AppData\Roaming\go\env
2026-10-10T07:51:58.9861992Z set GOEXE=.exe
2026-10-10T07:51:58.9862173Z set GOEXPERIMENT=
2026-10-10T07:51:58.9862360Z set GOFIPS140=off
2026-10-10T07:51:58.9862532Z set GOFLAGS=
2026-10-10T07:51:58.9863262Z set GOGCCFLAGS=-m64 -pthread -Wl,--no-gc-sections -fmessage-length=0 -ffile-prefix-map=C:\Users\RUNNER~1\AppData\Local\Temp\go-build3226512642=/tmp/go-build -gno-record-gcc-switches
2026-10-10T07:51:58.9864005Z set GOHOSTARCH=amd64
2026-10-10T07:51:58.9864204Z set GOHOSTOS=windows
2026-10-10T07:51:58.9864387Z set GOINSECURE=
2026-10-10T07:51:58.9864579Z set GOMOD=D:\a\wisp\wisp\go.mod
2026-10-10T07:51:58.9864844Z set GOMODCACHE=C:\Users\runneradmin\go\pkg\mod
2026-10-10T07:51:58.9865118Z set GONOPROXY=
2026-10-10T07:51:58.9865286Z set GONOSUMDB=
2026-10-10T07:51:58.9865455Z set GOOS=windows
2026-10-10T07:51:58.9865643Z set GOPACKAGESDRIVER=
2026-10-10T07:51:58.9865881Z set GOPATH=C:\Users\runneradmin\go
2026-10-10T07:51:58.9866157Z set GOPRIVATE=
2026-10-10T07:51:58.9866393Z set GOPROXY=https://proxy.golang.org,direct
2026-10-10T07:51:58.9866733Z set GOROOT=C:\hostedtoolcache\windows\go\1.27.2\x64
2026-10-10T07:51:58.9867036Z set GOSUMDB=sum.golang.org
2026-10-10T07:51:58.9867250Z set GOTELEMETRY=local
2026-10-10T07:51:58.9867556Z set GOTELEMETRYDIR=C:\Users\runneradmin\AppData\Roaming\go\telemetry
2026-10-10T07:51:58.9867896Z set GOTMPDIR=
2026-10-10T07:51:58.9868088Z set GOTOOLCHAIN=auto
2026-10-10T07:51:58.9868443Z set GOTOOLDIR=C:\hostedtoolcache\windows\go\1.27.2\x64\pkg\tool\windows_amd64
2026-10-10T07:51:58.9868815Z set GOVCS=
2026-10-10T07:51:58.9868987Z set GOVERSION=go1.27.2
2026-10-10T07:51:58.9869181Z set GOWORK=
2026-10-10T07:51:58.9869371Z set PKG_CONFIG=pkg-config
2026-10-10T07:51:58.9869507Z 
2026-10-10T07:51:58.9869820Z ##[endgroup]
2026-10-10T07:51:59.0220878Z ##[group]Run bash scripts/winsec-tests.sh
2026-10-10T07:51:59.0221329Z [36;1mbash scripts/winsec-tests.sh[0m
2026-10-10T07:51:59.0251268Z shell: C:\Program Files\Git\bin\bash.EXE --noprofile --norc -e -o pipefail {0}
2026-10-10T07:51:59.0251671Z env:
2026-10-10T07:51:59.0251836Z   WISP_ENV: test
2026-10-10T07:51:59.0252019Z ##[endgroup]
2026-10-10T07:51:59.6521813Z winsec-tests.sh: platform=windows gate=internal/winsec scope=[./internal/winsec/] package=github.com/CarlosShao/wisp/internal/winsec
2026-10-10T07:51:59.8293797Z portable-tests.sh: explicit scope [./internal/winsec/] IS the winsec tier's own scope - running it as mode=winsec against winsec_pin (ticket 251 AC#1)
2026-10-10T07:52:48.2171816Z portable-tests.sh: platform=windows scope=[./internal/winsec/...]
2026-10-10T07:52:48.2173417Z portable-tests.sh: 11 ledger entries, 7 accounted on this platform:
2026-10-10T07:52:48.2186247Z portable-tests.sh:   TestDefaultDeadlineWallClockMeasurement              [opt-in] 300s wall-clock measurement gated by WISP_84_MEASURE=1 (ticket84_no_owner_test.go:224, docs/evidence/s1/84-ac1-bounded-wait.md); it measures a deadline instead of asserting a property, so a CI run of it produces a duration nobody checks
2026-10-10T07:52:48.2193352Z portable-tests.sh:   TestSubprocessCrashWriter                            [reexec] child-process entry point of TestCrashRecoveryKillMidWrite (concurrent_test.go:186); not a test of its own, it skips whenever it is not the re-exec'd child
2026-10-10T07:52:48.2210881Z portable-tests.sh:   TestHelperProcess                                    [reexec] child-process entry point of the job-object cases (jobscope_windows_test.go:87, //go:build windows); skips unless re-exec'd with the helper env var set
2026-10-10T07:52:48.2215086Z portable-tests.sh:   TestLiveWasapiSmoke                                  [fixture] live WASAPI capture needs WISP_LIVE_MIC=1 and a physical microphone (hotplug_test.go:527, //go:build windows); a hosted runner has no audio endpoint, so the case has no subject there. Real-hardware smoke is ticket 16's
2026-10-10T07:52:48.2218201Z portable-tests.sh:   TestRealDownloadVadThroughPipeline                   [opt-in] real-network spot check gated by WISP_IT_REAL_MIRROR=1 (manifest_real_test.go:120); CI has no business pulling model archives from a third-party mirror
2026-10-10T07:52:48.2224990Z portable-tests.sh:   TestRealDownloadPuncArchiveThroughPipeline           [opt-in] real-network spot check gated by WISP_IT_REAL_MIRROR=1 (manifest_real_test.go:147); same reason as the VAD row
2026-10-10T07:52:48.2251567Z portable-tests.sh:   TestSyncRegistryProbeLive                            [fixture] P12 live registry evidence; on ubuntu it is now out of scope by platform instead of by skip (ticket 93 AC#2 moved it verbatim into syncdirs_windows_test.go), and on a Windows host whose HKCU Accounts key carries no UserFolder the hive has nothing to say. Measured on a windows host at HEAD 84e43af: --- SKIP at syncdirs_windows_test.go:133. As of ticket 110 AC#4 the windows leg carries ./internal/risk/ in its scope, so this row is re-verified against the compiled WINDOWS test binary (go test -list) and printed with its reason in that step's log - which is the step-level answer R-93-4 asked for. Remedy for a real run: a host with a sync record, or fold the shape check into the fixture-driven case. next= on ticket 93
2026-10-10T07:52:48.2506618Z portable-tests.sh: -skip pattern built from the ledger: ^(TestDefaultDeadlineWallClockMeasurement|TestSubprocessCrashWriter|TestHelperProcess|TestLiveWasapiSmoke|TestRealDownloadVadThroughPipeline|TestRealDownloadPuncArchiveThroughPipeline|TestSyncRegistryProbeLive)$
2026-10-10T07:52:57.1264994Z time=2026-10-10T07:52:49.089Z level=INFO msg="winsec: sealing path resolver installed" resolver=risk.c26Pipeline probes_passed=2
2026-10-10T07:52:57.1267188Z === RUN   TestAbsolutenessSpellingsAreNotOneTree
2026-10-10T07:52:57.1268917Z --- PASS: TestAbsolutenessSpellingsAreNotOneTree (0.00s)
2026-10-10T07:52:57.1276765Z === RUN   TestAttributionFaceNeverSeesAMixedAbsolutenessPair
2026-10-10T07:52:57.1286316Z     absoluteness_attribution_129_windows_test.go:154: AC#2 attribution-face reading: 1 notice(s), all absolute=true, caller's resolved answer absolute=true (C:\Users\runneradmin\AppData\Local\Temp\TestAttributionFaceNeverSeesAMixedAbsolutenessPair2192308418\001\store-44440\artifact.txt)
2026-10-10T07:52:57.1291049Z --- PASS: TestAttributionFaceNeverSeesAMixedAbsolutenessPair (0.03s)
2026-10-10T07:52:57.1293716Z === RUN   TestSeamGuardRefusesACandidateWhoseSecondWitnessDiffersOnlyInAbsoluteness
2026-10-10T07:52:57.1310893Z     absoluteness_attribution_129_windows_test.go:268: AC#1 leg "second witness vouches for the probe parent's tree in a drive-relative spelling": answers=map[C:\Users\RUNNER~1\AppData\Local\Temp:D:\wisp129-seam\probe-tree C:\Users\RUNNER~1\AppData\Local\Temp\wisp-129-tree-ownership-probe:D:\wisp129-seam\moved-seal\leaf D:\wisp129-seam\moved-seal:D:wisp129-seam\probe-tree] asked=[C:\Users\RUNNER~1\AppData\Local\Temp C:\Users\RUNNER~1\AppData\Local\Temp\wisp-129-tree-ownership-probe D:\wisp129-seam\moved-seal] refusal="it answered \"C:\\\\Users\\\\RUNNER~1\\\\AppData\\\\Local\\\\Temp\\\\wisp-129-tree-ownership-probe\" with \"D:\\\\wisp129-seam\\\\moved-seal\\\\leaf\", which is neither inside the tree \"D:\\\\wisp129-seam\\\\probe-tree\" it answered for that path's own parent \"C:\\\\Users\\\\RUNNER~1\\\\AppData\\\\Local\\\\Temp\" nor inside the tree that answer names once the candidate is asked about it directly (\"D:wisp129-seam\\\\probe-tree\" for \"D:\\\\wisp129-seam\\\\moved-seal\"): the seam may not be used to move a seal into another tree" (sameTree read a drive-relative answer as the absolute tree it names only after absolutization)
2026-10-10T07:52:57.1342339Z     absoluteness_attribution_129_windows_test.go:268: AC#1 leg "the child's own answer sits in the probe parent's tree only when read drive-relative": answers=map[C:\Users\RUNNER~1\AppData\Local\Temp:D:\wisp129-seam\probe-tree C:\Users\RUNNER~1\AppData\Local\Temp\wisp-129-tree-ownership-probe:D:wisp129-seam\probe-tree\leaf D:wisp129-seam\probe-tree:D:\wisp129-seam\unrelated-tree] asked=[C:\Users\RUNNER~1\AppData\Local\Temp C:\Users\RUNNER~1\AppData\Local\Temp\wisp-129-tree-ownership-probe D:wisp129-seam\probe-tree] refusal="it answered \"C:\\\\Users\\\\RUNNER~1\\\\AppData\\\\Local\\\\Temp\\\\wisp-129-tree-ownership-probe\" with \"D:wisp129-seam\\\\probe-tree\\\\leaf\", which is neither inside the tree \"D:\\\\wisp129-seam\\\\probe-tree\" it answered for that path's own parent \"C:\\\\Users\\\\RUNNER~1\\\\AppData\\\\Local\\\\Temp\" nor inside the tree that answer names once the candidate is asked about it directly (\"D:\\\\wisp129-seam\\\\unrelated-tree\" for \"D:wisp129-seam\\\\probe-tree\"): the seam may not be used to move a seal into another tree" (answerInsideTree at :391 took a drive-relative child as inside an absolute parent)
2026-10-10T07:52:57.1359528Z     absoluteness_attribution_129_windows_test.go:268: AC#1 leg "control for the gap: an absolute second witness naming another tree": answers=map[C:\Users\RUNNER~1\AppData\Local\Temp:D:\wisp129-seam\probe-tree C:\Users\RUNNER~1\AppData\Local\Temp\wisp-129-tree-ownership-probe:D:\wisp129-seam\moved-seal\leaf D:\wisp129-seam\moved-seal:D:\wisp129-seam\unrelated-tree] asked=[C:\Users\RUNNER~1\AppData\Local\Temp C:\Users\RUNNER~1\AppData\Local\Temp\wisp-129-tree-ownership-probe D:\wisp129-seam\moved-seal] refusal="it answered \"C:\\\\Users\\\\RUNNER~1\\\\AppData\\\\Local\\\\Temp\\\\wisp-129-tree-ownership-probe\" with \"D:\\\\wisp129-seam\\\\moved-seal\\\\leaf\", which is neither inside the tree \"D:\\\\wisp129-seam\\\\probe-tree\" it answered for that path's own parent \"C:\\\\Users\\\\RUNNER~1\\\\AppData\\\\Local\\\\Temp\" nor inside the tree that answer names once the candidate is asked about it directly (\"D:\\\\wisp129-seam\\\\unrelated-tree\" for \"D:\\\\wisp129-seam\\\\moved-seal\"): the seam may not be used to move a seal into another tree" (this leg is green before this ticket too; it is here to show what a refusal looks like)
2026-10-10T07:52:57.1371517Z     absoluteness_attribution_129_windows_test.go:268: AC#1 leg "CONTROL: the second witness names that very tree, both spellings absolute": answers=map[C:\Users\RUNNER~1\AppData\Local\Temp:D:\wisp129-seam\probe-tree C:\Users\RUNNER~1\AppData\Local\Temp\wisp-129-tree-ownership-probe:D:\wisp129-seam\moved-seal\leaf D:\wisp129-seam\moved-seal:D:\wisp129-seam\probe-tree] asked=[C:\Users\RUNNER~1\AppData\Local\Temp C:\Users\RUNNER~1\AppData\Local\Temp\wisp-129-tree-ownership-probe D:\wisp129-seam\moved-seal] refusal="" (the honest self-vouching ticket 112 and 126 already protect)
2026-10-10T07:52:57.1378295Z     absoluteness_attribution_129_windows_test.go:268: AC#1 leg "CONTROL: both the probe parent's answer and the second witness are drive-relative and identical": answers=map[C:\Users\RUNNER~1\AppData\Local\Temp:D:wisp129-seam\probe-tree C:\Users\RUNNER~1\AppData\Local\Temp\wisp-129-tree-ownership-probe:D:\wisp129-seam\moved-seal\leaf D:\wisp129-seam\moved-seal:D:wisp129-seam\probe-tree] asked=[C:\Users\RUNNER~1\AppData\Local\Temp C:\Users\RUNNER~1\AppData\Local\Temp\wisp-129-tree-ownership-probe D:\wisp129-seam\moved-seal] refusal="" (agreeing absoluteness is what the rule requires, not absolute-ness itself)
2026-10-10T07:52:57.1382605Z     absoluteness_attribution_129_windows_test.go:268: AC#1 leg "CONTROL: the child's answer is honestly inside the probe parent's tree": answers=map[C:\Users\RUNNER~1\AppData\Local\Temp:D:\wisp129-seam\probe-tree C:\Users\RUNNER~1\AppData\Local\Temp\wisp-129-tree-ownership-probe:D:\wisp129-seam\probe-tree\leaf] asked=[C:\Users\RUNNER~1\AppData\Local\Temp C:\Users\RUNNER~1\AppData\Local\Temp\wisp-129-tree-ownership-probe] refusal="" (the containment leg must still stop there, exactly as before the change)
2026-10-10T07:52:57.1384895Z --- PASS: TestSeamGuardRefusesACandidateWhoseSecondWitnessDiffersOnlyInAbsoluteness (0.00s)
2026-10-10T07:52:57.1385482Z === RUN   TestHonestPipelineKeepsPassingItsOwnProbe
2026-10-10T07:52:57.1386054Z === RUN   TestHonestPipelineKeepsPassingItsOwnProbe/on_a_planted_8.3_short_spelling_of_an_existing_parent
2026-10-10T07:52:57.1388552Z     absoluteness_attribution_129_windows_test.go:317: CONTROL: honest 8.3 pair still passes; long="C:\\Users\\RUNNER~1\\AppData\\Local\\Temp\\TestHonestPipelineKeepsPassingItsOwnProbeon_a_planted_8.3_short4261366245\\001\\wisp129-long-profile-name" short="C:\\Users\\RUNNER~1\\AppData\\Local\\Temp\\TESTHO~1.3_S\\001\\WISP12~1" both absolute=true/true
2026-10-10T07:52:57.1391362Z --- PASS: TestHonestPipelineKeepsPassingItsOwnProbe (0.00s)
2026-10-10T07:52:57.1392717Z     --- PASS: TestHonestPipelineKeepsPassingItsOwnProbe/on_a_planted_8.3_short_spelling_of_an_existing_parent (0.00s)
2026-10-10T07:52:57.1393888Z === RUN   TestAC1SealFileReportsTheInheritedGrantItCleared
2026-10-10T07:52:57.1396014Z     inherited_narrow_notice_104_windows_test.go:121: icacls BEFORE SealFile C:\Users\RUNNER~1\AppData\Local\Temp\TestAC1SealFileReportsTheInheritedGrantItCleared2895994423\001\store\readable-by-inheritance.txt
2026-10-10T07:52:57.1399114Z         C:\Users\RUNNER~1\AppData\Local\Temp\TestAC1SealFileReportsTheInheritedGrantItCleared2895994423\001\store\readable-by-inheritance.txt Everyone:(I)(RX)
2026-10-10T07:52:57.1405057Z                                                                                                                                               NT AUTHORITY\SYSTEM:(I)(F)
2026-10-10T07:52:57.1410934Z                                                                                                                                               BUILTIN\Administrators:(I)(F)
2026-10-10T07:52:57.1416492Z                                                                                                                                               runnervmfi6oq\runneradmin:(I)(F)
2026-10-10T07:52:57.1417352Z         
2026-10-10T07:52:57.1418034Z         Successfully processed 1 files; Failed processing 0 files
2026-10-10T07:52:57.1420159Z     inherited_narrow_notice_104_windows_test.go:131: icacls AFTER SealFile C:\Users\RUNNER~1\AppData\Local\Temp\TestAC1SealFileReportsTheInheritedGrantItCleared2895994423\001\store\readable-by-inheritance.txt
2026-10-10T07:52:57.1423113Z         C:\Users\RUNNER~1\AppData\Local\Temp\TestAC1SealFileReportsTheInheritedGrantItCleared2895994423\001\store\readable-by-inheritance.txt NT AUTHORITY\SYSTEM:(F)
2026-10-10T07:52:57.1427520Z                                                                                                                                               BUILTIN\Administrators:(F)
2026-10-10T07:52:57.1430779Z                                                                                                                                               runnervmfi6oq\runneradmin:(F)
2026-10-10T07:52:57.1431231Z         
2026-10-10T07:52:57.1431775Z         Successfully processed 1 files; Failed processing 0 files
2026-10-10T07:52:57.1432246Z --- PASS: TestAC1SealFileReportsTheInheritedGrantItCleared (0.05s)
2026-10-10T07:52:57.1432647Z === RUN   TestAC1DefaultLogSaysInherited
2026-10-10T07:52:57.1436010Z     inherited_narrow_notice_104_windows_test.go:182: default rendering: time=2026-10-10T07:52:49.215Z level=WARN msg="winsec: seal cleared principals that stood on this object" path=C:\Users\runneradmin\AppData\Local\Temp\TestAC1DefaultLogSaysInherited1329197749\001\store\log-leg.txt kind=inherited cleared="" cleared_inherited=S-1-1-0(A;ID;0x1200a9;;;WD) policy="winsec owns the grants on this tree; out-of-band ACEs are removed at the next seal"
2026-10-10T07:52:57.1437751Z --- PASS: TestAC1DefaultLogSaysInherited (0.02s)
2026-10-10T07:52:57.1438106Z === RUN   TestAC2InheritedNoticeHasANoiseBound
2026-10-10T07:52:57.1438620Z === RUN   TestAC2InheritedNoticeHasANoiseBound/a_private_tree_with_only_the_private_set_stays_quiet
2026-10-10T07:52:57.1440015Z     inherited_narrow_notice_104_windows_test.go:231: leg 1 (only {me,SY,BA}) WARN count = 0
2026-10-10T07:52:57.1441263Z === RUN   TestAC2InheritedNoticeHasANoiseBound/parent_policy_change_propagates_without_a_per_child_storm
2026-10-10T07:52:57.1442875Z     inherited_narrow_notice_104_windows_test.go:279: leg 2 (parent sealed first, then 6 children): total WARN = 1 (parent=1, children=0), per-child=map[c:\users\runneradmin\appdata\local\temp\testac2inheritednoticehasanoiseboundparent_policy_change_propag1611361710\001\propagated:1]
2026-10-10T07:52:57.1444185Z === RUN   TestAC2InheritedNoticeHasANoiseBound/sealing_only_children_reports_each_of_them_once
2026-10-10T07:52:57.1444989Z     inherited_narrow_notice_104_windows_test.go:331: leg 3 (parent left wide, 4 children sealed singly): total WARN = 4
2026-10-10T07:52:57.1445564Z --- PASS: TestAC2InheritedNoticeHasANoiseBound (0.07s)
2026-10-10T07:52:57.1446238Z     --- PASS: TestAC2InheritedNoticeHasANoiseBound/a_private_tree_with_only_the_private_set_stays_quiet (0.01s)
2026-10-10T07:52:57.1447120Z     --- PASS: TestAC2InheritedNoticeHasANoiseBound/parent_policy_change_propagates_without_a_per_child_storm (0.03s)
2026-10-10T07:52:57.1448333Z     --- PASS: TestAC2InheritedNoticeHasANoiseBound/sealing_only_children_reports_each_of_them_once (0.03s)
2026-10-10T07:52:57.1448976Z === RUN   TestAC3OwnGrantsStaySilentWhicheverWayTheOSNamesThem
2026-10-10T07:52:57.1450438Z     inherited_narrow_notice_104_windows_test.go:387: own-trustee seal WARN count = 1 ([{Path:C:\Users\runneradmin\AppData\Local\Temp\TestAC3OwnGrantsStaySilentWhicheverWayTheOSNamesThem2411638364\001\byname\service-witness.txt Principals:[S-1-5-6(A;;0x1200a9;;;SU)] Inherited:[]}])
2026-10-10T07:52:57.1451691Z --- PASS: TestAC3OwnGrantsStaySilentWhicheverWayTheOSNamesThem (0.07s)
2026-10-10T07:52:57.1452124Z === RUN   TestSealReportsThePrincipalsItCleared
2026-10-10T07:52:57.1452498Z --- PASS: TestSealReportsThePrincipalsItCleared (0.03s)
2026-10-10T07:52:57.1452883Z === RUN   TestSealNoticeIsRecordedByDefault
2026-10-10T07:52:57.1456693Z     narrow_notice_windows_test.go:142: recorded notice: time=2026-10-10T07:52:49.408Z level=WARN msg="winsec: seal cleared principals that stood on this object" path=C:\Users\runneradmin\AppData\Local\Temp\TestSealNoticeIsRecordedByDefault935385485\001\data kind=explicit cleared=S-1-5-6(A;OICI;0x1200a9;;;SU) cleared_inherited="" policy="winsec owns the grants on this tree; out-of-band ACEs are removed at the next seal"
2026-10-10T07:52:57.1459992Z --- PASS: TestSealNoticeIsRecordedByDefault (0.02s)
2026-10-10T07:52:57.1460762Z === RUN   TestNoticeAttributionSurvivesAn83AliasOfItsOwnTree
2026-10-10T07:52:57.1464879Z     notice_attribution_115_windows_test.go:230: seal #0 typed "C:\\Users\\RUNNER~1\\AppData\\Local\\Temp\\TestNoticeAttributionSurvivesAn83AliasOfItsOwnTree1689886610\\001\\wisp115longdirname\\artifact-under-test.txt" -> notice path "C:\\Users\\runneradmin\\AppData\\Local\\Temp\\TestNoticeAttributionSurvivesAn83AliasOfItsOwnTree1689886610\\001\\wisp115longdirname\\artifact-under-test.txt" (EqualFold with the short spelling: false)
2026-10-10T07:52:57.1471045Z     notice_attribution_115_windows_test.go:230: seal #1 typed "C:\\Users\\RUNNER~1\\AppData\\Local\\Temp\\TESTNO~1\\001\\WISP11~1\\ARTIFA~1.TXT" -> notice path "C:\\Users\\runneradmin\\AppData\\Local\\Temp\\TestNoticeAttributionSurvivesAn83AliasOfItsOwnTree1689886610\\001\\wisp115longdirname\\artifact-under-test.txt" (EqualFold with the short spelling: false)
2026-10-10T07:52:57.1476488Z     notice_attribution_115_windows_test.go:230: seal #2 typed "C:\\Users\\RUNNER~1\\AppData\\Local\\Temp\\TESTNO~1\\001\\WISP11~1\\artifact-under-test.txt" -> notice path "C:\\Users\\runneradmin\\AppData\\Local\\Temp\\TestNoticeAttributionSurvivesAn83AliasOfItsOwnTree1689886610\\001\\wisp115longdirname\\artifact-under-test.txt" (EqualFold with the short spelling: false)
2026-10-10T07:52:57.1483010Z     notice_attribution_115_windows_test.go:230: seal #3 typed "C:\\USERS\\RUNNER~1\\APPDATA\\LOCAL\\TEMP\\TESTNOTICEATTRIBUTIONSURVIVESAN83ALIASOFITSOWNTREE1689886610\\001\\WISP115LONGDIRNAME\\ARTIFACT-UNDER-TEST.TXT" -> notice path "C:\\Users\\runneradmin\\AppData\\Local\\Temp\\TestNoticeAttributionSurvivesAn83AliasOfItsOwnTree1689886610\\001\\wisp115longdirname\\artifact-under-test.txt" (EqualFold with the short spelling: false)
2026-10-10T07:52:57.1485136Z --- PASS: TestNoticeAttributionSurvivesAn83AliasOfItsOwnTree (0.06s)
2026-10-10T07:52:57.1485588Z === RUN   TestNoticeAttributionKeepsTwoTreesApart
2026-10-10T07:52:57.1485991Z --- PASS: TestNoticeAttributionKeepsTwoTreesApart (0.09s)
2026-10-10T07:52:57.1486678Z === RUN   TestAC118KindFieldSaysExplicitForAGrantThatStoodOnTheObjectItself
2026-10-10T07:52:57.1487312Z --- PASS: TestAC118KindFieldSaysExplicitForAGrantThatStoodOnTheObjectItself (0.02s)
2026-10-10T07:52:57.1487901Z === RUN   TestAC118KindFieldSaysInheritedForAGrantTheParentHandedDown
2026-10-10T07:52:57.1488464Z --- PASS: TestAC118KindFieldSaysInheritedForAGrantTheParentHandedDown (0.02s)
2026-10-10T07:52:57.1489017Z === RUN   TestAC118KindFieldSaysBothWhenTheObjectCarriedItsOwnGrantToo
2026-10-10T07:52:57.1489575Z --- PASS: TestAC118KindFieldSaysBothWhenTheObjectCarriedItsOwnGrantToo (0.03s)
2026-10-10T07:52:57.1490068Z === RUN   TestAC118NamesEveryoneIsJudgedBySIDNotByTwoBytes
2026-10-10T07:52:57.1490885Z     notice_kind_and_everyone_118_windows_test.go:635: AC#3 buckets read: SERVICE-only "S-1-5-6(A;;0x1200a9;;;SU)", Everyone "S-1-1-0(A;;0x1200a9;;;WD)"
2026-10-10T07:52:57.1491608Z --- PASS: TestAC118NamesEveryoneIsJudgedBySIDNotByTwoBytes (0.10s)
2026-10-10T07:52:57.1492061Z === RUN   TestAC2AncestorPrefixesForEverySeparatorShape
2026-10-10T07:52:57.1492513Z === RUN   TestAC2AncestorPrefixesForEverySeparatorShape/native-backslash
2026-10-10T07:52:57.1493268Z     pathpieces_108_test.go:85: native-backslash: pathPieces("C:\\a\\b\\keep.txt") = ["C:\\a" "C:\\a\\b" "C:\\a\\b\\keep.txt"]
2026-10-10T07:52:57.1493921Z === RUN   TestAC2AncestorPrefixesForEverySeparatorShape/all-forward-slash
2026-10-10T07:52:57.1495368Z     pathpieces_108_test.go:85: all-forward-slash: pathPieces("C:/a/b/keep.txt") = ["C:/a" "C:/a/b" "C:/a/b/keep.txt"]
2026-10-10T07:52:57.1496043Z === RUN   TestAC2AncestorPrefixesForEverySeparatorShape/mixed-separators
2026-10-10T07:52:57.1496784Z     pathpieces_108_test.go:85: mixed-separators: pathPieces("C:\\a/b\\keep.txt") = ["C:\\a" "C:\\a/b" "C:\\a/b\\keep.txt"]
2026-10-10T07:52:57.1497435Z === RUN   TestAC2AncestorPrefixesForEverySeparatorShape/trailing-separator
2026-10-10T07:52:57.1498148Z     pathpieces_108_test.go:85: trailing-separator: pathPieces("/a/b/keep.txt/") = ["/a" "/a/b" "/a/b/keep.txt"]
2026-10-10T07:52:57.1498765Z === RUN   TestAC2AncestorPrefixesForEverySeparatorShape/doubled-separator
2026-10-10T07:52:57.1499463Z     pathpieces_108_test.go:85: doubled-separator: pathPieces("/a/b//keep.txt") = ["/a" "/a/b" "/a/b//keep.txt"]
2026-10-10T07:52:57.1500166Z === RUN   TestAC2AncestorPrefixesForEverySeparatorShape/posix-backslash-is-a-name-character
2026-10-10T07:52:57.1501321Z     pathpieces_108_test.go:85: posix-backslash-is-a-name-character: pathPieces("/a/b\\c/keep.txt") = ["/a" "/a/b" "/a/b\\c" "/a/b\\c/keep.txt"]
2026-10-10T07:52:57.1502079Z === RUN   TestAC2AncestorPrefixesForEverySeparatorShape/extended-length-prefix
2026-10-10T07:52:57.1502981Z     pathpieces_108_test.go:85: extended-length-prefix: pathPieces("\\\\?\\C:\\a\\b\\keep.txt") = ["\\\\?\\C:\\a" "\\\\?\\C:\\a\\b" "\\\\?\\C:\\a\\b\\keep.txt"]
2026-10-10T07:52:57.1503679Z --- PASS: TestAC2AncestorPrefixesForEverySeparatorShape (0.00s)
2026-10-10T07:52:57.1504273Z     --- PASS: TestAC2AncestorPrefixesForEverySeparatorShape/native-backslash (0.00s)
2026-10-10T07:52:57.1504927Z     --- PASS: TestAC2AncestorPrefixesForEverySeparatorShape/all-forward-slash (0.00s)
2026-10-10T07:52:57.1505583Z     --- PASS: TestAC2AncestorPrefixesForEverySeparatorShape/mixed-separators (0.00s)
2026-10-10T07:52:57.1506578Z     --- PASS: TestAC2AncestorPrefixesForEverySeparatorShape/trailing-separator (0.00s)
2026-10-10T07:52:57.1507262Z     --- PASS: TestAC2AncestorPrefixesForEverySeparatorShape/doubled-separator (0.00s)
2026-10-10T07:52:57.1508035Z     --- PASS: TestAC2AncestorPrefixesForEverySeparatorShape/posix-backslash-is-a-name-character (0.00s)
2026-10-10T07:52:57.1508798Z     --- PASS: TestAC2AncestorPrefixesForEverySeparatorShape/extended-length-prefix (0.00s)
2026-10-10T07:52:57.1509341Z === RUN   TestAC2ComponentsAndTraversalPerSeparatorShape
2026-10-10T07:52:57.1510158Z     pathpieces_108_test.go:129: a dot-dot the Windows parser would honour: lexicalTraversal("C:/a/../b") -> found=true (traverses "..")
2026-10-10T07:52:57.1511784Z     pathpieces_108_test.go:129: a portable dot-dot: lexicalTraversal("/a/../b") -> found=true (traverses "..")
2026-10-10T07:52:57.1513976Z     pathpieces_108_test.go:129: backslash-dot-dot: one real component name on POSIX, two separators on Windows: lexicalTraversal("/a/b\\..\\c") -> found=true (traverses "..")
2026-10-10T07:52:57.1515412Z     pathpieces_108_test.go:129: an empty segment: lexicalTraversal("/a/b//c") -> found=true (has an empty path segment (index 4))
2026-10-10T07:52:57.1516277Z     pathpieces_108_test.go:129: a self reference: lexicalTraversal("/a/./b") -> found=true (traverses ".")
2026-10-10T07:52:57.1516861Z --- PASS: TestAC2ComponentsAndTraversalPerSeparatorShape (0.00s)
2026-10-10T07:52:57.1517260Z === RUN   TestAC5FailedSealRefusesTheWrite
2026-10-10T07:52:57.1517614Z === RUN   TestAC5FailedSealRefusesTheWrite/exclusive_artifact
2026-10-10T07:52:57.1518025Z === RUN   TestAC5FailedSealRefusesTheWrite/replacement_write
2026-10-10T07:52:57.1518432Z === RUN   TestAC5FailedSealRefusesTheWrite/directory_chain
2026-10-10T07:52:57.1518852Z === RUN   TestAC5FailedSealRefusesTheWrite/seal_file_and_dir_direct
2026-10-10T07:52:57.1519255Z --- PASS: TestAC5FailedSealRefusesTheWrite (0.01s)
2026-10-10T07:52:57.1519728Z     --- PASS: TestAC5FailedSealRefusesTheWrite/exclusive_artifact (0.00s)
2026-10-10T07:52:57.1520268Z     --- PASS: TestAC5FailedSealRefusesTheWrite/replacement_write (0.00s)
2026-10-10T07:52:57.1520971Z     --- PASS: TestAC5FailedSealRefusesTheWrite/directory_chain (0.00s)
2026-10-10T07:52:57.1521756Z     --- PASS: TestAC5FailedSealRefusesTheWrite/seal_file_and_dir_direct (0.00s)
2026-10-10T07:52:57.1522216Z === RUN   TestAC5FailureIsNotSwallowedByTheHappyPath
2026-10-10T07:52:57.1522617Z --- PASS: TestAC5FailureIsNotSwallowedByTheHappyPath (0.00s)
2026-10-10T07:52:57.1523008Z === RUN   TestGateJudgesThePrivateSetByResolvedSID
2026-10-10T07:52:57.1523559Z === RUN   TestGateJudgesThePrivateSetByResolvedSID/runner_descriptor_is_judged_by_what_it_resolves_to
2026-10-10T07:52:57.1524292Z === RUN   TestGateJudgesThePrivateSetByResolvedSID/the_set_holds_no_name_in_the_form_it_is_compared_with
2026-10-10T07:52:57.1524976Z === RUN   TestGateJudgesThePrivateSetByResolvedSID/a_name_spelling_cannot_change_the_verdict
2026-10-10T07:52:57.1525515Z --- PASS: TestGateJudgesThePrivateSetByResolvedSID (0.01s)
2026-10-10T07:52:57.1526198Z     --- PASS: TestGateJudgesThePrivateSetByResolvedSID/runner_descriptor_is_judged_by_what_it_resolves_to (0.00s)
2026-10-10T07:52:57.1527490Z     --- PASS: TestGateJudgesThePrivateSetByResolvedSID/the_set_holds_no_name_in_the_form_it_is_compared_with (0.00s)
2026-10-10T07:52:57.1528339Z     --- PASS: TestGateJudgesThePrivateSetByResolvedSID/a_name_spelling_cannot_change_the_verdict (0.00s)
2026-10-10T07:52:57.1528934Z === RUN   TestSealNarrowsAndNamesThePrincipalItRemovedBySID
2026-10-10T07:52:57.1530552Z     private_set_sid_windows_test.go:314: planted as strangers: [S-1-1-0 S-1-5-32-546]; planted as a private-set member: S-1-5-21-1643835476-1616584234-1346609752-500 (LA=S-1-5-21-1643835476-1616584234-1346609752-500, in set: true, set=[S-1-5-32-544 S-1-5-21-1643835476-1616584234-1346609752-500 S-1-5-18])
2026-10-10T07:52:57.1531773Z --- PASS: TestSealNarrowsAndNamesThePrincipalItRemovedBySID (0.04s)
2026-10-10T07:52:57.1532439Z === RUN   TestGateRefusesADescriptorThatLeavesARealGrantToAnotherAccount
2026-10-10T07:52:57.1533027Z --- PASS: TestGateRefusesADescriptorThatLeavesARealGrantToAnotherAccount (0.00s)
2026-10-10T07:52:57.1533576Z === RUN   TestAC4DirectorySymlinkAtArtifactPositionIsNotRecursed
2026-10-10T07:52:57.1534865Z     reparse_windows_test.go:111: os.Symlink ok: artifact -> C:\Users\RUNNER~1\AppData\Local\Temp\TestAC4DirectorySymlinkAtArtifactPositionIsNotRecursed197146727\001\someone-elses-tree (Lstat mode Lrw-rw-rw-, FILE_ATTRIBUTE_REPARSE_POINT set)
2026-10-10T07:52:57.1536966Z     reparse_windows_test.go:121: os.Remove cleared the directory symlink directly; A51② does not reproduce for it on this box
2026-10-10T07:52:57.1539917Z     reparse_windows_test.go:129: os.Symlink ok: artifact -> C:\Users\RUNNER~1\AppData\Local\Temp\TestAC4DirectorySymlinkAtArtifactPositionIsNotRecursed197146727\001\someone-elses-tree (Lstat mode Lrw-rw-rw-, FILE_ATTRIBUTE_REPARSE_POINT set)
2026-10-10T07:52:57.1542250Z     reparse_windows_test.go:148: os.Symlink ok: artifact -> C:\Users\RUNNER~1\AppData\Local\Temp\TestAC4DirectorySymlinkAtArtifactPositionIsNotRecursed197146727\001\someone-elses-tree (Lstat mode Lrw-rw-rw-, FILE_ATTRIBUTE_REPARSE_POINT set)
2026-10-10T07:52:57.1543414Z --- PASS: TestAC4DirectorySymlinkAtArtifactPositionIsNotRecursed (0.01s)
2026-10-10T07:52:57.1543921Z === RUN   TestAC4DirectorySymlinkInsideSealedTreeIsNotWalked
2026-10-10T07:52:57.1545149Z     reparse_windows_test.go:180: os.Symlink ok: link -> C:\Users\RUNNER~1\AppData\Local\Temp\TestAC4DirectorySymlinkInsideSealedTreeIsNotWalked277476623\002\someone-elses-tree (Lstat mode Lrw-rw-rw-, FILE_ATTRIBUTE_REPARSE_POINT set)
2026-10-10T07:52:57.1546235Z --- PASS: TestAC4DirectorySymlinkInsideSealedTreeIsNotWalked (0.01s)
2026-10-10T07:52:57.1546889Z === RUN   TestAC4JunctionAtArtifactPositionIsNotRecursed
2026-10-10T07:52:57.1548435Z     reparse_windows_test.go:227: mklink /J: Junction created for C:\Users\RUNNER~1\AppData\Local\Temp\TestAC4JunctionAtArtifactPositionIsNotRecursed3507746939\002\data\artifact <<===>> C:\Users\RUNNER~1\AppData\Local\Temp\TestAC4JunctionAtArtifactPositionIsNotRecursed3507746939\001\someone-elses-tree
2026-10-10T07:52:57.1550318Z     reparse_windows_test.go:245: os.Remove cleared this junction directly; A51② does not reproduce for it
2026-10-10T07:52:57.1552026Z     reparse_windows_test.go:252: mklink /J: Junction created for C:\Users\RUNNER~1\AppData\Local\Temp\TestAC4JunctionAtArtifactPositionIsNotRecursed3507746939\002\data\artifact <<===>> C:\Users\RUNNER~1\AppData\Local\Temp\TestAC4JunctionAtArtifactPositionIsNotRecursed3507746939\001\someone-elses-tree
2026-10-10T07:52:57.1553332Z --- PASS: TestAC4JunctionAtArtifactPositionIsNotRecursed (0.03s)
2026-10-10T07:52:57.1553751Z === RUN   TestAC4UnlinkableLinkGivesNamedError
2026-10-10T07:52:57.1555045Z     reparse_windows_test.go:287: mklink /J: Junction created for C:\Users\RUNNER~1\AppData\Local\Temp\TestAC4UnlinkableLinkGivesNamedError3636436784\001\data\artifact <<===>> C:\Users\RUNNER~1\AppData\Local\Temp\TestAC4UnlinkableLinkGivesNamedError3636436784\002\wide
2026-10-10T07:52:57.1556163Z --- PASS: TestAC4UnlinkableLinkGivesNamedError (0.03s)
2026-10-10T07:52:57.1556511Z === RUN   TestAC4SealedWalkSkipsLinks
2026-10-10T07:52:57.1557677Z     reparse_windows_test.go:344: mklink /J: Junction created for C:\Users\RUNNER~1\AppData\Local\Temp\TestAC4SealedWalkSkipsLinks995823842\001\data\work\link <<===>> C:\Users\RUNNER~1\AppData\Local\Temp\TestAC4SealedWalkSkipsLinks995823842\002\outside
2026-10-10T07:52:57.1559435Z --- PASS: TestAC4SealedWalkSkipsLinks (0.02s)
2026-10-10T07:52:57.1559884Z === RUN   TestCrossVolumeSpellingsAreNotOneTree
2026-10-10T07:52:57.1560272Z --- PASS: TestCrossVolumeSpellingsAreNotOneTree (0.00s)
2026-10-10T07:52:57.1560741Z === RUN   TestNoticeFromOneVolumeIsNotAttributedToAnotherVolumeSpelling
2026-10-10T07:52:57.1563984Z     volume_attribution_126_windows_test.go:174: AC#4 shapes: sealed=C:\Users\runneradmin\AppData\Local\Temp\TestNoticeFromOneVolumeIsNotAttributedToAnotherVolumeSpelling2412425924\001\store-44440\artifact.txt planted=Z:\Users\runneradmin\AppData\Local\Temp\TestNoticeFromOneVolumeIsNotAttributedToAnotherVolumeSpelling2412425924\001\store-44440\artifact.txt (volumes "C:" vs "Z:", tails byte-identical)
2026-10-10T07:52:57.1566310Z     volume_attribution_126_windows_test.go:178: notices attributed to the tree that was sealed: 1 of 1; to the planted other-volume spelling: 0
2026-10-10T07:52:57.1567301Z --- PASS: TestNoticeFromOneVolumeIsNotAttributedToAnotherVolumeSpelling (0.02s)
2026-10-10T07:52:57.1567871Z === RUN   TestNoticeFromOneVolumeIsNotAttributedToASecondRealVolume
2026-10-10T07:52:57.1568438Z === RUN   TestNoticeFromOneVolumeIsNotAttributedToASecondRealVolume/two_real_volumes
2026-10-10T07:52:57.1569483Z     volume_attribution_126_windows_test.go:251: AC#8 shapes: A=C:\wisp126-xvol-4760\store-44440\artifact.txt B=D:\wisp126-xvol-4760\store-44440\artifact.txt (volumes "C:" vs "D:")
2026-10-10T07:52:57.1570608Z     volume_attribution_126_windows_test.go:252: notices after sealing A only: 1; attributed to A: 1; attributed to never-sealed B: 0
2026-10-10T07:52:57.1571327Z --- PASS: TestNoticeFromOneVolumeIsNotAttributedToASecondRealVolume (0.03s)
2026-10-10T07:52:57.1572052Z     --- PASS: TestNoticeFromOneVolumeIsNotAttributedToASecondRealVolume/two_real_volumes (0.03s)
2026-10-10T07:52:57.1572700Z === RUN   TestSeamGuardRefusesACandidateWhoseSecondWitnessNamesAnotherVolume
2026-10-10T07:52:57.1577277Z     volume_attribution_126_windows_test.go:380: AC#2 leg "second witness names the same tree on another volume": answers=map[C:\Users\RUNNER~1\AppData\Local\Temp:D:\wisp126-seam\probe-tree C:\Users\RUNNER~1\AppData\Local\Temp\wisp-126-tree-ownership-probe:D:\wisp126-seam\moved-seal\leaf D:\wisp126-seam\moved-seal:C:\wisp126-seam\probe-tree] asked=[C:\Users\RUNNER~1\AppData\Local\Temp C:\Users\RUNNER~1\AppData\Local\Temp\wisp-126-tree-ownership-probe D:\wisp126-seam\moved-seal] refusal="it answered \"C:\\\\Users\\\\RUNNER~1\\\\AppData\\\\Local\\\\Temp\\\\wisp-126-tree-ownership-probe\" with \"D:\\\\wisp126-seam\\\\moved-seal\\\\leaf\", which is neither inside the tree \"D:\\\\wisp126-seam\\\\probe-tree\" it answered for that path's own parent \"C:\\\\Users\\\\RUNNER~1\\\\AppData\\\\Local\\\\Temp\" nor inside the tree that answer names once the candidate is asked about it directly (\"C:\\\\wisp126-seam\\\\probe-tree\" for \"D:\\\\wisp126-seam\\\\moved-seal\"): the seam may not be used to move a seal into another tree"
2026-10-10T07:52:57.1585196Z     volume_attribution_126_windows_test.go:380: AC#2 leg "second witness names a deeper tree on another volume": answers=map[C:\Users\RUNNER~1\AppData\Local\Temp:D:\wisp126-seam\probe-tree C:\Users\RUNNER~1\AppData\Local\Temp\wisp-126-tree-ownership-probe:D:\wisp126-seam\moved-seal\leaf D:\wisp126-seam\moved-seal:C:\wisp126-seam\probe-tree\deeper] asked=[C:\Users\RUNNER~1\AppData\Local\Temp C:\Users\RUNNER~1\AppData\Local\Temp\wisp-126-tree-ownership-probe D:\wisp126-seam\moved-seal] refusal="it answered \"C:\\\\Users\\\\RUNNER~1\\\\AppData\\\\Local\\\\Temp\\\\wisp-126-tree-ownership-probe\" with \"D:\\\\wisp126-seam\\\\moved-seal\\\\leaf\", which is neither inside the tree \"D:\\\\wisp126-seam\\\\probe-tree\" it answered for that path's own parent \"C:\\\\Users\\\\RUNNER~1\\\\AppData\\\\Local\\\\Temp\" nor inside the tree that answer names once the candidate is asked about it directly (\"C:\\\\wisp126-seam\\\\probe-tree\\\\deeper\" for \"D:\\\\wisp126-seam\\\\moved-seal\"): the seam may not be used to move a seal into another tree"
2026-10-10T07:52:57.1593160Z     volume_attribution_126_windows_test.go:380: AC#2 leg "the child's own answer names a deeper tree on another volume": answers=map[C:\Users\RUNNER~1\AppData\Local\Temp:D:\wisp126-seam\probe-tree C:\Users\RUNNER~1\AppData\Local\Temp\wisp-126-tree-ownership-probe:C:\wisp126-seam\probe-tree\leaf C:\wisp126-seam\probe-tree:C:\wisp126-seam\unrelated-tree] asked=[C:\Users\RUNNER~1\AppData\Local\Temp C:\Users\RUNNER~1\AppData\Local\Temp\wisp-126-tree-ownership-probe C:\wisp126-seam\probe-tree] refusal="it answered \"C:\\\\Users\\\\RUNNER~1\\\\AppData\\\\Local\\\\Temp\\\\wisp-126-tree-ownership-probe\" with \"C:\\\\wisp126-seam\\\\probe-tree\\\\leaf\", which is neither inside the tree \"D:\\\\wisp126-seam\\\\probe-tree\" it answered for that path's own parent \"C:\\\\Users\\\\RUNNER~1\\\\AppData\\\\Local\\\\Temp\" nor inside the tree that answer names once the candidate is asked about it directly (\"C:\\\\wisp126-seam\\\\unrelated-tree\" for \"C:\\\\wisp126-seam\\\\probe-tree\"): the seam may not be used to move a seal into another tree"
2026-10-10T07:52:57.1598922Z     volume_attribution_126_windows_test.go:380: AC#2 leg "control: the second witness names that very tree, same volume": answers=map[C:\Users\RUNNER~1\AppData\Local\Temp:D:\wisp126-seam\probe-tree C:\Users\RUNNER~1\AppData\Local\Temp\wisp-126-tree-ownership-probe:D:\wisp126-seam\moved-seal\leaf D:\wisp126-seam\moved-seal:D:\wisp126-seam\probe-tree] asked=[C:\Users\RUNNER~1\AppData\Local\Temp C:\Users\RUNNER~1\AppData\Local\Temp\wisp-126-tree-ownership-probe D:\wisp126-seam\moved-seal] refusal=""
2026-10-10T07:52:57.1603780Z     volume_attribution_126_windows_test.go:380: AC#2 leg "control: the second witness names a containing tree, same volume": answers=map[C:\Users\RUNNER~1\AppData\Local\Temp:D:\wisp126-seam\probe-tree C:\Users\RUNNER~1\AppData\Local\Temp\wisp-126-tree-ownership-probe:D:\wisp126-seam\moved-seal\leaf D:\wisp126-seam\moved-seal:D:\wisp126-seam\probe-tree\deeper] asked=[C:\Users\RUNNER~1\AppData\Local\Temp C:\Users\RUNNER~1\AppData\Local\Temp\wisp-126-tree-ownership-probe D:\wisp126-seam\moved-seal] refusal=""
2026-10-10T07:52:57.1610108Z     volume_attribution_126_windows_test.go:380: AC#2 leg "control: the second witness names that tree with another case of the volume letter": answers=map[C:\Users\RUNNER~1\AppData\Local\Temp:D:\wisp126-seam\probe-tree C:\Users\RUNNER~1\AppData\Local\Temp\wisp-126-tree-ownership-probe:D:\wisp126-seam\moved-seal\leaf D:\wisp126-seam\moved-seal:d:\wisp126-seam\probe-tree] asked=[C:\Users\RUNNER~1\AppData\Local\Temp C:\Users\RUNNER~1\AppData\Local\Temp\wisp-126-tree-ownership-probe D:\wisp126-seam\moved-seal] refusal=""
2026-10-10T07:52:57.1614477Z     volume_attribution_126_windows_test.go:380: AC#2 leg "control: the child's answer is inside the probe parent's tree": answers=map[C:\Users\RUNNER~1\AppData\Local\Temp:D:\wisp126-seam\probe-tree C:\Users\RUNNER~1\AppData\Local\Temp\wisp-126-tree-ownership-probe:D:\wisp126-seam\probe-tree\leaf] asked=[C:\Users\RUNNER~1\AppData\Local\Temp C:\Users\RUNNER~1\AppData\Local\Temp\wisp-126-tree-ownership-probe] refusal=""
2026-10-10T07:52:57.1616715Z --- PASS: TestSeamGuardRefusesACandidateWhoseSecondWitnessNamesAnotherVolume (0.00s)
2026-10-10T07:52:57.1617355Z === RUN   TestAC1DriveRelativeAndAbsoluteSpellingsNameTwoObjectsOnThisBox
2026-10-10T07:52:57.1618083Z === RUN   TestAC1DriveRelativeAndAbsoluteSpellingsNameTwoObjectsOnThisBox/on_the_volume_the_process_is_standing_on
2026-10-10T07:52:57.1619017Z     absoluteness_seam_landing_129_windows_test.go:168: AC#1 object reading: wd=D:\a\wisp\wisp\internal\winsec volume=D:
2026-10-10T07:52:57.1620376Z     absoluteness_seam_landing_129_windows_test.go:169: AC#1 object reading: drive-relative spelling "D:wisp129-dr-4760\\tree\\object.txt" reads "drive-relative"; absolute spelling "D:\\wisp129-dr-4760\\tree\\object.txt" reads "absolute"
2026-10-10T07:52:57.1621549Z     absoluteness_seam_landing_129_windows_test.go:176: icacls "D:wisp129-dr-4760\\tree\\object.txt"
2026-10-10T07:52:57.1622131Z         D:wisp129-dr-4760\tree\object.txt Everyone:(RX)
2026-10-10T07:52:57.1647135Z                                           BUILTIN\Administrators:(I)(F)
2026-10-10T07:52:57.1648268Z                                           NT AUTHORITY\SYSTEM:(I)(F)
2026-10-10T07:52:57.1649595Z                                           runnervmfi6oq\runneradmin:(I)(F)
2026-10-10T07:52:57.1650754Z                                           BUILTIN\Users:(I)(RX)
2026-10-10T07:52:57.1651484Z         
2026-10-10T07:52:57.1652091Z         Successfully processed 1 files; Failed processing 0 files
2026-10-10T07:52:57.1653264Z     absoluteness_seam_landing_129_windows_test.go:177: icacls "D:\\wisp129-dr-4760\\tree\\object.txt"
2026-10-10T07:52:57.1654487Z         D:\wisp129-dr-4760\tree\object.txt BUILTIN\Administrators:(I)(F)
2026-10-10T07:52:57.1655867Z                                            NT AUTHORITY\SYSTEM:(I)(F)
2026-10-10T07:52:57.1657187Z                                            runnervmfi6oq\runneradmin:(I)(F)
2026-10-10T07:52:57.1658364Z                                            BUILTIN\Users:(I)(RX)
2026-10-10T07:52:57.1658855Z         
2026-10-10T07:52:57.1659453Z         Successfully processed 1 files; Failed processing 0 files
2026-10-10T07:52:57.1661799Z     absoluteness_seam_landing_129_windows_test.go:178: AC#1 ACL reading: "D:wisp129-dr-4760\\tree\\object.txt" sids=[S-1-1-0 S-1-5-32-544 S-1-5-18 S-1-5-21-1643835476-1616584234-1346609752-500 S-1-5-32-545] names=[Everyone BUILTIN\Administrators NT AUTHORITY\SYSTEM runnervmfi6oq\runneradmin BUILTIN\Users]
2026-10-10T07:52:57.1664075Z     absoluteness_seam_landing_129_windows_test.go:179: AC#1 ACL reading: "D:\\wisp129-dr-4760\\tree\\object.txt" sids=[S-1-5-32-544 S-1-5-18 S-1-5-21-1643835476-1616584234-1346609752-500 S-1-5-32-545] names=[BUILTIN\Administrators NT AUTHORITY\SYSTEM runnervmfi6oq\runneradmin BUILTIN\Users]
2026-10-10T07:52:57.1666233Z     absoluteness_seam_landing_129_windows_test.go:196: AC#1 pipeline reading: ResolvePath("D:wisp129-dr-4760\\tree\\object.txt") = "D:\\a\\wisp\\wisp\\internal\\winsec\\wisp129-dr-4760\\tree\\object.txt" (drive-relative spelling names an object under "D:\\a\\wisp\\wisp\\internal\\winsec")
2026-10-10T07:52:57.1667493Z --- PASS: TestAC1DriveRelativeAndAbsoluteSpellingsNameTwoObjectsOnThisBox (3.92s)
2026-10-10T07:52:57.1668404Z     --- PASS: TestAC1DriveRelativeAndAbsoluteSpellingsNameTwoObjectsOnThisBox/on_the_volume_the_process_is_standing_on (3.92s)
2026-10-10T07:52:57.1669192Z === RUN   TestAC1SeamVouchesForTwoRealObjectsThatDifferOnlyInAbsoluteness
2026-10-10T07:52:57.1672809Z time=2026-10-10T07:52:53.869Z level=ERROR msg="winsec: refusing to install a path resolver into the sealing seam" resolver=*winsec_test.witness129 reason="it answered \"C:\\\\Users\\\\runneradmin\\\\AppData\\\\Local\\\\Temp\" and \"C:\\\\Users\\\\runneradmin\\\\AppData\\\\Local\\\\Temp\\\\wisp-108-tree-ownership-probe\" with the same single spelling \"D:\\\\wisp129-vouch-4760\\\\tree\", i.e. it does not resolve the tree the caller named at all" consequence="the incumbent resolver, or the built-in floor, stays in place"
2026-10-10T07:52:57.1676894Z     absoluteness_seam_landing_129_windows_test.go:236: AC#1 probe pair read off the guard's own asks: parent="C:\\Users\\runneradmin\\AppData\\Local\\Temp" child="C:\\Users\\runneradmin\\AppData\\Local\\Temp\\wisp-108-tree-ownership-probe" (absolute parent: true)
2026-10-10T07:52:57.1683182Z     absoluteness_seam_landing_129_windows_test.go:247: AC#1 real-object verdict: refusal="it answered \"C:\\\\Users\\\\runneradmin\\\\AppData\\\\Local\\\\Temp\\\\wisp-108-tree-ownership-probe\" with \"D:\\\\wisp129-vouch-4760\\\\tree\\\\leaf\", which is neither inside the tree \"D:wisp129-vouch-4760\\\\tree\" it answered for that path's own parent \"C:\\\\Users\\\\runneradmin\\\\AppData\\\\Local\\\\Temp\" nor inside the tree that answer names once the candidate is asked about it directly (\"D:\\\\wisp129-vouch-4760-unrelated\" for \"D:\\\\wisp129-vouch-4760\\\\tree\"): the seam may not be used to move a seal into another tree" asked=[C:\Users\runneradmin\AppData\Local\Temp C:\Users\runneradmin\AppData\Local\Temp\wisp-108-tree-ownership-probe D:\wisp129-vouch-4760\tree] (parent answer "D:wisp129-vouch-4760\\tree", child answer "D:\\wisp129-vouch-4760\\tree\\leaf")
2026-10-10T07:52:57.1686392Z --- PASS: TestAC1SeamVouchesForTwoRealObjectsThatDifferOnlyInAbsoluteness (0.00s)
2026-10-10T07:52:57.1687142Z === RUN   TestAC2NoSealEverActsOnAGloballyDifferentAbsoluteness
2026-10-10T07:52:57.1689022Z     absoluteness_seam_landing_129_windows_test.go:298: AC#2 reading: existing absolute file "C:\\Users\\RUNNER~1\\AppData\\Local\\Temp\\TestAC2NoSealEverActsOnAGloballyDifferentAbsoluteness372169380\\001\\artifact.txt" answered "C:\\Users\\runneradmin\\AppData\\Local\\Temp\\TestAC2NoSealEverActsOnAGloballyDifferentAbsoluteness372169380\\001\\artifact.txt" (absolute)
2026-10-10T07:52:57.1691998Z     absoluteness_seam_landing_129_windows_test.go:298: AC#2 reading: existing file, slash separators "C:/Users/RUNNER~1/AppData/Local/Temp/TestAC2NoSealEverActsOnAGloballyDifferentAbsoluteness372169380/001/artifact.txt" answered "C:\\Users\\runneradmin\\AppData\\Local\\Temp\\TestAC2NoSealEverActsOnAGloballyDifferentAbsoluteness372169380\\001\\artifact.txt" (absolute)
2026-10-10T07:52:57.1694112Z     absoluteness_seam_landing_129_windows_test.go:298: AC#2 reading: nonexistent absolute tail "D:\\wisp129-shape\\tree\\object.txt" answered "D:\\wisp129-shape\\tree\\object.txt" (absolute)
2026-10-10T07:52:57.1697298Z     absoluteness_seam_landing_129_windows_test.go:298: AC#2 reading: nonexistent drive-relative tail "D:wisp129-shape\\tree\\object.txt" answered "D:\\a\\wisp\\wisp\\internal\\winsec\\wisp129-shape\\tree\\object.txt" (absolute)
2026-10-10T07:52:57.1700789Z     absoluteness_seam_landing_129_windows_test.go:298: AC#2 reading: relative spelling, no volume at all "wisp129-shape\\tree\\object.txt" answered "D:\\a\\wisp\\wisp\\internal\\winsec\\wisp129-shape\\tree\\object.txt" (absolute)
2026-10-10T07:52:57.1701858Z --- PASS: TestAC2NoSealEverActsOnAGloballyDifferentAbsoluteness (0.00s)
2026-10-10T07:52:57.1702489Z === RUN   TestAC1SealLandsInAForeignTreeWhenTheSeamAdmittedAnAbsolutenessBlindCandidate
2026-10-10T07:52:57.1703292Z     absoluteness_seam_landing_129_windows_test.go:323: incumbent resolver on this machine: risk.c26Pipeline
2026-10-10T07:52:57.1704487Z     absoluteness_seam_landing_129_windows_test.go:332: icacls "C:\\Users\\RUNNER~1\\AppData\\Local\\Temp\\TestAC1SealLandsInAForeignTreeWhenTheSeamAdmittedAnAbsolutenessB67825910\\001\\victim"
2026-10-10T07:52:57.1706122Z         C:\Users\RUNNER~1\AppData\Local\Temp\TestAC1SealLandsInAForeignTreeWhenTheSeamAdmittedAnAbsolutenessB67825910\001\victim Everyone:(OI)(CI)(RX)
2026-10-10T07:52:57.1709031Z                                                                                                                                  NT AUTHORITY\SYSTEM:(OI)(CI)(F)
2026-10-10T07:52:57.1711719Z                                                                                                                                  BUILTIN\Administrators:(OI)(CI)(F)
2026-10-10T07:52:57.1715345Z                                                                                                                                  runnervmfi6oq\runneradmin:(OI)(CI)(F)
2026-10-10T07:52:57.1715827Z         
2026-10-10T07:52:57.1716188Z         Successfully processed 1 files; Failed processing 0 files
2026-10-10T07:52:57.1717710Z     absoluteness_seam_landing_129_windows_test.go:332: victim DACL before: sids=[S-1-1-0 S-1-5-18 S-1-5-32-544 S-1-5-21-1643835476-1616584234-1346609752-500] names=[Everyone NT AUTHORITY\SYSTEM BUILTIN\Administrators runnervmfi6oq\runneradmin]
2026-10-10T07:52:57.1720785Z     absoluteness_seam_landing_129_windows_test.go:334: icacls "C:\\Users\\RUNNER~1\\AppData\\Local\\Temp\\TestAC1SealLandsInAForeignTreeWhenTheSeamAdmittedAnAbsolutenessB67825910\\001\\victim\\sub\\keep-me.txt"
2026-10-10T07:52:57.1724853Z         C:\Users\RUNNER~1\AppData\Local\Temp\TestAC1SealLandsInAForeignTreeWhenTheSeamAdmittedAnAbsolutenessB67825910\001\victim\sub\keep-me.txt Everyone:(I)(RX)
2026-10-10T07:52:57.1732339Z                                                                                                                                                  BUILTIN\Administrators:(I)(F)
2026-10-10T07:52:57.1737750Z                                                                                                                                                  NT AUTHORITY\SYSTEM:(I)(F)
2026-10-10T07:52:57.1741029Z                                                                                                                                                  runnervmfi6oq\runneradmin:(I)(F)
2026-10-10T07:52:57.1741853Z         
2026-10-10T07:52:57.1742221Z         Successfully processed 1 files; Failed processing 0 files
2026-10-10T07:52:57.1743520Z     absoluteness_seam_landing_129_windows_test.go:335: AC#1 foreign file DACL before: sids=[S-1-1-0 S-1-5-32-544 S-1-5-18 S-1-5-21-1643835476-1616584234-1346609752-500] names=[Everyone BUILTIN\Administrators NT AUTHORITY\SYSTEM runnervmfi6oq\runneradmin]
2026-10-10T07:52:57.1745234Z     absoluteness_seam_landing_129_windows_test.go:344: icacls "C:\\Users\\RUNNER~1\\AppData\\Local\\Temp\\TestAC1SealLandsInAForeignTreeWhenTheSeamAdmittedAnAbsolutenessB67825910\\002\\data\\blob.bin"
2026-10-10T07:52:57.1746712Z         C:\Users\RUNNER~1\AppData\Local\Temp\TestAC1SealLandsInAForeignTreeWhenTheSeamAdmittedAnAbsolutenessB67825910\002\data\blob.bin Everyone:(RX)
2026-10-10T07:52:57.1749587Z                                                                                                                                         BUILTIN\Administrators:(F)
2026-10-10T07:52:57.1752109Z                                                                                                                                         NT AUTHORITY\SYSTEM:(F)
2026-10-10T07:52:57.1754787Z                                                                                                                                         runnervmfi6oq\runneradmin:(F)
2026-10-10T07:52:57.1755194Z         
2026-10-10T07:52:57.1755532Z         Successfully processed 1 files; Failed processing 0 files
2026-10-10T07:52:57.1756738Z     absoluteness_seam_landing_129_windows_test.go:344: our wide file blob.bin: sids=[S-1-1-0 S-1-5-32-544 S-1-5-18 S-1-5-21-1643835476-1616584234-1346609752-500] names=[Everyone BUILTIN\Administrators NT AUTHORITY\SYSTEM runnervmfi6oq\runneradmin]
2026-10-10T07:52:57.1758529Z     absoluteness_seam_landing_129_windows_test.go:345: icacls "C:\\Users\\RUNNER~1\\AppData\\Local\\Temp\\TestAC1SealLandsInAForeignTreeWhenTheSeamAdmittedAnAbsolutenessB67825910\\002\\data\\blob.bin"
2026-10-10T07:52:57.1760004Z         C:\Users\RUNNER~1\AppData\Local\Temp\TestAC1SealLandsInAForeignTreeWhenTheSeamAdmittedAnAbsolutenessB67825910\002\data\blob.bin Everyone:(RX)
2026-10-10T07:52:57.1763220Z                                                                                                                                         BUILTIN\Administrators:(F)
2026-10-10T07:52:57.1765767Z                                                                                                                                         NT AUTHORITY\SYSTEM:(F)
2026-10-10T07:52:57.1768472Z                                                                                                                                         runnervmfi6oq\runneradmin:(F)
2026-10-10T07:52:57.1768883Z         
2026-10-10T07:52:57.1769225Z         Successfully processed 1 files; Failed processing 0 files
2026-10-10T07:52:57.1770498Z     absoluteness_seam_landing_129_windows_test.go:346: AC#1 caller's own file DACL before: sids=[S-1-1-0 S-1-5-32-544 S-1-5-18 S-1-5-21-1643835476-1616584234-1346609752-500] names=[Everyone BUILTIN\Administrators NT AUTHORITY\SYSTEM runnervmfi6oq\runneradmin]
2026-10-10T07:52:57.1773590Z time=2026-10-10T07:52:53.963Z level=ERROR msg="winsec: refusing to install a path resolver into the sealing seam" resolver=*winsec_test.witness129 reason="it answered \"C:\\\\Users\\\\runneradmin\\\\AppData\\\\Local\\\\Temp\" and \"C:\\\\Users\\\\runneradmin\\\\AppData\\\\Local\\\\Temp\\\\wisp-108-tree-ownership-probe\" with the same single spelling \"C:\\\\Users\\\\RUNNER~1\\\\AppData\\\\Local\\\\Temp\\\\TestAC1SealLandsInAForeignTreeWhenTheSeamAdmittedAnAbsolutenessB67825910\\\\001\\\\victim\\\\sub\\\\keep-me.txt\", i.e. it does not resolve the tree the caller named at all" consequence="the incumbent resolver, or the built-in floor, stays in place"
2026-10-10T07:52:57.1777595Z     absoluteness_seam_landing_129_windows_test.go:348: AC#1 probe pair read off the guard's own asks: parent="C:\\Users\\runneradmin\\AppData\\Local\\Temp" child="C:\\Users\\runneradmin\\AppData\\Local\\Temp\\wisp-108-tree-ownership-probe" (absolute parent: true)
2026-10-10T07:52:57.1779924Z     absoluteness_seam_landing_129_windows_test.go:373: AC#1 install attempt: seam now <floor>; asked=[C:\Users\runneradmin\AppData\Local\Temp C:\Users\runneradmin\AppData\Local\Temp\..\wisp-103-conformance-probe C:\Users\runneradmin\AppData\Local\Temp\wisp-108-tree-ownership-probe D:\wisp129-seam\moved-seal wisp103\conformance-probe]
2026-10-10T07:52:57.1785032Z     absoluteness_seam_landing_129_windows_test.go:383: AC#1 the candidate was refused; reason on record: time=2026-10-10T07:52:53.964Z level=ERROR msg="winsec: refusing to install a path resolver into the sealing seam" resolver=*winsec_test.witness129 reason="it answered \"C:\\\\Users\\\\runneradmin\\\\AppData\\\\Local\\\\Temp\\\\wisp-108-tree-ownership-probe\" with \"D:\\\\wisp129-seam\\\\moved-seal\\\\leaf\", which is neither inside the tree \"D:\\\\wisp129-seam\\\\probe-tree\" it answered for that path's own parent \"C:\\\\Users\\\\runneradmin\\\\AppData\\\\Local\\\\Temp\" nor inside the tree that answer names once the candidate is asked about it directly (\"D:wisp129-seam\\\\probe-tree\" for \"D:\\\\wisp129-seam\\\\moved-seal\"): the seam may not be used to move a seal into another tree" consequence="the incumbent resolver, or the built-in floor, stays in place"
2026-10-10T07:52:57.1788937Z     absoluteness_seam_landing_129_windows_test.go:389: AC#1 SealFile("C:\\Users\\RUNNER~1\\AppData\\Local\\Temp\\TestAC1SealLandsInAForeignTreeWhenTheSeamAdmittedAnAbsolutenessB67825910\\002\\data\\blob.bin") -> <nil> (candidate admitted: false; seam <floor>)
2026-10-10T07:52:57.1790764Z     absoluteness_seam_landing_129_windows_test.go:390: icacls "C:\\Users\\RUNNER~1\\AppData\\Local\\Temp\\TestAC1SealLandsInAForeignTreeWhenTheSeamAdmittedAnAbsolutenessB67825910\\001\\victim\\sub\\keep-me.txt"
2026-10-10T07:52:57.1792451Z         C:\Users\RUNNER~1\AppData\Local\Temp\TestAC1SealLandsInAForeignTreeWhenTheSeamAdmittedAnAbsolutenessB67825910\001\victim\sub\keep-me.txt Everyone:(I)(RX)
2026-10-10T07:52:57.1795725Z                                                                                                                                                  BUILTIN\Administrators:(I)(F)
2026-10-10T07:52:57.1798580Z                                                                                                                                                  NT AUTHORITY\SYSTEM:(I)(F)
2026-10-10T07:52:57.1802681Z                                                                                                                                                  runnervmfi6oq\runneradmin:(I)(F)
2026-10-10T07:52:57.1803160Z         
2026-10-10T07:52:57.1803526Z         Successfully processed 1 files; Failed processing 0 files
2026-10-10T07:52:57.1804648Z     absoluteness_seam_landing_129_windows_test.go:391: icacls "C:\\Users\\RUNNER~1\\AppData\\Local\\Temp\\TestAC1SealLandsInAForeignTreeWhenTheSeamAdmittedAnAbsolutenessB67825910\\002\\data\\blob.bin"
2026-10-10T07:52:57.1806189Z         C:\Users\RUNNER~1\AppData\Local\Temp\TestAC1SealLandsInAForeignTreeWhenTheSeamAdmittedAnAbsolutenessB67825910\002\data\blob.bin NT AUTHORITY\SYSTEM:(F)
2026-10-10T07:52:57.1809313Z                                                                                                                                         BUILTIN\Administrators:(F)
2026-10-10T07:52:57.1812002Z                                                                                                                                         runnervmfi6oq\runneradmin:(F)
2026-10-10T07:52:57.1812420Z         
2026-10-10T07:52:57.1812764Z         Successfully processed 1 files; Failed processing 0 files
2026-10-10T07:52:57.1813969Z     absoluteness_seam_landing_129_windows_test.go:392: icacls "C:\\Users\\RUNNER~1\\AppData\\Local\\Temp\\TestAC1SealLandsInAForeignTreeWhenTheSeamAdmittedAnAbsolutenessB67825910\\001\\victim"
2026-10-10T07:52:57.1816062Z         C:\Users\RUNNER~1\AppData\Local\Temp\TestAC1SealLandsInAForeignTreeWhenTheSeamAdmittedAnAbsolutenessB67825910\001\victim Everyone:(OI)(CI)(RX)
2026-10-10T07:52:57.1821828Z                                                                                                                                  NT AUTHORITY\SYSTEM:(OI)(CI)(F)
2026-10-10T07:52:57.1826709Z                                                                                                                                  BUILTIN\Administrators:(OI)(CI)(F)
2026-10-10T07:52:57.1829838Z                                                                                                                                  runnervmfi6oq\runneradmin:(OI)(CI)(F)
2026-10-10T07:52:57.1830292Z         
2026-10-10T07:52:57.1830911Z         Successfully processed 1 files; Failed processing 0 files
2026-10-10T07:52:57.1833214Z     absoluteness_seam_landing_129_windows_test.go:393: AC#1 foreign file DACL after:  sids=[S-1-1-0 S-1-5-32-544 S-1-5-18 S-1-5-21-1643835476-1616584234-1346609752-500] names=[Everyone BUILTIN\Administrators NT AUTHORITY\SYSTEM runnervmfi6oq\runneradmin]
2026-10-10T07:52:57.1836600Z     absoluteness_seam_landing_129_windows_test.go:394: AC#1 caller's own file DACL after:  sids=[S-1-5-18 S-1-5-32-544 S-1-5-21-1643835476-1616584234-1346609752-500] names=[NT AUTHORITY\SYSTEM BUILTIN\Administrators runnervmfi6oq\runneradmin]
2026-10-10T07:52:57.1840038Z     absoluteness_seam_landing_129_windows_test.go:409: icacls "C:\\Users\\RUNNER~1\\AppData\\Local\\Temp\\TestAC1SealLandsInAForeignTreeWhenTheSeamAdmittedAnAbsolutenessB67825910\\001\\victim\\sub\\keep-me.txt"
2026-10-10T07:52:57.1843120Z         C:\Users\RUNNER~1\AppData\Local\Temp\TestAC1SealLandsInAForeignTreeWhenTheSeamAdmittedAnAbsolutenessB67825910\001\victim\sub\keep-me.txt Everyone:(I)(RX)
2026-10-10T07:52:57.1849546Z                                                                                                                                                  BUILTIN\Administrators:(I)(F)
2026-10-10T07:52:57.1855087Z                                                                                                                                                  NT AUTHORITY\SYSTEM:(I)(F)
2026-10-10T07:52:57.1861103Z                                                                                                                                                  runnervmfi6oq\runneradmin:(I)(F)
2026-10-10T07:52:57.1861931Z         
2026-10-10T07:52:57.1862593Z         Successfully processed 1 files; Failed processing 0 files
2026-10-10T07:52:57.1863618Z     absoluteness_seam_landing_129_windows_test.go:409: icacls(foreign) after:
2026-10-10T07:52:57.1865780Z         C:\Users\RUNNER~1\AppData\Local\Temp\TestAC1SealLandsInAForeignTreeWhenTheSeamAdmittedAnAbsolutenessB67825910\001\victim\sub\keep-me.txt Everyone:(I)(RX)
2026-10-10T07:52:57.1872005Z                                                                                                                                                  BUILTIN\Administrators:(I)(F)
2026-10-10T07:52:57.1877434Z                                                                                                                                                  NT AUTHORITY\SYSTEM:(I)(F)
2026-10-10T07:52:57.1883574Z                                                                                                                                                  runnervmfi6oq\runneradmin:(I)(F)
2026-10-10T07:52:57.1884409Z         
2026-10-10T07:52:57.1885027Z         Successfully processed 1 files; Failed processing 0 files
2026-10-10T07:52:57.1887058Z     absoluteness_seam_landing_129_windows_test.go:410: icacls "C:\\Users\\RUNNER~1\\AppData\\Local\\Temp\\TestAC1SealLandsInAForeignTreeWhenTheSeamAdmittedAnAbsolutenessB67825910\\002\\data\\blob.bin"
2026-10-10T07:52:57.1890207Z         C:\Users\RUNNER~1\AppData\Local\Temp\TestAC1SealLandsInAForeignTreeWhenTheSeamAdmittedAnAbsolutenessB67825910\002\data\blob.bin NT AUTHORITY\SYSTEM:(F)
2026-10-10T07:52:57.1895613Z                                                                                                                                         BUILTIN\Administrators:(F)
2026-10-10T07:52:57.1901017Z                                                                                                                                         runnervmfi6oq\runneradmin:(F)
2026-10-10T07:52:57.1901857Z         
2026-10-10T07:52:57.1902267Z         Successfully processed 1 files; Failed processing 0 files
2026-10-10T07:52:57.1902810Z     absoluteness_seam_landing_129_windows_test.go:410: icacls(blob) after:
2026-10-10T07:52:57.1903889Z         C:\Users\RUNNER~1\AppData\Local\Temp\TestAC1SealLandsInAForeignTreeWhenTheSeamAdmittedAnAbsolutenessB67825910\002\data\blob.bin NT AUTHORITY\SYSTEM:(F)
2026-10-10T07:52:57.1906878Z                                                                                                                                         BUILTIN\Administrators:(F)
2026-10-10T07:52:57.1909819Z                                                                                                                                         runnervmfi6oq\runneradmin:(F)
2026-10-10T07:52:57.1910240Z         
2026-10-10T07:52:57.1910597Z         Successfully processed 1 files; Failed processing 0 files
2026-10-10T07:52:57.1911197Z --- PASS: TestAC1SealLandsInAForeignTreeWhenTheSeamAdmittedAnAbsolutenessBlindCandidate (0.16s)
2026-10-10T07:52:57.1911742Z === RUN   TestAC1BaselineProductionPaths
2026-10-10T07:52:57.1912242Z     acl_windows_test.go:178: current user SID: S-1-5-21-1643835476-1616584234-1346609752-500
2026-10-10T07:52:57.1913184Z     acl_windows_test.go:197: icacls "C:\\Users\\RUNNER~1\\AppData\\Local\\Temp\\TestAC1BaselineProductionPaths4211218577\\001\\data\\artifacts\\artifact-89.txt"
2026-10-10T07:52:57.1914413Z         C:\Users\RUNNER~1\AppData\Local\Temp\TestAC1BaselineProductionPaths4211218577\001\data\artifacts\artifact-89.txt NT AUTHORITY\SYSTEM:(F)
2026-10-10T07:52:57.1917506Z                                                                                                                          BUILTIN\Administrators:(F)
2026-10-10T07:52:57.1921855Z                                                                                                                          runnervmfi6oq\runneradmin:(F)
2026-10-10T07:52:57.1922312Z         
2026-10-10T07:52:57.1922674Z         Successfully processed 1 files; Failed processing 0 files
2026-10-10T07:52:57.1923508Z     acl_windows_test.go:198: icacls "C:\\Users\\RUNNER~1\\AppData\\Local\\Temp\\TestAC1BaselineProductionPaths4211218577\\001\\data\\artifacts"
2026-10-10T07:52:57.1924633Z         C:\Users\RUNNER~1\AppData\Local\Temp\TestAC1BaselineProductionPaths4211218577\001\data\artifacts NT AUTHORITY\SYSTEM:(OI)(CI)(F)
2026-10-10T07:52:57.1926840Z                                                                                                          BUILTIN\Administrators:(OI)(CI)(F)
2026-10-10T07:52:57.1929452Z                                                                                                          runnervmfi6oq\runneradmin:(OI)(CI)(F)
2026-10-10T07:52:57.1930199Z         
2026-10-10T07:52:57.1930791Z         Successfully processed 1 files; Failed processing 0 files
2026-10-10T07:52:57.1931594Z     acl_windows_test.go:210: icacls "C:\\Users\\RUNNER~1\\AppData\\Local\\Temp\\TestAC1BaselineProductionPaths4211218577\\002\\data\\secrets"
2026-10-10T07:52:57.1932647Z         C:\Users\RUNNER~1\AppData\Local\Temp\TestAC1BaselineProductionPaths4211218577\002\data\secrets NT AUTHORITY\SYSTEM:(F)
2026-10-10T07:52:57.1934746Z                                                                                                        NT AUTHORITY\SYSTEM:(OI)(CI)(IO)(F)
2026-10-10T07:52:57.1936710Z                                                                                                        BUILTIN\Administrators:(F)
2026-10-10T07:52:57.1938692Z                                                                                                        BUILTIN\Administrators:(OI)(CI)(IO)(F)
2026-10-10T07:52:57.1941633Z                                                                                                        runnervmfi6oq\runneradmin:(F)
2026-10-10T07:52:57.1943769Z                                                                                                        runnervmfi6oq\runneradmin:(OI)(CI)(IO)(F)
2026-10-10T07:52:57.1944449Z         
2026-10-10T07:52:57.1945038Z         Successfully processed 1 files; Failed processing 0 files
2026-10-10T07:52:57.1946123Z     acl_windows_test.go:212: icacls "C:\\Users\\RUNNER~1\\AppData\\Local\\Temp\\TestAC1BaselineProductionPaths4211218577\\002\\data\\secrets\\baseline"
2026-10-10T07:52:57.1947278Z         C:\Users\RUNNER~1\AppData\Local\Temp\TestAC1BaselineProductionPaths4211218577\002\data\secrets\baseline NT AUTHORITY\SYSTEM:(F)
2026-10-10T07:52:57.1949460Z                                                                                                                 BUILTIN\Administrators:(F)
2026-10-10T07:52:57.1951514Z                                                                                                                 runnervmfi6oq\runneradmin:(F)
2026-10-10T07:52:57.1951892Z         
2026-10-10T07:52:57.1952232Z         Successfully processed 1 files; Failed processing 0 files
2026-10-10T07:52:57.1953222Z time=2026-10-10T07:52:54.117Z level=INFO msg="pre-migration backup written" component=memory backup=C:\Users\RUNNER~1\AppData\Local\Temp\TestAC1BaselineProductionPaths4211218577\003\data\backup\wisp.db.bak-0-1 from=0 to=1
2026-10-10T07:52:57.1954465Z time=2026-10-10T07:52:54.128Z level=INFO msg="schema migration step applied" component=memory from=0 to=1 started_at=2026-10-10T07:52:54Z duration_ms=11
2026-10-10T07:52:57.1955881Z time=2026-10-10T07:52:54.160Z level=INFO msg="pre-migration backup written" component=memory backup=C:\Users\RUNNER~1\AppData\Local\Temp\TestAC1BaselineProductionPaths4211218577\003\data\backup\wisp.db.bak-1-2 from=1 to=2
2026-10-10T07:52:57.1958139Z time=2026-10-10T07:52:54.168Z level=INFO msg="schema migration step applied" component=memory from=1 to=2 started_at=2026-10-10T07:52:54Z duration_ms=8
2026-10-10T07:52:57.1960199Z time=2026-10-10T07:52:54.189Z level=INFO msg="schema migration complete" component=memory schema_version=2
2026-10-10T07:52:57.1961720Z time=2026-10-10T07:52:54.191Z level=INFO msg="startup WAL checkpoint (TRUNCATE) done" component=memory wal_pages_before=0 pages_moved=0
2026-10-10T07:52:57.1963673Z     acl_windows_test.go:228: icacls "C:\\Users\\RUNNER~1\\AppData\\Local\\Temp\\TestAC1BaselineProductionPaths4211218577\\003\\data\\wisp.db"
2026-10-10T07:52:57.1965679Z         C:\Users\RUNNER~1\AppData\Local\Temp\TestAC1BaselineProductionPaths4211218577\003\data\wisp.db NT AUTHORITY\SYSTEM:(I)(F)
2026-10-10T07:52:57.1969365Z                                                                                                        BUILTIN\Administrators:(I)(F)
2026-10-10T07:52:57.1973001Z                                                                                                        runnervmfi6oq\runneradmin:(I)(F)
2026-10-10T07:52:57.1973749Z         
2026-10-10T07:52:57.1974374Z         Successfully processed 1 files; Failed processing 0 files
2026-10-10T07:52:57.1975871Z     acl_windows_test.go:228: icacls "C:\\Users\\RUNNER~1\\AppData\\Local\\Temp\\TestAC1BaselineProductionPaths4211218577\\003\\data\\wisp.db-wal"
2026-10-10T07:52:57.1978019Z         C:\Users\RUNNER~1\AppData\Local\Temp\TestAC1BaselineProductionPaths4211218577\003\data\wisp.db-wal NT AUTHORITY\SYSTEM:(I)(F)
2026-10-10T07:52:57.1982714Z                                                                                                            BUILTIN\Administrators:(I)(F)
2026-10-10T07:52:57.1986618Z                                                                                                            runnervmfi6oq\runneradmin:(I)(F)
2026-10-10T07:52:57.1987358Z         
2026-10-10T07:52:57.1988008Z         Successfully processed 1 files; Failed processing 0 files
2026-10-10T07:52:57.1989594Z     acl_windows_test.go:228: icacls "C:\\Users\\RUNNER~1\\AppData\\Local\\Temp\\TestAC1BaselineProductionPaths4211218577\\003\\data\\wisp.db-shm"
2026-10-10T07:52:57.1991325Z         C:\Users\RUNNER~1\AppData\Local\Temp\TestAC1BaselineProductionPaths4211218577\003\data\wisp.db-shm NT AUTHORITY\SYSTEM:(I)(F)
2026-10-10T07:52:57.1995123Z                                                                                                            BUILTIN\Administrators:(I)(F)
2026-10-10T07:52:57.1999340Z                                                                                                            runnervmfi6oq\runneradmin:(I)(F)
2026-10-10T07:52:57.2000113Z         
2026-10-10T07:52:57.2000757Z         Successfully processed 1 files; Failed processing 0 files
2026-10-10T07:52:57.2002313Z     acl_windows_test.go:251: icacls "C:\\Users\\RUNNER~1\\AppData\\Local\\Temp\\TestAC1BaselineProductionPaths4211218577\\002\\data\\staging"
2026-10-10T07:52:57.2003704Z         C:\Users\RUNNER~1\AppData\Local\Temp\TestAC1BaselineProductionPaths4211218577\002\data\staging NT AUTHORITY\SYSTEM:(I)(F)
2026-10-10T07:52:57.2005888Z                                                                                                        NT AUTHORITY\SYSTEM:(I)(OI)(CI)(IO)(F)
2026-10-10T07:52:57.2007759Z                                                                                                        BUILTIN\Administrators:(I)(F)
2026-10-10T07:52:57.2010035Z                                                                                                        BUILTIN\Administrators:(I)(OI)(CI)(IO)(F)
2026-10-10T07:52:57.2011966Z                                                                                                        runnervmfi6oq\runneradmin:(I)(F)
2026-10-10T07:52:57.2015049Z                                                                                                        runnervmfi6oq\runneradmin:(I)(OI)(CI)(IO)(F)
2026-10-10T07:52:57.2015486Z         
2026-10-10T07:52:57.2015839Z         Successfully processed 1 files; Failed processing 0 files
2026-10-10T07:52:57.2016769Z     acl_windows_test.go:252: icacls "C:\\Users\\RUNNER~1\\AppData\\Local\\Temp\\TestAC1BaselineProductionPaths4211218577\\002\\data\\staging\\model.bin"
2026-10-10T07:52:57.2019003Z         C:\Users\RUNNER~1\AppData\Local\Temp\TestAC1BaselineProductionPaths4211218577\002\data\staging\model.bin NT AUTHORITY\SYSTEM:(I)(F)
2026-10-10T07:52:57.2023801Z                                                                                                                  BUILTIN\Administrators:(I)(F)
2026-10-10T07:52:57.2027823Z                                                                                                                  runnervmfi6oq\runneradmin:(I)(F)
2026-10-10T07:52:57.2028563Z         
2026-10-10T07:52:57.2029153Z         Successfully processed 1 files; Failed processing 0 files
2026-10-10T07:52:57.2029568Z --- PASS: TestAC1BaselineProductionPaths (0.23s)
2026-10-10T07:52:57.2029986Z === RUN   TestAC1BaselineForeignACEPropagatesIntoModeOnlyWrites
2026-10-10T07:52:57.2030963Z     acl_windows_test.go:282: icacls "C:\\Users\\RUNNER~1\\AppData\\Local\\Temp\\TestAC1BaselineForeignACEPropagatesIntoModeOnlyWrites1182174394\\001\\data\\artifact.txt"
2026-10-10T07:52:57.2032768Z         C:\Users\RUNNER~1\AppData\Local\Temp\TestAC1BaselineForeignACEPropagatesIntoModeOnlyWrites1182174394\001\data\artifact.txt Everyone:(I)(RX)
2026-10-10T07:52:57.2037976Z                                                                                                                                    NT AUTHORITY\SYSTEM:(I)(F)
2026-10-10T07:52:57.2043227Z                                                                                                                                    BUILTIN\Administrators:(I)(F)
2026-10-10T07:52:57.2048498Z                                                                                                                                    runnervmfi6oq\runneradmin:(I)(F)
2026-10-10T07:52:57.2049262Z         
2026-10-10T07:52:57.2049864Z         Successfully processed 1 files; Failed processing 0 files
2026-10-10T07:52:57.2050969Z     acl_windows_test.go:287: baseline leak confirmed: artifact.txt carries foreign SID(s) S-1-1-0
2026-10-10T07:52:57.2052082Z --- PASS: TestAC1BaselineForeignACEPropagatesIntoModeOnlyWrites (0.03s)
2026-10-10T07:52:57.2052944Z === RUN   TestAC3SealedWritesCarryNoForeignSID
2026-10-10T07:52:57.2053669Z === RUN   TestAC3SealedWritesCarryNoForeignSID/artifact-exclusive
2026-10-10T07:52:57.2056650Z time=2026-10-10T07:52:54.297Z level=WARN msg="winsec: seal cleared principals that stood on this object" path=C:\Users\RUNNER~1\AppData\Local\Temp\TestAC3SealedWritesCarryNoForeignSID3431268835\001\data\artifact-exclusive kind=inherited cleared="" cleared_inherited=S-1-1-0(A;ID;0x1200a9;;;WD) policy="winsec owns the grants on this tree; out-of-band ACEs are removed at the next seal"
2026-10-10T07:52:57.2060689Z     acl_windows_test.go:319: icacls "C:\\Users\\RUNNER~1\\AppData\\Local\\Temp\\TestAC3SealedWritesCarryNoForeignSID3431268835\\001\\data\\artifact-exclusive"
2026-10-10T07:52:57.2063012Z         C:\Users\RUNNER~1\AppData\Local\Temp\TestAC3SealedWritesCarryNoForeignSID3431268835\001\data\artifact-exclusive NT AUTHORITY\SYSTEM:(F)
2026-10-10T07:52:57.2067859Z                                                                                                                         BUILTIN\Administrators:(F)
2026-10-10T07:52:57.2072076Z                                                                                                                         runnervmfi6oq\runneradmin:(F)
2026-10-10T07:52:57.2072799Z         
2026-10-10T07:52:57.2073404Z         Successfully processed 1 files; Failed processing 0 files
2026-10-10T07:52:57.2074085Z === RUN   TestAC3SealedWritesCarryNoForeignSID/secret-blob
2026-10-10T07:52:57.2077163Z time=2026-10-10T07:52:54.310Z level=WARN msg="winsec: seal cleared principals that stood on this object" path=C:\Users\RUNNER~1\AppData\Local\Temp\TestAC3SealedWritesCarryNoForeignSID3431268835\001\data\secret-blob kind=inherited cleared="" cleared_inherited=S-1-1-0(A;ID;0x1200a9;;;WD) policy="winsec owns the grants on this tree; out-of-band ACEs are removed at the next seal"
2026-10-10T07:52:57.2081138Z     acl_windows_test.go:319: icacls "C:\\Users\\RUNNER~1\\AppData\\Local\\Temp\\TestAC3SealedWritesCarryNoForeignSID3431268835\\001\\data\\secret-blob"
2026-10-10T07:52:57.2083392Z         C:\Users\RUNNER~1\AppData\Local\Temp\TestAC3SealedWritesCarryNoForeignSID3431268835\001\data\secret-blob NT AUTHORITY\SYSTEM:(F)
2026-10-10T07:52:57.2087712Z                                                                                                                  BUILTIN\Administrators:(F)
2026-10-10T07:52:57.2091691Z                                                                                                                  runnervmfi6oq\runneradmin:(F)
2026-10-10T07:52:57.2092438Z         
2026-10-10T07:52:57.2093090Z         Successfully processed 1 files; Failed processing 0 files
2026-10-10T07:52:57.2093899Z === RUN   TestAC3SealedWritesCarryNoForeignSID/staging-temp
2026-10-10T07:52:57.2096291Z time=2026-10-10T07:52:54.324Z level=WARN msg="winsec: seal cleared principals that stood on this object" path=C:\Users\RUNNER~1\AppData\Local\Temp\TestAC3SealedWritesCarryNoForeignSID3431268835\001\data\staging-temp kind=inherited cleared="" cleared_inherited=S-1-1-0(A;ID;0x1200a9;;;WD) policy="winsec owns the grants on this tree; out-of-band ACEs are removed at the next seal"
2026-10-10T07:52:57.2099641Z     acl_windows_test.go:319: icacls "C:\\Users\\RUNNER~1\\AppData\\Local\\Temp\\TestAC3SealedWritesCarryNoForeignSID3431268835\\001\\data\\staging-temp"
2026-10-10T07:52:57.2102212Z         C:\Users\RUNNER~1\AppData\Local\Temp\TestAC3SealedWritesCarryNoForeignSID3431268835\001\data\staging-temp NT AUTHORITY\SYSTEM:(F)
2026-10-10T07:52:57.2104505Z                                                                                                                   BUILTIN\Administrators:(F)
2026-10-10T07:52:57.2106616Z                                                                                                                   runnervmfi6oq\runneradmin:(F)
2026-10-10T07:52:57.2107004Z         
2026-10-10T07:52:57.2107344Z         Successfully processed 1 files; Failed processing 0 files
2026-10-10T07:52:57.2107744Z --- PASS: TestAC3SealedWritesCarryNoForeignSID (0.05s)
2026-10-10T07:52:57.2108262Z     --- PASS: TestAC3SealedWritesCarryNoForeignSID/artifact-exclusive (0.01s)
2026-10-10T07:52:57.2108837Z     --- PASS: TestAC3SealedWritesCarryNoForeignSID/secret-blob (0.01s)
2026-10-10T07:52:57.2109378Z     --- PASS: TestAC3SealedWritesCarryNoForeignSID/staging-temp (0.01s)
2026-10-10T07:52:57.2109809Z === RUN   TestAC2SealedDirCoversFilesItNeverTouched
2026-10-10T07:52:57.2110591Z     acl_windows_test.go:337: icacls "C:\\Users\\RUNNER~1\\AppData\\Local\\Temp\\TestAC2SealedDirCoversFilesItNeverTouched33593281\\001\\data"
2026-10-10T07:52:57.2111680Z         C:\Users\RUNNER~1\AppData\Local\Temp\TestAC2SealedDirCoversFilesItNeverTouched33593281\001\data NT AUTHORITY\SYSTEM:(F)
2026-10-10T07:52:57.2113768Z                                                                                                         NT AUTHORITY\SYSTEM:(OI)(CI)(IO)(F)
2026-10-10T07:52:57.2115528Z                                                                                                         BUILTIN\Administrators:(F)
2026-10-10T07:52:57.2118549Z                                                                                                         BUILTIN\Administrators:(OI)(CI)(IO)(F)
2026-10-10T07:52:57.2120860Z                                                                                                         runnervmfi6oq\runneradmin:(F)
2026-10-10T07:52:57.2123149Z                                                                                                         runnervmfi6oq\runneradmin:(OI)(CI)(IO)(F)
2026-10-10T07:52:57.2123563Z         
2026-10-10T07:52:57.2123902Z         Successfully processed 1 files; Failed processing 0 files
2026-10-10T07:52:57.2124834Z     acl_windows_test.go:355: icacls "C:\\Users\\RUNNER~1\\AppData\\Local\\Temp\\TestAC2SealedDirCoversFilesItNeverTouched33593281\\001\\data\\sqlite-like-sidecar.tmp"
2026-10-10T07:52:57.2126177Z         C:\Users\RUNNER~1\AppData\Local\Temp\TestAC2SealedDirCoversFilesItNeverTouched33593281\001\data\sqlite-like-sidecar.tmp NT AUTHORITY\SYSTEM:(I)(F)
2026-10-10T07:52:57.2128906Z                                                                                                                                 BUILTIN\Administrators:(I)(F)
2026-10-10T07:52:57.2131662Z                                                                                                                                 runnervmfi6oq\runneradmin:(I)(F)
2026-10-10T07:52:57.2132082Z         
2026-10-10T07:52:57.2132421Z         Successfully processed 1 files; Failed processing 0 files
2026-10-10T07:52:57.2133980Z time=2026-10-10T07:52:54.379Z level=WARN msg="winsec: seal cleared principals that stood on this object" path=C:\Users\runneradmin\AppData\Local\Temp\TestAC2SealedDirCoversFilesItNeverTouched33593281\001\data\artifacts kind=explicit cleared=S-1-1-0(A;OICI;0x1200a9;;;WD) cleared_inherited="" policy="winsec owns the grants on this tree; out-of-band ACEs are removed at the next seal"
2026-10-10T07:52:57.2135922Z     acl_windows_test.go:371: icacls "C:\\Users\\RUNNER~1\\AppData\\Local\\Temp\\TestAC2SealedDirCoversFilesItNeverTouched33593281\\001\\data\\artifacts"
2026-10-10T07:52:57.2137087Z         C:\Users\RUNNER~1\AppData\Local\Temp\TestAC2SealedDirCoversFilesItNeverTouched33593281\001\data\artifacts NT AUTHORITY\SYSTEM:(F)
2026-10-10T07:52:57.2140128Z                                                                                                                   NT AUTHORITY\SYSTEM:(OI)(CI)(IO)(F)
2026-10-10T07:52:57.2143846Z                                                                                                                   BUILTIN\Administrators:(F)
2026-10-10T07:52:57.2148199Z                                                                                                                   BUILTIN\Administrators:(OI)(CI)(IO)(F)
2026-10-10T07:52:57.2152110Z                                                                                                                   runnervmfi6oq\runneradmin:(F)
2026-10-10T07:52:57.2154755Z                                                                                                                   runnervmfi6oq\runneradmin:(OI)(CI)(IO)(F)
2026-10-10T07:52:57.2155179Z         
2026-10-10T07:52:57.2155527Z         Successfully processed 1 files; Failed processing 0 files
2026-10-10T07:52:57.2156512Z     acl_windows_test.go:372: icacls "C:\\Users\\RUNNER~1\\AppData\\Local\\Temp\\TestAC2SealedDirCoversFilesItNeverTouched33593281\\001\\data\\artifacts\\by-someone-else.txt"
2026-10-10T07:52:57.2157878Z         C:\Users\RUNNER~1\AppData\Local\Temp\TestAC2SealedDirCoversFilesItNeverTouched33593281\001\data\artifacts\by-someone-else.txt NT AUTHORITY\SYSTEM:(F)
2026-10-10T07:52:57.2161085Z                                                                                                                                       BUILTIN\Administrators:(F)
2026-10-10T07:52:57.2165110Z                                                                                                                                       runnervmfi6oq\runneradmin:(F)
2026-10-10T07:52:57.2165851Z         
2026-10-10T07:52:57.2166211Z         Successfully processed 1 files; Failed processing 0 files
2026-10-10T07:52:57.2167234Z     acl_windows_test.go:378: icacls "C:\\Users\\RUNNER~1\\AppData\\Local\\Temp\\TestAC2SealedDirCoversFilesItNeverTouched33593281\\001\\data\\artifacts\\by-someone-else.txt"
2026-10-10T07:52:57.2169987Z         C:\Users\RUNNER~1\AppData\Local\Temp\TestAC2SealedDirCoversFilesItNeverTouched33593281\001\data\artifacts\by-someone-else.txt NT AUTHORITY\SYSTEM:(F)
2026-10-10T07:52:57.2175445Z                                                                                                                                       BUILTIN\Administrators:(F)
2026-10-10T07:52:57.2180746Z                                                                                                                                       runnervmfi6oq\runneradmin:(F)
2026-10-10T07:52:57.2181544Z         
2026-10-10T07:52:57.2182191Z         Successfully processed 1 files; Failed processing 0 files
2026-10-10T07:52:57.2183006Z --- PASS: TestAC2SealedDirCoversFilesItNeverTouched (0.08s)
2026-10-10T07:52:57.2183924Z === RUN   TestAC2SealDirNarrowsChildrenThatCarryTheirOwnExplicitACEs
2026-10-10T07:52:57.2185813Z     acl_windows_test.go:403: icacls "C:\\Users\\RUNNER~1\\AppData\\Local\\Temp\\TestAC2SealDirNarrowsChildrenThatCarryTheirOwnExplicitACEs2202074919\\001\\data"
2026-10-10T07:52:57.2188307Z         C:\Users\RUNNER~1\AppData\Local\Temp\TestAC2SealDirNarrowsChildrenThatCarryTheirOwnExplicitACEs2202074919\001\data NT AUTHORITY\SYSTEM:(F)
2026-10-10T07:52:57.2194580Z                                                                                                                            NT AUTHORITY\SYSTEM:(OI)(CI)(IO)(F)
2026-10-10T07:52:57.2200006Z                                                                                                                            BUILTIN\Administrators:(F)
2026-10-10T07:52:57.2204679Z                                                                                                                            BUILTIN\Administrators:(OI)(CI)(IO)(F)
2026-10-10T07:52:57.2209128Z                                                                                                                            runnervmfi6oq\runneradmin:(F)
2026-10-10T07:52:57.2212905Z                                                                                                                            runnervmfi6oq\runneradmin:(OI)(CI)(IO)(F)
2026-10-10T07:52:57.2213629Z         
2026-10-10T07:52:57.2214338Z         Successfully processed 1 files; Failed processing 0 files
2026-10-10T07:52:57.2216870Z     acl_windows_test.go:442: icacls "C:\\Users\\RUNNER~1\\AppData\\Local\\Temp\\TestAC2SealDirNarrowsChildrenThatCarryTheirOwnExplicitACEs2202074919\\001\\data\\operator-widened-file.txt"
2026-10-10T07:52:57.2220059Z         C:\Users\RUNNER~1\AppData\Local\Temp\TestAC2SealDirNarrowsChildrenThatCarryTheirOwnExplicitACEs2202074919\001\data\operator-widened-file.txt Everyone:(RX)
2026-10-10T07:52:57.2225774Z                                                                                                                                                      Everyone:(I)(RX)
2026-10-10T07:52:57.2231355Z                                                                                                                                                      NT AUTHORITY\SYSTEM:(I)(F)
2026-10-10T07:52:57.2235729Z                                                                                                                                                      BUILTIN\Administrators:(I)(F)
2026-10-10T07:52:57.2239569Z                                                                                                                                                      runnervmfi6oq\runneradmin:(I)(F)
2026-10-10T07:52:57.2240032Z         
2026-10-10T07:52:57.2240401Z         Successfully processed 1 files; Failed processing 0 files
2026-10-10T07:52:57.2241885Z     acl_windows_test.go:442: icacls "C:\\Users\\RUNNER~1\\AppData\\Local\\Temp\\TestAC2SealDirNarrowsChildrenThatCarryTheirOwnExplicitACEs2202074919\\001\\data\\operator-widened-dir"
2026-10-10T07:52:57.2243582Z         C:\Users\RUNNER~1\AppData\Local\Temp\TestAC2SealDirNarrowsChildrenThatCarryTheirOwnExplicitACEs2202074919\001\data\operator-widened-dir Everyone:(OI)(CI)(RX)
2026-10-10T07:52:57.2246947Z                                                                                                                                                 Everyone:(I)(OI)(CI)(RX)
2026-10-10T07:52:57.2252306Z                                                                                                                                                 NT AUTHORITY\SYSTEM:(I)(F)
2026-10-10T07:52:57.2258365Z                                                                                                                                                 NT AUTHORITY\SYSTEM:(I)(OI)(CI)(IO)(F)
2026-10-10T07:52:57.2263336Z                                                                                                                                                 BUILTIN\Administrators:(I)(F)
2026-10-10T07:52:57.2266647Z                                                                                                                                                 BUILTIN\Administrators:(I)(OI)(CI)(IO)(F)
2026-10-10T07:52:57.2269739Z                                                                                                                                                 runnervmfi6oq\runneradmin:(I)(F)
2026-10-10T07:52:57.2273889Z                                                                                                                                                 runnervmfi6oq\runneradmin:(I)(OI)(CI)(IO)(F)
2026-10-10T07:52:57.2274375Z         
2026-10-10T07:52:57.2274733Z         Successfully processed 1 files; Failed processing 0 files
2026-10-10T07:52:57.2278333Z     acl_windows_test.go:442: icacls "C:\\Users\\RUNNER~1\\AppData\\Local\\Temp\\TestAC2SealDirNarrowsChildrenThatCarryTheirOwnExplicitACEs2202074919\\001\\data\\operator-widened-dir\\inside.txt"
2026-10-10T07:52:57.2281244Z         C:\Users\RUNNER~1\AppData\Local\Temp\TestAC2SealDirNarrowsChildrenThatCarryTheirOwnExplicitACEs2202074919\001\data\operator-widened-dir\inside.txt Everyone:(I)(RX)
2026-10-10T07:52:57.2285143Z                                                                                                                                                            NT AUTHORITY\SYSTEM:(I)(F)
2026-10-10T07:52:57.2288723Z                                                                                                                                                            BUILTIN\Administrators:(I)(F)
2026-10-10T07:52:57.2292076Z                                                                                                                                                            runnervmfi6oq\runneradmin:(I)(F)
2026-10-10T07:52:57.2292517Z         
2026-10-10T07:52:57.2292861Z         Successfully processed 1 files; Failed processing 0 files
2026-10-10T07:52:57.2294505Z time=2026-10-10T07:52:54.517Z level=WARN msg="winsec: seal cleared principals that stood on this object" path=C:\Users\runneradmin\AppData\Local\Temp\TestAC2SealDirNarrowsChildrenThatCarryTheirOwnExplicitACEs2202074919\001\data kind=explicit cleared=S-1-1-0(A;OICI;0x1200a9;;;WD) cleared_inherited="" policy="winsec owns the grants on this tree; out-of-band ACEs are removed at the next seal"
2026-10-10T07:52:57.2299491Z time=2026-10-10T07:52:54.518Z level=WARN msg="winsec: seal cleared principals that stood on this object" path=C:\Users\runneradmin\AppData\Local\Temp\TestAC2SealDirNarrowsChildrenThatCarryTheirOwnExplicitACEs2202074919\001\data\operator-widened-dir kind=explicit cleared=S-1-1-0(A;OICI;0x1200a9;;;WD) cleared_inherited="" policy="winsec owns the grants on this tree; out-of-band ACEs are removed at the next seal"
2026-10-10T07:52:57.2305002Z time=2026-10-10T07:52:54.518Z level=WARN msg="winsec: seal cleared principals that stood on this object" path=C:\Users\runneradmin\AppData\Local\Temp\TestAC2SealDirNarrowsChildrenThatCarryTheirOwnExplicitACEs2202074919\001\data\operator-widened-file.txt kind=explicit cleared=S-1-1-0(A;;0x1200a9;;;WD) cleared_inherited="" policy="winsec owns the grants on this tree; out-of-band ACEs are removed at the next seal"
2026-10-10T07:52:57.2309597Z     acl_windows_test.go:454: icacls "C:\\Users\\RUNNER~1\\AppData\\Local\\Temp\\TestAC2SealDirNarrowsChildrenThatCarryTheirOwnExplicitACEs2202074919\\001\\data\\operator-widened-file.txt"
2026-10-10T07:52:57.2312689Z         C:\Users\RUNNER~1\AppData\Local\Temp\TestAC2SealDirNarrowsChildrenThatCarryTheirOwnExplicitACEs2202074919\001\data\operator-widened-file.txt NT AUTHORITY\SYSTEM:(F)
2026-10-10T07:52:57.2319628Z                                                                                                                                                      BUILTIN\Administrators:(F)
2026-10-10T07:52:57.2325698Z                                                                                                                                                      runnervmfi6oq\runneradmin:(F)
2026-10-10T07:52:57.2326575Z         
2026-10-10T07:52:57.2327183Z         Successfully processed 1 files; Failed processing 0 files
2026-10-10T07:52:57.2328813Z     acl_windows_test.go:455: icacls "C:\\Users\\RUNNER~1\\AppData\\Local\\Temp\\TestAC2SealDirNarrowsChildrenThatCarryTheirOwnExplicitACEs2202074919\\001\\data\\operator-widened-file.txt"
2026-10-10T07:52:57.2331867Z         C:\Users\RUNNER~1\AppData\Local\Temp\TestAC2SealDirNarrowsChildrenThatCarryTheirOwnExplicitACEs2202074919\001\data\operator-widened-file.txt NT AUTHORITY\SYSTEM:(F)
2026-10-10T07:52:57.2336085Z                                                                                                                                                      BUILTIN\Administrators:(F)
2026-10-10T07:52:57.2339757Z                                                                                                                                                      runnervmfi6oq\runneradmin:(F)
2026-10-10T07:52:57.2340210Z         
2026-10-10T07:52:57.2340783Z         Successfully processed 1 files; Failed processing 0 files
2026-10-10T07:52:57.2341820Z     acl_windows_test.go:454: icacls "C:\\Users\\RUNNER~1\\AppData\\Local\\Temp\\TestAC2SealDirNarrowsChildrenThatCarryTheirOwnExplicitACEs2202074919\\001\\data\\operator-widened-dir"
2026-10-10T07:52:57.2343350Z         C:\Users\RUNNER~1\AppData\Local\Temp\TestAC2SealDirNarrowsChildrenThatCarryTheirOwnExplicitACEs2202074919\001\data\operator-widened-dir NT AUTHORITY\SYSTEM:(F)
2026-10-10T07:52:57.2346764Z                                                                                                                                                 NT AUTHORITY\SYSTEM:(OI)(CI)(IO)(F)
2026-10-10T07:52:57.2351165Z                                                                                                                                                 BUILTIN\Administrators:(F)
2026-10-10T07:52:57.2357354Z                                                                                                                                                 BUILTIN\Administrators:(OI)(CI)(IO)(F)
2026-10-10T07:52:57.2362024Z                                                                                                                                                 runnervmfi6oq\runneradmin:(F)
2026-10-10T07:52:57.2367378Z                                                                                                                                                 runnervmfi6oq\runneradmin:(OI)(CI)(IO)(F)
2026-10-10T07:52:57.2368229Z         
2026-10-10T07:52:57.2368850Z         Successfully processed 1 files; Failed processing 0 files
2026-10-10T07:52:57.2370881Z     acl_windows_test.go:455: icacls "C:\\Users\\RUNNER~1\\AppData\\Local\\Temp\\TestAC2SealDirNarrowsChildrenThatCarryTheirOwnExplicitACEs2202074919\\001\\data\\operator-widened-dir"
2026-10-10T07:52:57.2373871Z         C:\Users\RUNNER~1\AppData\Local\Temp\TestAC2SealDirNarrowsChildrenThatCarryTheirOwnExplicitACEs2202074919\001\data\operator-widened-dir NT AUTHORITY\SYSTEM:(F)
2026-10-10T07:52:57.2380229Z                                                                                                                                                 NT AUTHORITY\SYSTEM:(OI)(CI)(IO)(F)
2026-10-10T07:52:57.2386031Z                                                                                                                                                 BUILTIN\Administrators:(F)
2026-10-10T07:52:57.2392141Z                                                                                                                                                 BUILTIN\Administrators:(OI)(CI)(IO)(F)
2026-10-10T07:52:57.2398370Z                                                                                                                                                 runnervmfi6oq\runneradmin:(F)
2026-10-10T07:52:57.2404460Z                                                                                                                                                 runnervmfi6oq\runneradmin:(OI)(CI)(IO)(F)
2026-10-10T07:52:57.2405294Z         
2026-10-10T07:52:57.2405897Z         Successfully processed 1 files; Failed processing 0 files
2026-10-10T07:52:57.2407892Z     acl_windows_test.go:454: icacls "C:\\Users\\RUNNER~1\\AppData\\Local\\Temp\\TestAC2SealDirNarrowsChildrenThatCarryTheirOwnExplicitACEs2202074919\\001\\data\\operator-widened-dir\\inside.txt"
2026-10-10T07:52:57.2411103Z         C:\Users\RUNNER~1\AppData\Local\Temp\TestAC2SealDirNarrowsChildrenThatCarryTheirOwnExplicitACEs2202074919\001\data\operator-widened-dir\inside.txt NT AUTHORITY\SYSTEM:(F)
2026-10-10T07:52:57.2418533Z                                                                                                                                                            BUILTIN\Administrators:(F)
2026-10-10T07:52:57.2424936Z                                                                                                                                                            runnervmfi6oq\runneradmin:(F)
2026-10-10T07:52:57.2426099Z         
2026-10-10T07:52:57.2426772Z         Successfully processed 1 files; Failed processing 0 files
2026-10-10T07:52:57.2428415Z     acl_windows_test.go:455: icacls "C:\\Users\\RUNNER~1\\AppData\\Local\\Temp\\TestAC2SealDirNarrowsChildrenThatCarryTheirOwnExplicitACEs2202074919\\001\\data\\operator-widened-dir\\inside.txt"
2026-10-10T07:52:57.2431207Z         C:\Users\RUNNER~1\AppData\Local\Temp\TestAC2SealDirNarrowsChildrenThatCarryTheirOwnExplicitACEs2202074919\001\data\operator-widened-dir\inside.txt NT AUTHORITY\SYSTEM:(F)
2026-10-10T07:52:57.2437024Z                                                                                                                                                            BUILTIN\Administrators:(F)
2026-10-10T07:52:57.2441223Z                                                                                                                                                            runnervmfi6oq\runneradmin:(F)
2026-10-10T07:52:57.2441738Z         
2026-10-10T07:52:57.2442110Z         Successfully processed 1 files; Failed processing 0 files
2026-10-10T07:52:57.2443345Z     acl_windows_test.go:457: boundary check: inherits-only.txt holds only an *inherited* copy of the root's grant, so the OS recomputed it without the walk - this leg discriminates nothing, see the comment above
2026-10-10T07:52:57.2444729Z --- PASS: TestAC2SealDirNarrowsChildrenThatCarryTheirOwnExplicitACEs (0.18s)
2026-10-10T07:52:57.2445401Z === RUN   TestAC2MigrationBackupIsPrivate
2026-10-10T07:52:57.2446231Z     migrate_windows_test.go:80: icacls "C:\\Users\\RUNNER~1\\AppData\\Local\\Temp\\TestAC2MigrationBackupIsPrivate724234292\\001\\root\\config.toml"
2026-10-10T07:52:57.2447402Z         C:\Users\RUNNER~1\AppData\Local\Temp\TestAC2MigrationBackupIsPrivate724234292\001\root\config.toml Everyone:(I)(RX)
2026-10-10T07:52:57.2449595Z                                                                                                            NT AUTHORITY\SYSTEM:(I)(F)
2026-10-10T07:52:57.2451641Z                                                                                                            BUILTIN\Administrators:(I)(F)
2026-10-10T07:52:57.2454204Z                                                                                                            runnervmfi6oq\runneradmin:(I)(F)
2026-10-10T07:52:57.2454973Z         
2026-10-10T07:52:57.2455581Z         Successfully processed 1 files; Failed processing 0 files
2026-10-10T07:52:57.2456591Z     migrate_windows_test.go:80: BEFORE seal, config.toml carries foreign SID(s) S-1-1-0
2026-10-10T07:52:57.2459523Z time=2026-10-10T07:52:54.631Z level=WARN msg="winsec: seal cleared principals that stood on this object" path=C:\Users\RUNNER~1\AppData\Local\Temp\TestAC2MigrationBackupIsPrivate724234292\001\root\secrets kind=inherited cleared="" cleared_inherited=S-1-1-0(A;OICIID;0x1200a9;;;WD) policy="winsec owns the grants on this tree; out-of-band ACEs are removed at the next seal"
2026-10-10T07:52:57.2464407Z time=2026-10-10T07:52:54.636Z level=WARN msg="winsec: seal cleared principals that stood on this object" path=C:\Users\RUNNER~1\AppData\Local\Temp\TestAC2MigrationBackupIsPrivate724234292\001\root\config.toml.bak-plaintext kind=inherited cleared="" cleared_inherited=S-1-1-0(A;ID;0x1200a9;;;WD) policy="winsec owns the grants on this tree; out-of-band ACEs are removed at the next seal"
2026-10-10T07:52:57.2468791Z time=2026-10-10T07:52:54.640Z level=WARN msg="winsec: seal cleared principals that stood on this object" path=C:\Users\RUNNER~1\AppData\Local\Temp\TestAC2MigrationBackupIsPrivate724234292\001\root\config.toml.migrate-tmp kind=inherited cleared="" cleared_inherited=S-1-1-0(A;ID;0x1200a9;;;WD) policy="winsec owns the grants on this tree; out-of-band ACEs are removed at the next seal"
2026-10-10T07:52:57.2472300Z time=2026-10-10T07:52:54.641Z level=WARN msg="plaintext api_key migrated to DPAPI-protected references (D33)" config=C:\Users\RUNNER~1\AppData\Local\Temp\TestAC2MigrationBackupIsPrivate724234292\001\root\config.toml fields=2 paths=llm.providers.openai.api_key,voice.realtime.api_key backup=C:\Users\RUNNER~1\AppData\Local\Temp\TestAC2MigrationBackupIsPrivate724234292\001\root\config.toml.bak-plaintext
2026-10-10T07:52:57.2474996Z     migrate_windows_test.go:91: icacls "C:\\Users\\RUNNER~1\\AppData\\Local\\Temp\\TestAC2MigrationBackupIsPrivate724234292\\001\\root\\config.toml.bak-plaintext"
2026-10-10T07:52:57.2476276Z         C:\Users\RUNNER~1\AppData\Local\Temp\TestAC2MigrationBackupIsPrivate724234292\001\root\config.toml.bak-plaintext NT AUTHORITY\SYSTEM:(F)
2026-10-10T07:52:57.2478656Z                                                                                                                          BUILTIN\Administrators:(F)
2026-10-10T07:52:57.2481692Z                                                                                                                          runnervmfi6oq\runneradmin:(F)
2026-10-10T07:52:57.2482125Z         
2026-10-10T07:52:57.2482471Z         Successfully processed 1 files; Failed processing 0 files
2026-10-10T07:52:57.2483382Z     migrate_windows_test.go:92: icacls "C:\\Users\\RUNNER~1\\AppData\\Local\\Temp\\TestAC2MigrationBackupIsPrivate724234292\\001\\root\\config.toml.bak-plaintext"
2026-10-10T07:52:57.2485557Z         C:\Users\RUNNER~1\AppData\Local\Temp\TestAC2MigrationBackupIsPrivate724234292\001\root\config.toml.bak-plaintext NT AUTHORITY\SYSTEM:(F)
2026-10-10T07:52:57.2487960Z                                                                                                                          BUILTIN\Administrators:(F)
2026-10-10T07:52:57.2490163Z                                                                                                                          runnervmfi6oq\runneradmin:(F)
2026-10-10T07:52:57.2490546Z         
2026-10-10T07:52:57.2490891Z         Successfully processed 1 files; Failed processing 0 files
2026-10-10T07:52:57.2491711Z     migrate_windows_test.go:101: icacls "C:\\Users\\RUNNER~1\\AppData\\Local\\Temp\\TestAC2MigrationBackupIsPrivate724234292\\001\\root\\config.toml"
2026-10-10T07:52:57.2492824Z         C:\Users\RUNNER~1\AppData\Local\Temp\TestAC2MigrationBackupIsPrivate724234292\001\root\config.toml NT AUTHORITY\SYSTEM:(F)
2026-10-10T07:52:57.2495368Z                                                                                                            BUILTIN\Administrators:(F)
2026-10-10T07:52:57.2497250Z                                                                                                            runnervmfi6oq\runneradmin:(F)
2026-10-10T07:52:57.2497616Z         
2026-10-10T07:52:57.2497941Z         Successfully processed 1 files; Failed processing 0 files
2026-10-10T07:52:57.2498753Z     migrate_windows_test.go:104: icacls "C:\\Users\\RUNNER~1\\AppData\\Local\\Temp\\TestAC2MigrationBackupIsPrivate724234292\\001\\root\\secrets"
2026-10-10T07:52:57.2499820Z         C:\Users\RUNNER~1\AppData\Local\Temp\TestAC2MigrationBackupIsPrivate724234292\001\root\secrets NT AUTHORITY\SYSTEM:(F)
2026-10-10T07:52:57.2502026Z                                                                                                        NT AUTHORITY\SYSTEM:(OI)(CI)(IO)(F)
2026-10-10T07:52:57.2503784Z                                                                                                        BUILTIN\Administrators:(F)
2026-10-10T07:52:57.2505697Z                                                                                                        BUILTIN\Administrators:(OI)(CI)(IO)(F)
2026-10-10T07:52:57.2507480Z                                                                                                        runnervmfi6oq\runneradmin:(F)
2026-10-10T07:52:57.2509448Z                                                                                                        runnervmfi6oq\runneradmin:(OI)(CI)(IO)(F)
2026-10-10T07:52:57.2509828Z         
2026-10-10T07:52:57.2510158Z         Successfully processed 1 files; Failed processing 0 files
2026-10-10T07:52:57.2511087Z     migrate_windows_test.go:104: icacls "C:\\Users\\RUNNER~1\\AppData\\Local\\Temp\\TestAC2MigrationBackupIsPrivate724234292\\001\\root\\secrets\\llm.providers.openai.api_key"
2026-10-10T07:52:57.2512539Z         C:\Users\RUNNER~1\AppData\Local\Temp\TestAC2MigrationBackupIsPrivate724234292\001\root\secrets\llm.providers.openai.api_key NT AUTHORITY\SYSTEM:(F)
2026-10-10T07:52:57.2515577Z                                                                                                                                     BUILTIN\Administrators:(F)
2026-10-10T07:52:57.2518083Z                                                                                                                                     runnervmfi6oq\runneradmin:(F)
2026-10-10T07:52:57.2518485Z         
2026-10-10T07:52:57.2518813Z         Successfully processed 1 files; Failed processing 0 files
2026-10-10T07:52:57.2519725Z     migrate_windows_test.go:104: icacls "C:\\Users\\RUNNER~1\\AppData\\Local\\Temp\\TestAC2MigrationBackupIsPrivate724234292\\001\\root\\secrets\\voice.realtime.api_key"
2026-10-10T07:52:57.2521005Z         C:\Users\RUNNER~1\AppData\Local\Temp\TestAC2MigrationBackupIsPrivate724234292\001\root\secrets\voice.realtime.api_key NT AUTHORITY\SYSTEM:(F)
2026-10-10T07:52:57.2523523Z                                                                                                                               BUILTIN\Administrators:(F)
2026-10-10T07:52:57.2527791Z                                                                                                                               runnervmfi6oq\runneradmin:(F)
2026-10-10T07:52:57.2528226Z         
2026-10-10T07:52:57.2528581Z         Successfully processed 1 files; Failed processing 0 files
2026-10-10T07:52:57.2529526Z     migrate_windows_test.go:104: sweep checked 3 entries under C:\Users\RUNNER~1\AppData\Local\Temp\TestAC2MigrationBackupIsPrivate724234292\001\root\secrets, all private
2026-10-10T07:52:57.2530297Z --- PASS: TestAC2MigrationBackupIsPrivate (0.13s)
2026-10-10T07:52:57.2530686Z === RUN   TestAC2PreExistingMigrationBackupIsRepaired
2026-10-10T07:52:57.2531807Z     migrate_windows_test.go:124: icacls "C:\\Users\\RUNNER~1\\AppData\\Local\\Temp\\TestAC2PreExistingMigrationBackupIsRepaired2905468610\\001\\root\\config.toml.bak-plaintext"
2026-10-10T07:52:57.2533151Z         C:\Users\RUNNER~1\AppData\Local\Temp\TestAC2PreExistingMigrationBackupIsRepaired2905468610\001\root\config.toml.bak-plaintext Everyone:(RX)
2026-10-10T07:52:57.2536053Z                                                                                                                                       Everyone:(I)(RX)
2026-10-10T07:52:57.2538504Z                                                                                                                                       NT AUTHORITY\SYSTEM:(I)(F)
2026-10-10T07:52:57.2541075Z                                                                                                                                       BUILTIN\Administrators:(I)(F)
2026-10-10T07:52:57.2543688Z                                                                                                                                       runnervmfi6oq\runneradmin:(I)(F)
2026-10-10T07:52:57.2544100Z         
2026-10-10T07:52:57.2544438Z         Successfully processed 1 files; Failed processing 0 files
2026-10-10T07:52:57.2545095Z     migrate_windows_test.go:124: BEFORE seal, config.toml.bak-plaintext carries foreign SID(s) S-1-1-0, S-1-1-0
2026-10-10T07:52:57.2546207Z     migrate_windows_test.go:125: icacls "C:\\Users\\RUNNER~1\\AppData\\Local\\Temp\\TestAC2PreExistingMigrationBackupIsRepaired2905468610\\001\\root\\config.toml.bak-plaintext"
2026-10-10T07:52:57.2547544Z         C:\Users\RUNNER~1\AppData\Local\Temp\TestAC2PreExistingMigrationBackupIsRepaired2905468610\001\root\config.toml.bak-plaintext Everyone:(RX)
2026-10-10T07:52:57.2550048Z                                                                                                                                       Everyone:(I)(RX)
2026-10-10T07:52:57.2552608Z                                                                                                                                       NT AUTHORITY\SYSTEM:(I)(F)
2026-10-10T07:52:57.2555511Z                                                                                                                                       BUILTIN\Administrators:(I)(F)
2026-10-10T07:52:57.2558338Z                                                                                                                                       runnervmfi6oq\runneradmin:(I)(F)
2026-10-10T07:52:57.2558750Z         
2026-10-10T07:52:57.2559092Z         Successfully processed 1 files; Failed processing 0 files
2026-10-10T07:52:57.2560664Z time=2026-10-10T07:52:54.780Z level=WARN msg="winsec: seal cleared principals that stood on this object" path=C:\Users\RUNNER~1\AppData\Local\Temp\TestAC2PreExistingMigrationBackupIsRepaired2905468610\001\root\secrets kind=inherited cleared="" cleared_inherited=S-1-1-0(A;OICIID;0x1200a9;;;WD) policy="winsec owns the grants on this tree; out-of-band ACEs are removed at the next seal"
2026-10-10T07:52:57.2563518Z time=2026-10-10T07:52:54.784Z level=WARN msg="winsec: seal cleared principals that stood on this object" path=C:\Users\runneradmin\AppData\Local\Temp\TestAC2PreExistingMigrationBackupIsRepaired2905468610\001\root\config.toml.bak-plaintext kind=explicit+inherited cleared=S-1-1-0(A;;0x1200a9;;;WD) cleared_inherited=S-1-1-0(A;ID;0x1200a9;;;WD) policy="winsec owns the grants on this tree; out-of-band ACEs are removed at the next seal"
2026-10-10T07:52:57.2566373Z time=2026-10-10T07:52:54.787Z level=WARN msg="winsec: seal cleared principals that stood on this object" path=C:\Users\RUNNER~1\AppData\Local\Temp\TestAC2PreExistingMigrationBackupIsRepaired2905468610\001\root\config.toml.migrate-tmp kind=inherited cleared="" cleared_inherited=S-1-1-0(A;ID;0x1200a9;;;WD) policy="winsec owns the grants on this tree; out-of-band ACEs are removed at the next seal"
2026-10-10T07:52:57.2569442Z time=2026-10-10T07:52:54.787Z level=WARN msg="plaintext api_key migrated to DPAPI-protected references (D33)" config=C:\Users\RUNNER~1\AppData\Local\Temp\TestAC2PreExistingMigrationBackupIsRepaired2905468610\001\root\config.toml fields=2 paths=llm.providers.openai.api_key,voice.realtime.api_key backup=C:\Users\RUNNER~1\AppData\Local\Temp\TestAC2PreExistingMigrationBackupIsRepaired2905468610\001\root\config.toml.bak-plaintext
2026-10-10T07:52:57.2571762Z     migrate_windows_test.go:145: icacls "C:\\Users\\RUNNER~1\\AppData\\Local\\Temp\\TestAC2PreExistingMigrationBackupIsRepaired2905468610\\001\\root\\config.toml.bak-plaintext"
2026-10-10T07:52:57.2573152Z         C:\Users\RUNNER~1\AppData\Local\Temp\TestAC2PreExistingMigrationBackupIsRepaired2905468610\001\root\config.toml.bak-plaintext NT AUTHORITY\SYSTEM:(F)
2026-10-10T07:52:57.2576314Z                                                                                                                                       BUILTIN\Administrators:(F)
2026-10-10T07:52:57.2578872Z                                                                                                                                       runnervmfi6oq\runneradmin:(F)
2026-10-10T07:52:57.2579270Z         
2026-10-10T07:52:57.2579613Z         Successfully processed 1 files; Failed processing 0 files
2026-10-10T07:52:57.2580588Z     migrate_windows_test.go:146: icacls "C:\\Users\\RUNNER~1\\AppData\\Local\\Temp\\TestAC2PreExistingMigrationBackupIsRepaired2905468610\\001\\root\\config.toml.bak-plaintext"
2026-10-10T07:52:57.2581972Z         C:\Users\RUNNER~1\AppData\Local\Temp\TestAC2PreExistingMigrationBackupIsRepaired2905468610\001\root\config.toml.bak-plaintext NT AUTHORITY\SYSTEM:(F)
2026-10-10T07:52:57.2584723Z                                                                                                                                       BUILTIN\Administrators:(F)
2026-10-10T07:52:57.2591896Z                                                                                                                                       runnervmfi6oq\runneradmin:(F)
2026-10-10T07:52:57.2592933Z         
2026-10-10T07:52:57.2594054Z         Successfully processed 1 files; Failed processing 0 files
2026-10-10T07:52:57.2594880Z --- PASS: TestAC2PreExistingMigrationBackupIsRepaired (0.09s)
2026-10-10T07:52:57.2596171Z === RUN   TestAC3ProductionDataRootIsPrivateEndToEnd
2026-10-10T07:52:57.2598965Z time=2026-10-10T07:52:54.828Z level=WARN msg="winsec: seal cleared principals that stood on this object" path=C:\Users\RUNNER~1\AppData\Local\Temp\TestAC3ProductionDataRootIsPrivateEndToEnd2613020305\001\root\data kind=inherited cleared="" cleared_inherited=S-1-1-0(A;OICIID;0x1200a9;;;WD) policy="winsec owns the grants on this tree; out-of-band ACEs are removed at the next seal"
2026-10-10T07:52:57.2602914Z time=2026-10-10T07:52:54.860Z level=INFO msg="pre-migration backup written" component=memory backup=C:\Users\RUNNER~1\AppData\Local\Temp\TestAC3ProductionDataRootIsPrivateEndToEnd2613020305\001\root\data\backup\wisp.db.bak-0-1 from=0 to=1
2026-10-10T07:52:57.2605507Z time=2026-10-10T07:52:54.872Z level=INFO msg="schema migration step applied" component=memory from=0 to=1 started_at=2026-10-10T07:52:54Z duration_ms=11
2026-10-10T07:52:57.2608126Z time=2026-10-10T07:52:54.908Z level=INFO msg="pre-migration backup written" component=memory backup=C:\Users\RUNNER~1\AppData\Local\Temp\TestAC3ProductionDataRootIsPrivateEndToEnd2613020305\001\root\data\backup\wisp.db.bak-1-2 from=1 to=2
2026-10-10T07:52:57.2610587Z time=2026-10-10T07:52:54.919Z level=INFO msg="schema migration step applied" component=memory from=1 to=2 started_at=2026-10-10T07:52:54Z duration_ms=11
2026-10-10T07:52:57.2612013Z time=2026-10-10T07:52:54.940Z level=INFO msg="schema migration complete" component=memory schema_version=2
2026-10-10T07:52:57.2613444Z time=2026-10-10T07:52:54.941Z level=INFO msg="startup WAL checkpoint (TRUNCATE) done" component=memory wal_pages_before=0 pages_moved=0
2026-10-10T07:52:57.2616475Z     production_windows_test.go:29: data root contains: [artifacts backup wisp.db wisp.db-shm wisp.db-wal]
2026-10-10T07:52:57.2619618Z     production_windows_test.go:48: icacls "C:\\Users\\RUNNER~1\\AppData\\Local\\Temp\\TestAC3ProductionDataRootIsPrivateEndToEnd2613020305\\001\\root\\data\\wisp.db"
2026-10-10T07:52:57.2621987Z         C:\Users\RUNNER~1\AppData\Local\Temp\TestAC3ProductionDataRootIsPrivateEndToEnd2613020305\001\root\data\wisp.db NT AUTHORITY\SYSTEM:(I)(F)
2026-10-10T07:52:57.2626749Z                                                                                                                         BUILTIN\Administrators:(I)(F)
2026-10-10T07:52:57.2631038Z                                                                                                                         runnervmfi6oq\runneradmin:(I)(F)
2026-10-10T07:52:57.2631749Z         
2026-10-10T07:52:57.2632364Z         Successfully processed 1 files; Failed processing 0 files
2026-10-10T07:52:57.2634699Z     production_windows_test.go:48: icacls "C:\\Users\\RUNNER~1\\AppData\\Local\\Temp\\TestAC3ProductionDataRootIsPrivateEndToEnd2613020305\\001\\root\\data\\wisp.db-wal"
2026-10-10T07:52:57.2636858Z         C:\Users\RUNNER~1\AppData\Local\Temp\TestAC3ProductionDataRootIsPrivateEndToEnd2613020305\001\root\data\wisp.db-wal NT AUTHORITY\SYSTEM:(I)(F)
2026-10-10T07:52:57.2641935Z                                                                                                                             BUILTIN\Administrators:(I)(F)
2026-10-10T07:52:57.2646620Z                                                                                                                             runnervmfi6oq\runneradmin:(I)(F)
2026-10-10T07:52:57.2647401Z         
2026-10-10T07:52:57.2648032Z         Successfully processed 1 files; Failed processing 0 files
2026-10-10T07:52:57.2649774Z     production_windows_test.go:48: icacls "C:\\Users\\RUNNER~1\\AppData\\Local\\Temp\\TestAC3ProductionDataRootIsPrivateEndToEnd2613020305\\001\\root\\data\\wisp.db-shm"
2026-10-10T07:52:57.2653167Z         C:\Users\RUNNER~1\AppData\Local\Temp\TestAC3ProductionDataRootIsPrivateEndToEnd2613020305\001\root\data\wisp.db-shm NT AUTHORITY\SYSTEM:(I)(F)
2026-10-10T07:52:57.2658095Z                                                                                                                             BUILTIN\Administrators:(I)(F)
2026-10-10T07:52:57.2661307Z                                                                                                                             runnervmfi6oq\runneradmin:(I)(F)
2026-10-10T07:52:57.2661725Z         
2026-10-10T07:52:57.2662076Z         Successfully processed 1 files; Failed processing 0 files
2026-10-10T07:52:57.2662982Z     production_windows_test.go:59: icacls "C:\\Users\\RUNNER~1\\AppData\\Local\\Temp\\TestAC3ProductionDataRootIsPrivateEndToEnd2613020305\\001\\root\\data"
2026-10-10T07:52:57.2664186Z         C:\Users\RUNNER~1\AppData\Local\Temp\TestAC3ProductionDataRootIsPrivateEndToEnd2613020305\001\root\data NT AUTHORITY\SYSTEM:(F)
2026-10-10T07:52:57.2666548Z                                                                                                                 NT AUTHORITY\SYSTEM:(OI)(CI)(IO)(F)
2026-10-10T07:52:57.2668552Z                                                                                                                 BUILTIN\Administrators:(F)
2026-10-10T07:52:57.2670763Z                                                                                                                 BUILTIN\Administrators:(OI)(CI)(IO)(F)
2026-10-10T07:52:57.2672815Z                                                                                                                 runnervmfi6oq\runneradmin:(F)
2026-10-10T07:52:57.2675091Z                                                                                                                 runnervmfi6oq\runneradmin:(OI)(CI)(IO)(F)
2026-10-10T07:52:57.2675488Z         
2026-10-10T07:52:57.2676148Z         Successfully processed 1 files; Failed processing 0 files
2026-10-10T07:52:57.2677090Z     production_windows_test.go:59: icacls "C:\\Users\\RUNNER~1\\AppData\\Local\\Temp\\TestAC3ProductionDataRootIsPrivateEndToEnd2613020305\\001\\root\\data\\wisp.db"
2026-10-10T07:52:57.2678533Z         C:\Users\RUNNER~1\AppData\Local\Temp\TestAC3ProductionDataRootIsPrivateEndToEnd2613020305\001\root\data\wisp.db NT AUTHORITY\SYSTEM:(I)(F)
2026-10-10T07:52:57.2681033Z                                                                                                                         BUILTIN\Administrators:(I)(F)
2026-10-10T07:52:57.2683339Z                                                                                                                         runnervmfi6oq\runneradmin:(I)(F)
2026-10-10T07:52:57.2683721Z         
2026-10-10T07:52:57.2684050Z         Successfully processed 1 files; Failed processing 0 files
2026-10-10T07:52:57.2684942Z     production_windows_test.go:59: icacls "C:\\Users\\RUNNER~1\\AppData\\Local\\Temp\\TestAC3ProductionDataRootIsPrivateEndToEnd2613020305\\001\\root\\data\\secrets"
2026-10-10T07:52:57.2686213Z         C:\Users\RUNNER~1\AppData\Local\Temp\TestAC3ProductionDataRootIsPrivateEndToEnd2613020305\001\root\data\secrets NT AUTHORITY\SYSTEM:(F)
2026-10-10T07:52:57.2688807Z                                                                                                                         NT AUTHORITY\SYSTEM:(OI)(CI)(IO)(F)
2026-10-10T07:52:57.2690991Z                                                                                                                         BUILTIN\Administrators:(F)
2026-10-10T07:52:57.2693408Z                                                                                                                         BUILTIN\Administrators:(OI)(CI)(IO)(F)
2026-10-10T07:52:57.2695654Z                                                                                                                         runnervmfi6oq\runneradmin:(F)
2026-10-10T07:52:57.2698462Z                                                                                                                         runnervmfi6oq\runneradmin:(OI)(CI)(IO)(F)
2026-10-10T07:52:57.2698984Z         
2026-10-10T07:52:57.2699323Z         Successfully processed 1 files; Failed processing 0 files
2026-10-10T07:52:57.2700272Z     production_windows_test.go:59: icacls "C:\\Users\\RUNNER~1\\AppData\\Local\\Temp\\TestAC3ProductionDataRootIsPrivateEndToEnd2613020305\\001\\root\\data\\secrets\\endtoend"
2026-10-10T07:52:57.2701647Z         C:\Users\RUNNER~1\AppData\Local\Temp\TestAC3ProductionDataRootIsPrivateEndToEnd2613020305\001\root\data\secrets\endtoend NT AUTHORITY\SYSTEM:(F)
2026-10-10T07:52:57.2704320Z                                                                                                                                  BUILTIN\Administrators:(F)
2026-10-10T07:52:57.2706793Z                                                                                                                                  runnervmfi6oq\runneradmin:(F)
2026-10-10T07:52:57.2707182Z         
2026-10-10T07:52:57.2707509Z         Successfully processed 1 files; Failed processing 0 files
2026-10-10T07:52:57.2708395Z     production_windows_test.go:59: icacls "C:\\Users\\RUNNER~1\\AppData\\Local\\Temp\\TestAC3ProductionDataRootIsPrivateEndToEnd2613020305\\001\\root\\data\\backup"
2026-10-10T07:52:57.2709632Z         C:\Users\RUNNER~1\AppData\Local\Temp\TestAC3ProductionDataRootIsPrivateEndToEnd2613020305\001\root\data\backup NT AUTHORITY\SYSTEM:(F)
2026-10-10T07:52:57.2712181Z                                                                                                                        NT AUTHORITY\SYSTEM:(OI)(CI)(IO)(F)
2026-10-10T07:52:57.2714342Z                                                                                                                        BUILTIN\Administrators:(F)
2026-10-10T07:52:57.2717038Z                                                                                                                        BUILTIN\Administrators:(OI)(CI)(IO)(F)
2026-10-10T07:52:57.2719277Z                                                                                                                        runnervmfi6oq\runneradmin:(F)
2026-10-10T07:52:57.2721855Z                                                                                                                        runnervmfi6oq\runneradmin:(OI)(CI)(IO)(F)
2026-10-10T07:52:57.2722257Z         
2026-10-10T07:52:57.2722585Z         Successfully processed 1 files; Failed processing 0 files
2026-10-10T07:52:57.2723557Z     production_windows_test.go:59: icacls "C:\\Users\\RUNNER~1\\AppData\\Local\\Temp\\TestAC3ProductionDataRootIsPrivateEndToEnd2613020305\\001\\root\\data\\backup\\wisp.db.bak-0-1"
2026-10-10T07:52:57.2724945Z         C:\Users\RUNNER~1\AppData\Local\Temp\TestAC3ProductionDataRootIsPrivateEndToEnd2613020305\001\root\data\backup\wisp.db.bak-0-1 NT AUTHORITY\SYSTEM:(F)
2026-10-10T07:52:57.2727787Z                                                                                                                                        BUILTIN\Administrators:(F)
2026-10-10T07:52:57.2730445Z                                                                                                                                        runnervmfi6oq\runneradmin:(F)
2026-10-10T07:52:57.2730839Z         
2026-10-10T07:52:57.2731157Z         Successfully processed 1 files; Failed processing 0 files
2026-10-10T07:52:57.2732113Z     production_windows_test.go:59: icacls "C:\\Users\\RUNNER~1\\AppData\\Local\\Temp\\TestAC3ProductionDataRootIsPrivateEndToEnd2613020305\\001\\root\\data\\backup\\wisp.db.bak-1-2"
2026-10-10T07:52:57.2733517Z         C:\Users\RUNNER~1\AppData\Local\Temp\TestAC3ProductionDataRootIsPrivateEndToEnd2613020305\001\root\data\backup\wisp.db.bak-1-2 NT AUTHORITY\SYSTEM:(I)(F)
2026-10-10T07:52:57.2736815Z                                                                                                                                        BUILTIN\Administrators:(I)(F)
2026-10-10T07:52:57.2739680Z                                                                                                                                        runnervmfi6oq\runneradmin:(I)(F)
2026-10-10T07:52:57.2740098Z         
2026-10-10T07:52:57.2740424Z         Successfully processed 1 files; Failed processing 0 files
2026-10-10T07:52:57.2741330Z     production_windows_test.go:59: icacls "C:\\Users\\RUNNER~1\\AppData\\Local\\Temp\\TestAC3ProductionDataRootIsPrivateEndToEnd2613020305\\001\\root\\data\\artifacts"
2026-10-10T07:52:57.2742610Z         C:\Users\RUNNER~1\AppData\Local\Temp\TestAC3ProductionDataRootIsPrivateEndToEnd2613020305\001\root\data\artifacts NT AUTHORITY\SYSTEM:(F)
2026-10-10T07:52:57.2745239Z                                                                                                                           NT AUTHORITY\SYSTEM:(OI)(CI)(IO)(F)
2026-10-10T07:52:57.2747477Z                                                                                                                           BUILTIN\Administrators:(F)
2026-10-10T07:52:57.2749954Z                                                                                                                           BUILTIN\Administrators:(OI)(CI)(IO)(F)
2026-10-10T07:52:57.2752540Z                                                                                                                           runnervmfi6oq\runneradmin:(F)
2026-10-10T07:52:57.2756794Z                                                                                                                           runnervmfi6oq\runneradmin:(OI)(CI)(IO)(F)
2026-10-10T07:52:57.2757324Z         
2026-10-10T07:52:57.2757794Z         Successfully processed 1 files; Failed processing 0 files
2026-10-10T07:52:57.2758804Z     production_windows_test.go:59: sweep checked 8 entries under C:\Users\RUNNER~1\AppData\Local\Temp\TestAC3ProductionDataRootIsPrivateEndToEnd2613020305\001\root\data, all private
2026-10-10T07:52:57.2759657Z --- PASS: TestAC3ProductionDataRootIsPrivateEndToEnd (0.27s)
2026-10-10T07:52:57.2760033Z === RUN   TestC26PipelineIsWiredIntoWinsec
2026-10-10T07:52:57.2761322Z     resolve_windows_test.go:40: junction built: C:\Users\RUNNER~1\AppData\Local\Temp\TestC26PipelineIsWiredIntoWinsec2563017859\001\link -> C:\Users\RUNNER~1\AppData\Local\Temp\TestC26PipelineIsWiredIntoWinsec2563017859\001\target
2026-10-10T07:52:57.2762517Z --- PASS: TestC26PipelineIsWiredIntoWinsec (0.02s)
2026-10-10T07:52:57.2762871Z === RUN   TestAC3JunctionInputIsRefusedNotSealed
2026-10-10T07:52:57.2763758Z     resolve_windows_test.go:75: icacls "C:\\Users\\RUNNER~1\\AppData\\Local\\Temp\\TestAC3JunctionInputIsRefusedNotSealed1426725787\\001\\someone-elses-tree\\artifacts"
2026-10-10T07:52:57.2765064Z         C:\Users\RUNNER~1\AppData\Local\Temp\TestAC3JunctionInputIsRefusedNotSealed1426725787\001\someone-elses-tree\artifacts Everyone:(I)(OI)(CI)(RX)
2026-10-10T07:52:57.2767833Z                                                                                                                                NT AUTHORITY\SYSTEM:(I)(OI)(CI)(F)
2026-10-10T07:52:57.2771882Z                                                                                                                                BUILTIN\Administrators:(I)(OI)(CI)(F)
2026-10-10T07:52:57.2777391Z                                                                                                                                runnervmfi6oq\runneradmin:(I)(OI)(CI)(F)
2026-10-10T07:52:57.2778106Z         
2026-10-10T07:52:57.2778705Z         Successfully processed 1 files; Failed processing 0 files
2026-10-10T07:52:57.2780281Z     resolve_windows_test.go:79: icacls "C:\\Users\\RUNNER~1\\AppData\\Local\\Temp\\TestAC3JunctionInputIsRefusedNotSealed1426725787\\001\\someone-elses-tree"
2026-10-10T07:52:57.2782152Z         C:\Users\RUNNER~1\AppData\Local\Temp\TestAC3JunctionInputIsRefusedNotSealed1426725787\001\someone-elses-tree Everyone:(OI)(CI)(RX)
2026-10-10T07:52:57.2785976Z                                                                                                                      NT AUTHORITY\SYSTEM:(OI)(CI)(F)
2026-10-10T07:52:57.2788286Z                                                                                                                      BUILTIN\Administrators:(OI)(CI)(F)
2026-10-10T07:52:57.2790633Z                                                                                                                      runnervmfi6oq\runneradmin:(OI)(CI)(F)
2026-10-10T07:52:57.2791032Z         
2026-10-10T07:52:57.2791389Z         Successfully processed 1 files; Failed processing 0 files
2026-10-10T07:52:57.2792752Z     resolve_windows_test.go:86: junction built: C:\Users\RUNNER~1\AppData\Local\Temp\TestAC3JunctionInputIsRefusedNotSealed1426725787\002\data\link -> C:\Users\RUNNER~1\AppData\Local\Temp\TestAC3JunctionInputIsRefusedNotSealed1426725787\001\someone-elses-tree
2026-10-10T07:52:57.2793973Z === RUN   TestAC3JunctionInputIsRefusedNotSealed/existing_directory_behind_the_link
2026-10-10T07:52:57.2796092Z     resolve_windows_test.go:92: icacls "C:\\Users\\RUNNER~1\\AppData\\Local\\Temp\\TestAC3JunctionInputIsRefusedNotSealed1426725787\\001\\someone-elses-tree\\artifacts"
2026-10-10T07:52:57.2797441Z         C:\Users\RUNNER~1\AppData\Local\Temp\TestAC3JunctionInputIsRefusedNotSealed1426725787\001\someone-elses-tree\artifacts Everyone:(I)(OI)(CI)(RX)
2026-10-10T07:52:57.2801007Z                                                                                                                                NT AUTHORITY\SYSTEM:(I)(OI)(CI)(F)
2026-10-10T07:52:57.2803840Z                                                                                                                                BUILTIN\Administrators:(I)(OI)(CI)(F)
2026-10-10T07:52:57.2806530Z                                                                                                                                runnervmfi6oq\runneradmin:(I)(OI)(CI)(F)
2026-10-10T07:52:57.2806948Z         
2026-10-10T07:52:57.2807288Z         Successfully processed 1 files; Failed processing 0 files
2026-10-10T07:52:57.2808342Z     resolve_windows_test.go:92: icacls "C:\\Users\\RUNNER~1\\AppData\\Local\\Temp\\TestAC3JunctionInputIsRefusedNotSealed1426725787\\001\\someone-elses-tree"
2026-10-10T07:52:57.2809574Z         C:\Users\RUNNER~1\AppData\Local\Temp\TestAC3JunctionInputIsRefusedNotSealed1426725787\001\someone-elses-tree Everyone:(OI)(CI)(RX)
2026-10-10T07:52:57.2811986Z                                                                                                                      NT AUTHORITY\SYSTEM:(OI)(CI)(F)
2026-10-10T07:52:57.2814258Z                                                                                                                      BUILTIN\Administrators:(OI)(CI)(F)
2026-10-10T07:52:57.2818639Z                                                                                                                      runnervmfi6oq\runneradmin:(OI)(CI)(F)
2026-10-10T07:52:57.2819391Z         
2026-10-10T07:52:57.2820014Z         Successfully processed 1 files; Failed processing 0 files
2026-10-10T07:52:57.2820898Z === RUN   TestAC3JunctionInputIsRefusedNotSealed/missing_directory_under_the_link
2026-10-10T07:52:57.2821908Z === RUN   TestAC3JunctionInputIsRefusedNotSealed/with_only_the_built-in_verifier
2026-10-10T07:52:57.2823731Z     resolve_windows_test.go:119: icacls "C:\\Users\\RUNNER~1\\AppData\\Local\\Temp\\TestAC3JunctionInputIsRefusedNotSealed1426725787\\001\\someone-elses-tree\\artifacts"
2026-10-10T07:52:57.2826112Z         C:\Users\RUNNER~1\AppData\Local\Temp\TestAC3JunctionInputIsRefusedNotSealed1426725787\001\someone-elses-tree\artifacts Everyone:(I)(OI)(CI)(RX)
2026-10-10T07:52:57.2831457Z                                                                                                                                NT AUTHORITY\SYSTEM:(I)(OI)(CI)(F)
2026-10-10T07:52:57.2836865Z                                                                                                                                BUILTIN\Administrators:(I)(OI)(CI)(F)
2026-10-10T07:52:57.2842099Z                                                                                                                                runnervmfi6oq\runneradmin:(I)(OI)(CI)(F)
2026-10-10T07:52:57.2842871Z         
2026-10-10T07:52:57.2843491Z         Successfully processed 1 files; Failed processing 0 files
2026-10-10T07:52:57.2845153Z     resolve_windows_test.go:119: icacls "C:\\Users\\RUNNER~1\\AppData\\Local\\Temp\\TestAC3JunctionInputIsRefusedNotSealed1426725787\\001\\someone-elses-tree"
2026-10-10T07:52:57.2847449Z         C:\Users\RUNNER~1\AppData\Local\Temp\TestAC3JunctionInputIsRefusedNotSealed1426725787\001\someone-elses-tree Everyone:(OI)(CI)(RX)
2026-10-10T07:52:57.2851700Z                                                                                                                      NT AUTHORITY\SYSTEM:(OI)(CI)(F)
2026-10-10T07:52:57.2854889Z                                                                                                                      BUILTIN\Administrators:(OI)(CI)(F)
2026-10-10T07:52:57.2857641Z                                                                                                                      runnervmfi6oq\runneradmin:(OI)(CI)(F)
2026-10-10T07:52:57.2858045Z         
2026-10-10T07:52:57.2858392Z         Successfully processed 1 files; Failed processing 0 files
2026-10-10T07:52:57.2860220Z time=2026-10-10T07:52:55.208Z level=WARN msg="winsec: seal cleared principals that stood on this object" path=C:\Users\runneradmin\AppData\Local\Temp\TestAC3JunctionInputIsRefusedNotSealed1426725787\001\someone-elses-tree\artifacts kind=inherited cleared="" cleared_inherited=S-1-1-0(A;OICIID;0x1200a9;;;WD) policy="winsec owns the grants on this tree; out-of-band ACEs are removed at the next seal"
2026-10-10T07:52:57.2861783Z === NAME  TestAC3JunctionInputIsRefusedNotSealed
2026-10-10T07:52:57.2862688Z     resolve_windows_test.go:132: icacls "C:\\Users\\RUNNER~1\\AppData\\Local\\Temp\\TestAC3JunctionInputIsRefusedNotSealed1426725787\\001\\someone-elses-tree\\artifacts"
2026-10-10T07:52:57.2864789Z         C:\Users\RUNNER~1\AppData\Local\Temp\TestAC3JunctionInputIsRefusedNotSealed1426725787\001\someone-elses-tree\artifacts NT AUTHORITY\SYSTEM:(F)
2026-10-10T07:52:57.2867625Z                                                                                                                                NT AUTHORITY\SYSTEM:(OI)(CI)(IO)(F)
2026-10-10T07:52:57.2872084Z                                                                                                                                BUILTIN\Administrators:(F)
2026-10-10T07:52:57.2877122Z                                                                                                                                BUILTIN\Administrators:(OI)(CI)(IO)(F)
2026-10-10T07:52:57.2881933Z                                                                                                                                runnervmfi6oq\runneradmin:(F)
2026-10-10T07:52:57.2885194Z                                                                                                                                runnervmfi6oq\runneradmin:(OI)(CI)(IO)(F)
2026-10-10T07:52:57.2885821Z         
2026-10-10T07:52:57.2886298Z         Successfully processed 1 files; Failed processing 0 files
2026-10-10T07:52:57.2886801Z --- PASS: TestAC3JunctionInputIsRefusedNotSealed (0.12s)
2026-10-10T07:52:57.2887469Z     --- PASS: TestAC3JunctionInputIsRefusedNotSealed/existing_directory_behind_the_link (0.02s)
2026-10-10T07:52:57.2888280Z     --- PASS: TestAC3JunctionInputIsRefusedNotSealed/missing_directory_under_the_link (0.00s)
2026-10-10T07:52:57.2889087Z     --- PASS: TestAC3JunctionInputIsRefusedNotSealed/with_only_the_built-in_verifier (0.03s)
2026-10-10T07:52:57.2889699Z === RUN   TestAC1SeamCannotBeFreedThenGivenATreeMovingFake
2026-10-10T07:52:57.2890356Z     seam_bypass_108_windows_test.go:99: incumbent before the freeing step: risk.c26Pipeline
2026-10-10T07:52:57.2891828Z     seam_bypass_108_windows_test.go:101: icacls "C:\\Users\\RUNNER~1\\AppData\\Local\\Temp\\TestAC1SeamCannotBeFreedThenGivenATreeMovingFake4115129422\\001\\victim"
2026-10-10T07:52:57.2893664Z         C:\Users\RUNNER~1\AppData\Local\Temp\TestAC1SeamCannotBeFreedThenGivenATreeMovingFake4115129422\001\victim Everyone:(OI)(CI)(RX)
2026-10-10T07:52:57.2896323Z                                                                                                                    NT AUTHORITY\SYSTEM:(OI)(CI)(F)
2026-10-10T07:52:57.2899311Z                                                                                                                    BUILTIN\Administrators:(OI)(CI)(F)
2026-10-10T07:52:57.2902069Z                                                                                                                    runnervmfi6oq\runneradmin:(OI)(CI)(F)
2026-10-10T07:52:57.2902557Z         
2026-10-10T07:52:57.2902978Z         Successfully processed 1 files; Failed processing 0 files
2026-10-10T07:52:57.2904231Z     seam_bypass_108_windows_test.go:101: victim DACL before: sids=[S-1-1-0 S-1-5-18 S-1-5-32-544 S-1-5-21-1643835476-1616584234-1346609752-500] names=[Everyone NT AUTHORITY\SYSTEM BUILTIN\Administrators runnervmfi6oq\runneradmin]
2026-10-10T07:52:57.2905845Z     seam_bypass_108_windows_test.go:103: icacls "C:\\Users\\RUNNER~1\\AppData\\Local\\Temp\\TestAC1SeamCannotBeFreedThenGivenATreeMovingFake4115129422\\001\\victim\\sub\\keep-me.txt"
2026-10-10T07:52:57.2907267Z         C:\Users\RUNNER~1\AppData\Local\Temp\TestAC1SeamCannotBeFreedThenGivenATreeMovingFake4115129422\001\victim\sub\keep-me.txt Everyone:(I)(RX)
2026-10-10T07:52:57.2910155Z                                                                                                                                    BUILTIN\Administrators:(I)(F)
2026-10-10T07:52:57.2914025Z                                                                                                                                    NT AUTHORITY\SYSTEM:(I)(F)
2026-10-10T07:52:57.2919192Z                                                                                                                                    runnervmfi6oq\runneradmin:(I)(F)
2026-10-10T07:52:57.2921096Z         
2026-10-10T07:52:57.2921824Z         Successfully processed 1 files; Failed processing 0 files
2026-10-10T07:52:57.2924152Z     seam_bypass_108_windows_test.go:104: foreign file DACL before: sids=[S-1-1-0 S-1-5-32-544 S-1-5-18 S-1-5-21-1643835476-1616584234-1346609752-500] names=[Everyone BUILTIN\Administrators NT AUTHORITY\SYSTEM runnervmfi6oq\runneradmin]
2026-10-10T07:52:57.2927207Z     seam_bypass_108_windows_test.go:110: icacls "C:\\Users\\RUNNER~1\\AppData\\Local\\Temp\\TestAC1SeamCannotBeFreedThenGivenATreeMovingFake4115129422\\002\\data\\blob.bin"
2026-10-10T07:52:57.2929736Z         C:\Users\RUNNER~1\AppData\Local\Temp\TestAC1SeamCannotBeFreedThenGivenATreeMovingFake4115129422\002\data\blob.bin Everyone:(RX)
2026-10-10T07:52:57.2935030Z                                                                                                                           BUILTIN\Administrators:(F)
2026-10-10T07:52:57.2939315Z                                                                                                                           NT AUTHORITY\SYSTEM:(F)
2026-10-10T07:52:57.2943627Z                                                                                                                           runnervmfi6oq\runneradmin:(F)
2026-10-10T07:52:57.2944390Z         
2026-10-10T07:52:57.2958707Z         Successfully processed 1 files; Failed processing 0 files
2026-10-10T07:52:57.2959939Z     seam_bypass_108_windows_test.go:110: our wide file blob.bin: sids=[S-1-1-0 S-1-5-32-544 S-1-5-18 S-1-5-21-1643835476-1616584234-1346609752-500] names=[Everyone BUILTIN\Administrators NT AUTHORITY\SYSTEM runnervmfi6oq\runneradmin]
2026-10-10T07:52:57.2961691Z     seam_bypass_108_windows_test.go:111: icacls "C:\\Users\\RUNNER~1\\AppData\\Local\\Temp\\TestAC1SeamCannotBeFreedThenGivenATreeMovingFake4115129422\\002\\data\\blob.bin"
2026-10-10T07:52:57.2963185Z         C:\Users\RUNNER~1\AppData\Local\Temp\TestAC1SeamCannotBeFreedThenGivenATreeMovingFake4115129422\002\data\blob.bin Everyone:(RX)
2026-10-10T07:52:57.2965580Z                                                                                                                           BUILTIN\Administrators:(F)
2026-10-10T07:52:57.2967671Z                                                                                                                           NT AUTHORITY\SYSTEM:(F)
2026-10-10T07:52:57.2970424Z                                                                                                                           runnervmfi6oq\runneradmin:(F)
2026-10-10T07:52:57.2971522Z         
2026-10-10T07:52:57.2972170Z         Successfully processed 1 files; Failed processing 0 files
2026-10-10T07:52:57.2973142Z     seam_bypass_108_windows_test.go:140: SealFile through the kept seam: <nil>
2026-10-10T07:52:57.2975130Z     seam_bypass_108_windows_test.go:142: icacls "C:\\Users\\RUNNER~1\\AppData\\Local\\Temp\\TestAC1SeamCannotBeFreedThenGivenATreeMovingFake4115129422\\001\\victim\\sub\\keep-me.txt"
2026-10-10T07:52:57.2977808Z         C:\Users\RUNNER~1\AppData\Local\Temp\TestAC1SeamCannotBeFreedThenGivenATreeMovingFake4115129422\001\victim\sub\keep-me.txt Everyone:(I)(RX)
2026-10-10T07:52:57.2982655Z                                                                                                                                    BUILTIN\Administrators:(I)(F)
2026-10-10T07:52:57.2985390Z                                                                                                                                    NT AUTHORITY\SYSTEM:(I)(F)
2026-10-10T07:52:57.2990406Z                                                                                                                                    runnervmfi6oq\runneradmin:(I)(F)
2026-10-10T07:52:57.2991207Z         
2026-10-10T07:52:57.2992232Z         Successfully processed 1 files; Failed processing 0 files
2026-10-10T07:52:57.2994721Z     seam_bypass_108_windows_test.go:143: foreign file DACL after:  sids=[S-1-1-0 S-1-5-32-544 S-1-5-18 S-1-5-21-1643835476-1616584234-1346609752-500] names=[Everyone BUILTIN\Administrators NT AUTHORITY\SYSTEM runnervmfi6oq\runneradmin]
2026-10-10T07:52:57.2997635Z     seam_bypass_108_windows_test.go:154: icacls "C:\\Users\\RUNNER~1\\AppData\\Local\\Temp\\TestAC1SeamCannotBeFreedThenGivenATreeMovingFake4115129422\\002\\data\\blob.bin"
2026-10-10T07:52:57.3000217Z         C:\Users\RUNNER~1\AppData\Local\Temp\TestAC1SeamCannotBeFreedThenGivenATreeMovingFake4115129422\002\data\blob.bin NT AUTHORITY\SYSTEM:(F)
2026-10-10T07:52:57.3005082Z                                                                                                                           BUILTIN\Administrators:(F)
2026-10-10T07:52:57.3009553Z                                                                                                                           runnervmfi6oq\runneradmin:(F)
2026-10-10T07:52:57.3010300Z         
2026-10-10T07:52:57.3010921Z         Successfully processed 1 files; Failed processing 0 files
2026-10-10T07:52:57.3013375Z     seam_bypass_108_windows_test.go:160: our own blob DACL changed as asked: before=[S-1-1-0 S-1-5-32-544 S-1-5-18 S-1-5-21-1643835476-1616584234-1346609752-500] after=[S-1-5-18 S-1-5-32-544 S-1-5-21-1643835476-1616584234-1346609752-500]
2026-10-10T07:52:57.3016111Z     seam_bypass_108_windows_test.go:162: icacls "C:\\Users\\RUNNER~1\\AppData\\Local\\Temp\\TestAC1SeamCannotBeFreedThenGivenATreeMovingFake4115129422\\001\\victim"
2026-10-10T07:52:57.3018623Z         C:\Users\RUNNER~1\AppData\Local\Temp\TestAC1SeamCannotBeFreedThenGivenATreeMovingFake4115129422\001\victim Everyone:(OI)(CI)(RX)
2026-10-10T07:52:57.3023250Z                                                                                                                    NT AUTHORITY\SYSTEM:(OI)(CI)(F)
2026-10-10T07:52:57.3027590Z                                                                                                                    BUILTIN\Administrators:(OI)(CI)(F)
2026-10-10T07:52:57.3032364Z                                                                                                                    runnervmfi6oq\runneradmin:(OI)(CI)(F)
2026-10-10T07:52:57.3033126Z         
2026-10-10T07:52:57.3033746Z         Successfully processed 1 files; Failed processing 0 files
2026-10-10T07:52:57.3035667Z     seam_bypass_108_windows_test.go:166: icacls "C:\\Users\\RUNNER~1\\AppData\\Local\\Temp\\TestAC1SeamCannotBeFreedThenGivenATreeMovingFake4115129422\\001\\victim\\sub\\keep-me.txt"
2026-10-10T07:52:57.3038398Z         C:\Users\RUNNER~1\AppData\Local\Temp\TestAC1SeamCannotBeFreedThenGivenATreeMovingFake4115129422\001\victim\sub\keep-me.txt Everyone:(I)(RX)
2026-10-10T07:52:57.3043837Z                                                                                                                                    BUILTIN\Administrators:(I)(F)
2026-10-10T07:52:57.3048200Z                                                                                                                                    NT AUTHORITY\SYSTEM:(I)(F)
2026-10-10T07:52:57.3053390Z                                                                                                                                    runnervmfi6oq\runneradmin:(I)(F)
2026-10-10T07:52:57.3053901Z         
2026-10-10T07:52:57.3054251Z         Successfully processed 1 files; Failed processing 0 files
2026-10-10T07:52:57.3054744Z     seam_bypass_108_windows_test.go:166: icacls(foreign) after:
2026-10-10T07:52:57.3055684Z         C:\Users\RUNNER~1\AppData\Local\Temp\TestAC1SeamCannotBeFreedThenGivenATreeMovingFake4115129422\001\victim\sub\keep-me.txt Everyone:(I)(RX)
2026-10-10T07:52:57.3058404Z                                                                                                                                    BUILTIN\Administrators:(I)(F)
2026-10-10T07:52:57.3060796Z                                                                                                                                    NT AUTHORITY\SYSTEM:(I)(F)
2026-10-10T07:52:57.3063496Z                                                                                                                                    runnervmfi6oq\runneradmin:(I)(F)
2026-10-10T07:52:57.3063920Z         
2026-10-10T07:52:57.3064259Z         Successfully processed 1 files; Failed processing 0 files
2026-10-10T07:52:57.3065196Z     seam_bypass_108_windows_test.go:167: icacls "C:\\Users\\RUNNER~1\\AppData\\Local\\Temp\\TestAC1SeamCannotBeFreedThenGivenATreeMovingFake4115129422\\002\\data\\blob.bin"
2026-10-10T07:52:57.3066496Z         C:\Users\RUNNER~1\AppData\Local\Temp\TestAC1SeamCannotBeFreedThenGivenATreeMovingFake4115129422\002\data\blob.bin NT AUTHORITY\SYSTEM:(F)
2026-10-10T07:52:57.3068920Z                                                                                                                           BUILTIN\Administrators:(F)
2026-10-10T07:52:57.3073312Z                                                                                                                           runnervmfi6oq\runneradmin:(F)
2026-10-10T07:52:57.3074102Z         
2026-10-10T07:52:57.3074735Z         Successfully processed 1 files; Failed processing 0 files
2026-10-10T07:52:57.3075585Z     seam_bypass_108_windows_test.go:167: icacls(blob) after:
2026-10-10T07:52:57.3077315Z         C:\Users\RUNNER~1\AppData\Local\Temp\TestAC1SeamCannotBeFreedThenGivenATreeMovingFake4115129422\002\data\blob.bin NT AUTHORITY\SYSTEM:(F)
2026-10-10T07:52:57.3082082Z                                                                                                                           BUILTIN\Administrators:(F)
2026-10-10T07:52:57.3086531Z                                                                                                                           runnervmfi6oq\runneradmin:(F)
2026-10-10T07:52:57.3087554Z         
2026-10-10T07:52:57.3088196Z         Successfully processed 1 files; Failed processing 0 files
2026-10-10T07:52:57.3089071Z --- PASS: TestAC1SeamCannotBeFreedThenGivenATreeMovingFake (0.16s)
2026-10-10T07:52:57.3090231Z === RUN   TestAC4TreeOwnershipIsPartOfTheConformanceContract
2026-10-10T07:52:57.3091947Z     seam_bypass_108_windows_test.go:178: icacls "C:\\Users\\RUNNER~1\\AppData\\Local\\Temp\\TestAC4TreeOwnershipIsPartOfTheConformanceContract2118080773\\001\\victim"
2026-10-10T07:52:57.3094406Z         C:\Users\RUNNER~1\AppData\Local\Temp\TestAC4TreeOwnershipIsPartOfTheConformanceContract2118080773\001\victim Everyone:(OI)(CI)(RX)
2026-10-10T07:52:57.3098823Z                                                                                                                      NT AUTHORITY\SYSTEM:(OI)(CI)(F)
2026-10-10T07:52:57.3101179Z                                                                                                                      BUILTIN\Administrators:(OI)(CI)(F)
2026-10-10T07:52:57.3103578Z                                                                                                                      runnervmfi6oq\runneradmin:(OI)(CI)(F)
2026-10-10T07:52:57.3103985Z         
2026-10-10T07:52:57.3104339Z         Successfully processed 1 files; Failed processing 0 files
2026-10-10T07:52:57.3105511Z     seam_bypass_108_windows_test.go:178: victim DACL before: sids=[S-1-1-0 S-1-5-18 S-1-5-32-544 S-1-5-21-1643835476-1616584234-1346609752-500] names=[Everyone NT AUTHORITY\SYSTEM BUILTIN\Administrators runnervmfi6oq\runneradmin]
2026-10-10T07:52:57.3107051Z     seam_bypass_108_windows_test.go:180: icacls "C:\\Users\\RUNNER~1\\AppData\\Local\\Temp\\TestAC4TreeOwnershipIsPartOfTheConformanceContract2118080773\\001\\victim\\sub\\keep-me.txt"
2026-10-10T07:52:57.3109131Z         C:\Users\RUNNER~1\AppData\Local\Temp\TestAC4TreeOwnershipIsPartOfTheConformanceContract2118080773\001\victim\sub\keep-me.txt Everyone:(I)(RX)
2026-10-10T07:52:57.3112756Z                                                                                                                                      BUILTIN\Administrators:(I)(F)
2026-10-10T07:52:57.3115510Z                                                                                                                                      NT AUTHORITY\SYSTEM:(I)(F)
2026-10-10T07:52:57.3121299Z                                                                                                                                      runnervmfi6oq\runneradmin:(I)(F)
2026-10-10T07:52:57.3121760Z         
2026-10-10T07:52:57.3122114Z         Successfully processed 1 files; Failed processing 0 files
2026-10-10T07:52:57.3122725Z     seam_bypass_108_windows_test.go:192: the tree-moving fake was refused; seam stayed <floor>
2026-10-10T07:52:57.3123832Z     seam_bypass_108_windows_test.go:198: icacls "C:\\Users\\RUNNER~1\\AppData\\Local\\Temp\\TestAC4TreeOwnershipIsPartOfTheConformanceContract2118080773\\001\\victim\\sub\\keep-me.txt"
2026-10-10T07:52:57.3125244Z         C:\Users\RUNNER~1\AppData\Local\Temp\TestAC4TreeOwnershipIsPartOfTheConformanceContract2118080773\001\victim\sub\keep-me.txt Everyone:(I)(RX)
2026-10-10T07:52:57.3128151Z                                                                                                                                      BUILTIN\Administrators:(I)(F)
2026-10-10T07:52:57.3131113Z                                                                                                                                      NT AUTHORITY\SYSTEM:(I)(F)
2026-10-10T07:52:57.3133845Z                                                                                                                                      runnervmfi6oq\runneradmin:(I)(F)
2026-10-10T07:52:57.3134267Z         
2026-10-10T07:52:57.3134607Z         Successfully processed 1 files; Failed processing 0 files
2026-10-10T07:52:57.3135076Z --- PASS: TestAC4TreeOwnershipIsPartOfTheConformanceContract (0.06s)
2026-10-10T07:52:57.3135591Z === RUN   TestAC4ResolverThatCannotAccountForItsTreeCannotSealAnything
2026-10-10T07:52:57.3137551Z     seam_bypass_108_windows_test.go:222: PrivateDirAll refused as: winsec: refusing to seal C:\Users\RUNNER~1\AppData\Local\Temp\TestAC4ResolverThatCannotAccountForItsTreeCannotSealAnything3743061147\001\data: winsec: path is not provably resolved, refusing to seal: winsec_test.unaccountedResolver108 does not implement RewriteAccounted
2026-10-10T07:52:57.3142297Z     seam_bypass_108_windows_test.go:231: SealFile refused as: winsec: refusing to seal C:\Users\RUNNER~1\AppData\Local\Temp\TestAC4ResolverThatCannotAccountForItsTreeCannotSealAnything3743061147\002\blob.bin: winsec: path is not provably resolved, refusing to seal: winsec_test.unaccountedResolver108 does not implement RewriteAccounted
2026-10-10T07:52:57.3144886Z --- PASS: TestAC4ResolverThatCannotAccountForItsTreeCannotSealAnything (0.00s)
2026-10-10T07:52:57.3145819Z === RUN   TestAC3PlacementFloorHoldsForEverySeparatorSpelling
2026-10-10T07:52:57.3146353Z === RUN   TestAC3PlacementFloorHoldsForEverySeparatorSpelling/native-backslash
2026-10-10T07:52:57.3147455Z     seam_bypass_108_windows_test.go:247: icacls "C:\\Users\\RUNNER~1\\AppData\\Local\\Temp\\TestAC3PlacementFloorHoldsForEverySeparatorSpellingnative-backs1009160203\\001\\victim"
2026-10-10T07:52:57.3148892Z         C:\Users\RUNNER~1\AppData\Local\Temp\TestAC3PlacementFloorHoldsForEverySeparatorSpellingnative-backs1009160203\001\victim Everyone:(OI)(CI)(RX)
2026-10-10T07:52:57.3152112Z                                                                                                                                   NT AUTHORITY\SYSTEM:(OI)(CI)(F)
2026-10-10T07:52:57.3154825Z                                                                                                                                   BUILTIN\Administrators:(OI)(CI)(F)
2026-10-10T07:52:57.3157725Z                                                                                                                                   runnervmfi6oq\runneradmin:(OI)(CI)(F)
2026-10-10T07:52:57.3158162Z         
2026-10-10T07:52:57.3158752Z         Successfully processed 1 files; Failed processing 0 files
2026-10-10T07:52:57.3161487Z     seam_bypass_108_windows_test.go:247: victim DACL before: sids=[S-1-1-0 S-1-5-18 S-1-5-32-544 S-1-5-21-1643835476-1616584234-1346609752-500] names=[Everyone NT AUTHORITY\SYSTEM BUILTIN\Administrators runnervmfi6oq\runneradmin]
2026-10-10T07:52:57.3164576Z     seam_bypass_108_windows_test.go:256: fixture: own=C:\Users\RUNNER~1\AppData\Local\Temp\TestAC3PlacementFloorHoldsForEverySeparatorSpellingnative-backs1009160203\002\data seam=<floor>
2026-10-10T07:52:57.3168991Z     seam_bypass_108_windows_test.go:257: mklink /J link -> victim: Junction created for C:\Users\RUNNER~1\AppData\Local\Temp\TestAC3PlacementFloorHoldsForEverySeparatorSpellingnative-backs1009160203\002\data\link <<===>> C:\Users\RUNNER~1\AppData\Local\Temp\TestAC3PlacementFloorHoldsForEverySeparatorSpellingnative-backs1009160203\001\victim
2026-10-10T07:52:57.3176073Z     seam_bypass_108_windows_test.go:257: junction in place: C:\Users\RUNNER~1\AppData\Local\Temp\TestAC3PlacementFloorHoldsForEverySeparatorSpellingnative-backs1009160203\002\data\link (attributes 0x410)
2026-10-10T07:52:57.3179190Z     seam_bypass_108_windows_test.go:260: icacls "C:\\Users\\RUNNER~1\\AppData\\Local\\Temp\\TestAC3PlacementFloorHoldsForEverySeparatorSpellingnative-backs1009160203\\002\\data\\link\\sub\\keep-me.txt"
2026-10-10T07:52:57.3182229Z         C:\Users\RUNNER~1\AppData\Local\Temp\TestAC3PlacementFloorHoldsForEverySeparatorSpellingnative-backs1009160203\002\data\link\sub\keep-me.txt Everyone:(I)(RX)
2026-10-10T07:52:57.3188563Z                                                                                                                                                      BUILTIN\Administrators:(I)(F)
2026-10-10T07:52:57.3193020Z                                                                                                                                                      NT AUTHORITY\SYSTEM:(I)(F)
2026-10-10T07:52:57.3196399Z                                                                                                                                                      runnervmfi6oq\runneradmin:(I)(F)
2026-10-10T07:52:57.3196845Z         
2026-10-10T07:52:57.3197191Z         Successfully processed 1 files; Failed processing 0 files
2026-10-10T07:52:57.3199108Z     seam_bypass_108_windows_test.go:261: spelling "C:\\Users\\RUNNER~1\\AppData\\Local\\Temp\\TestAC3PlacementFloorHoldsForEverySeparatorSpellingnative-backs1009160203\\002\\data\\link\\sub\\keep-me.txt": foreign DACL before sids=[S-1-1-0 S-1-5-32-544 S-1-5-18 S-1-5-21-1643835476-1616584234-1346609752-500] names=[Everyone BUILTIN\Administrators NT AUTHORITY\SYSTEM runnervmfi6oq\runneradmin]
2026-10-10T07:52:57.3201331Z     seam_bypass_108_windows_test.go:272: icacls "C:\\Users\\RUNNER~1\\AppData\\Local\\Temp\\TestAC3PlacementFloorHoldsForEverySeparatorSpellingnative-backs1009160203\\002\\data\\link\\sub\\keep-me.txt"
2026-10-10T07:52:57.3202892Z         C:\Users\RUNNER~1\AppData\Local\Temp\TestAC3PlacementFloorHoldsForEverySeparatorSpellingnative-backs1009160203\002\data\link\sub\keep-me.txt Everyone:(I)(RX)
2026-10-10T07:52:57.3206273Z                                                                                                                                                      BUILTIN\Administrators:(I)(F)
2026-10-10T07:52:57.3209243Z                                                                                                                                                      NT AUTHORITY\SYSTEM:(I)(F)
2026-10-10T07:52:57.3212807Z                                                                                                                                                      runnervmfi6oq\runneradmin:(I)(F)
2026-10-10T07:52:57.3213253Z         
2026-10-10T07:52:57.3213600Z         Successfully processed 1 files; Failed processing 0 files
2026-10-10T07:52:57.3215622Z     seam_bypass_108_windows_test.go:273: spelling "C:\\Users\\RUNNER~1\\AppData\\Local\\Temp\\TestAC3PlacementFloorHoldsForEverySeparatorSpellingnative-backs1009160203\\002\\data\\link\\sub\\keep-me.txt": foreign DACL after  sids=[S-1-1-0 S-1-5-32-544 S-1-5-18 S-1-5-21-1643835476-1616584234-1346609752-500] names=[Everyone BUILTIN\Administrators NT AUTHORITY\SYSTEM runnervmfi6oq\runneradmin]
2026-10-10T07:52:57.3217293Z === RUN   TestAC3PlacementFloorHoldsForEverySeparatorSpelling/all-forward-slash
2026-10-10T07:52:57.3218387Z     seam_bypass_108_windows_test.go:247: icacls "C:\\Users\\RUNNER~1\\AppData\\Local\\Temp\\TestAC3PlacementFloorHoldsForEverySeparatorSpellingall-forward-3863694418\\001\\victim"
2026-10-10T07:52:57.3220586Z         C:\Users\RUNNER~1\AppData\Local\Temp\TestAC3PlacementFloorHoldsForEverySeparatorSpellingall-forward-3863694418\001\victim Everyone:(OI)(CI)(RX)
2026-10-10T07:52:57.3223572Z                                                                                                                                   NT AUTHORITY\SYSTEM:(OI)(CI)(F)
2026-10-10T07:52:57.3226846Z                                                                                                                                   BUILTIN\Administrators:(OI)(CI)(F)
2026-10-10T07:52:57.3231891Z                                                                                                                                   runnervmfi6oq\runneradmin:(OI)(CI)(F)
2026-10-10T07:52:57.3232717Z         
2026-10-10T07:52:57.3233363Z         Successfully processed 1 files; Failed processing 0 files
2026-10-10T07:52:57.3235467Z     seam_bypass_108_windows_test.go:247: victim DACL before: sids=[S-1-1-0 S-1-5-18 S-1-5-32-544 S-1-5-21-1643835476-1616584234-1346609752-500] names=[Everyone NT AUTHORITY\SYSTEM BUILTIN\Administrators runnervmfi6oq\runneradmin]
2026-10-10T07:52:57.3238414Z     seam_bypass_108_windows_test.go:256: fixture: own=C:\Users\RUNNER~1\AppData\Local\Temp\TestAC3PlacementFloorHoldsForEverySeparatorSpellingall-forward-3863694418\002\data seam=<floor>
2026-10-10T07:52:57.3243034Z     seam_bypass_108_windows_test.go:257: mklink /J link -> victim: Junction created for C:\Users\RUNNER~1\AppData\Local\Temp\TestAC3PlacementFloorHoldsForEverySeparatorSpellingall-forward-3863694418\002\data\link <<===>> C:\Users\RUNNER~1\AppData\Local\Temp\TestAC3PlacementFloorHoldsForEverySeparatorSpellingall-forward-3863694418\001\victim
2026-10-10T07:52:57.3247317Z     seam_bypass_108_windows_test.go:257: junction in place: C:\Users\RUNNER~1\AppData\Local\Temp\TestAC3PlacementFloorHoldsForEverySeparatorSpellingall-forward-3863694418\002\data\link (attributes 0x410)
2026-10-10T07:52:57.3250679Z     seam_bypass_108_windows_test.go:260: icacls "C:\\Users\\RUNNER~1\\AppData\\Local\\Temp\\TestAC3PlacementFloorHoldsForEverySeparatorSpellingall-forward-3863694418\\002\\data\\link\\sub\\keep-me.txt"
2026-10-10T07:52:57.3253537Z         C:\Users\RUNNER~1\AppData\Local\Temp\TestAC3PlacementFloorHoldsForEverySeparatorSpellingall-forward-3863694418\002\data\link\sub\keep-me.txt Everyone:(I)(RX)
2026-10-10T07:52:57.3260060Z                                                                                                                                                      BUILTIN\Administrators:(I)(F)
2026-10-10T07:52:57.3265819Z                                                                                                                                                      NT AUTHORITY\SYSTEM:(I)(F)
2026-10-10T07:52:57.3272161Z                                                                                                                                                      runnervmfi6oq\runneradmin:(I)(F)
2026-10-10T07:52:57.3273029Z         
2026-10-10T07:52:57.3273672Z         Successfully processed 1 files; Failed processing 0 files
2026-10-10T07:52:57.3276716Z     seam_bypass_108_windows_test.go:261: spelling "C:/Users/RUNNER~1/AppData/Local/Temp/TestAC3PlacementFloorHoldsForEverySeparatorSpellingall-forward-3863694418/002/data/link/sub/keep-me.txt": foreign DACL before sids=[S-1-1-0 S-1-5-32-544 S-1-5-18 S-1-5-21-1643835476-1616584234-1346609752-500] names=[Everyone BUILTIN\Administrators NT AUTHORITY\SYSTEM runnervmfi6oq\runneradmin]
2026-10-10T07:52:57.3281090Z     seam_bypass_108_windows_test.go:272: icacls "C:\\Users\\RUNNER~1\\AppData\\Local\\Temp\\TestAC3PlacementFloorHoldsForEverySeparatorSpellingall-forward-3863694418\\002\\data\\link\\sub\\keep-me.txt"
2026-10-10T07:52:57.3282730Z         C:\Users\RUNNER~1\AppData\Local\Temp\TestAC3PlacementFloorHoldsForEverySeparatorSpellingall-forward-3863694418\002\data\link\sub\keep-me.txt Everyone:(I)(RX)
2026-10-10T07:52:57.3286121Z                                                                                                                                                      BUILTIN\Administrators:(I)(F)
2026-10-10T07:52:57.3289600Z                                                                                                                                                      NT AUTHORITY\SYSTEM:(I)(F)
2026-10-10T07:52:57.3292830Z                                                                                                                                                      runnervmfi6oq\runneradmin:(I)(F)
2026-10-10T07:52:57.3293267Z         
2026-10-10T07:52:57.3293613Z         Successfully processed 1 files; Failed processing 0 files
2026-10-10T07:52:57.3295516Z     seam_bypass_108_windows_test.go:273: spelling "C:/Users/RUNNER~1/AppData/Local/Temp/TestAC3PlacementFloorHoldsForEverySeparatorSpellingall-forward-3863694418/002/data/link/sub/keep-me.txt": foreign DACL after  sids=[S-1-1-0 S-1-5-32-544 S-1-5-18 S-1-5-21-1643835476-1616584234-1346609752-500] names=[Everyone BUILTIN\Administrators NT AUTHORITY\SYSTEM runnervmfi6oq\runneradmin]
2026-10-10T07:52:57.3298688Z === RUN   TestAC3PlacementFloorHoldsForEverySeparatorSpelling/mixed-separators
2026-10-10T07:52:57.3300757Z     seam_bypass_108_windows_test.go:247: icacls "C:\\Users\\RUNNER~1\\AppData\\Local\\Temp\\TestAC3PlacementFloorHoldsForEverySeparatorSpellingmixed-separa47900684\\001\\victim"
2026-10-10T07:52:57.3303725Z         C:\Users\RUNNER~1\AppData\Local\Temp\TestAC3PlacementFloorHoldsForEverySeparatorSpellingmixed-separa47900684\001\victim Everyone:(OI)(CI)(RX)
2026-10-10T07:52:57.3308574Z                                                                                                                                 NT AUTHORITY\SYSTEM:(OI)(CI)(F)
2026-10-10T07:52:57.3312011Z                                                                                                                                 BUILTIN\Administrators:(OI)(CI)(F)
2026-10-10T07:52:57.3317129Z                                                                                                                                 runnervmfi6oq\runneradmin:(OI)(CI)(F)
2026-10-10T07:52:57.3317929Z         
2026-10-10T07:52:57.3318623Z         Successfully processed 1 files; Failed processing 0 files
2026-10-10T07:52:57.3320874Z     seam_bypass_108_windows_test.go:247: victim DACL before: sids=[S-1-1-0 S-1-5-18 S-1-5-32-544 S-1-5-21-1643835476-1616584234-1346609752-500] names=[Everyone NT AUTHORITY\SYSTEM BUILTIN\Administrators runnervmfi6oq\runneradmin]
2026-10-10T07:52:57.3323958Z     seam_bypass_108_windows_test.go:256: fixture: own=C:\Users\RUNNER~1\AppData\Local\Temp\TestAC3PlacementFloorHoldsForEverySeparatorSpellingmixed-separa47900684\002\data seam=<floor>
2026-10-10T07:52:57.3328197Z     seam_bypass_108_windows_test.go:257: mklink /J link -> victim: Junction created for C:\Users\RUNNER~1\AppData\Local\Temp\TestAC3PlacementFloorHoldsForEverySeparatorSpellingmixed-separa47900684\002\data\link <<===>> C:\Users\RUNNER~1\AppData\Local\Temp\TestAC3PlacementFloorHoldsForEverySeparatorSpellingmixed-separa47900684\001\victim
2026-10-10T07:52:57.3332705Z     seam_bypass_108_windows_test.go:257: junction in place: C:\Users\RUNNER~1\AppData\Local\Temp\TestAC3PlacementFloorHoldsForEverySeparatorSpellingmixed-separa47900684\002\data\link (attributes 0x410)
2026-10-10T07:52:57.3335894Z     seam_bypass_108_windows_test.go:260: icacls "C:\\Users\\RUNNER~1\\AppData\\Local\\Temp\\TestAC3PlacementFloorHoldsForEverySeparatorSpellingmixed-separa47900684\\002\\data\\link\\sub\\keep-me.txt"
2026-10-10T07:52:57.3339099Z         C:\Users\RUNNER~1\AppData\Local\Temp\TestAC3PlacementFloorHoldsForEverySeparatorSpellingmixed-separa47900684\002\data\link\sub\keep-me.txt Everyone:(I)(RX)
2026-10-10T07:52:57.3345719Z                                                                                                                                                    BUILTIN\Administrators:(I)(F)
2026-10-10T07:52:57.3351708Z                                                                                                                                                    NT AUTHORITY\SYSTEM:(I)(F)
2026-10-10T07:52:57.3357589Z                                                                                                                                                    runnervmfi6oq\runneradmin:(I)(F)
2026-10-10T07:52:57.3358433Z         
2026-10-10T07:52:57.3359076Z         Successfully processed 1 files; Failed processing 0 files
2026-10-10T07:52:57.3362683Z     seam_bypass_108_windows_test.go:261: spelling "C:/Users/RUNNER~1/AppData/Local/Temp/TestAC3PlacementFloorHoldsForEverySeparatorSpellingmixed-separa47900684/002/data\\link/sub/keep-me.txt": foreign DACL before sids=[S-1-1-0 S-1-5-32-544 S-1-5-18 S-1-5-21-1643835476-1616584234-1346609752-500] names=[Everyone BUILTIN\Administrators NT AUTHORITY\SYSTEM runnervmfi6oq\runneradmin]
2026-10-10T07:52:57.3367091Z     seam_bypass_108_windows_test.go:272: icacls "C:\\Users\\RUNNER~1\\AppData\\Local\\Temp\\TestAC3PlacementFloorHoldsForEverySeparatorSpellingmixed-separa47900684\\002\\data\\link\\sub\\keep-me.txt"
2026-10-10T07:52:57.3369951Z         C:\Users\RUNNER~1\AppData\Local\Temp\TestAC3PlacementFloorHoldsForEverySeparatorSpellingmixed-separa47900684\002\data\link\sub\keep-me.txt Everyone:(I)(RX)
2026-10-10T07:52:57.3376955Z                                                                                                                                                    BUILTIN\Administrators:(I)(F)
2026-10-10T07:52:57.3382094Z                                                                                                                                                    NT AUTHORITY\SYSTEM:(I)(F)
2026-10-10T07:52:57.3388833Z                                                                                                                                                    runnervmfi6oq\runneradmin:(I)(F)
2026-10-10T07:52:57.3389976Z         
2026-10-10T07:52:57.3390680Z         Successfully processed 1 files; Failed processing 0 files
2026-10-10T07:52:57.3392993Z     seam_bypass_108_windows_test.go:273: spelling "C:/Users/RUNNER~1/AppData/Local/Temp/TestAC3PlacementFloorHoldsForEverySeparatorSpellingmixed-separa47900684/002/data\\link/sub/keep-me.txt": foreign DACL after  sids=[S-1-1-0 S-1-5-32-544 S-1-5-18 S-1-5-21-1643835476-1616584234-1346609752-500] names=[Everyone BUILTIN\Administrators NT AUTHORITY\SYSTEM runnervmfi6oq\runneradmin]
2026-10-10T07:52:57.3395265Z === RUN   TestAC3PlacementFloorHoldsForEverySeparatorSpelling/trailing-separator
2026-10-10T07:52:57.3396789Z     seam_bypass_108_windows_test.go:247: icacls "C:\\Users\\RUNNER~1\\AppData\\Local\\Temp\\TestAC3PlacementFloorHoldsForEverySeparatorSpellingtrailing-sep3483638958\\001\\victim"
2026-10-10T07:52:57.3398590Z         C:\Users\RUNNER~1\AppData\Local\Temp\TestAC3PlacementFloorHoldsForEverySeparatorSpellingtrailing-sep3483638958\001\victim Everyone:(OI)(CI)(RX)
2026-10-10T07:52:57.3402160Z                                                                                                                                   NT AUTHORITY\SYSTEM:(OI)(CI)(F)
2026-10-10T07:52:57.3404872Z                                                                                                                                   BUILTIN\Administrators:(OI)(CI)(F)
2026-10-10T07:52:57.3407787Z                                                                                                                                   runnervmfi6oq\runneradmin:(OI)(CI)(F)
2026-10-10T07:52:57.3408223Z         
2026-10-10T07:52:57.3408765Z         Successfully processed 1 files; Failed processing 0 files
2026-10-10T07:52:57.3409908Z     seam_bypass_108_windows_test.go:247: victim DACL before: sids=[S-1-1-0 S-1-5-18 S-1-5-32-544 S-1-5-21-1643835476-1616584234-1346609752-500] names=[Everyone NT AUTHORITY\SYSTEM BUILTIN\Administrators runnervmfi6oq\runneradmin]
2026-10-10T07:52:57.3411456Z     seam_bypass_108_windows_test.go:256: fixture: own=C:\Users\RUNNER~1\AppData\Local\Temp\TestAC3PlacementFloorHoldsForEverySeparatorSpellingtrailing-sep3483638958\002\data seam=<floor>
2026-10-10T07:52:57.3413622Z     seam_bypass_108_windows_test.go:257: mklink /J link -> victim: Junction created for C:\Users\RUNNER~1\AppData\Local\Temp\TestAC3PlacementFloorHoldsForEverySeparatorSpellingtrailing-sep3483638958\002\data\link <<===>> C:\Users\RUNNER~1\AppData\Local\Temp\TestAC3PlacementFloorHoldsForEverySeparatorSpellingtrailing-sep3483638958\001\victim
2026-10-10T07:52:57.3415956Z     seam_bypass_108_windows_test.go:257: junction in place: C:\Users\RUNNER~1\AppData\Local\Temp\TestAC3PlacementFloorHoldsForEverySeparatorSpellingtrailing-sep3483638958\002\data\link (attributes 0x410)
2026-10-10T07:52:57.3418651Z     seam_bypass_108_windows_test.go:260: icacls "C:\\Users\\RUNNER~1\\AppData\\Local\\Temp\\TestAC3PlacementFloorHoldsForEverySeparatorSpellingtrailing-sep3483638958\\002\\data\\link\\sub\\keep-me.txt"
2026-10-10T07:52:57.3420202Z         C:\Users\RUNNER~1\AppData\Local\Temp\TestAC3PlacementFloorHoldsForEverySeparatorSpellingtrailing-sep3483638958\002\data\link\sub\keep-me.txt Everyone:(I)(RX)
2026-10-10T07:52:57.3423479Z                                                                                                                                                      BUILTIN\Administrators:(I)(F)
2026-10-10T07:52:57.3426537Z                                                                                                                                                      NT AUTHORITY\SYSTEM:(I)(F)
2026-10-10T07:52:57.3430662Z                                                                                                                                                      runnervmfi6oq\runneradmin:(I)(F)
2026-10-10T07:52:57.3431121Z         
2026-10-10T07:52:57.3431522Z         Successfully processed 1 files; Failed processing 0 files
2026-10-10T07:52:57.3434264Z     seam_bypass_108_windows_test.go:261: spelling "C:\\Users\\RUNNER~1\\AppData\\Local\\Temp\\TestAC3PlacementFloorHoldsForEverySeparatorSpellingtrailing-sep3483638958\\002\\data\\link\\sub\\keep-me.txt/": foreign DACL before sids=[S-1-1-0 S-1-5-32-544 S-1-5-18 S-1-5-21-1643835476-1616584234-1346609752-500] names=[Everyone BUILTIN\Administrators NT AUTHORITY\SYSTEM runnervmfi6oq\runneradmin]
2026-10-10T07:52:57.3436507Z     seam_bypass_108_windows_test.go:272: icacls "C:\\Users\\RUNNER~1\\AppData\\Local\\Temp\\TestAC3PlacementFloorHoldsForEverySeparatorSpellingtrailing-sep3483638958\\002\\data\\link\\sub\\keep-me.txt"
2026-10-10T07:52:57.3438077Z         C:\Users\RUNNER~1\AppData\Local\Temp\TestAC3PlacementFloorHoldsForEverySeparatorSpellingtrailing-sep3483638958\002\data\link\sub\keep-me.txt Everyone:(I)(RX)
2026-10-10T07:52:57.3441319Z                                                                                                                                                      BUILTIN\Administrators:(I)(F)
2026-10-10T07:52:57.3444163Z                                                                                                                                                      NT AUTHORITY\SYSTEM:(I)(F)
2026-10-10T07:52:57.3447153Z                                                                                                                                                      runnervmfi6oq\runneradmin:(I)(F)
2026-10-10T07:52:57.3447576Z         
2026-10-10T07:52:57.3448265Z         Successfully processed 1 files; Failed processing 0 files
2026-10-10T07:52:57.3450482Z     seam_bypass_108_windows_test.go:273: spelling "C:\\Users\\RUNNER~1\\AppData\\Local\\Temp\\TestAC3PlacementFloorHoldsForEverySeparatorSpellingtrailing-sep3483638958\\002\\data\\link\\sub\\keep-me.txt/": foreign DACL after  sids=[S-1-1-0 S-1-5-32-544 S-1-5-18 S-1-5-21-1643835476-1616584234-1346609752-500] names=[Everyone BUILTIN\Administrators NT AUTHORITY\SYSTEM runnervmfi6oq\runneradmin]
2026-10-10T07:52:57.3452173Z === RUN   TestAC3PlacementFloorHoldsForEverySeparatorSpelling/doubled-separator
2026-10-10T07:52:57.3453252Z     seam_bypass_108_windows_test.go:247: icacls "C:\\Users\\RUNNER~1\\AppData\\Local\\Temp\\TestAC3PlacementFloorHoldsForEverySeparatorSpellingdoubled-sepa3856631569\\001\\victim"
2026-10-10T07:52:57.3454642Z         C:\Users\RUNNER~1\AppData\Local\Temp\TestAC3PlacementFloorHoldsForEverySeparatorSpellingdoubled-sepa3856631569\001\victim Everyone:(OI)(CI)(RX)
2026-10-10T07:52:57.3457349Z                                                                                                                                   NT AUTHORITY\SYSTEM:(OI)(CI)(F)
2026-10-10T07:52:57.3459865Z                                                                                                                                   BUILTIN\Administrators:(OI)(CI)(F)
2026-10-10T07:52:57.3462436Z                                                                                                                                   runnervmfi6oq\runneradmin:(OI)(CI)(F)
2026-10-10T07:52:57.3462844Z         
2026-10-10T07:52:57.3463173Z         Successfully processed 1 files; Failed processing 0 files
2026-10-10T07:52:57.3464295Z     seam_bypass_108_windows_test.go:247: victim DACL before: sids=[S-1-1-0 S-1-5-18 S-1-5-32-544 S-1-5-21-1643835476-1616584234-1346609752-500] names=[Everyone NT AUTHORITY\SYSTEM BUILTIN\Administrators runnervmfi6oq\runneradmin]
2026-10-10T07:52:57.3465851Z     seam_bypass_108_windows_test.go:256: fixture: own=C:\Users\RUNNER~1\AppData\Local\Temp\TestAC3PlacementFloorHoldsForEverySeparatorSpellingdoubled-sepa3856631569\002\data seam=<floor>
2026-10-10T07:52:57.3468478Z     seam_bypass_108_windows_test.go:257: mklink /J link -> victim: Junction created for C:\Users\RUNNER~1\AppData\Local\Temp\TestAC3PlacementFloorHoldsForEverySeparatorSpellingdoubled-sepa3856631569\002\data\link <<===>> C:\Users\RUNNER~1\AppData\Local\Temp\TestAC3PlacementFloorHoldsForEverySeparatorSpellingdoubled-sepa3856631569\001\victim
2026-10-10T07:52:57.3470622Z     seam_bypass_108_windows_test.go:257: junction in place: C:\Users\RUNNER~1\AppData\Local\Temp\TestAC3PlacementFloorHoldsForEverySeparatorSpellingdoubled-sepa3856631569\002\data\link (attributes 0x410)
2026-10-10T07:52:57.3473183Z     seam_bypass_108_windows_test.go:260: icacls "C:\\Users\\RUNNER~1\\AppData\\Local\\Temp\\TestAC3PlacementFloorHoldsForEverySeparatorSpellingdoubled-sepa3856631569\\002\\data\\link\\sub\\keep-me.txt"
2026-10-10T07:52:57.3475630Z         C:\Users\RUNNER~1\AppData\Local\Temp\TestAC3PlacementFloorHoldsForEverySeparatorSpellingdoubled-sepa3856631569\002\data\link\sub\keep-me.txt Everyone:(I)(RX)
2026-10-10T07:52:57.3479058Z                                                                                                                                                      BUILTIN\Administrators:(I)(F)
2026-10-10T07:52:57.3482040Z                                                                                                                                                      NT AUTHORITY\SYSTEM:(I)(F)
2026-10-10T07:52:57.3485176Z                                                                                                                                                      runnervmfi6oq\runneradmin:(I)(F)
2026-10-10T07:52:57.3485600Z         
2026-10-10T07:52:57.3485936Z         Successfully processed 1 files; Failed processing 0 files
2026-10-10T07:52:57.3488376Z     seam_bypass_108_windows_test.go:261: spelling "C:\\Users\\RUNNER~1\\AppData\\Local\\Temp\\TestAC3PlacementFloorHoldsForEverySeparatorSpellingdoubled-sepa3856631569\\002\\data\\link//sub\\keep-me.txt": foreign DACL before sids=[S-1-1-0 S-1-5-32-544 S-1-5-18 S-1-5-21-1643835476-1616584234-1346609752-500] names=[Everyone BUILTIN\Administrators NT AUTHORITY\SYSTEM runnervmfi6oq\runneradmin]
2026-10-10T07:52:57.3490701Z     seam_bypass_108_windows_test.go:272: icacls "C:\\Users\\RUNNER~1\\AppData\\Local\\Temp\\TestAC3PlacementFloorHoldsForEverySeparatorSpellingdoubled-sepa3856631569\\002\\data\\link\\sub\\keep-me.txt"
2026-10-10T07:52:57.3492264Z         C:\Users\RUNNER~1\AppData\Local\Temp\TestAC3PlacementFloorHoldsForEverySeparatorSpellingdoubled-sepa3856631569\002\data\link\sub\keep-me.txt Everyone:(I)(RX)
2026-10-10T07:52:57.3495645Z                                                                                                                                                      BUILTIN\Administrators:(I)(F)
2026-10-10T07:52:57.3498622Z                                                                                                                                                      NT AUTHORITY\SYSTEM:(I)(F)
2026-10-10T07:52:57.3501771Z                                                                                                                                                      runnervmfi6oq\runneradmin:(I)(F)
2026-10-10T07:52:57.3502204Z         
2026-10-10T07:52:57.3502540Z         Successfully processed 1 files; Failed processing 0 files
2026-10-10T07:52:57.3504416Z     seam_bypass_108_windows_test.go:273: spelling "C:\\Users\\RUNNER~1\\AppData\\Local\\Temp\\TestAC3PlacementFloorHoldsForEverySeparatorSpellingdoubled-sepa3856631569\\002\\data\\link//sub\\keep-me.txt": foreign DACL after  sids=[S-1-1-0 S-1-5-32-544 S-1-5-18 S-1-5-21-1643835476-1616584234-1346609752-500] names=[Everyone BUILTIN\Administrators NT AUTHORITY\SYSTEM runnervmfi6oq\runneradmin]
2026-10-10T07:52:57.3506249Z === RUN   TestAC3PlacementFloorHoldsForEverySeparatorSpelling/dot-segment
2026-10-10T07:52:57.3508092Z     seam_bypass_108_windows_test.go:247: icacls "C:\\Users\\RUNNER~1\\AppData\\Local\\Temp\\TestAC3PlacementFloorHoldsForEverySeparatorSpellingdot-segment3638128181\\001\\victim"
2026-10-10T07:52:57.3509893Z         C:\Users\RUNNER~1\AppData\Local\Temp\TestAC3PlacementFloorHoldsForEverySeparatorSpellingdot-segment3638128181\001\victim Everyone:(OI)(CI)(RX)
2026-10-10T07:52:57.3512687Z                                                                                                                                  NT AUTHORITY\SYSTEM:(OI)(CI)(F)
2026-10-10T07:52:57.3516522Z                                                                                                                                  BUILTIN\Administrators:(OI)(CI)(F)
2026-10-10T07:52:57.3521547Z                                                                                                                                  runnervmfi6oq\runneradmin:(OI)(CI)(F)
2026-10-10T07:52:57.3521697Z         
2026-10-10T07:52:57.3522163Z         Successfully processed 1 files; Failed processing 0 files
2026-10-10T07:52:57.3523859Z     seam_bypass_108_windows_test.go:247: victim DACL before: sids=[S-1-1-0 S-1-5-18 S-1-5-32-544 S-1-5-21-1643835476-1616584234-1346609752-500] names=[Everyone NT AUTHORITY\SYSTEM BUILTIN\Administrators runnervmfi6oq\runneradmin]
2026-10-10T07:52:57.3525321Z     seam_bypass_108_windows_test.go:256: fixture: own=C:\Users\RUNNER~1\AppData\Local\Temp\TestAC3PlacementFloorHoldsForEverySeparatorSpellingdot-segment3638128181\002\data seam=<floor>
2026-10-10T07:52:57.3527600Z     seam_bypass_108_windows_test.go:257: mklink /J link -> victim: Junction created for C:\Users\RUNNER~1\AppData\Local\Temp\TestAC3PlacementFloorHoldsForEverySeparatorSpellingdot-segment3638128181\002\data\link <<===>> C:\Users\RUNNER~1\AppData\Local\Temp\TestAC3PlacementFloorHoldsForEverySeparatorSpellingdot-segment3638128181\001\victim
2026-10-10T07:52:57.3528935Z     seam_bypass_108_windows_test.go:257: junction in place: C:\Users\RUNNER~1\AppData\Local\Temp\TestAC3PlacementFloorHoldsForEverySeparatorSpellingdot-segment3638128181\002\data\link (attributes 0x410)
2026-10-10T07:52:57.3529999Z     seam_bypass_108_windows_test.go:260: icacls "C:\\Users\\RUNNER~1\\AppData\\Local\\Temp\\TestAC3PlacementFloorHoldsForEverySeparatorSpellingdot-segment3638128181\\002\\data\\link\\sub\\keep-me.txt"
2026-10-10T07:52:57.3530810Z         C:\Users\RUNNER~1\AppData\Local\Temp\TestAC3PlacementFloorHoldsForEverySeparatorSpellingdot-segment3638128181\002\data\link\sub\keep-me.txt Everyone:(I)(RX)
2026-10-10T07:52:57.3533523Z                                                                                                                                                     BUILTIN\Administrators:(I)(F)
2026-10-10T07:52:57.3536117Z                                                                                                                                                     NT AUTHORITY\SYSTEM:(I)(F)
2026-10-10T07:52:57.3542162Z                                                                                                                                                     runnervmfi6oq\runneradmin:(I)(F)
2026-10-10T07:52:57.3542267Z         
2026-10-10T07:52:57.3542531Z         Successfully processed 1 files; Failed processing 0 files
2026-10-10T07:52:57.3544206Z     seam_bypass_108_windows_test.go:261: spelling "C:\\Users\\RUNNER~1\\AppData\\Local\\Temp\\TestAC3PlacementFloorHoldsForEverySeparatorSpellingdot-segment3638128181\\002\\data\\link\\.\\sub\\keep-me.txt": foreign DACL before sids=[S-1-1-0 S-1-5-32-544 S-1-5-18 S-1-5-21-1643835476-1616584234-1346609752-500] names=[Everyone BUILTIN\Administrators NT AUTHORITY\SYSTEM runnervmfi6oq\runneradmin]
2026-10-10T07:52:57.3545048Z     seam_bypass_108_windows_test.go:272: icacls "C:\\Users\\RUNNER~1\\AppData\\Local\\Temp\\TestAC3PlacementFloorHoldsForEverySeparatorSpellingdot-segment3638128181\\002\\data\\link\\sub\\keep-me.txt"
2026-10-10T07:52:57.3545847Z         C:\Users\RUNNER~1\AppData\Local\Temp\TestAC3PlacementFloorHoldsForEverySeparatorSpellingdot-segment3638128181\002\data\link\sub\keep-me.txt Everyone:(I)(RX)
2026-10-10T07:52:57.3550993Z                                                                                                                                                     BUILTIN\Administrators:(I)(F)
2026-10-10T07:52:57.3553907Z                                                                                                                                                     NT AUTHORITY\SYSTEM:(I)(F)
2026-10-10T07:52:57.3556733Z                                                                                                                                                     runnervmfi6oq\runneradmin:(I)(F)
2026-10-10T07:52:57.3556817Z         
2026-10-10T07:52:57.3557078Z         Successfully processed 1 files; Failed processing 0 files
2026-10-10T07:52:57.3558766Z     seam_bypass_108_windows_test.go:273: spelling "C:\\Users\\RUNNER~1\\AppData\\Local\\Temp\\TestAC3PlacementFloorHoldsForEverySeparatorSpellingdot-segment3638128181\\002\\data\\link\\.\\sub\\keep-me.txt": foreign DACL after  sids=[S-1-1-0 S-1-5-32-544 S-1-5-18 S-1-5-21-1643835476-1616584234-1346609752-500] names=[Everyone BUILTIN\Administrators NT AUTHORITY\SYSTEM runnervmfi6oq\runneradmin]
2026-10-10T07:52:57.3559050Z === RUN   TestAC3PlacementFloorHoldsForEverySeparatorSpelling/extended-length-prefix
2026-10-10T07:52:57.3559802Z     seam_bypass_108_windows_test.go:247: icacls "C:\\Users\\RUNNER~1\\AppData\\Local\\Temp\\TestAC3PlacementFloorHoldsForEverySeparatorSpellingextended-len3751973008\\001\\victim"
2026-10-10T07:52:57.3560541Z         C:\Users\RUNNER~1\AppData\Local\Temp\TestAC3PlacementFloorHoldsForEverySeparatorSpellingextended-len3751973008\001\victim Everyone:(OI)(CI)(RX)
2026-10-10T07:52:57.3562798Z                                                                                                                                   NT AUTHORITY\SYSTEM:(OI)(CI)(F)
2026-10-10T07:52:57.3568838Z                                                                                                                                   BUILTIN\Administrators:(OI)(CI)(F)
2026-10-10T07:52:57.3573399Z                                                                                                                                   runnervmfi6oq\runneradmin:(OI)(CI)(F)
2026-10-10T07:52:57.3573543Z         
2026-10-10T07:52:57.3573985Z         Successfully processed 1 files; Failed processing 0 files
2026-10-10T07:52:57.3575616Z     seam_bypass_108_windows_test.go:247: victim DACL before: sids=[S-1-1-0 S-1-5-18 S-1-5-32-544 S-1-5-21-1643835476-1616584234-1346609752-500] names=[Everyone NT AUTHORITY\SYSTEM BUILTIN\Administrators runnervmfi6oq\runneradmin]
2026-10-10T07:52:57.3577064Z     seam_bypass_108_windows_test.go:256: fixture: own=C:\Users\RUNNER~1\AppData\Local\Temp\TestAC3PlacementFloorHoldsForEverySeparatorSpellingextended-len3751973008\002\data seam=<floor>
2026-10-10T07:52:57.3580880Z     seam_bypass_108_windows_test.go:257: mklink /J link -> victim: Junction created for C:\Users\RUNNER~1\AppData\Local\Temp\TestAC3PlacementFloorHoldsForEverySeparatorSpellingextended-len3751973008\002\data\link <<===>> C:\Users\RUNNER~1\AppData\Local\Temp\TestAC3PlacementFloorHoldsForEverySeparatorSpellingextended-len3751973008\001\victim
2026-10-10T07:52:57.3582291Z     seam_bypass_108_windows_test.go:257: junction in place: C:\Users\RUNNER~1\AppData\Local\Temp\TestAC3PlacementFloorHoldsForEverySeparatorSpellingextended-len3751973008\002\data\link (attributes 0x410)
2026-10-10T07:52:57.3583306Z     seam_bypass_108_windows_test.go:260: icacls "C:\\Users\\RUNNER~1\\AppData\\Local\\Temp\\TestAC3PlacementFloorHoldsForEverySeparatorSpellingextended-len3751973008\\002\\data\\link\\sub\\keep-me.txt"
2026-10-10T07:52:57.3584827Z         C:\Users\RUNNER~1\AppData\Local\Temp\TestAC3PlacementFloorHoldsForEverySeparatorSpellingextended-len3751973008\002\data\link\sub\keep-me.txt Everyone:(I)(RX)
2026-10-10T07:52:57.3591311Z                                                                                                                                                      BUILTIN\Administrators:(I)(F)
2026-10-10T07:52:57.3597269Z                                                                                                                                                      NT AUTHORITY\SYSTEM:(I)(F)
2026-10-10T07:52:57.3603986Z                                                                                                                                                      runnervmfi6oq\runneradmin:(I)(F)
2026-10-10T07:52:57.3604145Z         
2026-10-10T07:52:57.3604613Z         Successfully processed 1 files; Failed processing 0 files
2026-10-10T07:52:57.3607654Z     seam_bypass_108_windows_test.go:261: spelling "\\\\?\\C:\\Users\\RUNNER~1\\AppData\\Local\\Temp\\TestAC3PlacementFloorHoldsForEverySeparatorSpellingextended-len3751973008\\002\\data\\link\\sub\\keep-me.txt": foreign DACL before sids=[S-1-1-0 S-1-5-32-544 S-1-5-18 S-1-5-21-1643835476-1616584234-1346609752-500] names=[Everyone BUILTIN\Administrators NT AUTHORITY\SYSTEM runnervmfi6oq\runneradmin]
2026-10-10T07:52:57.3609558Z     seam_bypass_108_windows_test.go:272: icacls "C:\\Users\\RUNNER~1\\AppData\\Local\\Temp\\TestAC3PlacementFloorHoldsForEverySeparatorSpellingextended-len3751973008\\002\\data\\link\\sub\\keep-me.txt"
2026-10-10T07:52:57.3611075Z         C:\Users\RUNNER~1\AppData\Local\Temp\TestAC3PlacementFloorHoldsForEverySeparatorSpellingextended-len3751973008\002\data\link\sub\keep-me.txt Everyone:(I)(RX)
2026-10-10T07:52:57.3613960Z                                                                                                                                                      BUILTIN\Administrators:(I)(F)
2026-10-10T07:52:57.3616788Z                                                                                                                                                      NT AUTHORITY\SYSTEM:(I)(F)
2026-10-10T07:52:57.3619604Z                                                                                                                                                      runnervmfi6oq\runneradmin:(I)(F)
2026-10-10T07:52:57.3619701Z         
2026-10-10T07:52:57.3620146Z         Successfully processed 1 files; Failed processing 0 files
2026-10-10T07:52:57.3621808Z     seam_bypass_108_windows_test.go:273: spelling "\\\\?\\C:\\Users\\RUNNER~1\\AppData\\Local\\Temp\\TestAC3PlacementFloorHoldsForEverySeparatorSpellingextended-len3751973008\\002\\data\\link\\sub\\keep-me.txt": foreign DACL after  sids=[S-1-1-0 S-1-5-32-544 S-1-5-18 S-1-5-21-1643835476-1616584234-1346609752-500] names=[Everyone BUILTIN\Administrators NT AUTHORITY\SYSTEM runnervmfi6oq\runneradmin]
2026-10-10T07:52:57.3622097Z === RUN   TestAC3PlacementFloorHoldsForEverySeparatorSpelling/volume-only-relative-tail
2026-10-10T07:52:57.3622843Z     seam_bypass_108_windows_test.go:247: icacls "C:\\Users\\RUNNER~1\\AppData\\Local\\Temp\\TestAC3PlacementFloorHoldsForEverySeparatorSpellingvolume-only-3132763936\\001\\victim"
2026-10-10T07:52:57.3623577Z         C:\Users\RUNNER~1\AppData\Local\Temp\TestAC3PlacementFloorHoldsForEverySeparatorSpellingvolume-only-3132763936\001\victim Everyone:(OI)(CI)(RX)
2026-10-10T07:52:57.3627446Z                                                                                                                                   NT AUTHORITY\SYSTEM:(OI)(CI)(F)
2026-10-10T07:52:57.3632241Z                                                                                                                                   BUILTIN\Administrators:(OI)(CI)(F)
2026-10-10T07:52:57.3636686Z                                                                                                                                   runnervmfi6oq\runneradmin:(OI)(CI)(F)
2026-10-10T07:52:57.3636835Z         
2026-10-10T07:52:57.3637347Z         Successfully processed 1 files; Failed processing 0 files
2026-10-10T07:52:57.3638275Z     seam_bypass_108_windows_test.go:247: victim DACL before: sids=[S-1-1-0 S-1-5-18 S-1-5-32-544 S-1-5-21-1643835476-1616584234-1346609752-500] names=[Everyone NT AUTHORITY\SYSTEM BUILTIN\Administrators runnervmfi6oq\runneradmin]
2026-10-10T07:52:57.3639293Z     seam_bypass_108_windows_test.go:256: fixture: own=C:\Users\RUNNER~1\AppData\Local\Temp\TestAC3PlacementFloorHoldsForEverySeparatorSpellingvolume-only-3132763936\002\data seam=<floor>
2026-10-10T07:52:57.3641318Z     seam_bypass_108_windows_test.go:257: mklink /J link -> victim: Junction created for C:\Users\RUNNER~1\AppData\Local\Temp\TestAC3PlacementFloorHoldsForEverySeparatorSpellingvolume-only-3132763936\002\data\link <<===>> C:\Users\RUNNER~1\AppData\Local\Temp\TestAC3PlacementFloorHoldsForEverySeparatorSpellingvolume-only-3132763936\001\victim
2026-10-10T07:52:57.3642999Z     seam_bypass_108_windows_test.go:257: junction in place: C:\Users\RUNNER~1\AppData\Local\Temp\TestAC3PlacementFloorHoldsForEverySeparatorSpellingvolume-only-3132763936\002\data\link (attributes 0x410)
2026-10-10T07:52:57.3644676Z     seam_bypass_108_windows_test.go:260: icacls "C:\\Users\\RUNNER~1\\AppData\\Local\\Temp\\TestAC3PlacementFloorHoldsForEverySeparatorSpellingvolume-only-3132763936\\002\\data\\link\\sub\\keep-me.txt"
2026-10-10T07:52:57.3646227Z         C:\Users\RUNNER~1\AppData\Local\Temp\TestAC3PlacementFloorHoldsForEverySeparatorSpellingvolume-only-3132763936\002\data\link\sub\keep-me.txt Everyone:(I)(RX)
2026-10-10T07:52:57.3651857Z                                                                                                                                                      BUILTIN\Administrators:(I)(F)
2026-10-10T07:52:57.3656975Z                                                                                                                                                      NT AUTHORITY\SYSTEM:(I)(F)
2026-10-10T07:52:57.3661670Z                                                                                                                                                      runnervmfi6oq\runneradmin:(I)(F)
2026-10-10T07:52:57.3661842Z         
2026-10-10T07:52:57.3662331Z         Successfully processed 1 files; Failed processing 0 files
2026-10-10T07:52:57.3664612Z     seam_bypass_108_windows_test.go:261: spelling "data\\link/sub/keep-me.txt": foreign DACL before sids=[S-1-1-0 S-1-5-32-544 S-1-5-18 S-1-5-21-1643835476-1616584234-1346609752-500] names=[Everyone BUILTIN\Administrators NT AUTHORITY\SYSTEM runnervmfi6oq\runneradmin]
2026-10-10T07:52:57.3666286Z     seam_bypass_108_windows_test.go:272: icacls "C:\\Users\\RUNNER~1\\AppData\\Local\\Temp\\TestAC3PlacementFloorHoldsForEverySeparatorSpellingvolume-only-3132763936\\002\\data\\link\\sub\\keep-me.txt"
2026-10-10T07:52:57.3667822Z         C:\Users\RUNNER~1\AppData\Local\Temp\TestAC3PlacementFloorHoldsForEverySeparatorSpellingvolume-only-3132763936\002\data\link\sub\keep-me.txt Everyone:(I)(RX)
2026-10-10T07:52:57.3673365Z                                                                                                                                                      BUILTIN\Administrators:(I)(F)
2026-10-10T07:52:57.3678689Z                                                                                                                                                      NT AUTHORITY\SYSTEM:(I)(F)
2026-10-10T07:52:57.3683965Z                                                                                                                                                      runnervmfi6oq\runneradmin:(I)(F)
2026-10-10T07:52:57.3684106Z         
2026-10-10T07:52:57.3684545Z         Successfully processed 1 files; Failed processing 0 files
2026-10-10T07:52:57.3686501Z     seam_bypass_108_windows_test.go:273: spelling "data\\link/sub/keep-me.txt": foreign DACL after  sids=[S-1-1-0 S-1-5-32-544 S-1-5-18 S-1-5-21-1643835476-1616584234-1346609752-500] names=[Everyone BUILTIN\Administrators NT AUTHORITY\SYSTEM runnervmfi6oq\runneradmin]
2026-10-10T07:52:57.3686926Z --- PASS: TestAC3PlacementFloorHoldsForEverySeparatorSpelling (0.67s)
2026-10-10T07:52:57.3687879Z     --- PASS: TestAC3PlacementFloorHoldsForEverySeparatorSpelling/native-backslash (0.08s)
2026-10-10T07:52:57.3688883Z     --- PASS: TestAC3PlacementFloorHoldsForEverySeparatorSpelling/all-forward-slash (0.08s)
2026-10-10T07:52:57.3689570Z     --- PASS: TestAC3PlacementFloorHoldsForEverySeparatorSpelling/mixed-separators (0.08s)
2026-10-10T07:52:57.3690270Z     --- PASS: TestAC3PlacementFloorHoldsForEverySeparatorSpelling/trailing-separator (0.08s)
2026-10-10T07:52:57.3690935Z     --- PASS: TestAC3PlacementFloorHoldsForEverySeparatorSpelling/doubled-separator (0.09s)
2026-10-10T07:52:57.3691523Z     --- PASS: TestAC3PlacementFloorHoldsForEverySeparatorSpelling/dot-segment (0.08s)
2026-10-10T07:52:57.3692232Z     --- PASS: TestAC3PlacementFloorHoldsForEverySeparatorSpelling/extended-length-prefix (0.08s)
2026-10-10T07:52:57.3692994Z     --- PASS: TestAC3PlacementFloorHoldsForEverySeparatorSpelling/volume-only-relative-tail (0.09s)
2026-10-10T07:52:57.3693309Z === RUN   TestAC2AncestorGuardHoldsForEverySeparatorSpelling
2026-10-10T07:52:57.3693770Z === RUN   TestAC2AncestorGuardHoldsForEverySeparatorSpelling/native-backslash
2026-10-10T07:52:57.3695279Z     seam_bypass_108_windows_test.go:330: icacls "C:\\Users\\RUNNER~1\\AppData\\Local\\Temp\\TestAC2AncestorGuardHoldsForEverySeparatorSpellingnative-backsl1890305113\\001\\victim"
2026-10-10T07:52:57.3696734Z         C:\Users\RUNNER~1\AppData\Local\Temp\TestAC2AncestorGuardHoldsForEverySeparatorSpellingnative-backsl1890305113\001\victim Everyone:(OI)(CI)(RX)
2026-10-10T07:52:57.3700921Z                                                                                                                                   NT AUTHORITY\SYSTEM:(OI)(CI)(F)
2026-10-10T07:52:57.3705761Z                                                                                                                                   BUILTIN\Administrators:(OI)(CI)(F)
2026-10-10T07:52:57.3710101Z                                                                                                                                   runnervmfi6oq\runneradmin:(OI)(CI)(F)
2026-10-10T07:52:57.3710218Z         
2026-10-10T07:52:57.3710484Z         Successfully processed 1 files; Failed processing 0 files
2026-10-10T07:52:57.3711603Z     seam_bypass_108_windows_test.go:330: victim DACL before: sids=[S-1-1-0 S-1-5-18 S-1-5-32-544 S-1-5-21-1643835476-1616584234-1346609752-500] names=[Everyone NT AUTHORITY\SYSTEM BUILTIN\Administrators runnervmfi6oq\runneradmin]
2026-10-10T07:52:57.3712451Z     seam_bypass_108_windows_test.go:339: fixture: own=C:\Users\RUNNER~1\AppData\Local\Temp\TestAC2AncestorGuardHoldsForEverySeparatorSpellingnative-backsl1890305113\002\data seam=risk.c26Pipeline
2026-10-10T07:52:57.3713950Z     seam_bypass_108_windows_test.go:340: mklink /J link -> victim: Junction created for C:\Users\RUNNER~1\AppData\Local\Temp\TestAC2AncestorGuardHoldsForEverySeparatorSpellingnative-backsl1890305113\002\data\link <<===>> C:\Users\RUNNER~1\AppData\Local\Temp\TestAC2AncestorGuardHoldsForEverySeparatorSpellingnative-backsl1890305113\001\victim
2026-10-10T07:52:57.3714817Z     seam_bypass_108_windows_test.go:340: junction in place: C:\Users\RUNNER~1\AppData\Local\Temp\TestAC2AncestorGuardHoldsForEverySeparatorSpellingnative-backsl1890305113\002\data\link (attributes 0x410)
2026-10-10T07:52:57.3717691Z     seam_bypass_108_windows_test.go:345: RemoveUnlinked("C:\\Users\\RUNNER~1\\AppData\\Local\\Temp\\TestAC2AncestorGuardHoldsForEverySeparatorSpellingnative-backsl1890305113\\002\\data\\link\\sub\\keep-me.txt") -> err=winsec: entry is a link to something else, not private data C:\Users\RUNNER~1\AppData\Local\Temp\TestAC2AncestorGuardHoldsForEverySeparatorSpellingnative-backsl1890305113\002\data\link\sub\keep-me.txt: the spelling reaches it through the link at C:\Users\RUNNER~1\AppData\Local\Temp\TestAC2AncestorGuardHoldsForEverySeparatorSpellingnative-backsl1890305113\002\data\link, and whatever lives behind that link is not this tree's data to delete
2026-10-10T07:52:57.3718427Z     seam_bypass_108_windows_test.go:360: icacls "C:\\Users\\RUNNER~1\\AppData\\Local\\Temp\\TestAC2AncestorGuardHoldsForEverySeparatorSpellingnative-backsl1890305113\\001\\victim"
2026-10-10T07:52:57.3719256Z         C:\Users\RUNNER~1\AppData\Local\Temp\TestAC2AncestorGuardHoldsForEverySeparatorSpellingnative-backsl1890305113\001\victim Everyone:(OI)(CI)(RX)
2026-10-10T07:52:57.3721480Z                                                                                                                                   NT AUTHORITY\SYSTEM:(OI)(CI)(F)
2026-10-10T07:52:57.3723793Z                                                                                                                                   BUILTIN\Administrators:(OI)(CI)(F)
2026-10-10T07:52:57.3726167Z                                                                                                                                   runnervmfi6oq\runneradmin:(OI)(CI)(F)
2026-10-10T07:52:57.3726258Z         
2026-10-10T07:52:57.3727105Z         Successfully processed 1 files; Failed processing 0 files
2026-10-10T07:52:57.3727386Z === RUN   TestAC2AncestorGuardHoldsForEverySeparatorSpelling/all-forward-slash
2026-10-10T07:52:57.3728142Z     seam_bypass_108_windows_test.go:330: icacls "C:\\Users\\RUNNER~1\\AppData\\Local\\Temp\\TestAC2AncestorGuardHoldsForEverySeparatorSpellingall-forward-s36272470\\001\\victim"
2026-10-10T07:52:57.3728865Z         C:\Users\RUNNER~1\AppData\Local\Temp\TestAC2AncestorGuardHoldsForEverySeparatorSpellingall-forward-s36272470\001\victim Everyone:(OI)(CI)(RX)
2026-10-10T07:52:57.3731029Z                                                                                                                                 NT AUTHORITY\SYSTEM:(OI)(CI)(F)
2026-10-10T07:52:57.3733280Z                                                                                                                                 BUILTIN\Administrators:(OI)(CI)(F)
2026-10-10T07:52:57.3735597Z                                                                                                                                 runnervmfi6oq\runneradmin:(OI)(CI)(F)
2026-10-10T07:52:57.3735679Z         
2026-10-10T07:52:57.3735929Z         Successfully processed 1 files; Failed processing 0 files
2026-10-10T07:52:57.3736953Z     seam_bypass_108_windows_test.go:330: victim DACL before: sids=[S-1-1-0 S-1-5-18 S-1-5-32-544 S-1-5-21-1643835476-1616584234-1346609752-500] names=[Everyone NT AUTHORITY\SYSTEM BUILTIN\Administrators runnervmfi6oq\runneradmin]
2026-10-10T07:52:57.3737779Z     seam_bypass_108_windows_test.go:339: fixture: own=C:\Users\RUNNER~1\AppData\Local\Temp\TestAC2AncestorGuardHoldsForEverySeparatorSpellingall-forward-s36272470\002\data seam=risk.c26Pipeline
2026-10-10T07:52:57.3739261Z     seam_bypass_108_windows_test.go:340: mklink /J link -> victim: Junction created for C:\Users\RUNNER~1\AppData\Local\Temp\TestAC2AncestorGuardHoldsForEverySeparatorSpellingall-forward-s36272470\002\data\link <<===>> C:\Users\RUNNER~1\AppData\Local\Temp\TestAC2AncestorGuardHoldsForEverySeparatorSpellingall-forward-s36272470\001\victim
2026-10-10T07:52:57.3740120Z     seam_bypass_108_windows_test.go:340: junction in place: C:\Users\RUNNER~1\AppData\Local\Temp\TestAC2AncestorGuardHoldsForEverySeparatorSpellingall-forward-s36272470\002\data\link (attributes 0x410)
2026-10-10T07:52:57.3743192Z     seam_bypass_108_windows_test.go:345: RemoveUnlinked("C:/Users/RUNNER~1/AppData/Local/Temp/TestAC2AncestorGuardHoldsForEverySeparatorSpellingall-forward-s36272470/002/data/link/sub/keep-me.txt") -> err=winsec: entry is a link to something else, not private data C:/Users/RUNNER~1/AppData/Local/Temp/TestAC2AncestorGuardHoldsForEverySeparatorSpellingall-forward-s36272470/002/data/link/sub/keep-me.txt: the spelling reaches it through the link at C:/Users/RUNNER~1/AppData/Local/Temp/TestAC2AncestorGuardHoldsForEverySeparatorSpellingall-forward-s36272470/002/data/link, and whatever lives behind that link is not this tree's data to delete
2026-10-10T07:52:57.3743932Z     seam_bypass_108_windows_test.go:360: icacls "C:\\Users\\RUNNER~1\\AppData\\Local\\Temp\\TestAC2AncestorGuardHoldsForEverySeparatorSpellingall-forward-s36272470\\001\\victim"
2026-10-10T07:52:57.3744800Z         C:\Users\RUNNER~1\AppData\Local\Temp\TestAC2AncestorGuardHoldsForEverySeparatorSpellingall-forward-s36272470\001\victim Everyone:(OI)(CI)(RX)
2026-10-10T07:52:57.3747312Z                                                                                                                                 NT AUTHORITY\SYSTEM:(OI)(CI)(F)
2026-10-10T07:52:57.3749707Z                                                                                                                                 BUILTIN\Administrators:(OI)(CI)(F)
2026-10-10T07:52:57.3754065Z                                                                                                                                 runnervmfi6oq\runneradmin:(OI)(CI)(F)
2026-10-10T07:52:57.3754237Z         
2026-10-10T07:52:57.3754708Z         Successfully processed 1 files; Failed processing 0 files
2026-10-10T07:52:57.3755184Z === RUN   TestAC2AncestorGuardHoldsForEverySeparatorSpelling/mixed-separators
2026-10-10T07:52:57.3756607Z     seam_bypass_108_windows_test.go:330: icacls "C:\\Users\\RUNNER~1\\AppData\\Local\\Temp\\TestAC2AncestorGuardHoldsForEverySeparatorSpellingmixed-separat3777337637\\001\\victim"
2026-10-10T07:52:57.3758002Z         C:\Users\RUNNER~1\AppData\Local\Temp\TestAC2AncestorGuardHoldsForEverySeparatorSpellingmixed-separat3777337637\001\victim Everyone:(OI)(CI)(RX)
2026-10-10T07:52:57.3762045Z                                                                                                                                   NT AUTHORITY\SYSTEM:(OI)(CI)(F)
2026-10-10T07:52:57.3764370Z                                                                                                                                   BUILTIN\Administrators:(OI)(CI)(F)
2026-10-10T07:52:57.3766744Z                                                                                                                                   runnervmfi6oq\runneradmin:(OI)(CI)(F)
2026-10-10T07:52:57.3767169Z         
2026-10-10T07:52:57.3767470Z         Successfully processed 1 files; Failed processing 0 files
2026-10-10T07:52:57.3768572Z     seam_bypass_108_windows_test.go:330: victim DACL before: sids=[S-1-1-0 S-1-5-18 S-1-5-32-544 S-1-5-21-1643835476-1616584234-1346609752-500] names=[Everyone NT AUTHORITY\SYSTEM BUILTIN\Administrators runnervmfi6oq\runneradmin]
2026-10-10T07:52:57.3769421Z     seam_bypass_108_windows_test.go:339: fixture: own=C:\Users\RUNNER~1\AppData\Local\Temp\TestAC2AncestorGuardHoldsForEverySeparatorSpellingmixed-separat3777337637\002\data seam=risk.c26Pipeline
2026-10-10T07:52:57.3770916Z     seam_bypass_108_windows_test.go:340: mklink /J link -> victim: Junction created for C:\Users\RUNNER~1\AppData\Local\Temp\TestAC2AncestorGuardHoldsForEverySeparatorSpellingmixed-separat3777337637\002\data\link <<===>> C:\Users\RUNNER~1\AppData\Local\Temp\TestAC2AncestorGuardHoldsForEverySeparatorSpellingmixed-separat3777337637\001\victim
2026-10-10T07:52:57.3772105Z     seam_bypass_108_windows_test.go:340: junction in place: C:\Users\RUNNER~1\AppData\Local\Temp\TestAC2AncestorGuardHoldsForEverySeparatorSpellingmixed-separat3777337637\002\data\link (attributes 0x410)
2026-10-10T07:52:57.3776899Z     seam_bypass_108_windows_test.go:345: RemoveUnlinked("C:/Users/RUNNER~1/AppData/Local/Temp/TestAC2AncestorGuardHoldsForEverySeparatorSpellingmixed-separat3777337637/002/data\\link/sub/keep-me.txt") -> err=winsec: entry is a link to something else, not private data C:/Users/RUNNER~1/AppData/Local/Temp/TestAC2AncestorGuardHoldsForEverySeparatorSpellingmixed-separat3777337637/002/data\link/sub/keep-me.txt: the spelling reaches it through the link at C:/Users/RUNNER~1/AppData/Local/Temp/TestAC2AncestorGuardHoldsForEverySeparatorSpellingmixed-separat3777337637/002/data\link, and whatever lives behind that link is not this tree's data to delete
2026-10-10T07:52:57.3777703Z     seam_bypass_108_windows_test.go:360: icacls "C:\\Users\\RUNNER~1\\AppData\\Local\\Temp\\TestAC2AncestorGuardHoldsForEverySeparatorSpellingmixed-separat3777337637\\001\\victim"
2026-10-10T07:52:57.3778647Z         C:\Users\RUNNER~1\AppData\Local\Temp\TestAC2AncestorGuardHoldsForEverySeparatorSpellingmixed-separat3777337637\001\victim Everyone:(OI)(CI)(RX)
2026-10-10T07:52:57.3780915Z                                                                                                                                   NT AUTHORITY\SYSTEM:(OI)(CI)(F)
2026-10-10T07:52:57.3783264Z                                                                                                                                   BUILTIN\Administrators:(OI)(CI)(F)
2026-10-10T07:52:57.3785678Z                                                                                                                                   runnervmfi6oq\runneradmin:(OI)(CI)(F)
2026-10-10T07:52:57.3785758Z         
2026-10-10T07:52:57.3786018Z         Successfully processed 1 files; Failed processing 0 files
2026-10-10T07:52:57.3786280Z === RUN   TestAC2AncestorGuardHoldsForEverySeparatorSpelling/trailing-separator
2026-10-10T07:52:57.3787370Z     seam_bypass_108_windows_test.go:330: icacls "C:\\Users\\RUNNER~1\\AppData\\Local\\Temp\\TestAC2AncestorGuardHoldsForEverySeparatorSpellingtrailing-sepa3450183130\\001\\victim"
2026-10-10T07:52:57.3788157Z         C:\Users\RUNNER~1\AppData\Local\Temp\TestAC2AncestorGuardHoldsForEverySeparatorSpellingtrailing-sepa3450183130\001\victim Everyone:(OI)(CI)(RX)
2026-10-10T07:52:57.3790426Z                                                                                                                                   NT AUTHORITY\SYSTEM:(OI)(CI)(F)
2026-10-10T07:52:57.3792933Z                                                                                                                                   BUILTIN\Administrators:(OI)(CI)(F)
2026-10-10T07:52:57.3795350Z                                                                                                                                   runnervmfi6oq\runneradmin:(OI)(CI)(F)
2026-10-10T07:52:57.3795442Z         
2026-10-10T07:52:57.3795692Z         Successfully processed 1 files; Failed processing 0 files
2026-10-10T07:52:57.3796992Z     seam_bypass_108_windows_test.go:330: victim DACL before: sids=[S-1-1-0 S-1-5-18 S-1-5-32-544 S-1-5-21-1643835476-1616584234-1346609752-500] names=[Everyone NT AUTHORITY\SYSTEM BUILTIN\Administrators runnervmfi6oq\runneradmin]
2026-10-10T07:52:57.3799180Z     seam_bypass_108_windows_test.go:339: fixture: own=C:\Users\RUNNER~1\AppData\Local\Temp\TestAC2AncestorGuardHoldsForEverySeparatorSpellingtrailing-sepa3450183130\002\data seam=risk.c26Pipeline
2026-10-10T07:52:57.3802291Z     seam_bypass_108_windows_test.go:340: mklink /J link -> victim: Junction created for C:\Users\RUNNER~1\AppData\Local\Temp\TestAC2AncestorGuardHoldsForEverySeparatorSpellingtrailing-sepa3450183130\002\data\link <<===>> C:\Users\RUNNER~1\AppData\Local\Temp\TestAC2AncestorGuardHoldsForEverySeparatorSpellingtrailing-sepa3450183130\001\victim
2026-10-10T07:52:57.3803222Z     seam_bypass_108_windows_test.go:340: junction in place: C:\Users\RUNNER~1\AppData\Local\Temp\TestAC2AncestorGuardHoldsForEverySeparatorSpellingtrailing-sepa3450183130\002\data\link (attributes 0x410)
2026-10-10T07:52:57.3806314Z     seam_bypass_108_windows_test.go:345: RemoveUnlinked("C:\\Users\\RUNNER~1\\AppData\\Local\\Temp\\TestAC2AncestorGuardHoldsForEverySeparatorSpellingtrailing-sepa3450183130\\002\\data\\link\\sub\\keep-me.txt/") -> err=winsec: entry is a link to something else, not private data C:\Users\RUNNER~1\AppData\Local\Temp\TestAC2AncestorGuardHoldsForEverySeparatorSpellingtrailing-sepa3450183130\002\data\link\sub\keep-me.txt/: the spelling reaches it through the link at C:\Users\RUNNER~1\AppData\Local\Temp\TestAC2AncestorGuardHoldsForEverySeparatorSpellingtrailing-sepa3450183130\002\data\link, and whatever lives behind that link is not this tree's data to delete
2026-10-10T07:52:57.3807283Z     seam_bypass_108_windows_test.go:360: icacls "C:\\Users\\RUNNER~1\\AppData\\Local\\Temp\\TestAC2AncestorGuardHoldsForEverySeparatorSpellingtrailing-sepa3450183130\\001\\victim"
2026-10-10T07:52:57.3808018Z         C:\Users\RUNNER~1\AppData\Local\Temp\TestAC2AncestorGuardHoldsForEverySeparatorSpellingtrailing-sepa3450183130\001\victim Everyone:(OI)(CI)(RX)
2026-10-10T07:52:57.3810395Z                                                                                                                                   NT AUTHORITY\SYSTEM:(OI)(CI)(F)
2026-10-10T07:52:57.3814509Z                                                                                                                                   BUILTIN\Administrators:(OI)(CI)(F)
2026-10-10T07:52:57.3818214Z                                                                                                                                   runnervmfi6oq\runneradmin:(OI)(CI)(F)
2026-10-10T07:52:57.3818309Z         
2026-10-10T07:52:57.3818581Z         Successfully processed 1 files; Failed processing 0 files
2026-10-10T07:52:57.3818854Z === RUN   TestAC2AncestorGuardHoldsForEverySeparatorSpelling/doubled-separator
2026-10-10T07:52:57.3819630Z     seam_bypass_108_windows_test.go:330: icacls "C:\\Users\\RUNNER~1\\AppData\\Local\\Temp\\TestAC2AncestorGuardHoldsForEverySeparatorSpellingdoubled-separ3107228796\\001\\victim"
2026-10-10T07:52:57.3822556Z         C:\Users\RUNNER~1\AppData\Local\Temp\TestAC2AncestorGuardHoldsForEverySeparatorSpellingdoubled-separ3107228796\001\victim Everyone:(OI)(CI)(RX)
2026-10-10T07:52:57.3828040Z                                                                                                                                   NT AUTHORITY\SYSTEM:(OI)(CI)(F)
2026-10-10T07:52:57.3835030Z                                                                                                                                   BUILTIN\Administrators:(OI)(CI)(F)
2026-10-10T07:52:57.3839709Z                                                                                                                                   runnervmfi6oq\runneradmin:(OI)(CI)(F)
2026-10-10T07:52:57.3839858Z         
2026-10-10T07:52:57.3840280Z         Successfully processed 1 files; Failed processing 0 files
2026-10-10T07:52:57.3842150Z     seam_bypass_108_windows_test.go:330: victim DACL before: sids=[S-1-1-0 S-1-5-18 S-1-5-32-544 S-1-5-21-1643835476-1616584234-1346609752-500] names=[Everyone NT AUTHORITY\SYSTEM BUILTIN\Administrators runnervmfi6oq\runneradmin]
2026-10-10T07:52:57.3843730Z     seam_bypass_108_windows_test.go:339: fixture: own=C:\Users\RUNNER~1\AppData\Local\Temp\TestAC2AncestorGuardHoldsForEverySeparatorSpellingdoubled-separ3107228796\002\data seam=risk.c26Pipeline
2026-10-10T07:52:57.3845710Z     seam_bypass_108_windows_test.go:340: mklink /J link -> victim: Junction created for C:\Users\RUNNER~1\AppData\Local\Temp\TestAC2AncestorGuardHoldsForEverySeparatorSpellingdoubled-separ3107228796\002\data\link <<===>> C:\Users\RUNNER~1\AppData\Local\Temp\TestAC2AncestorGuardHoldsForEverySeparatorSpellingdoubled-separ3107228796\001\victim
2026-10-10T07:52:57.3846617Z     seam_bypass_108_windows_test.go:340: junction in place: C:\Users\RUNNER~1\AppData\Local\Temp\TestAC2AncestorGuardHoldsForEverySeparatorSpellingdoubled-separ3107228796\002\data\link (attributes 0x410)
2026-10-10T07:52:57.3849942Z     seam_bypass_108_windows_test.go:345: RemoveUnlinked("C:\\Users\\RUNNER~1\\AppData\\Local\\Temp\\TestAC2AncestorGuardHoldsForEverySeparatorSpellingdoubled-separ3107228796\\002\\data\\link//sub\\keep-me.txt") -> err=winsec: entry is a link to something else, not private data C:\Users\RUNNER~1\AppData\Local\Temp\TestAC2AncestorGuardHoldsForEverySeparatorSpellingdoubled-separ3107228796\002\data\link//sub\keep-me.txt: the spelling reaches it through the link at C:\Users\RUNNER~1\AppData\Local\Temp\TestAC2AncestorGuardHoldsForEverySeparatorSpellingdoubled-separ3107228796\002\data\link, and whatever lives behind that link is not this tree's data to delete
2026-10-10T07:52:57.3850856Z     seam_bypass_108_windows_test.go:360: icacls "C:\\Users\\RUNNER~1\\AppData\\Local\\Temp\\TestAC2AncestorGuardHoldsForEverySeparatorSpellingdoubled-separ3107228796\\001\\victim"
2026-10-10T07:52:57.3851595Z         C:\Users\RUNNER~1\AppData\Local\Temp\TestAC2AncestorGuardHoldsForEverySeparatorSpellingdoubled-separ3107228796\001\victim Everyone:(OI)(CI)(RX)
2026-10-10T07:52:57.3853814Z                                                                                                                                   NT AUTHORITY\SYSTEM:(OI)(CI)(F)
2026-10-10T07:52:57.3856119Z                                                                                                                                   BUILTIN\Administrators:(OI)(CI)(F)
2026-10-10T07:52:57.3858494Z                                                                                                                                   runnervmfi6oq\runneradmin:(OI)(CI)(F)
2026-10-10T07:52:57.3858574Z         
2026-10-10T07:52:57.3858831Z         Successfully processed 1 files; Failed processing 0 files
2026-10-10T07:52:57.3859056Z === RUN   TestAC2AncestorGuardHoldsForEverySeparatorSpelling/dot-segment
2026-10-10T07:52:57.3859783Z     seam_bypass_108_windows_test.go:330: icacls "C:\\Users\\RUNNER~1\\AppData\\Local\\Temp\\TestAC2AncestorGuardHoldsForEverySeparatorSpellingdot-segment2243074811\\001\\victim"
2026-10-10T07:52:57.3860494Z         C:\Users\RUNNER~1\AppData\Local\Temp\TestAC2AncestorGuardHoldsForEverySeparatorSpellingdot-segment2243074811\001\victim Everyone:(OI)(CI)(RX)
2026-10-10T07:52:57.3862661Z                                                                                                                                 NT AUTHORITY\SYSTEM:(OI)(CI)(F)
2026-10-10T07:52:57.3865883Z                                                                                                                                 BUILTIN\Administrators:(OI)(CI)(F)
2026-10-10T07:52:57.3870370Z                                                                                                                                 runnervmfi6oq\runneradmin:(OI)(CI)(F)
2026-10-10T07:52:57.3870538Z         
2026-10-10T07:52:57.3871010Z         Successfully processed 1 files; Failed processing 0 files
2026-10-10T07:52:57.3872940Z     seam_bypass_108_windows_test.go:330: victim DACL before: sids=[S-1-1-0 S-1-5-18 S-1-5-32-544 S-1-5-21-1643835476-1616584234-1346609752-500] names=[Everyone NT AUTHORITY\SYSTEM BUILTIN\Administrators runnervmfi6oq\runneradmin]
2026-10-10T07:52:57.3874563Z     seam_bypass_108_windows_test.go:339: fixture: own=C:\Users\RUNNER~1\AppData\Local\Temp\TestAC2AncestorGuardHoldsForEverySeparatorSpellingdot-segment2243074811\002\data seam=risk.c26Pipeline
2026-10-10T07:52:57.3877375Z     seam_bypass_108_windows_test.go:340: mklink /J link -> victim: Junction created for C:\Users\RUNNER~1\AppData\Local\Temp\TestAC2AncestorGuardHoldsForEverySeparatorSpellingdot-segment2243074811\002\data\link <<===>> C:\Users\RUNNER~1\AppData\Local\Temp\TestAC2AncestorGuardHoldsForEverySeparatorSpellingdot-segment2243074811\001\victim
2026-10-10T07:52:57.3879048Z     seam_bypass_108_windows_test.go:340: junction in place: C:\Users\RUNNER~1\AppData\Local\Temp\TestAC2AncestorGuardHoldsForEverySeparatorSpellingdot-segment2243074811\002\data\link (attributes 0x410)
2026-10-10T07:52:57.3883142Z     seam_bypass_108_windows_test.go:345: RemoveUnlinked("C:\\Users\\RUNNER~1\\AppData\\Local\\Temp\\TestAC2AncestorGuardHoldsForEverySeparatorSpellingdot-segment2243074811\\002\\data\\link\\.\\sub\\keep-me.txt") -> err=winsec: entry is a link to something else, not private data C:\Users\RUNNER~1\AppData\Local\Temp\TestAC2AncestorGuardHoldsForEverySeparatorSpellingdot-segment2243074811\002\data\link\.\sub\keep-me.txt: the spelling reaches it through the link at C:\Users\RUNNER~1\AppData\Local\Temp\TestAC2AncestorGuardHoldsForEverySeparatorSpellingdot-segment2243074811\002\data\link, and whatever lives behind that link is not this tree's data to delete
2026-10-10T07:52:57.3884446Z     seam_bypass_108_windows_test.go:360: icacls "C:\\Users\\RUNNER~1\\AppData\\Local\\Temp\\TestAC2AncestorGuardHoldsForEverySeparatorSpellingdot-segment2243074811\\001\\victim"
2026-10-10T07:52:57.3885832Z         C:\Users\RUNNER~1\AppData\Local\Temp\TestAC2AncestorGuardHoldsForEverySeparatorSpellingdot-segment2243074811\001\victim Everyone:(OI)(CI)(RX)
2026-10-10T07:52:57.3890089Z                                                                                                                                 NT AUTHORITY\SYSTEM:(OI)(CI)(F)
2026-10-10T07:52:57.3893898Z                                                                                                                                 BUILTIN\Administrators:(OI)(CI)(F)
2026-10-10T07:52:57.3897104Z                                                                                                                                 runnervmfi6oq\runneradmin:(OI)(CI)(F)
2026-10-10T07:52:57.3897196Z         
2026-10-10T07:52:57.3897456Z         Successfully processed 1 files; Failed processing 0 files
2026-10-10T07:52:57.3897725Z === RUN   TestAC2AncestorGuardHoldsForEverySeparatorSpelling/extended-length-prefix
2026-10-10T07:52:57.3898509Z     seam_bypass_108_windows_test.go:330: icacls "C:\\Users\\RUNNER~1\\AppData\\Local\\Temp\\TestAC2AncestorGuardHoldsForEverySeparatorSpellingextended-leng2373390739\\001\\victim"
2026-10-10T07:52:57.3899239Z         C:\Users\RUNNER~1\AppData\Local\Temp\TestAC2AncestorGuardHoldsForEverySeparatorSpellingextended-leng2373390739\001\victim Everyone:(OI)(CI)(RX)
2026-10-10T07:52:57.3901489Z                                                                                                                                   NT AUTHORITY\SYSTEM:(OI)(CI)(F)
2026-10-10T07:52:57.3903796Z                                                                                                                                   BUILTIN\Administrators:(OI)(CI)(F)
2026-10-10T07:52:57.3906499Z                                                                                                                                   runnervmfi6oq\runneradmin:(OI)(CI)(F)
2026-10-10T07:52:57.3906584Z         
2026-10-10T07:52:57.3906992Z         Successfully processed 1 files; Failed processing 0 files
2026-10-10T07:52:57.3907896Z     seam_bypass_108_windows_test.go:330: victim DACL before: sids=[S-1-1-0 S-1-5-18 S-1-5-32-544 S-1-5-21-1643835476-1616584234-1346609752-500] names=[Everyone NT AUTHORITY\SYSTEM BUILTIN\Administrators runnervmfi6oq\runneradmin]
2026-10-10T07:52:57.3908722Z     seam_bypass_108_windows_test.go:339: fixture: own=C:\Users\RUNNER~1\AppData\Local\Temp\TestAC2AncestorGuardHoldsForEverySeparatorSpellingextended-leng2373390739\002\data seam=risk.c26Pipeline
2026-10-10T07:52:57.3910200Z     seam_bypass_108_windows_test.go:340: mklink /J link -> victim: Junction created for C:\Users\RUNNER~1\AppData\Local\Temp\TestAC2AncestorGuardHoldsForEverySeparatorSpellingextended-leng2373390739\002\data\link <<===>> C:\Users\RUNNER~1\AppData\Local\Temp\TestAC2AncestorGuardHoldsForEverySeparatorSpellingextended-leng2373390739\001\victim
2026-10-10T07:52:57.3911063Z     seam_bypass_108_windows_test.go:340: junction in place: C:\Users\RUNNER~1\AppData\Local\Temp\TestAC2AncestorGuardHoldsForEverySeparatorSpellingextended-leng2373390739\002\data\link (attributes 0x410)
2026-10-10T07:52:57.3913978Z     seam_bypass_108_windows_test.go:345: RemoveUnlinked("\\\\?\\C:\\Users\\RUNNER~1\\AppData\\Local\\Temp\\TestAC2AncestorGuardHoldsForEverySeparatorSpellingextended-leng2373390739\\002\\data\\link\\sub\\keep-me.txt") -> err=winsec: entry is a link to something else, not private data \\?\C:\Users\RUNNER~1\AppData\Local\Temp\TestAC2AncestorGuardHoldsForEverySeparatorSpellingextended-leng2373390739\002\data\link\sub\keep-me.txt: the spelling reaches it through the link at \\?\C:\Users\RUNNER~1\AppData\Local\Temp\TestAC2AncestorGuardHoldsForEverySeparatorSpellingextended-leng2373390739\002\data\link, and whatever lives behind that link is not this tree's data to delete
2026-10-10T07:52:57.3914815Z     seam_bypass_108_windows_test.go:360: icacls "C:\\Users\\RUNNER~1\\AppData\\Local\\Temp\\TestAC2AncestorGuardHoldsForEverySeparatorSpellingextended-leng2373390739\\001\\victim"
2026-10-10T07:52:57.3915540Z         C:\Users\RUNNER~1\AppData\Local\Temp\TestAC2AncestorGuardHoldsForEverySeparatorSpellingextended-leng2373390739\001\victim Everyone:(OI)(CI)(RX)
2026-10-10T07:52:57.3917957Z                                                                                                                                   NT AUTHORITY\SYSTEM:(OI)(CI)(F)
2026-10-10T07:52:57.3921435Z                                                                                                                                   BUILTIN\Administrators:(OI)(CI)(F)
2026-10-10T07:52:57.3924885Z                                                                                                                                   runnervmfi6oq\runneradmin:(OI)(CI)(F)
2026-10-10T07:52:57.3924994Z         
2026-10-10T07:52:57.3925254Z         Successfully processed 1 files; Failed processing 0 files
2026-10-10T07:52:57.3925534Z === RUN   TestAC2AncestorGuardHoldsForEverySeparatorSpelling/volume-only-relative-tail
2026-10-10T07:52:57.3926297Z     seam_bypass_108_windows_test.go:330: icacls "C:\\Users\\RUNNER~1\\AppData\\Local\\Temp\\TestAC2AncestorGuardHoldsForEverySeparatorSpellingvolume-only-r1212132260\\001\\victim"
2026-10-10T07:52:57.3927033Z         C:\Users\RUNNER~1\AppData\Local\Temp\TestAC2AncestorGuardHoldsForEverySeparatorSpellingvolume-only-r1212132260\001\victim Everyone:(OI)(CI)(RX)
2026-10-10T07:52:57.3929246Z                                                                                                                                   NT AUTHORITY\SYSTEM:(OI)(CI)(F)
2026-10-10T07:52:57.3931746Z                                                                                                                                   BUILTIN\Administrators:(OI)(CI)(F)
2026-10-10T07:52:57.3934131Z                                                                                                                                   runnervmfi6oq\runneradmin:(OI)(CI)(F)
2026-10-10T07:52:57.3934207Z         
2026-10-10T07:52:57.3934630Z         Successfully processed 1 files; Failed processing 0 files
2026-10-10T07:52:57.3935536Z     seam_bypass_108_windows_test.go:330: victim DACL before: sids=[S-1-1-0 S-1-5-18 S-1-5-32-544 S-1-5-21-1643835476-1616584234-1346609752-500] names=[Everyone NT AUTHORITY\SYSTEM BUILTIN\Administrators runnervmfi6oq\runneradmin]
2026-10-10T07:52:57.3936368Z     seam_bypass_108_windows_test.go:339: fixture: own=C:\Users\RUNNER~1\AppData\Local\Temp\TestAC2AncestorGuardHoldsForEverySeparatorSpellingvolume-only-r1212132260\002\data seam=risk.c26Pipeline
2026-10-10T07:52:57.3937861Z     seam_bypass_108_windows_test.go:340: mklink /J link -> victim: Junction created for C:\Users\RUNNER~1\AppData\Local\Temp\TestAC2AncestorGuardHoldsForEverySeparatorSpellingvolume-only-r1212132260\002\data\link <<===>> C:\Users\RUNNER~1\AppData\Local\Temp\TestAC2AncestorGuardHoldsForEverySeparatorSpellingvolume-only-r1212132260\001\victim
2026-10-10T07:52:57.3939095Z     seam_bypass_108_windows_test.go:340: junction in place: C:\Users\RUNNER~1\AppData\Local\Temp\TestAC2AncestorGuardHoldsForEverySeparatorSpellingvolume-only-r1212132260\002\data\link (attributes 0x410)
2026-10-10T07:52:57.3941027Z     seam_bypass_108_windows_test.go:345: RemoveUnlinked("data\\link/sub/keep-me.txt") -> err=winsec: path is not provably resolved, refusing to seal: data\link/sub/keep-me.txt is relative, so no tree names it and this call cannot tell which one it would remove from
2026-10-10T07:52:57.3942861Z     seam_bypass_108_windows_test.go:352: refused, but not with ErrIsReparsePoint: winsec: path is not provably resolved, refusing to seal: data\link/sub/keep-me.txt is relative, so no tree names it and this call cannot tell which one it would remove from
2026-10-10T07:52:57.3944343Z     seam_bypass_108_windows_test.go:360: icacls "C:\\Users\\RUNNER~1\\AppData\\Local\\Temp\\TestAC2AncestorGuardHoldsForEverySeparatorSpellingvolume-only-r1212132260\\001\\victim"
2026-10-10T07:52:57.3946303Z         C:\Users\RUNNER~1\AppData\Local\Temp\TestAC2AncestorGuardHoldsForEverySeparatorSpellingvolume-only-r1212132260\001\victim Everyone:(OI)(CI)(RX)
2026-10-10T07:52:57.3950490Z                                                                                                                                   NT AUTHORITY\SYSTEM:(OI)(CI)(F)
2026-10-10T07:52:57.3954186Z                                                                                                                                   BUILTIN\Administrators:(OI)(CI)(F)
2026-10-10T07:52:57.3956580Z                                                                                                                                   runnervmfi6oq\runneradmin:(OI)(CI)(F)
2026-10-10T07:52:57.3956666Z         
2026-10-10T07:52:57.3956919Z         Successfully processed 1 files; Failed processing 0 files
2026-10-10T07:52:57.3957153Z --- PASS: TestAC2AncestorGuardHoldsForEverySeparatorSpelling (0.56s)
2026-10-10T07:52:57.3957501Z     --- PASS: TestAC2AncestorGuardHoldsForEverySeparatorSpelling/native-backslash (0.07s)
2026-10-10T07:52:57.3957840Z     --- PASS: TestAC2AncestorGuardHoldsForEverySeparatorSpelling/all-forward-slash (0.07s)
2026-10-10T07:52:57.3958175Z     --- PASS: TestAC2AncestorGuardHoldsForEverySeparatorSpelling/mixed-separators (0.07s)
2026-10-10T07:52:57.3958529Z     --- PASS: TestAC2AncestorGuardHoldsForEverySeparatorSpelling/trailing-separator (0.07s)
2026-10-10T07:52:57.3958870Z     --- PASS: TestAC2AncestorGuardHoldsForEverySeparatorSpelling/doubled-separator (0.07s)
2026-10-10T07:52:57.3959197Z     --- PASS: TestAC2AncestorGuardHoldsForEverySeparatorSpelling/dot-segment (0.07s)
2026-10-10T07:52:57.3959572Z     --- PASS: TestAC2AncestorGuardHoldsForEverySeparatorSpelling/extended-length-prefix (0.07s)
2026-10-10T07:52:57.3959947Z     --- PASS: TestAC2AncestorGuardHoldsForEverySeparatorSpelling/volume-only-relative-tail (0.07s)
2026-10-10T07:52:57.3960100Z === RUN   TestAC2AncestorGuardStillUnlinksAPlainFile
2026-10-10T07:52:57.3960902Z     seam_bypass_108_windows_test.go:376: icacls "C:\\Users\\RUNNER~1\\AppData\\Local\\Temp\\TestAC2AncestorGuardStillUnlinksAPlainFile1428718678\\001\\victim"
2026-10-10T07:52:57.3961496Z         C:\Users\RUNNER~1\AppData\Local\Temp\TestAC2AncestorGuardStillUnlinksAPlainFile1428718678\001\victim Everyone:(OI)(CI)(RX)
2026-10-10T07:52:57.3963966Z                                                                                                              NT AUTHORITY\SYSTEM:(OI)(CI)(F)
2026-10-10T07:52:57.3966117Z                                                                                                              BUILTIN\Administrators:(OI)(CI)(F)
2026-10-10T07:52:57.3968623Z                                                                                                              runnervmfi6oq\runneradmin:(OI)(CI)(F)
2026-10-10T07:52:57.3968772Z         
2026-10-10T07:52:57.3969159Z         Successfully processed 1 files; Failed processing 0 files
2026-10-10T07:52:57.3970069Z     seam_bypass_108_windows_test.go:376: victim DACL before: sids=[S-1-1-0 S-1-5-18 S-1-5-32-544 S-1-5-21-1643835476-1616584234-1346609752-500] names=[Everyone NT AUTHORITY\SYSTEM BUILTIN\Administrators runnervmfi6oq\runneradmin]
2026-10-10T07:52:57.3971365Z     seam_bypass_108_windows_test.go:389: mklink /J stray-link -> victim: Junction created for C:\Users\RUNNER~1\AppData\Local\Temp\TestAC2AncestorGuardStillUnlinksAPlainFile1428718678\002\stray-link <<===>> C:\Users\RUNNER~1\AppData\Local\Temp\TestAC2AncestorGuardStillUnlinksAPlainFile1428718678\001\victim
2026-10-10T07:52:57.3972111Z     seam_bypass_108_windows_test.go:389: junction in place: C:\Users\RUNNER~1\AppData\Local\Temp\TestAC2AncestorGuardStillUnlinksAPlainFile1428718678\002\stray-link (attributes 0x410)
2026-10-10T07:52:57.3972289Z --- PASS: TestAC2AncestorGuardStillUnlinksAPlainFile (0.06s)
2026-10-10T07:52:57.3972682Z === RUN   TestAC1SeamRejectsARubberStampAndLeavesTheForeignDaclAlone
2026-10-10T07:52:57.3972936Z     seam_guard_windows_test.go:158: incumbent resolver: risk.c26Pipeline
2026-10-10T07:52:57.3973621Z     seam_guard_windows_test.go:160: icacls "C:\\Users\\RUNNER~1\\AppData\\Local\\Temp\\TestAC1SeamRejectsARubberStampAndLeavesTheForeignDaclAlone1777419510\\001\\victim"
2026-10-10T07:52:57.3974310Z         C:\Users\RUNNER~1\AppData\Local\Temp\TestAC1SeamRejectsARubberStampAndLeavesTheForeignDaclAlone1777419510\001\victim Everyone:(OI)(CI)(RX)
2026-10-10T07:52:57.3976397Z                                                                                                                              NT AUTHORITY\SYSTEM:(OI)(CI)(F)
2026-10-10T07:52:57.3978567Z                                                                                                                              BUILTIN\Administrators:(OI)(CI)(F)
2026-10-10T07:52:57.3980791Z                                                                                                                              runnervmfi6oq\runneradmin:(OI)(CI)(F)
2026-10-10T07:52:57.3980876Z         
2026-10-10T07:52:57.3981131Z         Successfully processed 1 files; Failed processing 0 files
2026-10-10T07:52:57.3981995Z     seam_guard_windows_test.go:160: victim DACL before: sids=[S-1-1-0 S-1-5-18 S-1-5-32-544 S-1-5-21-1643835476-1616584234-1346609752-500] names=[Everyone NT AUTHORITY\SYSTEM BUILTIN\Administrators runnervmfi6oq\runneradmin]
2026-10-10T07:52:57.3983397Z     seam_guard_windows_test.go:166: mklink /J link -> victim: Junction created for C:\Users\RUNNER~1\AppData\Local\Temp\TestAC1SeamRejectsARubberStampAndLeavesTheForeignDaclAlone1777419510\002\data\link <<===>> C:\Users\RUNNER~1\AppData\Local\Temp\TestAC1SeamRejectsARubberStampAndLeavesTheForeignDaclAlone1777419510\001\victim
2026-10-10T07:52:57.3984202Z     seam_guard_windows_test.go:166: junction in place: C:\Users\RUNNER~1\AppData\Local\Temp\TestAC1SeamRejectsARubberStampAndLeavesTheForeignDaclAlone1777419510\002\data\link (attributes 0x410)
2026-10-10T07:52:57.3986078Z     seam_guard_windows_test.go:193: PrivateDirAll through the junction refused as: winsec: refusing to seal C:\Users\RUNNER~1\AppData\Local\Temp\TestAC1SeamRejectsARubberStampAndLeavesTheForeignDaclAlone1777419510\002\data\link\artifacts: risk: path traverses a reparse point (junction/symlink) not covered by reparse_point_exceptions
2026-10-10T07:52:57.3986904Z     seam_guard_windows_test.go:202: icacls "C:\\Users\\RUNNER~1\\AppData\\Local\\Temp\\TestAC1SeamRejectsARubberStampAndLeavesTheForeignDaclAlone1777419510\\002\\data\\link\\sub\\keep-me.txt"
2026-10-10T07:52:57.3987672Z         C:\Users\RUNNER~1\AppData\Local\Temp\TestAC1SeamRejectsARubberStampAndLeavesTheForeignDaclAlone1777419510\002\data\link\sub\keep-me.txt Everyone:(I)(RX)
2026-10-10T07:52:57.3990257Z                                                                                                                                                 BUILTIN\Administrators:(I)(F)
2026-10-10T07:52:57.3992742Z                                                                                                                                                 NT AUTHORITY\SYSTEM:(I)(F)
2026-10-10T07:52:57.3995394Z                                                                                                                                                 runnervmfi6oq\runneradmin:(I)(F)
2026-10-10T07:52:57.3995476Z         
2026-10-10T07:52:57.3995721Z         Successfully processed 1 files; Failed processing 0 files
2026-10-10T07:52:57.3996621Z     seam_guard_windows_test.go:203: foreign file DACL before: sids=[S-1-1-0 S-1-5-32-544 S-1-5-18 S-1-5-21-1643835476-1616584234-1346609752-500] names=[Everyone BUILTIN\Administrators NT AUTHORITY\SYSTEM runnervmfi6oq\runneradmin]
2026-10-10T07:52:57.3997412Z     seam_guard_windows_test.go:213: icacls "C:\\Users\\RUNNER~1\\AppData\\Local\\Temp\\TestAC1SeamRejectsARubberStampAndLeavesTheForeignDaclAlone1777419510\\002\\data\\link\\sub\\keep-me.txt"
2026-10-10T07:52:57.3998247Z         C:\Users\RUNNER~1\AppData\Local\Temp\TestAC1SeamRejectsARubberStampAndLeavesTheForeignDaclAlone1777419510\002\data\link\sub\keep-me.txt Everyone:(I)(RX)
2026-10-10T07:52:57.4000868Z                                                                                                                                                 BUILTIN\Administrators:(I)(F)
2026-10-10T07:52:57.4003354Z                                                                                                                                                 NT AUTHORITY\SYSTEM:(I)(F)
2026-10-10T07:52:57.4006537Z                                                                                                                                                 runnervmfi6oq\runneradmin:(I)(F)
2026-10-10T07:52:57.4006682Z         
2026-10-10T07:52:57.4007038Z         Successfully processed 1 files; Failed processing 0 files
2026-10-10T07:52:57.4008490Z     seam_guard_windows_test.go:214: foreign file DACL after:  sids=[S-1-1-0 S-1-5-32-544 S-1-5-18 S-1-5-21-1643835476-1616584234-1346609752-500] names=[Everyone BUILTIN\Administrators NT AUTHORITY\SYSTEM runnervmfi6oq\runneradmin]
2026-10-10T07:52:57.4009263Z     seam_guard_windows_test.go:223: icacls "C:\\Users\\RUNNER~1\\AppData\\Local\\Temp\\TestAC1SeamRejectsARubberStampAndLeavesTheForeignDaclAlone1777419510\\001\\victim"
2026-10-10T07:52:57.4010766Z         C:\Users\RUNNER~1\AppData\Local\Temp\TestAC1SeamRejectsARubberStampAndLeavesTheForeignDaclAlone1777419510\001\victim Everyone:(OI)(CI)(RX)
2026-10-10T07:52:57.4012794Z                                                                                                                              NT AUTHORITY\SYSTEM:(OI)(CI)(F)
2026-10-10T07:52:57.4014865Z                                                                                                                              BUILTIN\Administrators:(OI)(CI)(F)
2026-10-10T07:52:57.4016990Z                                                                                                                              runnervmfi6oq\runneradmin:(OI)(CI)(F)
2026-10-10T07:52:57.4017084Z         
2026-10-10T07:52:57.4017505Z         Successfully processed 1 files; Failed processing 0 files
2026-10-10T07:52:57.4018393Z     seam_guard_windows_test.go:224: victim DACL after:  sids=[S-1-1-0 S-1-5-18 S-1-5-32-544 S-1-5-21-1643835476-1616584234-1346609752-500] names=[Everyone NT AUTHORITY\SYSTEM BUILTIN\Administrators runnervmfi6oq\runneradmin]
2026-10-10T07:52:57.4019079Z     seam_guard_windows_test.go:234: icacls "C:\\Users\\RUNNER~1\\AppData\\Local\\Temp\\TestAC1SeamRejectsARubberStampAndLeavesTheForeignDaclAlone1777419510\\001\\victim"
2026-10-10T07:52:57.4019752Z         C:\Users\RUNNER~1\AppData\Local\Temp\TestAC1SeamRejectsARubberStampAndLeavesTheForeignDaclAlone1777419510\001\victim Everyone:(OI)(CI)(RX)
2026-10-10T07:52:57.4021737Z                                                                                                                              NT AUTHORITY\SYSTEM:(OI)(CI)(F)
2026-10-10T07:52:57.4024402Z                                                                                                                              BUILTIN\Administrators:(OI)(CI)(F)
2026-10-10T07:52:57.4026901Z                                                                                                                              runnervmfi6oq\runneradmin:(OI)(CI)(F)
2026-10-10T07:52:57.4026985Z         
2026-10-10T07:52:57.4027244Z         Successfully processed 1 files; Failed processing 0 files
2026-10-10T07:52:57.4027521Z     seam_guard_windows_test.go:234: icacls(victim) after the refused install:
2026-10-10T07:52:57.4028381Z         C:\Users\RUNNER~1\AppData\Local\Temp\TestAC1SeamRejectsARubberStampAndLeavesTheForeignDaclAlone1777419510\001\victim Everyone:(OI)(CI)(RX)
2026-10-10T07:52:57.4030478Z                                                                                                                              NT AUTHORITY\SYSTEM:(OI)(CI)(F)
2026-10-10T07:52:57.4032794Z                                                                                                                              BUILTIN\Administrators:(OI)(CI)(F)
2026-10-10T07:52:57.4035025Z                                                                                                                              runnervmfi6oq\runneradmin:(OI)(CI)(F)
2026-10-10T07:52:57.4035112Z         
2026-10-10T07:52:57.4035359Z         Successfully processed 1 files; Failed processing 0 files
2026-10-10T07:52:57.4035609Z --- PASS: TestAC1SeamRejectsARubberStampAndLeavesTheForeignDaclAlone (0.11s)
2026-10-10T07:52:57.4035749Z === RUN   TestAC1SeamIsOneWayUseIsTheOnlyDirection
2026-10-10T07:52:57.4035919Z --- PASS: TestAC1SeamIsOneWayUseIsTheOnlyDirection (0.00s)
2026-10-10T07:52:57.4036051Z === RUN   TestAC1RefusedInstallLeavesTheSealWorking
2026-10-10T07:52:57.4036641Z     seam_guard_windows_test.go:291: icacls "C:\\Users\\RUNNER~1\\AppData\\Local\\Temp\\TestAC1RefusedInstallLeavesTheSealWorking2978221866\\001\\victim"
2026-10-10T07:52:57.4037225Z         C:\Users\RUNNER~1\AppData\Local\Temp\TestAC1RefusedInstallLeavesTheSealWorking2978221866\001\victim Everyone:(OI)(CI)(RX)
2026-10-10T07:52:57.4038896Z                                                                                                             NT AUTHORITY\SYSTEM:(OI)(CI)(F)
2026-10-10T07:52:57.4040638Z                                                                                                             BUILTIN\Administrators:(OI)(CI)(F)
2026-10-10T07:52:57.4042647Z                                                                                                             runnervmfi6oq\runneradmin:(OI)(CI)(F)
2026-10-10T07:52:57.4042724Z         
2026-10-10T07:52:57.4042966Z         Successfully processed 1 files; Failed processing 0 files
2026-10-10T07:52:57.4044010Z     seam_guard_windows_test.go:291: victim DACL before: sids=[S-1-1-0 S-1-5-18 S-1-5-32-544 S-1-5-21-1643835476-1616584234-1346609752-500] names=[Everyone NT AUTHORITY\SYSTEM BUILTIN\Administrators runnervmfi6oq\runneradmin]
2026-10-10T07:52:57.4045326Z     seam_guard_windows_test.go:297: mklink /J link -> victim: Junction created for C:\Users\RUNNER~1\AppData\Local\Temp\TestAC1RefusedInstallLeavesTheSealWorking2978221866\002\data\link <<===>> C:\Users\RUNNER~1\AppData\Local\Temp\TestAC1RefusedInstallLeavesTheSealWorking2978221866\001\victim
2026-10-10T07:52:57.4046040Z     seam_guard_windows_test.go:297: junction in place: C:\Users\RUNNER~1\AppData\Local\Temp\TestAC1RefusedInstallLeavesTheSealWorking2978221866\002\data\link (attributes 0x410)
2026-10-10T07:52:57.4047532Z time=2026-10-10T07:52:56.897Z level=ERROR msg="winsec: refusing to install a path resolver into the sealing seam" resolver=winsec_test.rubberStampResolver reason="it answered the hostile shape \"C:\\\\Users\\\\runneradmin\\\\AppData\\\\Local\\\\Temp\\\\..\\\\wisp-103-conformance-probe\" by passing it through unchanged, which is the bypass this seam exists to close" consequence="the incumbent resolver, or the built-in floor, stays in place"
2026-10-10T07:52:57.4048165Z     seam_guard_windows_test.go:305: icacls "C:\\Users\\RUNNER~1\\AppData\\Local\\Temp\\TestAC1RefusedInstallLeavesTheSealWorking2978221866\\002\\data\\private"
2026-10-10T07:52:57.4048964Z         C:\Users\RUNNER~1\AppData\Local\Temp\TestAC1RefusedInstallLeavesTheSealWorking2978221866\002\data\private NT AUTHORITY\SYSTEM:(F)
2026-10-10T07:52:57.4052013Z                                                                                                                   NT AUTHORITY\SYSTEM:(OI)(CI)(IO)(F)
2026-10-10T07:52:57.4055343Z                                                                                                                   BUILTIN\Administrators:(F)
2026-10-10T07:52:57.4059060Z                                                                                                                   BUILTIN\Administrators:(OI)(CI)(IO)(F)
2026-10-10T07:52:57.4062367Z                                                                                                                   runnervmfi6oq\runneradmin:(F)
2026-10-10T07:52:57.4064649Z                                                                                                                   runnervmfi6oq\runneradmin:(OI)(CI)(IO)(F)
2026-10-10T07:52:57.4064733Z         
2026-10-10T07:52:57.4064997Z         Successfully processed 1 files; Failed processing 0 files
2026-10-10T07:52:57.4065610Z     seam_guard_windows_test.go:312: icacls "C:\\Users\\RUNNER~1\\AppData\\Local\\Temp\\TestAC1RefusedInstallLeavesTheSealWorking2978221866\\001\\victim"
2026-10-10T07:52:57.4066191Z         C:\Users\RUNNER~1\AppData\Local\Temp\TestAC1RefusedInstallLeavesTheSealWorking2978221866\001\victim Everyone:(OI)(CI)(RX)
2026-10-10T07:52:57.4067895Z                                                                                                             NT AUTHORITY\SYSTEM:(OI)(CI)(F)
2026-10-10T07:52:57.4069879Z                                                                                                             BUILTIN\Administrators:(OI)(CI)(F)
2026-10-10T07:52:57.4072244Z                                                                                                             runnervmfi6oq\runneradmin:(OI)(CI)(F)
2026-10-10T07:52:57.4072401Z         
2026-10-10T07:52:57.4074793Z         Successfully processed 1 files; Failed processing 0 files
2026-10-10T07:52:57.4075145Z --- PASS: TestAC1RefusedInstallLeavesTheSealWorking (0.09s)
2026-10-10T07:52:57.4075463Z === RUN   TestAC2RemoveUnlinkedRefusesAPathThroughAJunction
2026-10-10T07:52:57.4076197Z     seam_guard_windows_test.go:325: icacls "C:\\Users\\RUNNER~1\\AppData\\Local\\Temp\\TestAC2RemoveUnlinkedRefusesAPathThroughAJunction2298769509\\001\\victim"
2026-10-10T07:52:57.4076842Z         C:\Users\RUNNER~1\AppData\Local\Temp\TestAC2RemoveUnlinkedRefusesAPathThroughAJunction2298769509\001\victim Everyone:(OI)(CI)(RX)
2026-10-10T07:52:57.4078715Z                                                                                                                     NT AUTHORITY\SYSTEM:(OI)(CI)(F)
2026-10-10T07:52:57.4080840Z                                                                                                                     BUILTIN\Administrators:(OI)(CI)(F)
2026-10-10T07:52:57.4082849Z                                                                                                                     runnervmfi6oq\runneradmin:(OI)(CI)(F)
2026-10-10T07:52:57.4082938Z         
2026-10-10T07:52:57.4083192Z         Successfully processed 1 files; Failed processing 0 files
2026-10-10T07:52:57.4084080Z     seam_guard_windows_test.go:325: victim DACL before: sids=[S-1-1-0 S-1-5-18 S-1-5-32-544 S-1-5-21-1643835476-1616584234-1346609752-500] names=[Everyone NT AUTHORITY\SYSTEM BUILTIN\Administrators runnervmfi6oq\runneradmin]
2026-10-10T07:52:57.4085770Z     seam_guard_windows_test.go:331: mklink /J link -> victim: Junction created for C:\Users\RUNNER~1\AppData\Local\Temp\TestAC2RemoveUnlinkedRefusesAPathThroughAJunction2298769509\002\data\link <<===>> C:\Users\RUNNER~1\AppData\Local\Temp\TestAC2RemoveUnlinkedRefusesAPathThroughAJunction2298769509\001\victim
2026-10-10T07:52:57.4086554Z     seam_guard_windows_test.go:331: junction in place: C:\Users\RUNNER~1\AppData\Local\Temp\TestAC2RemoveUnlinkedRefusesAPathThroughAJunction2298769509\002\data\link (attributes 0x410)
2026-10-10T07:52:57.4086774Z --- PASS: TestAC2RemoveUnlinkedRefusesAPathThroughAJunction (0.06s)
2026-10-10T07:52:57.4086936Z === RUN   TestAC2RemoveUnlinkedStillUnlinksAStandaloneLink
2026-10-10T07:52:57.4087562Z     seam_guard_windows_test.go:355: icacls "C:\\Users\\RUNNER~1\\AppData\\Local\\Temp\\TestAC2RemoveUnlinkedStillUnlinksAStandaloneLink4170973842\\001\\victim"
2026-10-10T07:52:57.4088184Z         C:\Users\RUNNER~1\AppData\Local\Temp\TestAC2RemoveUnlinkedStillUnlinksAStandaloneLink4170973842\001\victim Everyone:(OI)(CI)(RX)
2026-10-10T07:52:57.4091279Z                                                                                                                    NT AUTHORITY\SYSTEM:(OI)(CI)(F)
2026-10-10T07:52:57.4095135Z                                                                                                                    BUILTIN\Administrators:(OI)(CI)(F)
2026-10-10T07:52:57.4099708Z                                                                                                                    runnervmfi6oq\runneradmin:(OI)(CI)(F)
2026-10-10T07:52:57.4099865Z         
2026-10-10T07:52:57.4100346Z         Successfully processed 1 files; Failed processing 0 files
2026-10-10T07:52:57.4102189Z     seam_guard_windows_test.go:355: victim DACL before: sids=[S-1-1-0 S-1-5-18 S-1-5-32-544 S-1-5-21-1643835476-1616584234-1346609752-500] names=[Everyone NT AUTHORITY\SYSTEM BUILTIN\Administrators runnervmfi6oq\runneradmin]
2026-10-10T07:52:57.4103573Z     seam_guard_windows_test.go:361: mklink /J stray-link -> victim: Junction created for C:\Users\RUNNER~1\AppData\Local\Temp\TestAC2RemoveUnlinkedStillUnlinksAStandaloneLink4170973842\002\data\stray-link <<===>> C:\Users\RUNNER~1\AppData\Local\Temp\TestAC2RemoveUnlinkedStillUnlinksAStandaloneLink4170973842\001\victim
2026-10-10T07:52:57.4104389Z     seam_guard_windows_test.go:361: junction in place: C:\Users\RUNNER~1\AppData\Local\Temp\TestAC2RemoveUnlinkedStillUnlinksAStandaloneLink4170973842\002\data\stray-link (attributes 0x410)
2026-10-10T07:52:57.4104614Z --- PASS: TestAC2RemoveUnlinkedStillUnlinksAStandaloneLink (0.06s)
2026-10-10T07:52:57.4104843Z === RUN   TestTreeOwnershipProbeAcceptsAn83ShortSpellingOfItsOwnParent
2026-10-10T07:52:57.4105570Z === RUN   TestTreeOwnershipProbeAcceptsAn83ShortSpellingOfItsOwnParent/on_a_volume_that_generates_8.3_names
2026-10-10T07:52:57.4110655Z     tree_ownership_112_windows_test.go:167: the tree-moving candidate is still refused: it answered "C:\\Users\\RUNNER~1\\AppData\\Local\\Temp\\TESTTR~1\\001\\WISP11~1\\wisp-112-missing-child" with "C:\\Users\\RUNNER~1\\AppData\\Local\\Temp\\TestTreeOwnershipProbeAcceptsAn83ShortSpellingOfItsOwnParenton_2840793433\\002\\someone-elses-tree\\wisp-112-missing-child", which is neither inside the tree "C:\\Users\\RUNNER~1\\AppData\\Local\\Temp\\TestTreeOwnershipProbeAcceptsAn83ShortSpellingOfItsOwnParenton_2840793433\\002\\someone-elses-tree\\WISP11~1" it answered for that path's own parent "C:\\Users\\RUNNER~1\\AppData\\Local\\Temp\\TESTTR~1\\001\\WISP11~1" nor inside the tree that answer names once the candidate is asked about it directly ("C:\\Users\\RUNNER~1\\AppData\\Local\\Temp\\TestTreeOwnershipProbeAcceptsAn83ShortSpellingOfItsOwnParenton_2840793433\\002\\someone-elses-tree" for "C:\\Users\\RUNNER~1\\AppData\\Local\\Temp\\TestTreeOwnershipProbeAcceptsAn83ShortSpellingOfItsOwnParenton_2840793433\\002\\someone-elses-tree"): the seam may not be used to move a seal into another tree
2026-10-10T07:52:57.4110946Z --- PASS: TestTreeOwnershipProbeAcceptsAn83ShortSpellingOfItsOwnParent (0.00s)
2026-10-10T07:52:57.4111451Z     --- PASS: TestTreeOwnershipProbeAcceptsAn83ShortSpellingOfItsOwnParent/on_a_volume_that_generates_8.3_names (0.00s)
2026-10-10T07:52:57.4111526Z PASS
2026-10-10T07:52:57.4111711Z ok  	github.com/CarlosShao/wisp/internal/winsec	7.985s
2026-10-10T07:52:57.4113079Z runtests.sh: OK - packages=[./internal/winsec/... -count=1 -skip ^(TestDefaultDeadlineWallClockMeasurement|TestSubprocessCrashWriter|TestHelperProcess|TestLiveWasapiSmoke|TestRealDownloadVadThroughPipeline|TestRealDownloadPuncArchiveThroughPipeline|TestSyncRegistryProbeLive)$] top-level: PASS=58 FAIL=0 SKIP=0, === RUN=101, '[no tests to run]'=0
2026-10-10T07:52:57.4970458Z portable-tests.sh: four numbers (all from -v output): === RUN=101  --- PASS=58  --- FAIL=0  --- SKIP=0
2026-10-10T07:52:57.5760615Z portable-tests.sh:   ok (own line)  github.com/CarlosShao/wisp/internal/winsec
2026-10-10T07:52:57.8367971Z winsec-tests.sh: winsec result line: ok  	github.com/CarlosShao/wisp/internal/winsec	7.985s
2026-10-10T07:52:57.8369156Z winsec-tests.sh: four numbers (all from -v output): === RUN=101  --- PASS=58  --- FAIL=0  --- SKIP=0
2026-10-10T07:52:57.9874828Z ##[group]Run actions/cache@v4
2026-10-10T07:52:57.9875138Z with:
2026-10-10T07:52:57.9875324Z   path: third_party
2026-10-10T07:52:57.9875711Z   key: wisp-third_party-9a3d98c4ac75db2e8d66e0fb02532da54e7dd1e4b7dbb44343af15438ecb5a63
2026-10-10T07:52:57.9876161Z   enableCrossOsArchive: false
2026-10-10T07:52:57.9876396Z   fail-on-cache-miss: false
2026-10-10T07:52:57.9876614Z   lookup-only: false
2026-10-10T07:52:57.9876801Z   save-always: false
2026-10-10T07:52:57.9876977Z env:
2026-10-10T07:52:57.9877131Z   WISP_ENV: test
2026-10-10T07:52:57.9877306Z ##[endgroup]
2026-10-10T07:52:58.1216443Z (node:2132) [DEP0040] DeprecationWarning: The `punycode` module is deprecated. Please use a userland alternative instead.
2026-10-10T07:52:58.1217171Z (Use `node --trace-deprecation ...` to show where the warning was created)
2026-10-10T07:52:58.4835673Z Cache hit for: wisp-third_party-9a3d98c4ac75db2e8d66e0fb02532da54e7dd1e4b7dbb44343af15438ecb5a63
2026-10-10T07:52:58.4957369Z (node:2132) [DEP0169] DeprecationWarning: `url.parse()` behavior is not standardized and prone to errors that have security implications. Use the WHATWG URL API instead. CVEs are not issued for `url.parse()` vulnerabilities.
2026-10-10T07:52:59.5180462Z Received 7901396 of 7901396 (100.0%), 9.9 MBs/sec
2026-10-10T07:52:59.5182037Z Cache Size: ~8 MB (7901396 B)
2026-10-10T07:52:59.5208879Z [command]"C:\Program Files\Git\usr\bin\tar.exe" -xf D:/a/_temp/829baa47-3bfe-4050-b4e4-fd2863fe5077/cache.tzst -P -C D:/a/wisp/wisp --force-local --use-compress-program "zstd -d"
2026-10-10T07:52:59.6130097Z Cache restored successfully
2026-10-10T07:52:59.6251353Z Cache restored from key: wisp-third_party-9a3d98c4ac75db2e8d66e0fb02532da54e7dd1e4b7dbb44343af15438ecb5a63
2026-10-10T07:52:59.6514369Z ##[group]Run powershell -NoProfile -ExecutionPolicy Bypass -File scripts/build.ps1 -Env dev
2026-10-10T07:52:59.6515117Z [36;1mpowershell -NoProfile -ExecutionPolicy Bypass -File scripts/build.ps1 -Env dev[0m
2026-10-10T07:52:59.6937805Z shell: C:\Program Files\PowerShell\7\pwsh.EXE -command ". '{0}'"
2026-10-10T07:52:59.6938231Z env:
2026-10-10T07:52:59.6938444Z   WISP_ENV: test
2026-10-10T07:52:59.6938673Z ##[endgroup]
2026-10-10T07:53:00.5506575Z build.ps1: repo root D:\a\wisp\wisp (Env=dev)
2026-10-10T07:53:00.6659590Z build.ps1: toolchain: go version go1.27.2 windows/amd64; CC=C:\mingw64\bin\gcc.exe (gcc.exe (x86_64-posix-seh-rev1, Built by MinGW-Builds project) 15.2.0)
2026-10-10T07:53:01.8756701Z fetch-deps: cache hit - third_party/sherpa-onnx matches deps.toml (sherpa-onnx 1.13.8)
2026-10-10T07:53:06.0301571Z build.ps1: frontend: node = C:\Program Files\nodejs\node.exe (v22.23.3); npm = C:\Program Files\nodejs\npm.cmd (10.9.9)
2026-10-10T07:53:06.0736225Z build.ps1: frontend: node_modules ABSENT -> running npm ci (clean install pinned by package-lock.json).
2026-10-10T07:53:19.9034557Z 
2026-10-10T07:53:19.9035078Z added 126 packages, and audited 127 packages in 14s
2026-10-10T07:53:19.9035801Z 
2026-10-10T07:53:19.9036548Z 14 packages are looking for funding
2026-10-10T07:53:19.9037689Z   run `npm fund` for details
2026-10-10T07:53:19.9055691Z 
2026-10-10T07:53:19.9056026Z 1 high severity vulnerability
2026-10-10T07:53:19.9056370Z 
2026-10-10T07:53:19.9056527Z To address all issues, run:
2026-10-10T07:53:19.9058087Z   npm audit fix
2026-10-10T07:53:19.9058352Z 
2026-10-10T07:53:19.9058748Z Run `npm audit` for details.
2026-10-10T07:53:21.1024323Z build.ps1: frontend: pre-build dist snapshot = 1 file(s) [.gitkeep] (this run's npm must produce an artifact name outside it).
2026-10-10T07:53:21.1032368Z build.ps1: frontend: running npm run build (tsc -b && vite build, output goes to frontend/dist).
2026-10-10T07:53:21.4090271Z 
2026-10-10T07:53:21.4090708Z > frontend@0.0.0 build
2026-10-10T07:53:21.4090987Z > tsc -b && vite build
2026-10-10T07:53:21.4092002Z 
2026-10-10T07:53:26.7732156Z [36mvite v8.3.0 [32mbuilding client environment for production...[36m[39m
2026-10-10T07:53:26.7884202Z transforming...
2026-10-10T07:53:27.2012241Z ✓ 2439 modules transformed.
2026-10-10T07:53:27.2602874Z rendering chunks...
2026-10-10T07:53:27.3410032Z computing gzip size...
2026-10-10T07:53:27.3498442Z dist/index.html                   1.06 kB │ gzip:   0.64 kB
2026-10-10T07:53:27.3499336Z dist/assets/index-yy8KMgdf.css   49.54 kB │ gzip:   9.84 kB
2026-10-10T07:53:27.3500143Z dist/assets/index-vdBrT8rM.js   552.02 kB │ gzip: 170.74 kB
2026-10-10T07:53:27.3500522Z 
2026-10-10T07:53:27.3544002Z [33m[plugin builtin:vite-reporter] 
2026-10-10T07:53:27.3544592Z (!) Some chunks are larger than 500 kB after minification. Consider:
2026-10-10T07:53:27.3545277Z - Using dynamic import() to code-split the application
2026-10-10T07:53:27.3546288Z - Use build.rolldownOptions.output.codeSplitting to improve chunking: https://rolldown.rs/reference/OutputOptions.codeSplitting
2026-10-10T07:53:27.3547268Z - Adjust chunk size limit for this warning via build.chunkSizeWarningLimit.[39m
2026-10-10T07:53:27.3633110Z [32m✓ built in 589ms[39m
2026-10-10T07:53:27.7311439Z build.ps1: frontend ok: 4 file(s) in frontend/dist (entry index.html is 1068 bytes): .gitkeep=0 assets\index-vdBrT8rM.js=552027 assets\index-yy8KMgdf.css=49540 index.html=1068 || provenance: this run's npm added new artifact name(s) [assets\index-vdBrT8rM.js assets\index-yy8KMgdf.css index.html] over the pre-build snapshot 1 file(s) [.gitkeep]; gone since snapshot: []
2026-10-10T07:53:35.6681489Z build.ps1: go build ok (cgo linked against sherpa-onnx C API)
2026-10-10T07:53:35.6810171Z build.ps1: DLLs colocated into D:\a\wisp\wisp\build
2026-10-10T07:53:35.6841140Z build.ps1: signed model manifest colocated into D:\a\wisp\wisp\build\models
2026-10-10T07:53:35.7615467Z build.ps1: wrote D:\a\wisp\wisp\build\SHA256SUMS
2026-10-10T07:53:35.7621300Z build.ps1: smoke test - running wisp.exe doctor
2026-10-10T07:53:35.7814158Z build.ps1: done. Artifacts in build\: wisp.exe, onnxruntime.dll, sherpa-onnx-c-api.dll, sherpa-onnx-cxx-api.dll, SHA256SUMS
2026-10-10T07:53:35.8529194Z time=2026-10-10T07:53:35.810Z level=INFO msg="winsec: sealing path resolver installed" resolver=risk.c26Pipeline probes_passed=2
2026-10-10T07:53:36.0379105Z wisp doctor - build chain self-check
2026-10-10T07:53:36.0381781Z ------------------------------------------------------------------------
2026-10-10T07:53:36.0384660Z [INFO] wisp build                         version=0.0.0-dev commit=a0e55a5 built=2026-10-10T07:53:27Z WISP_ENV=test
2026-10-10T07:53:36.0385856Z [INFO] Go runtime                         go1.27.2 (toolchain pinned by go.mod)
2026-10-10T07:53:36.0386880Z [INFO] C29 minisign public key            untrusted comment: wisp models signing key (dev)
2026-10-10T07:53:36.0389146Z RWSjyHlPP9lPxdEQRvWj3zFLMbc1tTEkKMwTDuVXXQDxsWRpA/m5jk9j (placeholder until C29 lands; hardcoded into buildinfo per SPEC-11 §7.3)
2026-10-10T07:53:36.0392055Z [PASS] gcc (build-time)                   gcc.exe (x86_64-posix-seh-rev1, Built by MinGW-Builds project) 15.2.0
2026-10-10T07:53:36.0393472Z [PASS] sherpa-onnx C API                  runtime 1.13.8 matches build pin (exe dir D:\a\wisp\wisp\build)
2026-10-10T07:53:36.0395944Z [PASS] onnxruntime.dll colocated          file version 1.28.2.0 matches build pin 1.28.2
2026-10-10T07:53:36.0404510Z [INFO] sherpa-onnx built against onnxruntime 1.28.2
2026-10-10T07:53:36.0405582Z [PASS] DLL colocated: sherpa-onnx-c-api.dll D:\a\wisp\wisp\build\sherpa-onnx-c-api.dll
2026-10-10T07:53:36.0406638Z [PASS] DLL colocated: sherpa-onnx-cxx-api.dll D:\a\wisp\wisp\build\sherpa-onnx-cxx-api.dll
2026-10-10T07:53:36.0407454Z [PASS] deps.toml sherpa-onnx pin          1.13.8
2026-10-10T07:53:36.0407993Z [PASS] deps.toml onnxruntime pin          1.28.2
2026-10-10T07:53:36.0408732Z [PASS] deps.toml sherpa-onnx-go pin       v1.13.8
2026-10-10T07:53:36.0411294Z [PASS] data dir writable (test)           C:\Users\runneradmin\AppData\Local\Temp\wisp-test-7124
2026-10-10T07:53:36.0412201Z ------------------------------------------------------------------------
2026-10-10T07:53:36.0413009Z wisp doctor: PASS
2026-10-10T07:53:36.0591428Z ##[group]Run bash scripts/wisp-cli-tests.sh
2026-10-10T07:53:36.0592050Z [36;1mbash scripts/wisp-cli-tests.sh[0m
2026-10-10T07:53:36.0620956Z shell: C:\Program Files\Git\bin\bash.EXE --noprofile --norc -e -o pipefail {0}
2026-10-10T07:53:36.0621581Z env:
2026-10-10T07:53:36.0621850Z   WISP_ENV: test
2026-10-10T07:53:36.0622144Z ##[endgroup]
2026-10-10T07:53:36.3352952Z wisp-cli-tests.sh: scope=./cmd/wisp/ dll_dir=/d/a/wisp/wisp/third_party/sherpa-onnx (pinned: onnxruntime.dll sherpa-onnx-c-api.dll sherpa-onnx-cxx-api.dll )
2026-10-10T07:53:36.3354065Z wisp-cli-tests.sh: handing the verdict to portable-tests.sh --scope=cli
2026-10-10T07:53:55.4965709Z portable-tests.sh: platform=windows scope=[./cmd/wisp/]
2026-10-10T07:53:55.4966631Z portable-tests.sh: 11 ledger entries, 7 accounted on this platform:
2026-10-10T07:53:55.4983923Z portable-tests.sh:   TestDefaultDeadlineWallClockMeasurement              [opt-in] 300s wall-clock measurement gated by WISP_84_MEASURE=1 (ticket84_no_owner_test.go:224, docs/evidence/s1/84-ac1-bounded-wait.md); it measures a deadline instead of asserting a property, so a CI run of it produces a duration nobody checks
2026-10-10T07:53:55.4992582Z portable-tests.sh:   TestSubprocessCrashWriter                            [reexec] child-process entry point of TestCrashRecoveryKillMidWrite (concurrent_test.go:186); not a test of its own, it skips whenever it is not the re-exec'd child
2026-10-10T07:53:55.5002160Z portable-tests.sh:   TestHelperProcess                                    [reexec] child-process entry point of the job-object cases (jobscope_windows_test.go:87, //go:build windows); skips unless re-exec'd with the helper env var set
2026-10-10T07:53:55.5014649Z portable-tests.sh:   TestLiveWasapiSmoke                                  [fixture] live WASAPI capture needs WISP_LIVE_MIC=1 and a physical microphone (hotplug_test.go:527, //go:build windows); a hosted runner has no audio endpoint, so the case has no subject there. Real-hardware smoke is ticket 16's
2026-10-10T07:53:55.5024540Z portable-tests.sh:   TestRealDownloadVadThroughPipeline                   [opt-in] real-network spot check gated by WISP_IT_REAL_MIRROR=1 (manifest_real_test.go:120); CI has no business pulling model archives from a third-party mirror
2026-10-10T07:53:55.5032731Z portable-tests.sh:   TestRealDownloadPuncArchiveThroughPipeline           [opt-in] real-network spot check gated by WISP_IT_REAL_MIRROR=1 (manifest_real_test.go:147); same reason as the VAD row
2026-10-10T07:53:55.5067316Z portable-tests.sh:   TestSyncRegistryProbeLive                            [fixture] P12 live registry evidence; on ubuntu it is now out of scope by platform instead of by skip (ticket 93 AC#2 moved it verbatim into syncdirs_windows_test.go), and on a Windows host whose HKCU Accounts key carries no UserFolder the hive has nothing to say. Measured on a windows host at HEAD 84e43af: --- SKIP at syncdirs_windows_test.go:133. As of ticket 110 AC#4 the windows leg carries ./internal/risk/ in its scope, so this row is re-verified against the compiled WINDOWS test binary (go test -list) and printed with its reason in that step's log - which is the step-level answer R-93-4 asked for. Remedy for a real run: a host with a sync record, or fold the shape check into the fixture-driven case. next= on ticket 93
2026-10-10T07:53:55.5390280Z portable-tests.sh: -skip pattern built from the ledger: ^(TestDefaultDeadlineWallClockMeasurement|TestSubprocessCrashWriter|TestHelperProcess|TestLiveWasapiSmoke|TestRealDownloadVadThroughPipeline|TestRealDownloadPuncArchiveThroughPipeline|TestSyncRegistryProbeLive)$
2026-10-10T08:01:50.2186946Z time=2026-10-10T07:53:57.700Z level=INFO msg="winsec: sealing path resolver installed" resolver=risk.c26Pipeline probes_passed=2
2026-10-10T08:01:50.2188528Z === RUN   TestAC1AlwaysBranchDoesNotRevertAHandEditedKey
2026-10-10T08:01:50.2197079Z time=2026-10-10T07:53:58.754Z level=WARN msg="goroutine outside the D38 roster (leak symptom)" goroutine=mockllm-stdout-reader owner=test
2026-10-10T08:01:50.2200807Z time=2026-10-10T07:53:58.773Z level=INFO msg="wisp: persistent log sink installed" dir=C:\Users\RUNNER~1\AppData\Local\Temp\TestAC1AlwaysBranchDoesNotRevertAHandEditedKey3576099940\002\logs min_level=info early_records=2 early_dropped=0
2026-10-10T08:01:50.2203590Z 2026/10/10 07:53:58 mockllm: serving on http://127.0.0.1:49325 (golden dir D:\a\wisp\wisp\internal\llm\testdata\golden)
2026-10-10T08:01:50.2205908Z time=2026-10-10T07:53:58.823Z level=INFO msg="pre-migration backup written" component=memory backup=C:\Users\RUNNER~1\AppData\Local\Temp\TestAC1AlwaysBranchDoesNotRevertAHandEditedKey3576099940\002\backup\wisp.db.bak-0-1 from=0 to=1
2026-10-10T08:01:50.2208412Z time=2026-10-10T07:53:58.834Z level=INFO msg="schema migration step applied" component=memory from=0 to=1 started_at=2026-10-10T07:53:58Z duration_ms=10
2026-10-10T08:01:50.2210870Z time=2026-10-10T07:53:58.864Z level=INFO msg="pre-migration backup written" component=memory backup=C:\Users\RUNNER~1\AppData\Local\Temp\TestAC1AlwaysBranchDoesNotRevertAHandEditedKey3576099940\002\backup\wisp.db.bak-1-2 from=1 to=2
2026-10-10T08:01:50.2213365Z time=2026-10-10T07:53:58.878Z level=INFO msg="schema migration step applied" component=memory from=1 to=2 started_at=2026-10-10T07:53:58Z duration_ms=13
2026-10-10T08:01:50.2215167Z time=2026-10-10T07:53:58.898Z level=INFO msg="schema migration complete" component=memory schema_version=2
2026-10-10T08:01:50.2216692Z time=2026-10-10T07:53:58.900Z level=INFO msg="startup WAL checkpoint (TRUNCATE) done" component=memory wal_pages_before=0 pages_moved=0
2026-10-10T08:01:50.2220710Z time=2026-10-10T07:53:58.914Z level=WARN msg="config: wrote merged change into config.toml and kept hand edits this process does not hold (ticket 226); the file was NOT claimed as our own write, so the next reload reads it back and a loosening there is denied until it is confirmed (D36 rule 1). Only the keys listed under wrote changed value; the file is re-laid in canonical form, so comments and hand-chosen key order are not preserved" key=fs.allowed_dirs wrote=[fs.allowed_dirs] kept_in_file_not_in_memory=[app.theme]
2026-10-10T08:01:50.2224912Z     always_write_no_clobber_226_test.go:77: the run did not store the rule it was answering for, so the surviving hand edit proves nothing:
2026-10-10T08:01:50.2226136Z         schema_version = 2
2026-10-10T08:01:50.2226603Z         
2026-10-10T08:01:50.2227017Z         [app]
2026-10-10T08:01:50.2227540Z         language = 'zh-CN'
2026-10-10T08:01:50.2228077Z         theme = 'light'
2026-10-10T08:01:50.2228626Z         autostart = false
2026-10-10T08:01:50.2229192Z         single_instance = true
2026-10-10T08:01:50.2229923Z         
2026-10-10T08:01:50.2230404Z         [ball]
2026-10-10T08:01:50.2230857Z         size = 56
2026-10-10T08:01:50.2231346Z         opacity_idle = 0.35
2026-10-10T08:01:50.2231953Z         click_through = true
2026-10-10T08:01:50.2232665Z         hide_on_fullscreen = true
2026-10-10T08:01:50.2233200Z         
2026-10-10T08:01:50.2233649Z         [ball.position]
2026-10-10T08:01:50.2234116Z         x = 0
2026-10-10T08:01:50.2234830Z         y = 0
2026-10-10T08:01:50.2235285Z         monitor = ''
2026-10-10T08:01:50.2235741Z         
2026-10-10T08:01:50.2236177Z         [hotkey]
2026-10-10T08:01:50.2236728Z         summon = ''
2026-10-10T08:01:50.2237179Z         mute = ''
2026-10-10T08:01:50.2237671Z         cancel = 'Esc'
2026-10-10T08:01:50.2238149Z         panel = ''
2026-10-10T08:01:50.2238627Z         
2026-10-10T08:01:50.2239022Z         [session]
2026-10-10T08:01:50.2239513Z         warm_timeout_sec = 90
2026-10-10T08:01:50.2240104Z         settling_sec = 3
2026-10-10T08:01:50.2240667Z         conversation_idle_sec = 30
2026-10-10T08:01:50.2241181Z         
2026-10-10T08:01:50.2241636Z         [voice]
2026-10-10T08:01:50.2242104Z         enabled = true
2026-10-10T08:01:50.2242638Z         punctuation = true
2026-10-10T08:01:50.2243472Z         conversation_mode = false
2026-10-10T08:01:50.2244887Z         cloud_asr_chain = []
2026-10-10T08:01:50.2245564Z         cloud_tts_chain = []
2026-10-10T08:01:50.2246063Z         
2026-10-10T08:01:50.2246530Z         [voice.wake_word]
2026-10-10T08:01:50.2247091Z         enabled = false
2026-10-10T08:01:50.2247586Z         keywords = []
2026-10-10T08:01:50.2248142Z         thresholds = []
2026-10-10T08:01:50.2250296Z         veto_words = ['取消', '停下', '别']
2026-10-10T08:01:50.2250846Z         
2026-10-10T08:01:50.2251317Z         [voice.asr]
2026-10-10T08:01:50.2251845Z         provider = 'local-sherpa'
2026-10-10T08:01:50.2252379Z         model = ''
2026-10-10T08:01:50.2252836Z         
2026-10-10T08:01:50.2253231Z         [voice.tts]
2026-10-10T08:01:50.2254236Z         provider = 'local-sherpa'
2026-10-10T08:01:50.2255755Z         voice = ''
2026-10-10T08:01:50.2256360Z         speed = 1.0
2026-10-10T08:01:50.2256836Z         
2026-10-10T08:01:50.2257274Z         [voice.aec]
2026-10-10T08:01:50.2257729Z         enabled = true
2026-10-10T08:01:50.2258370Z         echo_ref = 'self-render'
2026-10-10T08:01:50.2258864Z         
2026-10-10T08:01:50.2259290Z         [voice.realtime]
2026-10-10T08:01:50.2259868Z         enabled = false
2026-10-10T08:01:50.2260341Z         provider = ''
2026-10-10T08:01:50.2260836Z         model = ''
2026-10-10T08:01:50.2261303Z         api_key_ref = ''
2026-10-10T08:01:50.2261791Z         base_url = ''
2026-10-10T08:01:50.2262242Z         
2026-10-10T08:01:50.2262644Z         [audio]
2026-10-10T08:01:50.2263138Z         input_device = 'default'
2026-10-10T08:01:50.2263737Z         sample_rate = 16000
2026-10-10T08:01:50.2264257Z         half_duplex = true
2026-10-10T08:01:50.2264853Z         mic_muted_default = true
2026-10-10T08:01:50.2265328Z         
2026-10-10T08:01:50.2265712Z         [llm]
2026-10-10T08:01:50.2266269Z         text_chain = ['acme/m1']
2026-10-10T08:01:50.2266818Z         timeout_ms = 60000
2026-10-10T08:01:50.2267281Z         
2026-10-10T08:01:50.2267744Z         [llm.roles]
2026-10-10T08:01:50.2268246Z         [llm.roles.chat]
2026-10-10T08:01:50.2268785Z         provider = ''
2026-10-10T08:01:50.2269244Z         model = ''
2026-10-10T08:01:50.2269720Z         temperature = 0.7
2026-10-10T08:01:50.2270570Z         thinking_intensity = 'off'
2026-10-10T08:01:50.2271200Z         max_output_tokens = 0
2026-10-10T08:01:50.2271685Z         
2026-10-10T08:01:50.2272207Z         [llm.roles.memory_extract]
2026-10-10T08:01:50.2272759Z         provider = ''
2026-10-10T08:01:50.2273300Z         model = ''
2026-10-10T08:01:50.2273785Z         temperature = 0.7
2026-10-10T08:01:50.2274406Z         thinking_intensity = 'off'
2026-10-10T08:01:50.2275065Z         max_output_tokens = 0
2026-10-10T08:01:50.2275530Z         
2026-10-10T08:01:50.2275978Z         [llm.roles.handoff]
2026-10-10T08:01:50.2276549Z         provider = ''
2026-10-10T08:01:50.2305206Z         model = ''
2026-10-10T08:01:50.2306295Z         temperature = 0.7
2026-10-10T08:01:50.2308028Z         thinking_intensity = 'off'
2026-10-10T08:01:50.2311288Z         max_output_tokens = 0
2026-10-10T08:01:50.2312233Z         
2026-10-10T08:01:50.2314010Z         [llm.roles.summarize]
2026-10-10T08:01:50.2315975Z         provider = ''
2026-10-10T08:01:50.2316710Z         model = ''
2026-10-10T08:01:50.2317252Z         temperature = 0.7
2026-10-10T08:01:50.2317930Z         thinking_intensity = 'off'
2026-10-10T08:01:50.2318743Z         max_output_tokens = 0
2026-10-10T08:01:50.2319556Z         
2026-10-10T08:01:50.2320811Z         [llm.retry]
2026-10-10T08:01:50.2321801Z         max = 1
2026-10-10T08:01:50.2324358Z         backoff_ms = 1
2026-10-10T08:01:50.2325417Z         
2026-10-10T08:01:50.2326302Z         [llm.providers]
2026-10-10T08:01:50.2327941Z         [llm.providers.acme]
2026-10-10T08:01:50.2329372Z         protocol = 'openai-chat'
2026-10-10T08:01:50.2330382Z         base_url = 'http://127.0.0.1:49325/v1'
2026-10-10T08:01:50.2331825Z         api_key_ref = 'dpapi:acme'
2026-10-10T08:01:50.2332572Z         billing = ''
2026-10-10T08:01:50.2333207Z         plan_credit_total_micro = 0
2026-10-10T08:01:50.2333743Z         rpm = 0
2026-10-10T08:01:50.2334190Z         tpm = 0
2026-10-10T08:01:50.2334657Z         
2026-10-10T08:01:50.2335216Z         [llm.providers.acme.compat]
2026-10-10T08:01:50.2335847Z         loose = false
2026-10-10T08:01:50.2336400Z         allow_missing_usage = false
2026-10-10T08:01:50.2336941Z         
2026-10-10T08:01:50.2337461Z         [llm.providers.acme.models]
2026-10-10T08:01:50.2338106Z         [llm.providers.acme.models.m1]
2026-10-10T08:01:50.2338736Z         display = ''
2026-10-10T08:01:50.2339328Z         context_window = 128000
2026-10-10T08:01:50.2339943Z         max_output_tokens = 0
2026-10-10T08:01:50.2340577Z         thinking_levels = []
2026-10-10T08:01:50.2341144Z         billing = ''
2026-10-10T08:01:50.2341673Z         quota_daily_micro = 0
2026-10-10T08:01:50.2342292Z         quota_monthly_micro = 0
2026-10-10T08:01:50.2342848Z         enabled = true
2026-10-10T08:01:50.2343332Z         
2026-10-10T08:01:50.2344025Z         [llm.providers.acme.models.m1.capabilities]
2026-10-10T08:01:50.2344738Z         text = false
2026-10-10T08:01:50.2345260Z         vision = false
2026-10-10T08:01:50.2345848Z         audio_in = false
2026-10-10T08:01:50.2346404Z         audio_out = false
2026-10-10T08:01:50.2346963Z         realtime = false
2026-10-10T08:01:50.2347493Z         thinking = false
2026-10-10T08:01:50.2348038Z         fc = false
2026-10-10T08:01:50.2348343Z         stream = false
2026-10-10T08:01:50.2348546Z         
2026-10-10T08:01:50.2348883Z         [llm.providers.acme.models.m1.price]
2026-10-10T08:01:50.2349282Z         in = 0.0
2026-10-10T08:01:50.2349551Z         out = 0.0
2026-10-10T08:01:50.2349847Z         cached = 0.0
2026-10-10T08:01:50.2350133Z         audio_in = 0.0
2026-10-10T08:01:50.2350430Z         audio_out = 0.0
2026-10-10T08:01:50.2350950Z         
2026-10-10T08:01:50.2351199Z         [agent]
2026-10-10T08:01:50.2351467Z         max_rounds = 50
2026-10-10T08:01:50.2351788Z         token_budget = 200000
2026-10-10T08:01:50.2352126Z         per_tool_timeout_ms = 0
2026-10-10T08:01:50.2352484Z         steering_enabled = true
2026-10-10T08:01:50.2352867Z         project_instructions_enabled = true
2026-10-10T08:01:50.2353211Z         
2026-10-10T08:01:50.2353516Z         [agent.loop_guard]
2026-10-10T08:01:50.2353868Z         repeat_thresholds = [3, 5, 8]
2026-10-10T08:01:50.2354185Z         
2026-10-10T08:01:50.2354457Z         [risk]
2026-10-10T08:01:50.2354754Z         confirm_timeout_sec = 40
2026-10-10T08:01:50.2355147Z         l1_window_sec = 2
2026-10-10T08:01:50.2355639Z         shell_enabled = false
2026-10-10T08:01:50.2356410Z         allow_shell_string = false
2026-10-10T08:01:50.2356760Z         shell_allowlist = []
2026-10-10T08:01:50.2357097Z         blacklist_overrides = []
2026-10-10T08:01:50.2357468Z         permission_mode = 'ask_every_step'
2026-10-10T08:01:50.2357816Z         
2026-10-10T08:01:50.2358056Z         [fs]
2026-10-10T08:01:50.2359953Z         allowed_dirs = ['C:/Users/RUNNER~1/AppData/Local/Temp/TestAC1AlwaysBranchDoesNotRevertAHandEditedKey3576099940/002', 'C:/Users/runneradmin/AppData/Local/Temp/TestAC1AlwaysBranchDoesNotRevertAHandEditedKey3576099940/003']
2026-10-10T08:01:50.2361921Z         reparse_point_exceptions = []
2026-10-10T08:01:50.2362521Z         delete_enabled = false
2026-10-10T08:01:50.2362986Z         
2026-10-10T08:01:50.2363382Z         [net]
2026-10-10T08:01:50.2363854Z         allowlist = []
2026-10-10T08:01:50.2364405Z         block_private_ranges = true
2026-10-10T08:01:50.2364908Z         
2026-10-10T08:01:50.2365331Z         [net.proxy]
2026-10-10T08:01:50.2365794Z         mode = 'system'
2026-10-10T08:01:50.2366253Z         url = ''
2026-10-10T08:01:50.2366612Z         
2026-10-10T08:01:50.2366937Z         [privacy]
2026-10-10T08:01:50.2367645Z         redact_paths = false
2026-10-10T08:01:50.2368399Z         diagnostics_opt_in = false
2026-10-10T08:01:50.2368991Z         retention_days = 30
2026-10-10T08:01:50.2369597Z         keep_transcript = false
2026-10-10T08:01:50.2370211Z         keep_audio = false
2026-10-10T08:01:50.2370713Z         
2026-10-10T08:01:50.2371610Z         [memory]
2026-10-10T08:01:50.2372112Z         l1_enabled = true
2026-10-10T08:01:50.2372518Z         l1_max = 20
2026-10-10T08:01:50.2373022Z         l3_retention_days = 30
2026-10-10T08:01:50.2373600Z         extract_model = ''
2026-10-10T08:01:50.2374111Z         
2026-10-10T08:01:50.2374498Z         [panel]
2026-10-10T08:01:50.2374974Z         enabled = true
2026-10-10T08:01:50.2375538Z         width = 640
2026-10-10T08:01:50.2376013Z         height = 0
2026-10-10T08:01:50.2376618Z         keep_alive_in_session = true
2026-10-10T08:01:50.2377204Z         scale = 0.0
2026-10-10T08:01:50.2377644Z         
2026-10-10T08:01:50.2378116Z         [cost]
2026-10-10T08:01:50.2378601Z         daily_budget = 0
2026-10-10T08:01:50.2379089Z         monthly_budget = 0
2026-10-10T08:01:50.2379692Z         alert_threshold = 0.8
2026-10-10T08:01:50.2380258Z         over_budget = 'pause'
2026-10-10T08:01:50.2380725Z         
2026-10-10T08:01:50.2381111Z         [models]
2026-10-10T08:01:50.2381521Z         dir = ''
2026-10-10T08:01:50.2381970Z         mirror = []
2026-10-10T08:01:50.2382462Z         verify_signature = true
2026-10-10T08:01:50.2382934Z         
2026-10-10T08:01:50.2383301Z         [observe]
2026-10-10T08:01:50.2383736Z         level = 'info'
2026-10-10T08:01:50.2384293Z         slo_sample_interval_sec = 5
2026-10-10T08:01:50.2384801Z         
2026-10-10T08:01:50.2385262Z         [observe.roll]
2026-10-10T08:01:50.2385786Z         size_mb = 10
2026-10-10T08:01:50.2386206Z         days = 7
2026-10-10T08:01:50.2386692Z         [plugins]
2026-10-10T08:01:50.2387233Z         tier2_enabled = false
2026-10-10T08:01:50.2391366Z     always_write_no_clobber_226_test.go:91: fs.allowed_dirs on disk = [C:/Users/RUNNER~1/AppData/Local/Temp/TestAC1AlwaysBranchDoesNotRevertAHandEditedKey3576099940/002 C:/Users/runneradmin/AppData/Local/Temp/TestAC1AlwaysBranchDoesNotRevertAHandEditedKey3576099940/003], want the stored rule "C:/Users/RUNNER~1/AppData/Local/Temp/TestAC1AlwaysBranchDoesNotRevertAHandEditedKey3576099940/003"
2026-10-10T08:01:50.2394694Z --- FAIL: TestAC1AlwaysBranchDoesNotRevertAHandEditedKey (1.22s)
2026-10-10T08:01:50.2395622Z === RUN   TestAlwaysBranchStoresItsRuleOnlyAfterASecondL2Card
2026-10-10T08:01:50.2396890Z time=2026-10-10T07:53:59.789Z level=WARN msg="goroutine outside the D38 roster (leak symptom)" goroutine=mockllm-stdout-reader owner=test
2026-10-10T08:01:50.2399524Z time=2026-10-10T07:53:59.804Z level=INFO msg="wisp: persistent log sink installed" dir=C:\Users\RUNNER~1\AppData\Local\Temp\TestAlwaysBranchStoresItsRuleOnlyAfterASecondL2Card3369135054\002\logs min_level=info early_records=0 early_dropped=0
2026-10-10T08:01:50.2402236Z 2026/10/10 07:53:59 mockllm: serving on http://127.0.0.1:49327 (golden dir D:\a\wisp\wisp\internal\llm\testdata\golden)
2026-10-10T08:01:50.2404661Z time=2026-10-10T07:53:59.837Z level=INFO msg="pre-migration backup written" component=memory backup=C:\Users\RUNNER~1\AppData\Local\Temp\TestAlwaysBranchStoresItsRuleOnlyAfterASecondL2Card3369135054\002\backup\wisp.db.bak-0-1 from=0 to=1
2026-10-10T08:01:50.2407254Z time=2026-10-10T07:53:59.848Z level=INFO msg="schema migration step applied" component=memory from=0 to=1 started_at=2026-10-10T07:53:59Z duration_ms=10
2026-10-10T08:01:50.2410199Z time=2026-10-10T07:53:59.871Z level=INFO msg="pre-migration backup written" component=memory backup=C:\Users\RUNNER~1\AppData\Local\Temp\TestAlwaysBranchStoresItsRuleOnlyAfterASecondL2Card3369135054\002\backup\wisp.db.bak-1-2 from=1 to=2
2026-10-10T08:01:50.2412912Z time=2026-10-10T07:53:59.906Z level=INFO msg="schema migration step applied" component=memory from=1 to=2 started_at=2026-10-10T07:53:59Z duration_ms=35
2026-10-10T08:01:50.2415752Z time=2026-10-10T07:53:59.926Z level=INFO msg="schema migration complete" component=memory schema_version=2
2026-10-10T08:01:50.2417339Z time=2026-10-10T07:53:59.928Z level=INFO msg="startup WAL checkpoint (TRUNCATE) done" component=memory wal_pages_before=0 pages_moved=0
2026-10-10T08:01:50.2420411Z time=2026-10-10T07:53:59.939Z level=INFO msg="config: wrote merged change into config.toml (ticket 226: only the keys listed changed value, every other key keeps the value the file already held; the file is re-laid in canonical form, so comments and hand-chosen key order are not preserved)" key=fs.allowed_dirs wrote=[fs.allowed_dirs]
2026-10-10T08:01:50.2424220Z     approval_always_201_test.go:141: config.toml did not gain the stored rule "C:/Users/RUNNER~1/AppData/Local/Temp/TestAlwaysBranchStoresItsRuleOnlyAfterASecondL2Card3369135054/003"; it holds:
2026-10-10T08:01:50.2425902Z         schema_version = 2
2026-10-10T08:01:50.2426424Z         
2026-10-10T08:01:50.2426801Z         [app]
2026-10-10T08:01:50.2427293Z         language = 'zh-CN'
2026-10-10T08:01:50.2427798Z         theme = 'dark'
2026-10-10T08:01:50.2428312Z         autostart = false
2026-10-10T08:01:50.2428902Z         single_instance = true
2026-10-10T08:01:50.2429847Z         
2026-10-10T08:01:50.2430309Z         [ball]
2026-10-10T08:01:50.2430813Z         size = 56
2026-10-10T08:01:50.2431345Z         opacity_idle = 0.35
2026-10-10T08:01:50.2431993Z         click_through = true
2026-10-10T08:01:50.2432430Z         hide_on_fullscreen = true
2026-10-10T08:01:50.2432745Z         
2026-10-10T08:01:50.2433216Z         [ball.position]
2026-10-10T08:01:50.2433694Z         x = 0
2026-10-10T08:01:50.2434066Z         y = 0
2026-10-10T08:01:50.2434536Z         monitor = ''
2026-10-10T08:01:50.2434948Z         
2026-10-10T08:01:50.2435372Z         [hotkey]
2026-10-10T08:01:50.2435834Z         summon = ''
2026-10-10T08:01:50.2436313Z         mute = ''
2026-10-10T08:01:50.2436862Z         cancel = 'Esc'
2026-10-10T08:01:50.2437352Z         panel = ''
2026-10-10T08:01:50.2437777Z         
2026-10-10T08:01:50.2438231Z         [session]
2026-10-10T08:01:50.2438759Z         warm_timeout_sec = 90
2026-10-10T08:01:50.2439352Z         settling_sec = 3
2026-10-10T08:01:50.2439800Z         conversation_idle_sec = 30
2026-10-10T08:01:50.2440090Z         
2026-10-10T08:01:50.2440358Z         [voice]
2026-10-10T08:01:50.2440622Z         enabled = true
2026-10-10T08:01:50.2440923Z         punctuation = true
2026-10-10T08:01:50.2441286Z         conversation_mode = false
2026-10-10T08:01:50.2441633Z         cloud_asr_chain = []
2026-10-10T08:01:50.2441956Z         cloud_tts_chain = []
2026-10-10T08:01:50.2442266Z         
2026-10-10T08:01:50.2442533Z         [voice.wake_word]
2026-10-10T08:01:50.2442835Z         enabled = false
2026-10-10T08:01:50.2443111Z         keywords = []
2026-10-10T08:01:50.2443402Z         thresholds = []
2026-10-10T08:01:50.2443962Z         veto_words = ['取消', '停下', '别']
2026-10-10T08:01:50.2444281Z         
2026-10-10T08:01:50.2444540Z         [voice.asr]
2026-10-10T08:01:50.2444881Z         provider = 'local-sherpa'
2026-10-10T08:01:50.2445209Z         model = ''
2026-10-10T08:01:50.2445465Z         
2026-10-10T08:01:50.2445936Z         [voice.tts]
2026-10-10T08:01:50.2446257Z         provider = 'local-sherpa'
2026-10-10T08:01:50.2446613Z         voice = ''
2026-10-10T08:01:50.2446882Z         speed = 1.0
2026-10-10T08:01:50.2447131Z         
2026-10-10T08:01:50.2447407Z         [voice.aec]
2026-10-10T08:01:50.2447678Z         enabled = true
2026-10-10T08:01:50.2447990Z         echo_ref = 'self-render'
2026-10-10T08:01:50.2448417Z         
2026-10-10T08:01:50.2448894Z         [voice.realtime]
2026-10-10T08:01:50.2449785Z         enabled = false
2026-10-10T08:01:50.2450383Z         provider = ''
2026-10-10T08:01:50.2450915Z         model = ''
2026-10-10T08:01:50.2451253Z         api_key_ref = ''
2026-10-10T08:01:50.2451750Z         base_url = ''
2026-10-10T08:01:50.2452016Z         
2026-10-10T08:01:50.2452297Z         [audio]
2026-10-10T08:01:50.2452687Z         input_device = 'default'
2026-10-10T08:01:50.2453039Z         sample_rate = 16000
2026-10-10T08:01:50.2453390Z         half_duplex = true
2026-10-10T08:01:50.2453715Z         mic_muted_default = true
2026-10-10T08:01:50.2454032Z         
2026-10-10T08:01:50.2454269Z         [llm]
2026-10-10T08:01:50.2454551Z         text_chain = ['acme/m1']
2026-10-10T08:01:50.2454899Z         timeout_ms = 60000
2026-10-10T08:01:50.2455165Z         
2026-10-10T08:01:50.2455414Z         [llm.roles]
2026-10-10T08:01:50.2455999Z         [llm.roles.chat]
2026-10-10T08:01:50.2456547Z         provider = ''
2026-10-10T08:01:50.2457075Z         model = ''
2026-10-10T08:01:50.2457564Z         temperature = 0.7
2026-10-10T08:01:50.2458107Z         thinking_intensity = 'off'
2026-10-10T08:01:50.2458728Z         max_output_tokens = 0
2026-10-10T08:01:50.2459223Z         
2026-10-10T08:01:50.2459706Z         [llm.roles.memory_extract]
2026-10-10T08:01:50.2460312Z         provider = ''
2026-10-10T08:01:50.2460809Z         model = ''
2026-10-10T08:01:50.2461311Z         temperature = 0.7
2026-10-10T08:01:50.2461935Z         thinking_intensity = 'off'
2026-10-10T08:01:50.2462523Z         max_output_tokens = 0
2026-10-10T08:01:50.2463076Z         
2026-10-10T08:01:50.2463540Z         [llm.roles.handoff]
2026-10-10T08:01:50.2464052Z         provider = ''
2026-10-10T08:01:50.2464530Z         model = ''
2026-10-10T08:01:50.2464982Z         temperature = 0.7
2026-10-10T08:01:50.2465513Z         thinking_intensity = 'off'
2026-10-10T08:01:50.2466103Z         max_output_tokens = 0
2026-10-10T08:01:50.2466555Z         
2026-10-10T08:01:50.2467020Z         [llm.roles.summarize]
2026-10-10T08:01:50.2467537Z         provider = ''
2026-10-10T08:01:50.2467994Z         model = ''
2026-10-10T08:01:50.2468444Z         temperature = 0.7
2026-10-10T08:01:50.2469075Z         thinking_intensity = 'off'
2026-10-10T08:01:50.2469664Z         max_output_tokens = 0
2026-10-10T08:01:50.2469996Z         
2026-10-10T08:01:50.2470249Z         [llm.retry]
2026-10-10T08:01:50.2470543Z         max = 1
2026-10-10T08:01:50.2470814Z         backoff_ms = 1
2026-10-10T08:01:50.2471069Z         
2026-10-10T08:01:50.2471353Z         [llm.providers]
2026-10-10T08:01:50.2471679Z         [llm.providers.acme]
2026-10-10T08:01:50.2472028Z         protocol = 'openai-chat'
2026-10-10T08:01:50.2472453Z         base_url = 'http://127.0.0.1:49327/v1'
2026-10-10T08:01:50.2473145Z         api_key_ref = 'dpapi:acme'
2026-10-10T08:01:50.2473719Z         billing = ''
2026-10-10T08:01:50.2474267Z         plan_credit_total_micro = 0
2026-10-10T08:01:50.2474838Z         rpm = 0
2026-10-10T08:01:50.2475271Z         tpm = 0
2026-10-10T08:01:50.2475683Z         
2026-10-10T08:01:50.2476221Z         [llm.providers.acme.compat]
2026-10-10T08:01:50.2476835Z         loose = false
2026-10-10T08:01:50.2477369Z         allow_missing_usage = false
2026-10-10T08:01:50.2477926Z         
2026-10-10T08:01:50.2478405Z         [llm.providers.acme.models]
2026-10-10T08:01:50.2479106Z         [llm.providers.acme.models.m1]
2026-10-10T08:01:50.2479728Z         display = ''
2026-10-10T08:01:50.2480312Z         context_window = 128000
2026-10-10T08:01:50.2480902Z         max_output_tokens = 0
2026-10-10T08:01:50.2481445Z         thinking_levels = []
2026-10-10T08:01:50.2481975Z         billing = ''
2026-10-10T08:01:50.2482525Z         quota_daily_micro = 0
2026-10-10T08:01:50.2483114Z         quota_monthly_micro = 0
2026-10-10T08:01:50.2483700Z         enabled = true
2026-10-10T08:01:50.2484154Z         
2026-10-10T08:01:50.2484776Z         [llm.providers.acme.models.m1.capabilities]
2026-10-10T08:01:50.2485507Z         text = false
2026-10-10T08:01:50.2485965Z         vision = false
2026-10-10T08:01:50.2486478Z         audio_in = false
2026-10-10T08:01:50.2487051Z         audio_out = false
2026-10-10T08:01:50.2487854Z         realtime = false
2026-10-10T08:01:50.2488355Z         thinking = false
2026-10-10T08:01:50.2489062Z         fc = false
2026-10-10T08:01:50.2489833Z         stream = false
2026-10-10T08:01:50.2490304Z         
2026-10-10T08:01:50.2490640Z         [llm.providers.acme.models.m1.price]
2026-10-10T08:01:50.2491039Z         in = 0.0
2026-10-10T08:01:50.2491532Z         out = 0.0
2026-10-10T08:01:50.2491972Z         cached = 0.0
2026-10-10T08:01:50.2492454Z         audio_in = 0.0
2026-10-10T08:01:50.2492975Z         audio_out = 0.0
2026-10-10T08:01:50.2493471Z         
2026-10-10T08:01:50.2493885Z         [agent]
2026-10-10T08:01:50.2494373Z         max_rounds = 50
2026-10-10T08:01:50.2494971Z         token_budget = 200000
2026-10-10T08:01:50.2495593Z         per_tool_timeout_ms = 0
2026-10-10T08:01:50.2496181Z         steering_enabled = true
2026-10-10T08:01:50.2496896Z         project_instructions_enabled = true
2026-10-10T08:01:50.2497492Z         
2026-10-10T08:01:50.2497978Z         [agent.loop_guard]
2026-10-10T08:01:50.2498575Z         repeat_thresholds = [3, 5, 8]
2026-10-10T08:01:50.2499074Z         
2026-10-10T08:01:50.2499488Z         [risk]
2026-10-10T08:01:50.2499976Z         confirm_timeout_sec = 40
2026-10-10T08:01:50.2500526Z         l1_window_sec = 2
2026-10-10T08:01:50.2501100Z         shell_enabled = false
2026-10-10T08:01:50.2501689Z         allow_shell_string = false
2026-10-10T08:01:50.2502318Z         shell_allowlist = []
2026-10-10T08:01:50.2502902Z         blacklist_overrides = []
2026-10-10T08:01:50.2503537Z         permission_mode = 'ask_every_step'
2026-10-10T08:01:50.2504102Z         
2026-10-10T08:01:50.2504445Z         [fs]
2026-10-10T08:01:50.2507061Z         allowed_dirs = ['C:/Users/RUNNER~1/AppData/Local/Temp/TestAlwaysBranchStoresItsRuleOnlyAfterASecondL2Card3369135054/002', 'C:/Users/runneradmin/AppData/Local/Temp/TestAlwaysBranchStoresItsRuleOnlyAfterASecondL2Card3369135054/003']
2026-10-10T08:01:50.2509448Z         reparse_point_exceptions = []
2026-10-10T08:01:50.2510648Z         delete_enabled = false
2026-10-10T08:01:50.2511015Z         
2026-10-10T08:01:50.2511279Z         [net]
2026-10-10T08:01:50.2511561Z         allowlist = []
2026-10-10T08:01:50.2511929Z         block_private_ranges = true
2026-10-10T08:01:50.2512243Z         
2026-10-10T08:01:50.2512504Z         [net.proxy]
2026-10-10T08:01:50.2512804Z         mode = 'system'
2026-10-10T08:01:50.2513079Z         url = ''
2026-10-10T08:01:50.2513359Z         
2026-10-10T08:01:50.2513605Z         [privacy]
2026-10-10T08:01:50.2513900Z         redact_paths = false
2026-10-10T08:01:50.2514283Z         diagnostics_opt_in = false
2026-10-10T08:01:50.2514633Z         retention_days = 30
2026-10-10T08:01:50.2514965Z         keep_transcript = false
2026-10-10T08:01:50.2515322Z         keep_audio = false
2026-10-10T08:01:50.2515601Z         
2026-10-10T08:01:50.2515883Z         [memory]
2026-10-10T08:01:50.2516144Z         l1_enabled = true
2026-10-10T08:01:50.2516455Z         l1_max = 20
2026-10-10T08:01:50.2516796Z         l3_retention_days = 30
2026-10-10T08:01:50.2517134Z         extract_model = ''
2026-10-10T08:01:50.2517410Z         
2026-10-10T08:01:50.2517692Z         [panel]
2026-10-10T08:01:50.2517972Z         enabled = true
2026-10-10T08:01:50.2518284Z         width = 640
2026-10-10T08:01:50.2518561Z         height = 0
2026-10-10T08:01:50.2518879Z         keep_alive_in_session = true
2026-10-10T08:01:50.2519239Z         scale = 0.0
2026-10-10T08:01:50.2519492Z         
2026-10-10T08:01:50.2519736Z         [cost]
2026-10-10T08:01:50.2520044Z         daily_budget = 0
2026-10-10T08:01:50.2520360Z         monthly_budget = 0
2026-10-10T08:01:50.2520686Z         alert_threshold = 0.8
2026-10-10T08:01:50.2521042Z         over_budget = 'pause'
2026-10-10T08:01:50.2521327Z         
2026-10-10T08:01:50.2521589Z         [models]
2026-10-10T08:01:50.2521849Z         dir = ''
2026-10-10T08:01:50.2522112Z         mirror = []
2026-10-10T08:01:50.2522433Z         verify_signature = true
2026-10-10T08:01:50.2522924Z         
2026-10-10T08:01:50.2523255Z         [observe]
2026-10-10T08:01:50.2523567Z         level = 'info'
2026-10-10T08:01:50.2523891Z         slo_sample_interval_sec = 5
2026-10-10T08:01:50.2524231Z         
2026-10-10T08:01:50.2524496Z         [observe.roll]
2026-10-10T08:01:50.2524779Z         size_mb = 10
2026-10-10T08:01:50.2525076Z         days = 7
2026-10-10T08:01:50.2525341Z         [plugins]
2026-10-10T08:01:50.2525635Z         tier2_enabled = false
2026-10-10T08:01:50.2526102Z --- FAIL: TestAlwaysBranchStoresItsRuleOnlyAfterASecondL2Card (1.02s)
2026-10-10T08:01:50.2526691Z === RUN   TestAlwaysBranchStoresNothingWhenTheSecondCardIsRefused
2026-10-10T08:01:50.2527496Z time=2026-10-10T07:54:00.861Z level=WARN msg="goroutine outside the D38 roster (leak symptom)" goroutine=mockllm-stdout-reader owner=test
2026-10-10T08:01:50.2529160Z time=2026-10-10T07:54:00.876Z level=INFO msg="wisp: persistent log sink installed" dir=C:\Users\RUNNER~1\AppData\Local\Temp\TestAlwaysBranchStoresNothingWhenTheSecondCardIsRefused1476514676\002\logs min_level=info early_records=0 early_dropped=0
2026-10-10T08:01:50.2531143Z 2026/10/10 07:54:00 mockllm: serving on http://127.0.0.1:49329 (golden dir D:\a\wisp\wisp\internal\llm\testdata\golden)
2026-10-10T08:01:50.2533284Z time=2026-10-10T07:54:00.911Z level=INFO msg="pre-migration backup written" component=memory backup=C:\Users\RUNNER~1\AppData\Local\Temp\TestAlwaysBranchStoresNothingWhenTheSecondCardIsRefused1476514676\002\backup\wisp.db.bak-0-1 from=0 to=1
2026-10-10T08:01:50.2535900Z time=2026-10-10T07:54:00.923Z level=INFO msg="schema migration step applied" component=memory from=0 to=1 started_at=2026-10-10T07:54:00Z duration_ms=11
2026-10-10T08:01:50.2537365Z time=2026-10-10T07:54:00.948Z level=INFO msg="pre-migration backup written" component=memory backup=C:\Users\RUNNER~1\AppData\Local\Temp\TestAlwaysBranchStoresNothingWhenTheSecondCardIsRefused1476514676\002\backup\wisp.db.bak-1-2 from=1 to=2
2026-10-10T08:01:50.2538842Z time=2026-10-10T07:54:00.957Z level=INFO msg="schema migration step applied" component=memory from=1 to=2 started_at=2026-10-10T07:54:00Z duration_ms=8
2026-10-10T08:01:50.2539712Z time=2026-10-10T07:54:00.972Z level=INFO msg="schema migration complete" component=memory schema_version=2
2026-10-10T08:01:50.2540516Z time=2026-10-10T07:54:00.974Z level=INFO msg="startup WAL checkpoint (TRUNCATE) done" component=memory wal_pages_before=0 pages_moved=0
2026-10-10T08:01:50.2541267Z --- PASS: TestAlwaysBranchStoresNothingWhenTheSecondCardIsRefused (1.05s)
2026-10-10T08:01:50.2541781Z === RUN   TestReplyListenerAllowsAnL2CardFromTheNativeSide
2026-10-10T08:01:50.2542458Z time=2026-10-10T07:54:01.883Z level=WARN msg="goroutine outside the D38 roster (leak symptom)" goroutine=mockllm-stdout-reader owner=test
2026-10-10T08:01:50.2543997Z time=2026-10-10T07:54:01.898Z level=INFO msg="wisp: persistent log sink installed" dir=C:\Users\RUNNER~1\AppData\Local\Temp\TestReplyListenerAllowsAnL2CardFromTheNativeSide152537886\002\logs min_level=info early_records=0 early_dropped=0
2026-10-10T08:01:50.2545246Z 2026/10/10 07:54:01 mockllm: serving on http://127.0.0.1:49331 (golden dir D:\a\wisp\wisp\internal\llm\testdata\golden)
2026-10-10T08:01:50.2547047Z time=2026-10-10T07:54:01.941Z level=INFO msg="pre-migration backup written" component=memory backup=C:\Users\RUNNER~1\AppData\Local\Temp\TestReplyListenerAllowsAnL2CardFromTheNativeSide152537886\002\backup\wisp.db.bak-0-1 from=0 to=1
2026-10-10T08:01:50.2548659Z time=2026-10-10T07:54:01.951Z level=INFO msg="schema migration step applied" component=memory from=0 to=1 started_at=2026-10-10T07:54:01Z duration_ms=9
2026-10-10T08:01:50.2550014Z time=2026-10-10T07:54:01.978Z level=INFO msg="pre-migration backup written" component=memory backup=C:\Users\RUNNER~1\AppData\Local\Temp\TestReplyListenerAllowsAnL2CardFromTheNativeSide152537886\002\backup\wisp.db.bak-1-2 from=1 to=2
2026-10-10T08:01:50.2551432Z time=2026-10-10T07:54:01.990Z level=INFO msg="schema migration step applied" component=memory from=1 to=2 started_at=2026-10-10T07:54:01Z duration_ms=11
2026-10-10T08:01:50.2553161Z time=2026-10-10T07:54:02.009Z level=INFO msg="schema migration complete" component=memory schema_version=2
2026-10-10T08:01:50.2553994Z time=2026-10-10T07:54:02.011Z level=INFO msg="startup WAL checkpoint (TRUNCATE) done" component=memory wal_pages_before=0 pages_moved=0
2026-10-10T08:01:50.2554887Z time=2026-10-10T07:54:02.075Z level=INFO msg="startup WAL checkpoint (TRUNCATE) done" component=memory wal_pages_before=0 pages_moved=0
2026-10-10T08:01:50.2555575Z --- PASS: TestReplyListenerAllowsAnL2CardFromTheNativeSide (1.06s)
2026-10-10T08:01:50.2556090Z === RUN   TestReplyListenerRejectCarriesTheOperatorsReasonToTheModel
2026-10-10T08:01:50.2556806Z time=2026-10-10T07:54:02.972Z level=WARN msg="goroutine outside the D38 roster (leak symptom)" goroutine=mockllm-stdout-reader owner=test
2026-10-10T08:01:50.2558175Z time=2026-10-10T07:54:02.987Z level=INFO msg="wisp: persistent log sink installed" dir=C:\Users\RUNNER~1\AppData\Local\Temp\TestReplyListenerRejectCarriesTheOperatorsReasonToTheModel373103002\002\logs min_level=info early_records=0 early_dropped=0
2026-10-10T08:01:50.2559439Z 2026/10/10 07:54:02 mockllm: serving on http://127.0.0.1:49333 (golden dir D:\a\wisp\wisp\internal\llm\testdata\golden)
2026-10-10T08:01:50.2560735Z time=2026-10-10T07:54:03.020Z level=INFO msg="pre-migration backup written" component=memory backup=C:\Users\RUNNER~1\AppData\Local\Temp\TestReplyListenerRejectCarriesTheOperatorsReasonToTheModel373103002\002\backup\wisp.db.bak-0-1 from=0 to=1
2026-10-10T08:01:50.2562115Z time=2026-10-10T07:54:03.033Z level=INFO msg="schema migration step applied" component=memory from=0 to=1 started_at=2026-10-10T07:54:03Z duration_ms=12
2026-10-10T08:01:50.2563513Z time=2026-10-10T07:54:03.062Z level=INFO msg="pre-migration backup written" component=memory backup=C:\Users\RUNNER~1\AppData\Local\Temp\TestReplyListenerRejectCarriesTheOperatorsReasonToTheModel373103002\002\backup\wisp.db.bak-1-2 from=1 to=2
2026-10-10T08:01:50.2564881Z time=2026-10-10T07:54:03.072Z level=INFO msg="schema migration step applied" component=memory from=1 to=2 started_at=2026-10-10T07:54:03Z duration_ms=9
2026-10-10T08:01:50.2565715Z time=2026-10-10T07:54:03.093Z level=INFO msg="schema migration complete" component=memory schema_version=2
2026-10-10T08:01:50.2566502Z time=2026-10-10T07:54:03.095Z level=INFO msg="startup WAL checkpoint (TRUNCATE) done" component=memory wal_pages_before=0 pages_moved=0
2026-10-10T08:01:50.2567613Z time=2026-10-10T07:54:03.144Z level=INFO msg="startup WAL checkpoint (TRUNCATE) done" component=memory wal_pages_before=0 pages_moved=0
2026-10-10T08:01:50.2568698Z --- PASS: TestReplyListenerRejectCarriesTheOperatorsReasonToTheModel (1.07s)
2026-10-10T08:01:50.2569257Z === RUN   TestPanelRouteRefusesAnAllowBurnsTheGrantAndCanStillReject
2026-10-10T08:01:50.2569988Z time=2026-10-10T07:54:04.010Z level=WARN msg="goroutine outside the D38 roster (leak symptom)" goroutine=mockllm-stdout-reader owner=test
2026-10-10T08:01:50.2571363Z time=2026-10-10T07:54:04.026Z level=INFO msg="wisp: persistent log sink installed" dir=C:\Users\RUNNER~1\AppData\Local\Temp\TestPanelRouteRefusesAnAllowBurnsTheGrantAndCanStillReject3860842039\002\logs min_level=info early_records=0 early_dropped=0
2026-10-10T08:01:50.2572617Z 2026/10/10 07:54:04 mockllm: serving on http://127.0.0.1:49335 (golden dir D:\a\wisp\wisp\internal\llm\testdata\golden)
2026-10-10T08:01:50.2573894Z time=2026-10-10T07:54:04.058Z level=INFO msg="pre-migration backup written" component=memory backup=C:\Users\RUNNER~1\AppData\Local\Temp\TestPanelRouteRefusesAnAllowBurnsTheGrantAndCanStillReject3860842039\002\backup\wisp.db.bak-0-1 from=0 to=1
2026-10-10T08:01:50.2575262Z time=2026-10-10T07:54:04.074Z level=INFO msg="schema migration step applied" component=memory from=0 to=1 started_at=2026-10-10T07:54:04Z duration_ms=13
2026-10-10T08:01:50.2576784Z time=2026-10-10T07:54:04.096Z level=INFO msg="pre-migration backup written" component=memory backup=C:\Users\RUNNER~1\AppData\Local\Temp\TestPanelRouteRefusesAnAllowBurnsTheGrantAndCanStillReject3860842039\002\backup\wisp.db.bak-1-2 from=1 to=2
2026-10-10T08:01:50.2578243Z time=2026-10-10T07:54:04.107Z level=INFO msg="schema migration step applied" component=memory from=1 to=2 started_at=2026-10-10T07:54:04Z duration_ms=11
2026-10-10T08:01:50.2579065Z time=2026-10-10T07:54:04.125Z level=INFO msg="schema migration complete" component=memory schema_version=2
2026-10-10T08:01:50.2579845Z time=2026-10-10T07:54:04.127Z level=INFO msg="startup WAL checkpoint (TRUNCATE) done" component=memory wal_pages_before=0 pages_moved=0
2026-10-10T08:01:50.2580734Z time=2026-10-10T07:54:04.237Z level=INFO msg="startup WAL checkpoint (TRUNCATE) done" component=memory wal_pages_before=0 pages_moved=0
2026-10-10T08:01:50.2581468Z --- PASS: TestPanelRouteRefusesAnAllowBurnsTheGrantAndCanStillReject (1.09s)
2026-10-10T08:01:50.2581986Z === RUN   TestUnansweredL2CardTimesOutIntoRejectNeverExecution
2026-10-10T08:01:50.2583235Z time=2026-10-10T07:54:05.098Z level=WARN msg="goroutine outside the D38 roster (leak symptom)" goroutine=mockllm-stdout-reader owner=test
2026-10-10T08:01:50.2584574Z time=2026-10-10T07:54:05.113Z level=INFO msg="wisp: persistent log sink installed" dir=C:\Users\RUNNER~1\AppData\Local\Temp\TestUnansweredL2CardTimesOutIntoRejectNeverExecution123158341\002\logs min_level=info early_records=0 early_dropped=0
2026-10-10T08:01:50.2585797Z 2026/10/10 07:54:05 mockllm: serving on http://127.0.0.1:49337 (golden dir D:\a\wisp\wisp\internal\llm\testdata\golden)
2026-10-10T08:01:50.2587879Z time=2026-10-10T07:54:05.147Z level=INFO msg="pre-migration backup written" component=memory backup=C:\Users\RUNNER~1\AppData\Local\Temp\TestUnansweredL2CardTimesOutIntoRejectNeverExecution123158341\002\backup\wisp.db.bak-0-1 from=0 to=1
2026-10-10T08:01:50.2589945Z time=2026-10-10T07:54:05.157Z level=INFO msg="schema migration step applied" component=memory from=0 to=1 started_at=2026-10-10T07:54:05Z duration_ms=10
2026-10-10T08:01:50.2591330Z time=2026-10-10T07:54:05.180Z level=INFO msg="pre-migration backup written" component=memory backup=C:\Users\RUNNER~1\AppData\Local\Temp\TestUnansweredL2CardTimesOutIntoRejectNeverExecution123158341\002\backup\wisp.db.bak-1-2 from=1 to=2
2026-10-10T08:01:50.2592973Z time=2026-10-10T07:54:05.192Z level=INFO msg="schema migration step applied" component=memory from=1 to=2 started_at=2026-10-10T07:54:05Z duration_ms=11
2026-10-10T08:01:50.2594467Z time=2026-10-10T07:54:05.213Z level=INFO msg="schema migration complete" component=memory schema_version=2
2026-10-10T08:01:50.2595762Z time=2026-10-10T07:54:05.215Z level=INFO msg="startup WAL checkpoint (TRUNCATE) done" component=memory wal_pages_before=0 pages_moved=0
2026-10-10T08:01:50.2597187Z time=2026-10-10T07:54:36.266Z level=INFO msg="startup WAL checkpoint (TRUNCATE) done" component=memory wal_pages_before=0 pages_moved=0
2026-10-10T08:01:50.2597973Z --- PASS: TestUnansweredL2CardTimesOutIntoRejectNeverExecution (32.03s)
2026-10-10T08:01:50.2598549Z === RUN   TestL1VetoNeedsAChannelTheHostReallyWired
2026-10-10T08:01:50.2599184Z === RUN   TestL1VetoNeedsAChannelTheHostReallyWired/console_posture:_veto_refused,_window_still_executes
2026-10-10T08:01:50.2600107Z time=2026-10-10T07:54:37.167Z level=WARN msg="goroutine outside the D38 roster (leak symptom)" goroutine=mockllm-stdout-reader owner=test
2026-10-10T08:01:50.2601518Z time=2026-10-10T07:54:37.182Z level=INFO msg="wisp: persistent log sink installed" dir=C:\Users\RUNNER~1\AppData\Local\Temp\TestL1VetoNeedsAChannelTheHostReallyWiredconsole_posture_veto_3754775066\002\logs min_level=info early_records=0 early_dropped=0
2026-10-10T08:01:50.2602859Z 2026/10/10 07:54:37 mockllm: serving on http://127.0.0.1:49354 (golden dir D:\a\wisp\wisp\internal\llm\testdata\golden)
2026-10-10T08:01:50.2604192Z time=2026-10-10T07:54:37.214Z level=INFO msg="pre-migration backup written" component=memory backup=C:\Users\RUNNER~1\AppData\Local\Temp\TestL1VetoNeedsAChannelTheHostReallyWiredconsole_posture_veto_3754775066\002\backup\wisp.db.bak-0-1 from=0 to=1
2026-10-10T08:01:50.2606212Z time=2026-10-10T07:54:37.225Z level=INFO msg="schema migration step applied" component=memory from=0 to=1 started_at=2026-10-10T07:54:37Z duration_ms=11
2026-10-10T08:01:50.2607908Z time=2026-10-10T07:54:37.268Z level=INFO msg="pre-migration backup written" component=memory backup=C:\Users\RUNNER~1\AppData\Local\Temp\TestL1VetoNeedsAChannelTheHostReallyWiredconsole_posture_veto_3754775066\002\backup\wisp.db.bak-1-2 from=1 to=2
2026-10-10T08:01:50.2609563Z time=2026-10-10T07:54:37.277Z level=INFO msg="schema migration step applied" component=memory from=1 to=2 started_at=2026-10-10T07:54:37Z duration_ms=8
2026-10-10T08:01:50.2610461Z time=2026-10-10T07:54:37.302Z level=INFO msg="schema migration complete" component=memory schema_version=2
2026-10-10T08:01:50.2611338Z time=2026-10-10T07:54:37.304Z level=INFO msg="startup WAL checkpoint (TRUNCATE) done" component=memory wal_pages_before=0 pages_moved=0
2026-10-10T08:01:50.2612208Z === RUN   TestL1VetoNeedsAChannelTheHostReallyWired/host_declares_and_loads_esc,_veto_lands
2026-10-10T08:01:50.2613073Z time=2026-10-10T07:54:40.254Z level=WARN msg="goroutine outside the D38 roster (leak symptom)" goroutine=mockllm-stdout-reader owner=test
2026-10-10T08:01:50.2614511Z time=2026-10-10T07:54:40.274Z level=INFO msg="wisp: persistent log sink installed" dir=C:\Users\RUNNER~1\AppData\Local\Temp\TestL1VetoNeedsAChannelTheHostReallyWiredhost_declares_and_load2299219263\002\logs min_level=info early_records=0 early_dropped=0
2026-10-10T08:01:50.2615844Z 2026/10/10 07:54:40 mockllm: serving on http://127.0.0.1:49356 (golden dir D:\a\wisp\wisp\internal\llm\testdata\golden)
2026-10-10T08:01:50.2617485Z time=2026-10-10T07:54:40.308Z level=INFO msg="pre-migration backup written" component=memory backup=C:\Users\RUNNER~1\AppData\Local\Temp\TestL1VetoNeedsAChannelTheHostReallyWiredhost_declares_and_load2299219263\002\backup\wisp.db.bak-0-1 from=0 to=1
2026-10-10T08:01:50.2619000Z time=2026-10-10T07:54:40.320Z level=INFO msg="schema migration step applied" component=memory from=0 to=1 started_at=2026-10-10T07:54:40Z duration_ms=11
2026-10-10T08:01:50.2620473Z time=2026-10-10T07:54:40.346Z level=INFO msg="pre-migration backup written" component=memory backup=C:\Users\RUNNER~1\AppData\Local\Temp\TestL1VetoNeedsAChannelTheHostReallyWiredhost_declares_and_load2299219263\002\backup\wisp.db.bak-1-2 from=1 to=2
2026-10-10T08:01:50.2621885Z time=2026-10-10T07:54:40.358Z level=INFO msg="schema migration step applied" component=memory from=1 to=2 started_at=2026-10-10T07:54:40Z duration_ms=11
2026-10-10T08:01:50.2622794Z time=2026-10-10T07:54:40.379Z level=INFO msg="schema migration complete" component=memory schema_version=2
2026-10-10T08:01:50.2623641Z time=2026-10-10T07:54:40.381Z level=INFO msg="startup WAL checkpoint (TRUNCATE) done" component=memory wal_pages_before=0 pages_moved=0
2026-10-10T08:01:50.2624602Z time=2026-10-10T07:54:40.440Z level=INFO msg="startup WAL checkpoint (TRUNCATE) done" component=memory wal_pages_before=0 pages_moved=0
2026-10-10T08:01:50.2625320Z --- PASS: TestL1VetoNeedsAChannelTheHostReallyWired (4.17s)
2026-10-10T08:01:50.2626132Z     --- PASS: TestL1VetoNeedsAChannelTheHostReallyWired/console_posture:_veto_refused,_window_still_executes (3.09s)
2026-10-10T08:01:50.2627739Z     --- PASS: TestL1VetoNeedsAChannelTheHostReallyWired/host_declares_and_loads_esc,_veto_lands (1.09s)
2026-10-10T08:01:50.2628879Z === RUN   TestNativeHostSeamAnswersAnL2CardWithoutAnyConsole
2026-10-10T08:01:50.2630536Z time=2026-10-10T07:54:41.325Z level=WARN msg="goroutine outside the D38 roster (leak symptom)" goroutine=mockllm-stdout-reader owner=test
2026-10-10T08:01:50.2633215Z time=2026-10-10T07:54:41.341Z level=INFO msg="wisp: persistent log sink installed" dir=C:\Users\RUNNER~1\AppData\Local\Temp\TestNativeHostSeamAnswersAnL2CardWithoutAnyConsole454822777\002\logs min_level=info early_records=0 early_dropped=0
2026-10-10T08:01:50.2636064Z 2026/10/10 07:54:41 mockllm: serving on http://127.0.0.1:49363 (golden dir D:\a\wisp\wisp\internal\llm\testdata\golden)
2026-10-10T08:01:50.2637424Z time=2026-10-10T07:54:41.375Z level=INFO msg="pre-migration backup written" component=memory backup=C:\Users\RUNNER~1\AppData\Local\Temp\TestNativeHostSeamAnswersAnL2CardWithoutAnyConsole454822777\002\backup\wisp.db.bak-0-1 from=0 to=1
2026-10-10T08:01:50.2638876Z time=2026-10-10T07:54:41.384Z level=INFO msg="schema migration step applied" component=memory from=0 to=1 started_at=2026-10-10T07:54:41Z duration_ms=9
2026-10-10T08:01:50.2640344Z time=2026-10-10T07:54:41.412Z level=INFO msg="pre-migration backup written" component=memory backup=C:\Users\RUNNER~1\AppData\Local\Temp\TestNativeHostSeamAnswersAnL2CardWithoutAnyConsole454822777\002\backup\wisp.db.bak-1-2 from=1 to=2
2026-10-10T08:01:50.2641787Z time=2026-10-10T07:54:41.427Z level=INFO msg="schema migration step applied" component=memory from=1 to=2 started_at=2026-10-10T07:54:41Z duration_ms=14
2026-10-10T08:01:50.2642700Z time=2026-10-10T07:54:41.447Z level=INFO msg="schema migration complete" component=memory schema_version=2
2026-10-10T08:01:50.2643587Z time=2026-10-10T07:54:41.448Z level=INFO msg="startup WAL checkpoint (TRUNCATE) done" component=memory wal_pages_before=0 pages_moved=0
2026-10-10T08:01:50.2644355Z --- PASS: TestNativeHostSeamAnswersAnL2CardWithoutAnyConsole (1.05s)
2026-10-10T08:01:50.2644912Z === RUN   TestNativeHostSeamRefusesAPanelSourcedAllow
2026-10-10T08:01:50.2645629Z time=2026-10-10T07:54:42.339Z level=WARN msg="goroutine outside the D38 roster (leak symptom)" goroutine=mockllm-stdout-reader owner=test
2026-10-10T08:01:50.2646981Z time=2026-10-10T07:54:42.354Z level=INFO msg="wisp: persistent log sink installed" dir=C:\Users\RUNNER~1\AppData\Local\Temp\TestNativeHostSeamRefusesAPanelSourcedAllow3977370287\002\logs min_level=info early_records=0 early_dropped=0
2026-10-10T08:01:50.2648549Z 2026/10/10 07:54:42 mockllm: serving on http://127.0.0.1:49365 (golden dir D:\a\wisp\wisp\internal\llm\testdata\golden)
2026-10-10T08:01:50.2650019Z time=2026-10-10T07:54:42.385Z level=INFO msg="pre-migration backup written" component=memory backup=C:\Users\RUNNER~1\AppData\Local\Temp\TestNativeHostSeamRefusesAPanelSourcedAllow3977370287\002\backup\wisp.db.bak-0-1 from=0 to=1
2026-10-10T08:01:50.2651428Z time=2026-10-10T07:54:42.396Z level=INFO msg="schema migration step applied" component=memory from=0 to=1 started_at=2026-10-10T07:54:42Z duration_ms=10
2026-10-10T08:01:50.2652807Z time=2026-10-10T07:54:42.420Z level=INFO msg="pre-migration backup written" component=memory backup=C:\Users\RUNNER~1\AppData\Local\Temp\TestNativeHostSeamRefusesAPanelSourcedAllow3977370287\002\backup\wisp.db.bak-1-2 from=1 to=2
2026-10-10T08:01:50.2654194Z time=2026-10-10T07:54:42.433Z level=INFO msg="schema migration step applied" component=memory from=1 to=2 started_at=2026-10-10T07:54:42Z duration_ms=12
2026-10-10T08:01:50.2655084Z time=2026-10-10T07:54:42.448Z level=INFO msg="schema migration complete" component=memory schema_version=2
2026-10-10T08:01:50.2655990Z time=2026-10-10T07:54:42.450Z level=INFO msg="startup WAL checkpoint (TRUNCATE) done" component=memory wal_pages_before=0 pages_moved=0
2026-10-10T08:01:50.2656731Z --- PASS: TestNativeHostSeamRefusesAPanelSourcedAllow (0.99s)
2026-10-10T08:01:50.2657264Z === RUN   TestTicket255SplitOnlyClaimsSectionsWithALiveReader
2026-10-10T08:01:50.2657797Z --- PASS: TestTicket255SplitOnlyClaimsSectionsWithALiveReader (0.00s)
2026-10-10T08:01:50.2658307Z === RUN   TestTicket255HotRowRosterCoversTheRegistry
2026-10-10T08:01:50.2658802Z --- PASS: TestTicket255HotRowRosterCoversTheRegistry (0.00s)
2026-10-10T08:01:50.2659323Z === RUN   TestTicket255RosterEvidenceLinesStillSayWhatTheyClaim
2026-10-10T08:01:50.2659916Z --- PASS: TestTicket255RosterEvidenceLinesStillSayWhatTheyClaim (0.00s)
2026-10-10T08:01:50.2660455Z === RUN   TestTicket255RosterStillMatchesTheActualReadSites
2026-10-10T08:01:50.2660982Z --- PASS: TestTicket255RosterStillMatchesTheActualReadSites (0.39s)
2026-10-10T08:01:50.2661786Z === RUN   TestTicket255ReceiptOmitsPanelFromTheImmediateSentence
2026-10-10T08:01:50.2662561Z time=2026-10-10T07:54:43.747Z level=WARN msg="goroutine outside the D38 roster (leak symptom)" goroutine=mockllm-stdout-reader owner=test
2026-10-10T08:01:50.2664217Z time=2026-10-10T07:54:43.763Z level=INFO msg="wisp: persistent log sink installed" dir=C:\Users\RUNNER~1\AppData\Local\Temp\TestTicket255ReceiptOmitsPanelFromTheImmediateSentence359244258\002\logs min_level=info early_records=0 early_dropped=0
2026-10-10T08:01:50.2665532Z 2026/10/10 07:54:43 mockllm: serving on http://127.0.0.1:49367 (golden dir D:\a\wisp\wisp\internal\llm\testdata\golden)
2026-10-10T08:01:50.2666885Z time=2026-10-10T07:54:43.796Z level=INFO msg="pre-migration backup written" component=memory backup=C:\Users\RUNNER~1\AppData\Local\Temp\TestTicket255ReceiptOmitsPanelFromTheImmediateSentence359244258\002\backup\wisp.db.bak-0-1 from=0 to=1
2026-10-10T08:01:50.2668309Z time=2026-10-10T07:54:43.807Z level=INFO msg="schema migration step applied" component=memory from=0 to=1 started_at=2026-10-10T07:54:43Z duration_ms=11
2026-10-10T08:01:50.2670137Z time=2026-10-10T07:54:43.834Z level=INFO msg="pre-migration backup written" component=memory backup=C:\Users\RUNNER~1\AppData\Local\Temp\TestTicket255ReceiptOmitsPanelFromTheImmediateSentence359244258\002\backup\wisp.db.bak-1-2 from=1 to=2
2026-10-10T08:01:50.2671548Z time=2026-10-10T07:54:43.843Z level=INFO msg="schema migration step applied" component=memory from=1 to=2 started_at=2026-10-10T07:54:43Z duration_ms=8
2026-10-10T08:01:50.2672469Z time=2026-10-10T07:54:43.860Z level=INFO msg="schema migration complete" component=memory schema_version=2
2026-10-10T08:01:50.2674035Z time=2026-10-10T07:54:43.861Z level=INFO msg="startup WAL checkpoint (TRUNCATE) done" component=memory wal_pages_before=0 pages_moved=0
2026-10-10T08:01:50.2675523Z --- PASS: TestTicket255ReceiptOmitsPanelFromTheImmediateSentence (2.01s)
2026-10-10T08:01:50.2676570Z === RUN   TestTicket255ReceiptOmitsASectionWithNoReaderAnywhere
2026-10-10T08:01:50.2677982Z time=2026-10-10T07:54:45.769Z level=WARN msg="goroutine outside the D38 roster (leak symptom)" goroutine=mockllm-stdout-reader owner=test
2026-10-10T08:01:50.2680682Z time=2026-10-10T07:54:45.783Z level=INFO msg="wisp: persistent log sink installed" dir=C:\Users\RUNNER~1\AppData\Local\Temp\TestTicket255ReceiptOmitsASectionWithNoReaderAnywhere4288136440\002\logs min_level=info early_records=0 early_dropped=0
2026-10-10T08:01:50.2683066Z 2026/10/10 07:54:45 mockllm: serving on http://127.0.0.1:49369 (golden dir D:\a\wisp\wisp\internal\llm\testdata\golden)
2026-10-10T08:01:50.2685303Z time=2026-10-10T07:54:45.819Z level=INFO msg="pre-migration backup written" component=memory backup=C:\Users\RUNNER~1\AppData\Local\Temp\TestTicket255ReceiptOmitsASectionWithNoReaderAnywhere4288136440\002\backup\wisp.db.bak-0-1 from=0 to=1
2026-10-10T08:01:50.2686757Z time=2026-10-10T07:54:45.829Z level=INFO msg="schema migration step applied" component=memory from=0 to=1 started_at=2026-10-10T07:54:45Z duration_ms=9
2026-10-10T08:01:50.2688243Z time=2026-10-10T07:54:45.853Z level=INFO msg="pre-migration backup written" component=memory backup=C:\Users\RUNNER~1\AppData\Local\Temp\TestTicket255ReceiptOmitsASectionWithNoReaderAnywhere4288136440\002\backup\wisp.db.bak-1-2 from=1 to=2
2026-10-10T08:01:50.2690147Z time=2026-10-10T07:54:45.864Z level=INFO msg="schema migration step applied" component=memory from=1 to=2 started_at=2026-10-10T07:54:45Z duration_ms=11
2026-10-10T08:01:50.2691070Z time=2026-10-10T07:54:45.879Z level=INFO msg="schema migration complete" component=memory schema_version=2
2026-10-10T08:01:50.2691922Z time=2026-10-10T07:54:45.880Z level=INFO msg="startup WAL checkpoint (TRUNCATE) done" component=memory wal_pages_before=0 pages_moved=0
2026-10-10T08:01:50.2692730Z --- PASS: TestTicket255ReceiptOmitsASectionWithNoReaderAnywhere (2.04s)
2026-10-10T08:01:50.2693282Z === RUN   TestTicket255ReceiptStillNamesTheLiveReadSection
2026-10-10T08:01:50.2694294Z time=2026-10-10T07:54:47.790Z level=WARN msg="goroutine outside the D38 roster (leak symptom)" goroutine=mockllm-stdout-reader owner=test
2026-10-10T08:01:50.2696710Z time=2026-10-10T07:54:47.808Z level=INFO msg="wisp: persistent log sink installed" dir=C:\Users\RUNNER~1\AppData\Local\Temp\TestTicket255ReceiptStillNamesTheLiveReadSection2941785014\002\logs min_level=info early_records=0 early_dropped=0
2026-10-10T08:01:50.2699234Z 2026/10/10 07:54:47 mockllm: serving on http://127.0.0.1:49371 (golden dir D:\a\wisp\wisp\internal\llm\testdata\golden)
2026-10-10T08:01:50.2701358Z time=2026-10-10T07:54:47.843Z level=INFO msg="pre-migration backup written" component=memory backup=C:\Users\RUNNER~1\AppData\Local\Temp\TestTicket255ReceiptStillNamesTheLiveReadSection2941785014\002\backup\wisp.db.bak-0-1 from=0 to=1
2026-10-10T08:01:50.2702803Z time=2026-10-10T07:54:47.854Z level=INFO msg="schema migration step applied" component=memory from=0 to=1 started_at=2026-10-10T07:54:47Z duration_ms=11
2026-10-10T08:01:50.2704256Z time=2026-10-10T07:54:47.876Z level=INFO msg="pre-migration backup written" component=memory backup=C:\Users\RUNNER~1\AppData\Local\Temp\TestTicket255ReceiptStillNamesTheLiveReadSection2941785014\002\backup\wisp.db.bak-1-2 from=1 to=2
2026-10-10T08:01:50.2707302Z time=2026-10-10T07:54:47.885Z level=INFO msg="schema migration step applied" component=memory from=1 to=2 started_at=2026-10-10T07:54:47Z duration_ms=8
2026-10-10T08:01:50.2708386Z time=2026-10-10T07:54:47.899Z level=INFO msg="schema migration complete" component=memory schema_version=2
2026-10-10T08:01:50.2709682Z time=2026-10-10T07:54:47.900Z level=INFO msg="startup WAL checkpoint (TRUNCATE) done" component=memory wal_pages_before=0 pages_moved=0
2026-10-10T08:01:50.2710486Z --- PASS: TestTicket255ReceiptStillNamesTheLiveReadSection (2.02s)
2026-10-10T08:01:50.2711023Z === RUN   TestTicket255ReceiptSentenceAssemblyIsFiltered
2026-10-10T08:01:50.2711789Z time=2026-10-10T07:54:49.796Z level=WARN msg="goroutine outside the D38 roster (leak symptom)" goroutine=mockllm-stdout-reader owner=test
2026-10-10T08:01:50.2713196Z time=2026-10-10T07:54:49.813Z level=INFO msg="wisp: persistent log sink installed" dir=C:\Users\RUNNER~1\AppData\Local\Temp\TestTicket255ReceiptSentenceAssemblyIsFiltered3630974764\002\logs min_level=info early_records=0 early_dropped=0
2026-10-10T08:01:50.2714511Z 2026/10/10 07:54:49 mockllm: serving on http://127.0.0.1:49373 (golden dir D:\a\wisp\wisp\internal\llm\testdata\golden)
2026-10-10T08:01:50.2715799Z time=2026-10-10T07:54:49.848Z level=INFO msg="pre-migration backup written" component=memory backup=C:\Users\RUNNER~1\AppData\Local\Temp\TestTicket255ReceiptSentenceAssemblyIsFiltered3630974764\002\backup\wisp.db.bak-0-1 from=0 to=1
2026-10-10T08:01:50.2717495Z time=2026-10-10T07:54:49.859Z level=INFO msg="schema migration step applied" component=memory from=0 to=1 started_at=2026-10-10T07:54:49Z duration_ms=10
2026-10-10T08:01:50.2719087Z time=2026-10-10T07:54:49.884Z level=INFO msg="pre-migration backup written" component=memory backup=C:\Users\RUNNER~1\AppData\Local\Temp\TestTicket255ReceiptSentenceAssemblyIsFiltered3630974764\002\backup\wisp.db.bak-1-2 from=1 to=2
2026-10-10T08:01:50.2720789Z time=2026-10-10T07:54:49.895Z level=INFO msg="schema migration step applied" component=memory from=1 to=2 started_at=2026-10-10T07:54:49Z duration_ms=11
2026-10-10T08:01:50.2721683Z time=2026-10-10T07:54:49.945Z level=INFO msg="schema migration complete" component=memory schema_version=2
2026-10-10T08:01:50.2722535Z time=2026-10-10T07:54:49.947Z level=INFO msg="startup WAL checkpoint (TRUNCATE) done" component=memory wal_pages_before=0 pages_moved=0
2026-10-10T08:01:50.2723287Z     config_receipt_255_test.go:597: SENTENCES
2026-10-10T08:01:50.2724310Z           IMMEDIATE "wisp run: 配置热加载：这些段已立即生效（D36 立即档）：[llm]"
2026-10-10T08:01:50.2729380Z           HONEST    "wisp run: 配置热加载：这些段的值已换进本进程内存，但本宿主没有会按新值做事的读者，本次运行不会因此改变行为（票 255 AC#1：这一半不许说成「已立即生效」；逐段的读者判定见 HOT-RELOAD-READER 行）：[ball] [session] [audio] [agent] [privacy] [memory] [panel] [cost] [models] [observe] [hotkey] [app] [voice]"
2026-10-10T08:01:50.2738719Z     config_receipt_255_test.go:606: LEDGER [audit] config: HOT-RELOAD-READER section=panel tier_row=[panel] claims=["panel":other-process: cmd/wisp/panel_resident_windows.go:207 [cfg.Panel.Width] - the resident panel host's assembly root re-reads [panel] at every window creation and the window is built from that number (cmd/wisp/panel_host_windows.go:262 [Width:  uint(width)], reached from the create at :392); 面板关窗再开即跟上新值, and since 票 255-r1 a re-show of an already-created window posts this host's currently resolved pair through the library's SetSize on Dispatch - a CLIENT-area request, not the OUTER-FRAME one the create makes, so the same width is not the same on-screen pixels; nothing presses it when config.toml is saved, so the size arrives on the next show request, and this `wisp run` process builds no panel host at all]
2026-10-10T08:01:50.2746187Z     config_receipt_255_test.go:606: LEDGER [audit] config: HOT-RELOAD-READER section=llm tier_row=[llm] claims=["llm":consumed: cmd/wisp/panel_config_store.go:96 [cfg.LLM.Roles.Chat.Model] - configStore.ReadSettings calls s.mgr.Config() per call]
2026-10-10T08:01:50.2749451Z     config_receipt_255_test.go:606: LEDGER [audit] config: HOT-RELOAD-READER section=app tier_row=[app.theme] claims=["app.theme":no-reader: 扫描零命中：nothing outside internal/config reads cfg.App - manager.go's planApp compares and copies it, and no component re-skins from it]
2026-10-10T08:01:50.2764931Z     config_receipt_255_test.go:606: LEDGER [audit] config: HOT-RELOAD-READER section=voice tier_row=[voice.punctuation voice.tts.speed voice.wake_word.thresholds voice.wake_word.veto_words] claims=["voice.punctuation":no-reader: 扫描零命中：nothing outside internal/config reads this [voice] key (the section's only production reader since ticket 247 is cmd/wisp/resident_audio_windows.go:257 [c.Voice.Enabled], which decides whether the capture leg is built at all) - the punctuation switch has no consumer yet | "voice.tts.speed":no-reader: 扫描零命中：nothing outside internal/config reads this [voice] key (the section's only production reader since ticket 247 is cmd/wisp/resident_audio_windows.go:257 [c.Voice.Enabled], which decides whether the capture leg is built at all) - the TTS knobs are not threaded to the voice path yet | "voice.wake_word.thresholds":no-reader: 扫描零命中：nothing outside internal/config reads this [voice] key (the section's only production reader since ticket 247 is cmd/wisp/resident_audio_windows.go:257 [c.Voice.Enabled], which decides whether the capture leg is built at all) - the wake-word tunables are not consumed by the KWS path yet | "voice.wake_word.veto_words":no-reader: 扫描零命中：nothing outside internal/config reads this [voice] key (the section's only production reader since ticket 247 is cmd/wisp/resident_audio_windows.go:257 [c.Voice.Enabled], which decides whether the capture leg is built at all) - the veto list is not consumed by the KWS path yet]
2026-10-10T08:01:50.2776835Z --- PASS: TestTicket255ReceiptSentenceAssemblyIsFiltered (1.03s)
2026-10-10T08:01:50.2777681Z === RUN   TestTicket223RunArmsTheReloadTick
2026-10-10T08:01:50.2778844Z time=2026-10-10T07:54:50.849Z level=WARN msg="goroutine outside the D38 roster (leak symptom)" goroutine=mockllm-stdout-reader owner=test
2026-10-10T08:01:50.2781181Z time=2026-10-10T07:54:50.865Z level=INFO msg="wisp: persistent log sink installed" dir=C:\Users\RUNNER~1\AppData\Local\Temp\TestTicket223RunArmsTheReloadTick4038777292\002\logs min_level=info early_records=0 early_dropped=0
2026-10-10T08:01:50.2783150Z 2026/10/10 07:54:50 mockllm: serving on http://127.0.0.1:49376 (golden dir D:\a\wisp\wisp\internal\llm\testdata\golden)
2026-10-10T08:01:50.2784473Z time=2026-10-10T07:54:50.906Z level=INFO msg="pre-migration backup written" component=memory backup=C:\Users\RUNNER~1\AppData\Local\Temp\TestTicket223RunArmsTheReloadTick4038777292\002\backup\wisp.db.bak-0-1 from=0 to=1
2026-10-10T08:01:50.2786068Z time=2026-10-10T07:54:50.916Z level=INFO msg="schema migration step applied" component=memory from=0 to=1 started_at=2026-10-10T07:54:50Z duration_ms=9
2026-10-10T08:01:50.2787844Z time=2026-10-10T07:54:50.943Z level=INFO msg="pre-migration backup written" component=memory backup=C:\Users\RUNNER~1\AppData\Local\Temp\TestTicket223RunArmsTheReloadTick4038777292\002\backup\wisp.db.bak-1-2 from=1 to=2
2026-10-10T08:01:50.2789172Z time=2026-10-10T07:54:50.956Z level=INFO msg="schema migration step applied" component=memory from=1 to=2 started_at=2026-10-10T07:54:50Z duration_ms=13
2026-10-10T08:01:50.2790061Z time=2026-10-10T07:54:50.976Z level=INFO msg="schema migration complete" component=memory schema_version=2
2026-10-10T08:01:50.2790941Z time=2026-10-10T07:54:50.978Z level=INFO msg="startup WAL checkpoint (TRUNCATE) done" component=memory wal_pages_before=0 pages_moved=0
2026-10-10T08:01:50.2791638Z --- PASS: TestTicket223RunArmsTheReloadTick (2.04s)
2026-10-10T08:01:50.2792125Z === RUN   TestTicket223HandEditedFsLooseningCostsAnL2Card
2026-10-10T08:01:50.2793098Z time=2026-10-10T07:54:52.934Z level=WARN msg="goroutine outside the D38 roster (leak symptom)" goroutine=mockllm-stdout-reader owner=test
2026-10-10T08:01:50.2794519Z time=2026-10-10T07:54:52.948Z level=INFO msg="wisp: persistent log sink installed" dir=C:\Users\RUNNER~1\AppData\Local\Temp\TestTicket223HandEditedFsLooseningCostsAnL2Card3535134887\002\logs min_level=info early_records=0 early_dropped=0
2026-10-10T08:01:50.2795812Z 2026/10/10 07:54:52 mockllm: serving on http://127.0.0.1:49378 (golden dir D:\a\wisp\wisp\internal\llm\testdata\golden)
2026-10-10T08:01:50.2797133Z time=2026-10-10T07:54:53.003Z level=INFO msg="pre-migration backup written" component=memory backup=C:\Users\RUNNER~1\AppData\Local\Temp\TestTicket223HandEditedFsLooseningCostsAnL2Card3535134887\002\backup\wisp.db.bak-0-1 from=0 to=1
2026-10-10T08:01:50.2798507Z time=2026-10-10T07:54:53.013Z level=INFO msg="schema migration step applied" component=memory from=0 to=1 started_at=2026-10-10T07:54:53Z duration_ms=9
2026-10-10T08:01:50.2799914Z time=2026-10-10T07:54:53.046Z level=INFO msg="pre-migration backup written" component=memory backup=C:\Users\RUNNER~1\AppData\Local\Temp\TestTicket223HandEditedFsLooseningCostsAnL2Card3535134887\002\backup\wisp.db.bak-1-2 from=1 to=2
2026-10-10T08:01:50.2801250Z time=2026-10-10T07:54:53.057Z level=INFO msg="schema migration step applied" component=memory from=1 to=2 started_at=2026-10-10T07:54:53Z duration_ms=11
2026-10-10T08:01:50.2802092Z time=2026-10-10T07:54:53.075Z level=INFO msg="schema migration complete" component=memory schema_version=2
2026-10-10T08:01:50.2802878Z time=2026-10-10T07:54:53.077Z level=INFO msg="startup WAL checkpoint (TRUNCATE) done" component=memory wal_pages_before=0 pages_moved=0
2026-10-10T08:01:50.2803821Z time=2026-10-10T07:54:54.079Z level=WARN msg="config: locked loosening approved via L2 re-confirmation (D36 rule 1)" section=fs keys=[fs.allowed_dirs]
2026-10-10T08:01:50.2804564Z --- PASS: TestTicket223HandEditedFsLooseningCostsAnL2Card (2.12s)
2026-10-10T08:01:50.2805001Z === RUN   TestTicket223RefusedLooseningKeepsOldValues
2026-10-10T08:01:50.2805660Z time=2026-10-10T07:54:55.060Z level=WARN msg="goroutine outside the D38 roster (leak symptom)" goroutine=mockllm-stdout-reader owner=test
2026-10-10T08:01:50.2806937Z time=2026-10-10T07:54:55.076Z level=INFO msg="wisp: persistent log sink installed" dir=C:\Users\RUNNER~1\AppData\Local\Temp\TestTicket223RefusedLooseningKeepsOldValues3506609159\002\logs min_level=info early_records=0 early_dropped=0
2026-10-10T08:01:50.2808495Z 2026/10/10 07:54:55 mockllm: serving on http://127.0.0.1:49380 (golden dir D:\a\wisp\wisp\internal\llm\testdata\golden)
2026-10-10T08:01:50.2809705Z time=2026-10-10T07:54:55.111Z level=INFO msg="pre-migration backup written" component=memory backup=C:\Users\RUNNER~1\AppData\Local\Temp\TestTicket223RefusedLooseningKeepsOldValues3506609159\002\backup\wisp.db.bak-0-1 from=0 to=1
2026-10-10T08:01:50.2811823Z time=2026-10-10T07:54:55.123Z level=INFO msg="schema migration step applied" component=memory from=0 to=1 started_at=2026-10-10T07:54:55Z duration_ms=11
2026-10-10T08:01:50.2813266Z time=2026-10-10T07:54:55.146Z level=INFO msg="pre-migration backup written" component=memory backup=C:\Users\RUNNER~1\AppData\Local\Temp\TestTicket223RefusedLooseningKeepsOldValues3506609159\002\backup\wisp.db.bak-1-2 from=1 to=2
2026-10-10T08:01:50.2814596Z time=2026-10-10T07:54:55.155Z level=INFO msg="schema migration step applied" component=memory from=1 to=2 started_at=2026-10-10T07:54:55Z duration_ms=8
2026-10-10T08:01:50.2815429Z time=2026-10-10T07:54:55.171Z level=INFO msg="schema migration complete" component=memory schema_version=2
2026-10-10T08:01:50.2816228Z time=2026-10-10T07:54:55.173Z level=INFO msg="startup WAL checkpoint (TRUNCATE) done" component=memory wal_pages_before=0 pages_moved=0
2026-10-10T08:01:50.2817126Z time=2026-10-10T07:54:56.174Z level=WARN msg="config: locked loosening rejected; keeping previous values" section=fs keys=[fs.allowed_dirs]
2026-10-10T08:01:50.2817826Z --- PASS: TestTicket223RefusedLooseningKeepsOldValues (5.07s)
2026-10-10T08:01:50.2818226Z === RUN   TestTicket223TighteningRaisesNoCard
2026-10-10T08:01:50.2818841Z time=2026-10-10T07:55:00.118Z level=WARN msg="goroutine outside the D38 roster (leak symptom)" goroutine=mockllm-stdout-reader owner=test
2026-10-10T08:01:50.2820091Z time=2026-10-10T07:55:00.134Z level=INFO msg="wisp: persistent log sink installed" dir=C:\Users\RUNNER~1\AppData\Local\Temp\TestTicket223TighteningRaisesNoCard2310626712\002\logs min_level=info early_records=0 early_dropped=0
2026-10-10T08:01:50.2821226Z 2026/10/10 07:55:00 mockllm: serving on http://127.0.0.1:49387 (golden dir D:\a\wisp\wisp\internal\llm\testdata\golden)
2026-10-10T08:01:50.2822381Z time=2026-10-10T07:55:00.168Z level=INFO msg="pre-migration backup written" component=memory backup=C:\Users\RUNNER~1\AppData\Local\Temp\TestTicket223TighteningRaisesNoCard2310626712\002\backup\wisp.db.bak-0-1 from=0 to=1
2026-10-10T08:01:50.2823630Z time=2026-10-10T07:55:00.177Z level=INFO msg="schema migration step applied" component=memory from=0 to=1 started_at=2026-10-10T07:55:00Z duration_ms=9
2026-10-10T08:01:50.2825004Z time=2026-10-10T07:55:00.280Z level=INFO msg="pre-migration backup written" component=memory backup=C:\Users\RUNNER~1\AppData\Local\Temp\TestTicket223TighteningRaisesNoCard2310626712\002\backup\wisp.db.bak-1-2 from=1 to=2
2026-10-10T08:01:50.2827676Z time=2026-10-10T07:55:00.291Z level=INFO msg="schema migration step applied" component=memory from=1 to=2 started_at=2026-10-10T07:55:00Z duration_ms=10
2026-10-10T08:01:50.2828594Z time=2026-10-10T07:55:00.311Z level=INFO msg="schema migration complete" component=memory schema_version=2
2026-10-10T08:01:50.2829384Z time=2026-10-10T07:55:00.313Z level=INFO msg="startup WAL checkpoint (TRUNCATE) done" component=memory wal_pages_before=0 pages_moved=0
2026-10-10T08:01:50.2830237Z time=2026-10-10T07:55:01.314Z level=INFO msg="config: locked section tightened, hot-applied" section=fs keys=[fs.allowed_dirs]
2026-10-10T08:01:50.2830851Z --- PASS: TestTicket223TighteningRaisesNoCard (2.14s)
2026-10-10T08:01:50.2831294Z === RUN   TestTicket223ModeLooseningChangesTheRunningModeAfterAllow
2026-10-10T08:01:50.2831992Z time=2026-10-10T07:55:02.259Z level=WARN msg="goroutine outside the D38 roster (leak symptom)" goroutine=mockllm-stdout-reader owner=test
2026-10-10T08:01:50.2833333Z time=2026-10-10T07:55:02.275Z level=INFO msg="wisp: persistent log sink installed" dir=C:\Users\RUNNER~1\AppData\Local\Temp\TestTicket223ModeLooseningChangesTheRunningModeAfterAllow1593161573\002\logs min_level=info early_records=0 early_dropped=0
2026-10-10T08:01:50.2834591Z 2026/10/10 07:55:02 mockllm: serving on http://127.0.0.1:49389 (golden dir D:\a\wisp\wisp\internal\llm\testdata\golden)
2026-10-10T08:01:50.2835861Z time=2026-10-10T07:55:02.307Z level=INFO msg="pre-migration backup written" component=memory backup=C:\Users\RUNNER~1\AppData\Local\Temp\TestTicket223ModeLooseningChangesTheRunningModeAfterAllow1593161573\002\backup\wisp.db.bak-0-1 from=0 to=1
2026-10-10T08:01:50.2855522Z time=2026-10-10T07:55:02.318Z level=INFO msg="schema migration step applied" component=memory from=0 to=1 started_at=2026-10-10T07:55:02Z duration_ms=11
2026-10-10T08:01:50.2857072Z time=2026-10-10T07:55:02.345Z level=INFO msg="pre-migration backup written" component=memory backup=C:\Users\RUNNER~1\AppData\Local\Temp\TestTicket223ModeLooseningChangesTheRunningModeAfterAllow1593161573\002\backup\wisp.db.bak-1-2 from=1 to=2
2026-10-10T08:01:50.2858490Z time=2026-10-10T07:55:02.354Z level=INFO msg="schema migration step applied" component=memory from=1 to=2 started_at=2026-10-10T07:55:02Z duration_ms=9
2026-10-10T08:01:50.2859323Z time=2026-10-10T07:55:02.378Z level=INFO msg="schema migration complete" component=memory schema_version=2
2026-10-10T08:01:50.2860106Z time=2026-10-10T07:55:02.380Z level=INFO msg="startup WAL checkpoint (TRUNCATE) done" component=memory wal_pages_before=0 pages_moved=0
2026-10-10T08:01:50.2861075Z time=2026-10-10T07:55:03.382Z level=WARN msg="config: locked loosening approved via L2 re-confirmation (D36 rule 1)" section=risk keys=[risk.permission_mode]
2026-10-10T08:01:50.2861876Z --- PASS: TestTicket223ModeLooseningChangesTheRunningModeAfterAllow (2.08s)
2026-10-10T08:01:50.2862369Z === RUN   TestTicket223RestartTierSaysItWillNotApply
2026-10-10T08:01:50.2863015Z time=2026-10-10T07:55:04.307Z level=WARN msg="goroutine outside the D38 roster (leak symptom)" goroutine=mockllm-stdout-reader owner=test
2026-10-10T08:01:50.2864271Z time=2026-10-10T07:55:04.323Z level=INFO msg="wisp: persistent log sink installed" dir=C:\Users\RUNNER~1\AppData\Local\Temp\TestTicket223RestartTierSaysItWillNotApply1282172359\002\logs min_level=info early_records=0 early_dropped=0
2026-10-10T08:01:50.2867082Z 2026/10/10 07:55:04 mockllm: serving on http://127.0.0.1:49391 (golden dir D:\a\wisp\wisp\internal\llm\testdata\golden)
2026-10-10T08:01:50.2869255Z time=2026-10-10T07:55:04.357Z level=INFO msg="pre-migration backup written" component=memory backup=C:\Users\RUNNER~1\AppData\Local\Temp\TestTicket223RestartTierSaysItWillNotApply1282172359\002\backup\wisp.db.bak-0-1 from=0 to=1
2026-10-10T08:01:50.2871578Z time=2026-10-10T07:55:04.367Z level=INFO msg="schema migration step applied" component=memory from=0 to=1 started_at=2026-10-10T07:55:04Z duration_ms=9
2026-10-10T08:01:50.2874231Z time=2026-10-10T07:55:04.393Z level=INFO msg="pre-migration backup written" component=memory backup=C:\Users\RUNNER~1\AppData\Local\Temp\TestTicket223RestartTierSaysItWillNotApply1282172359\002\backup\wisp.db.bak-1-2 from=1 to=2
2026-10-10T08:01:50.2877019Z time=2026-10-10T07:55:04.404Z level=INFO msg="schema migration step applied" component=memory from=1 to=2 started_at=2026-10-10T07:55:04Z duration_ms=11
2026-10-10T08:01:50.2878436Z time=2026-10-10T07:55:04.436Z level=INFO msg="schema migration complete" component=memory schema_version=2
2026-10-10T08:01:50.2879785Z time=2026-10-10T07:55:04.438Z level=INFO msg="startup WAL checkpoint (TRUNCATE) done" component=memory wal_pages_before=0 pages_moved=0
2026-10-10T08:01:50.2880940Z --- PASS: TestTicket223RestartTierSaysItWillNotApply (2.03s)
2026-10-10T08:01:50.2881600Z === RUN   TestTicket223FailureSentencesAreDistinct
2026-10-10T08:01:50.2882495Z === RUN   TestTicket223FailureSentencesAreDistinct/缺失
2026-10-10T08:01:50.2883586Z time=2026-10-10T07:55:06.352Z level=WARN msg="goroutine outside the D38 roster (leak symptom)" goroutine=mockllm-stdout-reader owner=test
2026-10-10T08:01:50.2886388Z time=2026-10-10T07:55:06.367Z level=INFO msg="wisp: persistent log sink installed" dir=C:\Users\RUNNER~1\AppData\Local\Temp\TestTicket223FailureSentencesAreDistinct缺失664048923\002\logs min_level=info early_records=0 early_dropped=0
2026-10-10T08:01:50.2888401Z 2026/10/10 07:55:06 mockllm: serving on http://127.0.0.1:49394 (golden dir D:\a\wisp\wisp\internal\llm\testdata\golden)
2026-10-10T08:01:50.2890961Z time=2026-10-10T07:55:06.398Z level=INFO msg="pre-migration backup written" component=memory backup=C:\Users\RUNNER~1\AppData\Local\Temp\TestTicket223FailureSentencesAreDistinct缺失664048923\002\backup\wisp.db.bak-0-1 from=0 to=1
2026-10-10T08:01:50.2893300Z time=2026-10-10T07:55:06.409Z level=INFO msg="schema migration step applied" component=memory from=0 to=1 started_at=2026-10-10T07:55:06Z duration_ms=10
2026-10-10T08:01:50.2895769Z time=2026-10-10T07:55:06.435Z level=INFO msg="pre-migration backup written" component=memory backup=C:\Users\RUNNER~1\AppData\Local\Temp\TestTicket223FailureSentencesAreDistinct缺失664048923\002\backup\wisp.db.bak-1-2 from=1 to=2
2026-10-10T08:01:50.2897975Z time=2026-10-10T07:55:06.447Z level=INFO msg="schema migration step applied" component=memory from=1 to=2 started_at=2026-10-10T07:55:06Z duration_ms=12
2026-10-10T08:01:50.2899418Z time=2026-10-10T07:55:06.463Z level=INFO msg="schema migration complete" component=memory schema_version=2
2026-10-10T08:01:50.2900741Z time=2026-10-10T07:55:06.465Z level=INFO msg="startup WAL checkpoint (TRUNCATE) done" component=memory wal_pages_before=0 pages_moved=0
2026-10-10T08:01:50.2901960Z === RUN   TestTicket223FailureSentencesAreDistinct/语法错
2026-10-10T08:01:50.2903061Z time=2026-10-10T07:55:08.360Z level=WARN msg="goroutine outside the D38 roster (leak symptom)" goroutine=mockllm-stdout-reader owner=test
2026-10-10T08:01:50.2905712Z time=2026-10-10T07:55:08.376Z level=INFO msg="wisp: persistent log sink installed" dir=C:\Users\RUNNER~1\AppData\Local\Temp\TestTicket223FailureSentencesAreDistinct语法错3178998179\002\logs min_level=info early_records=0 early_dropped=0
2026-10-10T08:01:50.2908117Z 2026/10/10 07:55:08 mockllm: serving on http://127.0.0.1:49396 (golden dir D:\a\wisp\wisp\internal\llm\testdata\golden)
2026-10-10T08:01:50.2912166Z time=2026-10-10T07:55:08.409Z level=INFO msg="pre-migration backup written" component=memory backup=C:\Users\RUNNER~1\AppData\Local\Temp\TestTicket223FailureSentencesAreDistinct语法错3178998179\002\backup\wisp.db.bak-0-1 from=0 to=1
2026-10-10T08:01:50.2915006Z time=2026-10-10T07:55:08.419Z level=INFO msg="schema migration step applied" component=memory from=0 to=1 started_at=2026-10-10T07:55:08Z duration_ms=9
2026-10-10T08:01:50.2917918Z time=2026-10-10T07:55:08.448Z level=INFO msg="pre-migration backup written" component=memory backup=C:\Users\RUNNER~1\AppData\Local\Temp\TestTicket223FailureSentencesAreDistinct语法错3178998179\002\backup\wisp.db.bak-1-2 from=1 to=2
2026-10-10T08:01:50.2920203Z time=2026-10-10T07:55:08.457Z level=INFO msg="schema migration step applied" component=memory from=1 to=2 started_at=2026-10-10T07:55:08Z duration_ms=9
2026-10-10T08:01:50.2921621Z time=2026-10-10T07:55:08.473Z level=INFO msg="schema migration complete" component=memory schema_version=2
2026-10-10T08:01:50.2923731Z time=2026-10-10T07:55:08.475Z level=INFO msg="startup WAL checkpoint (TRUNCATE) done" component=memory wal_pages_before=0 pages_moved=0
2026-10-10T08:01:50.2925841Z === RUN   TestTicket223FailureSentencesAreDistinct/声明了版本但坏在后面
2026-10-10T08:01:50.2928908Z time=2026-10-10T07:55:10.404Z level=WARN msg="goroutine outside the D38 roster (leak symptom)" goroutine=mockllm-stdout-reader owner=test
2026-10-10T08:01:50.2934941Z time=2026-10-10T07:55:10.419Z level=INFO msg="wisp: persistent log sink installed" dir=C:\Users\RUNNER~1\AppData\Local\Temp\TestTicket223FailureSentencesAreDistinct声明了版本但坏62831023\002\logs min_level=info early_records=0 early_dropped=0
2026-10-10T08:01:50.2937105Z 2026/10/10 07:55:10 mockllm: serving on http://127.0.0.1:49398 (golden dir D:\a\wisp\wisp\internal\llm\testdata\golden)
2026-10-10T08:01:50.2939806Z time=2026-10-10T07:55:10.451Z level=INFO msg="pre-migration backup written" component=memory backup=C:\Users\RUNNER~1\AppData\Local\Temp\TestTicket223FailureSentencesAreDistinct声明了版本但坏62831023\002\backup\wisp.db.bak-0-1 from=0 to=1
2026-10-10T08:01:50.2942919Z time=2026-10-10T07:55:10.463Z level=INFO msg="schema migration step applied" component=memory from=0 to=1 started_at=2026-10-10T07:55:10Z duration_ms=11
2026-10-10T08:01:50.2946196Z time=2026-10-10T07:55:10.492Z level=INFO msg="pre-migration backup written" component=memory backup=C:\Users\RUNNER~1\AppData\Local\Temp\TestTicket223FailureSentencesAreDistinct声明了版本但坏62831023\002\backup\wisp.db.bak-1-2 from=1 to=2
2026-10-10T08:01:50.2948684Z time=2026-10-10T07:55:10.503Z level=INFO msg="schema migration step applied" component=memory from=1 to=2 started_at=2026-10-10T07:55:10Z duration_ms=11
2026-10-10T08:01:50.2950128Z time=2026-10-10T07:55:10.524Z level=INFO msg="schema migration complete" component=memory schema_version=2
2026-10-10T08:01:50.2951508Z time=2026-10-10T07:55:10.526Z level=INFO msg="startup WAL checkpoint (TRUNCATE) done" component=memory wal_pages_before=0 pages_moved=0
2026-10-10T08:01:50.2952818Z === RUN   TestTicket223FailureSentencesAreDistinct/schema未知键
2026-10-10T08:01:50.2953970Z time=2026-10-10T07:55:12.440Z level=WARN msg="goroutine outside the D38 roster (leak symptom)" goroutine=mockllm-stdout-reader owner=test
2026-10-10T08:01:50.2956494Z time=2026-10-10T07:55:12.455Z level=INFO msg="wisp: persistent log sink installed" dir=C:\Users\RUNNER~1\AppData\Local\Temp\TestTicket223FailureSentencesAreDistinctschema未知键2837513639\002\logs min_level=info early_records=0 early_dropped=0
2026-10-10T08:01:50.2958569Z 2026/10/10 07:55:12 mockllm: serving on http://127.0.0.1:49405 (golden dir D:\a\wisp\wisp\internal\llm\testdata\golden)
2026-10-10T08:01:50.2960943Z time=2026-10-10T07:55:12.489Z level=INFO msg="pre-migration backup written" component=memory backup=C:\Users\RUNNER~1\AppData\Local\Temp\TestTicket223FailureSentencesAreDistinctschema未知键2837513639\002\backup\wisp.db.bak-0-1 from=0 to=1
2026-10-10T08:01:50.2963228Z time=2026-10-10T07:55:12.503Z level=INFO msg="schema migration step applied" component=memory from=0 to=1 started_at=2026-10-10T07:55:12Z duration_ms=13
2026-10-10T08:01:50.2967397Z time=2026-10-10T07:55:12.530Z level=INFO msg="pre-migration backup written" component=memory backup=C:\Users\RUNNER~1\AppData\Local\Temp\TestTicket223FailureSentencesAreDistinctschema未知键2837513639\002\backup\wisp.db.bak-1-2 from=1 to=2
2026-10-10T08:01:50.2969936Z time=2026-10-10T07:55:12.539Z level=INFO msg="schema migration step applied" component=memory from=1 to=2 started_at=2026-10-10T07:55:12Z duration_ms=8
2026-10-10T08:01:50.2971537Z time=2026-10-10T07:55:12.558Z level=INFO msg="schema migration complete" component=memory schema_version=2
2026-10-10T08:01:50.2973009Z time=2026-10-10T07:55:12.560Z level=INFO msg="startup WAL checkpoint (TRUNCATE) done" component=memory wal_pages_before=0 pages_moved=0
2026-10-10T08:01:50.2974169Z --- PASS: TestTicket223FailureSentencesAreDistinct (8.11s)
2026-10-10T08:01:50.2975250Z     --- PASS: TestTicket223FailureSentencesAreDistinct/缺失 (2.02s)
2026-10-10T08:01:50.2976258Z     --- PASS: TestTicket223FailureSentencesAreDistinct/语法错 (2.01s)
2026-10-10T08:01:50.2977330Z     --- PASS: TestTicket223FailureSentencesAreDistinct/声明了版本但坏在后面 (2.05s)
2026-10-10T08:01:50.2978483Z     --- PASS: TestTicket223FailureSentencesAreDistinct/schema未知键 (2.03s)
2026-10-10T08:01:50.2979338Z === RUN   TestTicket223PanelInboundSaysHotReloadIsDisabled
2026-10-10T08:01:50.2980172Z --- PASS: TestTicket223PanelInboundSaysHotReloadIsDisabled (0.01s)
2026-10-10T08:01:50.2981006Z === RUN   TestTicket223PermissionDeniedSitsInItsOwnSentence
2026-10-10T08:01:50.2982282Z time=2026-10-10T07:55:14.458Z level=WARN msg="goroutine outside the D38 roster (leak symptom)" goroutine=mockllm-stdout-reader owner=test
2026-10-10T08:01:50.2984720Z time=2026-10-10T07:55:14.474Z level=INFO msg="wisp: persistent log sink installed" dir=C:\Users\RUNNER~1\AppData\Local\Temp\TestTicket223PermissionDeniedSitsInItsOwnSentence601991213\002\logs min_level=info early_records=0 early_dropped=0
2026-10-10T08:01:50.2987148Z 2026/10/10 07:55:14 mockllm: serving on http://127.0.0.1:49407 (golden dir D:\a\wisp\wisp\internal\llm\testdata\golden)
2026-10-10T08:01:50.2988949Z time=2026-10-10T07:55:14.506Z level=INFO msg="pre-migration backup written" component=memory backup=C:\Users\RUNNER~1\AppData\Local\Temp\TestTicket223PermissionDeniedSitsInItsOwnSentence601991213\002\backup\wisp.db.bak-0-1 from=0 to=1
2026-10-10T08:01:50.2990423Z time=2026-10-10T07:55:14.515Z level=INFO msg="schema migration step applied" component=memory from=0 to=1 started_at=2026-10-10T07:55:14Z duration_ms=9
2026-10-10T08:01:50.2992414Z time=2026-10-10T07:55:14.545Z level=INFO msg="pre-migration backup written" component=memory backup=C:\Users\RUNNER~1\AppData\Local\Temp\TestTicket223PermissionDeniedSitsInItsOwnSentence601991213\002\backup\wisp.db.bak-1-2 from=1 to=2
2026-10-10T08:01:50.2993811Z time=2026-10-10T07:55:14.555Z level=INFO msg="schema migration step applied" component=memory from=1 to=2 started_at=2026-10-10T07:55:14Z duration_ms=10
2026-10-10T08:01:50.2994648Z time=2026-10-10T07:55:14.577Z level=INFO msg="schema migration complete" component=memory schema_version=2
2026-10-10T08:01:50.2995454Z time=2026-10-10T07:55:14.578Z level=INFO msg="startup WAL checkpoint (TRUNCATE) done" component=memory wal_pages_before=0 pages_moved=0
2026-10-10T08:01:50.2996463Z     config_reload_perm_223_windows_test.go:95: attempt 1: icacls denied nothing, so this case cannot show the permission sentence
2026-10-10T08:01:50.2997431Z --- FAIL: TestTicket223PermissionDeniedSitsInItsOwnSentence (1.03s)
2026-10-10T08:01:50.2997865Z === RUN   TestTicket223R2FailureSentenceRouting
2026-10-10T08:01:50.2998449Z === RUN   TestTicket223R2FailureSentenceRouting/声明当前版_注释以方括号开头_C1
2026-10-10T08:01:50.2999270Z     config_sentences_223r2_test.go:123: ROUTING "声明当前版_注释以方括号开头_C1"
2026-10-10T08:01:50.3000291Z           raw err = config: config.toml parse: toml: expected character =
2026-10-10T08:01:50.3002164Z           PRODUCTION LINE = cause=syntax detail="config.toml 读到了但解析不了：这一行不是合法 TOML 语法（不是权限、不是缺失）。本次运行继续用内存里的旧配置；修好之后要再出现一次新的 mtime/大小才会被重读"
2026-10-10T08:01:50.3003384Z === RUN   TestTicket223R2FailureSentenceRouting/声明当前版_CRLF_E1
2026-10-10T08:01:50.3004327Z     config_sentences_223r2_test.go:123: ROUTING "声明当前版_CRLF_E1"
2026-10-10T08:01:50.3005324Z           raw err = config: config.toml parse: toml: expected character =
2026-10-10T08:01:50.3008694Z           PRODUCTION LINE = cause=syntax detail="config.toml 读到了但解析不了：这一行不是合法 TOML 语法（不是权限、不是缺失）。本次运行继续用内存里的旧配置；修好之后要再出现一次新的 mtime/大小才会被重读"
2026-10-10T08:01:50.3009656Z === RUN   TestTicket223R2FailureSentenceRouting/声明当前版_无空格_G1
2026-10-10T08:01:50.3010643Z     config_sentences_223r2_test.go:123: ROUTING "声明当前版_无空格_G1"
2026-10-10T08:01:50.3011370Z           raw err = config: config.toml parse: toml: expected character =
2026-10-10T08:01:50.3013310Z           PRODUCTION LINE = cause=syntax detail="config.toml 读到了但解析不了：这一行不是合法 TOML 语法（不是权限、不是缺失）。本次运行继续用内存里的旧配置；修好之后要再出现一次新的 mtime/大小才会被重读"
2026-10-10T08:01:50.3014683Z === RUN   TestTicket223R2FailureSentenceRouting/声明当前版_缩进版本行_L1
2026-10-10T08:01:50.3015703Z     config_sentences_223r2_test.go:123: ROUTING "声明当前版_缩进版本行_L1"
2026-10-10T08:01:50.3016663Z           raw err = config: config.toml parse: toml: expected character =
2026-10-10T08:01:50.3019605Z           PRODUCTION LINE = cause=syntax detail="config.toml 读到了但解析不了：这一行不是合法 TOML 语法（不是权限、不是缺失）。本次运行继续用内存里的旧配置；修好之后要再出现一次新的 mtime/大小才会被重读"
2026-10-10T08:01:50.3020942Z === RUN   TestTicket223R2FailureSentenceRouting/声明未来版_正文语法坏_J1
2026-10-10T08:01:50.3022281Z     config_sentences_223r2_test.go:123: ROUTING "声明未来版_正文语法坏_J1"
2026-10-10T08:01:50.3023952Z           raw err = config: config.toml parse: toml: expected character =
2026-10-10T08:01:50.3026150Z           PRODUCTION LINE = cause=syntax detail="config.toml 读到了但解析不了：这一行不是合法 TOML 语法（不是权限、不是缺失）。本次运行继续用内存里的旧配置；修好之后要再出现一次新的 mtime/大小才会被重读"
2026-10-10T08:01:50.3027355Z === RUN   TestTicket223R2FailureSentenceRouting/读不出版本_A1_基线不动
2026-10-10T08:01:50.3028285Z     config_sentences_223r2_test.go:123: ROUTING "读不出版本_A1_基线不动"
2026-10-10T08:01:50.3029289Z           raw err = config: config.toml parse: toml: expected character =
2026-10-10T08:01:50.3030968Z           PRODUCTION LINE = cause=syntax detail="config.toml 读到了但解析不了：这一行不是合法 TOML 语法（不是权限、不是缺失）。本次运行继续用内存里的旧配置；修好之后要再出现一次新的 mtime/大小才会被重读"
2026-10-10T08:01:50.3032391Z === RUN   TestTicket223R2FailureSentenceRouting/声明旧版_坏表头_A2_仍归迁移
2026-10-10T08:01:50.3033438Z     config_sentences_223r2_test.go:123: ROUTING "声明旧版_坏表头_A2_仍归迁移"
2026-10-10T08:01:50.3036385Z           raw err = config: config.toml: cannot migrate from schema version 1: not valid TOML: toml: expected character ]; the file was left untouched - fix or restore it manually, it will never be silently reset
2026-10-10T08:01:50.3039272Z           PRODUCTION LINE = cause=migration detail="config.toml 声明了一个这份 Wisp 不会迁移的 schema_version（文件被原样留着，不会被重置）。本次运行继续用内存里的旧配置；升级 Wisp 或恢复备份才会读它"
2026-10-10T08:01:50.3040560Z === RUN   TestTicket223R2FailureSentenceRouting/解析得开_未知键_不抢语法错
2026-10-10T08:01:50.3041499Z     config_sentences_223r2_test.go:123: ROUTING "解析得开_未知键_不抢语法错"
2026-10-10T08:01:50.3042583Z           raw err = config: config.toml: unknown key "this_key_does_not_exist" at line 3
2026-10-10T08:01:50.3045005Z           PRODUCTION LINE = cause=unknown-key detail="config.toml 语法没问题，但里面有这份 schema 不认的键（拼错的键会被这样拒绝，而不是被忽略）。本次运行继续用内存里的旧配置"
2026-10-10T08:01:50.3046372Z === RUN   TestTicket223R2FailureSentenceRouting/声明未来版_正文解析得开_归更高版本自己那句
2026-10-10T08:01:50.3047412Z     config_sentences_223r2_test.go:123: ROUTING "声明未来版_正文解析得开_归更高版本自己那句"
2026-10-10T08:01:50.3049107Z           raw err = config: config.toml: schema_version 99 was written by a newer build (this build understands 2); upgrade Wisp or restore a backup
2026-10-10T08:01:50.3051676Z           PRODUCTION LINE = cause=newer-build detail="config.toml 是由一个更新的 Wisp 写出来的（它声明的 schema_version 比这份程序懂得的高；这一条不说语法错，也不说值不合法，因为它还没走到校验）。本次运行继续用内存里的旧配置；升级 Wisp 或恢复备份才会读它"
2026-10-10T08:01:50.3052928Z --- PASS: TestTicket223R2FailureSentenceRouting (0.58s)
2026-10-10T08:01:50.3053937Z     --- PASS: TestTicket223R2FailureSentenceRouting/声明当前版_注释以方括号开头_C1 (0.06s)
2026-10-10T08:01:50.3055014Z     --- PASS: TestTicket223R2FailureSentenceRouting/声明当前版_CRLF_E1 (0.06s)
2026-10-10T08:01:50.3056039Z     --- PASS: TestTicket223R2FailureSentenceRouting/声明当前版_无空格_G1 (0.06s)
2026-10-10T08:01:50.3057118Z     --- PASS: TestTicket223R2FailureSentenceRouting/声明当前版_缩进版本行_L1 (0.06s)
2026-10-10T08:01:50.3058179Z     --- PASS: TestTicket223R2FailureSentenceRouting/声明未来版_正文语法坏_J1 (0.06s)
2026-10-10T08:01:50.3059226Z     --- PASS: TestTicket223R2FailureSentenceRouting/读不出版本_A1_基线不动 (0.07s)
2026-10-10T08:01:50.3060302Z     --- PASS: TestTicket223R2FailureSentenceRouting/声明旧版_坏表头_A2_仍归迁移 (0.06s)
2026-10-10T08:01:50.3061365Z     --- PASS: TestTicket223R2FailureSentenceRouting/解析得开_未知键_不抢语法错 (0.06s)
2026-10-10T08:01:50.3062502Z     --- PASS: TestTicket223R2FailureSentenceRouting/声明未来版_正文解析得开_归更高版本自己那句 (0.07s)
2026-10-10T08:01:50.3063859Z === RUN   TestAC2ResolveDataDirRefusesInsteadOfFallingBackToCWD128
2026-10-10T08:01:50.3065048Z === RUN   TestAC2ResolveDataDirRefusesInsteadOfFallingBackToCWD128/dev
2026-10-10T08:01:50.3065651Z === RUN   TestAC2ResolveDataDirRefusesInsteadOfFallingBackToCWD128/prod
2026-10-10T08:01:50.3066427Z --- PASS: TestAC2ResolveDataDirRefusesInsteadOfFallingBackToCWD128 (0.00s)
2026-10-10T08:01:50.3067166Z     --- PASS: TestAC2ResolveDataDirRefusesInsteadOfFallingBackToCWD128/dev (0.00s)
2026-10-10T08:01:50.3067838Z     --- PASS: TestAC2ResolveDataDirRefusesInsteadOfFallingBackToCWD128/prod (0.00s)
2026-10-10T08:01:50.3068327Z === RUN   TestAC2TestDataDirBranchStillResolves128
2026-10-10T08:01:50.3068708Z --- PASS: TestAC2TestDataDirBranchStillResolves128 (0.00s)
2026-10-10T08:01:50.3069345Z === RUN   TestAC2RefusalMarkersAreNotAShortenableList128
2026-10-10T08:01:50.3070196Z --- PASS: TestAC2RefusalMarkersAreNotAShortenableList128 (0.00s)
2026-10-10T08:01:50.3071097Z === RUN   TestAC2EveryLegRefusesTheSameShapeAndWritesNothing128
2026-10-10T08:01:50.3072090Z === RUN   TestAC2EveryLegRefusesTheSameShapeAndWritesNothing128/runTextTask
2026-10-10T08:01:50.3073111Z === RUN   TestAC2EveryLegRefusesTheSameShapeAndWritesNothing128/cmdModels
2026-10-10T08:01:50.3074146Z === RUN   TestAC2EveryLegRefusesTheSameShapeAndWritesNothing128/cmdProviders
2026-10-10T08:01:50.3075157Z === RUN   TestAC2EveryLegRefusesTheSameShapeAndWritesNothing128/cmdDoctor
2026-10-10T08:01:50.3076196Z === RUN   TestAC2EveryLegRefusesTheSameShapeAndWritesNothing128/resolveSecretLayout
2026-10-10T08:01:50.3077271Z --- PASS: TestAC2EveryLegRefusesTheSameShapeAndWritesNothing128 (0.10s)
2026-10-10T08:01:50.3078408Z     --- PASS: TestAC2EveryLegRefusesTheSameShapeAndWritesNothing128/runTextTask (0.00s)
2026-10-10T08:01:50.3079598Z     --- PASS: TestAC2EveryLegRefusesTheSameShapeAndWritesNothing128/cmdModels (0.00s)
2026-10-10T08:01:50.3080813Z     --- PASS: TestAC2EveryLegRefusesTheSameShapeAndWritesNothing128/cmdProviders (0.00s)
2026-10-10T08:01:50.3082153Z     --- PASS: TestAC2EveryLegRefusesTheSameShapeAndWritesNothing128/cmdDoctor (0.01s)
2026-10-10T08:01:50.3083530Z     --- PASS: TestAC2EveryLegRefusesTheSameShapeAndWritesNothing128/resolveSecretLayout (0.00s)
2026-10-10T08:01:50.3084943Z === RUN   TestAC2RealProcessRefusesOnEveryLegWithoutAppData128
2026-10-10T08:01:50.3085850Z === RUN   TestAC2RealProcessRefusesOnEveryLegWithoutAppData128/run
2026-10-10T08:01:50.3088057Z     dataroot_128_windows_test.go:69: AC#2 real process, leg "run": APPDATA unset, WISP_ENV=dev, cwd=C:\Users\RUNNER~1\AppData\Local\Temp\TestAC2RealProcessRefusesOnEveryLegWithoutAppData128run2533072879\001 -> rc=2
2026-10-10T08:01:50.3090725Z         time=2026-10-10T07:55:18.339Z level=INFO msg="winsec: sealing path resolver installed" resolver=risk.c26Pipeline probes_passed=2
2026-10-10T08:01:50.3091906Z         wisp 0.0.0-dev (unknown, built unknown)
2026-10-10T08:01:50.3092763Z         WISP_ENV=dev (data dir rules: SPEC-03 §5)
2026-10-10T08:01:50.3093405Z         sherpa-onnx runtime version: 1.13.8
2026-10-10T08:01:50.3094488Z         wisp run: 本机没有可交互控制台，本轮没有人能答复卡片：L2 卡会等到超时后按拒绝处理，L1 窗口没有人能否决（要能当场答复，请在终端里跑）
2026-10-10T08:01:50.3097685Z         wisp run: 数据根无法解析：用户配置目录不可得（OS 原话：%AppData% is not defined）：数据根本应是 <用户配置目录>\wisp-dev，而 Wisp 拒绝把它回落到当前工作目录（票 128 AC#1 量到回落会搬家：日志、config.toml、DPAPI 私钥存储与 memory.db 跟着启动目录走，换目录再启动就读到空配置）。修法：Windows 把 APPDATA 设为一个可写目录，Linux/macOS 设 XDG_CONFIG_HOME 或 HOME，然后重试。
2026-10-10T08:01:50.3099857Z === RUN   TestAC2RealProcessRefusesOnEveryLegWithoutAppData128/secret-list
2026-10-10T08:01:50.3101780Z     dataroot_128_windows_test.go:69: AC#2 real process, leg "secret-list": APPDATA unset, WISP_ENV=dev, cwd=C:\Users\RUNNER~1\AppData\Local\Temp\TestAC2RealProcessRefusesOnEveryLegWithoutAppData128secret-list2296409136\001 -> rc=2
2026-10-10T08:01:50.3104061Z         time=2026-10-10T07:55:18.402Z level=INFO msg="winsec: sealing path resolver installed" resolver=risk.c26Pipeline probes_passed=2
2026-10-10T08:01:50.3107673Z         wisp secret: 数据根无法解析：用户配置目录不可得（OS 原话：%AppData% is not defined）：数据根本应是 <用户配置目录>\wisp-dev，而 Wisp 拒绝把它回落到当前工作目录（票 128 AC#1 量到回落会搬家：日志、config.toml、DPAPI 私钥存储与 memory.db 跟着启动目录走，换目录再启动就读到空配置）。修法：Windows 把 APPDATA 设为一个可写目录，Linux/macOS 设 XDG_CONFIG_HOME 或 HOME，然后重试。
2026-10-10T08:01:50.3109655Z === RUN   TestAC2RealProcessRefusesOnEveryLegWithoutAppData128/doctor
2026-10-10T08:01:50.3112017Z     dataroot_128_windows_test.go:69: AC#2 real process, leg "doctor": APPDATA unset, WISP_ENV=dev, cwd=C:\Users\RUNNER~1\AppData\Local\Temp\TestAC2RealProcessRefusesOnEveryLegWithoutAppData128doctor4126978992\001 -> rc=1
2026-10-10T08:01:50.3114723Z         time=2026-10-10T07:55:18.465Z level=INFO msg="winsec: sealing path resolver installed" resolver=risk.c26Pipeline probes_passed=2
2026-10-10T08:01:50.3115554Z         wisp doctor - build chain self-check
2026-10-10T08:01:50.3116018Z         ------------------------------------------------------------------------
2026-10-10T08:01:50.3116674Z         [INFO] wisp build                         version=0.0.0-dev commit=unknown built=unknown WISP_ENV=dev
2026-10-10T08:01:50.3117306Z         [INFO] Go runtime                         go1.27.2 (toolchain pinned by go.mod)
2026-10-10T08:01:50.3118284Z         [INFO] C29 minisign public key            untrusted comment: wisp models signing key (dev)
2026-10-10T08:01:50.3120431Z         RWSjyHlPP9lPxdEQRvWj3zFLMbc1tTEkKMwTDuVXXQDxsWRpA/m5jk9j (placeholder until C29 lands; hardcoded into buildinfo per SPEC-11 §7.3)
2026-10-10T08:01:50.3121494Z         [PASS] gcc (build-time)                   gcc (x86_64-posix-seh-rev1, Built by MinGW-Builds project) 15.2.0
2026-10-10T08:01:50.3122233Z         [FAIL] sherpa-onnx C API                  runtime 1.13.8 does not match build pin unknown
2026-10-10T08:01:50.3122950Z         [FAIL] onnxruntime.dll version            file version 1.28.2.0 does not match build pin unknown
2026-10-10T08:01:50.3123515Z         [INFO] sherpa-onnx built against onnxruntime 1.28.2
2026-10-10T08:01:50.3124592Z         [PASS] DLL colocated: sherpa-onnx-c-api.dll C:\Users\RUNNER~1\AppData\Local\Temp\TestAC2RealProcessRefusesOnEveryLegWithoutAppData1281806977244\001\sherpa-onnx-c-api.dll
2026-10-10T08:01:50.3126568Z         [PASS] DLL colocated: sherpa-onnx-cxx-api.dll C:\Users\RUNNER~1\AppData\Local\Temp\TestAC2RealProcessRefusesOnEveryLegWithoutAppData1281806977244\001\sherpa-onnx-cxx-api.dll
2026-10-10T08:01:50.3127936Z         [INFO] deps.toml cross-check              deps.toml not found near the exe (expected for installed copies; build-time pins already verified above)
2026-10-10T08:01:50.3130012Z         [FAIL] data dir resolvable (dev)          数据根无法解析：用户配置目录不可得（OS 原话：%AppData% is not defined）：数据根本应是 <用户配置目录>\wisp-dev，而 Wisp 拒绝把它回落到当前工作目录（票 128 AC#1 量到回落会搬家：日志、config.toml、DPAPI 私钥存储与 memory.db 跟着启动目录走，换目录再启动就读到空配置）。修法：Windows 把 APPDATA 设为一个可写目录，Linux/macOS 设 XDG_CONFIG_HOME 或 HOME，然后重试。
2026-10-10T08:01:50.3131595Z         ------------------------------------------------------------------------
2026-10-10T08:01:50.3132366Z         wisp doctor: FAIL
2026-10-10T08:01:50.3133021Z === RUN   TestAC2RealProcessRefusesOnEveryLegWithoutAppData128/resident
2026-10-10T08:01:50.3135593Z     dataroot_128_windows_test.go:69: AC#2 real process, leg "resident": APPDATA unset, WISP_ENV=dev, cwd=C:\Users\RUNNER~1\AppData\Local\Temp\TestAC2RealProcessRefusesOnEveryLegWithoutAppData128resident2240692358\001 -> rc=1
2026-10-10T08:01:50.3138467Z         time=2026-10-10T07:55:18.537Z level=INFO msg="winsec: sealing path resolver installed" resolver=risk.c26Pipeline probes_passed=2
2026-10-10T08:01:50.3139649Z         wisp 0.0.0-dev (unknown, built unknown)
2026-10-10T08:01:50.3140435Z         WISP_ENV=dev (data dir rules: SPEC-03 §5)
2026-10-10T08:01:50.3141047Z         sherpa-onnx runtime version: 1.13.8
2026-10-10T08:01:50.3141850Z         wisp: boot failed: proc: user config dir: %AppData% is not defined
2026-10-10T08:01:50.3142743Z --- PASS: TestAC2RealProcessRefusesOnEveryLegWithoutAppData128 (3.26s)
2026-10-10T08:01:50.3143642Z     --- PASS: TestAC2RealProcessRefusesOnEveryLegWithoutAppData128/run (0.42s)
2026-10-10T08:01:50.3144312Z     --- PASS: TestAC2RealProcessRefusesOnEveryLegWithoutAppData128/secret-list (0.06s)
2026-10-10T08:01:50.3144970Z     --- PASS: TestAC2RealProcessRefusesOnEveryLegWithoutAppData128/doctor (0.07s)
2026-10-10T08:01:50.3146018Z     --- PASS: TestAC2RealProcessRefusesOnEveryLegWithoutAppData128/resident (0.06s)
2026-10-10T08:01:50.3146597Z === RUN   TestAC3EarlyRecordLandsOnDiskBeforeTheInstallRecord
2026-10-10T08:01:50.3149270Z     early_log_nail_130_windows_test.go:189: early-record sink C:\Users\RUNNER~1\AppData\Local\Temp\TestAC3EarlyRecordLandsOnDiskBeforeTheInstallRecord955693928\002\logs: 1 file(s), 2 record(s), msgs=[winsec: sealing path resolver installed wisp: persistent log sink installed]
2026-10-10T08:01:50.3152768Z     early_log_nail_130_windows_test.go:271: EARLY RECORD ON DISK: index 0 of 2, stamp 2026-10-10T07:55:21.0493408Z, resolver="risk.c26Pipeline" probes_passed=0x9818e01a128; install at index 1 stamp 2026-10-10T07:55:21.0856415Z
2026-10-10T08:01:50.3154689Z --- PASS: TestAC3EarlyRecordLandsOnDiskBeforeTheInstallRecord (2.55s)
2026-10-10T08:01:50.3155566Z === RUN   TestAC3EarlyReplayKeepsTheSinkInsideTheDataRoot
2026-10-10T08:01:50.3158196Z     early_log_nail_130_windows_test.go:283: early-record sink C:\Users\RUNNER~1\AppData\Local\Temp\TestAC3EarlyReplayKeepsTheSinkInsideTheDataRoot1100571132\002\logs: 1 file(s), 2 record(s), msgs=[winsec: sealing path resolver installed wisp: persistent log sink installed]
2026-10-10T08:01:50.3160502Z --- PASS: TestAC3EarlyReplayKeepsTheSinkInsideTheDataRoot (2.52s)
2026-10-10T08:01:50.3161446Z === RUN   TestTicket198AC1FirstRunCreatesConfigThenLeavesItAlone
2026-10-10T08:01:50.3163568Z time=2026-10-10T07:55:23.648Z level=INFO msg="wisp: persistent log sink installed" dir=C:\Users\RUNNER~1\AppData\Local\Temp\TestTicket198AC1FirstRunCreatesConfigThenLeavesItAlone201442160\001\logs min_level=info early_records=0 early_dropped=0
2026-10-10T08:01:50.3165022Z     firstrun_198_test.go:101: stage 1 receipt (verbatim stderr):
2026-10-10T08:01:50.3168125Z         wisp run: 已在 C:\Users\RUNNER~1\AppData\Local\Temp\TestTicket198AC1FirstRunCreatesConfigThenLeavesItAlone201442160\001\config.toml 新建默认配置：全部取值来自内置默认表（schema 的 default 标签），未替你选任何模型；[llm] 的模型与 api_key_ref 仍缺，本轮仍按未配置失败退码
2026-10-10T08:01:50.3172320Z         wisp run: 缺的两样各有各的入口。key：先跑 wisp secret set <blob 名>（隐藏输入，不进 argv 也不进日志，也可以 --from-stdin 从管道喂），它把明文交给 DPAPI 存储，并回显一行 api_key_ref = "dpapi:<blob 名>"；这份文件里没有写明文 key 的字段，要补的是那个名字。不想用 DPAPI 就把 api_key_ref 写成 env:<环境变量名>，值由系统环境提供。
2026-10-10T08:01:50.3176404Z         wisp run: 模型：在同一份文件的 [llm.providers.<名>] 里补 api_key_ref、base_url 与 models.<id>（名字对上内置预设的，protocol 与 base_url 可以留空），再在 [llm] 的 text_chain 或 roles.chat 里点名 provider/model；wisp providers discover 与 probe 读这份文件去问真实端点，不替你写。注意：models.<id> 条目里要写 enabled = true——缺这枚键的条目视为关闭，点名它会在起动时被拒。
2026-10-10T08:01:50.3179565Z         wisp run: 上面那句模型只是第一样。设置页那七枚字段（服务商的 base_url、api_key_ref、凭据，模型的 context_window、price.in、price.out，还有聊天模型）今天都不建行，只改已有的行；要在这一页配上模型，得在这份文件里手加三样，缺一不可：
2026-10-10T08:01:50.3184353Z         wisp run: 第一样＝一节 [llm.providers.<名>]，就是服务商那一行（名字对上内置预设的，protocol 与 base_url 可以留空；非预设名必须自己写 protocol，否则这份文件加载不过）。第二样＝它的模型行 [llm.providers.<名>.models.<模型 id>]，里面写 enabled = true。第三样＝就地填已有的 [llm.roles.chat] 那一节，把 provider 与 model 两枚一起点上名（别再追加一节同名的，那在 TOML 里是 duplicate table，文件直接加载不过）。界面不会替你建这一行，它只会告诉你去哪一节建；三样齐了这七枚才全部写得进，只加第一样只解锁服务商那三枚。
2026-10-10T08:01:50.3185983Z         wisp run: 写不进去的时候有三种原因，各是一句不同的话，不会合成一句「配置未生效」：
2026-10-10T08:01:50.3187248Z           第 1 种拒因：文件没建——这一种刚才那一发已经替你办完，C:\Users\RUNNER~1\AppData\Local\Temp\TestTicket198AC1FirstRunCreatesConfigThenLeavesItAlone201442160\001\config.toml 现在是真的文件；首启之前没有任何旧配置可言。
2026-10-10T08:01:50.3188239Z           第 2 种拒因：行不存在——那一页改不了服务商与模型的存在性，去这份文件里手加上面那三样，加完才写得进；这一条说的不是你的值不对。
2026-10-10T08:01:50.3188911Z           第 3 种拒因：校验不过——行在，但那个值过不了这份 schema 的校验（引用形没写对前缀、点名的模型不在目录里，都算这一种）；要改的是值，文件一个字节都没动。
2026-10-10T08:01:50.3189441Z         wisp run: 改完什么时候才算用上，按进程形状分三种说法，不是一句「重启就好」：
2026-10-10T08:01:50.3190306Z           在控制台里跑 wisp run——这个进程带着每 1s 重读一次 config.toml 的看门狗，[llm] 属可热加载档，手改的值一秒内就换进这台进程的内存；但模型通路是启动时建一次的，热加载不会替它换脑，真正发请求还是按启动时那一份。
2026-10-10T08:01:50.3191027Z           没有可答卡入口的常驻形状——任务腿过不去控制台那道闸时，这个进程里可能根本没有会重读盘的东西，手改与面板写在两个方向上都只能等下一次启动。
2026-10-10T08:01:50.3191617Z           设置页那一页——它那条腿自己明说不带轮询，写入回执固定说要重启进程；页面上的读数在重启之前也不会跟着你手改的文件走。
2026-10-10T08:01:50.3192405Z         wisp run: 凭据这一格只有引用会进这份文件：改 api_key_ref 换的是名字不是密钥本身，把那份引用再解一次是新建端点时才做的事，所以换过 key 的引用同样要重启才算用上；这一页任何时候都不回显密钥的值，只说已录入还是没录入。
2026-10-10T08:01:50.3193283Z         wisp run: 文本角色未配置（Unconfigured）：config: llm: role "chat" is unset and text_chain is empty (Unconfigured)
2026-10-10T08:01:50.3194033Z     firstrun_198_test.go:102: stage 1 config.toml: 2571 bytes, first line "schema_version = 2"
2026-10-10T08:01:50.3195251Z time=2026-10-10T07:55:23.660Z level=INFO msg="wisp: persistent log sink installed" dir=C:\Users\RUNNER~1\AppData\Local\Temp\TestTicket198AC1FirstRunCreatesConfigThenLeavesItAlone201442160\001\logs min_level=info early_records=0 early_dropped=0
2026-10-10T08:01:50.3196999Z time=2026-10-10T07:55:23.667Z level=INFO msg="wisp: persistent log sink installed" dir=C:\Users\RUNNER~1\AppData\Local\Temp\TestTicket198AC1FirstRunCreatesConfigThenLeavesItAlone201442160\001\logs min_level=info early_records=0 early_dropped=0
2026-10-10T08:01:50.3198395Z --- PASS: TestTicket198AC1FirstRunCreatesConfigThenLeavesItAlone (0.04s)
2026-10-10T08:01:50.3198920Z === RUN   TestTicket198AC1DirectoryShapedConfigIsNeverOverwritten
2026-10-10T08:01:50.3200051Z time=2026-10-10T07:55:23.683Z level=INFO msg="wisp: persistent log sink installed" dir=C:\Users\RUNNER~1\AppData\Local\Temp\TestTicket198AC1DirectoryShapedConfigIsNeverOverwritten1348938800\001\logs min_level=info early_records=0 early_dropped=0
2026-10-10T08:01:50.3201198Z --- PASS: TestTicket198AC1DirectoryShapedConfigIsNeverOverwritten (0.01s)
2026-10-10T08:01:50.3201773Z === RUN   TestTicket198AC1CreatedFileHoldsEveryStaticSectionAndNoInventedTables
2026-10-10T08:01:50.3203375Z time=2026-10-10T07:55:23.694Z level=INFO msg="wisp: persistent log sink installed" dir=C:\Users\RUNNER~1\AppData\Local\Temp\TestTicket198AC1CreatedFileHoldsEveryStaticSectionAndNoInventedT3522893787\001\logs min_level=info early_records=0 early_dropped=0
2026-10-10T08:01:50.3204669Z --- PASS: TestTicket198AC1CreatedFileHoldsEveryStaticSectionAndNoInventedTables (0.01s)
2026-10-10T08:01:50.3205272Z === RUN   TestTicket198FirstRunReceiptStaysOutOfTheFourCauseSentences
2026-10-10T08:01:50.3206892Z time=2026-10-10T07:55:23.710Z level=INFO msg="wisp: persistent log sink installed" dir=C:\Users\RUNNER~1\AppData\Local\Temp\TestTicket198FirstRunReceiptStaysOutOfTheFourCauseSentences3553892486\001\logs min_level=info early_records=0 early_dropped=0
2026-10-10T08:01:50.3209411Z --- PASS: TestTicket198FirstRunReceiptStaysOutOfTheFourCauseSentences (0.01s)
2026-10-10T08:01:50.3210365Z === RUN   TestTicket198FirstRunCallerIsTheRunEntryOnly
2026-10-10T08:01:50.3211141Z --- PASS: TestTicket198FirstRunCallerIsTheRunEntryOnly (0.07s)
2026-10-10T08:01:50.3212162Z === RUN   TestTicket198R2AC2CreatedFileCarriesNothingButTheSchemaDefaultTags
2026-10-10T08:01:50.3213816Z time=2026-10-10T07:55:23.791Z level=INFO msg="wisp: persistent log sink installed" dir=C:\Users\RUNNER~1\AppData\Local\Temp\TestTicket198R2AC2CreatedFileCarriesNothingButTheSchemaDefaultTa377861094\001\logs min_level=info early_records=0 early_dropped=0
2026-10-10T08:01:50.3215097Z     firstrun_198r2_test.go:237: tag-derived default leaves: 70; file: 2571 bytes
2026-10-10T08:01:50.3215709Z --- PASS: TestTicket198R2AC2CreatedFileCarriesNothingButTheSchemaDefaultTags (0.01s)
2026-10-10T08:01:50.3216298Z === RUN   TestTicket198R2AC2ExportedDefaultTableStillRendersAsItsTags
2026-10-10T08:01:50.3216857Z --- PASS: TestTicket198R2AC2ExportedDefaultTableStillRendersAsItsTags (0.00s)
2026-10-10T08:01:50.3217403Z === RUN   TestTicket198R2AC5CreationFailureIsLoudAndLeavesNoHalfFile
2026-10-10T08:01:50.3218588Z time=2026-10-10T07:55:23.806Z level=INFO msg="wisp: persistent log sink installed" dir=C:\Users\RUNNER~1\AppData\Local\Temp\TestTicket198R2AC5CreationFailureIsLoudAndLeavesNoHalfFile3394561763\001\data\logs min_level=info early_records=0 early_dropped=0
2026-10-10T08:01:50.3220602Z --- PASS: TestTicket198R2AC5CreationFailureIsLoudAndLeavesNoHalfFile (0.01s)
2026-10-10T08:01:50.3221117Z === RUN   TestTicket198R2AC4ReceiptNamesTheRealEntryPoints
2026-10-10T08:01:50.3222208Z time=2026-10-10T07:55:23.817Z level=INFO msg="wisp: persistent log sink installed" dir=C:\Users\RUNNER~1\AppData\Local\Temp\TestTicket198R2AC4ReceiptNamesTheRealEntryPoints1677832444\001\logs min_level=info early_records=0 early_dropped=0
2026-10-10T08:01:50.3224300Z time=2026-10-10T07:55:23.903Z level=INFO msg="wisp: persistent log sink installed" dir=C:\Users\RUNNER~1\AppData\Local\Temp\TestTicket198R2AC4ReceiptNamesTheRealEntryPoints1677832444\001\logs min_level=info early_records=0 early_dropped=0
2026-10-10T08:01:50.3225401Z --- PASS: TestTicket198R2AC4ReceiptNamesTheRealEntryPoints (0.10s)
2026-10-10T08:01:50.3225869Z === RUN   TestTicket198R2J1TheAssemblyRootStillCreatesNothing
2026-10-10T08:01:50.3229019Z time=2026-10-10T07:55:23.915Z level=INFO msg="audit: perm: MODE-READ-FAILED path=\"C:\\\\Users\\\\RUNNER~1\\\\AppData\\\\Local\\\\Temp\\\\TestTicket198R2J1TheAssemblyRootStillCreatesNothing1551714471\\\\001\\\\config.toml\" err=config: config.toml read: no file at this path yet。第 1 种拒因：文件没建：这一页与这条链都不新建 config.toml。在控制台运行一次 wisp run，第一次启动会写出全默认的首份配置（它不替你选任何模型，也不替你建任何服务商行）: open C:\\Users\\RUNNER~1\\AppData\\Local\\Temp\\TestTicket198R2J1TheAssemblyRootStillCreatesNothing1551714471\\001\\config.toml: The system cannot find the file specified. mode=ask_every_step origin=startup result=fail-closed detail=\"档位读不到：本进程不缓存任何上一次的宽松值，决策链不会被装配（退出码 2）\""
2026-10-10T08:01:50.3232083Z time=2026-10-10T07:55:23.916Z level=INFO msg="wisp: persistent log sink installed" dir=C:\Users\RUNNER~1\AppData\Local\Temp\TestTicket198R2J1TheAssemblyRootStillCreatesNothing1551714471\002\logs min_level=info early_records=0 early_dropped=0
2026-10-10T08:01:50.3233198Z --- PASS: TestTicket198R2J1TheAssemblyRootStillCreatesNothing (0.02s)
2026-10-10T08:01:50.3233695Z === RUN   TestTicket257R2AC1ReceiptStatesTheNonPresetCondition
2026-10-10T08:01:50.3234835Z time=2026-10-10T07:55:23.929Z level=INFO msg="wisp: persistent log sink installed" dir=C:\Users\RUNNER~1\AppData\Local\Temp\TestTicket257R2AC1ReceiptStatesTheNonPresetCondition1031632917\001\logs min_level=info early_records=0 early_dropped=0
2026-10-10T08:01:50.3236618Z     firstrun_257_nonpreset_test.go:88: premise holds: "t257-r2-ghost-gateway" is absent from the 12 built-in presets [anthropic deepseek mimo minimax moonshot ollama openai openrouter qwen siliconflow stepfun zhipu]
2026-10-10T08:01:50.3237617Z --- PASS: TestTicket257R2AC1ReceiptStatesTheNonPresetCondition (0.01s)
2026-10-10T08:01:50.3238122Z === RUN   TestTicket257R2AC1NonPresetRowNeedsProtocolBeforeItLoads
2026-10-10T08:01:50.3239260Z time=2026-10-10T07:55:23.944Z level=INFO msg="wisp: persistent log sink installed" dir=C:\Users\RUNNER~1\AppData\Local\Temp\TestTicket257R2AC1NonPresetRowNeedsProtocolBeforeItLoads3407058\001\logs min_level=info early_records=0 early_dropped=0
2026-10-10T08:01:50.3241509Z time=2026-10-10T07:55:23.958Z level=INFO msg="config: wrote merged change into config.toml (ticket 226: only the keys listed changed value, every other key keeps the value the file already held; the file is re-laid in canonical form, so comments and hand-chosen key order are not preserved)" key=llm.providers.t257-r2-ghost-gateway.base_url wrote=[llm.providers.t257-r2-ghost-gateway.base_url]
2026-10-10T08:01:50.3244576Z time=2026-10-10T07:55:23.961Z level=INFO msg="config: wrote merged change into config.toml (ticket 226: only the keys listed changed value, every other key keeps the value the file already held; the file is re-laid in canonical form, so comments and hand-chosen key order are not preserved)" key=llm.providers.t257-r2-ghost-gateway.api_key_ref wrote=[llm.providers.t257-r2-ghost-gateway.api_key_ref]
2026-10-10T08:01:50.3246220Z --- PASS: TestTicket257R2AC1NonPresetRowNeedsProtocolBeforeItLoads (0.02s)
2026-10-10T08:01:50.3246761Z === RUN   TestTicket257R2AC1CleanMachineReceiptTeachesTheWalkableChain
2026-10-10T08:01:50.3248600Z time=2026-10-10T07:55:23.965Z level=INFO msg="wisp: persistent log sink installed" dir=C:\Users\RUNNER~1\AppData\Local\Temp\TestTicket257R2AC1CleanMachineReceiptTeachesTheWalkableChain1605148339\001\logs min_level=info early_records=0 early_dropped=0
2026-10-10T08:01:50.3250025Z     firstrun_257_test.go:216: AC#1 clean machine: 7 refused writes by reason: map[第 2 种拒因：行不存在:7]
2026-10-10T08:01:50.3250655Z --- PASS: TestTicket257R2AC1CleanMachineReceiptTeachesTheWalkableChain (0.02s)
2026-10-10T08:01:50.3251199Z === RUN   TestTicket257R2AC1ReceiptChainWalkUnlocksAllSevenFields
2026-10-10T08:01:50.3252325Z time=2026-10-10T07:55:23.982Z level=INFO msg="wisp: persistent log sink installed" dir=C:\Users\RUNNER~1\AppData\Local\Temp\TestTicket257R2AC1ReceiptChainWalkUnlocksAllSevenFields3987581956\001\logs min_level=info early_records=0 early_dropped=0
2026-10-10T08:01:50.3254486Z time=2026-10-10T07:55:23.997Z level=INFO msg="config: wrote merged change into config.toml (ticket 226: only the keys listed changed value, every other key keeps the value the file already held; the file is re-laid in canonical form, so comments and hand-chosen key order are not preserved)" key=llm.providers.deepseek.base_url wrote=[llm.providers.deepseek.base_url]
2026-10-10T08:01:50.3257000Z time=2026-10-10T07:55:24.001Z level=INFO msg="config: wrote merged change into config.toml (ticket 226: only the keys listed changed value, every other key keeps the value the file already held; the file is re-laid in canonical form, so comments and hand-chosen key order are not preserved)" key=llm.providers.deepseek.api_key_ref wrote=[llm.providers.deepseek.api_key_ref]
2026-10-10T08:01:50.3259759Z time=2026-10-10T07:55:24.003Z level=INFO msg="config: wrote merged change into config.toml (ticket 226: only the keys listed changed value, every other key keeps the value the file already held; the file is re-laid in canonical form, so comments and hand-chosen key order are not preserved)" key=llm.providers.deepseek.models.deepseek-chat.context_window wrote=[llm.providers.deepseek.models.deepseek-chat.context_window]
2026-10-10T08:01:50.3263574Z time=2026-10-10T07:55:24.007Z level=INFO msg="config: wrote merged change into config.toml (ticket 226: only the keys listed changed value, every other key keeps the value the file already held; the file is re-laid in canonical form, so comments and hand-chosen key order are not preserved)" key=llm.providers.deepseek.models.deepseek-chat.price.in wrote=[llm.providers.deepseek.models.deepseek-chat.price.in]
2026-10-10T08:01:50.3266849Z time=2026-10-10T07:55:24.009Z level=INFO msg="config: wrote merged change into config.toml (ticket 226: only the keys listed changed value, every other key keeps the value the file already held; the file is re-laid in canonical form, so comments and hand-chosen key order are not preserved)" key=llm.providers.deepseek.models.deepseek-chat.price.out wrote=[llm.providers.deepseek.models.deepseek-chat.price.out]
2026-10-10T08:01:50.3269468Z time=2026-10-10T07:55:24.013Z level=INFO msg="config: wrote merged change into config.toml (ticket 226: only the keys listed changed value, every other key keeps the value the file already held; the file is re-laid in canonical form, so comments and hand-chosen key order are not preserved)" key=llm.roles.chat.model wrote=[llm.roles.chat.model]
2026-10-10T08:01:50.3272929Z time=2026-10-10T07:55:24.016Z level=INFO msg="config: wrote merged change into config.toml (ticket 226: only the keys listed changed value, every other key keeps the value the file already held; the file is re-laid in canonical form, so comments and hand-chosen key order are not preserved)" key=llm.providers.deepseek.api_key_ref wrote=[llm.providers.deepseek.api_key_ref]
2026-10-10T08:01:50.3275870Z --- PASS: TestTicket257R2AC1ReceiptChainWalkUnlocksAllSevenFields (0.04s)
2026-10-10T08:01:50.3276866Z === RUN   TestTicket257R2AC1ReceiptOnlyFirstItemUnlocksThreeOfSeven
2026-10-10T08:01:50.3279324Z time=2026-10-10T07:55:24.019Z level=INFO msg="wisp: persistent log sink installed" dir=C:\Users\RUNNER~1\AppData\Local\Temp\TestTicket257R2AC1ReceiptOnlyFirstItemUnlocksThreeOfSeven2146127559\001\logs min_level=info early_records=0 early_dropped=0
2026-10-10T08:01:50.3284697Z time=2026-10-10T07:55:24.037Z level=INFO msg="config: wrote merged change into config.toml (ticket 226: only the keys listed changed value, every other key keeps the value the file already held; the file is re-laid in canonical form, so comments and hand-chosen key order are not preserved)" key=llm.providers.deepseek.base_url wrote=[llm.providers.deepseek.base_url]
2026-10-10T08:01:50.3289380Z time=2026-10-10T07:55:24.040Z level=INFO msg="config: wrote merged change into config.toml (ticket 226: only the keys listed changed value, every other key keeps the value the file already held; the file is re-laid in canonical form, so comments and hand-chosen key order are not preserved)" key=llm.providers.deepseek.api_key_ref wrote=[llm.providers.deepseek.api_key_ref]
2026-10-10T08:01:50.3294346Z time=2026-10-10T07:55:24.043Z level=INFO msg="config: wrote merged change into config.toml (ticket 226: only the keys listed changed value, every other key keeps the value the file already held; the file is re-laid in canonical form, so comments and hand-chosen key order are not preserved)" key=llm.providers.deepseek.api_key_ref wrote=[llm.providers.deepseek.api_key_ref]
2026-10-10T08:01:50.3297274Z --- PASS: TestTicket257R2AC1ReceiptOnlyFirstItemUnlocksThreeOfSeven (0.03s)
2026-10-10T08:01:50.3298198Z === RUN   TestTicket257R2AC2ThreeRefusalsStayThreeSentences
2026-10-10T08:01:50.3300747Z time=2026-10-10T07:55:24.047Z level=INFO msg="wisp: persistent log sink installed" dir=C:\Users\RUNNER~1\AppData\Local\Temp\TestTicket257R2AC2ThreeRefusalsStayThreeSentences1629253564\001\logs min_level=info early_records=0 early_dropped=0
2026-10-10T08:01:50.3303703Z --- PASS: TestTicket257R2AC2ThreeRefusalsStayThreeSentences (0.02s)
2026-10-10T08:01:50.3304632Z === RUN   TestTicket257R2AC2EffectTimingSaysThreeProcessShapes
2026-10-10T08:01:50.3306572Z time=2026-10-10T07:55:24.062Z level=INFO msg="wisp: persistent log sink installed" dir=C:\Users\RUNNER~1\AppData\Local\Temp\TestTicket257R2AC2EffectTimingSaysThreeProcessShapes3269541169\001\logs min_level=info early_records=0 early_dropped=0
2026-10-10T08:01:50.3309043Z --- PASS: TestTicket257R2AC2EffectTimingSaysThreeProcessShapes (0.02s)
2026-10-10T08:01:50.3309904Z === RUN   TestTicket257R2AC3CredentialSurfaceUntouched
2026-10-10T08:01:50.3311837Z time=2026-10-10T07:55:24.077Z level=INFO msg="wisp: persistent log sink installed" dir=C:\Users\RUNNER~1\AppData\Local\Temp\TestTicket257R2AC3CredentialSurfaceUntouched3648599993\001\logs min_level=info early_records=0 early_dropped=0
2026-10-10T08:01:50.3313785Z --- PASS: TestTicket257R2AC3CredentialSurfaceUntouched (0.01s)
2026-10-10T08:01:50.3314498Z === RUN   TestTicket198AC3CreatedFileLandsPrivate
2026-10-10T08:01:50.3316272Z time=2026-10-10T07:55:24.091Z level=INFO msg="wisp: persistent log sink installed" dir=C:\Users\RUNNER~1\AppData\Local\Temp\TestTicket198AC3CreatedFileLandsPrivate2948080658\001\logs min_level=info early_records=0 early_dropped=0
2026-10-10T08:01:50.3318228Z     firstrun_acl_198_windows_test.go:35: AC#3 icacls(cfgPath) verbatim:
2026-10-10T08:01:50.3319817Z         C:\Users\RUNNER~1\AppData\Local\Temp\TestTicket198AC3CreatedFileLandsPrivate2948080658\001\config.toml NT AUTHORITY\SYSTEM:(F)
2026-10-10T08:01:50.3323810Z                                                                                                                BUILTIN\Administrators:(F)
2026-10-10T08:01:50.3328612Z                                                                                                                runnervmfi6oq\runneradmin:(F)
2026-10-10T08:01:50.3329364Z         
2026-10-10T08:01:50.3330038Z         Successfully processed 1 files; Failed processing 0 files
2026-10-10T08:01:50.3330842Z --- PASS: TestTicket198AC3CreatedFileLandsPrivate (0.03s)
2026-10-10T08:01:50.3331629Z === RUN   TestRunPacketCarriesTheLoadedInstructionFiles
2026-10-10T08:01:50.3333651Z time=2026-10-10T07:55:24.993Z level=WARN msg="goroutine outside the D38 roster (leak symptom)" goroutine=mockllm-stdout-reader owner=test
2026-10-10T08:01:50.3336764Z time=2026-10-10T07:55:25.008Z level=INFO msg="wisp: persistent log sink installed" dir=C:\Users\RUNNER~1\AppData\Local\Temp\TestRunPacketCarriesTheLoadedInstructionFiles2349496273\002\logs min_level=info early_records=0 early_dropped=0
2026-10-10T08:01:50.3338972Z 2026/10/10 07:55:25 mockllm: serving on http://127.0.0.1:49414 (golden dir D:\a\wisp\wisp\internal\llm\testdata\golden)
2026-10-10T08:01:50.3341236Z time=2026-10-10T07:55:25.044Z level=INFO msg="pre-migration backup written" component=memory backup=C:\Users\RUNNER~1\AppData\Local\Temp\TestRunPacketCarriesTheLoadedInstructionFiles2349496273\002\backup\wisp.db.bak-0-1 from=0 to=1
2026-10-10T08:01:50.3343746Z time=2026-10-10T07:55:25.053Z level=INFO msg="schema migration step applied" component=memory from=0 to=1 started_at=2026-10-10T07:55:25Z duration_ms=9
2026-10-10T08:01:50.3347247Z time=2026-10-10T07:55:25.082Z level=INFO msg="pre-migration backup written" component=memory backup=C:\Users\RUNNER~1\AppData\Local\Temp\TestRunPacketCarriesTheLoadedInstructionFiles2349496273\002\backup\wisp.db.bak-1-2 from=1 to=2
2026-10-10T08:01:50.3348648Z time=2026-10-10T07:55:25.094Z level=INFO msg="schema migration step applied" component=memory from=1 to=2 started_at=2026-10-10T07:55:25Z duration_ms=11
2026-10-10T08:01:50.3349558Z time=2026-10-10T07:55:25.119Z level=INFO msg="schema migration complete" component=memory schema_version=2
2026-10-10T08:01:50.3351308Z time=2026-10-10T07:55:25.120Z level=INFO msg="startup WAL checkpoint (TRUNCATE) done" component=memory wal_pages_before=0 pages_moved=0
2026-10-10T08:01:50.3356371Z     instructions_200r2_test.go:167: the packet's instructions carry no entry for C:\Users\RUNNER~1\AppData\Local\Temp\TestRunPacketCarriesTheLoadedInstructionFiles2349496273\002\instr-ws\AGENTS.md: [{Path:C:\Users\runneradmin\AppData\Local\Temp\TestRunPacketCarriesTheLoadedInstructionFiles2349496273\002\instr-ws\AGENTS.md Tier:project Depth:0 Bytes:269 Source:fs.read}]
2026-10-10T08:01:50.3359405Z --- FAIL: TestRunPacketCarriesTheLoadedInstructionFiles (1.05s)
2026-10-10T08:01:50.3360314Z === RUN   TestRunPacketSaysOffAndSaysItDifferentlyThanNothingFound
2026-10-10T08:01:50.3361694Z time=2026-10-10T07:55:26.011Z level=WARN msg="goroutine outside the D38 roster (leak symptom)" goroutine=mockllm-stdout-reader owner=test
2026-10-10T08:01:50.3364346Z time=2026-10-10T07:55:26.028Z level=INFO msg="wisp: persistent log sink installed" dir=C:\Users\RUNNER~1\AppData\Local\Temp\TestRunPacketSaysOffAndSaysItDifferentlyThanNothingFound2168444185\002\logs min_level=info early_records=0 early_dropped=0
2026-10-10T08:01:50.3367160Z 2026/10/10 07:55:26 mockllm: serving on http://127.0.0.1:49416 (golden dir D:\a\wisp\wisp\internal\llm\testdata\golden)
2026-10-10T08:01:50.3369675Z time=2026-10-10T07:55:26.065Z level=INFO msg="pre-migration backup written" component=memory backup=C:\Users\RUNNER~1\AppData\Local\Temp\TestRunPacketSaysOffAndSaysItDifferentlyThanNothingFound2168444185\002\backup\wisp.db.bak-0-1 from=0 to=1
2026-10-10T08:01:50.3372443Z time=2026-10-10T07:55:26.076Z level=INFO msg="schema migration step applied" component=memory from=0 to=1 started_at=2026-10-10T07:55:26Z duration_ms=11
2026-10-10T08:01:50.3374728Z time=2026-10-10T07:55:26.102Z level=INFO msg="pre-migration backup written" component=memory backup=C:\Users\RUNNER~1\AppData\Local\Temp\TestRunPacketSaysOffAndSaysItDifferentlyThanNothingFound2168444185\002\backup\wisp.db.bak-1-2 from=1 to=2
2026-10-10T08:01:50.3376137Z time=2026-10-10T07:55:26.114Z level=INFO msg="schema migration step applied" component=memory from=1 to=2 started_at=2026-10-10T07:55:26Z duration_ms=11
2026-10-10T08:01:50.3376978Z time=2026-10-10T07:55:26.131Z level=INFO msg="schema migration complete" component=memory schema_version=2
2026-10-10T08:01:50.3377795Z time=2026-10-10T07:55:26.133Z level=INFO msg="startup WAL checkpoint (TRUNCATE) done" component=memory wal_pages_before=0 pages_moved=0
2026-10-10T08:01:50.3379305Z time=2026-10-10T07:55:27.009Z level=WARN msg="goroutine outside the D38 roster (leak symptom)" goroutine=mockllm-stdout-reader owner=test
2026-10-10T08:01:50.3380677Z time=2026-10-10T07:55:27.025Z level=INFO msg="wisp: persistent log sink installed" dir=C:\Users\RUNNER~1\AppData\Local\Temp\TestRunPacketSaysOffAndSaysItDifferentlyThanNothingFound2168444185\004\logs min_level=info early_records=0 early_dropped=0
2026-10-10T08:01:50.3382197Z 2026/10/10 07:55:27 mockllm: serving on http://127.0.0.1:49423 (golden dir D:\a\wisp\wisp\internal\llm\testdata\golden)
2026-10-10T08:01:50.3383484Z time=2026-10-10T07:55:27.060Z level=INFO msg="pre-migration backup written" component=memory backup=C:\Users\RUNNER~1\AppData\Local\Temp\TestRunPacketSaysOffAndSaysItDifferentlyThanNothingFound2168444185\004\backup\wisp.db.bak-0-1 from=0 to=1
2026-10-10T08:01:50.3385577Z time=2026-10-10T07:55:27.071Z level=INFO msg="schema migration step applied" component=memory from=0 to=1 started_at=2026-10-10T07:55:27Z duration_ms=10
2026-10-10T08:01:50.3387711Z time=2026-10-10T07:55:27.094Z level=INFO msg="pre-migration backup written" component=memory backup=C:\Users\RUNNER~1\AppData\Local\Temp\TestRunPacketSaysOffAndSaysItDifferentlyThanNothingFound2168444185\004\backup\wisp.db.bak-1-2 from=1 to=2
2026-10-10T08:01:50.3389094Z time=2026-10-10T07:55:27.106Z level=INFO msg="schema migration step applied" component=memory from=1 to=2 started_at=2026-10-10T07:55:27Z duration_ms=12
2026-10-10T08:01:50.3389924Z time=2026-10-10T07:55:27.123Z level=INFO msg="schema migration complete" component=memory schema_version=2
2026-10-10T08:01:50.3390709Z time=2026-10-10T07:55:27.124Z level=INFO msg="startup WAL checkpoint (TRUNCATE) done" component=memory wal_pages_before=0 pages_moved=0
2026-10-10T08:01:50.3392080Z     instructions_200r2_test.go:251: off packet section: status=off reason=已按你的配置跳过：agent.project_instructions_enabled=false，本轮一份项目说明都没有读（不是没找到，是被配置关掉的）。 files=[]
2026-10-10T08:01:50.3393154Z     instructions_200r2_test.go:252: on  packet section: status=loaded reason= files=[004/AGENTS.md tier=global depth=-1 bytes=274]
2026-10-10T08:01:50.3393870Z --- PASS: TestRunPacketSaysOffAndSaysItDifferentlyThanNothingFound (2.00s)
2026-10-10T08:01:50.3394311Z === RUN   TestAC1AC2DispatchHopGate133
2026-10-10T08:01:50.3395048Z     leg_dispatch_gate_133_test.go:242: dispatch ledger, read out of func main's own branches at run time (12 legs, 4 claims in this gate's registry):
2026-10-10T08:01:50.3397092Z           leg default        main.go:127              installs=false handoff=false covered=ruling main.go:83                                              entries=attachParentConsole aliases=
2026-10-10T08:01:50.3398705Z           leg doctor         main.go:95               installs=false handoff=false covered=test TestAC2EveryLegRefusesTheSameShapeAndWritesNothing128 drives cmdDoctor entries=attachParentConsole|cmdDoctor aliases=
2026-10-10T08:01:50.3401137Z           leg help           main.go:124              installs=false handoff=false covered=ruling main.go:79                                              entries=attachParentConsole aliases=--help|-h
2026-10-10T08:01:50.3402971Z           leg models         main.go:102              installs=true  handoff=true  covered=nail TestAC2ModelsLegBooksItsHandOffVerdictOnDisk -> cmdModels entries=attachParentConsole|cmdModels aliases=
2026-10-10T08:01:50.3404676Z           leg no-args        main.go:60               installs=true  handoff=false covered=nail TestAC1ResidentLegInstallsItsLogListenerOnDisk -> runResident entries=attachParentConsole|runResident aliases=
2026-10-10T08:01:50.3406433Z           leg panel-assets   main.go:112              installs=false handoff=false covered=test TestAC1AC2TaintSourceLegProducesAJudgedR4 drives cmdPanelAssets entries=attachParentConsole|cmdPanelAssets aliases=
2026-10-10T08:01:50.3409393Z           leg panel-inbound  main.go:115              installs=false handoff=false covered=test TestAC1InboundLegAnswersSettingsRouteEndToEnd drives cmdPanelInbound entries=attachParentConsole|cmdPanelInbound aliases=
2026-10-10T08:01:50.3411592Z           leg providers      main.go:92               installs=false handoff=false covered=test TestAC2EveryLegRefusesTheSameShapeAndWritesNothing128 drives cmdProviders entries=attachParentConsole|cmdProviders aliases=
2026-10-10T08:01:50.3413325Z           leg run            main.go:89               installs=true  handoff=false covered=nail TestAC2SealNoticeLandsInTheRunLegLogFile -> runTextTask   entries=attachParentConsole|cmdRun aliases=
2026-10-10T08:01:50.3414855Z           leg secret         main.go:100              installs=true  handoff=false covered=nail TestAC3SecretLegBooksItsAuditRecordsOnDisk -> cmdSecret   entries=cmdSecret aliases=
2026-10-10T08:01:50.3416426Z           leg slo            main.go:110              installs=false handoff=false covered=test TestSLO144CorruptReportIsJudgedOnTheFirstRead drives contradictSubjectReportErr entries=cmdSLO aliases=
2026-10-10T08:01:50.3418064Z           leg version        main.go:121              installs=false handoff=false covered=ruling main.go:74                                              entries=attachParentConsole|printVersions aliases=--version|-v
2026-10-10T08:01:50.3421224Z     leg_dispatch_gate_133_test.go:244: blindness disclosure: run-roster disclosure: GOOS=windows, 288 startable cases read from this binary itself (`-test.list '.*'`); case names this round's ledger credited through `covered=test`: 4 distinct, 4 of them startable (one outside the roster is red above); this gate's registry: 4 claims, 0 of them outside this round's roster - every registry claim this gate makes is a case this round's binary can start. This round is a whole-package round (no -test.run filter), so the roster is the set this run's === RUN lines are drawn from.
2026-10-10T08:01:50.3423470Z --- PASS: TestAC1AC2DispatchHopGate133 (0.15s)
2026-10-10T08:01:50.3423799Z === RUN   TestAC4EveryLegIsNailedOrRuled
2026-10-10T08:01:50.3424310Z     leg_sink_gate_131_test.go:328: nail entry claims, checked against the dispatch closure:
2026-10-10T08:01:50.3425996Z           nail "TestAC1ResidentLegInstallsItsLogListenerOnDisk" -> leg "no-args", entry "runResident": declared with the "subprocess:" prefix, so this row is a name-only claim about a real process and NOT evidence that anybody asserts "no-args"'s semantics in-process.
2026-10-10T08:01:50.3427900Z           nail "TestAC2ModelsLegBooksItsHandOffVerdictOnDisk" -> leg "models", entry "cmdModels": checked, the case calls the entry this leg's dispatch reaches
2026-10-10T08:01:50.3429197Z           nail "TestAC2SealNoticeLandsInTheRunLegLogFile" -> leg "run", entry "runTextTask": checked, the case calls the entry this leg's dispatch reaches
2026-10-10T08:01:50.3430484Z           nail "TestAC3SecretLegBooksItsAuditRecordsOnDisk" -> leg "secret", entry "cmdSecret": checked, the case calls the entry this leg's dispatch reaches
2026-10-10T08:01:50.3431340Z     leg_sink_gate_131_test.go:407: leg ledger, enumerated from source at run time:
2026-10-10T08:01:50.3432353Z           leg --help       main.go:124                install=false records=false ruled=false nails=-                                                          -> no records
2026-10-10T08:01:50.3433535Z           leg --version    main.go:121                install=false records=false ruled=false nails=-                                                          -> no records
2026-10-10T08:01:50.3434737Z           leg -h           main.go:124                install=false records=false ruled=false nails=-                                                          -> no records
2026-10-10T08:01:50.3435882Z           leg -v           main.go:121                install=false records=false ruled=false nails=-                                                          -> no records
2026-10-10T08:01:50.3437584Z           leg default      main.go:127                install=false records=false ruled=false nails=-                                                          -> no records
2026-10-10T08:01:50.3438897Z           leg doctor       main.go:95                 install=false records=false ruled=false nails=-                                                          -> no records
2026-10-10T08:01:50.3440051Z           leg help         main.go:124                install=false records=false ruled=false nails=-                                                          -> no records
2026-10-10T08:01:50.3442424Z           leg models       main.go:102                install=true  records=true  ruled=false nails=TestAC2ModelsLegBooksItsHandOffVerdictOnDisk               -> nailed
2026-10-10T08:01:50.3444276Z           leg no-args      main.go:60                 install=true  records=true  ruled=false nails=TestAC1ResidentLegInstallsItsLogListenerOnDisk             -> nailed
2026-10-10T08:01:50.3445810Z           leg panel-assets main.go:112                install=false records=false ruled=false nails=-                                                          -> no records
2026-10-10T08:01:50.3447521Z           leg panel-inbound main.go:115                install=false records=false ruled=false nails=-                                                          -> no records
2026-10-10T08:01:50.3449067Z           leg providers    main.go:92                 install=false records=false ruled=false nails=-                                                          -> no records
2026-10-10T08:01:50.3450308Z           leg run          main.go:89                 install=true  records=true  ruled=false nails=TestAC2SealNoticeLandsInTheRunLegLogFile                   -> nailed
2026-10-10T08:01:50.3451619Z           leg secret       main.go:100                install=true  records=true  ruled=false nails=TestAC3SecretLegBooksItsAuditRecordsOnDisk                 -> nailed
2026-10-10T08:01:50.3452835Z           leg slo          main.go:110                install=false records=true  ruled=true  nails=-                                                          -> ruled
2026-10-10T08:01:50.3454190Z           leg version      main.go:121                install=false records=false ruled=false nails=-                                                          -> no records
2026-10-10T08:01:50.3454803Z --- PASS: TestAC4EveryLegIsNailedOrRuled (0.08s)
2026-10-10T08:01:50.3455174Z === RUN   TestAC2ModelsLegBooksItsHandOffVerdictOnDisk
2026-10-10T08:01:50.3456928Z     leg_sink_nail_131_windows_test.go:358: leg sink C:\Users\RUNNER~1\AppData\Local\Temp\TestAC2ModelsLegBooksItsHandOffVerdictOnDisk1540787072\001\logs: 2 record(s) [INFO/wisp: persistent log sink installed INFO/models: hand-off REFUSED id=absent-in-signed-manifest-131 state=Error err=model: model id "absent-in-signed-manifest-131" not in signed manifest]
2026-10-10T08:01:50.3459650Z     leg_sink_nail_131_windows_test.go:396: MODELS LEG RECORDED ON DISK: "models: hand-off REFUSED id=absent-in-signed-manifest-131 state=Error err=model: model id \"absent-in-signed-manifest-131\" not in signed manifest" (install dir=C:\Users\RUNNER~1\AppData\Local\Temp\TestAC2ModelsLegBooksItsHandOffVerdictOnDisk1540787072\001\logs, exit=1)
2026-10-10T08:01:50.3461077Z --- PASS: TestAC2ModelsLegBooksItsHandOffVerdictOnDisk (0.03s)
2026-10-10T08:01:50.3461676Z === RUN   TestAC3SecretLegBooksItsAuditRecordsOnDisk
2026-10-10T08:01:50.3464061Z     leg_sink_nail_131_windows_test.go:427: leg sink C:\Users\RUNNER~1\AppData\Local\Temp\TestAC3SecretLegBooksItsAuditRecordsOnDisk492529776\001\logs: 2 record(s) [INFO/wisp: persistent log sink installed INFO/wisp secret: stored dpapi blob]
2026-10-10T08:01:50.3469672Z     leg_sink_nail_131_windows_test.go:459: leg sink C:\Users\RUNNER~1\AppData\Local\Temp\TestAC3SecretLegBooksItsAuditRecordsOnDisk492529776\001\logs: 4 record(s) [INFO/wisp: persistent log sink installed INFO/wisp secret: stored dpapi blob INFO/wisp: persistent log sink installed WARN/wisp secret unset: deleted dpapi:nail131 (WISP_ENV=test, portable=false, forced=true, referenced_fields=1) fields=llm.providers.acme.api_key_ref]
2026-10-10T08:01:50.3476004Z     leg_sink_nail_131_windows_test.go:479: SECRET LEG RECORDED ON DISK: "wisp secret: stored dpapi blob" and "wisp secret unset: deleted dpapi:nail131 (WISP_ENV=test, portable=false, forced=true, referenced_fields=1) fields=llm.providers.acme.api_key_ref" (install dir=C:\Users\RUNNER~1\AppData\Local\Temp\TestAC3SecretLegBooksItsAuditRecordsOnDisk492529776\001\logs)
2026-10-10T08:01:50.3478257Z --- PASS: TestAC3SecretLegBooksItsAuditRecordsOnDisk (0.03s)
2026-10-10T08:01:50.3478698Z === RUN   TestAC2AC3DegradedLegsStillDeliverTheirVerdict
2026-10-10T08:01:50.3479131Z === RUN   TestAC2AC3DegradedLegsStillDeliverTheirVerdict/models
2026-10-10T08:01:50.3479579Z === RUN   TestAC2AC3DegradedLegsStillDeliverTheirVerdict/secret
2026-10-10T08:01:50.3480279Z time=2026-10-10T07:55:27.459Z level=INFO msg="wisp secret: stored dpapi blob" ref=dpapi:nail131-degraded env=test portable=false overwrote=false
2026-10-10T08:01:50.3480994Z --- PASS: TestAC2AC3DegradedLegsStillDeliverTheirVerdict (0.01s)
2026-10-10T08:01:50.3481546Z     --- PASS: TestAC2AC3DegradedLegsStillDeliverTheirVerdict/models (0.00s)
2026-10-10T08:01:50.3482125Z     --- PASS: TestAC2AC3DegradedLegsStillDeliverTheirVerdict/secret (0.01s)
2026-10-10T08:01:50.3482665Z === RUN   TestAC3LogSinkLandsInsideTheEnvDataRoot
2026-10-10T08:01:50.3483168Z --- PASS: TestAC3LogSinkLandsInsideTheEnvDataRoot (0.00s)
2026-10-10T08:01:50.3483560Z === RUN   TestAC3EmptyDataRootIsARefusalNotAFallback
2026-10-10T08:01:50.3483954Z --- PASS: TestAC3EmptyDataRootIsARefusalNotAFallback (0.00s)
2026-10-10T08:01:50.3484384Z === RUN   TestAC3InstallingTheFileSinkDoesNotSilenceTheConsole
2026-10-10T08:01:50.3484865Z --- PASS: TestAC3InstallingTheFileSinkDoesNotSilenceTheConsole (0.01s)
2026-10-10T08:01:50.3485297Z === RUN   TestAC2SealNoticeLandsInTheRunLegLogFile
2026-10-10T08:01:50.3486306Z time=2026-10-10T07:55:27.500Z level=INFO msg="wisp: persistent log sink installed" dir=C:\Users\RUNNER~1\AppData\Local\Temp\TestAC2SealNoticeLandsInTheRunLegLogFile2582781343\001\logs min_level=info early_records=0 early_dropped=0
2026-10-10T08:01:50.3489406Z time=2026-10-10T07:55:27.501Z level=WARN msg="winsec: seal cleared principals that stood on this object" path=C:\Users\runneradmin\AppData\Local\Temp\TestAC2SealNoticeLandsInTheRunLegLogFile2582781343\001\secrets kind=explicit cleared=S-1-1-0(A;OICI;0x1200a9;;;WD) cleared_inherited="" policy="winsec owns the grants on this tree; out-of-band ACEs are removed at the next seal"
2026-10-10T08:01:50.3492099Z     logsink_windows_test.go:167: sink dir C:\Users\RUNNER~1\AppData\Local\Temp\TestAC2SealNoticeLandsInTheRunLegLogFile2582781343\001\logs: 1 file(s), 685 bytes, 2 record(s)
2026-10-10T08:01:50.3494205Z     logsink_windows_test.go:196: RECORDED ON DISK: level=WARN msg=winsec: seal cleared principals that stood on this object path=C:\Users\runneradmin\AppData\Local\Temp\TestAC2SealNoticeLandsInTheRunLegLogFile2582781343\001\secrets kind=explicit cleared="S-1-1-0(A;OICI;0x1200a9;;;WD)"
2026-10-10T08:01:50.3495429Z --- PASS: TestAC2SealNoticeLandsInTheRunLegLogFile (0.05s)
2026-10-10T08:01:50.3495821Z === RUN   TestAC2AuditTrailLandsInTheRunLegLogFile
2026-10-10T08:01:50.3496469Z time=2026-10-10T07:55:28.403Z level=WARN msg="goroutine outside the D38 roster (leak symptom)" goroutine=mockllm-stdout-reader owner=test
2026-10-10T08:01:50.3497933Z time=2026-10-10T07:55:28.417Z level=INFO msg="wisp: persistent log sink installed" dir=C:\Users\RUNNER~1\AppData\Local\Temp\TestAC2AuditTrailLandsInTheRunLegLogFile3031267149\002\logs min_level=info early_records=0 early_dropped=0
2026-10-10T08:01:50.3499123Z 2026/10/10 07:55:28 mockllm: serving on http://127.0.0.1:49425 (golden dir D:\a\wisp\wisp\internal\llm\testdata\golden)
2026-10-10T08:01:50.3500555Z time=2026-10-10T07:55:28.449Z level=INFO msg="pre-migration backup written" component=memory backup=C:\Users\RUNNER~1\AppData\Local\Temp\TestAC2AuditTrailLandsInTheRunLegLogFile3031267149\002\backup\wisp.db.bak-0-1 from=0 to=1
2026-10-10T08:01:50.3503423Z time=2026-10-10T07:55:28.465Z level=INFO msg="schema migration step applied" component=memory from=0 to=1 started_at=2026-10-10T07:55:28Z duration_ms=15
2026-10-10T08:01:50.3504951Z time=2026-10-10T07:55:28.490Z level=INFO msg="pre-migration backup written" component=memory backup=C:\Users\RUNNER~1\AppData\Local\Temp\TestAC2AuditTrailLandsInTheRunLegLogFile3031267149\002\backup\wisp.db.bak-1-2 from=1 to=2
2026-10-10T08:01:50.3506269Z time=2026-10-10T07:55:28.500Z level=INFO msg="schema migration step applied" component=memory from=1 to=2 started_at=2026-10-10T07:55:28Z duration_ms=9
2026-10-10T08:01:50.3507103Z time=2026-10-10T07:55:28.515Z level=INFO msg="schema migration complete" component=memory schema_version=2
2026-10-10T08:01:50.3507894Z time=2026-10-10T07:55:28.517Z level=INFO msg="startup WAL checkpoint (TRUNCATE) done" component=memory wal_pages_before=0 pages_moved=0
2026-10-10T08:01:50.3509134Z     logsink_windows_test.go:274: sink dir C:\Users\RUNNER~1\AppData\Local\Temp\TestAC2AuditTrailLandsInTheRunLegLogFile3031267149\002\logs: 1 file(s), 4283 bytes, 19 record(s)
2026-10-10T08:01:50.3509977Z --- PASS: TestAC2AuditTrailLandsInTheRunLegLogFile (1.04s)
2026-10-10T08:01:50.3510431Z === RUN   TestAC2RunLegInstallsTheSinkBeforeItsFirstSealingSite
2026-10-10T08:01:50.3511752Z time=2026-10-10T07:55:28.588Z level=INFO msg="wisp: persistent log sink installed" dir=C:\Users\RUNNER~1\AppData\Local\Temp\TestAC2RunLegInstallsTheSinkBeforeItsFirstSealingSite3331182870\001\logs min_level=info early_records=0 early_dropped=0
2026-10-10T08:01:50.3514035Z time=2026-10-10T07:55:28.589Z level=WARN msg="winsec: seal cleared principals that stood on this object" path=C:\Users\runneradmin\AppData\Local\Temp\TestAC2RunLegInstallsTheSinkBeforeItsFirstSealingSite3331182870\001\secrets kind=explicit cleared=S-1-1-0(A;OICI;0x1200a9;;;WD) cleared_inherited="" policy="winsec owns the grants on this tree; out-of-band ACEs are removed at the next seal"
2026-10-10T08:01:50.3516237Z     logsink_windows_test.go:326: sink dir C:\Users\RUNNER~1\AppData\Local\Temp\TestAC2RunLegInstallsTheSinkBeforeItsFirstSealingSite3331182870\001\logs: 1 file(s), 710 bytes, 2 record(s)
2026-10-10T08:01:50.3517207Z --- PASS: TestAC2RunLegInstallsTheSinkBeforeItsFirstSealingSite (0.03s)
2026-10-10T08:01:50.3517667Z === RUN   TestAC1AC2TaintSourceLegProducesAJudgedR4
2026-10-10T08:01:50.3518066Z --- PASS: TestAC1AC2TaintSourceLegProducesAJudgedR4 (0.00s)
2026-10-10T08:01:50.3518473Z === RUN   TestAC2TaintFlagDoesNotLeakIntoTheDefaultCard
2026-10-10T08:01:50.3518899Z --- PASS: TestAC2TaintFlagDoesNotLeakIntoTheDefaultCard (0.00s)
2026-10-10T08:01:50.3519347Z === RUN   TestAC3TaintSourceThatTheCallDoesNotCarryIsNotAHit
2026-10-10T08:01:50.3519933Z === RUN   TestAC3TaintSourceThatTheCallDoesNotCarryIsNotAHit/declared_but_absent_from_the_outgoing_call
2026-10-10T08:01:50.3520923Z === RUN   TestAC3TaintSourceThatTheCallDoesNotCarryIsNotAHit/fragment_below_the_contract_floor_cannot_match
2026-10-10T08:01:50.3521581Z --- PASS: TestAC3TaintSourceThatTheCallDoesNotCarryIsNotAHit (0.01s)
2026-10-10T08:01:50.3522575Z     --- PASS: TestAC3TaintSourceThatTheCallDoesNotCarryIsNotAHit/declared_but_absent_from_the_outgoing_call (0.00s)
2026-10-10T08:01:50.3523725Z     --- PASS: TestAC3TaintSourceThatTheCallDoesNotCarryIsNotAHit/fragment_below_the_contract_floor_cannot_match (0.00s)
2026-10-10T08:01:50.3524345Z === RUN   TestAC2TaintSourceIsVisibleInTheUsageBlock
2026-10-10T08:01:50.3524744Z --- PASS: TestAC2TaintSourceIsVisibleInTheUsageBlock (0.01s)
2026-10-10T08:01:50.3525122Z === RUN   TestAC1MalformedTaintSourceIsRefused
2026-10-10T08:01:50.3525490Z === RUN   TestAC1MalformedTaintSourceIsRefused/no_separators
2026-10-10T08:01:50.3525887Z === RUN   TestAC1MalformedTaintSourceIsRefused/two_parts
2026-10-10T08:01:50.3526272Z === RUN   TestAC1MalformedTaintSourceIsRefused/empty_tool
2026-10-10T08:01:50.3526665Z === RUN   TestAC1MalformedTaintSourceIsRefused/empty_content
2026-10-10T08:01:50.3527215Z --- PASS: TestAC1MalformedTaintSourceIsRefused (0.02s)
2026-10-10T08:01:50.3528310Z     --- PASS: TestAC1MalformedTaintSourceIsRefused/no_separators (0.01s)
2026-10-10T08:01:50.3528885Z     --- PASS: TestAC1MalformedTaintSourceIsRefused/two_parts (0.00s)
2026-10-10T08:01:50.3529417Z     --- PASS: TestAC1MalformedTaintSourceIsRefused/empty_tool (0.00s)
2026-10-10T08:01:50.3529942Z     --- PASS: TestAC1MalformedTaintSourceIsRefused/empty_content (0.00s)
2026-10-10T08:01:50.3530352Z === RUN   TestAC1CmdSideEmitsNoVerdictTokens
2026-10-10T08:01:50.3530690Z --- PASS: TestAC1CmdSideEmitsNoVerdictTokens (0.00s)
2026-10-10T08:01:50.3531061Z === RUN   TestAC2CredentialSentinelAppearsInNoArtifact
2026-10-10T08:01:50.3531479Z --- PASS: TestAC2CredentialSentinelAppearsInNoArtifact (0.01s)
2026-10-10T08:01:50.3531904Z === RUN   TestAC2LeakRulerFiresWhenTheCanaryIsReallyThere
2026-10-10T08:01:50.3532662Z --- PASS: TestAC2LeakRulerFiresWhenTheCanaryIsReallyThere (0.01s)
2026-10-10T08:01:50.3533508Z === RUN   TestAC3CredentialLivesInOneStoreAndConfigKeepsOnlyARef
2026-10-10T08:01:50.3536175Z time=2026-10-10T07:55:28.676Z level=INFO msg="config: wrote merged change into config.toml (ticket 226: only the keys listed changed value, every other key keeps the value the file already held; the file is re-laid in canonical form, so comments and hand-chosen key order are not preserved)" key=llm.providers.deepseek.api_key_ref wrote=[llm.providers.deepseek.api_key_ref]
2026-10-10T08:01:50.3537981Z --- PASS: TestAC3CredentialLivesInOneStoreAndConfigKeepsOnlyARef (0.02s)
2026-10-10T08:01:50.3538489Z === RUN   TestAC2SharedEnvelopeCannotCarryTheCredentialValue
2026-10-10T08:01:50.3538972Z --- PASS: TestAC2SharedEnvelopeCannotCarryTheCredentialValue (0.00s)
2026-10-10T08:01:50.3539475Z === RUN   TestAC1SettingsKeysAreTheOnlyNewOnesOnTheSharedEnvelope
2026-10-10T08:01:50.3539987Z --- PASS: TestAC1SettingsKeysAreTheOnlyNewOnesOnTheSharedEnvelope (0.00s)
2026-10-10T08:01:50.3540453Z === RUN   TestAC1InboundLegAnswersSettingsRouteEndToEnd
2026-10-10T08:01:50.3542389Z time=2026-10-10T07:55:28.689Z level=INFO msg="config: wrote merged change into config.toml (ticket 226: only the keys listed changed value, every other key keeps the value the file already held; the file is re-laid in canonical form, so comments and hand-chosen key order are not preserved)" key=llm.providers.deepseek.models.deepseek-chat.context_window wrote=[llm.providers.deepseek.models.deepseek-chat.context_window]
2026-10-10T08:01:50.3544084Z --- PASS: TestAC1InboundLegAnswersSettingsRouteEndToEnd (0.01s)
2026-10-10T08:01:50.3544559Z === RUN   TestAC1OtherDoorsStillRefuseByNameAfterTheSettingsSocket
2026-10-10T08:01:50.3545080Z --- PASS: TestAC1OtherDoorsStillRefuseByNameAfterTheSettingsSocket (0.01s)
2026-10-10T08:01:50.3545567Z === RUN   TestAC7InvalidSettingsValueIsRefusedBeforeTheFile
2026-10-10T08:01:50.3546015Z --- PASS: TestAC7InvalidSettingsValueIsRefusedBeforeTheFile (0.01s)
2026-10-10T08:01:50.3546462Z === RUN   TestAC2SnapshotReportsRefWithoutBlobAsAPartState
2026-10-10T08:01:50.3547955Z time=2026-10-10T07:55:28.716Z level=INFO msg="config: wrote merged change into config.toml (ticket 226: only the keys listed changed value, every other key keeps the value the file already held; the file is re-laid in canonical form, so comments and hand-chosen key order are not preserved)" key=llm.providers.deepseek.api_key_ref wrote=[llm.providers.deepseek.api_key_ref]
2026-10-10T08:01:50.3549611Z --- PASS: TestAC2SnapshotReportsRefWithoutBlobAsAPartState (0.01s)
2026-10-10T08:01:50.3550040Z === RUN   TestTransportDoorBindingMatchesRoster253r1
2026-10-10T08:01:50.3551555Z     panel_dispatch_binding_roster_253r1_windows_test.go:358: 253-r1 census: door constant "panelDispatchBinding" = "wispDispatch"; installPanelTransport at panel_host_windows.go:801 made 1 Bind call(s) and 1 Init call(s); roster holds 1 name(s) over 35 production file(s)
2026-10-10T08:01:50.3553684Z     panel_dispatch_binding_roster_253r1_windows_test.go:401: 253-r1 lockstep: w.Init(panelPostMessageForwardInit) at panel_host_windows.go:808 derives its window.<door> reference from "panelDispatchBinding", the same constant the Bind uses
2026-10-10T08:01:50.3555120Z --- PASS: TestTransportDoorBindingMatchesRoster253r1 (0.01s)
2026-10-10T08:01:50.3555527Z === RUN   TestBindingRosterBitesItsOwnFixtures253r1
2026-10-10T08:01:50.3555911Z === RUN   TestBindingRosterBitesItsOwnFixtures253r1/good
2026-10-10T08:01:50.3556799Z     panel_dispatch_binding_roster_253r1_windows_test.go:568: fixture "good": const="wispDispatch" bound=[wispDispatch] initTied="panelPostMessageForwardInit" reds=[]
2026-10-10T08:01:50.3557578Z === RUN   TestBindingRosterBitesItsOwnFixtures253r1/drifted-bind
2026-10-10T08:01:50.3558868Z     panel_dispatch_binding_roster_253r1_windows_test.go:568: fixture "drifted-bind": const="wispDispatch" bound=[wispStaleDoor] initTied="panelPostMessageForwardInit" reds=[rostered but unbound door wispDispatch unrostered bound door wispStaleDoor]
2026-10-10T08:01:50.3559944Z === RUN   TestBindingRosterBitesItsOwnFixtures253r1/empty-bind
2026-10-10T08:01:50.3561060Z     panel_dispatch_binding_roster_253r1_windows_test.go:563: empty-bind: census bound zero readable doors (1 Bind call(s)) - the disk case reddens this as the empty-roster Fatalf
2026-10-10T08:01:50.3562466Z     panel_dispatch_binding_roster_253r1_windows_test.go:568: fixture "empty-bind": const="wispDispatch" bound=[] initTied="panelPostMessageForwardInit" reds=[rostered but unbound door wispDispatch]
2026-10-10T08:01:50.3563356Z === RUN   TestBindingRosterBitesItsOwnFixtures253r1/untied-init
2026-10-10T08:01:50.3564344Z     panel_dispatch_binding_roster_253r1_windows_test.go:568: fixture "untied-init": const="wispDispatch" bound=[wispDispatch] initTied="" reds=[w.Init script not tied to the door constant]
2026-10-10T08:01:50.3565184Z --- PASS: TestBindingRosterBitesItsOwnFixtures253r1 (0.00s)
2026-10-10T08:01:50.3565672Z     --- PASS: TestBindingRosterBitesItsOwnFixtures253r1/good (0.00s)
2026-10-10T08:01:50.3566221Z     --- PASS: TestBindingRosterBitesItsOwnFixtures253r1/drifted-bind (0.00s)
2026-10-10T08:01:50.3566787Z     --- PASS: TestBindingRosterBitesItsOwnFixtures253r1/empty-bind (0.00s)
2026-10-10T08:01:50.3567340Z     --- PASS: TestBindingRosterBitesItsOwnFixtures253r1/untied-init (0.00s)
2026-10-10T08:01:50.3567809Z === RUN   TestTicket255WindowOptionsFollowTheConfigSource
2026-10-10T08:01:50.3568447Z === RUN   TestTicket255WindowOptionsFollowTheConfigSource/no_source_at_all_keeps_the_host's_own_constants
2026-10-10T08:01:50.3569323Z === RUN   TestTicket255WindowOptionsFollowTheConfigSource/a_config_width_and_height_both_arrive
2026-10-10T08:01:50.3570423Z === RUN   TestTicket255WindowOptionsFollowTheConfigSource/height_0_is_NOT_auto-height:_the_ruling_is_260,_and_schema.go's_PanelSection.Height_carries_no_default_tag_so_0_is_what_a_config_saying_nothing_answers
2026-10-10T08:01:50.3571569Z === RUN   TestTicket255WindowOptionsFollowTheConfigSource/width_0_falls_back_to_the_host_constant,_not_to_a_guess
2026-10-10T08:01:50.3572458Z === RUN   TestTicket255WindowOptionsFollowTheConfigSource/a_negative_answer_is_garbage,_and_garbage_is_not_a_second_spelling_of_auto
2026-10-10T08:01:50.3573160Z --- PASS: TestTicket255WindowOptionsFollowTheConfigSource (0.00s)
2026-10-10T08:01:50.3573898Z     --- PASS: TestTicket255WindowOptionsFollowTheConfigSource/no_source_at_all_keeps_the_host's_own_constants (0.00s)
2026-10-10T08:01:50.3574766Z     --- PASS: TestTicket255WindowOptionsFollowTheConfigSource/a_config_width_and_height_both_arrive (0.00s)
2026-10-10T08:01:50.3576093Z     --- PASS: TestTicket255WindowOptionsFollowTheConfigSource/height_0_is_NOT_auto-height:_the_ruling_is_260,_and_schema.go's_PanelSection.Height_carries_no_default_tag_so_0_is_what_a_config_saying_nothing_answers (0.00s)
2026-10-10T08:01:50.3577383Z     --- PASS: TestTicket255WindowOptionsFollowTheConfigSource/width_0_falls_back_to_the_host_constant,_not_to_a_guess (0.00s)
2026-10-10T08:01:50.3578436Z     --- PASS: TestTicket255WindowOptionsFollowTheConfigSource/a_negative_answer_is_garbage,_and_garbage_is_not_a_second_spelling_of_auto (0.00s)
2026-10-10T08:01:50.3579448Z === RUN   TestTicket255AssemblyRootGeometrySourceReachesTheWindowOptions
2026-10-10T08:01:50.3582817Z time=2026-10-10T07:55:28.733Z level=WARN msg="panel host: [panel] geometry source unreadable, sizing at the host's own default" path=C:\Users\RUNNER~1\AppData\Local\Temp\TestTicket255AssemblyRootGeometrySourceReachesTheWindowOptions4145965654\001\no-such-dir\config.toml err="config: config.toml read: no file at this path yet。第 1 种拒因：文件没建：这一页与这条链都不新建 config.toml。在控制台运行一次 wisp run，第一次启动会写出全默认的首份配置（它不替你选任何模型，也不替你建任何服务商行）: open C:\\Users\\RUNNER~1\\AppData\\Local\\Temp\\TestTicket255AssemblyRootGeometrySourceReachesTheWindowOptions4145965654\\001\\no-such-dir\\config.toml: The system cannot find the path specified." default=420x260
2026-10-10T08:01:50.3585985Z --- PASS: TestTicket255AssemblyRootGeometrySourceReachesTheWindowOptions (0.00s)
2026-10-10T08:01:50.3586512Z === RUN   TestTicket255PanelHostBuildsItsWindowOptions
2026-10-10T08:01:50.3586949Z --- PASS: TestTicket255PanelHostBuildsItsWindowOptions (0.01s)
2026-10-10T08:01:50.3587376Z === RUN   TestTicket255HostStillDoesNotParseConfigItself
2026-10-10T08:01:50.3588015Z --- PASS: TestTicket255HostStillDoesNotParseConfigItself (0.00s)
2026-10-10T08:01:50.3588810Z === RUN   TestTicket255PanelRosterVerdictIsTheHonestShape
2026-10-10T08:01:50.3589586Z --- PASS: TestTicket255PanelRosterVerdictIsTheHonestShape (0.00s)
2026-10-10T08:01:50.3590301Z === RUN   TestPanelHostOpensNoListeningSocketL1
2026-10-10T08:01:50.3590851Z --- PASS: TestPanelHostOpensNoListeningSocketL1 (0.00s)
2026-10-10T08:01:50.3591270Z === RUN   TestPanelBundleShapeSeparatesAnchorFromRealPage_AC12
2026-10-10T08:01:50.3592863Z     panel_host_gate_test.go:109: AC#12 reading (head a0e55a5): shape=page-bundle built=true entry-bytes=1068 entry-ctype="text/html; charset=utf-8" entry-err=<nil> refs=2 check-err=<nil> manifest-entries=4 manifest-err=<nil> | git-metadata=true tracked=1 tracked-beyond-anchor=0 tracked-has-entry=false ignored-or-untracked=2
2026-10-10T08:01:50.3594960Z --- PASS: TestPanelBundleShapeSeparatesAnchorFromRealPage_AC12 (0.08s)
2026-10-10T08:01:50.3595717Z === RUN   TestAC1SessionDisposeHasAProductionTrigger_AC1
2026-10-10T08:01:50.3597941Z     panel_host_gate_test.go:179: AC#1 dispose scan: 2 production constructor(s) [panel_resident_windows.go:253 resident_windows.go:186] | 2 manager-teardown site(s) [panel_resident_windows.go:447 panel_resident_windows.go:501] | 2 other .Destroy() call site(s), WebView2 control teardown and NOT a session dispose [panel_host_windows.go:409 panel_host_windows.go:731]
2026-10-10T08:01:50.3600130Z     panel_host_gate_test.go:188: AC#1 dispose reachability: 2 production constructor(s) [panel_resident_windows.go:253, resident_windows.go:186], 2 manager teardown site(s) [panel_resident_windows.go:447, panel_resident_windows.go:501]
2026-10-10T08:01:50.3601344Z --- PASS: TestAC1SessionDisposeHasAProductionTrigger_AC1 (0.01s)
2026-10-10T08:01:50.3601729Z === RUN   TestCleanCheckoutBuilds_AC11
2026-10-10T08:01:50.3602477Z     panel_host_gate_test.go:414: clean-checkout go build ./... ok in C:\Users\RUNNER~1\AppData\Local\Temp\TestCleanCheckoutBuilds_AC112262535963\001
2026-10-10T08:01:50.3603697Z --- PASS: TestCleanCheckoutBuilds_AC11 (23.42s)
2026-10-10T08:01:50.3604328Z === RUN   TestPanelHostRealWindowHopAndLifecycle
2026-10-10T08:01:50.3605500Z     panel_host_windows_test.go:660: cold bring-up measured on this box: -1.000 ms (HEAD a0e55a5 at read time, 2026-10-10T07:55:57Z)
2026-10-10T08:01:50.3606933Z     panel_host_windows_test.go:662: cold bring-up did not produce a browser round trip (got -1.000); the message channel did not come up on the real window
2026-10-10T08:01:50.3607643Z --- FAIL: TestPanelHostRealWindowHopAndLifecycle (5.03s)
2026-10-10T08:01:50.3608021Z === RUN   TestAC4FocusReturnToPriorWindowGap33r5
2026-10-10T08:01:50.3610084Z     panel_host_windows_test.go:944: AC#4 focus hop (head a0e55a5): foreground before any panel 0x501c4 | the ruler's own editor window 0x301d6 | foreground while hidden (prior) 0x301d6 | after Show 0xb01e0 | panel hwnd 0xb01e0 | prevFocus recorded at Show 0x301d6 | after Hide 0x301d6 | Hide attempted restore to 0x301d6 (SetForegroundWindow 1, SetFocus 197078)
2026-10-10T08:01:50.3611575Z --- PASS: TestAC4FocusReturnToPriorWindowGap33r5 (5.13s)
2026-10-10T08:01:50.3611944Z === RUN   TestPanelHostLatencyPercentilesAC2
2026-10-10T08:01:50.3613299Z     panel_host_windows_test.go:985: no cold/hot sample recorded in this process: the lifecycle test did not run in this binary (use -run 'TestPanelHostRealWindowHopAndLifecycle|TestPanelHostLatencyPercentilesAC2'). Named skip - an empty aggregate is not a green latency gate
2026-10-10T08:01:50.3614440Z --- SKIP: TestPanelHostLatencyPercentilesAC2 (0.00s)
2026-10-10T08:01:50.3614811Z === RUN   TestAC3ListeningSocketRulerSeesItsOwnListener
2026-10-10T08:01:50.3615555Z     panel_host_windows_test.go:1054: AC#3 positive control: IPv4 table rows=44, this pid owned 0 before / 1 while 127.0.0.1:57676 is listening
2026-10-10T08:01:50.3616752Z     panel_host_windows_test.go:1076: AC#3 positive control, IPv6 family: listening on [::1]:57677, table rows=22, this pid owns 1 LISTEN rows (baseline 0)
2026-10-10T08:01:50.3617760Z     panel_host_windows_test.go:1102: AC#3 positive control verdict: ruler counts a real listener (0 -> 1) and stops after Close (0)
2026-10-10T08:01:50.3618415Z --- PASS: TestAC3ListeningSocketRulerSeesItsOwnListener (0.00s)
2026-10-10T08:01:50.3618835Z === RUN   TestAC9InboundLegFromStdinReachesTheWriteLeg
2026-10-10T08:01:50.3620210Z time=2026-10-10T07:56:02.476Z level=INFO msg="config: wrote merged change into config.toml (ticket 226: only the keys listed changed value, every other key keeps the value the file already held; the file is re-laid in canonical form, so comments and hand-chosen key order are not preserved)" key=risk.permission_mode wrote=[risk.permission_mode]
2026-10-10T08:01:50.3621779Z --- PASS: TestAC9InboundLegFromStdinReachesTheWriteLeg (0.06s)
2026-10-10T08:01:50.3622219Z === RUN   TestAC9InboundLegRefusesUnlistedMethodAndAuditsIt
2026-10-10T08:01:50.3622673Z --- PASS: TestAC9InboundLegRefusesUnlistedMethodAndAuditsIt (0.02s)
2026-10-10T08:01:50.3623123Z === RUN   TestAC9InboundLegRefusesRosterMethodWithNoHandler
2026-10-10T08:01:50.3623571Z --- PASS: TestAC9InboundLegRefusesRosterMethodWithNoHandler (0.05s)
2026-10-10T08:01:50.3623998Z === RUN   TestAC9ComposerDispatchHasAProductionCaller
2026-10-10T08:01:50.3624406Z --- PASS: TestAC9ComposerDispatchHasAProductionCaller (0.02s)
2026-10-10T08:01:50.3624775Z === RUN   TestAC9InboundFlagSurfaceIsNarrow
2026-10-10T08:01:50.3625104Z --- PASS: TestAC9InboundFlagSurfaceIsNarrow (0.02s)
2026-10-10T08:01:50.3625521Z === RUN   TestInboundRosterGuardRefusesUnregisteredNameOnPageEdge
2026-10-10T08:01:50.3626970Z     panel_inbound_guards_35r3_test.go:153: (d)-1 roster guard on the page edge: door reply="面板请求被拒绝 [panel.approval.request (无 requestId)]：panel: composer request refused: 方法 \"panel.approval.request\" 不是面板 composer 通路的能力入口"
2026-10-10T08:01:50.3628310Z --- PASS: TestInboundRosterGuardRefusesUnregisteredNameOnPageEdge (0.00s)
2026-10-10T08:01:50.3629299Z === RUN   TestInboundSourceGuardRefusesForeignSourceOnPageEdge
2026-10-10T08:01:50.3632454Z     panel_inbound_guards_35r3_test.go:161: (d)-2 source guard on the page edge: door reply="面板请求被拒绝 [panel.mode.request pc-35r3-2-9e7a-4c1b]：panel: composer request refused: 来源 \"panel-composer-x\" 不是 \"panel-composer\"，按伪造/串台拒绝（requestId=\"pc-35r3-2-9e7a-4c1b\"）"
2026-10-10T08:01:50.3634668Z --- PASS: TestInboundSourceGuardRefusesForeignSourceOnPageEdge (0.00s)
2026-10-10T08:01:50.3635208Z === RUN   TestInboundRequestIDGuardRefusesMissingIDOnPageEdge
2026-10-10T08:01:50.3636662Z     panel_inbound_guards_35r3_test.go:170: (d)-3 requestId guard on the page edge: door reply="面板请求被拒绝 [panel.mode.request (无 requestId)]：panel: composer request refused: 缺少 requestId，无法与审计/卡片对齐（method=\"panel.mode.request\"）"
2026-10-10T08:01:50.3638007Z --- PASS: TestInboundRequestIDGuardRefusesMissingIDOnPageEdge (0.00s)
2026-10-10T08:01:50.3638484Z === RUN   TestLockedSuffixNeverTakesTheLockItself33r11
2026-10-10T08:01:50.3639270Z     panel_locked_naming_33r11_windows_test.go:233: 33-r11 census: 1 Locked-suffixed func(s) across 35 production source file(s) of package main
2026-10-10T08:01:50.3640420Z     panel_locked_naming_33r11_windows_test.go:235:   PanelManager.setPriorFocusLocked in panel_host_windows.go line 625: 0 lock operation(s) in its own body []
2026-10-10T08:01:50.3641188Z --- PASS: TestLockedSuffixNeverTakesTheLockItself33r11 (0.01s)
2026-10-10T08:01:50.3641681Z === RUN   TestRosteredLockedMethodReturnsWhileCallerHoldsTheLock33r11
2026-10-10T08:01:50.3642668Z     panel_locked_naming_33r11_windows_test.go:305: 33-r11 behaviour: setPriorFocusLocked returned inside the budget while m.mu was held, and it did record the sample
2026-10-10T08:01:50.3643971Z --- PASS: TestRosteredLockedMethodReturnsWhileCallerHoldsTheLock33r11 (0.00s)
2026-10-10T08:01:50.3644497Z === RUN   TestLockedNamingCensusBitesItsOwnFixture33r11
2026-10-10T08:01:50.3646476Z     panel_locked_naming_33r11_windows_test.go:398: 33-r11 positive control: planted fixtureHost.parkedLocked reported with [f.mu.Lock f.mu.Unlock], honest name clean, unsuffixed self-locker untouched
2026-10-10T08:01:50.3647998Z --- PASS: TestLockedNamingCensusBitesItsOwnFixture33r11 (0.00s)
2026-10-10T08:01:50.3648486Z === RUN   TestLockedNamingCensusRejectsTheOldName33r11
2026-10-10T08:01:50.3649434Z     panel_locked_naming_33r11_windows_test.go:416: 33-r11 positive control: the pre-rename shape is reported as roundTripHost.firstRoundTripLocked with [m.mu.Lock m.mu.Unlock]
2026-10-10T08:01:50.3650263Z --- PASS: TestLockedNamingCensusRejectsTheOldName33r11 (0.00s)
2026-10-10T08:01:50.3650672Z === RUN   TestCompletedWithinReportsAParkedCall33r11
2026-10-10T08:01:50.3651508Z     panel_locked_naming_33r11_windows_test.go:435: 33-r11 positive control: a self-locking Locked call parked, was reported as parked, and had touched nothing
2026-10-10T08:01:50.3652257Z --- PASS: TestCompletedWithinReportsAParkedCall33r11 (0.20s)
2026-10-10T08:01:50.3652703Z === RUN   TestAC13ColdStartPageOverEndsOnEntryContentNotTheProbe
2026-10-10T08:01:50.3653407Z     panel_pageover_33r10_windows_test.go:246: AC#13 33-r10 capture: probe document is 136 byte(s), round trip rtMs=0
2026-10-10T08:01:50.3654250Z     panel_pageover_33r10_windows_test.go:248: AC#13 33-r10 world: embed resolves 1068 entry byte(s), 1 element id(s) [root]
2026-10-10T08:01:50.3655216Z     panel_pageover_33r10_windows_test.go:279: AC#13 33-r10 read: last document 1068 byte(s), 1 of 1 entry id(s) present, entry bytes carried=true
2026-10-10T08:01:50.3655953Z --- PASS: TestAC13ColdStartPageOverEndsOnEntryContentNotTheProbe (0.00s)
2026-10-10T08:01:50.3656413Z === RUN   TestRunBooksWithASnapshotOfItsLiveQueue
2026-10-10T08:01:50.3657048Z time=2026-10-10T07:56:04.262Z level=WARN msg="goroutine outside the D38 roster (leak symptom)" goroutine=mockllm-stdout-reader owner=test
2026-10-10T08:01:50.3658323Z time=2026-10-10T07:56:04.277Z level=INFO msg="wisp: persistent log sink installed" dir=C:\Users\RUNNER~1\AppData\Local\Temp\TestRunBooksWithASnapshotOfItsLiveQueue180018292\002\logs min_level=info early_records=0 early_dropped=0
2026-10-10T08:01:50.3659581Z 2026/10/10 07:56:04 mockllm: serving on http://127.0.0.1:57678 (golden dir D:\a\wisp\wisp\internal\llm\testdata\golden)
2026-10-10T08:01:50.3662270Z time=2026-10-10T07:56:04.423Z level=INFO msg="pre-migration backup written" component=memory backup=C:\Users\RUNNER~1\AppData\Local\Temp\TestRunBooksWithASnapshotOfItsLiveQueue180018292\002\backup\wisp.db.bak-0-1 from=0 to=1
2026-10-10T08:01:50.3664696Z time=2026-10-10T07:56:04.493Z level=INFO msg="schema migration step applied" component=memory from=0 to=1 started_at=2026-10-10T07:56:04Z duration_ms=70
2026-10-10T08:01:50.3669943Z time=2026-10-10T07:56:04.705Z level=INFO msg="pre-migration backup written" component=memory backup=C:\Users\RUNNER~1\AppData\Local\Temp\TestRunBooksWithASnapshotOfItsLiveQueue180018292\002\backup\wisp.db.bak-1-2 from=1 to=2
2026-10-10T08:01:50.3675167Z time=2026-10-10T07:56:04.734Z level=INFO msg="schema migration step applied" component=memory from=1 to=2 started_at=2026-10-10T07:56:04Z duration_ms=28
2026-10-10T08:01:50.3677074Z time=2026-10-10T07:56:04.806Z level=INFO msg="schema migration complete" component=memory schema_version=2
2026-10-10T08:01:50.3678573Z time=2026-10-10T07:56:04.807Z level=INFO msg="startup WAL checkpoint (TRUNCATE) done" component=memory wal_pages_before=0 pages_moved=0
2026-10-10T08:01:50.3681160Z     panel_pump_test.go:218: booked record: map[at:2026-10-10T07:56:04Z bytes:1652 depth:1 mode:ask_high_risk pending:pump-corr results:0/0 sha256:bc52c7d0b7e91e96 ws:unset]
2026-10-10T08:01:50.3688439Z     panel_pump_test.go:219: packet bytes (1652): {"pending":[{"correlationId":"pump-corr","tool":"fs.read","args":["{\"path\":\"C:/Windows/win.ini\"}"],"level":"L2","rulesHit":["R2"],"reason":"R2: 目标路径在授权目录之外: C:\\Windows\\win.ini","reasonKnown":true,"sessionOverrideBlocked":false,"callChain":[],"decidedBy":"native"}],"results":[],"composer":{"mode":{"current":"ask_high_risk","names":["ask_every_step","ask_high_risk","auto_approve"],"l2ConfirmNames":["auto_approve"]},"workspace":{"set":false,"spelling":"","canonical":"","reparse":false,"rewritten":false,"reason":"未选择工作区：本轮按 [fs] allowed_dirs 授权的目录判定"},"attachments":[],"acceptedAttachmentMimes":["image/png","image/jpeg","image/gif","image/webp","video/mp4","video/quicktime"],"maxAttachmentBytes":67108864,"attachmentError":"","git":{"kind":"unreadable","reason":"本轮未选择工作区，git 这一维没有可探测的目录","branch":"","detachedSha":"","isDetached":false,"repoRoot":"","currentWorktree":"","worktrees":[],"branches":[],"switchBlocked":"切换分支／切换工作树今天不可用：网页到宿主的那一跳还没有落地（无 postMessage 接收器、无 router、无 WebView2 宿主），面板只有快照这一条出向通道"},"currentModel":"m1","modelKnown":true,"credentialState":"all_recorded","credentialKnown":true},"generatedAt":"2026-10-10T07:56:04Z","instructions":{"status":"not_run","reason":"加载器已经接线，但这一轮还没有跑过加载，所以这里是没有读数，不是没有说明文件。","files":[]},"tasks":{"rows":[],"inFlightSlots":0,"poolCap":4,"streamTruncated":false,"streamElidedRunes":0,"droppedStreamKeys":[]}}
2026-10-10T08:01:50.3693491Z --- PASS: TestRunBooksWithASnapshotOfItsLiveQueue (33.04s)
2026-10-10T08:01:50.3693924Z === RUN   TestSnapshotWorkspaceSectionReportsTheNarrowing
2026-10-10T08:01:50.3694884Z time=2026-10-10T07:56:36.731Z level=WARN msg="goroutine outside the D38 roster (leak symptom)" goroutine=mockllm-stdout-reader owner=test
2026-10-10T08:01:50.3709600Z time=2026-10-10T07:56:36.747Z level=INFO msg="wisp: persistent log sink installed" dir=C:\Users\RUNNER~1\AppData\Local\Temp\TestSnapshotWorkspaceSectionReportsTheNarrowing3894181889\002\logs min_level=info early_records=0 early_dropped=0
2026-10-10T08:01:50.3710939Z 2026/10/10 07:56:36 mockllm: serving on http://127.0.0.1:57693 (golden dir D:\a\wisp\wisp\internal\llm\testdata\golden)
2026-10-10T08:01:50.3712241Z time=2026-10-10T07:56:36.794Z level=INFO msg="pre-migration backup written" component=memory backup=C:\Users\RUNNER~1\AppData\Local\Temp\TestSnapshotWorkspaceSectionReportsTheNarrowing3894181889\002\backup\wisp.db.bak-0-1 from=0 to=1
2026-10-10T08:01:50.3713592Z time=2026-10-10T07:56:36.806Z level=INFO msg="schema migration step applied" component=memory from=0 to=1 started_at=2026-10-10T07:56:36Z duration_ms=11
2026-10-10T08:01:50.3714938Z time=2026-10-10T07:56:36.844Z level=INFO msg="pre-migration backup written" component=memory backup=C:\Users\RUNNER~1\AppData\Local\Temp\TestSnapshotWorkspaceSectionReportsTheNarrowing3894181889\002\backup\wisp.db.bak-1-2 from=1 to=2
2026-10-10T08:01:50.3716244Z time=2026-10-10T07:56:36.853Z level=INFO msg="schema migration step applied" component=memory from=1 to=2 started_at=2026-10-10T07:56:36Z duration_ms=9
2026-10-10T08:01:50.3717069Z time=2026-10-10T07:56:36.873Z level=INFO msg="schema migration complete" component=memory schema_version=2
2026-10-10T08:01:50.3718148Z time=2026-10-10T07:56:36.875Z level=INFO msg="startup WAL checkpoint (TRUNCATE) done" component=memory wal_pages_before=0 pages_moved=0
2026-10-10T08:01:50.3719076Z     panel_pump_test.go:389: fold-key finding did not reproduce on this run: the two spellings came out identical
2026-10-10T08:01:50.3720097Z --- PASS: TestSnapshotWorkspaceSectionReportsTheNarrowing (1.06s)
2026-10-10T08:01:50.3720529Z === RUN   TestThePumpIsDrivenNotJustAssembled
2026-10-10T08:01:50.3721168Z time=2026-10-10T07:56:37.777Z level=WARN msg="goroutine outside the D38 roster (leak symptom)" goroutine=mockllm-stdout-reader owner=test
2026-10-10T08:01:50.3722420Z time=2026-10-10T07:56:37.792Z level=INFO msg="wisp: persistent log sink installed" dir=C:\Users\RUNNER~1\AppData\Local\Temp\TestThePumpIsDrivenNotJustAssembled990249762\002\logs min_level=info early_records=0 early_dropped=0
2026-10-10T08:01:50.3723577Z 2026/10/10 07:56:37 mockllm: serving on http://127.0.0.1:57695 (golden dir D:\a\wisp\wisp\internal\llm\testdata\golden)
2026-10-10T08:01:50.3724748Z time=2026-10-10T07:56:37.829Z level=INFO msg="pre-migration backup written" component=memory backup=C:\Users\RUNNER~1\AppData\Local\Temp\TestThePumpIsDrivenNotJustAssembled990249762\002\backup\wisp.db.bak-0-1 from=0 to=1
2026-10-10T08:01:50.3726015Z time=2026-10-10T07:56:37.850Z level=INFO msg="schema migration step applied" component=memory from=0 to=1 started_at=2026-10-10T07:56:37Z duration_ms=20
2026-10-10T08:01:50.3727284Z time=2026-10-10T07:56:37.881Z level=INFO msg="pre-migration backup written" component=memory backup=C:\Users\RUNNER~1\AppData\Local\Temp\TestThePumpIsDrivenNotJustAssembled990249762\002\backup\wisp.db.bak-1-2 from=1 to=2
2026-10-10T08:01:50.3730482Z time=2026-10-10T07:56:37.893Z level=INFO msg="schema migration step applied" component=memory from=1 to=2 started_at=2026-10-10T07:56:37Z duration_ms=12
2026-10-10T08:01:50.3732065Z time=2026-10-10T07:56:37.917Z level=INFO msg="schema migration complete" component=memory schema_version=2
2026-10-10T08:01:50.3733568Z time=2026-10-10T07:56:37.918Z level=INFO msg="startup WAL checkpoint (TRUNCATE) done" component=memory wal_pages_before=0 pages_moved=0
2026-10-10T08:01:50.3735319Z --- PASS: TestThePumpIsDrivenNotJustAssembled (1.04s)
2026-10-10T08:01:50.3736099Z === RUN   TestTicket255r1ReshowSendsTheResolvedPairThroughDispatch
2026-10-10T08:01:50.3737360Z === RUN   TestTicket255r1ReshowSendsTheResolvedPairThroughDispatch/the_configured_pair_goes_out_as_it_stands
2026-10-10T08:01:50.3739040Z === RUN   TestTicket255r1ReshowSendsTheResolvedPairThroughDispatch/height_0_keeps_the_host's_260,_the_same_rule_the_create_uses
2026-10-10T08:01:50.3741216Z === RUN   TestTicket255r1ReshowSendsTheResolvedPairThroughDispatch/width_0_falls_back_to_the_host_constant,_not_to_a_guess
2026-10-10T08:01:50.3742904Z === RUN   TestTicket255r1ReshowSendsTheResolvedPairThroughDispatch/an_unreadable_config_answers_the_host_constants
2026-10-10T08:01:50.3744521Z === RUN   TestTicket255r1ReshowSendsTheResolvedPairThroughDispatch/a_negative_answer_resolves_the_way_the_create_resolves_it
2026-10-10T08:01:50.3746100Z === RUN   TestTicket255r1ReshowSendsTheResolvedPairThroughDispatch/a_host_nobody_sized_sends_nothing_at_all
2026-10-10T08:01:50.3747316Z --- PASS: TestTicket255r1ReshowSendsTheResolvedPairThroughDispatch (0.00s)
2026-10-10T08:01:50.3748773Z     --- PASS: TestTicket255r1ReshowSendsTheResolvedPairThroughDispatch/the_configured_pair_goes_out_as_it_stands (0.00s)
2026-10-10T08:01:50.3750685Z     --- PASS: TestTicket255r1ReshowSendsTheResolvedPairThroughDispatch/height_0_keeps_the_host's_260,_the_same_rule_the_create_uses (0.00s)
2026-10-10T08:01:50.3752661Z     --- PASS: TestTicket255r1ReshowSendsTheResolvedPairThroughDispatch/width_0_falls_back_to_the_host_constant,_not_to_a_guess (0.00s)
2026-10-10T08:01:50.3755753Z     --- PASS: TestTicket255r1ReshowSendsTheResolvedPairThroughDispatch/an_unreadable_config_answers_the_host_constants (0.00s)
2026-10-10T08:01:50.3757847Z     --- PASS: TestTicket255r1ReshowSendsTheResolvedPairThroughDispatch/a_negative_answer_resolves_the_way_the_create_resolves_it (0.00s)
2026-10-10T08:01:50.3760288Z     --- PASS: TestTicket255r1ReshowSendsTheResolvedPairThroughDispatch/a_host_nobody_sized_sends_nothing_at_all (0.00s)
2026-10-10T08:01:50.3761524Z === RUN   TestTicket255r1ShowOnAnExistingWindowSendsTheResize
2026-10-10T08:01:50.3762676Z --- PASS: TestTicket255r1ShowOnAnExistingWindowSendsTheResize (0.00s)
2026-10-10T08:01:50.3764217Z === RUN   TestTicket255r1SinkTellsDispatchFromABareCall
2026-10-10T08:01:50.3765175Z --- PASS: TestTicket255r1SinkTellsDispatchFromABareCall (0.00s)
2026-10-10T08:01:50.3765646Z === RUN   TestTicket255r1ReshowWithNoLiveControlSendsNothing
2026-10-10T08:01:50.3766131Z --- PASS: TestTicket255r1ReshowWithNoLiveControlSendsNothing (0.00s)
2026-10-10T08:01:50.3766643Z === RUN   TestTicket255r1ShowAsksForGeometryOnlyOnTheReshowBranch
2026-10-10T08:01:50.3767172Z --- PASS: TestTicket255r1ShowAsksForGeometryOnlyOnTheReshowBranch (0.00s)
2026-10-10T08:01:50.3767753Z === RUN   TestTicket255r1HostResizeCallSiteAsksForHintNoneAndIsTheOnlyOne
2026-10-10T08:01:50.3768752Z --- PASS: TestTicket255r1HostResizeCallSiteAsksForHintNoneAndIsTheOnlyOne (0.00s)
2026-10-10T08:01:50.3769951Z === RUN   TestAC13ColdStartEndsOnTheEmbeddedEntryNotTheProbe
2026-10-10T08:01:50.3771706Z     panel_resident_windows_test.go:315: AC#13 probes from the resolved entry (1068 bytes): 1 id(s) [root]
2026-10-10T08:01:50.3772689Z time=2026-10-10T07:56:37.960Z level=WARN msg="goroutine outside the D38 roster (leak symptom)" goroutine=panel-sta owner="panel host (ticket 33)"
2026-10-10T08:01:50.3774559Z wisp: panel window is up (test-harness, cold -1.0 ms, hot path 0.0 ms)
2026-10-10T08:01:50.3776636Z     panel_resident_windows_test.go:325: no report "ac13-probe" from the page within 15s (what DID arrive at the door: nothing at all). AC#13 cannot be decided without the page's own answer, and the three shapes that are all true with no reply (Dispatch called, Eval returned, Go-side channel closed) are not assertions
2026-10-10T08:01:50.3778091Z time=2026-10-10T07:56:57.971Z level=INFO msg="panel thread ending" why="the library pump returned" window_opened=true
2026-10-10T08:01:50.3779105Z time=2026-10-10T07:56:57.971Z level=INFO msg="panel thread exited cleanly" shows=1 toggles=0 disposals=0
2026-10-10T08:01:50.3780215Z --- FAIL: TestAC13ColdStartEndsOnTheEmbeddedEntryNotTheProbe (20.01s)
2026-10-10T08:01:50.3781869Z === RUN   TestAC13BringUpSurvivesAReusedThreadQuit
2026-10-10T08:01:50.3783556Z     panel_resident_windows_test.go:483: AC#13 reused-thread root cause: planted one WM_QUIT on this locked thread, then ran bringUp - panicked=<nil> err=<nil> created=true
2026-10-10T08:01:50.3786154Z     panel_resident_windows_test.go:485: AC#13 reused-thread release: tid=9492 dispatched 3 message(s) before unlocking; windows left on that thread=0 queue head=empty
2026-10-10T08:01:50.3787888Z --- PASS: TestAC13BringUpSurvivesAReusedThreadQuit (7.73s)
2026-10-10T08:01:50.3788611Z === RUN   TestAC13BringUpRefusesAThreadWithAQueuedClose
2026-10-10T08:01:50.3793571Z     panel_resident_windows_test.go:569: AC#13 queued-close: tid=9492 first bringUp ok, pumped 0 to idle, Destroy left a queued close (hwnd 0x20240, plantQueued=true), then bringUp#2 err=panel host: refusing to create the panel window: this thread still has an undispatched WM_CLOSE queued for hwnd 0x20240. The library's create pump would dispatch it before the control exists and end its own GetMessageW loop (pkg/edge chromium.go:96-111, webview.go:242-243 + 381-383); measured 3/3 panic on a planted thread. The thread's owner must dispatch its queue to empty - purging without dispatching leaks the prior window and can swallow this create's own completion message created=false; the close was still queued after the refusal=true; released with windows=0 queue head=empty
2026-10-10T08:01:50.3796441Z --- PASS: TestAC13BringUpRefusesAThreadWithAQueuedClose (5.05s)
2026-10-10T08:01:50.3796970Z === RUN   TestAC13NamedRefusalEndsThePanelThreadInsteadOfRefusingForever
2026-10-10T08:01:50.3798133Z time=2026-10-10T07:57:10.764Z level=WARN msg="goroutine outside the D38 roster (leak symptom)" goroutine=panel-sta owner="panel host (ticket 33)"
2026-10-10T08:01:50.3799615Z     panel_resident_windows_test.go:689: fifth-shape plant on the panel thread: hwnd=0x30232 live=true PostMessageW(WM_CLOSE) returned=true lastErr=The operation completed successfully. | check reads queued=true names-the-live-window=true
2026-10-10T08:01:50.3802774Z time=2026-10-10T07:57:10.805Z level=ERROR msg="panel host: show failed on the panel thread" via=33r9-nail err="panel host: refusing to create the panel window: this thread still has an undispatched WM_CLOSE queued for hwnd 0x30232. The library's create pump would dispatch it before the control exists and end its own GetMessageW loop (pkg/edge chromium.go:96-111, webview.go:242-243 + 381-383); measured 3/3 panic on a planted thread. The thread's owner must dispatch its queue to empty - purging without dispatching leaks the prior window and can swallow this create's own completion message"
2026-10-10T08:01:50.3806572Z wisp: panel could not open (panel host: refusing to create the panel window: this thread still has an undispatched WM_CLOSE queued for hwnd 0x30232. The library's create pump would dispatch it before the control exists and end its own GetMessageW loop (pkg/edge chromium.go:96-111, webview.go:242-243 + 381-383); measured 3/3 panic on a planted thread. The thread's owner must dispatch its queue to empty - purging without dispatching leaks the prior window and can swallow this create's own completion message): 33r9-nail
2026-10-10T08:01:50.3810706Z time=2026-10-10T07:57:10.805Z level=ERROR msg="panel thread: retiring without a panel window after a named refusal" via=33r9-nail err="panel host: refusing to create the panel window: this thread still has an undispatched WM_CLOSE queued for hwnd 0x30232. The library's create pump would dispatch it before the control exists and end its own GetMessageW loop (pkg/edge chromium.go:96-111, webview.go:242-243 + 381-383); measured 3/3 panic on a planted thread. The thread's owner must dispatch its queue to empty - purging without dispatching leaks the prior window and can swallow this create's own completion message" shows=1
2026-10-10T08:01:50.3814614Z wisp: panel thread will take no further requests: panel host: refusing to create the panel window: this thread still has an undispatched WM_CLOSE queued for hwnd 0x30232. The library's create pump would dispatch it before the control exists and end its own GetMessageW loop (pkg/edge chromium.go:96-111, webview.go:242-243 + 381-383); measured 3/3 panic on a planted thread. The thread's owner must dispatch its queue to empty - purging without dispatching leaks the prior window and can swallow this create's own completion message
2026-10-10T08:01:50.3816743Z time=2026-10-10T07:57:10.805Z level=INFO msg="panel thread ending" why="no window to pump" window_opened=false
2026-10-10T08:01:50.3823445Z     panel_resident_windows_test.go:759: refusal-to-retirement: settle=5.7408ms second RequestShow accepted=false in 0s | thread retired=true isFinished=true | the planted live window 0x30232 IsWindow=false | startUpErr=panel host: refusing to create the panel window: this thread still has an undispatched WM_CLOSE queued for hwnd 0x30232. The library's create pump would dispatch it before the control exists and end its own GetMessageW loop (pkg/edge chromium.go:96-111, webview.go:242-243 + 381-383); measured 3/3 panic on a planted thread. The thread's owner must dispatch its queue to empty - purging without dispatching leaks the prior window and can swallow this create's own completion message | statusLine="panel thread could not start: panel host: refusing to create the panel window: this thread still has an undispatched WM_CLOSE queued for hwnd 0x30232. The library's create pump would dispatch it before the control exists and end its own GetMessageW loop (pkg/edge chromium.go:96-111, webview.go:242-243 + 381-383); measured 3/3 panic on a planted thread. The thread's owner must dispatch its queue to empty - purging without dispatching leaks the prior window and can swallow this create's own completion message"
2026-10-10T08:01:50.3828403Z time=2026-10-10T07:57:10.811Z level=INFO msg="panel thread exited cleanly" shows=2 toggles=0 disposals=0
2026-10-10T08:01:50.3829062Z --- PASS: TestAC13NamedRefusalEndsThePanelThreadInsteadOfRefusingForever (0.05s)
2026-10-10T08:01:50.3829569Z === RUN   TestAC14AwaitedBindingReplyReachesThePage
2026-10-10T08:01:50.3830234Z time=2026-10-10T07:57:10.811Z level=WARN msg="goroutine outside the D38 roster (leak symptom)" goroutine=panel-sta owner="panel host (ticket 33)"
2026-10-10T08:01:50.3830944Z wisp: panel window is up (test-harness, cold -1.0 ms, hot path 0.0 ms)
2026-10-10T08:01:50.3832502Z     panel_resident_windows_test.go:821: no report "ac14r-0" from the page within 15s (what DID arrive at the door: nothing at all). AC#14's reply hop cannot be decided without the page's own answer, and the three shapes that are all true with no reply (Dispatch called, Eval returned, Go-side channel closed) are not assertions
2026-10-10T08:01:50.3833942Z time=2026-10-10T07:57:30.821Z level=INFO msg="panel thread ending" why="the library pump returned" window_opened=true
2026-10-10T08:01:50.3834670Z time=2026-10-10T07:57:30.821Z level=INFO msg="panel thread exited cleanly" shows=1 toggles=0 disposals=0
2026-10-10T08:01:50.3835342Z --- FAIL: TestAC14AwaitedBindingReplyReachesThePage (20.01s)
2026-10-10T08:01:50.3836052Z === RUN   TestAC14GoSideEvalPushReachesThePage
2026-10-10T08:01:50.3837745Z time=2026-10-10T07:57:30.821Z level=WARN msg="goroutine outside the D38 roster (leak symptom)" goroutine=panel-sta owner="panel host (ticket 33)"
2026-10-10T08:01:50.3838562Z wisp: panel window is up (test-harness, cold -1.0 ms, hot path 0.0 ms)
2026-10-10T08:01:50.3840640Z     panel_resident_windows_test.go:866: no report "ac14-push" from the page within 15s (what DID arrive at the door: nothing at all). AC#14's push hop cannot be decided without the page's own answer, and the three shapes that are all true with no reply (Dispatch called, Eval returned, Go-side channel closed) are not assertions
2026-10-10T08:01:50.3842144Z time=2026-10-10T07:57:50.838Z level=INFO msg="panel thread ending" why="the library pump returned" window_opened=true
2026-10-10T08:01:50.3842858Z time=2026-10-10T07:57:50.838Z level=INFO msg="panel thread exited cleanly" shows=1 toggles=0 disposals=0
2026-10-10T08:01:50.3843388Z --- FAIL: TestAC14GoSideEvalPushReachesThePage (20.02s)
2026-10-10T08:01:50.3843757Z === RUN   TestPanelThreadIsSTAAndExitsCleanly
2026-10-10T08:01:50.3844409Z time=2026-10-10T07:57:50.838Z level=WARN msg="goroutine outside the D38 roster (leak symptom)" goroutine=panel-sta owner="panel host (ticket 33)"
2026-10-10T08:01:50.3845121Z wisp: panel window is up (test-harness, cold -1.0 ms, hot path 0.0 ms)
2026-10-10T08:01:50.3845721Z time=2026-10-10T07:57:55.849Z level=INFO msg="panel thread ending" why="the library pump returned" window_opened=true
2026-10-10T08:01:50.3846600Z time=2026-10-10T07:57:55.849Z level=INFO msg="panel thread exited cleanly" shows=1 toggles=0 disposals=0
2026-10-10T08:01:50.3848011Z     panel_resident_windows_test.go:910: panel thread up and down: hwnd 0x60234, exits observed, shows=1
2026-10-10T08:01:50.3849327Z time=2026-10-10T07:57:55.849Z level=INFO msg="panel thread exited cleanly" shows=1 toggles=0 disposals=0
2026-10-10T08:01:50.3849899Z --- PASS: TestPanelThreadIsSTAAndExitsCleanly (5.01s)
2026-10-10T08:01:50.3850275Z === RUN   TestPanelThreadNameIsNotInResidentRoster
2026-10-10T08:01:50.3850668Z --- PASS: TestPanelThreadNameIsNotInResidentRoster (0.00s)
2026-10-10T08:01:50.3851052Z === RUN   TestBallPanelGesturesReachThePanelThread
2026-10-10T08:01:50.3851710Z time=2026-10-10T07:57:55.850Z level=WARN msg="goroutine outside the D38 roster (leak symptom)" goroutine=panel-sta owner="panel host (ticket 33)"
2026-10-10T08:01:50.3852424Z wisp: panel window is up (panel-hotkey, cold -1.0 ms, hot path 0.0 ms)
2026-10-10T08:01:50.3853298Z time=2026-10-10T07:58:00.902Z level=INFO msg="panel thread ending" why="the library pump returned" window_opened=true
2026-10-10T08:01:50.3854006Z time=2026-10-10T07:58:00.904Z level=INFO msg="panel thread exited cleanly" shows=1 toggles=2 disposals=0
2026-10-10T08:01:50.3854542Z --- PASS: TestBallPanelGesturesReachThePanelThread (5.05s)
2026-10-10T08:01:50.3854946Z === RUN   TestBallGestureWithoutPanelHostStillRecords
2026-10-10T08:01:50.3856735Z time=2026-10-10T07:58:00.905Z level=WARN msg="ball gesture arrived with no executor" gesture=panel-hotkey why="no executor was handed to this ball host for this gesture; the gestures with one are the cancel key when the assembly root injected an approval gate (ticket 246), the panel gestures when it injected a panel host (ticket 33) and the two mute gestures when this process assembled a capture leg (ticket 290) - what is left is recorded by name, never invented"
2026-10-10T08:01:50.3859568Z wisp: ball panel-hotkey: no executor was handed to this ball host for this gesture; the gestures with one are the cancel key when the assembly root injected an approval gate (ticket 246), the panel gestures when it injected a panel host (ticket 33) and the two mute gestures when this process assembled a capture leg (ticket 290) - what is left is recorded by name, never invented
2026-10-10T08:01:50.3861927Z --- PASS: TestBallGestureWithoutPanelHostStillRecords (0.00s)
2026-10-10T08:01:50.3862378Z === RUN   TestAC4PriorFocusSurvivesARefusedPanelSample
2026-10-10T08:01:50.3863053Z time=2026-10-10T07:58:00.919Z level=WARN msg="goroutine outside the D38 roster (leak symptom)" goroutine=panel-sta owner="panel host (ticket 33)"
2026-10-10T08:01:50.3863758Z wisp: panel window is up (test-harness, cold -1.0 ms, hot path 0.0 ms)
2026-10-10T08:01:50.3865471Z     panel_resident_windows_test.go:996: the host recorded the ruler's own editor window 0x6022e as the prior - exactly the value a real user's editor would be
2026-10-10T08:01:50.3867114Z time=2026-10-10T07:58:06.004Z level=INFO msg="panel thread ending" why="the library pump returned" window_opened=true
2026-10-10T08:01:50.3867988Z time=2026-10-10T07:58:06.004Z level=INFO msg="panel thread exited cleanly" shows=1 toggles=0 disposals=0
2026-10-10T08:01:50.3868560Z --- PASS: TestAC4PriorFocusSurvivesARefusedPanelSample (5.09s)
2026-10-10T08:01:50.3869062Z === RUN   TestPagePostMessageEnvelopeReachesDispatchRawViaTransport
2026-10-10T08:01:50.3869605Z --- PASS: TestPagePostMessageEnvelopeReachesDispatchRawViaTransport (0.00s)
2026-10-10T08:01:50.3870240Z === RUN   TestPagePostMessageEnvelopeReachesNativeExitViaShapeA3
2026-10-10T08:01:50.3874454Z     panel_transport_35r2_test.go:1755: shape ③ delivery: nativeExitCalls=1 receiverOK=1 receiverLost=0 ignoredWrites=(none) doorRounds=1 maxPostDepth=3 capTripped=false capDepth=0 unparsable=0 unboundSlots=0 evalThrew=0 resolved=1 rejected=0 scriptThrows=[] | frame="{\"id\":1,\"method\":\"wispDispatch\",\"params\":[\"{\\\"method\\\":\\\"panel.mode.request\\\",\\\"requestId\\\":\\\"pc-1-3f2b1c0d-9e7a-4c1b-8f14-e45fceea469a\\\",\\\"source\\\":\\\"panel-composer\\\",\\\"to\\\":\\\"ask_every_step\\\"}\"]}" | door reply=""
2026-10-10T08:01:50.3876450Z --- PASS: TestPagePostMessageEnvelopeReachesNativeExitViaShapeA3 (0.00s)
2026-10-10T08:01:50.3876929Z === RUN   TestShapeA3SecondPagePostStillDelivers
2026-10-10T08:01:50.3877323Z --- PASS: TestShapeA3SecondPagePostStillDelivers (0.00s)
2026-10-10T08:01:50.3877750Z === RUN   TestShapeA3ForwardingHookIsIdempotentInOneDocument
2026-10-10T08:01:50.3878228Z --- PASS: TestShapeA3ForwardingHookIsIdempotentInOneDocument (0.00s)
2026-10-10T08:01:50.3878677Z === RUN   TestLegacySubShapeOneHookDiesInAReentryLoop
2026-10-10T08:01:50.3880509Z     panel_transport_35r2_test.go:1844: sub-shape ① under the behavioural yard: re-entered 9 levels (cap 8), native exit called 0 times, door fired 0 times, page error="RangeError: maximum call stack size exceeded - chrome.webview.postMessage re-entered 9 levels (cap 8) with the native exit called 0 times; a page in a real browser dies here"
2026-10-10T08:01:50.3882177Z --- PASS: TestLegacySubShapeOneHookDiesInAReentryLoop (0.00s)
2026-10-10T08:01:50.3882634Z === RUN   TestUnforwardedPageEnvelopeDiesAtTheUnboundSlot
2026-10-10T08:01:50.3883077Z --- PASS: TestUnforwardedPageEnvelopeDiesAtTheUnboundSlot (0.00s)
2026-10-10T08:01:50.3883534Z === RUN   TestForwardingHookMustNotLoseTheNativeExitReceiver
2026-10-10T08:01:50.3884449Z     panel_transport_35r2_test.go:1968: M-A face has teeth: 1 native-exit call, all with chrome.webview as receiver (receiverLost=0); a bare native(message) trips it
2026-10-10T08:01:50.3885553Z --- PASS: TestForwardingHookMustNotLoseTheNativeExitReceiver (0.00s)
2026-10-10T08:01:50.3886174Z === RUN   TestForwardingHookIsSilentlyUnarmedByANonWritableNativeExit
2026-10-10T08:01:50.3887125Z     panel_transport_35r2_test.go:2018: M-B1 face has teeth: non-writable world refused the hook (doorRounds=0, unboundSlots=1), writable world armed it (doorRounds=1)
2026-10-10T08:01:50.3887988Z --- PASS: TestForwardingHookIsSilentlyUnarmedByANonWritableNativeExit (0.00s)
2026-10-10T08:01:50.3888565Z === RUN   TestForwardingHookFallsBackToTheNativeExitWhenTheDoorIsAbsent
2026-10-10T08:01:50.3889467Z     panel_transport_35r2_test.go:2071: door absent: the guard's typeof half routed the page's envelope to the native exit byte-for-byte (frames=1, no throw)
2026-10-10T08:01:50.3890296Z --- PASS: TestForwardingHookFallsBackToTheNativeExitWhenTheDoorIsAbsent (0.00s)
2026-10-10T08:01:50.3890902Z === RUN   TestForwardingHookFallsBackToTheNativeExitWhenTheDoorIsNotCallable
2026-10-10T08:01:50.3891988Z     panel_transport_35r2_test.go:2140: M-B3 face has teeth: door present as typeof==="string", guard's typeof half routed the page's envelope to the native exit byte-for-byte (frames=1, no throw)
2026-10-10T08:01:50.3892950Z --- PASS: TestForwardingHookFallsBackToTheNativeExitWhenTheDoorIsNotCallable (0.03s)
2026-10-10T08:01:50.3893508Z === RUN   TestProvidersProbeRecordsMeasuredThinkingFalse
2026-10-10T08:01:50.3894189Z time=2026-10-10T07:58:07.007Z level=WARN msg="goroutine outside the D38 roster (leak symptom)" goroutine=mockllm-stdout-reader owner=test
2026-10-10T08:01:50.3895017Z 2026/10/10 07:58:07 mockllm: serving on http://127.0.0.1:62775 (golden dir D:\a\wisp\wisp\internal\llm\testdata\golden)
2026-10-10T08:01:50.3896267Z time=2026-10-10T07:58:07.083Z level=INFO msg="pre-migration backup written" component=memory backup=C:\Users\runneradmin\AppData\Local\Temp\TestProvidersProbeRecordsMeasuredThinkingFalse3624411979\002\backup\wisp.db.bak-0-1 from=0 to=1
2026-10-10T08:01:50.3898458Z time=2026-10-10T07:58:07.097Z level=INFO msg="schema migration step applied" component=memory from=0 to=1 started_at=2026-10-10T07:58:07Z duration_ms=14
2026-10-10T08:01:50.3900571Z time=2026-10-10T07:58:07.124Z level=INFO msg="pre-migration backup written" component=memory backup=C:\Users\runneradmin\AppData\Local\Temp\TestProvidersProbeRecordsMeasuredThinkingFalse3624411979\002\backup\wisp.db.bak-1-2 from=1 to=2
2026-10-10T08:01:50.3901967Z time=2026-10-10T07:58:07.164Z level=INFO msg="schema migration step applied" component=memory from=1 to=2 started_at=2026-10-10T07:58:07Z duration_ms=40
2026-10-10T08:01:50.3902809Z time=2026-10-10T07:58:07.198Z level=INFO msg="schema migration complete" component=memory schema_version=2
2026-10-10T08:01:50.3903609Z time=2026-10-10T07:58:07.200Z level=INFO msg="startup WAL checkpoint (TRUNCATE) done" component=memory wal_pages_before=0 pages_moved=0
2026-10-10T08:01:50.3904488Z time=2026-10-10T07:58:07.210Z level=INFO msg="startup WAL checkpoint (TRUNCATE) done" component=memory wal_pages_before=0 pages_moved=0
2026-10-10T08:01:50.3905304Z --- PASS: TestProvidersProbeRecordsMeasuredThinkingFalse (1.22s)
2026-10-10T08:01:50.3906466Z === RUN   TestProvidersProbeRecordsMeasuredThinkingTrue
2026-10-10T08:01:50.3907440Z time=2026-10-10T07:58:08.189Z level=WARN msg="goroutine outside the D38 roster (leak symptom)" goroutine=mockllm-stdout-reader owner=test
2026-10-10T08:01:50.3909431Z 2026/10/10 07:58:08 mockllm: serving on http://127.0.0.1:62778 (golden dir D:\a\wisp\wisp\internal\llm\testdata\golden)
2026-10-10T08:01:50.3910795Z time=2026-10-10T07:58:08.234Z level=INFO msg="pre-migration backup written" component=memory backup=C:\Users\runneradmin\AppData\Local\Temp\TestProvidersProbeRecordsMeasuredThinkingTrue141028552\002\backup\wisp.db.bak-0-1 from=0 to=1
2026-10-10T08:01:50.3912142Z time=2026-10-10T07:58:08.264Z level=INFO msg="schema migration step applied" component=memory from=0 to=1 started_at=2026-10-10T07:58:08Z duration_ms=29
2026-10-10T08:01:50.3913528Z time=2026-10-10T07:58:08.298Z level=INFO msg="pre-migration backup written" component=memory backup=C:\Users\runneradmin\AppData\Local\Temp\TestProvidersProbeRecordsMeasuredThinkingTrue141028552\002\backup\wisp.db.bak-1-2 from=1 to=2
2026-10-10T08:01:50.3914851Z time=2026-10-10T07:58:08.334Z level=INFO msg="schema migration step applied" component=memory from=1 to=2 started_at=2026-10-10T07:58:08Z duration_ms=36
2026-10-10T08:01:50.3915696Z time=2026-10-10T07:58:08.397Z level=INFO msg="schema migration complete" component=memory schema_version=2
2026-10-10T08:01:50.3916482Z time=2026-10-10T07:58:08.398Z level=INFO msg="startup WAL checkpoint (TRUNCATE) done" component=memory wal_pages_before=0 pages_moved=0
2026-10-10T08:01:50.3917355Z time=2026-10-10T07:58:08.408Z level=INFO msg="startup WAL checkpoint (TRUNCATE) done" component=memory wal_pages_before=0 pages_moved=0
2026-10-10T08:01:50.3918038Z --- PASS: TestProvidersProbeRecordsMeasuredThinkingTrue (1.18s)
2026-10-10T08:01:50.3918472Z === RUN   TestProvidersDiscoverListsWhatTheServerServes
2026-10-10T08:01:50.3919121Z time=2026-10-10T07:58:09.392Z level=WARN msg="goroutine outside the D38 roster (leak symptom)" goroutine=mockllm-stdout-reader owner=test
2026-10-10T08:01:50.3919935Z 2026/10/10 07:58:09 mockllm: serving on http://127.0.0.1:62781 (golden dir D:\a\wisp\wisp\internal\llm\testdata\golden)
2026-10-10T08:01:50.3921168Z time=2026-10-10T07:58:09.459Z level=INFO msg="pre-migration backup written" component=memory backup=C:\Users\runneradmin\AppData\Local\Temp\TestProvidersDiscoverListsWhatTheServerServes691317789\002\backup\wisp.db.bak-0-1 from=0 to=1
2026-10-10T08:01:50.3922504Z time=2026-10-10T07:58:09.475Z level=INFO msg="schema migration step applied" component=memory from=0 to=1 started_at=2026-10-10T07:58:09Z duration_ms=14
2026-10-10T08:01:50.3923833Z time=2026-10-10T07:58:09.523Z level=INFO msg="pre-migration backup written" component=memory backup=C:\Users\runneradmin\AppData\Local\Temp\TestProvidersDiscoverListsWhatTheServerServes691317789\002\backup\wisp.db.bak-1-2 from=1 to=2
2026-10-10T08:01:50.3925142Z time=2026-10-10T07:58:09.566Z level=INFO msg="schema migration step applied" component=memory from=1 to=2 started_at=2026-10-10T07:58:09Z duration_ms=42
2026-10-10T08:01:50.3926389Z time=2026-10-10T07:58:09.594Z level=INFO msg="schema migration complete" component=memory schema_version=2
2026-10-10T08:01:50.3927192Z time=2026-10-10T07:58:09.596Z level=INFO msg="startup WAL checkpoint (TRUNCATE) done" component=memory wal_pages_before=0 pages_moved=0
2026-10-10T08:01:50.3927865Z --- PASS: TestProvidersDiscoverListsWhatTheServerServes (1.17s)
2026-10-10T08:01:50.3928336Z === RUN   TestProvidersProbeUnconfiguredRefIsNotSilentlyKeyless
2026-10-10T08:01:50.3929020Z time=2026-10-10T07:58:10.544Z level=WARN msg="goroutine outside the D38 roster (leak symptom)" goroutine=mockllm-stdout-reader owner=test
2026-10-10T08:01:50.3929846Z 2026/10/10 07:58:10 mockllm: serving on http://127.0.0.1:62784 (golden dir D:\a\wisp\wisp\internal\llm\testdata\golden)
2026-10-10T08:01:50.3931127Z time=2026-10-10T07:58:10.586Z level=INFO msg="pre-migration backup written" component=memory backup=C:\Users\runneradmin\AppData\Local\Temp\TestProvidersProbeUnconfiguredRefIsNotSilentlyKeyless3128249054\002\backup\wisp.db.bak-0-1 from=0 to=1
2026-10-10T08:01:50.3932498Z time=2026-10-10T07:58:10.601Z level=INFO msg="schema migration step applied" component=memory from=0 to=1 started_at=2026-10-10T07:58:10Z duration_ms=14
2026-10-10T08:01:50.3934094Z time=2026-10-10T07:58:10.640Z level=INFO msg="pre-migration backup written" component=memory backup=C:\Users\runneradmin\AppData\Local\Temp\TestProvidersProbeUnconfiguredRefIsNotSilentlyKeyless3128249054\002\backup\wisp.db.bak-1-2 from=1 to=2
2026-10-10T08:01:50.3935459Z time=2026-10-10T07:58:10.657Z level=INFO msg="schema migration step applied" component=memory from=1 to=2 started_at=2026-10-10T07:58:10Z duration_ms=17
2026-10-10T08:01:50.3936281Z time=2026-10-10T07:58:10.696Z level=INFO msg="schema migration complete" component=memory schema_version=2
2026-10-10T08:01:50.3937069Z time=2026-10-10T07:58:10.698Z level=INFO msg="startup WAL checkpoint (TRUNCATE) done" component=memory wal_pages_before=0 pages_moved=0
2026-10-10T08:01:50.3938198Z --- PASS: TestProvidersProbeUnconfiguredRefIsNotSilentlyKeyless (1.10s)
2026-10-10T08:01:50.3939086Z === RUN   TestAC246CancelGestureUsesTheInjectedExecutor
2026-10-10T08:01:50.3939781Z time=2026-10-10T07:58:10.709Z level=INFO msg="ball: the cancel key was handled by the injected approval gate" outcome="injected executor ran"
2026-10-10T08:01:50.3940366Z wisp: injected executor ran
2026-10-10T08:01:50.3941061Z time=2026-10-10T07:58:10.709Z level=WARN msg="cancel hotkey fired with no executor" why="the assembly root injected no approval gate into this leg, so the borrow cannot be spent"
2026-10-10T08:01:50.3941984Z wisp: ball cancel-hotkey: no approval gate was injected into this process, so the press decided nothing
2026-10-10T08:01:50.3942559Z --- PASS: TestAC246CancelGestureUsesTheInjectedExecutor (0.00s)
2026-10-10T08:01:50.3943001Z === RUN   TestAC246EscChannelStaysUnloadedWithoutABallWindow
2026-10-10T08:01:50.3944502Z time=2026-10-10T07:58:10.709Z level=INFO msg="resident gate: [risk] tier taken at construction" provenance="defaults (no host config view)" config_path="(no host config view)" window_sec_read=0 confirm_timeout_sec_read=0 gate_window=3s gate_queue_timeout=5m0s scope="construction time only: approval.Gate and Queue copy these in New and nothing re-applies them (ticket 256)"
2026-10-10T08:01:50.3946746Z time=2026-10-10T07:58:10.710Z level=INFO msg="audit: resident-approval: 审批门已装配，但本进程没有悬浮球窗口，四条否决通道全部保持未加载（取消键无处可借，卡片无处可呈）"
2026-10-10T08:01:50.3947504Z wisp: [audit] resident-approval: 审批门已装配，但本进程没有悬浮球窗口，四条否决通道全部保持未加载（取消键无处可借，卡片无处可呈）
2026-10-10T08:01:50.3948029Z --- PASS: TestAC246EscChannelStaysUnloadedWithoutABallWindow (0.00s)
2026-10-10T08:01:50.3948515Z === RUN   TestAC246CardWithNoWindowFailsClosedThroughTheRealGate
2026-10-10T08:01:50.3950393Z time=2026-10-10T07:58:10.710Z level=INFO msg="resident gate: [risk] tier taken at construction" provenance="defaults (no host config view)" config_path="(no host config view)" window_sec_read=0 confirm_timeout_sec_read=0 gate_window=3s gate_queue_timeout=5m0s scope="construction time only: approval.Gate and Queue copy these in New and nothing re-applies them (ticket 256)"
2026-10-10T08:01:50.3953589Z time=2026-10-10T07:58:10.710Z level=INFO msg="audit: resident-approval: 审批门已装配，但本进程没有悬浮球窗口，四条否决通道全部保持未加载（取消键无处可借，卡片无处可呈）"
2026-10-10T08:01:50.3954356Z wisp: [audit] resident-approval: 审批门已装配，但本进程没有悬浮球窗口，四条否决通道全部保持未加载（取消键无处可借，卡片无处可呈）
2026-10-10T08:01:50.3955808Z time=2026-10-10T07:58:10.710Z level=ERROR msg="approval: 卡片无处呈现（本进程没有悬浮球窗口），已 fail-closed 拒绝" corr=host:246-no-window tool=resident.confirmation level=L1
2026-10-10T08:01:50.3957420Z time=2026-10-10T07:58:10.710Z level=INFO msg="audit: approval: L1 prompt failed corr=host:246-no-window tool=resident.confirmation: 常驻进程没有悬浮球窗口，卡片无处呈现"
2026-10-10T08:01:50.3958375Z wisp: [audit] approval: L1 prompt failed corr=host:246-no-window tool=resident.confirmation: 常驻进程没有悬浮球窗口，卡片无处呈现
2026-10-10T08:01:50.3959019Z --- PASS: TestAC246CardWithNoWindowFailsClosedThroughTheRealGate (0.00s)
2026-10-10T08:01:50.3959535Z === RUN   TestAC246CancelStepHookRunsOnTheRealShutdownSequence
2026-10-10T08:01:50.3961068Z time=2026-10-10T07:58:10.711Z level=INFO msg="resident gate: [risk] tier taken at construction" provenance="defaults (no host config view)" config_path="(no host config view)" window_sec_read=0 confirm_timeout_sec_read=0 gate_window=3s gate_queue_timeout=5m0s scope="construction time only: approval.Gate and Queue copy these in New and nothing re-applies them (ticket 256)"
2026-10-10T08:01:50.3962701Z time=2026-10-10T07:58:10.711Z level=INFO msg="shutdown step skipped (module not present)" step=1 name=scheduler-close
2026-10-10T08:01:50.3963471Z time=2026-10-10T07:58:10.711Z level=INFO msg="shutdown step skipped (module not present)" step=2 name=stop-hotkey-kws
2026-10-10T08:01:50.3964386Z time=2026-10-10T07:58:10.711Z level=INFO msg="audit: resident-approval: 退出第 3 步完成：拒绝待批卡片 0 张、作废 L1 窗口 0 张、路由失败 0 张；任务根已取消，无等待残留"
2026-10-10T08:01:50.3965113Z wisp: [audit] resident-approval: 退出第 3 步完成：拒绝待批卡片 0 张、作废 L1 窗口 0 张、路由失败 0 张；任务根已取消，无等待残留
2026-10-10T08:01:50.3965753Z time=2026-10-10T07:58:10.711Z level=INFO msg="shutdown step skipped (module not present)" step=4 name=stop-audio
2026-10-10T08:01:50.3966939Z time=2026-10-10T07:58:10.711Z level=INFO msg="shutdown step skipped (module not present)" step=5 name=release-speech-sessions
2026-10-10T08:01:50.3967756Z time=2026-10-10T07:58:10.711Z level=INFO msg="shutdown step skipped (module not present)" step=6 name=destroy-panel-webview
2026-10-10T08:01:50.3968548Z time=2026-10-10T07:58:10.711Z level=INFO msg="shutdown step skipped (module not present)" step=7 name=flush-logs-close-db
2026-10-10T08:01:50.3969203Z --- PASS: TestAC246CancelStepHookRunsOnTheRealShutdownSequence (0.00s)
2026-10-10T08:01:50.3969683Z === RUN   TestAC246ShippedResidentProcessOwnsItsCancelStep
2026-10-10T08:01:50.3970742Z     resident_approval_246_windows_test.go:244: resident sink C:\Users\RUNNER~1\AppData\Local\Temp\TestAC246ShippedResidentProcessOwnsItsCancelStep1154646049\002\logs: 1 file(s), 22 record(s)
2026-10-10T08:01:50.3971672Z --- PASS: TestAC246ShippedResidentProcessOwnsItsCancelStep (2.84s)
2026-10-10T08:01:50.3972091Z === RUN   TestAC246ChannelNeedsBothWindowAndExecutor
2026-10-10T08:01:50.3973737Z time=2026-10-10T07:58:13.553Z level=INFO msg="resident gate: [risk] tier taken at construction" provenance="defaults (no host config view)" config_path="(no host config view)" window_sec_read=0 confirm_timeout_sec_read=0 gate_window=3s gate_queue_timeout=5m0s scope="construction time only: approval.Gate and Queue copy these in New and nothing re-applies them (ticket 256)"
2026-10-10T08:01:50.3975678Z time=2026-10-10T07:58:13.575Z level=INFO msg="cancel hotkey left unbound while idle: the configured key is borrowed only during Confirming and handed back at session end (ticket 245)" hotkey=cancel binding=Esc
2026-10-10T08:01:50.3982091Z time=2026-10-10T07:58:13.581Z level=INFO msg="ball: the resident leg created the floating ball window" hotkeys_provenance="no host config view" hotkeys_live=3 hotkeys="summon=Ctrl+Alt+Q live, mute=Ctrl+Alt+M live, cancel=Esc not bound while idle (cancel is borrowed only during Confirming), panel=Ctrl+Alt+P live" gestures="recorded only except the ones the assembly root hands an executor for: the cancel key (ticket 246) and the panel gestures (ticket 33); the two mute gestures turn this process's capture gate once that leg is assembled (ticket 290 - this line prints before the attach, because the ball is built first), and D43's four veto channels stay reduced here to the one the assembly root injected"
2026-10-10T08:01:50.3987660Z time=2026-10-10T07:58:13.581Z level=INFO msg="audit: resident-approval: 本进程有悬浮球窗口，但装配根没有注入取消执行者，取消键通道保持未加载（advertise 一枚按不动的键＝B1 禁止的形状）"
2026-10-10T08:01:50.3989161Z wisp: [audit] resident-approval: 本进程有悬浮球窗口，但装配根没有注入取消执行者，取消键通道保持未加载（advertise 一枚按不动的键＝B1 禁止的形状）
2026-10-10T08:01:50.3990480Z time=2026-10-10T07:58:13.582Z level=INFO msg="ball: resident leg destroyed the ball window, its tray icon and its hotkeys"
2026-10-10T08:01:50.3993552Z time=2026-10-10T07:58:13.583Z level=INFO msg="resident gate: [risk] tier taken at construction" provenance="defaults (no host config view)" config_path="(no host config view)" window_sec_read=0 confirm_timeout_sec_read=0 gate_window=3s gate_queue_timeout=5m0s scope="construction time only: approval.Gate and Queue copy these in New and nothing re-applies them (ticket 256)"
2026-10-10T08:01:50.3997367Z time=2026-10-10T07:58:13.583Z level=INFO msg="audit: resident-approval: 审批门已装配，但本进程没有悬浮球窗口，四条否决通道全部保持未加载（取消键无处可借，卡片无处可呈）"
2026-10-10T08:01:50.3998773Z wisp: [audit] resident-approval: 审批门已装配，但本进程没有悬浮球窗口，四条否决通道全部保持未加载（取消键无处可借，卡片无处可呈）
2026-10-10T08:01:50.3999644Z --- PASS: TestAC246ChannelNeedsBothWindowAndExecutor (0.03s)
2026-10-10T08:01:50.4000332Z === RUN   TestAC246VetoSentenceWithNoCard
2026-10-10T08:01:50.4002774Z time=2026-10-10T07:58:13.583Z level=INFO msg="resident gate: [risk] tier taken at construction" provenance="defaults (no host config view)" config_path="(no host config view)" window_sec_read=0 confirm_timeout_sec_read=0 gate_window=3s gate_queue_timeout=5m0s scope="construction time only: approval.Gate and Queue copy these in New and nothing re-applies them (ticket 256)"
2026-10-10T08:01:50.4004839Z --- PASS: TestAC246VetoSentenceWithNoCard (0.00s)
2026-10-10T08:01:50.4005463Z === RUN   TestAC246StatusLineSaysWhatTheLegDoesNot
2026-10-10T08:01:50.4008075Z time=2026-10-10T07:58:13.584Z level=INFO msg="resident gate: [risk] tier taken at construction" provenance="defaults (no host config view)" config_path="(no host config view)" window_sec_read=0 confirm_timeout_sec_read=0 gate_window=3s gate_queue_timeout=5m0s scope="construction time only: approval.Gate and Queue copy these in New and nothing re-applies them (ticket 256)"
2026-10-10T08:01:50.4011298Z time=2026-10-10T07:58:13.584Z level=INFO msg="audit: resident-approval: 审批门已装配，但本进程没有悬浮球窗口，四条否决通道全部保持未加载（取消键无处可借，卡片无处可呈）"
2026-10-10T08:01:50.4012700Z wisp: [audit] resident-approval: 审批门已装配，但本进程没有悬浮球窗口，四条否决通道全部保持未加载（取消键无处可借，卡片无处可呈）
2026-10-10T08:01:50.4013691Z --- PASS: TestAC246StatusLineSaysWhatTheLegDoesNot (0.00s)
2026-10-10T08:01:50.4014686Z === RUN   TestTicket256ResidentGateWithoutAHostViewRunsOnTheCompiledConstants
2026-10-10T08:01:50.4016296Z === RUN   TestTicket256ResidentGateWithoutAHostViewRunsOnTheCompiledConstants/no_host_view_at_all
2026-10-10T08:01:50.4018345Z time=2026-10-10T07:58:13.584Z level=INFO msg="resident gate: [risk] tier taken at construction" provenance="defaults (no host config view)" config_path="(no host config view)" window_sec_read=0 confirm_timeout_sec_read=0 gate_window=3s gate_queue_timeout=5m0s scope="construction time only: approval.Gate and Queue copy these in New and nothing re-applies them (ticket 256)"
2026-10-10T08:01:50.4019965Z === RUN   TestTicket256ResidentGateWithoutAHostViewRunsOnTheCompiledConstants/config.toml_missing
2026-10-10T08:01:50.4023559Z time=2026-10-10T07:58:13.584Z level=WARN msg="resident gate: [risk] source unreadable at construction; the gate falls back to the compiled approval constants" path=C:\Users\RUNNER~1\AppData\Local\Temp\TestTicket256ResidentGateWithoutAHostViewRunsOnTheCompiledConsta1127648009\001\config.toml err="config: config.toml read: no file at this path yet。第 1 种拒因：文件没建：这一页与这条链都不新建 config.toml。在控制台运行一次 wisp run，第一次启动会写出全默认的首份配置（它不替你选任何模型，也不替你建任何服务商行）: open C:\\Users\\RUNNER~1\\AppData\\Local\\Temp\\TestTicket256ResidentGateWithoutAHostViewRunsOnTheCompiledConsta1127648009\\001\\config.toml: The system cannot find the file specified." fallback="DefaultApprovalTimeout=300s / DefaultL1Window=3s"
2026-10-10T08:01:50.4027679Z time=2026-10-10T07:58:13.585Z level=INFO msg="resident gate: [risk] tier taken at construction" provenance="defaults (config.toml unreadable)" config_path=C:\Users\RUNNER~1\AppData\Local\Temp\TestTicket256ResidentGateWithoutAHostViewRunsOnTheCompiledConsta1127648009\001\config.toml window_sec_read=0 confirm_timeout_sec_read=0 gate_window=3s gate_queue_timeout=5m0s scope="construction time only: approval.Gate and Queue copy these in New and nothing re-applies them (ticket 256)"
2026-10-10T08:01:50.4031524Z time=2026-10-10T07:58:13.585Z level=INFO msg="resident gate: [risk] tier taken at construction" provenance=config config_path=C:\Users\RUNNER~1\AppData\Local\Temp\TestTicket256ResidentGateWithoutAHostViewRunsOnTheCompiledConsta1127648009\001\config.toml window_sec_read=2 confirm_timeout_sec_read=45 gate_window=2s gate_queue_timeout=45s scope="construction time only: approval.Gate and Queue copy these in New and nothing re-applies them (ticket 256)"
2026-10-10T08:01:50.4037323Z time=2026-10-10T07:58:13.586Z level=INFO msg="resident gate: [risk] tier taken at construction" provenance="defaults (no host config view)" config_path="(no host config view)" window_sec_read=0 confirm_timeout_sec_read=0 gate_window=3s gate_queue_timeout=5m0s scope="construction time only: approval.Gate and Queue copy these in New and nothing re-applies them (ticket 256)"
2026-10-10T08:01:50.4042038Z time=2026-10-10T07:58:13.586Z level=INFO msg="resident gate: [risk] tier taken at construction" provenance="defaults (no host config view)" config_path="(no host config view)" window_sec_read=0 confirm_timeout_sec_read=0 gate_window=3s gate_queue_timeout=5m0s scope="construction time only: approval.Gate and Queue copy these in New and nothing re-applies them (ticket 256)"
2026-10-10T08:01:50.4044146Z --- PASS: TestTicket256ResidentGateWithoutAHostViewRunsOnTheCompiledConstants (0.00s)
2026-10-10T08:01:50.4045009Z     --- PASS: TestTicket256ResidentGateWithoutAHostViewRunsOnTheCompiledConstants/no_host_view_at_all (0.00s)
2026-10-10T08:01:50.4046128Z     --- PASS: TestTicket256ResidentGateWithoutAHostViewRunsOnTheCompiledConstants/config.toml_missing (0.00s)
2026-10-10T08:01:50.4047423Z === RUN   TestTicket256ResidentGateTakesTheSeededRiskTimeoutAndWindow
2026-10-10T08:01:50.4049000Z === RUN   TestTicket256ResidentGateTakesTheSeededRiskTimeoutAndWindow/timeout_only_-_the_window_then_comes_from_the_schema_tag,_not_from_the_gate's_compiled_constant
2026-10-10T08:01:50.4053560Z time=2026-10-10T07:58:13.588Z level=INFO msg="resident gate: [risk] tier taken at construction" provenance=config config_path=C:\Users\RUNNER~1\AppData\Local\Temp\TestTicket256ResidentGateTakesTheSeededRiskTimeoutAndWindowtime2613904214\001\config.toml window_sec_read=2 confirm_timeout_sec_read=45 gate_window=2s gate_queue_timeout=45s scope="construction time only: approval.Gate and Queue copy these in New and nothing re-applies them (ticket 256)"
2026-10-10T08:01:50.4058202Z === RUN   TestTicket256ResidentGateTakesTheSeededRiskTimeoutAndWindow/window_seeded_to_2s_-_differs_from_the_pre-256_compiled_3s,_so_it_is_a_real_reading
2026-10-10T08:01:50.4062512Z time=2026-10-10T07:58:13.589Z level=INFO msg="resident gate: [risk] tier taken at construction" provenance=config config_path=C:\Users\RUNNER~1\AppData\Local\Temp\TestTicket256ResidentGateTakesTheSeededRiskTimeoutAndWindowwind3411385698\001\config.toml window_sec_read=2 confirm_timeout_sec_read=300 gate_window=2s gate_queue_timeout=5m0s scope="construction time only: approval.Gate and Queue copy these in New and nothing re-applies them (ticket 256)"
2026-10-10T08:01:50.4066087Z === RUN   TestTicket256ResidentGateTakesTheSeededRiskTimeoutAndWindow/both_seeded
2026-10-10T08:01:50.4069880Z time=2026-10-10T07:58:13.591Z level=INFO msg="resident gate: [risk] tier taken at construction" provenance=config config_path=C:\Users\RUNNER~1\AppData\Local\Temp\TestTicket256ResidentGateTakesTheSeededRiskTimeoutAndWindowboth3047963086\001\config.toml window_sec_read=2 confirm_timeout_sec_read=45 gate_window=2s gate_queue_timeout=45s scope="construction time only: approval.Gate and Queue copy these in New and nothing re-applies them (ticket 256)"
2026-10-10T08:01:50.4073836Z === RUN   TestTicket256ResidentGateTakesTheSeededRiskTimeoutAndWindow/window_way_too_large_-_reverse_control,_the_clamp_must_survive
2026-10-10T08:01:50.4078231Z time=2026-10-10T07:58:13.593Z level=INFO msg="resident gate: [risk] tier taken at construction" provenance=config config_path=C:\Users\RUNNER~1\AppData\Local\Temp\TestTicket256ResidentGateTakesTheSeededRiskTimeoutAndWindowwind1583624341\001\config.toml window_sec_read=99 confirm_timeout_sec_read=300 gate_window=3s gate_queue_timeout=5m0s scope="construction time only: approval.Gate and Queue copy these in New and nothing re-applies them (ticket 256)"
2026-10-10T08:01:50.4082463Z === RUN   TestTicket256ResidentGateTakesTheSeededRiskTimeoutAndWindow/window_below_the_floor_-_reverse_control,_the_clamp_must_survive
2026-10-10T08:01:50.4086509Z time=2026-10-10T07:58:13.595Z level=INFO msg="resident gate: [risk] tier taken at construction" provenance=config config_path=C:\Users\RUNNER~1\AppData\Local\Temp\TestTicket256ResidentGateTakesTheSeededRiskTimeoutAndWindowwind985866810\001\config.toml window_sec_read=1 confirm_timeout_sec_read=300 gate_window=2s gate_queue_timeout=5m0s scope="construction time only: approval.Gate and Queue copy these in New and nothing re-applies them (ticket 256)"
2026-10-10T08:01:50.4089985Z --- PASS: TestTicket256ResidentGateTakesTheSeededRiskTimeoutAndWindow (0.01s)
2026-10-10T08:01:50.4092127Z     --- PASS: TestTicket256ResidentGateTakesTheSeededRiskTimeoutAndWindow/timeout_only_-_the_window_then_comes_from_the_schema_tag,_not_from_the_gate's_compiled_constant (0.00s)
2026-10-10T08:01:50.4094795Z     --- PASS: TestTicket256ResidentGateTakesTheSeededRiskTimeoutAndWindow/window_seeded_to_2s_-_differs_from_the_pre-256_compiled_3s,_so_it_is_a_real_reading (0.00s)
2026-10-10T08:01:50.4096771Z     --- PASS: TestTicket256ResidentGateTakesTheSeededRiskTimeoutAndWindow/both_seeded (0.00s)
2026-10-10T08:01:50.4098298Z     --- PASS: TestTicket256ResidentGateTakesTheSeededRiskTimeoutAndWindow/window_way_too_large_-_reverse_control,_the_clamp_must_survive (0.00s)
2026-10-10T08:01:50.4099531Z     --- PASS: TestTicket256ResidentGateTakesTheSeededRiskTimeoutAndWindow/window_below_the_floor_-_reverse_control,_the_clamp_must_survive (0.00s)
2026-10-10T08:01:50.4099954Z === RUN   TestTicket256ResidentGateRiskValuesAreConstructionTimeOnly
2026-10-10T08:01:50.4103171Z time=2026-10-10T07:58:13.597Z level=INFO msg="resident gate: [risk] tier taken at construction" provenance=config config_path=C:\Users\RUNNER~1\AppData\Local\Temp\TestTicket256ResidentGateRiskValuesAreConstructionTimeOnly3898621517\001\config.toml window_sec_read=2 confirm_timeout_sec_read=45 gate_window=2s gate_queue_timeout=45s scope="construction time only: approval.Gate and Queue copy these in New and nothing re-applies them (ticket 256)"
2026-10-10T08:01:50.4106356Z time=2026-10-10T07:58:13.598Z level=INFO msg="resident gate: [risk] tier taken at construction" provenance=config config_path=C:\Users\RUNNER~1\AppData\Local\Temp\TestTicket256ResidentGateRiskValuesAreConstructionTimeOnly3898621517\001\config.toml window_sec_read=2 confirm_timeout_sec_read=90 gate_window=2s gate_queue_timeout=1m30s scope="construction time only: approval.Gate and Queue copy these in New and nothing re-applies them (ticket 256)"
2026-10-10T08:01:50.4106856Z --- PASS: TestTicket256ResidentGateRiskValuesAreConstructionTimeOnly (0.00s)
2026-10-10T08:01:50.4107270Z === RUN   TestTicket256ResidentGateOptionsFieldSetIsTheFiveItClaims
2026-10-10T08:01:50.4108596Z     resident_approval_risk_256_windows_test.go:494: landing site reading: resident leg passes 6 of 10 declared approval.Options fields (was 3 of 10 before ticket 256)
2026-10-10T08:01:50.4109108Z --- PASS: TestTicket256ResidentGateOptionsFieldSetIsTheFiveItClaims (0.00s)
2026-10-10T08:01:50.4109447Z === RUN   TestTicket256ResidentBootPassesTheDataDirToTheGate
2026-10-10T08:01:50.4109872Z --- PASS: TestTicket256ResidentBootPassesTheDataDirToTheGate (0.00s)
2026-10-10T08:01:50.4110198Z === RUN   TestTicket268ResidentGateNamesRefusedConfigApartFromMissingConfig
2026-10-10T08:01:50.4115203Z time=2026-10-10T07:58:13.602Z level=WARN msg="resident gate: [risk] source unreadable at construction; the gate falls back to the compiled approval constants" path=C:\Users\RUNNER~1\AppData\Local\Temp\TestTicket268ResidentGateNamesRefusedConfigApartFromMissingConfi2966414420\001\config.toml err="config: config.toml read: no file at this path yet。第 1 种拒因：文件没建：这一页与这条链都不新建 config.toml。在控制台运行一次 wisp run，第一次启动会写出全默认的首份配置（它不替你选任何模型，也不替你建任何服务商行）: open C:\\Users\\RUNNER~1\\AppData\\Local\\Temp\\TestTicket268ResidentGateNamesRefusedConfigApartFromMissingConfi2966414420\\001\\config.toml: The system cannot find the file specified." fallback="DefaultApprovalTimeout=300s / DefaultL1Window=3s"
2026-10-10T08:01:50.4117379Z time=2026-10-10T07:58:13.602Z level=INFO msg="resident gate: [risk] tier taken at construction" provenance="defaults (config.toml unreadable)" config_path=C:\Users\RUNNER~1\AppData\Local\Temp\TestTicket268ResidentGateNamesRefusedConfigApartFromMissingConfi2966414420\001\config.toml window_sec_read=0 confirm_timeout_sec_read=0 gate_window=3s gate_queue_timeout=5m0s scope="construction time only: approval.Gate and Queue copy these in New and nothing re-applies them (ticket 256)"
2026-10-10T08:01:50.4119636Z time=2026-10-10T07:58:13.603Z level=WARN msg="resident gate: [risk] source present but refused at construction; the gate falls back to the compiled approval constants" path=C:\Users\RUNNER~1\AppData\Local\Temp\TestTicket268ResidentGateNamesRefusedConfigApartFromMissingConfi2966414420\002\config.toml err="config: config.toml: risk.confirm_timeout_sec 20 out of range [31, 3600]" provenance="defaults (config.toml present but refused at load)" fallback="DefaultApprovalTimeout=300s / DefaultL1Window=3s"
2026-10-10T08:01:50.4120769Z wisp: resident [risk]: config.toml is present but was refused at load (config: config.toml: risk.confirm_timeout_sec 20 out of range [31, 3600]); the approval gate falls back to the compiled constants (DefaultApprovalTimeout=300s / DefaultL1Window=3s), so the [risk] numbers written in that file are NOT the numbers this process runs on
2026-10-10T08:01:50.4122739Z time=2026-10-10T07:58:13.603Z level=INFO msg="resident gate: [risk] tier taken at construction" provenance="defaults (config.toml present but refused at load)" config_path=C:\Users\RUNNER~1\AppData\Local\Temp\TestTicket268ResidentGateNamesRefusedConfigApartFromMissingConfi2966414420\002\config.toml window_sec_read=0 confirm_timeout_sec_read=0 gate_window=3s gate_queue_timeout=5m0s scope="construction time only: approval.Gate and Queue copy these in New and nothing re-applies them (ticket 256)"
2026-10-10T08:01:50.4124443Z time=2026-10-10T07:58:13.604Z level=INFO msg="resident gate: [risk] tier taken at construction" provenance=config config_path=C:\Users\RUNNER~1\AppData\Local\Temp\TestTicket268ResidentGateNamesRefusedConfigApartFromMissingConfi2966414420\002\config.toml window_sec_read=2 confirm_timeout_sec_read=45 gate_window=2s gate_queue_timeout=45s scope="construction time only: approval.Gate and Queue copy these in New and nothing re-applies them (ticket 256)"
2026-10-10T08:01:50.4124740Z --- PASS: TestTicket268ResidentGateNamesRefusedConfigApartFromMissingConfig (0.00s)
2026-10-10T08:01:50.4124908Z === RUN   TestTicket268RefusedRiskConfigReachesStdoutOnce
2026-10-10T08:01:50.4126613Z time=2026-10-10T07:58:13.607Z level=WARN msg="resident gate: [risk] source present but refused at construction; the gate falls back to the compiled approval constants" path=C:\Users\RUNNER~1\AppData\Local\Temp\TestTicket268RefusedRiskConfigReachesStdoutOnce2762265087\001\config.toml err="config: config.toml: risk.confirm_timeout_sec 20 out of range [31, 3600]" provenance="defaults (config.toml present but refused at load)" fallback="DefaultApprovalTimeout=300s / DefaultL1Window=3s"
2026-10-10T08:01:50.4128291Z time=2026-10-10T07:58:13.608Z level=INFO msg="resident gate: [risk] tier taken at construction" provenance="defaults (config.toml present but refused at load)" config_path=C:\Users\RUNNER~1\AppData\Local\Temp\TestTicket268RefusedRiskConfigReachesStdoutOnce2762265087\001\config.toml window_sec_read=0 confirm_timeout_sec_read=0 gate_window=3s gate_queue_timeout=5m0s scope="construction time only: approval.Gate and Queue copy these in New and nothing re-applies them (ticket 256)"
2026-10-10T08:01:50.4130997Z time=2026-10-10T07:58:13.608Z level=WARN msg="resident gate: [risk] source unreadable at construction; the gate falls back to the compiled approval constants" path=C:\Users\RUNNER~1\AppData\Local\Temp\TestTicket268RefusedRiskConfigReachesStdoutOnce2762265087\002\config.toml err="config: config.toml read: no file at this path yet。第 1 种拒因：文件没建：这一页与这条链都不新建 config.toml。在控制台运行一次 wisp run，第一次启动会写出全默认的首份配置（它不替你选任何模型，也不替你建任何服务商行）: open C:\\Users\\RUNNER~1\\AppData\\Local\\Temp\\TestTicket268RefusedRiskConfigReachesStdoutOnce2762265087\\002\\config.toml: The system cannot find the file specified." fallback="DefaultApprovalTimeout=300s / DefaultL1Window=3s"
2026-10-10T08:01:50.4132649Z time=2026-10-10T07:58:13.609Z level=INFO msg="resident gate: [risk] tier taken at construction" provenance="defaults (config.toml unreadable)" config_path=C:\Users\RUNNER~1\AppData\Local\Temp\TestTicket268RefusedRiskConfigReachesStdoutOnce2762265087\002\config.toml window_sec_read=0 confirm_timeout_sec_read=0 gate_window=3s gate_queue_timeout=5m0s scope="construction time only: approval.Gate and Queue copy these in New and nothing re-applies them (ticket 256)"
2026-10-10T08:01:50.4132864Z --- PASS: TestTicket268RefusedRiskConfigReachesStdoutOnce (0.00s)
2026-10-10T08:01:50.4133098Z === RUN   TestTicket268RefusedBranchClassifiesBySentinelNotByErrorWords
2026-10-10T08:01:50.4133364Z --- PASS: TestTicket268RefusedBranchClassifiesBySentinelNotByErrorWords (0.00s)
2026-10-10T08:01:50.4133513Z === RUN   TestAC247LiveMicrophoneLevelsReachTheBallSeam
2026-10-10T08:01:50.4134051Z     resident_audio_247_live_windows_test.go:130: AC#2 needs a real microphone: run with WISP_LIVE_MIC=1 after both tasklist rulers read 0
2026-10-10T08:01:50.4134245Z --- SKIP: TestAC247LiveMicrophoneLevelsReachTheBallSeam (0.00s)
2026-10-10T08:01:50.4134407Z === RUN   TestAC247ShippedDefaultsAreTheOnesThisLegReads
2026-10-10T08:01:50.4134596Z --- PASS: TestAC247ShippedDefaultsAreTheOnesThisLegReads (0.00s)
2026-10-10T08:01:50.4134731Z === RUN   TestAC247VoiceDisabledBuildsNoCollector
2026-10-10T08:01:50.4137332Z time=2026-10-10T07:58:13.615Z level=INFO msg="audio: capture leg not built" reason="voice.enabled=false" config_source=C:\Users\RUNNER~1\AppData\Local\Temp\TestAC247VoiceDisabledBuildsNoCollector2264044017\001\config.toml
2026-10-10T08:01:50.4139345Z wisp: 麦克风采集腿未构造（[voice] enabled=false，来源 C:\Users\RUNNER~1\AppData\Local\Temp\TestAC247VoiceDisabledBuildsNoCollector2264044017\001\config.toml）：球不会收到任何电平，本进程其余部分照常
2026-10-10T08:01:50.4140024Z time=2026-10-10T07:58:13.616Z level=INFO msg="shutdown step skipped (module not present)" step=1 name=scheduler-close
2026-10-10T08:01:50.4140663Z time=2026-10-10T07:58:13.616Z level=INFO msg="shutdown step skipped (module not present)" step=2 name=stop-hotkey-kws
2026-10-10T08:01:50.4141317Z time=2026-10-10T07:58:13.616Z level=INFO msg="shutdown step skipped (module not present)" step=3 name=cancel-task-roots
2026-10-10T08:01:50.4141939Z time=2026-10-10T07:58:13.616Z level=INFO msg="shutdown step skipped (module not present)" step=4 name=stop-audio
2026-10-10T08:01:50.4142633Z time=2026-10-10T07:58:13.616Z level=INFO msg="shutdown step skipped (module not present)" step=5 name=release-speech-sessions
2026-10-10T08:01:50.4143346Z time=2026-10-10T07:58:13.616Z level=INFO msg="shutdown step skipped (module not present)" step=6 name=destroy-panel-webview
2026-10-10T08:01:50.4144008Z time=2026-10-10T07:58:13.616Z level=INFO msg="shutdown step skipped (module not present)" step=7 name=flush-logs-close-db
2026-10-10T08:01:50.4144308Z --- PASS: TestAC247VoiceDisabledBuildsNoCollector (0.01s)
2026-10-10T08:01:50.4144640Z === RUN   TestAC247DefaultConfigArmsTheGateMutedAndOpensNoDevice
2026-10-10T08:01:50.4146228Z time=2026-10-10T07:58:13.626Z level=INFO msg="audio: capture armed but muted at boot; device not opened" config_source=C:\Users\RUNNER~1\AppData\Local\Temp\TestAC247DefaultConfigArmsTheGateMutedAndOpensNoDevice460691155\001\config.toml path=T
2026-10-10T08:01:50.4146873Z time=2026-10-10T07:58:13.627Z level=INFO msg="shutdown step skipped (module not present)" step=1 name=scheduler-close
2026-10-10T08:01:50.4147495Z time=2026-10-10T07:58:13.627Z level=INFO msg="shutdown step skipped (module not present)" step=2 name=stop-hotkey-kws
2026-10-10T08:01:50.4148129Z time=2026-10-10T07:58:13.627Z level=INFO msg="shutdown step skipped (module not present)" step=3 name=cancel-task-roots
2026-10-10T08:01:50.4148873Z time=2026-10-10T07:58:13.627Z level=INFO msg="audio capture leg stopped: levels_delivered=0 frames_sent=0 frames_dropped=0 reopens=0"
2026-10-10T08:01:50.4149370Z wisp: audio capture leg stopped: levels_delivered=0 frames_sent=0 frames_dropped=0 reopens=0
2026-10-10T08:01:50.4150062Z time=2026-10-10T07:58:13.627Z level=INFO msg="shutdown step skipped (module not present)" step=5 name=release-speech-sessions
2026-10-10T08:01:50.4150757Z time=2026-10-10T07:58:13.627Z level=INFO msg="shutdown step skipped (module not present)" step=6 name=destroy-panel-webview
2026-10-10T08:01:50.4151418Z time=2026-10-10T07:58:13.628Z level=INFO msg="shutdown step skipped (module not present)" step=7 name=flush-logs-close-db
2026-10-10T08:01:50.4151891Z --- PASS: TestAC247DefaultConfigArmsTheGateMutedAndOpensNoDevice (0.01s)
2026-10-10T08:01:50.4152111Z === RUN   TestAC247UnmuteReachesTheBallSeam
2026-10-10T08:01:50.4153526Z time=2026-10-10T07:58:13.633Z level=INFO msg="audio: capture armed but muted at boot; device not opened" config_source=C:\Users\RUNNER~1\AppData\Local\Temp\TestAC247UnmuteReachesTheBallSeam1771660158\001\config.toml path=T
2026-10-10T08:01:50.4154187Z time=2026-10-10T07:58:13.634Z level=INFO msg="shutdown step skipped (module not present)" step=1 name=scheduler-close
2026-10-10T08:01:50.4154840Z time=2026-10-10T07:58:13.634Z level=INFO msg="shutdown step skipped (module not present)" step=2 name=stop-hotkey-kws
2026-10-10T08:01:50.4155500Z time=2026-10-10T07:58:13.634Z level=INFO msg="shutdown step skipped (module not present)" step=3 name=cancel-task-roots
2026-10-10T08:01:50.4156553Z time=2026-10-10T07:58:13.634Z level=INFO msg="audio capture leg stopped: levels_delivered=2 frames_sent=0 frames_dropped=0 reopens=0"
2026-10-10T08:01:50.4157462Z wisp: audio capture leg stopped: levels_delivered=2 frames_sent=0 frames_dropped=0 reopens=0
2026-10-10T08:01:50.4158188Z time=2026-10-10T07:58:13.635Z level=INFO msg="shutdown step skipped (module not present)" step=5 name=release-speech-sessions
2026-10-10T08:01:50.4158805Z time=2026-10-10T07:58:13.635Z level=INFO msg="shutdown step skipped (module not present)" step=6 name=destroy-panel-webview
2026-10-10T08:01:50.4159490Z time=2026-10-10T07:58:13.635Z level=INFO msg="shutdown step skipped (module not present)" step=7 name=flush-logs-close-db
2026-10-10T08:01:50.4159761Z --- PASS: TestAC247UnmuteReachesTheBallSeam (0.01s)
2026-10-10T08:01:50.4160108Z === RUN   TestAC247DeviceFailureShapesStillBootAndSayTheLoss
2026-10-10T08:01:50.4160520Z === RUN   TestAC247DeviceFailureShapesStillBootAndSayTheLoss/occupied
2026-10-10T08:01:50.4162141Z time=2026-10-10T07:58:13.640Z level=ERROR msg="audio source failed" source=gate-T error="audio_device: capture open on device Busy Mic (0x8889000A): capture device is held in exclusive mode by another application; close that application or pick another device"
2026-10-10T08:01:50.4164052Z time=2026-10-10T07:58:13.640Z level=ERROR msg="audio: capture device unavailable" class=audio_device err="audio_device: capture open on device Busy Mic (0x8889000A): capture device is held in exclusive mode by another application; close that application or pick another device" posture="boot continues, no state pushed"
2026-10-10T08:01:50.4164956Z wisp: 麦克风不可用（错误分类 audio_device）：audio_device: capture open on device Busy Mic (0x8889000A): capture device is held in exclusive mode by another application; close that application or pick another device
2026-10-10T08:01:50.4165338Z wisp: 这一条不推状态、也不拒绝启动：D43 的 EvAudioDeviceLost 只有从 Listening 出发的合法边，启动期没有；票 128 只定了「没有数据根」这一种拒绝启动
2026-10-10T08:01:50.4165692Z time=2026-10-10T07:58:13.640Z level=INFO msg="shutdown step skipped (module not present)" step=1 name=scheduler-close
2026-10-10T08:01:50.4166035Z time=2026-10-10T07:58:13.640Z level=INFO msg="shutdown step skipped (module not present)" step=2 name=stop-hotkey-kws
2026-10-10T08:01:50.4166408Z time=2026-10-10T07:58:13.640Z level=INFO msg="shutdown step skipped (module not present)" step=3 name=cancel-task-roots
2026-10-10T08:01:50.4167464Z time=2026-10-10T07:58:13.640Z level=INFO msg="audio capture leg stopped: levels_delivered=0 frames_sent=0 frames_dropped=0 reopens=0 last_error=audio_device: capture open on device Busy Mic (0x8889000A): capture device is held in exclusive mode by another application; close that application or pick another device"
2026-10-10T08:01:50.4168372Z wisp: audio capture leg stopped: levels_delivered=0 frames_sent=0 frames_dropped=0 reopens=0 last_error=audio_device: capture open on device Busy Mic (0x8889000A): capture device is held in exclusive mode by another application; close that application or pick another device
2026-10-10T08:01:50.4168751Z time=2026-10-10T07:58:13.640Z level=INFO msg="shutdown step skipped (module not present)" step=5 name=release-speech-sessions
2026-10-10T08:01:50.4169126Z time=2026-10-10T07:58:13.641Z level=INFO msg="shutdown step skipped (module not present)" step=6 name=destroy-panel-webview
2026-10-10T08:01:50.4169533Z time=2026-10-10T07:58:13.641Z level=INFO msg="shutdown step skipped (module not present)" step=7 name=flush-logs-close-db
2026-10-10T08:01:50.4170020Z === RUN   TestAC247DeviceFailureShapesStillBootAndSayTheLoss/permission_denied
2026-10-10T08:01:50.4171776Z time=2026-10-10T07:58:13.647Z level=ERROR msg="audio source failed" source=gate-T error="audio_device: capture open on device Built-in Mic (0x80070005): microphone access denied: allow desktop apps to use the microphone under Windows Settings > Privacy & security > Microphone"
2026-10-10T08:01:50.4173741Z time=2026-10-10T07:58:13.647Z level=ERROR msg="audio: capture device unavailable" class=audio_device err="audio_device: capture open on device Built-in Mic (0x80070005): microphone access denied: allow desktop apps to use the microphone under Windows Settings > Privacy & security > Microphone" posture="boot continues, no state pushed"
2026-10-10T08:01:50.4175074Z wisp: 麦克风不可用（错误分类 audio_device）：audio_device: capture open on device Built-in Mic (0x80070005): microphone access denied: allow desktop apps to use the microphone under Windows Settings > Privacy & security > Microphone
2026-10-10T08:01:50.4175462Z wisp: 这一条不推状态、也不拒绝启动：D43 的 EvAudioDeviceLost 只有从 Listening 出发的合法边，启动期没有；票 128 只定了「没有数据根」这一种拒绝启动
2026-10-10T08:01:50.4176159Z time=2026-10-10T07:58:13.647Z level=INFO msg="shutdown step skipped (module not present)" step=1 name=scheduler-close
2026-10-10T08:01:50.4176801Z time=2026-10-10T07:58:13.647Z level=INFO msg="shutdown step skipped (module not present)" step=2 name=stop-hotkey-kws
2026-10-10T08:01:50.4177439Z time=2026-10-10T07:58:13.647Z level=INFO msg="shutdown step skipped (module not present)" step=3 name=cancel-task-roots
2026-10-10T08:01:50.4179525Z time=2026-10-10T07:58:13.647Z level=INFO msg="audio capture leg stopped: levels_delivered=0 frames_sent=0 frames_dropped=0 reopens=0 last_error=audio_device: capture open on device Built-in Mic (0x80070005): microphone access denied: allow desktop apps to use the microphone under Windows Settings > Privacy & security > Microphone"
2026-10-10T08:01:50.4181374Z wisp: audio capture leg stopped: levels_delivered=0 frames_sent=0 frames_dropped=0 reopens=0 last_error=audio_device: capture open on device Built-in Mic (0x80070005): microphone access denied: allow desktop apps to use the microphone under Windows Settings > Privacy & security > Microphone
2026-10-10T08:01:50.4182068Z time=2026-10-10T07:58:13.647Z level=INFO msg="shutdown step skipped (module not present)" step=5 name=release-speech-sessions
2026-10-10T08:01:50.4182764Z time=2026-10-10T07:58:13.647Z level=INFO msg="shutdown step skipped (module not present)" step=6 name=destroy-panel-webview
2026-10-10T08:01:50.4183465Z time=2026-10-10T07:58:13.647Z level=INFO msg="shutdown step skipped (module not present)" step=7 name=flush-logs-close-db
2026-10-10T08:01:50.4183893Z === RUN   TestAC247DeviceFailureShapesStillBootAndSayTheLoss/no_device
2026-10-10T08:01:50.4185091Z time=2026-10-10T07:58:13.652Z level=ERROR msg="audio source failed" source=gate-T error="audio_device: capture open on device Gone Headset (0x88890004): device invalidated (unplugged or disabled)"
2026-10-10T08:01:50.4186716Z time=2026-10-10T07:58:13.652Z level=ERROR msg="audio: capture device unavailable" class=audio_device err="audio_device: capture open on device Gone Headset (0x88890004): device invalidated (unplugged or disabled)" posture="boot continues, no state pushed"
2026-10-10T08:01:50.4187742Z wisp: 麦克风不可用（错误分类 audio_device）：audio_device: capture open on device Gone Headset (0x88890004): device invalidated (unplugged or disabled)
2026-10-10T08:01:50.4188446Z wisp: 这一条不推状态、也不拒绝启动：D43 的 EvAudioDeviceLost 只有从 Listening 出发的合法边，启动期没有；票 128 只定了「没有数据根」这一种拒绝启动
2026-10-10T08:01:50.4189115Z time=2026-10-10T07:58:13.652Z level=INFO msg="shutdown step skipped (module not present)" step=1 name=scheduler-close
2026-10-10T08:01:50.4189634Z time=2026-10-10T07:58:13.652Z level=INFO msg="shutdown step skipped (module not present)" step=2 name=stop-hotkey-kws
2026-10-10T08:01:50.4189996Z time=2026-10-10T07:58:13.652Z level=INFO msg="shutdown step skipped (module not present)" step=3 name=cancel-task-roots
2026-10-10T08:01:50.4191225Z time=2026-10-10T07:58:13.652Z level=INFO msg="audio capture leg stopped: levels_delivered=0 frames_sent=0 frames_dropped=0 reopens=0 last_error=audio_device: capture open on device Gone Headset (0x88890004): device invalidated (unplugged or disabled)"
2026-10-10T08:01:50.4192528Z wisp: audio capture leg stopped: levels_delivered=0 frames_sent=0 frames_dropped=0 reopens=0 last_error=audio_device: capture open on device Gone Headset (0x88890004): device invalidated (unplugged or disabled)
2026-10-10T08:01:50.4193234Z time=2026-10-10T07:58:13.652Z level=INFO msg="shutdown step skipped (module not present)" step=5 name=release-speech-sessions
2026-10-10T08:01:50.4195493Z time=2026-10-10T07:58:13.652Z level=INFO msg="shutdown step skipped (module not present)" step=6 name=destroy-panel-webview
2026-10-10T08:01:50.4196468Z time=2026-10-10T07:58:13.652Z level=INFO msg="shutdown step skipped (module not present)" step=7 name=flush-logs-close-db
2026-10-10T08:01:50.4196898Z --- PASS: TestAC247DeviceFailureShapesStillBootAndSayTheLoss (0.02s)
2026-10-10T08:01:50.4197477Z     --- PASS: TestAC247DeviceFailureShapesStillBootAndSayTheLoss/occupied (0.01s)
2026-10-10T08:01:50.4198148Z     --- PASS: TestAC247DeviceFailureShapesStillBootAndSayTheLoss/permission_denied (0.01s)
2026-10-10T08:01:50.4198713Z     --- PASS: TestAC247DeviceFailureShapesStillBootAndSayTheLoss/no_device (0.00s)
2026-10-10T08:01:50.4199004Z === RUN   TestAC247CaptureLegOwnsStepFourOfTheFrozenOrder
2026-10-10T08:01:50.4200488Z time=2026-10-10T07:58:13.657Z level=INFO msg="audio: capture armed but muted at boot; device not opened" config_source=C:\Users\RUNNER~1\AppData\Local\Temp\TestAC247CaptureLegOwnsStepFourOfTheFrozenOrder1456466918\001\config.toml path=T
2026-10-10T08:01:50.4201140Z time=2026-10-10T07:58:13.658Z level=INFO msg="shutdown step skipped (module not present)" step=1 name=scheduler-close
2026-10-10T08:01:50.4201752Z time=2026-10-10T07:58:13.658Z level=INFO msg="shutdown step skipped (module not present)" step=2 name=stop-hotkey-kws
2026-10-10T08:01:50.4202376Z time=2026-10-10T07:58:13.658Z level=INFO msg="shutdown step skipped (module not present)" step=3 name=cancel-task-roots
2026-10-10T08:01:50.4203089Z time=2026-10-10T07:58:13.658Z level=INFO msg="audio capture leg stopped: levels_delivered=0 frames_sent=0 frames_dropped=0 reopens=0"
2026-10-10T08:01:50.4203560Z wisp: audio capture leg stopped: levels_delivered=0 frames_sent=0 frames_dropped=0 reopens=0
2026-10-10T08:01:50.4204237Z time=2026-10-10T07:58:13.658Z level=INFO msg="shutdown step skipped (module not present)" step=5 name=release-speech-sessions
2026-10-10T08:01:50.4204928Z time=2026-10-10T07:58:13.658Z level=INFO msg="shutdown step skipped (module not present)" step=6 name=destroy-panel-webview
2026-10-10T08:01:50.4205627Z time=2026-10-10T07:58:13.658Z level=INFO msg="shutdown step skipped (module not present)" step=7 name=flush-logs-close-db
2026-10-10T08:01:50.4206035Z --- PASS: TestAC247CaptureLegOwnsStepFourOfTheFrozenOrder (0.01s)
2026-10-10T08:01:50.4206359Z === RUN   TestAC247HandingTheLevelToTheSeamIsNotVisibility
2026-10-10T08:01:50.4207974Z time=2026-10-10T07:58:13.662Z level=INFO msg="audio: capture armed but muted at boot; device not opened" config_source=C:\Users\RUNNER~1\AppData\Local\Temp\TestAC247HandingTheLevelToTheSeamIsNotVisibility1385773015\001\config.toml path=T
2026-10-10T08:01:50.4209271Z     resident_audio_247_windows_test.go:372: AC#10 reading: PrototypeVisualsEnabled()=false levels_reaching_the_ball_seam=1 (a number arriving is not a pixel moving)
2026-10-10T08:01:50.4209976Z time=2026-10-10T07:58:13.664Z level=INFO msg="shutdown step skipped (module not present)" step=1 name=scheduler-close
2026-10-10T08:01:50.4210619Z time=2026-10-10T07:58:13.664Z level=INFO msg="shutdown step skipped (module not present)" step=2 name=stop-hotkey-kws
2026-10-10T08:01:50.4211273Z time=2026-10-10T07:58:13.664Z level=INFO msg="shutdown step skipped (module not present)" step=3 name=cancel-task-roots
2026-10-10T08:01:50.4212015Z time=2026-10-10T07:58:13.664Z level=INFO msg="audio capture leg stopped: levels_delivered=1 frames_sent=0 frames_dropped=0 reopens=0"
2026-10-10T08:01:50.4212511Z wisp: audio capture leg stopped: levels_delivered=1 frames_sent=0 frames_dropped=0 reopens=0
2026-10-10T08:01:50.4213264Z time=2026-10-10T07:58:13.664Z level=INFO msg="shutdown step skipped (module not present)" step=5 name=release-speech-sessions
2026-10-10T08:01:50.4213947Z time=2026-10-10T07:58:13.664Z level=INFO msg="shutdown step skipped (module not present)" step=6 name=destroy-panel-webview
2026-10-10T08:01:50.4214619Z time=2026-10-10T07:58:13.664Z level=INFO msg="shutdown step skipped (module not present)" step=7 name=flush-logs-close-db
2026-10-10T08:01:50.4216779Z --- PASS: TestAC247HandingTheLevelToTheSeamIsNotVisibility (0.00s)
2026-10-10T08:01:50.4217066Z === RUN   TestAC228ResidentLegIsTheBallHost
2026-10-10T08:01:50.4218122Z     resident_ball_228_test.go:214: ball host functions (production): resident_ball_windows.go:startResidentBall
2026-10-10T08:01:50.4218410Z --- PASS: TestAC228ResidentLegIsTheBallHost (0.01s)
2026-10-10T08:01:50.4218634Z === RUN   TestAC228BallHostAnswersEveryGesture
2026-10-10T08:01:50.4219266Z     resident_ball_228_test.go:323: all 10 gesture callbacks answered by the resident host
2026-10-10T08:01:50.4219551Z --- PASS: TestAC228BallHostAnswersEveryGesture (0.02s)
2026-10-10T08:01:50.4219809Z === RUN   TestAC228ResidentLegReportsAndBooksItsBall
2026-10-10T08:01:50.4221195Z     resident_ball_228_windows_test.go:104: resident sink C:\Users\RUNNER~1\AppData\Local\Temp\TestAC228ResidentLegReportsAndBooksItsBall4272967856\002\logs: 1 file(s), 22 record(s)
2026-10-10T08:01:50.4222067Z     resident_ball_228_windows_test.go:168: AC#1 READING: console up=1 absent=0; records created=9 refused=-1 stopped=14 install=1
2026-10-10T08:01:50.4222383Z --- PASS: TestAC228ResidentLegReportsAndBooksItsBall (2.80s)
2026-10-10T08:01:50.4222713Z === RUN   TestAC228ExitRequestDuringBootStillLeavesThroughD38E
2026-10-10T08:01:50.4224222Z     resident_ball_228_windows_test.go:211: resident sink C:\Users\RUNNER~1\AppData\Local\Temp\TestAC228ExitRequestDuringBootStillLeavesThroughD38E3311605180\002\logs: 1 file(s), 22 record(s)
2026-10-10T08:01:50.4225522Z     resident_ball_228_windows_test.go:221: AC#1 READING: boot-time break exited clean; install=1 shutdown trail starts at 15 of 22 record(s); ball records created=9 stopped=14
2026-10-10T08:01:50.4225981Z --- PASS: TestAC228ExitRequestDuringBootStillLeavesThroughD38E (2.95s)
2026-10-10T08:01:50.4226307Z === RUN   TestTicket260R4ShippedConstructorInstallsTheReader
2026-10-10T08:01:50.4228692Z time=2026-10-10T07:58:19.446Z level=INFO msg="resident gate: [risk] tier taken at construction" provenance="defaults (no host config view)" config_path="(no host config view)" window_sec_read=0 confirm_timeout_sec_read=0 gate_window=3s gate_queue_timeout=5m0s scope="construction time only: approval.Gate and Queue copy these in New and nothing re-applies them (ticket 256)"
2026-10-10T08:01:50.4229753Z time=2026-10-10T07:58:19.446Z level=INFO msg="audit: resident-approval: 审批门已装配进常驻进程，取消通道 Esc 已加载（本票只落 Esc 一条通道；单击球 / KWS 否决词 / 面板拒绝三条仍按各自归口未接入）"
2026-10-10T08:01:50.4230146Z --- PASS: TestTicket260R4ShippedConstructorInstallsTheReader (0.00s)
2026-10-10T08:01:50.4230398Z === RUN   TestTicket260R4NoBallHostNamesNoKeyOnTheCard
2026-10-10T08:01:50.4232692Z time=2026-10-10T07:58:19.446Z level=INFO msg="resident gate: [risk] tier taken at construction" provenance="defaults (no host config view)" config_path="(no host config view)" window_sec_read=0 confirm_timeout_sec_read=0 gate_window=3s gate_queue_timeout=5m0s scope="construction time only: approval.Gate and Queue copy these in New and nothing re-applies them (ticket 256)"
2026-10-10T08:01:50.4233827Z time=2026-10-10T07:58:19.446Z level=INFO msg="audit: resident-approval: 审批门已装配，但本进程没有悬浮球窗口，四条否决通道全部保持未加载（取消键无处可借，卡片无处可呈）"
2026-10-10T08:01:50.4236116Z time=2026-10-10T07:58:19.446Z level=INFO msg="resident gate: [risk] tier taken at construction" provenance="defaults (no host config view)" config_path="(no host config view)" window_sec_read=0 confirm_timeout_sec_read=0 gate_window=3s gate_queue_timeout=5m0s scope="construction time only: approval.Gate and Queue copy these in New and nothing re-applies them (ticket 256)"
2026-10-10T08:01:50.4237276Z time=2026-10-10T07:58:19.446Z level=INFO msg="audit: resident-approval: 审批门已装配，但本进程没有悬浮球窗口，四条否决通道全部保持未加载（取消键无处可借，卡片无处可呈）"
2026-10-10T08:01:50.4237599Z --- PASS: TestTicket260R4NoBallHostNamesNoKeyOnTheCard (0.00s)
2026-10-10T08:01:50.4237852Z === RUN   TestTicket260R4SeamIsNotAProductionShortcut
2026-10-10T08:01:50.4240539Z time=2026-10-10T07:58:19.447Z level=INFO msg="resident gate: [risk] tier taken at construction" provenance="defaults (no host config view)" config_path="(no host config view)" window_sec_read=0 confirm_timeout_sec_read=0 gate_window=3s gate_queue_timeout=5m0s scope="construction time only: approval.Gate and Queue copy these in New and nothing re-applies them (ticket 256)"
2026-10-10T08:01:50.4240960Z --- PASS: TestTicket260R4SeamIsNotAProductionShortcut (0.00s)
2026-10-10T08:01:50.4241127Z === RUN   TestTicket260R3DefaultWordingIsTheOldSentence
2026-10-10T08:01:50.4242382Z time=2026-10-10T07:58:19.447Z level=INFO msg="resident gate: [risk] tier taken at construction" provenance="defaults (no host config view)" config_path="(no host config view)" window_sec_read=0 confirm_timeout_sec_read=0 gate_window=3s gate_queue_timeout=5m0s scope="construction time only: approval.Gate and Queue copy these in New and nothing re-applies them (ticket 256)"
2026-10-10T08:01:50.4243793Z time=2026-10-10T07:58:19.447Z level=INFO msg="resident gate: [risk] tier taken at construction" provenance="defaults (no host config view)" config_path="(no host config view)" window_sec_read=0 confirm_timeout_sec_read=0 gate_window=3s gate_queue_timeout=5m0s scope="construction time only: approval.Gate and Queue copy these in New and nothing re-applies them (ticket 256)"
2026-10-10T08:01:50.4244500Z time=2026-10-10T07:58:19.447Z level=INFO msg="audit: resident-approval: 审批门已装配进常驻进程，取消通道 Esc 已加载（本票只落 Esc 一条通道；单击球 / KWS 否决词 / 面板拒绝三条仍按各自归口未接入）"
2026-10-10T08:01:50.4244846Z --- PASS: TestTicket260R3DefaultWordingIsTheOldSentence (0.00s)
2026-10-10T08:01:50.4245074Z === RUN   TestTicket260R3SeededKeyReplacesEsc
2026-10-10T08:01:50.4247377Z time=2026-10-10T07:58:19.447Z level=INFO msg="resident gate: [risk] tier taken at construction" provenance="defaults (no host config view)" config_path="(no host config view)" window_sec_read=0 confirm_timeout_sec_read=0 gate_window=3s gate_queue_timeout=5m0s scope="construction time only: approval.Gate and Queue copy these in New and nothing re-applies them (ticket 256)"
2026-10-10T08:01:50.4250394Z time=2026-10-10T07:58:19.448Z level=INFO msg="resident gate: [risk] tier taken at construction" provenance="defaults (no host config view)" config_path="(no host config view)" window_sec_read=0 confirm_timeout_sec_read=0 gate_window=3s gate_queue_timeout=5m0s scope="construction time only: approval.Gate and Queue copy these in New and nothing re-applies them (ticket 256)"
2026-10-10T08:01:50.4251539Z time=2026-10-10T07:58:19.448Z level=INFO msg="audit: resident-approval: 审批门已装配进常驻进程，取消通道 Ctrl+Alt+Q 已加载（本票只落 Ctrl+Alt+Q 一条通道；单击球 / KWS 否决词 / 面板拒绝三条仍按各自归口未接入）"
2026-10-10T08:01:50.4251826Z --- PASS: TestTicket260R3SeededKeyReplacesEsc (0.00s)
2026-10-10T08:01:50.4252062Z === RUN   TestTicket260R3UnloadBranchesNameNoKey
2026-10-10T08:01:50.4254540Z time=2026-10-10T07:58:19.448Z level=INFO msg="resident gate: [risk] tier taken at construction" provenance="defaults (no host config view)" config_path="(no host config view)" window_sec_read=0 confirm_timeout_sec_read=0 gate_window=3s gate_queue_timeout=5m0s scope="construction time only: approval.Gate and Queue copy these in New and nothing re-applies them (ticket 256)"
2026-10-10T08:01:50.4255588Z time=2026-10-10T07:58:19.448Z level=INFO msg="audit: resident-approval: 审批门已装配，但本进程没有悬浮球窗口，四条否决通道全部保持未加载（取消键无处可借，卡片无处可呈）"
2026-10-10T08:01:50.4258081Z time=2026-10-10T07:58:19.448Z level=INFO msg="resident gate: [risk] tier taken at construction" provenance="defaults (no host config view)" config_path="(no host config view)" window_sec_read=0 confirm_timeout_sec_read=0 gate_window=3s gate_queue_timeout=5m0s scope="construction time only: approval.Gate and Queue copy these in New and nothing re-applies them (ticket 256)"
2026-10-10T08:01:50.4259004Z time=2026-10-10T07:58:19.448Z level=INFO msg="audit: resident-approval: 本进程有悬浮球窗口，但装配根没有注入取消执行者，取消键通道保持未加载（advertise 一枚按不动的键＝B1 禁止的形状）"
2026-10-10T08:01:50.4261770Z time=2026-10-10T07:58:19.448Z level=INFO msg="resident gate: [risk] tier taken at construction" provenance="defaults (no host config view)" config_path="(no host config view)" window_sec_read=0 confirm_timeout_sec_read=0 gate_window=3s gate_queue_timeout=5m0s scope="construction time only: approval.Gate and Queue copy these in New and nothing re-applies them (ticket 256)"
2026-10-10T08:01:50.4262333Z time=2026-10-10T07:58:19.448Z level=INFO msg="audit: resident-approval: 审批门已装配，但本进程没有悬浮球窗口，四条否决通道全部保持未加载（取消键无处可借，卡片无处可呈）"
2026-10-10T08:01:50.4263579Z time=2026-10-10T07:58:19.448Z level=INFO msg="resident gate: [risk] tier taken at construction" provenance="defaults (no host config view)" config_path="(no host config view)" window_sec_read=0 confirm_timeout_sec_read=0 gate_window=3s gate_queue_timeout=5m0s scope="construction time only: approval.Gate and Queue copy these in New and nothing re-applies them (ticket 256)"
2026-10-10T08:01:50.4264168Z time=2026-10-10T07:58:19.449Z level=INFO msg="audit: resident-approval: 本进程有悬浮球窗口，但装配根没有注入取消执行者，取消键通道保持未加载（advertise 一枚按不动的键＝B1 禁止的形状）"
2026-10-10T08:01:50.4264402Z --- PASS: TestTicket260R3UnloadBranchesNameNoKey (0.00s)
2026-10-10T08:01:50.4264660Z === RUN   TestTicket260R3CancelKeyComesFromTheBallChain
2026-10-10T08:01:50.4267441Z time=2026-10-10T07:58:19.449Z level=INFO msg="resident gate: [risk] tier taken at construction" provenance="defaults (no host config view)" config_path="(no host config view)" window_sec_read=0 confirm_timeout_sec_read=0 gate_window=3s gate_queue_timeout=5m0s scope="construction time only: approval.Gate and Queue copy these in New and nothing re-applies them (ticket 256)"
2026-10-10T08:01:50.4267675Z --- PASS: TestTicket260R3CancelKeyComesFromTheBallChain (0.00s)
2026-10-10T08:01:50.4267814Z === RUN   TestTicket260R3ProductionPathHasNoSeam
2026-10-10T08:01:50.4269060Z time=2026-10-10T07:58:19.449Z level=INFO msg="resident gate: [risk] tier taken at construction" provenance="defaults (no host config view)" config_path="(no host config view)" window_sec_read=0 confirm_timeout_sec_read=0 gate_window=3s gate_queue_timeout=5m0s scope="construction time only: approval.Gate and Queue copy these in New and nothing re-applies them (ticket 256)"
2026-10-10T08:01:50.4270298Z time=2026-10-10T07:58:19.449Z level=INFO msg="resident gate: [risk] tier taken at construction" provenance="defaults (no host config view)" config_path="(no host config view)" window_sec_read=0 confirm_timeout_sec_read=0 gate_window=3s gate_queue_timeout=5m0s scope="construction time only: approval.Gate and Queue copy these in New and nothing re-applies them (ticket 256)"
2026-10-10T08:01:50.4271513Z time=2026-10-10T07:58:19.449Z level=INFO msg="resident gate: [risk] tier taken at construction" provenance="defaults (no host config view)" config_path="(no host config view)" window_sec_read=0 confirm_timeout_sec_read=0 gate_window=3s gate_queue_timeout=5m0s scope="construction time only: approval.Gate and Queue copy these in New and nothing re-applies them (ticket 256)"
2026-10-10T08:01:50.4271678Z --- PASS: TestTicket260R3ProductionPathHasNoSeam (0.00s)
2026-10-10T08:01:50.4272029Z === RUN   TestTicket265ResidentGrantHolderUnboundFailsLoudly
2026-10-10T08:01:50.4272322Z --- PASS: TestTicket265ResidentGrantHolderUnboundFailsLoudly (0.00s)
2026-10-10T08:01:50.4272529Z === RUN   TestTicket265ResidentGrantHolderBoundDelegatesEveryField
2026-10-10T08:01:50.4272774Z --- PASS: TestTicket265ResidentGrantHolderBoundDelegatesEveryField (0.00s)
2026-10-10T08:01:50.4272992Z === RUN   TestTicket265LedgerErrorReachesTheOperatorThroughTheHolder
2026-10-10T08:01:50.4273242Z --- PASS: TestTicket265LedgerErrorReachesTheOperatorThroughTheHolder (0.00s)
2026-10-10T08:01:50.4273485Z === RUN   TestTicket265UnboundHolderAnswersThroughTheGateWithoutClaimingARow
2026-10-10T08:01:50.4273771Z --- PASS: TestTicket265UnboundHolderAnswersThroughTheGateWithoutClaimingARow (0.00s)
2026-10-10T08:01:50.4273983Z === RUN   TestTicket265BoundHolderRecordsEveryPathTheAnsweredCardNamed
2026-10-10T08:01:50.4274237Z --- PASS: TestTicket265BoundHolderRecordsEveryPathTheAnsweredCardNamed (0.00s)
2026-10-10T08:01:50.4274405Z === RUN   TestTicket265GateLiteralCarriesTheResidentHolder
2026-10-10T08:01:50.4274607Z --- PASS: TestTicket265GateLiteralCarriesTheResidentHolder (0.00s)
2026-10-10T08:01:50.4274807Z === RUN   TestTicket265BindSiteRunsAfterTheAssemblyAndBeforeAnyTask
2026-10-10T08:01:50.4275048Z --- PASS: TestTicket265BindSiteRunsAfterTheAssemblyAndBeforeAnyTask (0.00s)
2026-10-10T08:01:50.4275278Z === RUN   TestTicket265SessionLedgerStillHasOneProductionConstructionSite
2026-10-10T08:01:50.4275553Z --- PASS: TestTicket265SessionLedgerStillHasOneProductionConstructionSite (0.00s)
2026-10-10T08:01:50.4275743Z === RUN   TestTicket265ResidentApprovalConstructsAnUnboundHolder
2026-10-10T08:01:50.4277422Z time=2026-10-10T07:58:19.456Z level=INFO msg="resident gate: [risk] tier taken at construction" provenance="defaults (no host config view)" config_path="(no host config view)" window_sec_read=0 confirm_timeout_sec_read=0 gate_window=3s gate_queue_timeout=5m0s scope="construction time only: approval.Gate and Queue copy these in New and nothing re-applies them (ticket 256)"
2026-10-10T08:01:50.4277671Z --- PASS: TestTicket265ResidentApprovalConstructsAnUnboundHolder (0.00s)
2026-10-10T08:01:50.4277821Z === RUN   Test258AssemblyRootWiresTheChainAndTheBridge
2026-10-10T08:01:50.4277999Z --- PASS: Test258AssemblyRootWiresTheChainAndTheBridge (0.00s)
2026-10-10T08:01:50.4278136Z === RUN   Test258SinkRebindRulerReadsBothSpellings
2026-10-10T08:01:50.4278300Z --- PASS: Test258SinkRebindRulerReadsBothSpellings (0.00s)
2026-10-10T08:01:50.4278432Z === RUN   Test258ConstructionChainTakesConfigValues
2026-10-10T08:01:50.4278600Z --- PASS: Test258ConstructionChainTakesConfigValues (0.01s)
2026-10-10T08:01:50.4278787Z === RUN   Test258ConstructionChainMissingFileFallsBackAndSaysIt
2026-10-10T08:01:50.4279012Z --- PASS: Test258ConstructionChainMissingFileFallsBackAndSaysIt (0.00s)
2026-10-10T08:01:50.4279139Z === RUN   Test258SectionMissingTierWordIsDefaults
2026-10-10T08:01:50.4279302Z --- PASS: Test258SectionMissingTierWordIsDefaults (0.00s)
2026-10-10T08:01:50.4279437Z === RUN   Test258ProvenanceWordsAreThePrintedOnes
2026-10-10T08:01:50.4279586Z --- PASS: Test258ProvenanceWordsAreThePrintedOnes (0.00s)
2026-10-10T08:01:50.4279727Z === RUN   Test258BridgeRebindsLiveKeysFromConfigEdit
2026-10-10T08:01:50.4280394Z time=2026-10-10T07:58:19.497Z level=INFO msg="cancel hotkey left unbound while idle: the configured key is borrowed only during Confirming and handed back at session end (ticket 245)" hotkey=cancel binding=Esc
2026-10-10T08:01:50.4281061Z time=2026-10-10T07:58:19.499Z level=INFO msg="ball: hotkey reload bridge armed (polls config, rebinds on change)" poll=1s provenance=config
2026-10-10T08:01:50.4281440Z wisp: ball hotkey reload bridge armed (provenance=config); a hand edit of [hotkey] rebinds the live keys without a restart
2026-10-10T08:01:50.4284815Z time=2026-10-10T07:58:19.499Z level=INFO msg="ball: the resident leg created the floating ball window" hotkeys_provenance=config hotkeys_live=3 hotkeys="summon=Ctrl+Alt+Z live, mute=Ctrl+Alt+M live, cancel=Esc not bound while idle (cancel is borrowed only during Confirming), panel=Ctrl+Alt+P live" gestures="recorded only except the ones the assembly root hands an executor for: the cancel key (ticket 246) and the panel gestures (ticket 33); the two mute gestures turn this process's capture gate once that leg is assembled (ticket 290 - this line prints before the attach, because the ball is built first), and D43's four veto channels stay reduced here to the one the assembly root injected"
2026-10-10T08:01:50.4285622Z time=2026-10-10T07:58:19.504Z level=INFO msg="cancel hotkey left unbound while idle: the configured key is borrowed only during Confirming and handed back at session end (ticket 245)" hotkey=cancel binding=Esc
2026-10-10T08:01:50.4286125Z time=2026-10-10T07:58:19.504Z level=INFO msg="ball: hotkeys rebound after config change" summon=Ctrl+Alt+R mute=Ctrl+Alt+M cancel=Esc panel=Ctrl+Alt+P live=3
2026-10-10T08:01:50.4286488Z time=2026-10-10T07:58:19.506Z level=INFO msg="ball: resident leg destroyed the ball window, its tray icon and its hotkeys"
2026-10-10T08:01:50.4286673Z --- PASS: Test258BridgeRebindsLiveKeysFromConfigEdit (0.04s)
2026-10-10T08:01:50.4286818Z === RUN   Test258BridgeMutationNoSrcKeepsOldBinding
2026-10-10T08:01:50.4287485Z time=2026-10-10T07:58:19.523Z level=INFO msg="cancel hotkey left unbound while idle: the configured key is borrowed only during Confirming and handed back at session end (ticket 245)" hotkey=cancel binding=Esc
2026-10-10T08:01:50.4289859Z time=2026-10-10T07:58:19.525Z level=INFO msg="ball: the resident leg created the floating ball window" hotkeys_provenance=defaults hotkeys_live=3 hotkeys="summon=Ctrl+Alt+Q live, mute=Ctrl+Alt+M live, cancel=Esc not bound while idle (cancel is borrowed only during Confirming), panel=Ctrl+Alt+P live" gestures="recorded only except the ones the assembly root hands an executor for: the cancel key (ticket 246) and the panel gestures (ticket 33); the two mute gestures turn this process's capture gate once that leg is assembled (ticket 290 - this line prints before the attach, because the ball is built first), and D43's four veto channels stay reduced here to the one the assembly root injected"
2026-10-10T08:01:50.4290221Z time=2026-10-10T07:58:19.936Z level=INFO msg="ball: resident leg destroyed the ball window, its tray icon and its hotkeys"
2026-10-10T08:01:50.4290398Z --- PASS: Test258BridgeMutationNoSrcKeepsOldBinding (0.43s)
2026-10-10T08:01:50.4290540Z === RUN   Test258OccupiedCombinationNamesTheNewValue
2026-10-10T08:01:50.4291195Z time=2026-10-10T07:58:19.955Z level=INFO msg="cancel hotkey left unbound while idle: the configured key is borrowed only during Confirming and handed back at session end (ticket 245)" hotkey=cancel binding=Esc
2026-10-10T08:01:50.4291615Z time=2026-10-10T07:58:19.957Z level=INFO msg="ball: hotkey reload bridge armed (polls config, rebinds on change)" poll=1s provenance=config
2026-10-10T08:01:50.4291972Z wisp: ball hotkey reload bridge armed (provenance=config); a hand edit of [hotkey] rebinds the live keys without a restart
2026-10-10T08:01:50.4294833Z time=2026-10-10T07:58:19.957Z level=INFO msg="ball: the resident leg created the floating ball window" hotkeys_provenance=config hotkeys_live=3 hotkeys="summon=Ctrl+Alt+Z live, mute=Ctrl+Alt+M live, cancel=Esc not bound while idle (cancel is borrowed only during Confirming), panel=Ctrl+Alt+P live" gestures="recorded only except the ones the assembly root hands an executor for: the cancel key (ticket 246) and the panel gestures (ticket 33); the two mute gestures turn this process's capture gate once that leg is assembled (ticket 290 - this line prints before the attach, because the ball is built first), and D43's four veto channels stay reduced here to the one the assembly root injected"
2026-10-10T08:01:50.4295710Z time=2026-10-10T07:58:19.961Z level=INFO msg="cancel hotkey left unbound while idle: the configured key is borrowed only during Confirming and handed back at session end (ticket 245)" hotkey=cancel binding=Esc
2026-10-10T08:01:50.4296461Z time=2026-10-10T07:58:19.961Z level=ERROR msg="hotkey occupied by another program, not registered" hotkey=panel binding=Ctrl+Alt+V err="Hot key is already registered."
2026-10-10T08:01:50.4297234Z time=2026-10-10T07:58:19.961Z level=ERROR msg="ball: hotkey reload" binding="hotkey panel = \"Ctrl+Alt+V\" is occupied by another program and was NOT registered; pressing it will do nothing until you pick a free combination in [hotkey]"
2026-10-10T08:01:50.4297721Z time=2026-10-10T07:58:19.961Z level=INFO msg="ball: hotkeys rebound after config change" summon=Ctrl+Alt+Z mute=Ctrl+Alt+M cancel=Esc panel=Ctrl+Alt+V live=2
2026-10-10T08:01:50.4298440Z time=2026-10-10T07:58:19.963Z level=INFO msg="ball: resident leg destroyed the ball window, its tray icon and its hotkeys"
2026-10-10T08:01:50.4298662Z --- PASS: Test258OccupiedCombinationNamesTheNewValue (0.03s)
2026-10-10T08:01:50.4298834Z === RUN   Test296BridgeKeepsThreeLiveKeysWithOwnerEmptySlots
2026-10-10T08:01:50.4299506Z time=2026-10-10T07:58:19.982Z level=INFO msg="cancel hotkey left unbound while idle: the configured key is borrowed only during Confirming and handed back at session end (ticket 245)" hotkey=cancel binding=Esc
2026-10-10T08:01:50.4299924Z time=2026-10-10T07:58:19.983Z level=INFO msg="ball: hotkey reload bridge armed (polls config, rebinds on change)" poll=1s provenance=defaults
2026-10-10T08:01:50.4300298Z wisp: ball hotkey reload bridge armed (provenance=defaults); a hand edit of [hotkey] rebinds the live keys without a restart
2026-10-10T08:01:50.4302646Z time=2026-10-10T07:58:19.984Z level=INFO msg="ball: the resident leg created the floating ball window" hotkeys_provenance=defaults hotkeys_live=3 hotkeys="summon=Ctrl+Alt+Q live, mute=Ctrl+Alt+M live, cancel=Esc not bound while idle (cancel is borrowed only during Confirming), panel=Ctrl+Alt+P live" gestures="recorded only except the ones the assembly root hands an executor for: the cancel key (ticket 246) and the panel gestures (ticket 33); the two mute gestures turn this process's capture gate once that leg is assembled (ticket 290 - this line prints before the attach, because the ball is built first), and D43's four veto channels stay reduced here to the one the assembly root injected"
2026-10-10T08:01:50.4303057Z time=2026-10-10T07:58:19.986Z level=INFO msg="ball: resident leg destroyed the ball window, its tray icon and its hotkeys"
2026-10-10T08:01:50.4303391Z --- PASS: Test296BridgeKeepsThreeLiveKeysWithOwnerEmptySlots (0.02s)
2026-10-10T08:01:50.4303565Z === RUN   Test296BridgeKeepsThreeLiveKeysWhenConfigUnreadable
2026-10-10T08:01:50.4304219Z time=2026-10-10T07:58:20.009Z level=INFO msg="cancel hotkey left unbound while idle: the configured key is borrowed only during Confirming and handed back at session end (ticket 245)" hotkey=cancel binding=Esc
2026-10-10T08:01:50.4304642Z time=2026-10-10T07:58:20.010Z level=INFO msg="ball: hotkey reload bridge armed (polls config, rebinds on change)" poll=1s provenance=defaults
2026-10-10T08:01:50.4305020Z wisp: ball hotkey reload bridge armed (provenance=defaults); a hand edit of [hotkey] rebinds the live keys without a restart
2026-10-10T08:01:50.4307355Z time=2026-10-10T07:58:20.010Z level=INFO msg="ball: the resident leg created the floating ball window" hotkeys_provenance=defaults hotkeys_live=3 hotkeys="summon=Ctrl+Alt+Q live, mute=Ctrl+Alt+M live, cancel=Esc not bound while idle (cancel is borrowed only during Confirming), panel=Ctrl+Alt+P live" gestures="recorded only except the ones the assembly root hands an executor for: the cancel key (ticket 246) and the panel gestures (ticket 33); the two mute gestures turn this process's capture gate once that leg is assembled (ticket 290 - this line prints before the attach, because the ball is built first), and D43's four veto channels stay reduced here to the one the assembly root injected"
2026-10-10T08:01:50.4307699Z time=2026-10-10T07:58:20.013Z level=INFO msg="ball: resident leg destroyed the ball window, its tray icon and its hotkeys"
2026-10-10T08:01:50.4308118Z --- PASS: Test296BridgeKeepsThreeLiveKeysWhenConfigUnreadable (0.03s)
2026-10-10T08:01:50.4308255Z === RUN   Test258V1ProbeSummonEditRebindsLiveBall
2026-10-10T08:01:50.4308905Z time=2026-10-10T07:58:20.055Z level=INFO msg="cancel hotkey left unbound while idle: the configured key is borrowed only during Confirming and handed back at session end (ticket 245)" hotkey=cancel binding=Esc
2026-10-10T08:01:50.4309311Z time=2026-10-10T07:58:20.056Z level=INFO msg="ball: hotkey reload bridge armed (polls config, rebinds on change)" poll=1s provenance=config
2026-10-10T08:01:50.4309668Z wisp: ball hotkey reload bridge armed (provenance=config); a hand edit of [hotkey] rebinds the live keys without a restart
2026-10-10T08:01:50.4313560Z time=2026-10-10T07:58:20.056Z level=INFO msg="ball: the resident leg created the floating ball window" hotkeys_provenance=config hotkeys_live=3 hotkeys="summon=Ctrl+Alt+Z live, mute=Ctrl+Alt+M live, cancel=Esc not bound while idle (cancel is borrowed only during Confirming), panel=Ctrl+Alt+P live" gestures="recorded only except the ones the assembly root hands an executor for: the cancel key (ticket 246) and the panel gestures (ticket 33); the two mute gestures turn this process's capture gate once that leg is assembled (ticket 290 - this line prints before the attach, because the ball is built first), and D43's four veto channels stay reduced here to the one the assembly root injected"
2026-10-10T08:01:50.4315101Z time=2026-10-10T07:58:20.060Z level=INFO msg="cancel hotkey left unbound while idle: the configured key is borrowed only during Confirming and handed back at session end (ticket 245)" hotkey=cancel binding=Esc
2026-10-10T08:01:50.4316052Z time=2026-10-10T07:58:20.060Z level=INFO msg="ball: hotkeys rebound after config change" summon=Ctrl+Alt+7 mute=Ctrl+Alt+M cancel=Esc panel=Ctrl+Alt+P live=3
2026-10-10T08:01:50.4316734Z time=2026-10-10T07:58:20.062Z level=INFO msg="ball: resident leg destroyed the ball window, its tray icon and its hotkeys"
2026-10-10T08:01:50.4317039Z --- PASS: Test258V1ProbeSummonEditRebindsLiveBall (0.05s)
2026-10-10T08:01:50.4317400Z === RUN   Test258V1ProbeConstructionMissingFileNamesTheFallback
2026-10-10T08:01:50.4317834Z --- PASS: Test258V1ProbeConstructionMissingFileNamesTheFallback (0.03s)
2026-10-10T08:01:50.4318092Z === RUN   TestAC290BothMuteGesturesTurnTheGateAndBack
2026-10-10T08:01:50.4319516Z time=2026-10-10T07:58:20.093Z level=INFO msg="audio: capture armed but muted at boot; device not opened" config_source=C:\Users\RUNNER~1\AppData\Local\Temp\TestAC290BothMuteGesturesTurnTheGateAndBack1885396193\001\config.toml path=T
2026-10-10T08:01:50.4320850Z time=2026-10-10T07:58:20.093Z level=INFO msg="mute gesture turned this process's capture gate" gesture=mute-hotkey outcome="已取消静音：设备已交接，采集线程在跑；电平按票 247 的链路交给球（球屏上会不会呼吸是票 68 那一格，本票不声称）"
2026-10-10T08:01:50.4321339Z wisp: ball mute-hotkey: 已取消静音：设备已交接，采集线程在跑；电平按票 247 的链路交给球（球屏上会不会呼吸是票 68 那一格，本票不声称）
2026-10-10T08:01:50.4322343Z time=2026-10-10T07:58:20.093Z level=INFO msg="mute gesture turned this process's capture gate" gesture=mute-hotkey outcome=已静音：采集已关闭，设备未打开（再按一次取消静音）
2026-10-10T08:01:50.4322735Z wisp: ball mute-hotkey: 已静音：采集已关闭，设备未打开（再按一次取消静音）
2026-10-10T08:01:50.4323559Z time=2026-10-10T07:58:20.093Z level=INFO msg="mute gesture turned this process's capture gate" gesture=tray-mute outcome="已取消静音：设备已交接，采集线程在跑；电平按票 247 的链路交给球（球屏上会不会呼吸是票 68 那一格，本票不声称）"
2026-10-10T08:01:50.4323924Z wisp: ball tray-mute: 已取消静音：设备已交接，采集线程在跑；电平按票 247 的链路交给球（球屏上会不会呼吸是票 68 那一格，本票不声称）
2026-10-10T08:01:50.4324924Z time=2026-10-10T07:58:20.093Z level=INFO msg="mute gesture turned this process's capture gate" gesture=tray-mute outcome=已静音：采集已关闭，设备未打开（再按一次取消静音）
2026-10-10T08:01:50.4325245Z wisp: ball tray-mute: 已静音：采集已关闭，设备未打开（再按一次取消静音）
2026-10-10T08:01:50.4325931Z time=2026-10-10T07:58:20.094Z level=INFO msg="shutdown step skipped (module not present)" step=1 name=scheduler-close
2026-10-10T08:01:50.4326402Z time=2026-10-10T07:58:20.094Z level=INFO msg="shutdown step skipped (module not present)" step=2 name=stop-hotkey-kws
2026-10-10T08:01:50.4327055Z time=2026-10-10T07:58:20.094Z level=INFO msg="shutdown step skipped (module not present)" step=3 name=cancel-task-roots
2026-10-10T08:01:50.4327463Z time=2026-10-10T07:58:20.094Z level=INFO msg="audio capture leg stopped: levels_delivered=0 frames_sent=0 frames_dropped=0 reopens=0"
2026-10-10T08:01:50.4327735Z wisp: audio capture leg stopped: levels_delivered=0 frames_sent=0 frames_dropped=0 reopens=0
2026-10-10T08:01:50.4328113Z time=2026-10-10T07:58:20.094Z level=INFO msg="shutdown step skipped (module not present)" step=5 name=release-speech-sessions
2026-10-10T08:01:50.4328471Z time=2026-10-10T07:58:20.094Z level=INFO msg="shutdown step skipped (module not present)" step=6 name=destroy-panel-webview
2026-10-10T08:01:50.4328823Z time=2026-10-10T07:58:20.094Z level=INFO msg="shutdown step skipped (module not present)" step=7 name=flush-logs-close-db
2026-10-10T08:01:50.4329011Z --- PASS: TestAC290BothMuteGesturesTurnTheGateAndBack (0.01s)
2026-10-10T08:01:50.4329189Z === RUN   TestAC290OutcomeIsReadOffTheGateNotOffTheRequest
2026-10-10T08:01:50.4330004Z time=2026-10-10T07:58:20.101Z level=INFO msg="audio: capture armed but muted at boot; device not opened" config_source=C:\Users\RUNNER~1\AppData\Local\Temp\TestAC290OutcomeIsReadOffTheGateNotOffTheRequest2904316501\001\config.toml path=T
2026-10-10T08:01:50.4330908Z time=2026-10-10T07:58:20.101Z level=ERROR msg="audio source failed" source=gate-T error="audio_device: capture open on device Blocked Mic (0x80070005): microphone access denied: allow desktop apps to use the microphone under Windows Settings > Privacy & security > Microphone"
2026-10-10T08:01:50.4332424Z time=2026-10-10T07:58:20.101Z level=INFO msg="mute gesture turned this process's capture gate" gesture=mute-hotkey outcome="已取消静音但设备未交接（gate 未 open，错误分类 audio_device）：audio_device: capture open on device Blocked Mic (0x80070005): microphone access denied: allow desktop apps to use the microphone under Windows Settings > Privacy & security > Microphone；球不会收到电平"
2026-10-10T08:01:50.4334136Z wisp: ball mute-hotkey: 已取消静音但设备未交接（gate 未 open，错误分类 audio_device）：audio_device: capture open on device Blocked Mic (0x80070005): microphone access denied: allow desktop apps to use the microphone under Windows Settings > Privacy & security > Microphone；球不会收到电平
2026-10-10T08:01:50.4335091Z time=2026-10-10T07:58:20.102Z level=INFO msg="shutdown step skipped (module not present)" step=1 name=scheduler-close
2026-10-10T08:01:50.4335739Z time=2026-10-10T07:58:20.102Z level=INFO msg="shutdown step skipped (module not present)" step=2 name=stop-hotkey-kws
2026-10-10T08:01:50.4336421Z time=2026-10-10T07:58:20.102Z level=INFO msg="shutdown step skipped (module not present)" step=3 name=cancel-task-roots
2026-10-10T08:01:50.4337982Z time=2026-10-10T07:58:20.102Z level=INFO msg="audio capture leg stopped: levels_delivered=0 frames_sent=0 frames_dropped=0 reopens=0 last_error=audio_device: capture open on device Blocked Mic (0x80070005): microphone access denied: allow desktop apps to use the microphone under Windows Settings > Privacy & security > Microphone"
2026-10-10T08:01:50.4339072Z wisp: audio capture leg stopped: levels_delivered=0 frames_sent=0 frames_dropped=0 reopens=0 last_error=audio_device: capture open on device Blocked Mic (0x80070005): microphone access denied: allow desktop apps to use the microphone under Windows Settings > Privacy & security > Microphone
2026-10-10T08:01:50.4339458Z time=2026-10-10T07:58:20.102Z level=INFO msg="shutdown step skipped (module not present)" step=5 name=release-speech-sessions
2026-10-10T08:01:50.4339874Z time=2026-10-10T07:58:20.103Z level=INFO msg="shutdown step skipped (module not present)" step=6 name=destroy-panel-webview
2026-10-10T08:01:50.4340496Z time=2026-10-10T07:58:20.103Z level=INFO msg="shutdown step skipped (module not present)" step=7 name=flush-logs-close-db
2026-10-10T08:01:50.4340862Z --- PASS: TestAC290OutcomeIsReadOffTheGateNotOffTheRequest (0.01s)
2026-10-10T08:01:50.4341145Z === RUN   TestAC290NoGateSaysWhichShapeThisProcessIsIn
2026-10-10T08:01:50.4342202Z time=2026-10-10T07:58:20.107Z level=INFO msg="audio: capture leg not built" reason="voice.enabled=false" config_source=C:\Users\RUNNER~1\AppData\Local\Temp\TestAC290NoGateSaysWhichShapeThisProcessIsIn2748753046\001\config.toml
2026-10-10T08:01:50.4342996Z wisp: 麦克风采集腿未构造（[voice] enabled=false，来源 C:\Users\RUNNER~1\AppData\Local\Temp\TestAC290NoGateSaysWhichShapeThisProcessIsIn2748753046\001\config.toml）：球不会收到任何电平，本进程其余部分照常
2026-10-10T08:01:50.4344013Z time=2026-10-10T07:58:20.107Z level=WARN msg="mute gesture found no gate to turn" gesture=mute-hotkey why="采集腿未构造：[voice] enabled=false（配置来源 C:\\Users\\RUNNER~1\\AppData\\Local\\Temp\\TestAC290NoGateSaysWhichShapeThisProcessIsIn2748753046\\001\\config.toml）"
2026-10-10T08:01:50.4344667Z wisp: ball mute-hotkey: 采集腿未构造：[voice] enabled=false（配置来源 C:\Users\RUNNER~1\AppData\Local\Temp\TestAC290NoGateSaysWhichShapeThisProcessIsIn2748753046\001\config.toml）
2026-10-10T08:01:50.4345040Z time=2026-10-10T07:58:20.108Z level=INFO msg="shutdown step skipped (module not present)" step=1 name=scheduler-close
2026-10-10T08:01:50.4345386Z time=2026-10-10T07:58:20.108Z level=INFO msg="shutdown step skipped (module not present)" step=2 name=stop-hotkey-kws
2026-10-10T08:01:50.4345736Z time=2026-10-10T07:58:20.108Z level=INFO msg="shutdown step skipped (module not present)" step=3 name=cancel-task-roots
2026-10-10T08:01:50.4346065Z time=2026-10-10T07:58:20.108Z level=INFO msg="shutdown step skipped (module not present)" step=4 name=stop-audio
2026-10-10T08:01:50.4346437Z time=2026-10-10T07:58:20.108Z level=INFO msg="shutdown step skipped (module not present)" step=5 name=release-speech-sessions
2026-10-10T08:01:50.4346811Z time=2026-10-10T07:58:20.108Z level=INFO msg="shutdown step skipped (module not present)" step=6 name=destroy-panel-webview
2026-10-10T08:01:50.4347163Z time=2026-10-10T07:58:20.108Z level=INFO msg="shutdown step skipped (module not present)" step=7 name=flush-logs-close-db
2026-10-10T08:01:50.4347367Z --- PASS: TestAC290NoGateSaysWhichShapeThisProcessIsIn (0.01s)
2026-10-10T08:01:50.4347493Z === RUN   TestAC290GestureBeforeTheAttachSaysSo
2026-10-10T08:01:50.4348466Z time=2026-10-10T07:58:20.109Z level=WARN msg="mute gesture arrived before its executor was attached" gesture=mute-hotkey why="no capture leg had been assembled when this key arrived, so there was no gate to turn; the assembly root attaches the mute key to the gate at the end of boot (ticket 290)"
2026-10-10T08:01:50.4349073Z wisp: ball mute-hotkey: no capture leg had been assembled when this key arrived, so there was no gate to turn; the assembly root attaches the mute key to the gate at the end of boot (ticket 290)
2026-10-10T08:01:50.4350019Z time=2026-10-10T07:58:20.109Z level=WARN msg="mute gesture arrived before its executor was attached" gesture=tray-mute why="no capture leg had been assembled when this key arrived, so there was no gate to turn; the assembly root attaches the mute key to the gate at the end of boot (ticket 290)"
2026-10-10T08:01:50.4350828Z wisp: ball tray-mute: no capture leg had been assembled when this key arrived, so there was no gate to turn; the assembly root attaches the mute key to the gate at the end of boot (ticket 290)
2026-10-10T08:01:50.4350985Z --- PASS: TestAC290GestureBeforeTheAttachSaysSo (0.00s)
2026-10-10T08:01:50.4351123Z === RUN   TestAC290MutedDefaultStillDecidesTheBoot
2026-10-10T08:01:50.4351886Z time=2026-10-10T07:58:20.113Z level=INFO msg="audio: capture armed but muted at boot; device not opened" config_source=C:\Users\RUNNER~1\AppData\Local\Temp\TestAC290MutedDefaultStillDecidesTheBoot4038602110\001\config.toml path=T
2026-10-10T08:01:50.4352573Z time=2026-10-10T07:58:20.113Z level=INFO msg="mute gesture turned this process's capture gate" gesture=mute-hotkey outcome="已取消静音：设备已交接，采集线程在跑；电平按票 247 的链路交给球（球屏上会不会呼吸是票 68 那一格，本票不声称）"
2026-10-10T08:01:50.4352848Z wisp: ball mute-hotkey: 已取消静音：设备已交接，采集线程在跑；电平按票 247 的链路交给球（球屏上会不会呼吸是票 68 那一格，本票不声称）
2026-10-10T08:01:50.4353213Z time=2026-10-10T07:58:20.114Z level=INFO msg="shutdown step skipped (module not present)" step=1 name=scheduler-close
2026-10-10T08:01:50.4353558Z time=2026-10-10T07:58:20.114Z level=INFO msg="shutdown step skipped (module not present)" step=2 name=stop-hotkey-kws
2026-10-10T08:01:50.4353901Z time=2026-10-10T07:58:20.114Z level=INFO msg="shutdown step skipped (module not present)" step=3 name=cancel-task-roots
2026-10-10T08:01:50.4354675Z time=2026-10-10T07:58:20.114Z level=INFO msg="audio capture leg stopped: levels_delivered=0 frames_sent=0 frames_dropped=0 reopens=0"
2026-10-10T08:01:50.4354957Z wisp: audio capture leg stopped: levels_delivered=0 frames_sent=0 frames_dropped=0 reopens=0
2026-10-10T08:01:50.4355329Z time=2026-10-10T07:58:20.114Z level=INFO msg="shutdown step skipped (module not present)" step=5 name=release-speech-sessions
2026-10-10T08:01:50.4355690Z time=2026-10-10T07:58:20.114Z level=INFO msg="shutdown step skipped (module not present)" step=6 name=destroy-panel-webview
2026-10-10T08:01:50.4356046Z time=2026-10-10T07:58:20.114Z level=INFO msg="shutdown step skipped (module not present)" step=7 name=flush-logs-close-db
2026-10-10T08:01:50.4356216Z --- PASS: TestAC290MutedDefaultStillDecidesTheBoot (0.01s)
2026-10-10T08:01:50.4356388Z === RUN   TestAC290UnhostedGestureWordingStillSaysTrueThing
2026-10-10T08:01:50.4356590Z --- PASS: TestAC290UnhostedGestureWordingStillSaysTrueThing (0.00s)
2026-10-10T08:01:50.4356751Z === RUN   TestAC1ResidentLegInstallsItsLogListenerOnDisk
2026-10-10T08:01:50.4357696Z     resident_sink_nail_127_windows_test.go:433: resident sink C:\Users\RUNNER~1\AppData\Local\Temp\TestAC1ResidentLegInstallsItsLogListenerOnDisk4236606340\002\logs: 1 file(s), 14 record(s)
2026-10-10T08:01:50.4357930Z --- PASS: TestAC1ResidentLegInstallsItsLogListenerOnDisk (3.26s)
2026-10-10T08:01:50.4358073Z === RUN   TestAC1ResidentLegOutlivesItsOwnLogFailure
2026-10-10T08:01:50.4358253Z --- PASS: TestAC1ResidentLegOutlivesItsOwnLogFailure (2.73s)
2026-10-10T08:01:50.4358451Z === RUN   TestAC1ResidentLegBooksItsShutdownBeforeClosingTheSink
2026-10-10T08:01:50.4359289Z     resident_sink_nail_127_windows_test.go:594: resident sink C:\Users\RUNNER~1\AppData\Local\Temp\TestAC1ResidentLegBooksItsShutdownBeforeClosingTheSink1927250728\002\logs: 1 file(s), 22 record(s)
2026-10-10T08:01:50.4360133Z     resident_sink_nail_127_windows_test.go:640: RESIDENT LEG RECORDED ON DISK: 5 shutdown record(s), steps [1 2 5 6 7], first="shutdown step skipped (module not present)" last="shutdown step skipped (module not present)"
2026-10-10T08:01:50.4360399Z     resident_sink_nail_127_windows_test.go:571: resident leg exit: exited 0
2026-10-10T08:01:50.4360636Z --- PASS: TestAC1ResidentLegBooksItsShutdownBeforeClosingTheSink (2.47s)
2026-10-10T08:01:50.4360799Z === RUN   TestAC246ResidentPipelineAsksThroughTheOneGate
2026-10-10T08:01:50.4361219Z time=2026-10-10T07:58:29.436Z level=WARN msg="goroutine outside the D38 roster (leak symptom)" goroutine=mockllm-stdout-reader owner=test
2026-10-10T08:01:50.4362680Z time=2026-10-10T07:58:29.450Z level=INFO msg="resident gate: [risk] tier taken at construction" provenance="defaults (no host config view)" config_path="(no host config view)" window_sec_read=0 confirm_timeout_sec_read=0 gate_window=3s gate_queue_timeout=5m0s scope="construction time only: approval.Gate and Queue copy these in New and nothing re-applies them (ticket 256)"
2026-10-10T08:01:50.4363023Z 2026/10/10 07:58:29 mockllm: serving on http://127.0.0.1:62798 (golden dir D:\a\wisp\wisp\internal\llm\testdata\golden)
2026-10-10T08:01:50.4363838Z time=2026-10-10T07:58:29.484Z level=INFO msg="pre-migration backup written" component=memory backup=C:\Users\RUNNER~1\AppData\Local\Temp\TestAC246ResidentPipelineAsksThroughTheOneGate2974293725\002\backup\wisp.db.bak-0-1 from=0 to=1
2026-10-10T08:01:50.4364296Z time=2026-10-10T07:58:29.494Z level=INFO msg="schema migration step applied" component=memory from=0 to=1 started_at=2026-10-10T07:58:29Z duration_ms=9
2026-10-10T08:01:50.4365104Z time=2026-10-10T07:58:29.522Z level=INFO msg="pre-migration backup written" component=memory backup=C:\Users\RUNNER~1\AppData\Local\Temp\TestAC246ResidentPipelineAsksThroughTheOneGate2974293725\002\backup\wisp.db.bak-1-2 from=1 to=2
2026-10-10T08:01:50.4365576Z time=2026-10-10T07:58:29.533Z level=INFO msg="schema migration step applied" component=memory from=1 to=2 started_at=2026-10-10T07:58:29Z duration_ms=10
2026-10-10T08:01:50.4365885Z time=2026-10-10T07:58:29.563Z level=INFO msg="schema migration complete" component=memory schema_version=2
2026-10-10T08:01:50.4366296Z time=2026-10-10T07:58:29.565Z level=INFO msg="startup WAL checkpoint (TRUNCATE) done" component=memory wal_pages_before=0 pages_moved=0
2026-10-10T08:01:50.4366844Z time=2026-10-10T07:58:29.565Z level=INFO msg="audit: wisp run: SESSION-MINT id=sess_302937adec48a2276472ea36b4e665a5 (结束点＝本进程退出，A435 第 2 条)"
2026-10-10T08:01:50.4367671Z time=2026-10-10T07:58:29.565Z level=INFO msg="audit: perm: MODE-READ origin=startup mode=ask_every_step source=\"C:\\\\Users\\\\RUNNER~1\\\\AppData\\\\Local\\\\Temp\\\\TestAC246ResidentPipelineAsksThroughTheOneGate2974293725\\\\002\\\\config.toml\""
2026-10-10T08:01:50.4369257Z time=2026-10-10T07:58:29.566Z level=INFO msg="audit: config: HOT-RELOAD state=armed tick=1s path=\"C:\\\\Users\\\\RUNNER~1\\\\AppData\\\\Local\\\\Temp\\\\TestAC246ResidentPipelineAsksThroughTheOneGate2974293725\\\\002\\\\config.toml\" goroutine=watchdog owner=config d36_confirm=on restart_notice=on detail=\"本进程会每 tick 重读 config.toml：手改的可热加载段立即生效，锁定段的放宽要先过一张 L2 卡，重启档会明确告知不生效\""
2026-10-10T08:01:50.4369744Z time=2026-10-10T07:58:29.573Z level=INFO msg="audit: wisp run: 风险判定 tool=fs.write level=L1 rules=[R1] reason=\"R1: 工具声明为下界（L1）\""
2026-10-10T08:01:50.4370217Z time=2026-10-10T07:58:29.573Z level=ERROR msg="approval: 卡片无处呈现（本进程没有悬浮球窗口），已 fail-closed 拒绝" corr=host-corr-1 tool=fs.write level=L1
2026-10-10T08:01:50.4370696Z time=2026-10-10T07:58:29.573Z level=INFO msg="audit: approval: L1 prompt failed corr=host-corr-1 tool=fs.write: 常驻进程没有悬浮球窗口，卡片无处呈现"
2026-10-10T08:01:50.4371052Z wisp: [audit] approval: L1 prompt failed corr=host-corr-1 tool=fs.write: 常驻进程没有悬浮球窗口，卡片无处呈现
2026-10-10T08:01:50.4372009Z time=2026-10-10T07:58:29.573Z level=INFO msg="audit: tools: call kind=refused task=host:246-one-gate corr=host-corr-1 tool=fs.write risk=L1 decision=reject outcome=error rules_hit=[R1] in_allowlist_scope=true grant_id=0 reason=\"R1: 工具声明为下界（L1）\""
2026-10-10T08:01:50.4372449Z time=2026-10-10T07:58:29.573Z level=INFO msg="audit: tools: PATH-ACCOUNT task=host:246-one-gate tool=fs.write roots=1 rewritten=[] unusable=[]"
2026-10-10T08:01:50.4372897Z time=2026-10-10T07:58:29.580Z level=INFO msg="audit: wisp run: 风险判定 tool=fs.write level=L1 rules=[R1] reason=\"R1: 工具声明为下界（L1）\""
2026-10-10T08:01:50.4373557Z time=2026-10-10T07:58:29.581Z level=INFO msg="audit: config: HOT-RELOAD state=stopped reason=run-root-cancelled detail=\"轮询协程已退出（本次进程正在收口）；此后对 config.toml 的改动要下一次启动才会被读到\""
2026-10-10T08:01:50.4373756Z --- PASS: TestAC246ResidentPipelineAsksThroughTheOneGate (1.03s)
2026-10-10T08:01:50.4374125Z === RUN   TestAC246ResidentGateInjectionIsRefusedHalfAssembled
2026-10-10T08:01:50.4374913Z time=2026-10-10T07:58:30.480Z level=WARN msg="goroutine outside the D38 roster (leak symptom)" goroutine=mockllm-stdout-reader owner=test
2026-10-10T08:01:50.4376186Z time=2026-10-10T07:58:30.494Z level=INFO msg="resident gate: [risk] tier taken at construction" provenance="defaults (no host config view)" config_path="(no host config view)" window_sec_read=0 confirm_timeout_sec_read=0 gate_window=3s gate_queue_timeout=5m0s scope="construction time only: approval.Gate and Queue copy these in New and nothing re-applies them (ticket 256)"
2026-10-10T08:01:50.4376445Z === RUN   TestAC246ResidentGateInjectionIsRefusedHalfAssembled/gate_without_ledger
2026-10-10T08:01:50.4376782Z 2026/10/10 07:58:30 mockllm: serving on http://127.0.0.1:62799 (golden dir D:\a\wisp\wisp\internal\llm\testdata\golden)
2026-10-10T08:01:50.4377639Z time=2026-10-10T07:58:30.525Z level=INFO msg="pre-migration backup written" component=memory backup=C:\Users\RUNNER~1\AppData\Local\Temp\TestAC246ResidentGateInjectionIsRefusedHalfAssembled2640415732\002\backup\wisp.db.bak-0-1 from=0 to=1
2026-10-10T08:01:50.4378103Z time=2026-10-10T07:58:30.537Z level=INFO msg="schema migration step applied" component=memory from=0 to=1 started_at=2026-10-10T07:58:30Z duration_ms=11
2026-10-10T08:01:50.4379160Z time=2026-10-10T07:58:30.568Z level=INFO msg="pre-migration backup written" component=memory backup=C:\Users\RUNNER~1\AppData\Local\Temp\TestAC246ResidentGateInjectionIsRefusedHalfAssembled2640415732\002\backup\wisp.db.bak-1-2 from=1 to=2
2026-10-10T08:01:50.4379947Z time=2026-10-10T07:58:30.577Z level=INFO msg="schema migration step applied" component=memory from=1 to=2 started_at=2026-10-10T07:58:30Z duration_ms=9
2026-10-10T08:01:50.4380538Z time=2026-10-10T07:58:30.593Z level=INFO msg="schema migration complete" component=memory schema_version=2
2026-10-10T08:01:50.4381073Z time=2026-10-10T07:58:30.594Z level=INFO msg="startup WAL checkpoint (TRUNCATE) done" component=memory wal_pages_before=0 pages_moved=0
2026-10-10T08:01:50.4382020Z time=2026-10-10T07:58:30.594Z level=INFO msg="audit: wisp run: SESSION-MINT id=sess_0e4aaff6704534a2d0a78c58dab70fe6 (结束点＝本进程退出，A435 第 2 条)"
2026-10-10T08:01:50.4383066Z === RUN   TestAC246ResidentGateInjectionIsRefusedHalfAssembled/gate_without_surface
2026-10-10T08:01:50.4383535Z time=2026-10-10T07:58:30.607Z level=INFO msg="startup WAL checkpoint (TRUNCATE) done" component=memory wal_pages_before=0 pages_moved=0
2026-10-10T08:01:50.4384114Z time=2026-10-10T07:58:30.607Z level=INFO msg="audit: wisp run: SESSION-MINT id=sess_6a88bde75bb7b7d60fff961d7970c5d9 (结束点＝本进程退出，A435 第 2 条)"
2026-10-10T08:01:50.4384338Z --- PASS: TestAC246ResidentGateInjectionIsRefusedHalfAssembled (1.02s)
2026-10-10T08:01:50.4384730Z     --- PASS: TestAC246ResidentGateInjectionIsRefusedHalfAssembled/gate_without_ledger (0.10s)
2026-10-10T08:01:50.4385097Z     --- PASS: TestAC246ResidentGateInjectionIsRefusedHalfAssembled/gate_without_surface (0.01s)
2026-10-10T08:01:50.4385552Z === RUN   TestAC246ResidentTaskRootCancelStopsTheModelCall
2026-10-10T08:01:50.4385980Z time=2026-10-10T07:58:31.472Z level=WARN msg="goroutine outside the D38 roster (leak symptom)" goroutine=mockllm-stdout-reader owner=test
2026-10-10T08:01:50.4387226Z time=2026-10-10T07:58:31.485Z level=INFO msg="resident gate: [risk] tier taken at construction" provenance="defaults (no host config view)" config_path="(no host config view)" window_sec_read=0 confirm_timeout_sec_read=0 gate_window=3s gate_queue_timeout=5m0s scope="construction time only: approval.Gate and Queue copy these in New and nothing re-applies them (ticket 256)"
2026-10-10T08:01:50.4387573Z 2026/10/10 07:58:31 mockllm: serving on http://127.0.0.1:62800 (golden dir D:\a\wisp\wisp\internal\llm\testdata\golden)
2026-10-10T08:01:50.4388398Z time=2026-10-10T07:58:31.519Z level=INFO msg="pre-migration backup written" component=memory backup=C:\Users\RUNNER~1\AppData\Local\Temp\TestAC246ResidentTaskRootCancelStopsTheModelCall253790189\002\backup\wisp.db.bak-0-1 from=0 to=1
2026-10-10T08:01:50.4388862Z time=2026-10-10T07:58:31.529Z level=INFO msg="schema migration step applied" component=memory from=0 to=1 started_at=2026-10-10T07:58:31Z duration_ms=9
2026-10-10T08:01:50.4389658Z time=2026-10-10T07:58:31.554Z level=INFO msg="pre-migration backup written" component=memory backup=C:\Users\RUNNER~1\AppData\Local\Temp\TestAC246ResidentTaskRootCancelStopsTheModelCall253790189\002\backup\wisp.db.bak-1-2 from=1 to=2
2026-10-10T08:01:50.4390109Z time=2026-10-10T07:58:31.576Z level=INFO msg="schema migration step applied" component=memory from=1 to=2 started_at=2026-10-10T07:58:31Z duration_ms=21
2026-10-10T08:01:50.4390410Z time=2026-10-10T07:58:31.596Z level=INFO msg="schema migration complete" component=memory schema_version=2
2026-10-10T08:01:50.4390819Z time=2026-10-10T07:58:31.598Z level=INFO msg="startup WAL checkpoint (TRUNCATE) done" component=memory wal_pages_before=0 pages_moved=0
2026-10-10T08:01:50.4391337Z time=2026-10-10T07:58:31.598Z level=INFO msg="audit: wisp run: SESSION-MINT id=sess_9b2920a41b4f73426754ec5cc4b8afaa (结束点＝本进程退出，A435 第 2 条)"
2026-10-10T08:01:50.4392235Z time=2026-10-10T07:58:31.598Z level=INFO msg="audit: perm: MODE-READ origin=startup mode=ask_every_step source=\"C:\\\\Users\\\\RUNNER~1\\\\AppData\\\\Local\\\\Temp\\\\TestAC246ResidentTaskRootCancelStopsTheModelCall253790189\\\\002\\\\config.toml\""
2026-10-10T08:01:50.4393941Z time=2026-10-10T07:58:31.598Z level=INFO msg="audit: config: HOT-RELOAD state=armed tick=1s path=\"C:\\\\Users\\\\RUNNER~1\\\\AppData\\\\Local\\\\Temp\\\\TestAC246ResidentTaskRootCancelStopsTheModelCall253790189\\\\002\\\\config.toml\" goroutine=watchdog owner=config d36_confirm=on restart_notice=on detail=\"本进程会每 tick 重读 config.toml：手改的可热加载段立即生效，锁定段的放宽要先过一张 L2 卡，重启档会明确告知不生效\""
2026-10-10T08:01:50.4395255Z time=2026-10-10T07:58:31.598Z level=INFO msg="audit: wisp run: 项目说明加载器 workspace=\"\" globalDir=\"C:\\\\Users\\\\RUNNER~1\\\\AppData\\\\Local\\\\Temp\\\\TestAC246ResidentTaskRootCancelStopsTheModelCall253790189\\\\002\" enabled=true budget=2300"
2026-10-10T08:01:50.4395661Z time=2026-10-10T07:58:31.598Z level=INFO msg="audit: projctx: projctx: 没有找到任何项目说明文件（工作区逐级向上与数据目录都查过）"
2026-10-10T08:01:50.4396218Z time=2026-10-10T07:58:31.601Z level=INFO msg="panel: SNAPSHOT at=2026-10-10T07:58:31Z depth=0 pending= mode=ask_every_step ws=unset results=1/1 done bytes=1910 sha256=14e7736c019f8d60"
2026-10-10T08:01:50.4396767Z time=2026-10-10T07:58:31.601Z level=INFO msg="audit: tools: C25 scope closed task=d9f99a1c-41cd-4516-9eba-52d9972d09cb was_open=false dropped=0 open_scopes=0 close_err=<nil>"
2026-10-10T08:01:50.4397271Z     resident_task_source_246_windows_test.go:199: AC#7 positive control: live root -> execute code 0, provider chat requests 1
2026-10-10T08:01:50.4397753Z time=2026-10-10T07:58:31.612Z level=INFO msg="audit: resident-approval: 退出第 3 步完成：拒绝待批卡片 0 张、作废 L1 窗口 0 张、路由失败 0 张；任务根已取消，无等待残留"
2026-10-10T08:01:50.4398287Z wisp: [audit] resident-approval: 退出第 3 步完成：拒绝待批卡片 0 张、作废 L1 窗口 0 张、路由失败 0 张；任务根已取消，无等待残留
2026-10-10T08:01:50.4399226Z time=2026-10-10T07:58:31.612Z level=INFO msg="audit: wisp run: 项目说明加载器 workspace=\"\" globalDir=\"C:\\\\Users\\\\RUNNER~1\\\\AppData\\\\Local\\\\Temp\\\\TestAC246ResidentTaskRootCancelStopsTheModelCall253790189\\\\002\" enabled=true budget=2300"
2026-10-10T08:01:50.4399792Z time=2026-10-10T07:58:31.613Z level=INFO msg="panel: SNAPSHOT at=2026-10-10T07:58:31Z depth=0 pending= mode=ask_every_step ws=unset results=2/2 done bytes=2358 sha256=c5dda9b41209a9ae"
2026-10-10T08:01:50.4400341Z time=2026-10-10T07:58:31.613Z level=INFO msg="audit: tools: C25 scope closed task=3c89e70f-5e09-4854-84ec-6f92b51f158c was_open=false dropped=0 open_scopes=0 close_err=<nil>"
2026-10-10T08:01:50.4400753Z time=2026-10-10T07:58:31.613Z level=INFO msg="audit: wisp run: 后台任务的输出没有进名册：这个任务没有留下正文（空正文不进名册，免得「查不到」和「没打印」被读成同一件事）"
2026-10-10T08:01:50.4401293Z     resident_task_source_246_windows_test.go:225: AC#7 READING (ruling 2.3): after step 3's cancel, execute -> exit 1, provider requests 1 -> 1
2026-10-10T08:01:50.4402545Z time=2026-10-10T07:58:31.614Z level=INFO msg="audit: config: HOT-RELOAD state=stopped reason=run-root-cancelled detail=\"轮询协程已退出（本次进程正在收口）；此后对 config.toml 的改动要下一次启动才会被读到\""
2026-10-10T08:01:50.4402950Z --- PASS: TestAC246ResidentTaskRootCancelStopsTheModelCall (1.02s)
2026-10-10T08:01:50.4403170Z === RUN   TestAC246TestTaskInjectionPredicate
2026-10-10T08:01:50.4403602Z === RUN   TestAC246TestTaskInjectionPredicate/accepted_in_the_harness'_own_root
2026-10-10T08:01:50.4403945Z === RUN   TestAC246TestTaskInjectionPredicate/refused_outside_test
2026-10-10T08:01:50.4404470Z === RUN   TestAC246TestTaskInjectionPredicate/refused_when_the_root_is_not_the_harness'_own
2026-10-10T08:01:50.4404763Z === RUN   TestAC246TestTaskInjectionPredicate/unset_is_silent
2026-10-10T08:01:50.4405196Z === RUN   TestAC246TestTaskInjectionPredicate/a_refusal_never_carries_the_whole_text
2026-10-10T08:01:50.4405479Z --- PASS: TestAC246TestTaskInjectionPredicate (0.00s)
2026-10-10T08:01:50.4406134Z     --- PASS: TestAC246TestTaskInjectionPredicate/accepted_in_the_harness'_own_root (0.00s)
2026-10-10T08:01:50.4406659Z     --- PASS: TestAC246TestTaskInjectionPredicate/refused_outside_test (0.00s)
2026-10-10T08:01:50.4407411Z     --- PASS: TestAC246TestTaskInjectionPredicate/refused_when_the_root_is_not_the_harness'_own (0.00s)
2026-10-10T08:01:50.4407885Z     --- PASS: TestAC246TestTaskInjectionPredicate/unset_is_silent (0.00s)
2026-10-10T08:01:50.4408547Z     --- PASS: TestAC246TestTaskInjectionPredicate/a_refusal_never_carries_the_whole_text (0.00s)
2026-10-10T08:01:50.4408965Z === RUN   TestAC246ShippedResidentLegWithoutConsoleRefusesItsTaskEntry
2026-10-10T08:01:50.4410590Z     resident_task_source_246_windows_test.go:340: resident sink C:\Users\RUNNER~1\AppData\Local\Temp\TestAC246ShippedResidentLegWithoutConsoleRefusesItsTaskEntry966578191\002\logs: 1 file(s), 22 record(s)
2026-10-10T08:01:50.4411088Z --- PASS: TestAC246ShippedResidentLegWithoutConsoleRefusesItsTaskEntry (2.51s)
2026-10-10T08:01:50.4411543Z === RUN   TestAC246ShippedResidentLegTakesTheInjectionAndAttemptsThePipeline
2026-10-10T08:01:50.4413205Z     resident_task_source_246_windows_test.go:401: resident sink C:\Users\RUNNER~1\AppData\Local\Temp\TestAC246ShippedResidentLegTakesTheInjectionAndAttemptsThePipeli2435127049\002\logs: 1 file(s), 23 record(s)
2026-10-10T08:01:50.4413805Z --- PASS: TestAC246ShippedResidentLegTakesTheInjectionAndAttemptsThePipeline (2.56s)
2026-10-10T08:01:50.4413965Z === RUN   TestAC246DevLegIgnoresTheTestTaskInjection
2026-10-10T08:01:50.4414140Z --- PASS: TestAC246DevLegIgnoresTheTestTaskInjection (2.51s)
2026-10-10T08:01:50.4414279Z === RUN   TestAC293TrayItemCheckmarkFollowsTheGate
2026-10-10T08:01:50.4415470Z time=2026-10-10T07:58:39.219Z level=INFO msg="audio: capture armed but muted at boot; device not opened" config_source=C:\Users\RUNNER~1\AppData\Local\Temp\TestAC293TrayItemCheckmarkFollowsTheGate2421622755\001\config.toml path=T
2026-10-10T08:01:50.4416507Z time=2026-10-10T07:58:39.219Z level=INFO msg="mute gesture turned this process's capture gate" gesture=tray-mute outcome="已取消静音：设备已交接，采集线程在跑；电平按票 247 的链路交给球（球屏上会不会呼吸是票 68 那一格，本票不声称）"
2026-10-10T08:01:50.4416797Z wisp: ball tray-mute: 已取消静音：设备已交接，采集线程在跑；电平按票 247 的链路交给球（球屏上会不会呼吸是票 68 那一格，本票不声称）
2026-10-10T08:01:50.4417343Z time=2026-10-10T07:58:39.219Z level=INFO msg="mute gesture turned this process's capture gate" gesture=tray-mute outcome=已静音：采集已关闭，设备未打开（再按一次取消静音）
2026-10-10T08:01:50.4417513Z wisp: ball tray-mute: 已静音：采集已关闭，设备未打开（再按一次取消静音）
2026-10-10T08:01:50.4417865Z time=2026-10-10T07:58:39.220Z level=INFO msg="shutdown step skipped (module not present)" step=1 name=scheduler-close
2026-10-10T08:01:50.4418197Z time=2026-10-10T07:58:39.220Z level=INFO msg="shutdown step skipped (module not present)" step=2 name=stop-hotkey-kws
2026-10-10T08:01:50.4418547Z time=2026-10-10T07:58:39.220Z level=INFO msg="shutdown step skipped (module not present)" step=3 name=cancel-task-roots
2026-10-10T08:01:50.4418980Z time=2026-10-10T07:58:39.221Z level=INFO msg="audio capture leg stopped: levels_delivered=0 frames_sent=0 frames_dropped=0 reopens=0"
2026-10-10T08:01:50.4419248Z wisp: audio capture leg stopped: levels_delivered=0 frames_sent=0 frames_dropped=0 reopens=0
2026-10-10T08:01:50.4419625Z time=2026-10-10T07:58:39.221Z level=INFO msg="shutdown step skipped (module not present)" step=5 name=release-speech-sessions
2026-10-10T08:01:50.4419991Z time=2026-10-10T07:58:39.221Z level=INFO msg="shutdown step skipped (module not present)" step=6 name=destroy-panel-webview
2026-10-10T08:01:50.4420342Z time=2026-10-10T07:58:39.221Z level=INFO msg="shutdown step skipped (module not present)" step=7 name=flush-logs-close-db
2026-10-10T08:01:50.4420518Z --- PASS: TestAC293TrayItemCheckmarkFollowsTheGate (0.01s)
2026-10-10T08:01:50.4420666Z === RUN   TestAC293MuteHotkeyCheckmarkFollowsTheGate
2026-10-10T08:01:50.4421466Z time=2026-10-10T07:58:39.227Z level=INFO msg="audio: capture armed but muted at boot; device not opened" config_source=C:\Users\RUNNER~1\AppData\Local\Temp\TestAC293MuteHotkeyCheckmarkFollowsTheGate3466687178\001\config.toml path=T
2026-10-10T08:01:50.4422157Z time=2026-10-10T07:58:39.228Z level=INFO msg="mute gesture turned this process's capture gate" gesture=mute-hotkey outcome="已取消静音：设备已交接，采集线程在跑；电平按票 247 的链路交给球（球屏上会不会呼吸是票 68 那一格，本票不声称）"
2026-10-10T08:01:50.4422433Z wisp: ball mute-hotkey: 已取消静音：设备已交接，采集线程在跑；电平按票 247 的链路交给球（球屏上会不会呼吸是票 68 那一格，本票不声称）
2026-10-10T08:01:50.4422983Z time=2026-10-10T07:58:39.228Z level=INFO msg="mute gesture turned this process's capture gate" gesture=mute-hotkey outcome=已静音：采集已关闭，设备未打开（再按一次取消静音）
2026-10-10T08:01:50.4423161Z wisp: ball mute-hotkey: 已静音：采集已关闭，设备未打开（再按一次取消静音）
2026-10-10T08:01:50.4423512Z time=2026-10-10T07:58:39.228Z level=INFO msg="shutdown step skipped (module not present)" step=1 name=scheduler-close
2026-10-10T08:01:50.4423853Z time=2026-10-10T07:58:39.228Z level=INFO msg="shutdown step skipped (module not present)" step=2 name=stop-hotkey-kws
2026-10-10T08:01:50.4424955Z time=2026-10-10T07:58:39.228Z level=INFO msg="shutdown step skipped (module not present)" step=3 name=cancel-task-roots
2026-10-10T08:01:50.4425370Z time=2026-10-10T07:58:39.228Z level=INFO msg="audio capture leg stopped: levels_delivered=0 frames_sent=0 frames_dropped=0 reopens=0"
2026-10-10T08:01:50.4425637Z wisp: audio capture leg stopped: levels_delivered=0 frames_sent=0 frames_dropped=0 reopens=0
2026-10-10T08:01:50.4426015Z time=2026-10-10T07:58:39.228Z level=INFO msg="shutdown step skipped (module not present)" step=5 name=release-speech-sessions
2026-10-10T08:01:50.4426583Z time=2026-10-10T07:58:39.228Z level=INFO msg="shutdown step skipped (module not present)" step=6 name=destroy-panel-webview
2026-10-10T08:01:50.4428139Z time=2026-10-10T07:58:39.228Z level=INFO msg="shutdown step skipped (module not present)" step=7 name=flush-logs-close-db
2026-10-10T08:01:50.4428508Z --- PASS: TestAC293MuteHotkeyCheckmarkFollowsTheGate (0.00s)
2026-10-10T08:01:50.4428859Z === RUN   TestAC293BootProjectionShowsTheFactoryMutePosture
2026-10-10T08:01:50.4430368Z time=2026-10-10T07:58:39.233Z level=INFO msg="audio: capture armed but muted at boot; device not opened" config_source=C:\Users\RUNNER~1\AppData\Local\Temp\TestAC293BootProjectionShowsTheFactoryMutePosture1386244812\001\config.toml path=T
2026-10-10T08:01:50.4431005Z time=2026-10-10T07:58:39.233Z level=INFO msg="shutdown step skipped (module not present)" step=1 name=scheduler-close
2026-10-10T08:01:50.4431614Z time=2026-10-10T07:58:39.233Z level=INFO msg="shutdown step skipped (module not present)" step=2 name=stop-hotkey-kws
2026-10-10T08:01:50.4432224Z time=2026-10-10T07:58:39.233Z level=INFO msg="shutdown step skipped (module not present)" step=3 name=cancel-task-roots
2026-10-10T08:01:50.4432705Z time=2026-10-10T07:58:39.233Z level=INFO msg="audio capture leg stopped: levels_delivered=0 frames_sent=0 frames_dropped=0 reopens=0"
2026-10-10T08:01:50.4432987Z wisp: audio capture leg stopped: levels_delivered=0 frames_sent=0 frames_dropped=0 reopens=0
2026-10-10T08:01:50.4433362Z time=2026-10-10T07:58:39.233Z level=INFO msg="shutdown step skipped (module not present)" step=5 name=release-speech-sessions
2026-10-10T08:01:50.4433726Z time=2026-10-10T07:58:39.233Z level=INFO msg="shutdown step skipped (module not present)" step=6 name=destroy-panel-webview
2026-10-10T08:01:50.4434069Z time=2026-10-10T07:58:39.233Z level=INFO msg="shutdown step skipped (module not present)" step=7 name=flush-logs-close-db
2026-10-10T08:01:50.4434285Z --- PASS: TestAC293BootProjectionShowsTheFactoryMutePosture (0.00s)
2026-10-10T08:01:50.4434507Z === RUN   TestAC293RefusedDeviceStillProjectsTheGateNotTheHopedOutcome
2026-10-10T08:01:50.4435811Z time=2026-10-10T07:58:39.237Z level=INFO msg="audio: capture armed but muted at boot; device not opened" config_source=C:\Users\RUNNER~1\AppData\Local\Temp\TestAC293RefusedDeviceStillProjectsTheGateNotTheHopedOutcome3794578087\001\config.toml path=T
2026-10-10T08:01:50.4436742Z time=2026-10-10T07:58:39.237Z level=ERROR msg="audio source failed" source=gate-T error="audio_device: capture open on device Blocked Mic (0x80070005): microphone access denied: allow desktop apps to use the microphone under Windows Settings > Privacy & security > Microphone"
2026-10-10T08:01:50.4438271Z time=2026-10-10T07:58:39.238Z level=INFO msg="mute gesture turned this process's capture gate" gesture=tray-mute outcome="已取消静音但设备未交接（gate 未 open，错误分类 audio_device）：audio_device: capture open on device Blocked Mic (0x80070005): microphone access denied: allow desktop apps to use the microphone under Windows Settings > Privacy & security > Microphone；球不会收到电平"
2026-10-10T08:01:50.4439293Z wisp: ball tray-mute: 已取消静音但设备未交接（gate 未 open，错误分类 audio_device）：audio_device: capture open on device Blocked Mic (0x80070005): microphone access denied: allow desktop apps to use the microphone under Windows Settings > Privacy & security > Microphone；球不会收到电平
2026-10-10T08:01:50.4440418Z time=2026-10-10T07:58:39.239Z level=INFO msg="shutdown step skipped (module not present)" step=1 name=scheduler-close
2026-10-10T08:01:50.4440775Z time=2026-10-10T07:58:39.239Z level=INFO msg="shutdown step skipped (module not present)" step=2 name=stop-hotkey-kws
2026-10-10T08:01:50.4441115Z time=2026-10-10T07:58:39.239Z level=INFO msg="shutdown step skipped (module not present)" step=3 name=cancel-task-roots
2026-10-10T08:01:50.4442214Z time=2026-10-10T07:58:39.239Z level=INFO msg="audio capture leg stopped: levels_delivered=0 frames_sent=0 frames_dropped=0 reopens=0 last_error=audio_device: capture open on device Blocked Mic (0x80070005): microphone access denied: allow desktop apps to use the microphone under Windows Settings > Privacy & security > Microphone"
2026-10-10T08:01:50.4443177Z wisp: audio capture leg stopped: levels_delivered=0 frames_sent=0 frames_dropped=0 reopens=0 last_error=audio_device: capture open on device Blocked Mic (0x80070005): microphone access denied: allow desktop apps to use the microphone under Windows Settings > Privacy & security > Microphone
2026-10-10T08:01:50.4443564Z time=2026-10-10T07:58:39.239Z level=INFO msg="shutdown step skipped (module not present)" step=5 name=release-speech-sessions
2026-10-10T08:01:50.4443926Z time=2026-10-10T07:58:39.239Z level=INFO msg="shutdown step skipped (module not present)" step=6 name=destroy-panel-webview
2026-10-10T08:01:50.4444278Z time=2026-10-10T07:58:39.239Z level=INFO msg="shutdown step skipped (module not present)" step=7 name=flush-logs-close-db
2026-10-10T08:01:50.4444549Z --- PASS: TestAC293RefusedDeviceStillProjectsTheGateNotTheHopedOutcome (0.01s)
2026-10-10T08:01:50.4444665Z === RUN   TestAC293NoGateWritesNoCheckmark
2026-10-10T08:01:50.4445364Z time=2026-10-10T07:58:39.242Z level=INFO msg="audio: capture leg not built" reason="voice.enabled=false" config_source=C:\Users\RUNNER~1\AppData\Local\Temp\TestAC293NoGateWritesNoCheckmark2200630129\001\config.toml
2026-10-10T08:01:50.4446031Z wisp: 麦克风采集腿未构造（[voice] enabled=false，来源 C:\Users\RUNNER~1\AppData\Local\Temp\TestAC293NoGateWritesNoCheckmark2200630129\001\config.toml）：球不会收到任何电平，本进程其余部分照常
2026-10-10T08:01:50.4446960Z time=2026-10-10T07:58:39.242Z level=WARN msg="mute gesture found no gate to turn" gesture=tray-mute why="采集腿未构造：[voice] enabled=false（配置来源 C:\\Users\\RUNNER~1\\AppData\\Local\\Temp\\TestAC293NoGateWritesNoCheckmark2200630129\\001\\config.toml）"
2026-10-10T08:01:50.4447530Z wisp: ball tray-mute: 采集腿未构造：[voice] enabled=false（配置来源 C:\Users\RUNNER~1\AppData\Local\Temp\TestAC293NoGateWritesNoCheckmark2200630129\001\config.toml）
2026-10-10T08:01:50.4447869Z time=2026-10-10T07:58:39.244Z level=INFO msg="shutdown step skipped (module not present)" step=1 name=scheduler-close
2026-10-10T08:01:50.4448198Z time=2026-10-10T07:58:39.244Z level=INFO msg="shutdown step skipped (module not present)" step=2 name=stop-hotkey-kws
2026-10-10T08:01:50.4448542Z time=2026-10-10T07:58:39.244Z level=INFO msg="shutdown step skipped (module not present)" step=3 name=cancel-task-roots
2026-10-10T08:01:50.4448878Z time=2026-10-10T07:58:39.244Z level=INFO msg="shutdown step skipped (module not present)" step=4 name=stop-audio
2026-10-10T08:01:50.4449248Z time=2026-10-10T07:58:39.244Z level=INFO msg="shutdown step skipped (module not present)" step=5 name=release-speech-sessions
2026-10-10T08:01:50.4449602Z time=2026-10-10T07:58:39.244Z level=INFO msg="shutdown step skipped (module not present)" step=6 name=destroy-panel-webview
2026-10-10T08:01:50.4449955Z time=2026-10-10T07:58:39.244Z level=INFO msg="shutdown step skipped (module not present)" step=7 name=flush-logs-close-db
2026-10-10T08:01:50.4450096Z --- PASS: TestAC293NoGateWritesNoCheckmark (0.00s)
2026-10-10T08:01:50.4450255Z === RUN   TestAC293ProjectionIsNilSafeWithoutABallWindow
2026-10-10T08:01:50.4451058Z time=2026-10-10T07:58:39.246Z level=INFO msg="audio: capture armed but muted at boot; device not opened" config_source=C:\Users\RUNNER~1\AppData\Local\Temp\TestAC293ProjectionIsNilSafeWithoutABallWindow2297622664\001\config.toml path=T
2026-10-10T08:01:50.4451955Z time=2026-10-10T07:58:39.248Z level=INFO msg="shutdown step skipped (module not present)" step=1 name=scheduler-close
2026-10-10T08:01:50.4452298Z time=2026-10-10T07:58:39.248Z level=INFO msg="shutdown step skipped (module not present)" step=2 name=stop-hotkey-kws
2026-10-10T08:01:50.4453345Z time=2026-10-10T07:58:39.248Z level=INFO msg="shutdown step skipped (module not present)" step=3 name=cancel-task-roots
2026-10-10T08:01:50.4454002Z time=2026-10-10T07:58:39.248Z level=INFO msg="audio capture leg stopped: levels_delivered=0 frames_sent=0 frames_dropped=0 reopens=0"
2026-10-10T08:01:50.4454434Z wisp: audio capture leg stopped: levels_delivered=0 frames_sent=0 frames_dropped=0 reopens=0
2026-10-10T08:01:50.4455046Z time=2026-10-10T07:58:39.248Z level=INFO msg="shutdown step skipped (module not present)" step=5 name=release-speech-sessions
2026-10-10T08:01:50.4455646Z time=2026-10-10T07:58:39.248Z level=INFO msg="shutdown step skipped (module not present)" step=6 name=destroy-panel-webview
2026-10-10T08:01:50.4456212Z time=2026-10-10T07:58:39.248Z level=INFO msg="shutdown step skipped (module not present)" step=7 name=flush-logs-close-db
2026-10-10T08:01:50.4456542Z --- PASS: TestAC293ProjectionIsNilSafeWithoutABallWindow (0.00s)
2026-10-10T08:01:50.4456810Z === RUN   TestAC293UndrivenTrayFlagIsNotTheSourceOfTruth
2026-10-10T08:01:50.4458181Z time=2026-10-10T07:58:39.253Z level=INFO msg="audio: capture armed but muted at boot; device not opened" config_source=C:\Users\RUNNER~1\AppData\Local\Temp\TestAC293UndrivenTrayFlagIsNotTheSourceOfTruth2355704436\001\config.toml path=T
2026-10-10T08:01:50.4459426Z time=2026-10-10T07:58:39.253Z level=INFO msg="mute gesture turned this process's capture gate" gesture=mute-hotkey outcome="已取消静音：设备已交接，采集线程在跑；电平按票 247 的链路交给球（球屏上会不会呼吸是票 68 那一格，本票不声称）"
2026-10-10T08:01:50.4459945Z wisp: ball mute-hotkey: 已取消静音：设备已交接，采集线程在跑；电平按票 247 的链路交给球（球屏上会不会呼吸是票 68 那一格，本票不声称）
2026-10-10T08:01:50.4461021Z time=2026-10-10T07:58:39.253Z level=INFO msg="mute gesture turned this process's capture gate" gesture=mute-hotkey outcome=已静音：采集已关闭，设备未打开（再按一次取消静音）
2026-10-10T08:01:50.4461368Z wisp: ball mute-hotkey: 已静音：采集已关闭，设备未打开（再按一次取消静音）
2026-10-10T08:01:50.4462632Z time=2026-10-10T07:58:39.253Z level=INFO msg="mute gesture turned this process's capture gate" gesture=mute-hotkey outcome="已取消静音：设备已交接，采集线程在跑；电平按票 247 的链路交给球（球屏上会不会呼吸是票 68 那一格，本票不声称）"
2026-10-10T08:01:50.4463184Z wisp: ball mute-hotkey: 已取消静音：设备已交接，采集线程在跑；电平按票 247 的链路交给球（球屏上会不会呼吸是票 68 那一格，本票不声称）
2026-10-10T08:01:50.4464000Z time=2026-10-10T07:58:39.253Z level=WARN msg="mute gesture found no gate to turn" gesture=tray-mute why=采集腿未装配：本进程没有任何麦克风路径
2026-10-10T08:01:50.4464289Z wisp: ball tray-mute: 采集腿未装配：本进程没有任何麦克风路径
2026-10-10T08:01:50.4464887Z time=2026-10-10T07:58:39.254Z level=INFO msg="shutdown step skipped (module not present)" step=1 name=scheduler-close
2026-10-10T08:01:50.4465515Z time=2026-10-10T07:58:39.254Z level=INFO msg="shutdown step skipped (module not present)" step=2 name=stop-hotkey-kws
2026-10-10T08:01:50.4467340Z time=2026-10-10T07:58:39.254Z level=INFO msg="shutdown step skipped (module not present)" step=3 name=cancel-task-roots
2026-10-10T08:01:50.4468111Z time=2026-10-10T07:58:39.254Z level=INFO msg="audio capture leg stopped: levels_delivered=0 frames_sent=0 frames_dropped=0 reopens=0"
2026-10-10T08:01:50.4468631Z wisp: audio capture leg stopped: levels_delivered=0 frames_sent=0 frames_dropped=0 reopens=0
2026-10-10T08:01:50.4469350Z time=2026-10-10T07:58:39.254Z level=INFO msg="shutdown step skipped (module not present)" step=5 name=release-speech-sessions
2026-10-10T08:01:50.4470065Z time=2026-10-10T07:58:39.254Z level=INFO msg="shutdown step skipped (module not present)" step=6 name=destroy-panel-webview
2026-10-10T08:01:50.4470727Z time=2026-10-10T07:58:39.254Z level=INFO msg="shutdown step skipped (module not present)" step=7 name=flush-logs-close-db
2026-10-10T08:01:50.4471082Z --- PASS: TestAC293UndrivenTrayFlagIsNotTheSourceOfTruth (0.01s)
2026-10-10T08:01:50.4471395Z === RUN   TestTicket255RestartTierKeysAreBackedByATest
2026-10-10T08:01:50.4471768Z === RUN   TestTicket255RestartTierKeysAreBackedByATest/app.language
2026-10-10T08:01:50.4472125Z === RUN   TestTicket255RestartTierKeysAreBackedByATest/app.autostart
2026-10-10T08:01:50.4472493Z === RUN   TestTicket255RestartTierKeysAreBackedByATest/app.single_instance
2026-10-10T08:01:50.4473033Z --- PASS: TestTicket255RestartTierKeysAreBackedByATest (0.10s)
2026-10-10T08:01:50.4473600Z     --- PASS: TestTicket255RestartTierKeysAreBackedByATest/app.language (0.02s)
2026-10-10T08:01:50.4475766Z     --- PASS: TestTicket255RestartTierKeysAreBackedByATest/app.autostart (0.02s)
2026-10-10T08:01:50.4476375Z     --- PASS: TestTicket255RestartTierKeysAreBackedByATest/app.single_instance (0.03s)
2026-10-10T08:01:50.4476617Z === RUN   TestTicket101ManualSwitchSurvivesRestart
2026-10-10T08:01:50.4477383Z time=2026-10-10T07:58:40.253Z level=WARN msg="goroutine outside the D38 roster (leak symptom)" goroutine=mockllm-stdout-reader owner=test
2026-10-10T08:01:50.4478853Z time=2026-10-10T07:58:40.267Z level=INFO msg="wisp: persistent log sink installed" dir=C:\Users\RUNNER~1\AppData\Local\Temp\TestTicket101ManualSwitchSurvivesRestart2386951069\002\logs min_level=info early_records=0 early_dropped=0
2026-10-10T08:01:50.4479476Z 2026/10/10 07:58:40 mockllm: serving on http://127.0.0.1:51371 (golden dir D:\a\wisp\wisp\internal\llm\testdata\golden)
2026-10-10T08:01:50.4480933Z time=2026-10-10T07:58:40.301Z level=INFO msg="pre-migration backup written" component=memory backup=C:\Users\RUNNER~1\AppData\Local\Temp\TestTicket101ManualSwitchSurvivesRestart2386951069\002\backup\wisp.db.bak-0-1 from=0 to=1
2026-10-10T08:01:50.4481799Z time=2026-10-10T07:58:40.314Z level=INFO msg="schema migration step applied" component=memory from=0 to=1 started_at=2026-10-10T07:58:40Z duration_ms=13
2026-10-10T08:01:50.4483278Z time=2026-10-10T07:58:40.341Z level=INFO msg="pre-migration backup written" component=memory backup=C:\Users\RUNNER~1\AppData\Local\Temp\TestTicket101ManualSwitchSurvivesRestart2386951069\002\backup\wisp.db.bak-1-2 from=1 to=2
2026-10-10T08:01:50.4484152Z time=2026-10-10T07:58:40.350Z level=INFO msg="schema migration step applied" component=memory from=1 to=2 started_at=2026-10-10T07:58:40Z duration_ms=8
2026-10-10T08:01:50.4484698Z time=2026-10-10T07:58:40.370Z level=INFO msg="schema migration complete" component=memory schema_version=2
2026-10-10T08:01:50.4485394Z time=2026-10-10T07:58:40.372Z level=INFO msg="startup WAL checkpoint (TRUNCATE) done" component=memory wal_pages_before=0 pages_moved=0
2026-10-10T08:01:50.4487600Z time=2026-10-10T07:58:40.375Z level=INFO msg="config: wrote merged change into config.toml (ticket 226: only the keys listed changed value, every other key keeps the value the file already held; the file is re-laid in canonical form, so comments and hand-chosen key order are not preserved)" key=risk.permission_mode wrote=[risk.permission_mode]
2026-10-10T08:01:50.4491027Z time=2026-10-10T07:58:40.378Z level=INFO msg="config: wrote merged change into config.toml (ticket 226: only the keys listed changed value, every other key keeps the value the file already held; the file is re-laid in canonical form, so comments and hand-chosen key order are not preserved)" key=risk.permission_mode wrote=[risk.permission_mode]
2026-10-10T08:01:50.4492532Z time=2026-10-10T07:58:40.415Z level=INFO msg="wisp: persistent log sink installed" dir=C:\Users\RUNNER~1\AppData\Local\Temp\TestTicket101ManualSwitchSurvivesRestart2386951069\002\logs min_level=info early_records=0 early_dropped=0
2026-10-10T08:01:50.4493626Z time=2026-10-10T07:58:40.426Z level=INFO msg="startup WAL checkpoint (TRUNCATE) done" component=memory wal_pages_before=0 pages_moved=0
2026-10-10T08:01:50.4493975Z --- PASS: TestTicket101ManualSwitchSurvivesRestart (41.48s)
2026-10-10T08:01:50.4494257Z === RUN   TestTicket101UntouchedConfigRestartsAtDefault
2026-10-10T08:01:50.4495022Z time=2026-10-10T07:59:22.893Z level=WARN msg="goroutine outside the D38 roster (leak symptom)" goroutine=mockllm-stdout-reader owner=test
2026-10-10T08:01:50.4496587Z time=2026-10-10T07:59:22.912Z level=INFO msg="wisp: persistent log sink installed" dir=C:\Users\RUNNER~1\AppData\Local\Temp\TestTicket101UntouchedConfigRestartsAtDefault2124815207\002\logs min_level=info early_records=0 early_dropped=0
2026-10-10T08:01:50.4497229Z 2026/10/10 07:59:22 mockllm: serving on http://127.0.0.1:51392 (golden dir D:\a\wisp\wisp\internal\llm\testdata\golden)
2026-10-10T08:01:50.4498772Z time=2026-10-10T07:59:23.043Z level=INFO msg="pre-migration backup written" component=memory backup=C:\Users\RUNNER~1\AppData\Local\Temp\TestTicket101UntouchedConfigRestartsAtDefault2124815207\002\backup\wisp.db.bak-0-1 from=0 to=1
2026-10-10T08:01:50.4499633Z time=2026-10-10T07:59:23.059Z level=INFO msg="schema migration step applied" component=memory from=0 to=1 started_at=2026-10-10T07:59:23Z duration_ms=14
2026-10-10T08:01:50.4501179Z time=2026-10-10T07:59:23.087Z level=INFO msg="pre-migration backup written" component=memory backup=C:\Users\RUNNER~1\AppData\Local\Temp\TestTicket101UntouchedConfigRestartsAtDefault2124815207\002\backup\wisp.db.bak-1-2 from=1 to=2
2026-10-10T08:01:50.4502073Z time=2026-10-10T07:59:23.101Z level=INFO msg="schema migration step applied" component=memory from=1 to=2 started_at=2026-10-10T07:59:23Z duration_ms=13
2026-10-10T08:01:50.4502642Z time=2026-10-10T07:59:23.129Z level=INFO msg="schema migration complete" component=memory schema_version=2
2026-10-10T08:01:50.4503348Z time=2026-10-10T07:59:23.131Z level=INFO msg="startup WAL checkpoint (TRUNCATE) done" component=memory wal_pages_before=0 pages_moved=0
2026-10-10T08:01:50.4504905Z time=2026-10-10T07:59:25.302Z level=INFO msg="wisp: persistent log sink installed" dir=C:\Users\RUNNER~1\AppData\Local\Temp\TestTicket101UntouchedConfigRestartsAtDefault2124815207\002\logs min_level=info early_records=0 early_dropped=0
2026-10-10T08:01:50.4505690Z time=2026-10-10T07:59:25.315Z level=INFO msg="startup WAL checkpoint (TRUNCATE) done" component=memory wal_pages_before=0 pages_moved=0
2026-10-10T08:01:50.4506938Z time=2026-10-10T07:59:27.370Z level=INFO msg="wisp: persistent log sink installed" dir=C:\Users\RUNNER~1\AppData\Local\Temp\TestTicket101UntouchedConfigRestartsAtDefault2124815207\002\logs min_level=info early_records=0 early_dropped=0
2026-10-10T08:01:50.4507353Z time=2026-10-10T07:59:27.381Z level=INFO msg="startup WAL checkpoint (TRUNCATE) done" component=memory wal_pages_before=0 pages_moved=0
2026-10-10T08:01:50.4507686Z     run_mode101_test.go:381: the key is still absent after 3 cold starts, as expected:
2026-10-10T08:01:50.4507813Z         schema_version = 2
2026-10-10T08:01:50.4507898Z         
2026-10-10T08:01:50.4507986Z         [llm]
2026-10-10T08:01:50.4508120Z         text_chain = ["acme/m1"]
2026-10-10T08:01:50.4508199Z         
2026-10-10T08:01:50.4508295Z         [llm.retry]
2026-10-10T08:01:50.4508387Z         max = 1
2026-10-10T08:01:50.4508678Z         backoff_ms = 1
2026-10-10T08:01:50.4508753Z         
2026-10-10T08:01:50.4509507Z         [llm.providers.acme]
2026-10-10T08:01:50.4509674Z         protocol = "openai-chat"
2026-10-10T08:01:50.4509852Z         base_url = "http://127.0.0.1:51392/v1"
2026-10-10T08:01:50.4509994Z         api_key_ref = "dpapi:acme"
2026-10-10T08:01:50.4510073Z         
2026-10-10T08:01:50.4510231Z         [llm.providers.acme.models.m1]
2026-10-10T08:01:50.4510561Z         # 261-r2: explicit enabled, same reason as run_test.go's fixture comment.
2026-10-10T08:01:50.4510676Z         enabled = true
2026-10-10T08:01:50.4510811Z         context_window = 128000
2026-10-10T08:01:50.4510885Z         
2026-10-10T08:01:50.4510970Z         [fs]
2026-10-10T08:01:50.4511547Z         allowed_dirs = ["C:/Users/RUNNER~1/AppData/Local/Temp/TestTicket101UntouchedConfigRestartsAtDefault2124815207/002"]
2026-10-10T08:01:50.4511627Z         
2026-10-10T08:01:50.4511712Z         [risk]
2026-10-10T08:01:50.4511831Z         l1_window_sec = 1
2026-10-10T08:01:50.4511966Z         confirm_timeout_sec = 40
2026-10-10T08:01:50.4512166Z --- PASS: TestTicket101UntouchedConfigRestartsAtDefault (8.60s)
2026-10-10T08:01:50.4512328Z === RUN   TestTicket101SessionGrantDoesNotCrossRestart
2026-10-10T08:01:50.4512763Z time=2026-10-10T07:59:30.323Z level=WARN msg="goroutine outside the D38 roster (leak symptom)" goroutine=mockllm-stdout-reader owner=test
2026-10-10T08:01:50.4513982Z time=2026-10-10T07:59:30.338Z level=INFO msg="wisp: persistent log sink installed" dir=C:\Users\RUNNER~1\AppData\Local\Temp\TestTicket101SessionGrantDoesNotCrossRestart2537938253\002\logs min_level=info early_records=0 early_dropped=0
2026-10-10T08:01:50.4514334Z 2026/10/10 07:59:30 mockllm: serving on http://127.0.0.1:51401 (golden dir D:\a\wisp\wisp\internal\llm\testdata\golden)
2026-10-10T08:01:50.4515145Z time=2026-10-10T07:59:30.370Z level=INFO msg="pre-migration backup written" component=memory backup=C:\Users\RUNNER~1\AppData\Local\Temp\TestTicket101SessionGrantDoesNotCrossRestart2537938253\002\backup\wisp.db.bak-0-1 from=0 to=1
2026-10-10T08:01:50.4515616Z time=2026-10-10T07:59:30.380Z level=INFO msg="schema migration step applied" component=memory from=0 to=1 started_at=2026-10-10T07:59:30Z duration_ms=9
2026-10-10T08:01:50.4516412Z time=2026-10-10T07:59:30.424Z level=INFO msg="pre-migration backup written" component=memory backup=C:\Users\RUNNER~1\AppData\Local\Temp\TestTicket101SessionGrantDoesNotCrossRestart2537938253\002\backup\wisp.db.bak-1-2 from=1 to=2
2026-10-10T08:01:50.4516868Z time=2026-10-10T07:59:30.435Z level=INFO msg="schema migration step applied" component=memory from=1 to=2 started_at=2026-10-10T07:59:30Z duration_ms=10
2026-10-10T08:01:50.4517371Z time=2026-10-10T07:59:30.459Z level=INFO msg="schema migration complete" component=memory schema_version=2
2026-10-10T08:01:50.4518168Z time=2026-10-10T07:59:30.461Z level=INFO msg="startup WAL checkpoint (TRUNCATE) done" component=memory wal_pages_before=0 pages_moved=0
2026-10-10T08:01:50.4519711Z time=2026-10-10T08:00:10.565Z level=INFO msg="wisp: persistent log sink installed" dir=C:\Users\RUNNER~1\AppData\Local\Temp\TestTicket101SessionGrantDoesNotCrossRestart2537938253\002\logs min_level=info early_records=0 early_dropped=0
2026-10-10T08:01:50.4520273Z time=2026-10-10T08:00:10.578Z level=INFO msg="startup WAL checkpoint (TRUNCATE) done" component=memory wal_pages_before=0 pages_moved=0
2026-10-10T08:01:50.4520680Z time=2026-10-10T08:00:51.702Z level=INFO msg="startup WAL checkpoint (TRUNCATE) done" component=memory wal_pages_before=0 pages_moved=0
2026-10-10T08:01:50.4520878Z --- PASS: TestTicket101SessionGrantDoesNotCrossRestart (82.27s)
2026-10-10T08:01:50.4521018Z === RUN   TestTicket101ModeSwitchUsesTheRealL2Gate
2026-10-10T08:01:50.4521441Z time=2026-10-10T08:01:00.622Z level=WARN msg="goroutine outside the D38 roster (leak symptom)" goroutine=mockllm-stdout-reader owner=test
2026-10-10T08:01:50.4522839Z time=2026-10-10T08:01:00.637Z level=INFO msg="wisp: persistent log sink installed" dir=C:\Users\RUNNER~1\AppData\Local\Temp\TestTicket101ModeSwitchUsesTheRealL2Gate4199766335\002\logs min_level=info early_records=0 early_dropped=0
2026-10-10T08:01:50.4523310Z 2026/10/10 08:01:00 mockllm: serving on http://127.0.0.1:51444 (golden dir D:\a\wisp\wisp\internal\llm\testdata\golden)
2026-10-10T08:01:50.4524114Z time=2026-10-10T08:01:01.427Z level=INFO msg="pre-migration backup written" component=memory backup=C:\Users\RUNNER~1\AppData\Local\Temp\TestTicket101ModeSwitchUsesTheRealL2Gate4199766335\002\backup\wisp.db.bak-0-1 from=0 to=1
2026-10-10T08:01:50.4524579Z time=2026-10-10T08:01:01.896Z level=INFO msg="schema migration step applied" component=memory from=0 to=1 started_at=2026-10-10T08:01:01Z duration_ms=468
2026-10-10T08:01:50.4525352Z time=2026-10-10T08:01:05.398Z level=INFO msg="pre-migration backup written" component=memory backup=C:\Users\RUNNER~1\AppData\Local\Temp\TestTicket101ModeSwitchUsesTheRealL2Gate4199766335\002\backup\wisp.db.bak-1-2 from=1 to=2
2026-10-10T08:01:50.4525814Z time=2026-10-10T08:01:05.410Z level=INFO msg="schema migration step applied" component=memory from=1 to=2 started_at=2026-10-10T08:01:05Z duration_ms=11
2026-10-10T08:01:50.4526115Z time=2026-10-10T08:01:05.958Z level=INFO msg="schema migration complete" component=memory schema_version=2
2026-10-10T08:01:50.4526524Z time=2026-10-10T08:01:05.960Z level=INFO msg="startup WAL checkpoint (TRUNCATE) done" component=memory wal_pages_before=0 pages_moved=0
2026-10-10T08:01:50.4526694Z --- PASS: TestTicket101ModeSwitchUsesTheRealL2Gate (14.65s)
2026-10-10T08:01:50.4526859Z === RUN   TestTicket101UnreadableModeFailsLoudlyAndStrict
2026-10-10T08:01:50.4527272Z time=2026-10-10T08:01:07.253Z level=WARN msg="goroutine outside the D38 roster (leak symptom)" goroutine=mockllm-stdout-reader owner=test
2026-10-10T08:01:50.4528092Z time=2026-10-10T08:01:07.269Z level=INFO msg="wisp: persistent log sink installed" dir=C:\Users\RUNNER~1\AppData\Local\Temp\TestTicket101UnreadableModeFailsLoudlyAndStrict920282955\002\logs min_level=info early_records=0 early_dropped=0
2026-10-10T08:01:50.4528427Z 2026/10/10 08:01:07 mockllm: serving on http://127.0.0.1:51447 (golden dir D:\a\wisp\wisp\internal\llm\testdata\golden)
2026-10-10T08:01:50.4529238Z time=2026-10-10T08:01:07.333Z level=INFO msg="pre-migration backup written" component=memory backup=C:\Users\RUNNER~1\AppData\Local\Temp\TestTicket101UnreadableModeFailsLoudlyAndStrict920282955\002\backup\wisp.db.bak-0-1 from=0 to=1
2026-10-10T08:01:50.4529908Z time=2026-10-10T08:01:07.394Z level=INFO msg="schema migration step applied" component=memory from=0 to=1 started_at=2026-10-10T08:01:07Z duration_ms=61
2026-10-10T08:01:50.4531340Z time=2026-10-10T08:01:07.443Z level=INFO msg="pre-migration backup written" component=memory backup=C:\Users\RUNNER~1\AppData\Local\Temp\TestTicket101UnreadableModeFailsLoudlyAndStrict920282955\002\backup\wisp.db.bak-1-2 from=1 to=2
2026-10-10T08:01:50.4531817Z time=2026-10-10T08:01:07.471Z level=INFO msg="schema migration step applied" component=memory from=1 to=2 started_at=2026-10-10T08:01:07Z duration_ms=28
2026-10-10T08:01:50.4532124Z time=2026-10-10T08:01:07.509Z level=INFO msg="schema migration complete" component=memory schema_version=2
2026-10-10T08:01:50.4532532Z time=2026-10-10T08:01:07.510Z level=INFO msg="startup WAL checkpoint (TRUNCATE) done" component=memory wal_pages_before=0 pages_moved=0
2026-10-10T08:01:50.4532872Z     run_mode101_test.go:604: control log for reference (no fail-closed line expected here):
2026-10-10T08:01:50.4534355Z         wisp run: 配置热加载已接管（每 1s 检查一次 config.toml）。手改会按 D36 三档处理：可热加载段立即生效；[risk]/[fs]/[net]/[plugins] 的放宽要先答一张 L2 卡，不答按拒绝保留旧值；重启档的改动本次不生效，会另有一句告诉你为什么不生效。
2026-10-10T08:01:50.4534545Z         echo: ## scene
2026-10-10T08:01:50.4534870Z         当前时间：2026-10-10 08:01 +00:00
2026-10-10T08:01:50.4535746Z         wisp run: 任务 17500c30-295f-445f-be41-a4c8e163af67 结束（completed，1 轮，0 次工具调用，成本 0 CNY（未计价））
2026-10-10T08:01:50.4535920Z         wisp run: 回复已完成
2026-10-10T08:01:50.4536433Z         [audit] wisp run: SESSION-MINT id=sess_d3d2c94132e79f7cbafdb9db33ccbff3 (结束点＝本进程退出，A435 第 2 条)
2026-10-10T08:01:50.4537277Z         [audit] p
2026-10-10T08:01:50.4537577Z === RUN   TestTicket101UnreadableModeFailsLoudlyAndStrict/存储损坏
2026-10-10T08:01:50.4539572Z time=2026-10-10T08:01:07.584Z level=INFO msg="wisp: persistent log sink installed" dir=C:\Users\RUNNER~1\AppData\Local\Temp\TestTicket101UnreadableModeFailsLoudlyAndStrict存储损坏3975063673\001\logs min_level=info early_records=0 early_dropped=0
2026-10-10T08:01:50.4540126Z === RUN   TestTicket101UnreadableModeFailsLoudlyAndStrict/版本不认识
2026-10-10T08:01:50.4542098Z time=2026-10-10T08:01:07.611Z level=INFO msg="wisp: persistent log sink installed" dir=C:\Users\RUNNER~1\AppData\Local\Temp\TestTicket101UnreadableModeFailsLoudlyAndStrict版本不认识968142642\001\logs min_level=info early_records=0 early_dropped=0
2026-10-10T08:01:50.4542613Z === RUN   TestTicket101UnreadableModeFailsLoudlyAndStrict/权限读不到
2026-10-10T08:01:50.4544622Z time=2026-10-10T08:01:07.653Z level=INFO msg="wisp: persistent log sink installed" dir=C:\Users\RUNNER~1\AppData\Local\Temp\TestTicket101UnreadableModeFailsLoudlyAndStrict权限读不到2501967256\001\logs min_level=info early_records=0 early_dropped=0
2026-10-10T08:01:50.4545140Z --- PASS: TestTicket101UnreadableModeFailsLoudlyAndStrict (1.31s)
2026-10-10T08:01:50.4545831Z     --- PASS: TestTicket101UnreadableModeFailsLoudlyAndStrict/存储损坏 (0.03s)
2026-10-10T08:01:50.4546510Z     --- PASS: TestTicket101UnreadableModeFailsLoudlyAndStrict/版本不认识 (0.04s)
2026-10-10T08:01:50.4547157Z     --- PASS: TestTicket101UnreadableModeFailsLoudlyAndStrict/权限读不到 (0.02s)
2026-10-10T08:01:50.4547375Z === RUN   TestRunTextTaskTextPathEndToEnd
2026-10-10T08:01:50.4556301Z time=2026-10-10T08:01:08.597Z level=WARN msg="goroutine outside the D38 roster (leak symptom)" goroutine=mockllm-stdout-reader owner=test
2026-10-10T08:01:50.4557773Z time=2026-10-10T08:01:08.615Z level=INFO msg="wisp: persistent log sink installed" dir=C:\Users\RUNNER~1\AppData\Local\Temp\TestRunTextTaskTextPathEndToEnd2853663198\002\logs min_level=info early_records=0 early_dropped=0
2026-10-10T08:01:50.4558458Z 2026/10/10 08:01:08 mockllm: serving on http://127.0.0.1:51449 (golden dir D:\a\wisp\wisp\internal\llm\testdata\golden)
2026-10-10T08:01:50.4559889Z time=2026-10-10T08:01:08.668Z level=INFO msg="pre-migration backup written" component=memory backup=C:\Users\RUNNER~1\AppData\Local\Temp\TestRunTextTaskTextPathEndToEnd2853663198\002\backup\wisp.db.bak-0-1 from=0 to=1
2026-10-10T08:01:50.4560795Z time=2026-10-10T08:01:08.710Z level=INFO msg="schema migration step applied" component=memory from=0 to=1 started_at=2026-10-10T08:01:08Z duration_ms=41
2026-10-10T08:01:50.4561612Z time=2026-10-10T08:01:08.759Z level=INFO msg="pre-migration backup written" component=memory backup=C:\Users\RUNNER~1\AppData\Local\Temp\TestRunTextTaskTextPathEndToEnd2853663198\002\backup\wisp.db.bak-1-2 from=1 to=2
2026-10-10T08:01:50.4562083Z time=2026-10-10T08:01:08.824Z level=INFO msg="schema migration step applied" component=memory from=1 to=2 started_at=2026-10-10T08:01:08Z duration_ms=65
2026-10-10T08:01:50.4562419Z time=2026-10-10T08:01:08.850Z level=INFO msg="schema migration complete" component=memory schema_version=2
2026-10-10T08:01:50.4562836Z time=2026-10-10T08:01:08.852Z level=INFO msg="startup WAL checkpoint (TRUNCATE) done" component=memory wal_pages_before=0 pages_moved=0
2026-10-10T08:01:50.4563238Z time=2026-10-10T08:01:08.932Z level=INFO msg="startup WAL checkpoint (TRUNCATE) done" component=memory wal_pages_before=0 pages_moved=0
2026-10-10T08:01:50.4563382Z --- PASS: TestRunTextTaskTextPathEndToEnd (1.26s)
2026-10-10T08:01:50.4563512Z === RUN   TestRunTextTaskFailNextIsClassified
2026-10-10T08:01:50.4563936Z time=2026-10-10T08:01:09.901Z level=WARN msg="goroutine outside the D38 roster (leak symptom)" goroutine=mockllm-stdout-reader owner=test
2026-10-10T08:01:50.4564287Z 2026/10/10 08:01:09 mockllm: serving on http://127.0.0.1:51451 (golden dir D:\a\wisp\wisp\internal\llm\testdata\golden)
2026-10-10T08:01:50.4566321Z time=2026-10-10T08:01:09.944Z level=INFO msg="wisp: persistent log sink installed" dir=C:\Users\RUNNER~1\AppData\Local\Temp\TestRunTextTaskFailNextIsClassified2248003643\002\logs min_level=info early_records=0 early_dropped=0
2026-10-10T08:01:50.4567130Z time=2026-10-10T08:01:10.004Z level=INFO msg="pre-migration backup written" component=memory backup=C:\Users\RUNNER~1\AppData\Local\Temp\TestRunTextTaskFailNextIsClassified2248003643\002\backup\wisp.db.bak-0-1 from=0 to=1
2026-10-10T08:01:50.4567597Z time=2026-10-10T08:01:10.036Z level=INFO msg="schema migration step applied" component=memory from=0 to=1 started_at=2026-10-10T08:01:10Z duration_ms=32
2026-10-10T08:01:50.4568344Z time=2026-10-10T08:01:10.104Z level=INFO msg="pre-migration backup written" component=memory backup=C:\Users\RUNNER~1\AppData\Local\Temp\TestRunTextTaskFailNextIsClassified2248003643\002\backup\wisp.db.bak-1-2 from=1 to=2
2026-10-10T08:01:50.4568793Z time=2026-10-10T08:01:10.145Z level=INFO msg="schema migration step applied" component=memory from=1 to=2 started_at=2026-10-10T08:01:10Z duration_ms=41
2026-10-10T08:01:50.4569097Z time=2026-10-10T08:01:10.187Z level=INFO msg="schema migration complete" component=memory schema_version=2
2026-10-10T08:01:50.4569499Z time=2026-10-10T08:01:10.189Z level=INFO msg="startup WAL checkpoint (TRUNCATE) done" component=memory wal_pages_before=0 pages_moved=0
2026-10-10T08:01:50.4569895Z time=2026-10-10T08:01:10.314Z level=INFO msg="startup WAL checkpoint (TRUNCATE) done" component=memory wal_pages_before=0 pages_moved=0
2026-10-10T08:01:50.4570047Z --- PASS: TestRunTextTaskFailNextIsClassified (1.38s)
2026-10-10T08:01:50.4570193Z === RUN   TestHostDispatchThroughTheAssembledBridge
2026-10-10T08:01:50.4570610Z time=2026-10-10T08:01:11.275Z level=WARN msg="goroutine outside the D38 roster (leak symptom)" goroutine=mockllm-stdout-reader owner=test
2026-10-10T08:01:50.4571399Z time=2026-10-10T08:01:11.292Z level=INFO msg="wisp: persistent log sink installed" dir=C:\Users\RUNNER~1\AppData\Local\Temp\TestHostDispatchThroughTheAssembledBridge87157930\002\logs min_level=info early_records=0 early_dropped=0
2026-10-10T08:01:50.4571749Z 2026/10/10 08:01:11 mockllm: serving on http://127.0.0.1:51454 (golden dir D:\a\wisp\wisp\internal\llm\testdata\golden)
2026-10-10T08:01:50.4572545Z time=2026-10-10T08:01:11.376Z level=INFO msg="pre-migration backup written" component=memory backup=C:\Users\RUNNER~1\AppData\Local\Temp\TestHostDispatchThroughTheAssembledBridge87157930\002\backup\wisp.db.bak-0-1 from=0 to=1
2026-10-10T08:01:50.4573009Z time=2026-10-10T08:01:11.433Z level=INFO msg="schema migration step applied" component=memory from=0 to=1 started_at=2026-10-10T08:01:11Z duration_ms=57
2026-10-10T08:01:50.4574187Z time=2026-10-10T08:01:11.489Z level=INFO msg="pre-migration backup written" component=memory backup=C:\Users\RUNNER~1\AppData\Local\Temp\TestHostDispatchThroughTheAssembledBridge87157930\002\backup\wisp.db.bak-1-2 from=1 to=2
2026-10-10T08:01:50.4574665Z time=2026-10-10T08:01:11.523Z level=INFO msg="schema migration step applied" component=memory from=1 to=2 started_at=2026-10-10T08:01:11Z duration_ms=34
2026-10-10T08:01:50.4574969Z time=2026-10-10T08:01:11.564Z level=INFO msg="schema migration complete" component=memory schema_version=2
2026-10-10T08:01:50.4575444Z time=2026-10-10T08:01:11.565Z level=INFO msg="startup WAL checkpoint (TRUNCATE) done" component=memory wal_pages_before=0 pages_moved=0
2026-10-10T08:01:50.4576066Z time=2026-10-10T08:01:11.647Z level=INFO msg="startup WAL checkpoint (TRUNCATE) done" component=memory wal_pages_before=0 pages_moved=0
2026-10-10T08:01:50.4576429Z --- PASS: TestHostDispatchThroughTheAssembledBridge (1.33s)
2026-10-10T08:01:50.4576690Z === RUN   TestComposedGateBlocksAWriteForTwoSeconds
2026-10-10T08:01:50.4577366Z time=2026-10-10T08:01:12.591Z level=WARN msg="goroutine outside the D38 roster (leak symptom)" goroutine=mockllm-stdout-reader owner=test
2026-10-10T08:01:50.4579909Z time=2026-10-10T08:01:12.608Z level=INFO msg="wisp: persistent log sink installed" dir=C:\Users\RUNNER~1\AppData\Local\Temp\TestComposedGateBlocksAWriteForTwoSeconds1806841306\002\logs min_level=info early_records=0 early_dropped=0
2026-10-10T08:01:50.4580420Z 2026/10/10 08:01:12 mockllm: serving on http://127.0.0.1:51461 (golden dir D:\a\wisp\wisp\internal\llm\testdata\golden)
2026-10-10T08:01:50.4581231Z time=2026-10-10T08:01:12.649Z level=INFO msg="pre-migration backup written" component=memory backup=C:\Users\RUNNER~1\AppData\Local\Temp\TestComposedGateBlocksAWriteForTwoSeconds1806841306\002\backup\wisp.db.bak-0-1 from=0 to=1
2026-10-10T08:01:50.4581904Z time=2026-10-10T08:01:12.690Z level=INFO msg="schema migration step applied" component=memory from=0 to=1 started_at=2026-10-10T08:01:12Z duration_ms=41
2026-10-10T08:01:50.4582827Z time=2026-10-10T08:01:12.727Z level=INFO msg="pre-migration backup written" component=memory backup=C:\Users\RUNNER~1\AppData\Local\Temp\TestComposedGateBlocksAWriteForTwoSeconds1806841306\002\backup\wisp.db.bak-1-2 from=1 to=2
2026-10-10T08:01:50.4583297Z time=2026-10-10T08:01:12.741Z level=INFO msg="schema migration step applied" component=memory from=1 to=2 started_at=2026-10-10T08:01:12Z duration_ms=13
2026-10-10T08:01:50.4583598Z time=2026-10-10T08:01:12.771Z level=INFO msg="schema migration complete" component=memory schema_version=2
2026-10-10T08:01:50.4584009Z time=2026-10-10T08:01:12.772Z level=INFO msg="startup WAL checkpoint (TRUNCATE) done" component=memory wal_pages_before=0 pages_moved=0
2026-10-10T08:01:50.4584412Z time=2026-10-10T08:01:14.888Z level=INFO msg="startup WAL checkpoint (TRUNCATE) done" component=memory wal_pages_before=0 pages_moved=0
2026-10-10T08:01:50.4584595Z --- PASS: TestComposedGateBlocksAWriteForTwoSeconds (3.24s)
2026-10-10T08:01:50.4584721Z === RUN   TestRunTextTaskKeyResolvesInTheStore
2026-10-10T08:01:50.4585136Z time=2026-10-10T08:01:15.854Z level=WARN msg="goroutine outside the D38 roster (leak symptom)" goroutine=mockllm-stdout-reader owner=test
2026-10-10T08:01:50.4585910Z time=2026-10-10T08:01:15.868Z level=INFO msg="wisp: persistent log sink installed" dir=C:\Users\RUNNER~1\AppData\Local\Temp\TestRunTextTaskKeyResolvesInTheStore642083739\002\logs min_level=info early_records=0 early_dropped=0
2026-10-10T08:01:50.4586250Z 2026/10/10 08:01:15 mockllm: serving on http://127.0.0.1:51463 (golden dir D:\a\wisp\wisp\internal\llm\testdata\golden)
2026-10-10T08:01:50.4587002Z time=2026-10-10T08:01:15.929Z level=INFO msg="pre-migration backup written" component=memory backup=C:\Users\RUNNER~1\AppData\Local\Temp\TestRunTextTaskKeyResolvesInTheStore642083739\002\backup\wisp.db.bak-0-1 from=0 to=1
2026-10-10T08:01:50.4587460Z time=2026-10-10T08:01:15.983Z level=INFO msg="schema migration step applied" component=memory from=0 to=1 started_at=2026-10-10T08:01:15Z duration_ms=53
2026-10-10T08:01:50.4588207Z time=2026-10-10T08:01:16.029Z level=INFO msg="pre-migration backup written" component=memory backup=C:\Users\RUNNER~1\AppData\Local\Temp\TestRunTextTaskKeyResolvesInTheStore642083739\002\backup\wisp.db.bak-1-2 from=1 to=2
2026-10-10T08:01:50.4588681Z time=2026-10-10T08:01:16.061Z level=INFO msg="schema migration step applied" component=memory from=1 to=2 started_at=2026-10-10T08:01:16Z duration_ms=31
2026-10-10T08:01:50.4588992Z time=2026-10-10T08:01:16.101Z level=INFO msg="schema migration complete" component=memory schema_version=2
2026-10-10T08:01:50.4589402Z time=2026-10-10T08:01:16.102Z level=INFO msg="startup WAL checkpoint (TRUNCATE) done" component=memory wal_pages_before=0 pages_moved=0
2026-10-10T08:01:50.4589567Z --- PASS: TestRunTextTaskKeyResolvesInTheStore (1.29s)
2026-10-10T08:01:50.4589729Z === RUN   TestMissingBlobFailsUnconfiguredNeverSilently
2026-10-10T08:01:50.4590137Z time=2026-10-10T08:01:17.085Z level=WARN msg="goroutine outside the D38 roster (leak symptom)" goroutine=mockllm-stdout-reader owner=test
2026-10-10T08:01:50.4590478Z 2026/10/10 08:01:17 mockllm: serving on http://127.0.0.1:51466 (golden dir D:\a\wisp\wisp\internal\llm\testdata\golden)
2026-10-10T08:01:50.4591961Z time=2026-10-10T08:01:17.125Z level=INFO msg="wisp: persistent log sink installed" dir=C:\Users\RUNNER~1\AppData\Local\Temp\TestMissingBlobFailsUnconfiguredNeverSilently3749336300\002\logs min_level=info early_records=0 early_dropped=0
2026-10-10T08:01:50.4592187Z --- PASS: TestMissingBlobFailsUnconfiguredNeverSilently (0.97s)
2026-10-10T08:01:50.4592296Z === RUN   TestSecretArgvCarriesNoSecret
2026-10-10T08:01:50.4592441Z === RUN   TestSecretArgvCarriesNoSecret/from-stdin
2026-10-10T08:01:50.4592637Z === RUN   TestSecretArgvCarriesNoSecret/interactive-without-console
2026-10-10T08:01:50.4592770Z --- PASS: TestSecretArgvCarriesNoSecret (2.86s)
2026-10-10T08:01:50.4592978Z     --- PASS: TestSecretArgvCarriesNoSecret/from-stdin (0.52s)
2026-10-10T08:01:50.4593269Z     --- PASS: TestSecretArgvCarriesNoSecret/interactive-without-console (0.10s)
2026-10-10T08:01:50.4593396Z === RUN   TestSecretRealBinaryRefusesValueFlag
2026-10-10T08:01:50.4593599Z --- PASS: TestSecretRealBinaryRefusesValueFlag (2.66s)
2026-10-10T08:01:50.4593746Z === RUN   TestProcessCommandLineProbeHelperProcess
2026-10-10T08:01:50.4594310Z --- PASS: TestProcessCommandLineProbeHelperProcess (0.00s)
2026-10-10T08:01:50.4594515Z === RUN   TestProcessCommandLineProbeDetectsAPlantedValue
2026-10-10T08:01:50.4594716Z --- PASS: TestProcessCommandLineProbeDetectsAPlantedValue (0.06s)
2026-10-10T08:01:50.4594829Z === RUN   TestSecretSetGetListRoundTrip
2026-10-10T08:01:50.4594964Z --- PASS: TestSecretSetGetListRoundTrip (0.01s)
2026-10-10T08:01:50.4595106Z === RUN   TestSecretSetRejectsBadNamesAndEmptyInput
2026-10-10T08:01:50.4595275Z === RUN   TestSecretSetRejectsBadNamesAndEmptyInput/traversal
2026-10-10T08:01:50.4595440Z === RUN   TestSecretSetRejectsBadNamesAndEmptyInput/dotdot
2026-10-10T08:01:50.4595612Z === RUN   TestSecretSetRejectsBadNamesAndEmptyInput/separator
2026-10-10T08:01:50.4595765Z === RUN   TestSecretSetRejectsBadNamesAndEmptyInput/space
2026-10-10T08:01:50.4595921Z === RUN   TestSecretSetRejectsBadNamesAndEmptyInput/empty
2026-10-10T08:01:50.4596112Z === RUN   TestSecretSetRejectsBadNamesAndEmptyInput/empty_stdin
2026-10-10T08:01:50.4596310Z === RUN   TestSecretSetRejectsBadNamesAndEmptyInput/multiline_stdin
2026-10-10T08:01:50.4596468Z === RUN   TestSecretSetRejectsBadNamesAndEmptyInput/no_name
2026-10-10T08:01:50.4596638Z === RUN   TestSecretSetRejectsBadNamesAndEmptyInput/two_names
2026-10-10T08:01:50.4596805Z --- PASS: TestSecretSetRejectsBadNamesAndEmptyInput (0.00s)
2026-10-10T08:01:50.4597065Z     --- PASS: TestSecretSetRejectsBadNamesAndEmptyInput/traversal (0.00s)
2026-10-10T08:01:50.4597315Z     --- PASS: TestSecretSetRejectsBadNamesAndEmptyInput/dotdot (0.00s)
2026-10-10T08:01:50.4597571Z     --- PASS: TestSecretSetRejectsBadNamesAndEmptyInput/separator (0.00s)
2026-10-10T08:01:50.4597808Z     --- PASS: TestSecretSetRejectsBadNamesAndEmptyInput/space (0.00s)
2026-10-10T08:01:50.4598036Z     --- PASS: TestSecretSetRejectsBadNamesAndEmptyInput/empty (0.00s)
2026-10-10T08:01:50.4598308Z     --- PASS: TestSecretSetRejectsBadNamesAndEmptyInput/empty_stdin (0.00s)
2026-10-10T08:01:50.4598594Z     --- PASS: TestSecretSetRejectsBadNamesAndEmptyInput/multiline_stdin (0.00s)
2026-10-10T08:01:50.4598836Z     --- PASS: TestSecretSetRejectsBadNamesAndEmptyInput/no_name (0.00s)
2026-10-10T08:01:50.4599087Z     --- PASS: TestSecretSetRejectsBadNamesAndEmptyInput/two_names (0.00s)
2026-10-10T08:01:50.4599253Z === RUN   TestSecretSetConfirmationMismatchStoresNothing
2026-10-10T08:01:50.4599449Z --- PASS: TestSecretSetConfirmationMismatchStoresNothing (0.00s)
2026-10-10T08:01:50.4599595Z === RUN   TestSecretSetWithoutConsolePointsAtFromStdin
2026-10-10T08:01:50.4599780Z --- PASS: TestSecretSetWithoutConsolePointsAtFromStdin (0.00s)
2026-10-10T08:01:50.4599887Z === RUN   TestSecretFlagsAreBoolOnly
2026-10-10T08:01:50.4600015Z --- PASS: TestSecretFlagsAreBoolOnly (0.00s)
2026-10-10T08:01:50.4600180Z === RUN   TestSecretValueCarryingFlagsAreRefusedAndUnechoed
2026-10-10T08:01:50.4600519Z === RUN   TestSecretValueCarryingFlagsAreRefusedAndUnechoed/--value
2026-10-10T08:01:50.4600801Z === RUN   TestSecretValueCarryingFlagsAreRefusedAndUnechoed/--secret
2026-10-10T08:01:50.4600991Z === RUN   TestSecretValueCarryingFlagsAreRefusedAndUnechoed/--key
2026-10-10T08:01:50.4601174Z === RUN   TestSecretValueCarryingFlagsAreRefusedAndUnechoed/-k
2026-10-10T08:01:50.4601381Z === RUN   TestSecretValueCarryingFlagsAreRefusedAndUnechoed/--api-key
2026-10-10T08:01:50.4601593Z === RUN   TestSecretValueCarryingFlagsAreRefusedAndUnechoed/--from-file
2026-10-10T08:01:50.4601784Z === RUN   TestSecretValueCarryingFlagsAreRefusedAndUnechoed/--file
2026-10-10T08:01:50.4601980Z === RUN   TestSecretValueCarryingFlagsAreRefusedAndUnechoed/--stdin
2026-10-10T08:01:50.4602191Z === RUN   TestSecretValueCarryingFlagsAreRefusedAndUnechoed/positional
2026-10-10T08:01:50.4602389Z --- PASS: TestSecretValueCarryingFlagsAreRefusedAndUnechoed (0.00s)
2026-10-10T08:01:50.4602684Z     --- PASS: TestSecretValueCarryingFlagsAreRefusedAndUnechoed/--value (0.00s)
2026-10-10T08:01:50.4602987Z     --- PASS: TestSecretValueCarryingFlagsAreRefusedAndUnechoed/--secret (0.00s)
2026-10-10T08:01:50.4603271Z     --- PASS: TestSecretValueCarryingFlagsAreRefusedAndUnechoed/--key (0.00s)
2026-10-10T08:01:50.4603533Z     --- PASS: TestSecretValueCarryingFlagsAreRefusedAndUnechoed/-k (0.00s)
2026-10-10T08:01:50.4603837Z     --- PASS: TestSecretValueCarryingFlagsAreRefusedAndUnechoed/--api-key (0.00s)
2026-10-10T08:01:50.4604151Z     --- PASS: TestSecretValueCarryingFlagsAreRefusedAndUnechoed/--from-file (0.00s)
2026-10-10T08:01:50.4604440Z     --- PASS: TestSecretValueCarryingFlagsAreRefusedAndUnechoed/--file (0.00s)
2026-10-10T08:01:50.4604724Z     --- PASS: TestSecretValueCarryingFlagsAreRefusedAndUnechoed/--stdin (0.00s)
2026-10-10T08:01:50.4605035Z     --- PASS: TestSecretValueCarryingFlagsAreRefusedAndUnechoed/positional (0.00s)
2026-10-10T08:01:50.4605186Z === RUN   TestSecretFromStdinWritesNoIntermediateFile
2026-10-10T08:01:50.4605362Z --- PASS: TestSecretFromStdinWritesNoIntermediateFile (0.01s)
2026-10-10T08:01:50.4605518Z === RUN   TestSecretFailurePathsLogAndPrintNoPlaintext
2026-10-10T08:01:50.4605867Z === RUN   TestSecretFailurePathsLogAndPrintNoPlaintext/bad_dpapi_decrypt_(corrupted_blob,_non-portable)
2026-10-10T08:01:50.4606149Z === RUN   TestSecretFailurePathsLogAndPrintNoPlaintext/bad_dpapi_decrypt_(portable,_P13)
2026-10-10T08:01:50.4606372Z === RUN   TestSecretFailurePathsLogAndPrintNoPlaintext/unwritable_store_dir
2026-10-10T08:01:50.4606613Z === RUN   TestSecretFailurePathsLogAndPrintNoPlaintext/unset_name_(no_such_blob)
2026-10-10T08:01:50.4606919Z === RUN   TestSecretFailurePathsLogAndPrintNoPlaintext/store_write_failure_surfaces_the_ref_only
2026-10-10T08:01:50.4607111Z --- PASS: TestSecretFailurePathsLogAndPrintNoPlaintext (0.03s)
2026-10-10T08:01:50.4607570Z     --- PASS: TestSecretFailurePathsLogAndPrintNoPlaintext/bad_dpapi_decrypt_(corrupted_blob,_non-portable) (0.01s)
2026-10-10T08:01:50.4607964Z     --- PASS: TestSecretFailurePathsLogAndPrintNoPlaintext/bad_dpapi_decrypt_(portable,_P13) (0.01s)
2026-10-10T08:01:50.4608291Z     --- PASS: TestSecretFailurePathsLogAndPrintNoPlaintext/unwritable_store_dir (0.00s)
2026-10-10T08:01:50.4608629Z     --- PASS: TestSecretFailurePathsLogAndPrintNoPlaintext/unset_name_(no_such_blob) (0.00s)
2026-10-10T08:01:50.4609051Z     --- PASS: TestSecretFailurePathsLogAndPrintNoPlaintext/store_write_failure_surfaces_the_ref_only (0.01s)
2026-10-10T08:01:50.4609184Z === RUN   TestSecretUnsetRefusesWhileReferenced
2026-10-10T08:01:50.4609393Z === RUN   TestSecretUnsetRefusesWhileReferenced/refused_while_referenced
2026-10-10T08:01:50.4609662Z === RUN   TestSecretUnsetRefusesWhileReferenced/refused_for_a_voice.realtime_reference_too
2026-10-10T08:01:50.4609904Z === RUN   TestSecretUnsetRefusesWhileReferenced/an_unreadable_config_fails_closed
2026-10-10T08:01:50.4610161Z === RUN   TestSecretUnsetRefusesWhileReferenced/force_deletes_and_writes_an_audit_line
2026-10-10T08:01:50.4610586Z === RUN   TestSecretUnsetRefusesWhileReferenced/unreferenced_delete_is_audited_at_info
2026-10-10T08:01:50.4610834Z === RUN   TestSecretUnsetRefusesWhileReferenced/no_config_at_all_means_no_references
2026-10-10T08:01:50.4610993Z --- PASS: TestSecretUnsetRefusesWhileReferenced (0.02s)
2026-10-10T08:01:50.4611522Z     --- PASS: TestSecretUnsetRefusesWhileReferenced/refused_while_referenced (0.00s)
2026-10-10T08:01:50.4612521Z     --- PASS: TestSecretUnsetRefusesWhileReferenced/refused_for_a_voice.realtime_reference_too (0.00s)
2026-10-10T08:01:50.4612876Z     --- PASS: TestSecretUnsetRefusesWhileReferenced/an_unreadable_config_fails_closed (0.00s)
2026-10-10T08:01:50.4613495Z     --- PASS: TestSecretUnsetRefusesWhileReferenced/force_deletes_and_writes_an_audit_line (0.00s)
2026-10-10T08:01:50.4613976Z     --- PASS: TestSecretUnsetRefusesWhileReferenced/unreferenced_delete_is_audited_at_info (0.00s)
2026-10-10T08:01:50.4614328Z     --- PASS: TestSecretUnsetRefusesWhileReferenced/no_config_at_all_means_no_references (0.01s)
2026-10-10T08:01:50.4614504Z === RUN   TestSecretSameNameUnderThreeEnvsIsThreeBlobs
2026-10-10T08:01:50.4614693Z --- PASS: TestSecretSameNameUnderThreeEnvsIsThreeBlobs (0.02s)
2026-10-10T08:01:50.4614830Z === RUN   TestSecretPortableModeUsesTicket06Seam
2026-10-10T08:01:50.4614983Z --- PASS: TestSecretPortableModeUsesTicket06Seam (0.01s)
2026-10-10T08:01:50.4615155Z === RUN   TestSecretEndToEndConfigRefResolvesAtRequestTime
2026-10-10T08:01:50.4615367Z --- PASS: TestSecretEndToEndConfigRefResolvesAtRequestTime (0.01s)
2026-10-10T08:01:50.4615489Z === RUN   TestSecretUsageAndUnknownSubcommand
2026-10-10T08:01:50.4615638Z --- PASS: TestSecretUsageAndUnknownSubcommand (0.00s)
2026-10-10T08:01:50.4615749Z === RUN   TestSecretOverwriteIsAnnounced
2026-10-10T08:01:50.4615884Z --- PASS: TestSecretOverwriteIsAnnounced (0.01s)
2026-10-10T08:01:50.4616028Z === RUN   TestSLO156FixtureChildrenDoWhatTheirNamesSay
2026-10-10T08:01:50.4616210Z --- PASS: TestSLO156FixtureChildrenDoWhatTheirNamesSay (0.06s)
2026-10-10T08:01:50.4616373Z === RUN   TestSLO156ExitedAsksTheOSForAChildNobodyReaped
2026-10-10T08:01:50.4616558Z --- PASS: TestSLO156ExitedAsksTheOSForAChildNobodyReaped (0.06s)
2026-10-10T08:01:50.4616733Z === RUN   TestSLO156LiveSubjectStaysAliveUntilTheOSDisagrees
2026-10-10T08:01:50.4617483Z     slo_exit_os_156_windows_test.go:206: Wait on a killed child reports the kill as an error (exit status 1); that is the fixture, not a failure
2026-10-10T08:01:50.4617709Z --- PASS: TestSLO156LiveSubjectStaysAliveUntilTheOSDisagrees (0.01s)
2026-10-10T08:01:50.4617893Z === RUN   TestSLO156ReportLoopNamesTheDeadSubjectItWasWaitingOn
2026-10-10T08:01:50.4618121Z --- PASS: TestSLO156ReportLoopNamesTheDeadSubjectItWasWaitingOn (0.06s)
2026-10-10T08:01:50.4618260Z === RUN   TestSLO156WaitReadyNamesTheDeadSubjectToo
2026-10-10T08:01:50.4618432Z --- PASS: TestSLO156WaitReadyNamesTheDeadSubjectToo (0.06s)
2026-10-10T08:01:50.4618622Z === RUN   TestSLO144EveryPrefixOfARealReportIsUnwrittenNotCorrupt
2026-10-10T08:01:50.4618865Z --- PASS: TestSLO144EveryPrefixOfARealReportIsUnwrittenNotCorrupt (0.01s)
2026-10-10T08:01:50.4619056Z === RUN   TestSLO144ReportsThatContradictThemselvesAreCorruptNow
2026-10-10T08:01:50.4619280Z === RUN   TestSLO144ReportsThatContradictThemselvesAreCorruptNow/html-head
2026-10-10T08:01:50.4619518Z === RUN   TestSLO144ReportsThatContradictThemselvesAreCorruptNow/stray-comma
2026-10-10T08:01:50.4619751Z === RUN   TestSLO144ReportsThatContradictThemselvesAreCorruptNow/wrong-type
2026-10-10T08:01:50.4620006Z === RUN   TestSLO144ReportsThatContradictThemselvesAreCorruptNow/trailing-garbage
2026-10-10T08:01:50.4620254Z === RUN   TestSLO144ReportsThatContradictThemselvesAreCorruptNow/second-document
2026-10-10T08:01:50.4620565Z === RUN   TestSLO144ReportsThatContradictThemselvesAreCorruptNow/complete-but-no-state-report
2026-10-10T08:01:50.4620884Z === RUN   TestSLO144ReportsThatContradictThemselvesAreCorruptNow/empty-object-is-a-finished-lie
2026-10-10T08:01:50.4621294Z --- PASS: TestSLO144ReportsThatContradictThemselvesAreCorruptNow (0.00s)
2026-10-10T08:01:50.4621698Z     --- PASS: TestSLO144ReportsThatContradictThemselvesAreCorruptNow/html-head (0.00s)
2026-10-10T08:01:50.4622050Z     --- PASS: TestSLO144ReportsThatContradictThemselvesAreCorruptNow/stray-comma (0.00s)
2026-10-10T08:01:50.4622738Z     --- PASS: TestSLO144ReportsThatContradictThemselvesAreCorruptNow/wrong-type (0.00s)
2026-10-10T08:01:50.4623430Z     --- PASS: TestSLO144ReportsThatContradictThemselvesAreCorruptNow/trailing-garbage (0.00s)
2026-10-10T08:01:50.4624137Z     --- PASS: TestSLO144ReportsThatContradictThemselvesAreCorruptNow/second-document (0.00s)
2026-10-10T08:01:50.4624968Z     --- PASS: TestSLO144ReportsThatContradictThemselvesAreCorruptNow/complete-but-no-state-report (0.00s)
2026-10-10T08:01:50.4625790Z     --- PASS: TestSLO144ReportsThatContradictThemselvesAreCorruptNow/empty-object-is-a-finished-lie (0.00s)
2026-10-10T08:01:50.4626195Z === RUN   TestSLO144LoopRetriesAnUnfinishedFileAndReadsTheWholeReport
2026-10-10T08:01:50.4626711Z --- PASS: TestSLO144LoopRetriesAnUnfinishedFileAndReadsTheWholeReport (0.02s)
2026-10-10T08:01:50.4626981Z === RUN   TestSLO144LoopGiveUpSentencesOnRealFiles
2026-10-10T08:01:50.4627295Z --- PASS: TestSLO144LoopGiveUpSentencesOnRealFiles (0.05s)
2026-10-10T08:01:50.4627568Z === RUN   TestSLO144CorruptReportIsJudgedOnTheFirstRead
2026-10-10T08:01:50.4627917Z --- PASS: TestSLO144CorruptReportIsJudgedOnTheFirstRead (0.00s)
2026-10-10T08:01:50.4628372Z === RUN   TestSLO144UnfinishedReportKeepsPollingThenNamesBudgetAndBytes
2026-10-10T08:01:50.4628862Z --- PASS: TestSLO144UnfinishedReportKeepsPollingThenNamesBudgetAndBytes (0.06s)
2026-10-10T08:01:50.4629271Z === RUN   TestSLO144ReportThatArrivesAfterMissingReadingsIsCollected
2026-10-10T08:01:50.4629742Z --- PASS: TestSLO144ReportThatArrivesAfterMissingReadingsIsCollected (0.00s)
2026-10-10T08:01:50.4630166Z === RUN   TestSLO147UnwrittenSentenceNamesTheOffsetTheDocumentStoppedAt
2026-10-10T08:01:50.4630668Z --- PASS: TestSLO147UnwrittenSentenceNamesTheOffsetTheDocumentStoppedAt (0.01s)
2026-10-10T08:01:50.4630967Z === RUN   TestSLO147LoopGiveUpSentenceAgreesWithTheBytesItRead
2026-10-10T08:01:50.4631348Z --- PASS: TestSLO147LoopGiveUpSentenceAgreesWithTheBytesItRead (0.06s)
2026-10-10T08:01:50.4631688Z === RUN   TestSLO147OffsetSemanticsRenderThreeDifferentSentences
2026-10-10T08:01:50.4632134Z --- PASS: TestSLO147OffsetSemanticsRenderThreeDifferentSentences (0.04s)
2026-10-10T08:01:50.4632551Z === RUN   TestSLO149CorruptSentenceNamesThePositionTheDecoderObjectedAt
2026-10-10T08:01:50.4633040Z --- PASS: TestSLO149CorruptSentenceNamesThePositionTheDecoderObjectedAt (0.00s)
2026-10-10T08:01:50.4633397Z === RUN   TestSLO149CorruptLegsWithoutADecoderErrorKeepTheirOwnEnd
2026-10-10T08:01:50.4633828Z --- PASS: TestSLO149CorruptLegsWithoutADecoderErrorKeepTheirOwnEnd (0.00s)
2026-10-10T08:01:50.4634210Z === RUN   TestSLO152CorruptLegWithNoNamedPositionRefusesToBorrowOne
2026-10-10T08:01:50.4634683Z --- PASS: TestSLO152CorruptLegWithNoNamedPositionRefusesToBorrowOne (0.00s)
2026-10-10T08:01:50.4635039Z === RUN   TestSLO149ExitedGiveUpSentenceCarriesTheLastReading
2026-10-10T08:01:50.4635349Z --- PASS: TestSLO149ExitedGiveUpSentenceCarriesTheLastReading (0.01s)
2026-10-10T08:01:50.4635511Z === RUN   TestRunPacketMarksTheRosterRowACardIsHolding
2026-10-10T08:01:50.4635952Z time=2026-10-10T08:01:24.344Z level=WARN msg="goroutine outside the D38 roster (leak symptom)" goroutine=mockllm-stdout-reader owner=test
2026-10-10T08:01:50.4636490Z 2026/10/10 08:01:24 mockllm: serving on http://127.0.0.1:51472 (golden dir D:\a\wisp\wisp\internal\llm\testdata\golden)
2026-10-10T08:01:50.4638415Z time=2026-10-10T08:01:24.386Z level=INFO msg="wisp: persistent log sink installed" dir=C:\Users\RUNNER~1\AppData\Local\Temp\TestRunPacketMarksTheRosterRowACardIsHolding3292012764\002\logs min_level=info early_records=0 early_dropped=0
2026-10-10T08:01:50.4639553Z time=2026-10-10T08:01:24.462Z level=INFO msg="pre-migration backup written" component=memory backup=C:\Users\RUNNER~1\AppData\Local\Temp\TestRunPacketMarksTheRosterRowACardIsHolding3292012764\002\backup\wisp.db.bak-0-1 from=0 to=1
2026-10-10T08:01:50.4640123Z time=2026-10-10T08:01:24.496Z level=INFO msg="schema migration step applied" component=memory from=0 to=1 started_at=2026-10-10T08:01:24Z duration_ms=34
2026-10-10T08:01:50.4640928Z time=2026-10-10T08:01:24.557Z level=INFO msg="pre-migration backup written" component=memory backup=C:\Users\RUNNER~1\AppData\Local\Temp\TestRunPacketMarksTheRosterRowACardIsHolding3292012764\002\backup\wisp.db.bak-1-2 from=1 to=2
2026-10-10T08:01:50.4641397Z time=2026-10-10T08:01:24.591Z level=INFO msg="schema migration step applied" component=memory from=1 to=2 started_at=2026-10-10T08:01:24Z duration_ms=34
2026-10-10T08:01:50.4641710Z time=2026-10-10T08:01:24.629Z level=INFO msg="schema migration complete" component=memory schema_version=2
2026-10-10T08:01:50.4642124Z time=2026-10-10T08:01:24.631Z level=INFO msg="startup WAL checkpoint (TRUNCATE) done" component=memory wal_pages_before=0 pages_moved=0
2026-10-10T08:01:50.4642676Z time=2026-10-10T08:01:24.637Z level=WARN msg="goroutine outside the D38 roster (leak symptom)" goroutine=subagent-finish-fa93f6e9-2964-45e2-ad20-d0c8427c23b5 owner=tools
2026-10-10T08:01:50.4657681Z     subagent_blocked_197_test.go:168: tasks wire bytes: {"rows":[{"taskId":"06ef6926-a2e4-43c2-ba67-88d41421c35b","label":"总结一下 rootprompt197r3 aaaaaaaaaaaaaaaaaaaaaaaaaaaaaaaaaaaaaaaaaaaaaaaaaaaaaaaaaaaaaaaaaaaaaaaaaaaaaaaaaaaaaaaaaaaaaaaaaaaaaaaaaaaaaaaaaaaaaaaaaaaaaaaaaaaaaaaaaaaaaaaaaaaaaaaaaaaaaaaaaaaaaaaaaaaaaaaaaaaaaaaaaaaaaaaaaaaaaaaaaaaaaaaaaaaaaaaaaaaaaaaaaaaaaaaaaaaaaaaaaaaaaaaaaaaaaaaaaaaaaaaaaaaaaaaaaaaaaaaaaaaaaaaaaaaaaaaaaaaaaaaaaaaaaaaaaaaaaaaaaaaaaaaaaaaaaaaaaaaaaaaaaaaaaaaaaaaaaaaa","kind":"root","parentTaskId":"","status":"","statusKnown":false,"statusReason":"宿主没有登记这一维（fail-closed：不替任务编一个状态）","streamKey":"06ef6926-a2e4-43c2-ba67-88d41421c35b","blockedOnApproval":false,"streamTruncated":false,"streamElidedRunes":0,"streamDropped":false},{"taskId":"fa93f6e9-2964-45e2-ad20-d0c8427c23b5","label":"载体层正控：把一句话原样说出来","kind":"subagent","parentTaskId":"06ef6926-a2e4-43c2-ba67-88d41421c35b","status":"Thinking","statusKnown":true,"streamKey":"subagent:fa93f6e9-2964-45e2-ad20-d0c8427c23b5","blockedOnApproval":true,"streamTruncated":false,"streamElidedRunes":0,"streamDropped":false}],"inFlightSlots":1,"poolCap":4,"streamTruncated":false,"streamElidedRunes":0,"droppedStreamKeys":[]}
2026-10-10T08:01:50.4664772Z     subagent_blocked_197_test.go:222: tasks wire bytes: {"rows":[{"taskId":"06ef6926-a2e4-43c2-ba67-88d41421c35b","label":"总结一下 rootprompt197r3 aaaaaaaaaaaaaaaaaaaaaaaaaaaaaaaaaaaaaaaaaaaaaaaaaaaaaaaaaaaaaaaaaaaaaaaaaaaaaaaaaaaaaaaaaaaaaaaaaaaaaaaaaaaaaaaaaaaaaaaaaaaaaaaaaaaaaaaaaaaaaaaaaaaaaaaaaaaaaaaaaaaaaaaaaaaaaaaaaaaaaaaaaaaaaaaaaaaaaaaaaaaaaaaaaaaaaaaaaaaaaaaaaaaaaaaaaaaaaaaaaaaaaaaaaaaaaaaaaaaaaaaaaaaaaaaaaaaaaaaaaaaaaaaaaaaaaaaaaaaaaaaaaaaaaaaaaaaaaaaaaaaaaaaaaaaaaaaaaaaaaaaaaaaaaaaaaaaaaaaa","kind":"root","parentTaskId":"","status":"","statusKnown":false,"statusReason":"宿主没有登记这一维（fail-closed：不替任务编一个状态）","streamKey":"06ef6926-a2e4-43c2-ba67-88d41421c35b","blockedOnApproval":false,"streamTruncated":false,"streamElidedRunes":0,"streamDropped":false},{"taskId":"fa93f6e9-2964-45e2-ad20-d0c8427c23b5","label":"载体层正控：把一句话原样说出来","kind":"subagent","parentTaskId":"06ef6926-a2e4-43c2-ba67-88d41421c35b","status":"Settling","statusKnown":true,"streamKey":"subagent:fa93f6e9-2964-45e2-ad20-d0c8427c23b5","blockedOnApproval":false,"streamTruncated":false,"streamElidedRunes":0,"streamDropped":false}],"inFlightSlots":0,"poolCap":4,"streamTruncated":false,"streamElidedRunes":0,"droppedStreamKeys":[]}
2026-10-10T08:01:50.4666445Z     subagent_blocked_197_test.go:234: blocked row on the run's own packet: task=fa93f6e9-2964-45e2-ad20-d0c8427c23b5 status=Thinking streamKey=subagent:fa93f6e9-2964-45e2-ad20-d0c8427c23b5 card=ticket197.blocked.probe pending=1 bytes=3147 sha256=e812724e8f59226d | after the card: blocked=false answer=reject why="任务上下文已结束，审批请求已作废并按拒绝处理"
2026-10-10T08:01:50.4666939Z --- PASS: TestRunPacketMarksTheRosterRowACardIsHolding (1.65s)
2026-10-10T08:01:50.4667112Z === RUN   TestRunPacketCarriesTheSubagentItsRosterRowFed
2026-10-10T08:01:50.4667548Z time=2026-10-10T08:01:25.951Z level=WARN msg="goroutine outside the D38 roster (leak symptom)" goroutine=mockllm-stdout-reader owner=test
2026-10-10T08:01:50.4667889Z 2026/10/10 08:01:25 mockllm: serving on http://127.0.0.1:51476 (golden dir D:\a\wisp\wisp\internal\llm\testdata\golden)
2026-10-10T08:01:50.4668715Z time=2026-10-10T08:01:25.992Z level=INFO msg="wisp: persistent log sink installed" dir=C:\Users\RUNNER~1\AppData\Local\Temp\TestRunPacketCarriesTheSubagentItsRosterRowFed4193546503\002\logs min_level=info early_records=0 early_dropped=0
2026-10-10T08:01:50.4669529Z time=2026-10-10T08:01:26.082Z level=INFO msg="pre-migration backup written" component=memory backup=C:\Users\RUNNER~1\AppData\Local\Temp\TestRunPacketCarriesTheSubagentItsRosterRowFed4193546503\002\backup\wisp.db.bak-0-1 from=0 to=1
2026-10-10T08:01:50.4669999Z time=2026-10-10T08:01:26.123Z level=INFO msg="schema migration step applied" component=memory from=0 to=1 started_at=2026-10-10T08:01:26Z duration_ms=40
2026-10-10T08:01:50.4670807Z time=2026-10-10T08:01:26.160Z level=INFO msg="pre-migration backup written" component=memory backup=C:\Users\RUNNER~1\AppData\Local\Temp\TestRunPacketCarriesTheSubagentItsRosterRowFed4193546503\002\backup\wisp.db.bak-1-2 from=1 to=2
2026-10-10T08:01:50.4671252Z time=2026-10-10T08:01:26.215Z level=INFO msg="schema migration step applied" component=memory from=1 to=2 started_at=2026-10-10T08:01:26Z duration_ms=54
2026-10-10T08:01:50.4671559Z time=2026-10-10T08:01:26.247Z level=INFO msg="schema migration complete" component=memory schema_version=2
2026-10-10T08:01:50.4672570Z time=2026-10-10T08:01:26.249Z level=INFO msg="startup WAL checkpoint (TRUNCATE) done" component=memory wal_pages_before=0 pages_moved=0
2026-10-10T08:01:50.4673264Z time=2026-10-10T08:01:26.255Z level=WARN msg="goroutine outside the D38 roster (leak symptom)" goroutine=subagent-finish-755a404d-b756-44bd-83dd-833b72b0f815 owner=tools
2026-10-10T08:01:50.4683287Z     subagent_carrier_197_test.go:278: tasks wire bytes: {"rows":[{"taskId":"755a404d-b756-44bd-83dd-833b72b0f815","label":"载体层正控：把一句话原样说出来","kind":"subagent","parentTaskId":"95844a40-bae0-45a3-b2ec-13277868ebe3","status":"Thinking","statusKnown":true,"streamKey":"subagent:755a404d-b756-44bd-83dd-833b72b0f815","blockedOnApproval":false,"streamTruncated":false,"streamElidedRunes":0,"streamDropped":false},{"taskId":"95844a40-bae0-45a3-b2ec-13277868ebe3","label":"总结一下 rootprompt197r3 aaaaaaaaaaaaaaaaaaaaaaaaaaaaaaaaaaaaaaaaaaaaaaaaaaaaaaaaaaaaaaaaaaaaaaaaaaaaaaaaaaaaaaaaaaaaaaaaaaaaaaaaaaaaaaaaaaaaaaaaaaaaaaaaaaaaaaaaaaaaaaaaaaaaaaaaaaaaaaaaaaaaaaaaaaaaaaaaaaaaaaaaaaaaaaaaaaaaaaaaaaaaaaaaaaaaaaaaaaaaaaaaaaaaaaaaaaaaaaaaaaaaaaaaaaaaaaaaaaaaaaaaaaaaaaaaaaaaaaaaaaaaaaaaaaaaaaaaaaaaaaaaaaaaaaaaaaaaaaaaaaaaaaaaaaaaaaaaaaaaaaaaaaaaaaaaaaaaaaaa","kind":"root","parentTaskId":"","status":"","statusKnown":false,"statusReason":"宿主没有登记这一维（fail-closed：不替任务编一个状态）","streamKey":"95844a40-bae0-45a3-b2ec-13277868ebe3","blockedOnApproval":false,"streamTruncated":false,"streamElidedRunes":0,"streamDropped":false}],"inFlightSlots":1,"poolCap":4,"streamTruncated":false,"streamElidedRunes":0,"droppedStreamKeys":[]}
2026-10-10T08:01:50.4684990Z     subagent_carrier_197_test.go:388: packet tasks section: rows=2 poolCap=4 child=755a404d-b756-44bd-83dd-833b72b0f815 runStatus=Thinking afterStatus=Settling key=subagent:755a404d-b756-44bd-83dd-833b72b0f815 bytes=2845
2026-10-10T08:01:50.4685810Z --- PASS: TestRunPacketCarriesTheSubagentItsRosterRowFed (1.60s)
2026-10-10T08:01:50.4686076Z === RUN   TestSubagentStreamKeyHasOneMintSite
2026-10-10T08:01:50.4686353Z --- PASS: TestSubagentStreamKeyHasOneMintSite (0.10s)
2026-10-10T08:01:50.4686651Z === RUN   TestRunPacketReportsTheStreamLogPastItsBound
2026-10-10T08:01:50.4687740Z time=2026-10-10T08:01:27.696Z level=WARN msg="goroutine outside the D38 roster (leak symptom)" goroutine=mockllm-stdout-reader owner=test
2026-10-10T08:01:50.4689199Z time=2026-10-10T08:01:27.711Z level=INFO msg="wisp: persistent log sink installed" dir=C:\Users\RUNNER~1\AppData\Local\Temp\TestRunPacketReportsTheStreamLogPastItsBound3832531547\002\logs min_level=info early_records=0 early_dropped=0
2026-10-10T08:01:50.4689782Z 2026/10/10 08:01:27 mockllm: serving on http://127.0.0.1:51485 (golden dir D:\a\wisp\wisp\internal\llm\testdata\golden)
2026-10-10T08:01:50.4691196Z time=2026-10-10T08:01:27.826Z level=INFO msg="pre-migration backup written" component=memory backup=C:\Users\RUNNER~1\AppData\Local\Temp\TestRunPacketReportsTheStreamLogPastItsBound3832531547\002\backup\wisp.db.bak-0-1 from=0 to=1
2026-10-10T08:01:50.4691995Z time=2026-10-10T08:01:27.871Z level=INFO msg="schema migration step applied" component=memory from=0 to=1 started_at=2026-10-10T08:01:27Z duration_ms=45
2026-10-10T08:01:50.4693784Z time=2026-10-10T08:01:27.934Z level=INFO msg="pre-migration backup written" component=memory backup=C:\Users\RUNNER~1\AppData\Local\Temp\TestRunPacketReportsTheStreamLogPastItsBound3832531547\002\backup\wisp.db.bak-1-2 from=1 to=2
2026-10-10T08:01:50.4694597Z time=2026-10-10T08:01:27.957Z level=INFO msg="schema migration step applied" component=memory from=1 to=2 started_at=2026-10-10T08:01:27Z duration_ms=23
2026-10-10T08:01:50.4695133Z time=2026-10-10T08:01:27.993Z level=INFO msg="schema migration complete" component=memory schema_version=2
2026-10-10T08:01:50.4695854Z time=2026-10-10T08:01:27.995Z level=INFO msg="startup WAL checkpoint (TRUNCATE) done" component=memory wal_pages_before=0 pages_moved=0
2026-10-10T08:01:50.4696841Z time=2026-10-10T08:01:28.001Z level=WARN msg="goroutine outside the D38 roster (leak symptom)" goroutine=subagent-finish-f9b9b2c3-be0a-4999-bf0d-3e58d761edfa owner=tools
2026-10-10T08:01:50.4698424Z time=2026-10-10T08:01:28.023Z level=WARN msg="goroutine outside the D38 roster (leak symptom)" goroutine=subagent-finish-a0686c35-9966-4faf-8f96-09cd0c9d1050 owner=tools
2026-10-10T08:01:50.4699963Z time=2026-10-10T08:01:28.024Z level=WARN msg="goroutine outside the D38 roster (leak symptom)" goroutine=subagent-finish-adf26f5c-5cf9-4ac9-9bfe-19b912a495f0 owner=tools
2026-10-10T08:01:50.4700546Z time=2026-10-10T08:01:28.026Z level=WARN msg="goroutine outside the D38 roster (leak symptom)" goroutine=subagent-finish-085ec013-4be3-4cd3-8a02-f5a01e05f110 owner=tools
2026-10-10T08:01:50.4701086Z time=2026-10-10T08:01:28.027Z level=WARN msg="goroutine outside the D38 roster (leak symptom)" goroutine=subagent-finish-1d2874e8-e163-4060-8e9d-c7e706da11f6 owner=tools
2026-10-10T08:01:50.4701679Z time=2026-10-10T08:01:28.028Z level=WARN msg="goroutine outside the D38 roster (leak symptom)" goroutine=subagent-finish-9ecede6c-2c9b-4ff3-8d6e-e8e2f317547a owner=tools
2026-10-10T08:01:50.4702354Z time=2026-10-10T08:01:28.029Z level=WARN msg="goroutine outside the D38 roster (leak symptom)" goroutine=subagent-finish-80170b5a-3cee-465f-9995-0efa209940dd owner=tools
2026-10-10T08:01:50.4703075Z time=2026-10-10T08:01:28.031Z level=WARN msg="goroutine outside the D38 roster (leak symptom)" goroutine=subagent-finish-aea18dca-e4b7-4e5f-9a2c-5d1388536232 owner=tools
2026-10-10T08:01:50.4703882Z time=2026-10-10T08:01:28.032Z level=WARN msg="goroutine outside the D38 roster (leak symptom)" goroutine=subagent-finish-d1ead0b6-c30e-46e0-b3ff-43ba47502c63 owner=tools
2026-10-10T08:01:50.4704869Z time=2026-10-10T08:01:28.033Z level=WARN msg="goroutine outside the D38 roster (leak symptom)" goroutine=subagent-finish-e8a7028f-38a1-48a2-a5ce-8501aaba03e9 owner=tools
2026-10-10T08:01:50.4705919Z time=2026-10-10T08:01:28.034Z level=WARN msg="goroutine outside the D38 roster (leak symptom)" goroutine=subagent-finish-51c446e9-4171-4c1f-8848-bfa16d40f169 owner=tools
2026-10-10T08:01:50.4706597Z time=2026-10-10T08:01:28.035Z level=WARN msg="goroutine outside the D38 roster (leak symptom)" goroutine=subagent-finish-6eda1cba-1aef-47f1-bb08-c3ba7d7b7722 owner=tools
2026-10-10T08:01:50.4708896Z time=2026-10-10T08:01:28.036Z level=WARN msg="goroutine outside the D38 roster (leak symptom)" goroutine=subagent-finish-cb87eb31-5920-4987-8214-287c5b9df9ec owner=tools
2026-10-10T08:01:50.4710170Z time=2026-10-10T08:01:28.037Z level=WARN msg="goroutine outside the D38 roster (leak symptom)" goroutine=subagent-finish-cc9364d9-ab09-4b1c-9658-9ba5f8ebd054 owner=tools
2026-10-10T08:01:50.4711216Z time=2026-10-10T08:01:28.039Z level=WARN msg="goroutine outside the D38 roster (leak symptom)" goroutine=subagent-finish-db03c09a-7753-49fb-9675-99dae537027e owner=tools
2026-10-10T08:01:50.4712222Z time=2026-10-10T08:01:28.040Z level=WARN msg="goroutine outside the D38 roster (leak symptom)" goroutine=subagent-finish-a5139b13-6951-4141-9306-f130700f04f2 owner=tools
2026-10-10T08:01:50.4713261Z time=2026-10-10T08:01:28.041Z level=WARN msg="goroutine outside the D38 roster (leak symptom)" goroutine=subagent-finish-e72587f5-94ac-4abe-80f9-b28bcdc29273 owner=tools
2026-10-10T08:01:50.4714574Z time=2026-10-10T08:01:28.042Z level=WARN msg="goroutine outside the D38 roster (leak symptom)" goroutine=subagent-finish-8852ee4f-5d43-4b88-88d0-85f33cad56bd owner=tools
2026-10-10T08:01:50.4715595Z time=2026-10-10T08:01:28.044Z level=WARN msg="goroutine outside the D38 roster (leak symptom)" goroutine=subagent-finish-a2b9b507-d119-4dcc-b633-038fe8a97b08 owner=tools
2026-10-10T08:01:50.4716576Z time=2026-10-10T08:01:28.045Z level=WARN msg="goroutine outside the D38 roster (leak symptom)" goroutine=subagent-finish-b2a8e6d0-b1c0-4622-a661-cec7eb34abb2 owner=tools
2026-10-10T08:01:50.4717552Z time=2026-10-10T08:01:28.046Z level=WARN msg="goroutine outside the D38 roster (leak symptom)" goroutine=subagent-finish-b9835c95-933b-42b9-8b62-b1ebefd32688 owner=tools
2026-10-10T08:01:50.4718553Z time=2026-10-10T08:01:28.047Z level=WARN msg="goroutine outside the D38 roster (leak symptom)" goroutine=subagent-finish-ca700ea6-f3fd-4d8c-917b-8c2043c9a33d owner=tools
2026-10-10T08:01:50.4720291Z time=2026-10-10T08:01:28.048Z level=WARN msg="goroutine outside the D38 roster (leak symptom)" goroutine=subagent-finish-efd89dc2-354f-449b-b58e-467ee4a10724 owner=tools
2026-10-10T08:01:50.4721289Z time=2026-10-10T08:01:28.050Z level=WARN msg="goroutine outside the D38 roster (leak symptom)" goroutine=subagent-finish-dfe97bd4-9ea9-4c2b-b001-c36cfe28c62c owner=tools
2026-10-10T08:01:50.4722266Z time=2026-10-10T08:01:28.051Z level=WARN msg="goroutine outside the D38 roster (leak symptom)" goroutine=subagent-finish-8479bfe3-5a55-4455-992e-4f7f1eae8045 owner=tools
2026-10-10T08:01:50.4723231Z time=2026-10-10T08:01:28.052Z level=WARN msg="goroutine outside the D38 roster (leak symptom)" goroutine=subagent-finish-f51f4d1f-53f4-4aa2-a928-3bdc2fe1dad5 owner=tools
2026-10-10T08:01:50.4724196Z time=2026-10-10T08:01:28.054Z level=WARN msg="goroutine outside the D38 roster (leak symptom)" goroutine=subagent-finish-2755f2f9-fad3-477b-908f-ea6093d732b2 owner=tools
2026-10-10T08:01:50.4725177Z time=2026-10-10T08:01:28.055Z level=WARN msg="goroutine outside the D38 roster (leak symptom)" goroutine=subagent-finish-fc4ca836-41c7-435a-b167-642f559321e6 owner=tools
2026-10-10T08:01:50.4726678Z time=2026-10-10T08:01:28.056Z level=WARN msg="goroutine outside the D38 roster (leak symptom)" goroutine=subagent-finish-667c50c5-89ab-4548-a6e3-013621178d92 owner=tools
2026-10-10T08:01:50.4728072Z time=2026-10-10T08:01:28.058Z level=WARN msg="goroutine outside the D38 roster (leak symptom)" goroutine=subagent-finish-49fcdebd-5eda-48f8-be5d-fe175cf53583 owner=tools
2026-10-10T08:01:50.4729090Z time=2026-10-10T08:01:28.074Z level=WARN msg="goroutine outside the D38 roster (leak symptom)" goroutine=subagent-finish-bcc8b155-f6d2-4c26-9873-ab569f734717 owner=tools
2026-10-10T08:01:50.4730139Z time=2026-10-10T08:01:28.076Z level=WARN msg="goroutine outside the D38 roster (leak symptom)" goroutine=subagent-finish-4aaf363e-3fa7-40a8-8e0c-22125e4702f6 owner=tools
2026-10-10T08:01:50.4731363Z time=2026-10-10T08:01:28.077Z level=WARN msg="goroutine outside the D38 roster (leak symptom)" goroutine=subagent-finish-90cb2698-53d3-46f6-80fd-a40e8e6248a9 owner=tools
2026-10-10T08:01:50.4812436Z     subagent_carrier_197_test.go:548: tasks wire bytes: {"rows":[{"taskId":"085ec013-4be3-4cd3-8a02-f5a01e05f110","label":"溢出正控 03 llllllllllllllllllllllllllllllllllllllllllllllllllllllllllllllllllllllllllllllllllllllllll","kind":"subagent","parentTaskId":"aa163bbc-0be4-4752-94e9-5f73cdd7214a","status":"Settling","statusKnown":true,"streamKey":"subagent:085ec013-4be3-4cd3-8a02-f5a01e05f110","blockedOnApproval":false,"streamTruncated":false,"streamElidedRunes":0,"streamDropped":false},{"taskId":"1d2874e8-e163-4060-8e9d-c7e706da11f6","label":"溢出正控 04 llllllllllllllllllllllllllllllllllllllllllllllllllllllllllllllllllllllllllllllllllllllllll","kind":"subagent","parentTaskId":"aa163bbc-0be4-4752-94e9-5f73cdd7214a","status":"Settling","statusKnown":true,"streamKey":"subagent:1d2874e8-e163-4060-8e9d-c7e706da11f6","blockedOnApproval":false,"streamTruncated":false,"streamElidedRunes":0,"streamDropped":false},{"taskId":"2755f2f9-fad3-477b-908f-ea6093d732b2","label":"溢出正控 26 llllllllllllllllllllllllllllllllllllllllllllllllllllllllllllllllllllllllllllllllllllllllll","kind":"subagent","parentTaskId":"aa163bbc-0be4-4752-94e9-5f73cdd7214a","status":"Settling","statusKnown":true,"streamKey":"subagent:2755f2f9-fad3-477b-908f-ea6093d732b2","blockedOnApproval":false,"streamTruncated":false,"streamElidedRunes":0,"streamDropped":false},{"taskId":"49fcdebd-5eda-48f8-be5d-fe175cf53583","label":"溢出正控 29 llllllllllllllllllllllllllllllllllllllllllllllllllllllllllllllllllllllllllllllllllllllllll","kind":"subagent","parentTaskId":"aa163bbc-0be4-4752-94e9-5f73cdd7214a","status":"Settling","statusKnown":true,"streamKey":"subagent:49fcdebd-5eda-48f8-be5d-fe175cf53583","blockedOnApproval":false,"streamTruncated":false,"streamElidedRunes":0,"streamDropped":false},{"taskId":"4aaf363e-3fa7-40a8-8e0c-22125e4702f6","label":"溢出正控 31 llllllllllllllllllllllllllllllllllllllllllllllllllllllllllllllllllllllllllllllllllllllllll","kind":"subagent","parentTaskId":"aa163bbc-0be4-4752-94e9-5f73cdd7214a","status":"Settling","statusKnown":true,"streamKey":"subagent:4aaf363e-3fa7-40a8-8e0c-22125e4702f6","blockedOnApproval":false,"streamTruncated":false,"streamElidedRunes":0,"streamDropped":false},{"taskId":"51c446e9-4171-4c1f-8848-bfa16d40f169","label":"溢出正控 10 llllllllllllllllllllllllllllllllllllllllllllllllllllllllllllllllllllllllllllllllllllllllll","kind":"subagent","parentTaskId":"aa163bbc-0be4-4752-94e9-5f73cdd7214a","status":"Settling","statusKnown":true,"streamKey":"subagent:51c446e9-4171-4c1f-8848-bfa16d40f169","blockedOnApproval":false,"streamTruncated":false,"streamElidedRunes":0,"streamDropped":false},{"taskId":"667c50c5-89ab-4548-a6e3-013621178d92","label":"溢出正控 28 llllllllllllllllllllllllllllllllllllllllllllllllllllllllllllllllllllllllllllllllllllllllll","kind":"subagent","parentTaskId":"aa163bbc-0be4-4752-94e9-5f73cdd7214a","status":"Settling","statusKnown":true,"streamKey":"subagent:667c50c5-89ab-4548-a6e3-013621178d92","blockedOnApproval":false,"streamTruncated":false,"streamElidedRunes":0,"streamDropped":false},{"taskId":"6eda1cba-1aef-47f1-bb08-c3ba7d7b7722","label":"溢出正控 11 llllllllllllllllllllllllllllllllllllllllllllllllllllllllllllllllllllllllllllllllllllllllll","kind":"subagent","parentTaskId":"aa163bbc-0be4-4752-94e9-5f73cdd7214a","status":"Settling","statusKnown":true,"streamKey":"subagent:6eda1cba-1aef-47f1-bb08-c3ba7d7b7722","blockedOnApproval":false,"streamTruncated":false,"streamElidedRunes":0,"streamDropped":false},{"taskId":"80170b5a-3cee-465f-9995-0efa209940dd","label":"溢出正控 06 llllllllllllllllllllllllllllllllllllllllllllllllllllllllllllllllllllllllllllllllllllllllll","kind":"subagent","parentTaskId":"aa163bbc-0be4-4752-94e9-5f73cdd7214a","status":"Settling","statusKnown":true,"streamKey":"subagent:80170b5a-3cee-465f-9995-0efa209940dd","blockedOnApproval":false,"streamTruncated":false,"streamElidedRunes":0,"streamDropped":false},{"taskId":"8479bfe3-5a55-4455-992e-4f7f1eae8045","label":"溢出正控 24 llllllllllllllllllllllllllllllllllllllllllllllllllllllllllllllllllllllllllllllllllllllllll","kind":"subagent","parentTaskId":"aa163bbc-0be4-4752-94e9-5f73cdd7214a","status":"Settling","statusKnown":true,"streamKey":"subagent:8479bfe3-5a55-4455-992e-4f7f1eae8045","blockedOnApproval":false,"streamTruncated":false,"streamElidedRunes":0,"streamDropped":false},{"taskId":"8852ee4f-5d43-4b88-88d0-85f33cad56bd","label":"溢出正控 17 llllllllllllllllllllllllllllllllllllllllllllllllllllllllllllllllllllllllllllllllllllllllll","kind":"subagent","parentTaskId":"aa163bbc-0be4-4752-94e9-5f73cdd7214a","status":"Settling","statusKnown":true,"streamKey":"subagent:8852ee4f-5d43-4b88-88d0-85f33cad56bd","blockedOnApproval":false,"streamTruncated":false,"streamElidedRunes":0,"streamDropped":false},{"taskId":"90cb2698-53d3-46f6-80fd-a40e8e6248a9","label":"溢出正控 32 llllllllllllllllllllllllllllllllllllllllllllllllllllllllllllllllllllllllllllllllllllllllll","kind":"subagent","parentTaskId":"aa163bbc-0be4-4752-94e9-5f73cdd7214a","status":"Settling","statusKnown":true,"streamKey":"subagent:90cb2698-53d3-46f6-80fd-a40e8e6248a9","blockedOnApproval":false,"streamTruncated":false,"streamElidedRunes":0,"streamDropped":false},{"taskId":"9ecede6c-2c9b-4ff3-8d6e-e8e2f317547a","label":"溢出正控 05 llllllllllllllllllllllllllllllllllllllllllllllllllllllllllllllllllllllllllllllllllllllllll","kind":"subagent","parentTaskId":"aa163bbc-0be4-4752-94e9-5f73cdd7214a","status":"Settling","statusKnown":true,"streamKey":"subagent:9ecede6c-2c9b-4ff3-8d6e-e8e2f317547a","blockedOnApproval":false,"streamTruncated":false,"streamElidedRunes":0,"streamDropped":false},{"taskId":"a0686c35-9966-4faf-8f96-09cd0c9d1050","label":"溢出正控 01 llllllllllllllllllllllllllllllllllllllllllllllllllllllllllllllllllllllllllllllllllllllllll","kind":"subagent","parentTaskId":"aa163bbc-0be4-4752-94e9-5f73cdd7214a","status":"Settling","statusKnown":true,"streamKey":"subagent:a0686c35-9966-4faf-8f96-09cd0c9d1050","blockedOnApproval":false,"streamTruncated":false,"streamElidedRunes":0,"streamDropped":false},{"taskId":"a2b9b507-d119-4dcc-b633-038fe8a97b08","label":"溢出正控 18 llllllllllllllllllllllllllllllllllllllllllllllllllllllllllllllllllllllllllllllllllllllllll","kind":"subagent","parentTaskId":"aa163bbc-0be4-4752-94e9-5f73cdd7214a","status":"Settling","statusKnown":true,"streamKey":"subagent:a2b9b507-d119-4dcc-b633-038fe8a97b08","blockedOnApproval":false,"streamTruncated":false,"streamElidedRunes":0,"streamDropped":false},{"taskId":"a5139b13-6951-4141-9306-f130700f04f2","label":"溢出正控 15 llllllllllllllllllllllllllllllllllllllllllllllllllllllllllllllllllllllllllllllllllllllllll","kind":"subagent","parentTaskId":"aa163bbc-0be4-4752-94e9-5f73cdd7214a","status":"Settling","statusKnown":true,"streamKey":"subagent:a5139b13-6951-4141-9306-f130700f04f2","blockedOnApproval":false,"streamTruncated":false,"streamElidedRunes":0,"streamDropped":false},{"taskId":"aa163bbc-0be4-4752-94e9-5f73cdd7214a","label":"总结一下 这份笔记","kind":"root","parentTaskId":"","status":"","statusKnown":false,"statusReason":"宿主没有登记这一维（fail-closed：不替任务编一个状态）","streamKey":"aa163bbc-0be4-4752-94e9-5f73cdd7214a","blockedOnApproval":false,"streamTruncated":false,"streamElidedRunes":0,"streamDropped":false},{"taskId":"adf26f5c-5cf9-4ac9-9bfe-19b912a495f0","label":"溢出正控 02 llllllllllllllllllllllllllllllllllllllllllllllllllllllllllllllllllllllllllllllllllllllllll","kind":"subagent","parentTaskId":"aa163bbc-0be4-4752-94e9-5f73cdd7214a","status":"Settling","statusKnown":true,"streamKey":"subagent:adf26f5c-5cf9-4ac9-9bfe-19b912a495f0","blockedOnApproval":false,"streamTruncated":false,"streamElidedRunes":0,"streamDropped":false},{"taskId":"aea18dca-e4b7-4e5f-9a2c-5d1388536232","label":"溢出正控 07 llllllllllllllllllllllllllllllllllllllllllllllllllllllllllllllllllllllllllllllllllllllllll","kind":"subagent","parentTaskId":"aa163bbc-0be4-4752-94e9-5f73cdd7214a","status":"Settling","statusKnown":true,"streamKey":"subagent:aea18dca-e4b7-4e5f-9a2c-5d1388536232","blockedOnApproval":false,"streamTruncated":false,"streamElidedRunes":0,"streamDropped":false},{"taskId":"b2a8e6d0-b1c0-4622-a661-cec7eb34abb2","label":"溢出正控 19 llllllllllllllllllllllllllllllllllllllllllllllllllllllllllllllllllllllllllllllllllllllllll","kind":"subagent","parentTaskId":"aa163bbc-0be4-4752-94e9-5f73cdd7214a","status":"Settling","statusKnown":true,"streamKey":"subagent:b2a8e6d0-b1c0-4622-a661-cec7eb34abb2","blockedOnApproval":false,"streamTruncated":false,"streamElidedRunes":0,"streamDropped":false},{"taskId":"b9835c95-933b-42b9-8b62-b1ebefd32688","label":"溢出正控 20 llllllllllllllllllllllllllllllllllllllllllllllllllllllllllllllllllllllllllllllllllllllllll","kind":"subagent","parentTaskId":"aa163bbc-0be4-4752-94e9-5f73cdd7214a","status":"Settling","statusKnown":true,"streamKey":"subagent:b9835c95-933b-42b9-8b62-b1ebefd32688","blockedOnApproval":false,"streamTruncated":false,"streamElidedRunes":0,"streamDropped":false},{"taskId":"bcc8b155-f6d2-4c26-9873-ab569f734717","label":"溢出正控 30 llllllllllllllllllllllllllllllllllllllllllllllllllllllllllllllllllllllllllllllllllllllllll","kind":"subagent","parentTaskId":"aa163bbc-0be4-4752-94e9-5f73cdd7214a","status":"Settling","statusKnown":true,"streamKey":"subagent:bcc8b155-f6d2-4c26-9873-ab569f734717","blockedOnApproval":false,"streamTruncated":false,"streamElidedRunes":0,"streamDropped":false},{"taskId":"ca700ea6-f3fd-4d8c-917b-8c2043c9a33d","label":"溢出正控 21 llllllllllllllllllllllllllllllllllllllllllllllllllllllllllllllllllllllllllllllllllllllllll","kind":"subagent","parentTaskId":"aa163bbc-0be4-4752-94e9-5f73cdd7214a","status":"Settling","statusKnown":true,"streamKey":"subagent:ca700ea6-f3fd-4d8c-917b-8c2043c9a33d","blockedOnApproval":false,"streamTruncated":false,"streamElidedRunes":0,"streamDropped":false},{"taskId":"cb87eb31-5920-4987-8214-287c5b9df9ec","label":"溢出正控 12 llllllllllllllllllllllllllllllllllllllllllllllllllllllllllllllllllllllllllllllllllllllllll","kind":"subagent","parentTaskId":"aa163bbc-0be4-4752-94e9-5f73cdd7214a","status":"Settling","statusKnown":true,"streamKey":"subagent:cb87eb31-5920-4987-8214-287c5b9df9ec","blockedOnApproval":false,"streamTruncated":false,"streamElidedRunes":0,"streamDropped":false},{"taskId":"cc9364d9-ab09-4b1c-9658-9ba5f8ebd054","label":"溢出正控 13 llllllllllllllllllllllllllllllllllllllllllllllllllllllllllllllllllllllllllllllllllllllllll","kind":"subagent","parentTaskId":"aa163bbc-0be4-4752-94e9-5f73cdd7214a","status":"Settling","statusKnown":true,"streamKey":"subagent:cc9364d9-ab09-4b1c-9658-9ba5f8ebd054","blockedOnApproval":false,"streamTruncated":false,"streamElidedRunes":0,"streamDropped":false},{"taskId":"d1ead0b6-c30e-46e0-b3ff-43ba47502c63","label":"溢出正控 08 llllllllllllllllllllllllllllllllllllllllllllllllllllllllllllllllllllllllllllllllllllllllll","kind":"subagent","parentTaskId":"aa163bbc-0be4-4752-94e9-5f73cdd7214a","status":"Settling","statusKnown":true,"streamKey":"subagent:d1ead0b6-c30e-46e0-b3ff-43ba47502c63","blockedOnApproval":false,"streamTruncated":false,"streamElidedRunes":0,"streamDropped":false},{"taskId":"db03c09a-7753-49fb-9675-99dae537027e","label":"溢出正控 14 llllllllllllllllllllllllllllllllllllllllllllllllllllllllllllllllllllllllllllllllllllllllll","kind":"subagent","parentTaskId":"aa163bbc-0be4-4752-94e9-5f73cdd7214a","status":"Settling","statusKnown":true,"streamKey":"subagent:db03c09a-7753-49fb-9675-99dae537027e","blockedOnApproval":false,"streamTruncated":false,"streamElidedRunes":0,"streamDropped":false},{"taskId":"dfe97bd4-9ea9-4c2b-b001-c36cfe28c62c","label":"溢出正控 23 llllllllllllllllllllllllllllllllllllllllllllllllllllllllllllllllllllllllllllllllllllllllll","kind":"subagent","parentTaskId":"aa163bbc-0be4-4752-94e9-5f73cdd7214a","status":"Settling","statusKnown":true,"streamKey":"subagent:dfe97bd4-9ea9-4c2b-b001-c36cfe28c62c","blockedOnApproval":false,"streamTruncated":false,"streamElidedRunes":0,"streamDropped":false},{"taskId":"e72587f5-94ac-4abe-80f9-b28bcdc29273","label":"溢出正控 16 llllllllllllllllllllllllllllllllllllllllllllllllllllllllllllllllllllllllllllllllllllllllll","kind":"subagent","parentTaskId":"aa163bbc-0be4-4752-94e9-5f73cdd7214a","status":"Settling","statusKnown":true,"streamKey":"subagent:e72587f5-94ac-4abe-80f9-b28bcdc29273","blockedOnApproval":false,"streamTruncated":false,"streamElidedRunes":0,"streamDropped":false},{"taskId":"e8a7028f-38a1-48a2-a5ce-8501aaba03e9","label":"溢出正控 09 llllllllllllllllllllllllllllllllllllllllllllllllllllllllllllllllllllllllllllllllllllllllll","kind":"subagent","parentTaskId":"aa163bbc-0be4-4752-94e9-5f73cdd7214a","status":"Settling","statusKnown":true,"streamKey":"subagent:e8a7028f-38a1-48a2-a5ce-8501aaba03e9","blockedOnApproval":false,"streamTruncated":false,"streamElidedRunes":0,"streamDropped":false},{"taskId":"efd89dc2-354f-449b-b58e-467ee4a10724","label":"溢出正控 22 llllllllllllllllllllllllllllllllllllllllllllllllllllllllllllllllllllllllllllllllllllllllll","kind":"subagent","parentTaskId":"aa163bbc-0be4-4752-94e9-5f73cdd7214a","status":"Settling","statusKnown":true,"streamKey":"subagent:efd89dc2-354f-449b-b58e-467ee4a10724","blockedOnApproval":false,"streamTruncated":false,"streamElidedRunes":0,"streamDropped":false},{"taskId":"f51f4d1f-53f4-4aa2-a928-3bdc2fe1dad5","label":"溢出正控 25 llllllllllllllllllllllllllllllllllllllllllllllllllllllllllllllllllllllllllllllllllllllllll","kind":"subagent","parentTaskId":"aa163bbc-0be4-4752-94e9-5f73cdd7214a","status":"Settling","statusKnown":true,"streamKey":"subagent:f51f4d1f-53f4-4aa2-a928-3bdc2fe1dad5","blockedOnApproval":false,"streamTruncated":false,"streamElidedRunes":0,"streamDropped":false},{"taskId":"f9b9b2c3-be0a-4999-bf0d-3e58d761edfa","label":"溢出正控 00 llllllllllllllllllllllllllllllllllllllllllllllllllllllllllllllllllllllllllllllllllllllllll","kind":"subagent","parentTaskId":"aa163bbc-0be4-4752-94e9-5f73cdd7214a","status":"Settling","statusKnown":true,"streamKey":"subagent:f9b9b2c3-be0a-4999-bf0d-3e58d761edfa","blockedOnApproval":false,"streamTruncated":false,"streamElidedRunes":0,"streamDropped":false},{"taskId":"fc4ca836-41c7-435a-b167-642f559321e6","label":"溢出正控 27 llllllllllllllllllllllllllllllllllllllllllllllllllllllllllllllllllllllllllllllllllllllllll","kind":"subagent","parentTaskId":"aa163bbc-0be4-4752-94e9-5f73cdd7214a","status":"Settling","statusKnown":true,"streamKey":"subagent:fc4ca836-41c7-435a-b167-642f559321e6","blockedOnApproval":false,"streamTruncated":false,"streamElidedRunes":0,"streamDropped":false}],"inFlightSlots":0,"poolCap":4,"streamTruncated":true,"streamElidedRunes":0,"droppedStreamKeys":[]}
2026-10-10T08:01:50.4813733Z     subagent_carrier_197_test.go:591: bound crossed: rows=34 streams=34 truncated=true elided=0 dropped=[]
2026-10-10T08:01:50.4813958Z --- PASS: TestRunPacketReportsTheStreamLogPastItsBound (1.34s)
2026-10-10T08:01:50.4814170Z === RUN   Test197SubagentSelfApprovalIsRefusedAndTheHostAnswerLands
2026-10-10T08:01:50.4814599Z time=2026-10-10T08:01:29.015Z level=WARN msg="goroutine outside the D38 roster (leak symptom)" goroutine=mockllm-stdout-reader owner=test
2026-10-10T08:01:50.4814955Z 2026/10/10 08:01:29 mockllm: serving on http://127.0.0.1:51487 (golden dir D:\a\wisp\wisp\internal\llm\testdata\golden)
2026-10-10T08:01:50.4815849Z time=2026-10-10T08:01:29.060Z level=INFO msg="wisp: persistent log sink installed" dir=C:\Users\RUNNER~1\AppData\Local\Temp\Test197SubagentSelfApprovalIsRefusedAndTheHostAnswerLands1163898826\002\logs min_level=info early_records=0 early_dropped=0
2026-10-10T08:01:50.4816839Z time=2026-10-10T08:01:29.095Z level=INFO msg="pre-migration backup written" component=memory backup=C:\Users\RUNNER~1\AppData\Local\Temp\Test197SubagentSelfApprovalIsRefusedAndTheHostAnswerLands1163898826\002\backup\wisp.db.bak-0-1 from=0 to=1
2026-10-10T08:01:50.4817295Z time=2026-10-10T08:01:29.116Z level=INFO msg="schema migration step applied" component=memory from=0 to=1 started_at=2026-10-10T08:01:29Z duration_ms=20
2026-10-10T08:01:50.4818154Z time=2026-10-10T08:01:29.156Z level=INFO msg="pre-migration backup written" component=memory backup=C:\Users\RUNNER~1\AppData\Local\Temp\Test197SubagentSelfApprovalIsRefusedAndTheHostAnswerLands1163898826\002\backup\wisp.db.bak-1-2 from=1 to=2
2026-10-10T08:01:50.4818685Z time=2026-10-10T08:01:29.170Z level=INFO msg="schema migration step applied" component=memory from=1 to=2 started_at=2026-10-10T08:01:29Z duration_ms=14
2026-10-10T08:01:50.4818997Z time=2026-10-10T08:01:29.212Z level=INFO msg="schema migration complete" component=memory schema_version=2
2026-10-10T08:01:50.4819404Z time=2026-10-10T08:01:29.213Z level=INFO msg="startup WAL checkpoint (TRUNCATE) done" component=memory wal_pages_before=0 pages_moved=0
2026-10-10T08:01:50.4819953Z time=2026-10-10T08:01:29.219Z level=WARN msg="goroutine outside the D38 roster (leak symptom)" goroutine=subagent-finish-a00ca159-46d3-415d-9fb5-85ba4a29dbf4 owner=tools
2026-10-10T08:01:50.4823956Z     subagent_selfapproval_197_test.go:366: child=a00ca159-46d3-415d-9fb5-85ba4a29dbf4 corr1=a00ca159-46d3-415d-9fb5-85ba4a29dbf4-corr-1 corr2=a00ca159-46d3-415d-9fb5-85ba4a29dbf4-corr-2 | 空令牌=approval: 原生令牌无效（缺失/已用/与本次请求不绑定） | 假令牌=approval: 原生令牌无效（缺失/已用/与本次请求不绑定） | 自称来源=approval: 原生令牌无效（缺失/已用/与本次请求不绑定） | 借证=approval: 原生令牌无效（缺失/已用/与本次请求不绑定） | 重放=approval: correlation_id 无对应待审批项 | 面板递证=面板来源的「允许」被服务端 API 直接拒绝（F2 第三层），可改为拒绝或查看完整参数 | 烧后再试=approval: 原生令牌无效（缺失/已用/与本次请求不绑定） | 宿主允许=<nil> | 落盘=true/false
2026-10-10T08:01:50.4824273Z --- PASS: Test197SubagentSelfApprovalIsRefusedAndTheHostAnswerLands (11.20s)
2026-10-10T08:01:50.4824463Z === RUN   Test197NoAllowDoorIsReachableFromASubagentsAssembly
2026-10-10T08:01:50.4824677Z --- PASS: Test197NoAllowDoorIsReachableFromASubagentsAssembly (0.00s)
2026-10-10T08:01:50.4824857Z === RUN   TestSubagentStreamKeyPrefixAgreesAcrossBothPackages
2026-10-10T08:01:50.4825075Z --- PASS: TestSubagentStreamKeyPrefixAgreesAcrossBothPackages (0.00s)
2026-10-10T08:01:50.4825262Z === RUN   TestSubagentStreamKeyBuildersAgreeAcrossBothPackages
2026-10-10T08:01:50.4825478Z --- PASS: TestSubagentStreamKeyBuildersAgreeAcrossBothPackages (0.00s)
2026-10-10T08:01:50.4825646Z === RUN   TestCompositionRootClosesTheLoopTasksTaintScope
2026-10-10T08:01:50.4826223Z time=2026-10-10T08:01:40.240Z level=WARN msg="goroutine outside the D38 roster (leak symptom)" goroutine=mockllm-stdout-reader owner=test
2026-10-10T08:01:50.4827238Z time=2026-10-10T08:01:40.255Z level=INFO msg="wisp: persistent log sink installed" dir=C:\Users\RUNNER~1\AppData\Local\Temp\TestCompositionRootClosesTheLoopTasksTaintScope3658743404\002\logs min_level=info early_records=0 early_dropped=0
2026-10-10T08:01:50.4827583Z 2026/10/10 08:01:40 mockllm: serving on http://127.0.0.1:51493 (golden dir D:\a\wisp\wisp\internal\llm\testdata\golden)
2026-10-10T08:01:50.4828408Z time=2026-10-10T08:01:40.318Z level=INFO msg="pre-migration backup written" component=memory backup=C:\Users\RUNNER~1\AppData\Local\Temp\TestCompositionRootClosesTheLoopTasksTaintScope3658743404\002\backup\wisp.db.bak-0-1 from=0 to=1
2026-10-10T08:01:50.4828869Z time=2026-10-10T08:01:40.338Z level=INFO msg="schema migration step applied" component=memory from=0 to=1 started_at=2026-10-10T08:01:40Z duration_ms=19
2026-10-10T08:01:50.4829850Z time=2026-10-10T08:01:40.390Z level=INFO msg="pre-migration backup written" component=memory backup=C:\Users\RUNNER~1\AppData\Local\Temp\TestCompositionRootClosesTheLoopTasksTaintScope3658743404\002\backup\wisp.db.bak-1-2 from=1 to=2
2026-10-10T08:01:50.4830382Z time=2026-10-10T08:01:40.410Z level=INFO msg="schema migration step applied" component=memory from=1 to=2 started_at=2026-10-10T08:01:40Z duration_ms=20
2026-10-10T08:01:50.4830691Z time=2026-10-10T08:01:40.449Z level=INFO msg="schema migration complete" component=memory schema_version=2
2026-10-10T08:01:50.4831313Z time=2026-10-10T08:01:40.451Z level=INFO msg="startup WAL checkpoint (TRUNCATE) done" component=memory wal_pages_before=0 pages_moved=0
2026-10-10T08:01:50.4831527Z --- PASS: TestCompositionRootClosesTheLoopTasksTaintScope (1.23s)
2026-10-10T08:01:50.4831687Z === RUN   TestAdmitTaskRevokeRemovesTheCrossTaskTaintHit
2026-10-10T08:01:50.4832107Z time=2026-10-10T08:01:41.458Z level=WARN msg="goroutine outside the D38 roster (leak symptom)" goroutine=mockllm-stdout-reader owner=test
2026-10-10T08:01:50.4832923Z time=2026-10-10T08:01:41.473Z level=INFO msg="wisp: persistent log sink installed" dir=C:\Users\RUNNER~1\AppData\Local\Temp\TestAdmitTaskRevokeRemovesTheCrossTaskTaintHit2574339226\002\logs min_level=info early_records=0 early_dropped=0
2026-10-10T08:01:50.4833253Z 2026/10/10 08:01:41 mockllm: serving on http://127.0.0.1:51495 (golden dir D:\a\wisp\wisp\internal\llm\testdata\golden)
2026-10-10T08:01:50.4834250Z time=2026-10-10T08:01:41.535Z level=INFO msg="pre-migration backup written" component=memory backup=C:\Users\RUNNER~1\AppData\Local\Temp\TestAdmitTaskRevokeRemovesTheCrossTaskTaintHit2574339226\002\backup\wisp.db.bak-0-1 from=0 to=1
2026-10-10T08:01:50.4834701Z time=2026-10-10T08:01:41.568Z level=INFO msg="schema migration step applied" component=memory from=0 to=1 started_at=2026-10-10T08:01:41Z duration_ms=32
2026-10-10T08:01:50.4835497Z time=2026-10-10T08:01:41.610Z level=INFO msg="pre-migration backup written" component=memory backup=C:\Users\RUNNER~1\AppData\Local\Temp\TestAdmitTaskRevokeRemovesTheCrossTaskTaintHit2574339226\002\backup\wisp.db.bak-1-2 from=1 to=2
2026-10-10T08:01:50.4835945Z time=2026-10-10T08:01:41.640Z level=INFO msg="schema migration step applied" component=memory from=1 to=2 started_at=2026-10-10T08:01:41Z duration_ms=28
2026-10-10T08:01:50.4836245Z time=2026-10-10T08:01:41.686Z level=INFO msg="schema migration complete" component=memory schema_version=2
2026-10-10T08:01:50.4836639Z time=2026-10-10T08:01:41.688Z level=INFO msg="startup WAL checkpoint (TRUNCATE) done" component=memory wal_pages_before=0 pages_moved=0
2026-10-10T08:01:50.4836839Z --- PASS: TestAdmitTaskRevokeRemovesTheCrossTaskTaintHit (1.26s)
2026-10-10T08:01:50.4837032Z === RUN   TestTicket224SessionVerbPutsARowOnDiskInTheAssembledRun
2026-10-10T08:01:50.4837437Z time=2026-10-10T08:01:42.778Z level=WARN msg="goroutine outside the D38 roster (leak symptom)" goroutine=mockllm-stdout-reader owner=test
2026-10-10T08:01:50.4838280Z time=2026-10-10T08:01:42.794Z level=INFO msg="wisp: persistent log sink installed" dir=C:\Users\RUNNER~1\AppData\Local\Temp\TestTicket224SessionVerbPutsARowOnDiskInTheAssembledRun507876891\002\logs min_level=info early_records=0 early_dropped=0
2026-10-10T08:01:50.4838614Z 2026/10/10 08:01:42 mockllm: serving on http://127.0.0.1:51502 (golden dir D:\a\wisp\wisp\internal\llm\testdata\golden)
2026-10-10T08:01:50.4839451Z time=2026-10-10T08:01:42.832Z level=INFO msg="pre-migration backup written" component=memory backup=C:\Users\RUNNER~1\AppData\Local\Temp\TestTicket224SessionVerbPutsARowOnDiskInTheAssembledRun507876891\002\backup\wisp.db.bak-0-1 from=0 to=1
2026-10-10T08:01:50.4839905Z time=2026-10-10T08:01:42.870Z level=INFO msg="schema migration step applied" component=memory from=0 to=1 started_at=2026-10-10T08:01:42Z duration_ms=38
2026-10-10T08:01:50.4840729Z time=2026-10-10T08:01:42.919Z level=INFO msg="pre-migration backup written" component=memory backup=C:\Users\RUNNER~1\AppData\Local\Temp\TestTicket224SessionVerbPutsARowOnDiskInTheAssembledRun507876891\002\backup\wisp.db.bak-1-2 from=1 to=2
2026-10-10T08:01:50.4841371Z time=2026-10-10T08:01:42.986Z level=INFO msg="schema migration step applied" component=memory from=1 to=2 started_at=2026-10-10T08:01:42Z duration_ms=66
2026-10-10T08:01:50.4841970Z time=2026-10-10T08:01:43.030Z level=INFO msg="schema migration complete" component=memory schema_version=2
2026-10-10T08:01:50.4842385Z time=2026-10-10T08:01:43.032Z level=INFO msg="startup WAL checkpoint (TRUNCATE) done" component=memory wal_pages_before=0 pages_moved=0
2026-10-10T08:01:50.4842777Z time=2026-10-10T08:01:43.180Z level=INFO msg="startup WAL checkpoint (TRUNCATE) done" component=memory wal_pages_before=0 pages_moved=0
2026-10-10T08:01:50.4843172Z time=2026-10-10T08:01:43.190Z level=INFO msg="startup WAL checkpoint (TRUNCATE) done" component=memory wal_pages_before=0 pages_moved=0
2026-10-10T08:01:50.4843410Z --- PASS: TestTicket224SessionVerbPutsARowOnDiskInTheAssembledRun (1.43s)
2026-10-10T08:01:50.4843608Z === RUN   TestTicket224LiveGrantStopsTheAssembledBridgeFromAsking
2026-10-10T08:01:50.4844018Z time=2026-10-10T08:01:44.186Z level=WARN msg="goroutine outside the D38 roster (leak symptom)" goroutine=mockllm-stdout-reader owner=test
2026-10-10T08:01:50.4844864Z time=2026-10-10T08:01:44.201Z level=INFO msg="wisp: persistent log sink installed" dir=C:\Users\RUNNER~1\AppData\Local\Temp\TestTicket224LiveGrantStopsTheAssembledBridgeFromAsking2485105524\002\logs min_level=info early_records=0 early_dropped=0
2026-10-10T08:01:50.4845203Z 2026/10/10 08:01:44 mockllm: serving on http://127.0.0.1:51504 (golden dir D:\a\wisp\wisp\internal\llm\testdata\golden)
2026-10-10T08:01:50.4846056Z time=2026-10-10T08:01:44.265Z level=INFO msg="pre-migration backup written" component=memory backup=C:\Users\RUNNER~1\AppData\Local\Temp\TestTicket224LiveGrantStopsTheAssembledBridgeFromAsking2485105524\002\backup\wisp.db.bak-0-1 from=0 to=1
2026-10-10T08:01:50.4846510Z time=2026-10-10T08:01:44.315Z level=INFO msg="schema migration step applied" component=memory from=0 to=1 started_at=2026-10-10T08:01:44Z duration_ms=50
2026-10-10T08:01:50.4847347Z time=2026-10-10T08:01:44.371Z level=INFO msg="pre-migration backup written" component=memory backup=C:\Users\RUNNER~1\AppData\Local\Temp\TestTicket224LiveGrantStopsTheAssembledBridgeFromAsking2485105524\002\backup\wisp.db.bak-1-2 from=1 to=2
2026-10-10T08:01:50.4847794Z time=2026-10-10T08:01:44.397Z level=INFO msg="schema migration step applied" component=memory from=1 to=2 started_at=2026-10-10T08:01:44Z duration_ms=25
2026-10-10T08:01:50.4848092Z time=2026-10-10T08:01:44.430Z level=INFO msg="schema migration complete" component=memory schema_version=2
2026-10-10T08:01:50.4848494Z time=2026-10-10T08:01:44.432Z level=INFO msg="startup WAL checkpoint (TRUNCATE) done" component=memory wal_pages_before=0 pages_moved=0
2026-10-10T08:01:50.4848881Z time=2026-10-10T08:01:46.561Z level=INFO msg="startup WAL checkpoint (TRUNCATE) done" component=memory wal_pages_before=0 pages_moved=0
2026-10-10T08:01:50.4849118Z --- PASS: TestTicket224LiveGrantStopsTheAssembledBridgeFromAsking (3.37s)
2026-10-10T08:01:50.4849304Z === RUN   TestTicket224ProductionSessionDoesNotSurviveRestart
2026-10-10T08:01:50.4849711Z time=2026-10-10T08:01:47.529Z level=WARN msg="goroutine outside the D38 roster (leak symptom)" goroutine=mockllm-stdout-reader owner=test
2026-10-10T08:01:50.4850527Z time=2026-10-10T08:01:47.544Z level=INFO msg="wisp: persistent log sink installed" dir=C:\Users\RUNNER~1\AppData\Local\Temp\TestTicket224ProductionSessionDoesNotSurviveRestart1782715894\002\logs min_level=info early_records=0 early_dropped=0
2026-10-10T08:01:50.4850854Z 2026/10/10 08:01:47 mockllm: serving on http://127.0.0.1:51506 (golden dir D:\a\wisp\wisp\internal\llm\testdata\golden)
2026-10-10T08:01:50.4851850Z time=2026-10-10T08:01:47.597Z level=INFO msg="pre-migration backup written" component=memory backup=C:\Users\RUNNER~1\AppData\Local\Temp\TestTicket224ProductionSessionDoesNotSurviveRestart1782715894\002\backup\wisp.db.bak-0-1 from=0 to=1
2026-10-10T08:01:50.4852408Z time=2026-10-10T08:01:47.615Z level=INFO msg="schema migration step applied" component=memory from=0 to=1 started_at=2026-10-10T08:01:47Z duration_ms=18
2026-10-10T08:01:50.4853298Z time=2026-10-10T08:01:47.672Z level=INFO msg="pre-migration backup written" component=memory backup=C:\Users\RUNNER~1\AppData\Local\Temp\TestTicket224ProductionSessionDoesNotSurviveRestart1782715894\002\backup\wisp.db.bak-1-2 from=1 to=2
2026-10-10T08:01:50.4853938Z time=2026-10-10T08:01:47.719Z level=INFO msg="schema migration step applied" component=memory from=1 to=2 started_at=2026-10-10T08:01:47Z duration_ms=46
2026-10-10T08:01:50.4854242Z time=2026-10-10T08:01:47.755Z level=INFO msg="schema migration complete" component=memory schema_version=2
2026-10-10T08:01:50.4854649Z time=2026-10-10T08:01:47.757Z level=INFO msg="startup WAL checkpoint (TRUNCATE) done" component=memory wal_pages_before=0 pages_moved=0
2026-10-10T08:01:50.4855481Z time=2026-10-10T08:01:47.807Z level=INFO msg="wisp: persistent log sink installed" dir=C:\Users\RUNNER~1\AppData\Local\Temp\TestTicket224ProductionSessionDoesNotSurviveRestart1782715894\002\logs min_level=info early_records=0 early_dropped=0
2026-10-10T08:01:50.4855877Z time=2026-10-10T08:01:47.819Z level=INFO msg="startup WAL checkpoint (TRUNCATE) done" component=memory wal_pages_before=0 pages_moved=0
2026-10-10T08:01:50.4856264Z time=2026-10-10T08:01:49.944Z level=INFO msg="startup WAL checkpoint (TRUNCATE) done" component=memory wal_pages_before=0 pages_moved=0
2026-10-10T08:01:50.4856483Z --- PASS: TestTicket224ProductionSessionDoesNotSurviveRestart (3.38s)
2026-10-10T08:01:50.4856546Z FAIL
2026-10-10T08:01:50.4856687Z FAIL	github.com/CarlosShao/wisp/cmd/wisp	472.407s
2026-10-10T08:01:50.4856753Z FAIL
2026-10-10T08:01:50.4940892Z runtests.sh: go test exited 1 - packages=[./cmd/wisp/ -count=1 -skip ^(TestDefaultDeadlineWallClockMeasurement|TestSubprocessCrashWriter|TestHelperProcess|TestLiveWasapiSmoke|TestRealDownloadVadThroughPipeline|TestRealDownloadPuncArchiveThroughPipeline|TestSyncRegistryProbeLive)$] top-level: PASS=278 FAIL=8 SKIP=2, === RUN=398, '[no tests to run]'=0
2026-10-10T08:01:50.6135927Z portable-tests.sh: unaccounted SKIP lines, each with the file:line and reason it printed:
2026-10-10T08:01:50.6136504Z portable-tests.sh: four numbers (all from -v output): === RUN=398  --- PASS=278  --- FAIL=8  --- SKIP=2
2026-10-10T08:01:50.6341077Z     panel_host_windows_test.go:985: no cold/hot sample recorded in this process: the lifecycle test did not run in this binary (use -run 'TestPanelHostRealWindowHopAndLifecycle|TestPanelHostLatencyPercentilesAC2'). Named skip - an empty aggregate is not a green latency gate
2026-10-10T08:01:50.6341504Z --- SKIP: TestPanelHostLatencyPercentilesAC2 (0.00s)
2026-10-10T08:01:50.6341626Z --
2026-10-10T08:01:50.6342338Z     resident_audio_247_live_windows_test.go:130: AC#2 needs a real microphone: run with WISP_LIVE_MIC=1 after both tasklist rulers read 0
2026-10-10T08:01:50.6342629Z --- SKIP: TestAC247LiveMicrophoneLevelsReachTheBallSeam (0.00s)
2026-10-10T08:01:50.7124940Z portable-tests.sh:   FAIL (own line) github.com/CarlosShao/wisp/cmd/wisp
2026-10-10T08:01:50.7316608Z portable-tests.sh: strict runner exited 1 for scope=[./cmd/wisp/]
2026-10-10T08:01:50.7391374Z ##[error]Process completed with exit code 1.
2026-10-10T08:01:50.7593775Z ##[group]Run go vet -tags winlive ./cmd/wisp/ ./internal/ball/
2026-10-10T08:01:50.7594019Z [36;1mgo vet -tags winlive ./cmd/wisp/ ./internal/ball/[0m
2026-10-10T08:01:50.7610171Z shell: C:\Program Files\Git\bin\bash.EXE --noprofile --norc -e -o pipefail {0}
2026-10-10T08:01:50.7610241Z env:
2026-10-10T08:01:50.7610325Z   WISP_ENV: test
2026-10-10T08:01:50.7610405Z ##[endgroup]
2026-10-10T08:02:00.3722431Z ##[group]Run bash scripts/portable-tests.sh --scope=census
2026-10-10T08:02:00.3722929Z [36;1mbash scripts/portable-tests.sh --scope=census[0m
2026-10-10T08:02:00.3739023Z shell: C:\Program Files\Git\bin\bash.EXE --noprofile --norc -e -o pipefail {0}
2026-10-10T08:02:00.3739411Z env:
2026-10-10T08:02:00.3739768Z   WISP_ENV: test
2026-10-10T08:02:00.3739952Z ##[endgroup]
2026-10-10T08:02:02.2684471Z portable-tests.sh: census GOOS=windows - go list ./... = 35 packages (one row each)
2026-10-10T08:02:02.2685746Z portable-tests.sh: PACKAGE                                        TESTS(t/x)  CLAIMED BY
2026-10-10T08:02:02.6934999Z portable-tests.sh: github.com/CarlosShao/wisp/cmd/balldebug       0/0          NO-SCOPE <-NO-TESTS
2026-10-10T08:02:03.1292307Z portable-tests.sh: github.com/CarlosShao/wisp/cmd/llmrecord       1/0         corewindows
2026-10-10T08:02:03.5830986Z portable-tests.sh: github.com/CarlosShao/wisp/cmd/wisp            71/0        cli
2026-10-10T08:02:03.8172204Z portable-tests.sh: github.com/CarlosShao/wisp/frontend            0/0          NO-SCOPE <-NO-TESTS
2026-10-10T08:02:04.1035870Z portable-tests.sh: github.com/CarlosShao/wisp/internal/agent      21/0        core
2026-10-10T08:02:04.3716384Z portable-tests.sh: github.com/CarlosShao/wisp/internal/agent/approval 9/11        core
2026-10-10T08:02:04.5928051Z portable-tests.sh: github.com/CarlosShao/wisp/internal/agent/scheduler 0/0          NO-SCOPE <-NO-TESTS
2026-10-10T08:02:04.8441067Z portable-tests.sh: github.com/CarlosShao/wisp/internal/audio      8/0         corewindows
2026-10-10T08:02:05.1114943Z portable-tests.sh: github.com/CarlosShao/wisp/internal/ball       11/0        corewindows
2026-10-10T08:02:05.3313251Z portable-tests.sh: github.com/CarlosShao/wisp/internal/buildinfo  1/0         core
2026-10-10T08:02:05.5847955Z portable-tests.sh: github.com/CarlosShao/wisp/internal/config     16/1        corewindows
2026-10-10T08:02:05.8530166Z portable-tests.sh: github.com/CarlosShao/wisp/internal/llm        2/8         core
2026-10-10T08:02:06.1202280Z portable-tests.sh: github.com/CarlosShao/wisp/internal/llm/adaptertest 1/0         core
2026-10-10T08:02:06.3879767Z portable-tests.sh: github.com/CarlosShao/wisp/internal/llm/anthropic 3/0         core
2026-10-10T08:02:06.6409564Z portable-tests.sh: github.com/CarlosShao/wisp/internal/llm/golden 1/0         core
2026-10-10T08:02:06.9216949Z portable-tests.sh: github.com/CarlosShao/wisp/internal/llm/openaichat 4/0         core
2026-10-10T08:02:07.1896385Z portable-tests.sh: github.com/CarlosShao/wisp/internal/llm/openairesponses 2/0         core
2026-10-10T08:02:07.4400249Z portable-tests.sh: github.com/CarlosShao/wisp/internal/memory     11/0        core
2026-10-10T08:02:07.7062403Z portable-tests.sh: github.com/CarlosShao/wisp/internal/models     16/0        core
2026-10-10T08:02:07.9584510Z portable-tests.sh: github.com/CarlosShao/wisp/internal/observe    15/0        core
2026-10-10T08:02:08.2077410Z portable-tests.sh: github.com/CarlosShao/wisp/internal/panel      22/0        core
2026-10-10T08:02:08.4574293Z portable-tests.sh: github.com/CarlosShao/wisp/internal/perm       3/0         corewindows
2026-10-10T08:02:08.7086538Z portable-tests.sh: github.com/CarlosShao/wisp/internal/plugin     1/0         corewindows
2026-10-10T08:02:08.9588246Z portable-tests.sh: github.com/CarlosShao/wisp/internal/proc       11/0        corewindows
2026-10-10T08:02:09.2083252Z portable-tests.sh: github.com/CarlosShao/wisp/internal/projctx    0/1         corewindows
2026-10-10T08:02:09.4641037Z portable-tests.sh: github.com/CarlosShao/wisp/internal/risk       20/0        corewindows
2026-10-10T08:02:09.7150209Z portable-tests.sh: github.com/CarlosShao/wisp/internal/secret     4/0         corewindows
2026-10-10T08:02:09.9849871Z portable-tests.sh: github.com/CarlosShao/wisp/internal/session    2/0         corewindows
2026-10-10T08:02:10.2037353Z portable-tests.sh: github.com/CarlosShao/wisp/internal/speech     0/0          NO-SCOPE <-NO-TESTS
2026-10-10T08:02:10.4400763Z portable-tests.sh: github.com/CarlosShao/wisp/internal/statemachine 2/0         core
2026-10-10T08:02:10.6758850Z portable-tests.sh: github.com/CarlosShao/wisp/internal/streamkey  0/0          NO-SCOPE <-NO-TESTS
2026-10-10T08:02:10.9575250Z portable-tests.sh: github.com/CarlosShao/wisp/internal/tools      50/3        core
2026-10-10T08:02:11.1764892Z portable-tests.sh: github.com/CarlosShao/wisp/internal/watchdog   0/0          NO-SCOPE <-NO-TESTS
2026-10-10T08:02:11.4155415Z portable-tests.sh: github.com/CarlosShao/wisp/internal/winsec     12/8        corewinsec
2026-10-10T08:02:11.8539476Z portable-tests.sh: github.com/CarlosShao/wisp/tools/signmodels    0/0          NO-SCOPE <-NO-TESTS
2026-10-10T08:02:11.8542328Z portable-tests.sh: census totals: packages=35 with-zero-compiled-tests=7 claimed-by-no-scope=7 unclaimed-with-tests=0
2026-10-10T08:02:11.8749106Z ##[group]Run bash scripts/portable-tests.sh --scope=windows
2026-10-10T08:02:11.8749623Z [36;1mbash scripts/portable-tests.sh --scope=windows[0m
2026-10-10T08:02:11.8766279Z shell: C:\Program Files\Git\bin\bash.EXE --noprofile --norc -e -o pipefail {0}
2026-10-10T08:02:11.8766718Z env:
2026-10-10T08:02:11.8766905Z   WISP_ENV: test
2026-10-10T08:02:11.8767094Z ##[endgroup]
2026-10-10T08:02:25.5236177Z portable-tests.sh: platform=windows scope=[./internal/proc/ ./internal/secret/ ./internal/config/ ./internal/risk/ ./internal/ball/ ./internal/perm/ ./internal/plugin/ ./cmd/llmrecord/ ./internal/session/ ./internal/projctx/ ./internal/audio/]
2026-10-10T08:02:25.5238164Z portable-tests.sh: 11 ledger entries, 7 accounted on this platform:
2026-10-10T08:02:25.5249326Z portable-tests.sh:   TestDefaultDeadlineWallClockMeasurement              [opt-in] 300s wall-clock measurement gated by WISP_84_MEASURE=1 (ticket84_no_owner_test.go:224, docs/evidence/s1/84-ac1-bounded-wait.md); it measures a deadline instead of asserting a property, so a CI run of it produces a duration nobody checks
2026-10-10T08:02:25.5255519Z portable-tests.sh:   TestSubprocessCrashWriter                            [reexec] child-process entry point of TestCrashRecoveryKillMidWrite (concurrent_test.go:186); not a test of its own, it skips whenever it is not the re-exec'd child
2026-10-10T08:02:25.5262187Z portable-tests.sh:   TestHelperProcess                                    [reexec] child-process entry point of the job-object cases (jobscope_windows_test.go:87, //go:build windows); skips unless re-exec'd with the helper env var set
2026-10-10T08:02:25.5271666Z portable-tests.sh:   TestLiveWasapiSmoke                                  [fixture] live WASAPI capture needs WISP_LIVE_MIC=1 and a physical microphone (hotplug_test.go:527, //go:build windows); a hosted runner has no audio endpoint, so the case has no subject there. Real-hardware smoke is ticket 16's
2026-10-10T08:02:25.5278504Z portable-tests.sh:   TestRealDownloadVadThroughPipeline                   [opt-in] real-network spot check gated by WISP_IT_REAL_MIRROR=1 (manifest_real_test.go:120); CI has no business pulling model archives from a third-party mirror
2026-10-10T08:02:25.5284526Z portable-tests.sh:   TestRealDownloadPuncArchiveThroughPipeline           [opt-in] real-network spot check gated by WISP_IT_REAL_MIRROR=1 (manifest_real_test.go:147); same reason as the VAD row
2026-10-10T08:02:25.5311565Z portable-tests.sh:   TestSyncRegistryProbeLive                            [fixture] P12 live registry evidence; on ubuntu it is now out of scope by platform instead of by skip (ticket 93 AC#2 moved it verbatim into syncdirs_windows_test.go), and on a Windows host whose HKCU Accounts key carries no UserFolder the hive has nothing to say. Measured on a windows host at HEAD 84e43af: --- SKIP at syncdirs_windows_test.go:133. As of ticket 110 AC#4 the windows leg carries ./internal/risk/ in its scope, so this row is re-verified against the compiled WINDOWS test binary (go test -list) and printed with its reason in that step's log - which is the step-level answer R-93-4 asked for. Remedy for a real run: a host with a sync record, or fold the shape check into the fixture-driven case. next= on ticket 93
2026-10-10T08:02:25.5580328Z portable-tests.sh: -skip pattern built from the ledger: ^(TestDefaultDeadlineWallClockMeasurement|TestSubprocessCrashWriter|TestHelperProcess|TestLiveWasapiSmoke|TestRealDownloadVadThroughPipeline|TestRealDownloadPuncArchiveThroughPipeline|TestSyncRegistryProbeLive)$
2026-10-10T08:02:49.2257601Z === RUN   TestBootTestEnvBootsAllPackages
2026-10-10T08:02:49.2258633Z time=2026-10-10T08:02:26.566Z level=INFO msg="shutdown step skipped (module not present)" step=1 name=scheduler-close
2026-10-10T08:02:49.2260007Z time=2026-10-10T08:02:26.613Z level=INFO msg="shutdown step skipped (module not present)" step=2 name=stop-hotkey-kws
2026-10-10T08:02:49.2264919Z time=2026-10-10T08:02:26.613Z level=INFO msg="shutdown step skipped (module not present)" step=3 name=cancel-task-roots
2026-10-10T08:02:49.2266351Z time=2026-10-10T08:02:26.613Z level=INFO msg="shutdown step skipped (module not present)" step=4 name=stop-audio
2026-10-10T08:02:49.2269196Z time=2026-10-10T08:02:26.613Z level=INFO msg="shutdown step skipped (module not present)" step=5 name=release-speech-sessions
2026-10-10T08:02:49.2270676Z time=2026-10-10T08:02:26.613Z level=INFO msg="shutdown step skipped (module not present)" step=6 name=destroy-panel-webview
2026-10-10T08:02:49.2272079Z time=2026-10-10T08:02:26.613Z level=INFO msg="shutdown step skipped (module not present)" step=7 name=flush-logs-close-db
2026-10-10T08:02:49.2273084Z --- PASS: TestBootTestEnvBootsAllPackages (0.05s)
2026-10-10T08:02:49.2273667Z === RUN   TestBootSingleInstanceConflict
2026-10-10T08:02:49.2274701Z time=2026-10-10T08:02:26.617Z level=INFO msg="shutdown step skipped (module not present)" step=1 name=scheduler-close
2026-10-10T08:02:49.2275994Z time=2026-10-10T08:02:26.617Z level=INFO msg="shutdown step skipped (module not present)" step=2 name=stop-hotkey-kws
2026-10-10T08:02:49.2277328Z time=2026-10-10T08:02:26.617Z level=INFO msg="shutdown step skipped (module not present)" step=3 name=cancel-task-roots
2026-10-10T08:02:49.2278617Z time=2026-10-10T08:02:26.617Z level=INFO msg="shutdown step skipped (module not present)" step=4 name=stop-audio
2026-10-10T08:02:49.2279939Z time=2026-10-10T08:02:26.617Z level=INFO msg="shutdown step skipped (module not present)" step=5 name=release-speech-sessions
2026-10-10T08:02:49.2281367Z time=2026-10-10T08:02:26.617Z level=INFO msg="shutdown step skipped (module not present)" step=6 name=destroy-panel-webview
2026-10-10T08:02:49.2282724Z time=2026-10-10T08:02:26.617Z level=INFO msg="shutdown step skipped (module not present)" step=7 name=flush-logs-close-db
2026-10-10T08:02:49.2284099Z --- PASS: TestBootSingleInstanceConflict (0.02s)
2026-10-10T08:02:49.2284636Z === RUN   TestCrossVetForLinux
2026-10-10T08:02:49.2285093Z --- PASS: TestCrossVetForLinux (13.28s)
2026-10-10T08:02:49.2285560Z === RUN   TestMutexNamesPerEnv
2026-10-10T08:02:49.2286421Z time=2026-10-10T08:02:39.923Z level=INFO msg="shutdown step skipped (module not present)" step=1 name=scheduler-close
2026-10-10T08:02:49.2287726Z time=2026-10-10T08:02:39.923Z level=INFO msg="shutdown step skipped (module not present)" step=2 name=stop-hotkey-kws
2026-10-10T08:02:49.2289027Z time=2026-10-10T08:02:39.923Z level=INFO msg="shutdown step skipped (module not present)" step=3 name=cancel-task-roots
2026-10-10T08:02:49.2290336Z time=2026-10-10T08:02:39.923Z level=INFO msg="shutdown step skipped (module not present)" step=4 name=stop-audio
2026-10-10T08:02:49.2291689Z time=2026-10-10T08:02:39.923Z level=INFO msg="shutdown step skipped (module not present)" step=5 name=release-speech-sessions
2026-10-10T08:02:49.2294032Z time=2026-10-10T08:02:39.923Z level=INFO msg="shutdown step skipped (module not present)" step=6 name=destroy-panel-webview
2026-10-10T08:02:49.2295370Z time=2026-10-10T08:02:39.923Z level=INFO msg="shutdown step skipped (module not present)" step=7 name=flush-logs-close-db
2026-10-10T08:02:49.2296704Z time=2026-10-10T08:02:39.937Z level=INFO msg="shutdown step skipped (module not present)" step=1 name=scheduler-close
2026-10-10T08:02:49.2297995Z time=2026-10-10T08:02:39.937Z level=INFO msg="shutdown step skipped (module not present)" step=2 name=stop-hotkey-kws
2026-10-10T08:02:49.2299435Z time=2026-10-10T08:02:39.937Z level=INFO msg="shutdown step skipped (module not present)" step=3 name=cancel-task-roots
2026-10-10T08:02:49.2301932Z time=2026-10-10T08:02:39.937Z level=INFO msg="shutdown step skipped (module not present)" step=4 name=stop-audio
2026-10-10T08:02:49.2305078Z time=2026-10-10T08:02:39.937Z level=INFO msg="shutdown step skipped (module not present)" step=5 name=release-speech-sessions
2026-10-10T08:02:49.2309626Z time=2026-10-10T08:02:39.937Z level=INFO msg="shutdown step skipped (module not present)" step=6 name=destroy-panel-webview
2026-10-10T08:02:49.2315022Z time=2026-10-10T08:02:39.937Z level=INFO msg="shutdown step skipped (module not present)" step=7 name=flush-logs-close-db
2026-10-10T08:02:49.2316531Z time=2026-10-10T08:02:39.937Z level=INFO msg="shutdown step skipped (module not present)" step=1 name=scheduler-close
2026-10-10T08:02:49.2317873Z time=2026-10-10T08:02:39.937Z level=INFO msg="shutdown step skipped (module not present)" step=2 name=stop-hotkey-kws
2026-10-10T08:02:49.2319254Z time=2026-10-10T08:02:39.937Z level=INFO msg="shutdown step skipped (module not present)" step=3 name=cancel-task-roots
2026-10-10T08:02:49.2320594Z time=2026-10-10T08:02:39.937Z level=INFO msg="shutdown step skipped (module not present)" step=4 name=stop-audio
2026-10-10T08:02:49.2322300Z time=2026-10-10T08:02:39.937Z level=INFO msg="shutdown step skipped (module not present)" step=5 name=release-speech-sessions
2026-10-10T08:02:49.2323854Z time=2026-10-10T08:02:39.937Z level=INFO msg="shutdown step skipped (module not present)" step=6 name=destroy-panel-webview
2026-10-10T08:02:49.2325428Z time=2026-10-10T08:02:39.937Z level=INFO msg="shutdown step skipped (module not present)" step=7 name=flush-logs-close-db
2026-10-10T08:02:49.2326806Z time=2026-10-10T08:02:39.938Z level=INFO msg="shutdown step skipped (module not present)" step=1 name=scheduler-close
2026-10-10T08:02:49.2328218Z time=2026-10-10T08:02:39.938Z level=INFO msg="shutdown step skipped (module not present)" step=2 name=stop-hotkey-kws
2026-10-10T08:02:49.2329652Z time=2026-10-10T08:02:39.938Z level=INFO msg="shutdown step skipped (module not present)" step=3 name=cancel-task-roots
2026-10-10T08:02:49.2331017Z time=2026-10-10T08:02:39.938Z level=INFO msg="shutdown step skipped (module not present)" step=4 name=stop-audio
2026-10-10T08:02:49.2332160Z time=2026-10-10T08:02:39.938Z level=INFO msg="shutdown step skipped (module not present)" step=5 name=release-speech-sessions
2026-10-10T08:02:49.2332981Z time=2026-10-10T08:02:39.938Z level=INFO msg="shutdown step skipped (module not present)" step=6 name=destroy-panel-webview
2026-10-10T08:02:49.2333772Z time=2026-10-10T08:02:39.938Z level=INFO msg="shutdown step skipped (module not present)" step=7 name=flush-logs-close-db
2026-10-10T08:02:49.2334314Z --- PASS: TestMutexNamesPerEnv (0.02s)
2026-10-10T08:02:49.2334604Z === RUN   TestLayoutForProdDev
2026-10-10T08:02:49.2334877Z --- PASS: TestLayoutForProdDev (0.00s)
2026-10-10T08:02:49.2335147Z === RUN   TestLayoutForTestEnv
2026-10-10T08:02:49.2335450Z === RUN   TestLayoutForTestEnv/explicit_WISP_TEST_DATA_DIR
2026-10-10T08:02:49.2335833Z === RUN   TestLayoutForTestEnv/falls_back_to_TEMP_per_pid
2026-10-10T08:02:49.2336923Z     envfork_test.go:139: test DataDir = "C:\\Users\\runneradmin\\AppData\\Local\\Temp\\wisp-test-1684" (TMPDIR = "C:\\Users\\RUNNER~1\\AppData\\Local\\Temp", which reaches "C:\\Users\\runneradmin\\AppData\\Local\\Temp")
2026-10-10T08:02:49.2337785Z --- PASS: TestLayoutForTestEnv (0.00s)
2026-10-10T08:02:49.2338210Z     --- PASS: TestLayoutForTestEnv/explicit_WISP_TEST_DATA_DIR (0.00s)
2026-10-10T08:02:49.2338721Z     --- PASS: TestLayoutForTestEnv/falls_back_to_TEMP_per_pid (0.00s)
2026-10-10T08:02:49.2339085Z === RUN   TestLayoutForkMatrix
2026-10-10T08:02:49.2339342Z --- PASS: TestLayoutForkMatrix (0.00s)
2026-10-10T08:02:49.2339756Z === RUN   TestPortableOverride
2026-10-10T08:02:49.2340147Z === RUN   TestPortableOverride/no_marker_is_a_no-op
2026-10-10T08:02:49.2340566Z === RUN   TestPortableOverride/explicit_test_data_dir_beats_the_marker
2026-10-10T08:02:49.2341365Z --- PASS: TestPortableOverride (0.00s)
2026-10-10T08:02:49.2341759Z     --- PASS: TestPortableOverride/no_marker_is_a_no-op (0.00s)
2026-10-10T08:02:49.2342294Z     --- PASS: TestPortableOverride/explicit_test_data_dir_beats_the_marker (0.00s)
2026-10-10T08:02:49.2342701Z === RUN   TestSummaryBadge
2026-10-10T08:02:49.2342946Z --- PASS: TestSummaryBadge (0.00s)
2026-10-10T08:02:49.2343215Z === RUN   TestLayoutForUnknownEnv
2026-10-10T08:02:49.2343591Z --- PASS: TestLayoutForUnknownEnv (0.00s)
2026-10-10T08:02:49.2343908Z === RUN   TestDefaultLayoutUnknownEnvFails
2026-10-10T08:02:49.2344239Z --- PASS: TestDefaultLayoutUnknownEnvFails (0.00s)
2026-10-10T08:02:49.2344607Z === RUN   TestExternalSamplerReadsSubjectFromOutside
2026-10-10T08:02:49.2345010Z --- PASS: TestExternalSamplerReadsSubjectFromOutside (0.02s)
2026-10-10T08:02:49.2345412Z === RUN   TestExternalSamplerRefusesToMeasureItself
2026-10-10T08:02:49.2345812Z --- PASS: TestExternalSamplerRefusesToMeasureItself (0.00s)
2026-10-10T08:02:49.2346290Z === RUN   TestExternalSamplerFailClosedOnDeadSubject
2026-10-10T08:02:49.2347045Z --- PASS: TestExternalSamplerFailClosedOnDeadSubject (0.00s)
2026-10-10T08:02:49.2347727Z === RUN   TestExternalSamplerTracksSubjectGrowth
2026-10-10T08:02:49.2348371Z --- PASS: TestExternalSamplerTracksSubjectGrowth (0.27s)
2026-10-10T08:02:49.2349095Z === RUN   TestJobScopeKillsChildOnClose
2026-10-10T08:02:49.2349437Z --- PASS: TestJobScopeKillsChildOnClose (0.01s)
2026-10-10T08:02:49.2349758Z === RUN   TestJobScopeTreeAccounting
2026-10-10T08:02:49.2350057Z --- PASS: TestJobScopeTreeAccounting (0.03s)
2026-10-10T08:02:49.2350365Z === RUN   TestStartInJobRejectsBadCommand
2026-10-10T08:02:49.2350707Z --- PASS: TestStartInJobRejectsBadCommand (0.02s)
2026-10-10T08:02:49.2351103Z === RUN   TestShutdownHookSetRunsEveryRegisteredStepInOrder
2026-10-10T08:02:49.2351568Z --- PASS: TestShutdownHookSetRunsEveryRegisteredStepInOrder (0.00s)
2026-10-10T08:02:49.2352041Z === RUN   TestShutdownHookSetRefusesEveryShapeThatWouldLie
2026-10-10T08:02:49.2352567Z === RUN   TestShutdownHookSetRefusesEveryShapeThatWouldLie/nil_hook_is_not_a_registration
2026-10-10T08:02:49.2353230Z === RUN   TestShutdownHookSetRefusesEveryShapeThatWouldLie/steps_without_a_slot_are_refused
2026-10-10T08:02:49.2353854Z === RUN   TestShutdownHookSetRefusesEveryShapeThatWouldLie/one_slot_has_one_owner
2026-10-10T08:02:49.2354531Z time=2026-10-10T08:02:40.294Z level=INFO msg="shutdown step skipped (module not present)" step=1 name=scheduler-close
2026-10-10T08:02:49.2355292Z time=2026-10-10T08:02:40.294Z level=INFO msg="shutdown step skipped (module not present)" step=2 name=stop-hotkey-kws
2026-10-10T08:02:49.2356017Z time=2026-10-10T08:02:40.294Z level=INFO msg="shutdown step skipped (module not present)" step=4 name=stop-audio
2026-10-10T08:02:49.2356784Z time=2026-10-10T08:02:40.294Z level=INFO msg="shutdown step skipped (module not present)" step=5 name=release-speech-sessions
2026-10-10T08:02:49.2357588Z time=2026-10-10T08:02:40.294Z level=INFO msg="shutdown step skipped (module not present)" step=6 name=destroy-panel-webview
2026-10-10T08:02:49.2358378Z time=2026-10-10T08:02:40.294Z level=INFO msg="shutdown step skipped (module not present)" step=7 name=flush-logs-close-db
2026-10-10T08:02:49.2359896Z time=2026-10-10T08:02:40.294Z level=INFO msg="shutdown step skipped (module not present)" step=9 name=close-job-object
2026-10-10T08:02:49.2360824Z === RUN   TestShutdownHookSetRefusesEveryShapeThatWouldLie/registration_after_the_sequence_started_is_refused
2026-10-10T08:02:49.2361669Z --- PASS: TestShutdownHookSetRefusesEveryShapeThatWouldLie (0.00s)
2026-10-10T08:02:49.2362357Z     --- PASS: TestShutdownHookSetRefusesEveryShapeThatWouldLie/nil_hook_is_not_a_registration (0.00s)
2026-10-10T08:02:49.2363272Z     --- PASS: TestShutdownHookSetRefusesEveryShapeThatWouldLie/steps_without_a_slot_are_refused (0.00s)
2026-10-10T08:02:49.2364662Z     --- PASS: TestShutdownHookSetRefusesEveryShapeThatWouldLie/one_slot_has_one_owner (0.00s)
2026-10-10T08:02:49.2365914Z     --- PASS: TestShutdownHookSetRefusesEveryShapeThatWouldLie/registration_after_the_sequence_started_is_refused (0.00s)
2026-10-10T08:02:49.2366536Z === RUN   TestShutdownHookSetZeroValueIsUsable
2026-10-10T08:02:49.2366904Z --- PASS: TestShutdownHookSetZeroValueIsUsable (0.00s)
2026-10-10T08:02:49.2367295Z === RUN   TestRuntimeCancelStepExecutesWhenRegistered
2026-10-10T08:02:49.2367973Z time=2026-10-10T08:02:40.295Z level=INFO msg="shutdown step skipped (module not present)" step=1 name=scheduler-close
2026-10-10T08:02:49.2368745Z time=2026-10-10T08:02:40.295Z level=INFO msg="shutdown step skipped (module not present)" step=2 name=stop-hotkey-kws
2026-10-10T08:02:49.2369478Z time=2026-10-10T08:02:40.295Z level=INFO msg="shutdown step skipped (module not present)" step=4 name=stop-audio
2026-10-10T08:02:49.2370250Z time=2026-10-10T08:02:40.295Z level=INFO msg="shutdown step skipped (module not present)" step=5 name=release-speech-sessions
2026-10-10T08:02:49.2371060Z time=2026-10-10T08:02:40.295Z level=INFO msg="shutdown step skipped (module not present)" step=6 name=destroy-panel-webview
2026-10-10T08:02:49.2371845Z time=2026-10-10T08:02:40.296Z level=INFO msg="shutdown step skipped (module not present)" step=7 name=flush-logs-close-db
2026-10-10T08:02:49.2372462Z --- PASS: TestRuntimeCancelStepExecutesWhenRegistered (0.00s)
2026-10-10T08:02:49.2372892Z === RUN   TestRuntimeCancelStepIsSkippedWhenUnregistered
2026-10-10T08:02:49.2373480Z time=2026-10-10T08:02:40.297Z level=INFO msg="shutdown step skipped (module not present)" step=1 name=scheduler-close
2026-10-10T08:02:49.2374226Z time=2026-10-10T08:02:40.297Z level=INFO msg="shutdown step skipped (module not present)" step=2 name=stop-hotkey-kws
2026-10-10T08:02:49.2374981Z time=2026-10-10T08:02:40.297Z level=INFO msg="shutdown step skipped (module not present)" step=3 name=cancel-task-roots
2026-10-10T08:02:49.2375714Z time=2026-10-10T08:02:40.297Z level=INFO msg="shutdown step skipped (module not present)" step=4 name=stop-audio
2026-10-10T08:02:49.2376481Z time=2026-10-10T08:02:40.297Z level=INFO msg="shutdown step skipped (module not present)" step=5 name=release-speech-sessions
2026-10-10T08:02:49.2377288Z time=2026-10-10T08:02:40.297Z level=INFO msg="shutdown step skipped (module not present)" step=6 name=destroy-panel-webview
2026-10-10T08:02:49.2378076Z time=2026-10-10T08:02:40.297Z level=INFO msg="shutdown step skipped (module not present)" step=7 name=flush-logs-close-db
2026-10-10T08:02:49.2378704Z --- PASS: TestRuntimeCancelStepIsSkippedWhenUnregistered (0.00s)
2026-10-10T08:02:49.2379139Z === RUN   TestRuntimeRegistrationRefusalsReachTheCaller
2026-10-10T08:02:49.2379712Z time=2026-10-10T08:02:40.298Z level=INFO msg="shutdown step skipped (module not present)" step=1 name=scheduler-close
2026-10-10T08:02:49.2380688Z time=2026-10-10T08:02:40.298Z level=INFO msg="shutdown step skipped (module not present)" step=2 name=stop-hotkey-kws
2026-10-10T08:02:49.2381740Z time=2026-10-10T08:02:40.298Z level=INFO msg="shutdown step skipped (module not present)" step=4 name=stop-audio
2026-10-10T08:02:49.2382539Z time=2026-10-10T08:02:40.298Z level=INFO msg="shutdown step skipped (module not present)" step=5 name=release-speech-sessions
2026-10-10T08:02:49.2383341Z time=2026-10-10T08:02:40.298Z level=INFO msg="shutdown step skipped (module not present)" step=6 name=destroy-panel-webview
2026-10-10T08:02:49.2384143Z time=2026-10-10T08:02:40.298Z level=INFO msg="shutdown step skipped (module not present)" step=7 name=flush-logs-close-db
2026-10-10T08:02:49.2384762Z --- PASS: TestRuntimeRegistrationRefusalsReachTheCaller (0.00s)
2026-10-10T08:02:49.2385150Z === RUN   TestShutdownOrderAudit
2026-10-10T08:02:49.2385420Z --- PASS: TestShutdownOrderAudit (0.00s)
2026-10-10T08:02:49.2385734Z === RUN   TestShutdownFastPathSkipsOnlyStep7
2026-10-10T08:02:49.2386275Z time=2026-10-10T08:02:40.299Z level=WARN msg="fast shutdown: skipping non-critical log/db flushes (D38e fast path)"
2026-10-10T08:02:49.2387642Z --- PASS: TestShutdownFastPathSkipsOnlyStep7 (0.00s)
2026-10-10T08:02:49.2388032Z === RUN   TestShutdownBoundedWaitAbandonsAndContinues
2026-10-10T08:02:49.2388706Z time=2026-10-10T08:02:40.299Z level=INFO msg="shutdown step skipped (module not present)" step=1 name=scheduler-close
2026-10-10T08:02:49.2389659Z time=2026-10-10T08:02:40.300Z level=INFO msg="shutdown step skipped (module not present)" step=2 name=stop-hotkey-kws
2026-10-10T08:02:49.2390990Z time=2026-10-10T08:02:40.380Z level=ERROR msg="shutdown step abandoned wait (deadline exceeded)" step=3 name=cancel-task-roots
2026-10-10T08:02:49.2391823Z time=2026-10-10T08:02:40.380Z level=INFO msg="shutdown step skipped (module not present)" step=4 name=stop-audio
2026-10-10T08:02:49.2392601Z time=2026-10-10T08:02:40.380Z level=INFO msg="shutdown step skipped (module not present)" step=5 name=release-speech-sessions
2026-10-10T08:02:49.2393437Z time=2026-10-10T08:02:40.440Z level=ERROR msg="shutdown step abandoned wait (deadline exceeded)" step=6 name=destroy-panel-webview
2026-10-10T08:02:49.2394284Z time=2026-10-10T08:02:40.440Z level=INFO msg="shutdown step skipped (module not present)" step=7 name=flush-logs-close-db
2026-10-10T08:02:49.2395064Z time=2026-10-10T08:02:40.440Z level=INFO msg="shutdown step skipped (module not present)" step=9 name=close-job-object
2026-10-10T08:02:49.2395682Z --- PASS: TestShutdownBoundedWaitAbandonsAndContinues (0.14s)
2026-10-10T08:02:49.2396090Z === RUN   TestShutdownNilHooksAreRecordedSkipped
2026-10-10T08:02:49.2396655Z time=2026-10-10T08:02:40.440Z level=INFO msg="shutdown step skipped (module not present)" step=1 name=scheduler-close
2026-10-10T08:02:49.2397411Z time=2026-10-10T08:02:40.440Z level=INFO msg="shutdown step skipped (module not present)" step=2 name=stop-hotkey-kws
2026-10-10T08:02:49.2398168Z time=2026-10-10T08:02:40.440Z level=INFO msg="shutdown step skipped (module not present)" step=3 name=cancel-task-roots
2026-10-10T08:02:49.2398929Z time=2026-10-10T08:02:40.440Z level=INFO msg="shutdown step skipped (module not present)" step=4 name=stop-audio
2026-10-10T08:02:49.2399704Z time=2026-10-10T08:02:40.440Z level=INFO msg="shutdown step skipped (module not present)" step=5 name=release-speech-sessions
2026-10-10T08:02:49.2400761Z time=2026-10-10T08:02:40.440Z level=INFO msg="shutdown step skipped (module not present)" step=6 name=destroy-panel-webview
2026-10-10T08:02:49.2401748Z time=2026-10-10T08:02:40.440Z level=INFO msg="shutdown step skipped (module not present)" step=7 name=flush-logs-close-db
2026-10-10T08:02:49.2402526Z time=2026-10-10T08:02:40.440Z level=INFO msg="shutdown step skipped (module not present)" step=9 name=close-job-object
2026-10-10T08:02:49.2403122Z --- PASS: TestShutdownNilHooksAreRecordedSkipped (0.00s)
2026-10-10T08:02:49.2403539Z === RUN   TestSingleInstanceSecondExitsAfterSignallingFirst
2026-10-10T08:02:49.2404011Z --- PASS: TestSingleInstanceSecondExitsAfterSignallingFirst (0.01s)
2026-10-10T08:02:49.2404413Z === RUN   TestAcquireRejectsEmptyNames
2026-10-10T08:02:49.2404810Z --- PASS: TestAcquireRejectsEmptyNames (0.00s)
2026-10-10T08:02:49.2405452Z === RUN   TestParseSystemProcessesKeepsLastSnapshotEntry
2026-10-10T08:02:49.2406302Z --- PASS: TestParseSystemProcessesKeepsLastSnapshotEntry (0.00s)
2026-10-10T08:02:49.2406928Z === RUN   TestWalkSystemProcessesStopsAtTerminator
2026-10-10T08:02:49.2407392Z --- PASS: TestWalkSystemProcessesStopsAtTerminator (0.00s)
2026-10-10T08:02:49.2408119Z === RUN   TestParseSystemProcessesSkipsPIDZero
2026-10-10T08:02:49.2408514Z --- PASS: TestParseSystemProcessesSkipsPIDZero (0.00s)
2026-10-10T08:02:49.2409054Z === RUN   TestParseSystemProcessesRejectsTruncatedEntry
2026-10-10T08:02:49.2409582Z --- PASS: TestParseSystemProcessesRejectsTruncatedEntry (0.00s)
2026-10-10T08:02:49.2410031Z === RUN   TestParseSystemProcessesRejectsNonAdvancingEntry
2026-10-10T08:02:49.2410483Z --- PASS: TestParseSystemProcessesRejectsNonAdvancingEntry (0.00s)
2026-10-10T08:02:49.2410908Z === RUN   TestSystemProcessSnapshotSeesSelf
2026-10-10T08:02:49.2412097Z --- PASS: TestSystemProcessSnapshotSeesSelf (0.00s)
2026-10-10T08:02:49.2412786Z === RUN   TestWalkSystemProcessesEmptyBuffer
2026-10-10T08:02:49.2413149Z --- PASS: TestWalkSystemProcessesEmptyBuffer (0.00s)
2026-10-10T08:02:49.2413447Z PASS
2026-10-10T08:02:49.2413698Z ok  	github.com/CarlosShao/wisp/internal/proc	13.939s
2026-10-10T08:02:49.2414016Z === RUN   TestExistsAndDelete
2026-10-10T08:02:49.2414278Z --- PASS: TestExistsAndDelete (0.02s)
2026-10-10T08:02:49.2414754Z === RUN   TestBlobPathRejectsTraversalOutsideCharset
2026-10-10T08:02:49.2415170Z --- PASS: TestBlobPathRejectsTraversalOutsideCharset (0.00s)
2026-10-10T08:02:49.2415543Z === RUN   TestBlobsListsMetadataOnly
2026-10-10T08:02:49.2415839Z --- PASS: TestBlobsListsMetadataOnly (0.06s)
2026-10-10T08:02:49.2416143Z === RUN   TestBlobsEmptyAndMissingDir
2026-10-10T08:02:49.2416455Z --- PASS: TestBlobsEmptyAndMissingDir (0.01s)
2026-10-10T08:02:49.2416747Z === RUN   TestConfigRefs
2026-10-10T08:02:49.2416996Z --- PASS: TestConfigRefs (0.00s)
2026-10-10T08:02:49.2417299Z === RUN   TestMigratePlaintextMigratesAndBacksUp
2026-10-10T08:02:49.2417665Z --- PASS: TestMigratePlaintextMigratesAndBacksUp (0.04s)
2026-10-10T08:02:49.2418218Z === RUN   TestMigratePlaintextIdempotent
2026-10-10T08:02:49.2418542Z --- PASS: TestMigratePlaintextIdempotent (0.06s)
2026-10-10T08:02:49.2418876Z === RUN   TestMigratePlaintextNoConfigIsNoOp
2026-10-10T08:02:49.2419230Z --- PASS: TestMigratePlaintextNoConfigIsNoOp (0.00s)
2026-10-10T08:02:49.2419581Z === RUN   TestMigratePlaintextKeepsFirstBackup
2026-10-10T08:02:49.2419948Z --- PASS: TestMigratePlaintextKeepsFirstBackup (0.04s)
2026-10-10T08:02:49.2420370Z === RUN   TestMigratePlaintextLeavesNonSecretsAlone
2026-10-10T08:02:49.2420985Z === RUN   TestMigratePlaintextLeavesNonSecretsAlone/empty_api_key_is_not_migrated
2026-10-10T08:02:49.2421788Z === RUN   TestMigratePlaintextLeavesNonSecretsAlone/unparseable_config_is_an_explicit_error
2026-10-10T08:02:49.2422341Z --- PASS: TestMigratePlaintextLeavesNonSecretsAlone (0.01s)
2026-10-10T08:02:49.2422949Z     --- PASS: TestMigratePlaintextLeavesNonSecretsAlone/empty_api_key_is_not_migrated (0.00s)
2026-10-10T08:02:49.2423718Z     --- PASS: TestMigratePlaintextLeavesNonSecretsAlone/unparseable_config_is_an_explicit_error (0.00s)
2026-10-10T08:02:49.2424236Z === RUN   TestParseRefValid
2026-10-10T08:02:49.2424477Z --- PASS: TestParseRefValid (0.00s)
2026-10-10T08:02:49.2424737Z === RUN   TestParseRefInvalid
2026-10-10T08:02:49.2425038Z --- PASS: TestParseRefInvalid (0.00s)
2026-10-10T08:02:49.2425315Z === RUN   TestNewRefUniqueAndParseable
2026-10-10T08:02:49.2425621Z --- PASS: TestNewRefUniqueAndParseable (0.00s)
2026-10-10T08:02:49.2425918Z === RUN   TestValidBlobIDCharset
2026-10-10T08:02:49.2426183Z --- PASS: TestValidBlobIDCharset (0.00s)
2026-10-10T08:02:49.2426471Z === RUN   TestStoreResolveRoundTrip
2026-10-10T08:02:49.2426749Z --- PASS: TestStoreResolveRoundTrip (0.01s)
2026-10-10T08:02:49.2427055Z === RUN   TestBlobFileNotPlaintext
2026-10-10T08:02:49.2427324Z --- PASS: TestBlobFileNotPlaintext (0.01s)
2026-10-10T08:02:49.2427614Z === RUN   TestStoreRejectsEnvRefsAndEmpty
2026-10-10T08:02:49.2427935Z --- PASS: TestStoreRejectsEnvRefsAndEmpty (0.01s)
2026-10-10T08:02:49.2428372Z === RUN   TestResolveEnvRef
2026-10-10T08:02:49.2428876Z === RUN   TestResolveEnvRef/arbitrary_placeholder_value
2026-10-10T08:02:49.2429586Z === RUN   TestResolveEnvRef/missing_variable_is_an_explicit_error
2026-10-10T08:02:49.2430341Z === RUN   TestResolveEnvRef/empty_variable_is_an_explicit_error
2026-10-10T08:02:49.2430958Z --- PASS: TestResolveEnvRef (0.01s)
2026-10-10T08:02:49.2431643Z     --- PASS: TestResolveEnvRef/arbitrary_placeholder_value (0.00s)
2026-10-10T08:02:49.2432554Z     --- PASS: TestResolveEnvRef/missing_variable_is_an_explicit_error (0.00s)
2026-10-10T08:02:49.2433587Z     --- PASS: TestResolveEnvRef/empty_variable_is_an_explicit_error (0.00s)
2026-10-10T08:02:49.2434610Z === RUN   TestPortableDecryptFailureExplicit
2026-10-10T08:02:49.2435633Z === RUN   TestPortableDecryptFailureExplicit/portable_mode_surfaces_ErrPortableDecrypt_with_env:_guidance
2026-10-10T08:02:49.2436871Z === RUN   TestPortableDecryptFailureExplicit/portable_mode_still_decrypts_own_blobs
2026-10-10T08:02:49.2437918Z === RUN   TestPortableDecryptFailureExplicit/non-portable_mode_also_fails_explicitly
2026-10-10T08:02:49.2438790Z --- PASS: TestPortableDecryptFailureExplicit (0.03s)
2026-10-10T08:02:49.2440214Z     --- PASS: TestPortableDecryptFailureExplicit/portable_mode_surfaces_ErrPortableDecrypt_with_env:_guidance (0.01s)
2026-10-10T08:02:49.2441804Z     --- PASS: TestPortableDecryptFailureExplicit/portable_mode_still_decrypts_own_blobs (0.01s)
2026-10-10T08:02:49.2443203Z     --- PASS: TestPortableDecryptFailureExplicit/non-portable_mode_also_fails_explicitly (0.01s)
2026-10-10T08:02:49.2444196Z === RUN   TestResolveErrorsCarryNoSecret
2026-10-10T08:02:49.2444674Z --- PASS: TestResolveErrorsCarryNoSecret (0.01s)
2026-10-10T08:02:49.2445001Z === RUN   TestRedactSecret
2026-10-10T08:02:49.2445245Z --- PASS: TestRedactSecret (0.00s)
2026-10-10T08:02:49.2445477Z PASS
2026-10-10T08:02:49.2445722Z ok  	github.com/CarlosShao/wisp/internal/secret	0.396s
2026-10-10T08:02:49.2446331Z time=2026-10-10T08:02:26.911Z level=INFO msg="winsec: sealing path resolver installed" resolver=risk.c26Pipeline probes_passed=2
2026-10-10T08:02:49.2446932Z === RUN   TestBoundaryNoPlaintextSecretFields
2026-10-10T08:02:49.2447299Z --- PASS: TestBoundaryNoPlaintextSecretFields (0.00s)
2026-10-10T08:02:49.2447660Z === RUN   TestBoundaryNoRuntimeObservationFields
2026-10-10T08:02:49.2448040Z --- PASS: TestBoundaryNoRuntimeObservationFields (0.00s)
2026-10-10T08:02:49.2448385Z === RUN   TestRoundTripLoadMarshalLoad
2026-10-10T08:02:49.2448698Z --- PASS: TestRoundTripLoadMarshalLoad (0.04s)
2026-10-10T08:02:49.2448995Z === RUN   TestRoundTripBytes
2026-10-10T08:02:49.2449250Z --- PASS: TestRoundTripBytes (0.00s)
2026-10-10T08:02:49.2449535Z === RUN   TestResolvedNeverPersists
2026-10-10T08:02:49.2449822Z --- PASS: TestResolvedNeverPersists (0.03s)
2026-10-10T08:02:49.2450122Z === RUN   TestValidateTextChainValid
2026-10-10T08:02:49.2450418Z --- PASS: TestValidateTextChainValid (0.00s)
2026-10-10T08:02:49.2450740Z === RUN   TestValidateTextChainUnknownElement
2026-10-10T08:02:49.2451093Z --- PASS: TestValidateTextChainUnknownElement (0.00s)
2026-10-10T08:02:49.2451422Z === RUN   TestValidateVoiceCloudChains
2026-10-10T08:02:49.2451751Z === RUN   TestValidateVoiceCloudChains/valid_cloud_chains
2026-10-10T08:02:49.2452144Z === RUN   TestValidateVoiceCloudChains/unknown_element_named
2026-10-10T08:02:49.2452568Z === RUN   TestValidateVoiceCloudChains/local-sherpa_never_in_chains
2026-10-10T08:02:49.2452968Z --- PASS: TestValidateVoiceCloudChains (0.00s)
2026-10-10T08:02:49.2453502Z     --- PASS: TestValidateVoiceCloudChains/valid_cloud_chains (0.00s)
2026-10-10T08:02:49.2454498Z     --- PASS: TestValidateVoiceCloudChains/unknown_element_named (0.00s)
2026-10-10T08:02:49.2455164Z     --- PASS: TestValidateVoiceCloudChains/local-sherpa_never_in_chains (0.00s)
2026-10-10T08:02:49.2455581Z === RUN   TestValidateRoleReferences
2026-10-10T08:02:49.2455923Z === RUN   TestValidateRoleReferences/both_empty_is_unset-ok
2026-10-10T08:02:49.2456310Z === RUN   TestValidateRoleReferences/provider_without_model
2026-10-10T08:02:49.2456695Z === RUN   TestValidateRoleReferences/model_without_provider
2026-10-10T08:02:49.2457080Z === RUN   TestValidateRoleReferences/unknown_provider_named
2026-10-10T08:02:49.2457446Z === RUN   TestValidateRoleReferences/unknown_model_named
2026-10-10T08:02:49.2458011Z === RUN   TestValidateRoleReferences/valid_pair
2026-10-10T08:02:49.2458601Z --- PASS: TestValidateRoleReferences (0.00s)
2026-10-10T08:02:49.2459892Z     --- PASS: TestValidateRoleReferences/both_empty_is_unset-ok (0.00s)
2026-10-10T08:02:49.2461354Z     --- PASS: TestValidateRoleReferences/provider_without_model (0.00s)
2026-10-10T08:02:49.2462562Z     --- PASS: TestValidateRoleReferences/model_without_provider (0.00s)
2026-10-10T08:02:49.2463551Z     --- PASS: TestValidateRoleReferences/unknown_provider_named (0.00s)
2026-10-10T08:02:49.2464494Z     --- PASS: TestValidateRoleReferences/unknown_model_named (0.00s)
2026-10-10T08:02:49.2465361Z     --- PASS: TestValidateRoleReferences/valid_pair (0.00s)
2026-10-10T08:02:49.2466001Z === RUN   TestValidateRealtimeReferences
2026-10-10T08:02:49.2466981Z === RUN   TestValidateRealtimeReferences/disabled_with_dangling_pair_tolerated
2026-10-10T08:02:49.2467978Z === RUN   TestValidateRealtimeReferences/enabled_requires_existing_pair
2026-10-10T08:02:49.2468843Z === RUN   TestValidateRealtimeReferences/enabled_without_pair_rejected
2026-10-10T08:02:49.2469623Z === RUN   TestValidateRealtimeReferences/enabled_valid_pair
2026-10-10T08:02:49.2470295Z --- PASS: TestValidateRealtimeReferences (0.00s)
2026-10-10T08:02:49.2471292Z     --- PASS: TestValidateRealtimeReferences/disabled_with_dangling_pair_tolerated (0.00s)
2026-10-10T08:02:49.2472493Z     --- PASS: TestValidateRealtimeReferences/enabled_requires_existing_pair (0.00s)
2026-10-10T08:02:49.2473590Z     --- PASS: TestValidateRealtimeReferences/enabled_without_pair_rejected (0.00s)
2026-10-10T08:02:49.2474597Z     --- PASS: TestValidateRealtimeReferences/enabled_valid_pair (0.00s)
2026-10-10T08:02:49.2475321Z === RUN   TestSplitChainElement
2026-10-10T08:02:49.2475818Z --- PASS: TestSplitChainElement (0.00s)
2026-10-10T08:02:49.2476477Z === RUN   TestTicket261P1MissingEnabledKeyDecodesFalse
2026-10-10T08:02:49.2477272Z --- PASS: TestTicket261P1MissingEnabledKeyDecodesFalse (0.00s)
2026-10-10T08:02:49.2478097Z === RUN   TestTicket261P1SettingsWriteMaterializesFalse
2026-10-10T08:02:49.2481523Z time=2026-10-10T08:02:27.112Z level=INFO msg="config: wrote merged change into config.toml (ticket 226: only the keys listed changed value, every other key keeps the value the file already held; the file is re-laid in canonical form, so comments and hand-chosen key order are not preserved)" key=llm.providers.mock261.models.t261-nokey.context_window wrote=[llm.providers.mock261.models.t261-nokey.context_window]
2026-10-10T08:02:49.2484540Z --- PASS: TestTicket261P1SettingsWriteMaterializesFalse (0.03s)
2026-10-10T08:02:49.2485306Z === RUN   TestLoadFileMergesDefaultsAndOverrides
2026-10-10T08:02:49.2485982Z --- PASS: TestLoadFileMergesDefaultsAndOverrides (0.01s)
2026-10-10T08:02:49.2486640Z === RUN   TestLoadFileUnknownKeyErrorNamesLine
2026-10-10T08:02:49.2487270Z --- PASS: TestLoadFileUnknownKeyErrorNamesLine (0.01s)
2026-10-10T08:02:49.2487944Z === RUN   TestLoadFileUnknownKeyLineNumbersAreOneBased
2026-10-10T08:02:49.2488703Z --- PASS: TestLoadFileUnknownKeyLineNumbersAreOneBased (0.00s)
2026-10-10T08:02:49.2489470Z === RUN   TestLoadFileWrongTypeErrorHasPosition
2026-10-10T08:02:49.2490211Z --- PASS: TestLoadFileWrongTypeErrorHasPosition (0.00s)
2026-10-10T08:02:49.2490852Z === RUN   TestLoadFileRejectsInvalidValues
2026-10-10T08:02:49.2491459Z --- PASS: TestLoadFileRejectsInvalidValues (0.01s)
2026-10-10T08:02:49.2492100Z === RUN   TestLoadFilePresetInheritance
2026-10-10T08:02:49.2492659Z --- PASS: TestLoadFilePresetInheritance (0.01s)
2026-10-10T08:02:49.2493295Z === RUN   TestLoadFileUnknownProviderNeedsProtocol
2026-10-10T08:02:49.2493999Z --- PASS: TestLoadFileUnknownProviderNeedsProtocol (0.01s)
2026-10-10T08:02:49.2494666Z === RUN   TestLoadFileResolvesSecrets
2026-10-10T08:02:49.2495224Z --- PASS: TestLoadFileResolvesSecrets (0.02s)
2026-10-10T08:02:49.2495804Z === RUN   TestLoadFileResolveFailureIsError
2026-10-10T08:02:49.2496461Z --- PASS: TestLoadFileResolveFailureIsError (0.01s)
2026-10-10T08:02:49.2497159Z === RUN   TestLoadFileNilResolverSkipsResolution
2026-10-10T08:02:49.2497891Z --- PASS: TestLoadFileNilResolverSkipsResolution (0.00s)
2026-10-10T08:02:49.2498600Z === RUN   TestLoadFileNewerSchemaVersionRejected
2026-10-10T08:02:49.2499259Z --- PASS: TestLoadFileNewerSchemaVersionRejected (0.00s)
2026-10-10T08:02:49.2500154Z === RUN   TestSaveFileRoundTripsThroughLoad
2026-10-10T08:02:49.2501126Z --- PASS: TestSaveFileRoundTripsThroughLoad (0.06s)
2026-10-10T08:02:49.2501825Z === RUN   TestConfirmLockedRunsOutsideTheManagerLock
2026-10-10T08:02:49.2503087Z time=2026-10-10T08:02:27.289Z level=WARN msg="config: locked loosening approved via L2 re-confirmation (D36 rule 1)" section=fs keys=[fs.allowed_dirs]
2026-10-10T08:02:49.2504419Z --- PASS: TestConfirmLockedRunsOutsideTheManagerLock (0.02s)
2026-10-10T08:02:49.2506114Z === RUN   TestCheckAndReloadAsksOncePerFileChange
2026-10-10T08:02:49.2507424Z time=2026-10-10T08:02:27.305Z level=WARN msg="config: locked loosening rejected; keeping previous values" section=fs keys=[fs.allowed_dirs]
2026-10-10T08:02:49.2508748Z --- PASS: TestCheckAndReloadAsksOncePerFileChange (0.02s)
2026-10-10T08:02:49.2509505Z === RUN   TestManagerHotTierAppliesImmediately
2026-10-10T08:02:49.2509916Z --- PASS: TestManagerHotTierAppliesImmediately (0.02s)
2026-10-10T08:02:49.2510378Z === RUN   TestManagerRestartTierKeepsOldValues
2026-10-10T08:02:49.2511056Z --- PASS: TestManagerRestartTierKeepsOldValues (0.03s)
2026-10-10T08:02:49.2511462Z === RUN   TestManagerThemeIsHotInsideApp
2026-10-10T08:02:49.2511989Z --- PASS: TestManagerThemeIsHotInsideApp (0.03s)
2026-10-10T08:02:49.2512571Z === RUN   TestManagerReloadTierEmitsEvent
2026-10-10T08:02:49.2513154Z --- PASS: TestManagerReloadTierEmitsEvent (0.02s)
2026-10-10T08:02:49.2513792Z === RUN   TestManagerVoiceHotKeysDoNotEmitReload
2026-10-10T08:02:49.2514506Z --- PASS: TestManagerVoiceHotKeysDoNotEmitReload (0.03s)
2026-10-10T08:02:49.2515237Z === RUN   TestManagerLockedLooseningRejectedKeepsOld
2026-10-10T08:02:49.2516454Z time=2026-10-10T08:02:27.457Z level=WARN msg="config: locked loosening rejected; keeping previous values" section=fs keys=[fs.allowed_dirs]
2026-10-10T08:02:49.2517743Z --- PASS: TestManagerLockedLooseningRejectedKeepsOld (0.02s)
2026-10-10T08:02:49.2518531Z === RUN   TestManagerLockedLooseningApprovedApplies
2026-10-10T08:02:49.2519840Z time=2026-10-10T08:02:27.494Z level=WARN msg="config: locked loosening approved via L2 re-confirmation (D36 rule 1)" section=fs keys=[fs.allowed_dirs]
2026-10-10T08:02:49.2521553Z --- PASS: TestManagerLockedLooseningApprovedApplies (0.05s)
2026-10-10T08:02:49.2522408Z === RUN   TestManagerLockedTighteningHotAppliesWithoutHook
2026-10-10T08:02:49.2523311Z time=2026-10-10T08:02:27.556Z level=INFO msg="config: locked section tightened, hot-applied" section=fs keys=[fs.allowed_dirs]
2026-10-10T08:02:49.2524065Z --- PASS: TestManagerLockedTighteningHotAppliesWithoutHook (0.06s)
2026-10-10T08:02:49.2524509Z === RUN   TestManagerLockedNilConfirmHookDenies
2026-10-10T08:02:49.2525165Z time=2026-10-10T08:02:27.612Z level=WARN msg="config: locked loosening rejected; keeping previous values" section=fs keys=[fs.allowed_dirs]
2026-10-10T08:02:49.2525825Z --- PASS: TestManagerLockedNilConfirmHookDenies (0.06s)
2026-10-10T08:02:49.2526204Z === RUN   TestManagerLockedBothDirectionsLogged
2026-10-10T08:02:49.2526573Z --- PASS: TestManagerLockedBothDirectionsLogged (0.06s)
2026-10-10T08:02:49.2526942Z === RUN   TestManagerLoadErrorKeepsCurrentConfig
2026-10-10T08:02:49.2527542Z --- PASS: TestManagerLoadErrorKeepsCurrentConfig (0.09s)
2026-10-10T08:02:49.2527947Z === RUN   TestManagerMissingFileKeepsCurrentAndErrors
2026-10-10T08:02:49.2528363Z --- PASS: TestManagerMissingFileKeepsCurrentAndErrors (0.00s)
2026-10-10T08:02:49.2528860Z === RUN   TestMigrateV1Fixture
2026-10-10T08:02:49.2529165Z --- PASS: TestMigrateV1Fixture (0.02s)
2026-10-10T08:02:49.2529469Z === RUN   TestMigrateNoVersionKeyAssumedV1
2026-10-10T08:02:49.2529794Z --- PASS: TestMigrateNoVersionKeyAssumedV1 (0.14s)
2026-10-10T08:02:49.2530127Z === RUN   TestMigrateCorruptFileUntouched
2026-10-10T08:02:49.2530450Z --- PASS: TestMigrateCorruptFileUntouched (0.02s)
2026-10-10T08:02:49.2530801Z === RUN   TestMigrateUnsupportedVersionUntouched
2026-10-10T08:02:49.2531178Z --- PASS: TestMigrateUnsupportedVersionUntouched (0.04s)
2026-10-10T08:02:49.2531769Z === RUN   TestMigrateHigherIntermediateVersionRejected
2026-10-10T08:02:49.2532186Z --- PASS: TestMigrateHigherIntermediateVersionRejected (0.01s)
2026-10-10T08:02:49.2532562Z === RUN   TestAC2BaselineModeIsDecorative
2026-10-10T08:02:49.2533341Z     private_acl_windows_test.go:56: seeded wide parent C:\Users\RUNNER~1\AppData\Local\Temp\TestAC2BaselineModeIsDecorative2292939121\001\data
2026-10-10T08:02:49.2534511Z         C:\Users\RUNNER~1\AppData\Local\Temp\TestAC2BaselineModeIsDecorative2292939121\001\data BUILTIN\Users:(OI)(CI)(RX)
2026-10-10T08:02:49.2536413Z                                                                                                 NT AUTHORITY\SYSTEM:(OI)(CI)(F)
2026-10-10T08:02:49.2538708Z                                                                                                 BUILTIN\Administrators:(OI)(CI)(F)
2026-10-10T08:02:49.2542620Z                                                                                                 runnervmfi6oq\runneradmin:(OI)(CI)(F)
2026-10-10T08:02:49.2546154Z                                                                                                 NT AUTHORITY\SYSTEM:(I)(OI)(CI)(F)
2026-10-10T08:02:49.2549635Z                                                                                                 BUILTIN\Administrators:(I)(OI)(CI)(F)
2026-10-10T08:02:49.2551846Z                                                                                                 runnervmfi6oq\runneradmin:(I)(OI)(CI)(F)
2026-10-10T08:02:49.2552247Z         
2026-10-10T08:02:49.2552613Z         Successfully processed 1 files; Failed processing 0 files
2026-10-10T08:02:49.2553804Z     private_acl_windows_test.go:63: BASELINE (pre-wiring shape) icacls C:\Users\RUNNER~1\AppData\Local\Temp\TestAC2BaselineModeIsDecorative2292939121\001\data\config.toml.bak-1
2026-10-10T08:02:49.2556209Z         C:\Users\RUNNER~1\AppData\Local\Temp\TestAC2BaselineModeIsDecorative2292939121\001\data\config.toml.bak-1 BUILTIN\Users:(I)(RX)
2026-10-10T08:02:49.2560626Z                                                                                                                   NT AUTHORITY\SYSTEM:(I)(F)
2026-10-10T08:02:49.2565106Z                                                                                                                   BUILTIN\Administrators:(I)(F)
2026-10-10T08:02:49.2569409Z                                                                                                                   runnervmfi6oq\runneradmin:(I)(F)
2026-10-10T08:02:49.2570145Z         
2026-10-10T08:02:49.2570752Z         Successfully processed 1 files; Failed processing 0 files
2026-10-10T08:02:49.2571455Z --- PASS: TestAC2BaselineModeIsDecorative (0.26s)
2026-10-10T08:02:49.2572066Z === RUN   TestAC2MigrationBackupLandsPrivate
2026-10-10T08:02:49.2573558Z     private_acl_windows_test.go:77: seeded wide parent C:\Users\RUNNER~1\AppData\Local\Temp\TestAC2MigrationBackupLandsPrivate1964295426\001\data
2026-10-10T08:02:49.2575711Z         C:\Users\RUNNER~1\AppData\Local\Temp\TestAC2MigrationBackupLandsPrivate1964295426\001\data BUILTIN\Users:(OI)(CI)(RX)
2026-10-10T08:02:49.2579556Z                                                                                                    NT AUTHORITY\SYSTEM:(OI)(CI)(F)
2026-10-10T08:02:49.2583069Z                                                                                                    BUILTIN\Administrators:(OI)(CI)(F)
2026-10-10T08:02:49.2587379Z                                                                                                    runnervmfi6oq\runneradmin:(OI)(CI)(F)
2026-10-10T08:02:49.2589284Z                                                                                                    NT AUTHORITY\SYSTEM:(I)(OI)(CI)(F)
2026-10-10T08:02:49.2591268Z                                                                                                    BUILTIN\Administrators:(I)(OI)(CI)(F)
2026-10-10T08:02:49.2593566Z                                                                                                    runnervmfi6oq\runneradmin:(I)(OI)(CI)(F)
2026-10-10T08:02:49.2593985Z         
2026-10-10T08:02:49.2594350Z         Successfully processed 1 files; Failed processing 0 files
2026-10-10T08:02:49.2596145Z time=2026-10-10T08:02:28.320Z level=WARN msg="winsec: seal cleared principals that stood on this object" path=C:\Users\RUNNER~1\AppData\Local\Temp\TestAC2MigrationBackupLandsPrivate1964295426\001\data\config.toml.bak-1 kind=inherited cleared="" cleared_inherited=S-1-5-32-545(A;ID;0x1200a9;;;BU) policy="winsec owns the grants on this tree; out-of-band ACEs are removed at the next seal"
2026-10-10T08:02:49.2599112Z time=2026-10-10T08:02:28.345Z level=WARN msg="winsec: seal cleared principals that stood on this object" path=C:\Users\runneradmin\AppData\Local\Temp\TestAC2MigrationBackupLandsPrivate1964295426\001\data\.wisp-config-2780092200.tmp kind=inherited cleared="" cleared_inherited=S-1-5-32-545(A;ID;0x1200a9;;;BU) policy="winsec owns the grants on this tree; out-of-band ACEs are removed at the next seal"
2026-10-10T08:02:49.2601717Z     private_acl_windows_test.go:89: icacls C:\Users\RUNNER~1\AppData\Local\Temp\TestAC2MigrationBackupLandsPrivate1964295426\001\data\config.toml.bak-1
2026-10-10T08:02:49.2602936Z         C:\Users\RUNNER~1\AppData\Local\Temp\TestAC2MigrationBackupLandsPrivate1964295426\001\data\config.toml.bak-1 NT AUTHORITY\SYSTEM:(F)
2026-10-10T08:02:49.2605529Z                                                                                                                      BUILTIN\Administrators:(F)
2026-10-10T08:02:49.2607884Z                                                                                                                      runnervmfi6oq\runneradmin:(F)
2026-10-10T08:02:49.2608287Z         
2026-10-10T08:02:49.2608640Z         Successfully processed 1 files; Failed processing 0 files
2026-10-10T08:02:49.2609471Z     private_acl_windows_test.go:90: icacls C:\Users\RUNNER~1\AppData\Local\Temp\TestAC2MigrationBackupLandsPrivate1964295426\001\data\config.toml
2026-10-10T08:02:49.2610854Z         C:\Users\RUNNER~1\AppData\Local\Temp\TestAC2MigrationBackupLandsPrivate1964295426\001\data\config.toml NT AUTHORITY\SYSTEM:(F)
2026-10-10T08:02:49.2614859Z                                                                                                                BUILTIN\Administrators:(F)
2026-10-10T08:02:49.2616952Z                                                                                                                runnervmfi6oq\runneradmin:(F)
2026-10-10T08:02:49.2618233Z         
2026-10-10T08:02:49.2618882Z         Successfully processed 1 files; Failed processing 0 files
2026-10-10T08:02:49.2619640Z --- PASS: TestAC2MigrationBackupLandsPrivate (0.13s)
2026-10-10T08:02:49.2620241Z === RUN   TestAC2SaveFileLandsPrivate
2026-10-10T08:02:49.2621561Z     private_acl_windows_test.go:108: seeded wide parent C:\Users\RUNNER~1\AppData\Local\Temp\TestAC2SaveFileLandsPrivate815748\001\data
2026-10-10T08:02:49.2623429Z         C:\Users\RUNNER~1\AppData\Local\Temp\TestAC2SaveFileLandsPrivate815748\001\data BUILTIN\Users:(OI)(CI)(RX)
2026-10-10T08:02:49.2626669Z                                                                                         NT AUTHORITY\SYSTEM:(OI)(CI)(F)
2026-10-10T08:02:49.2629671Z                                                                                         BUILTIN\Administrators:(OI)(CI)(F)
2026-10-10T08:02:49.2632745Z                                                                                         runnervmfi6oq\runneradmin:(OI)(CI)(F)
2026-10-10T08:02:49.2635719Z                                                                                         NT AUTHORITY\SYSTEM:(I)(OI)(CI)(F)
2026-10-10T08:02:49.2638918Z                                                                                         BUILTIN\Administrators:(I)(OI)(CI)(F)
2026-10-10T08:02:49.2640653Z                                                                                         runnervmfi6oq\runneradmin:(I)(OI)(CI)(F)
2026-10-10T08:02:49.2641233Z         
2026-10-10T08:02:49.2641589Z         Successfully processed 1 files; Failed processing 0 files
2026-10-10T08:02:49.2642521Z     private_acl_windows_test.go:122: BASELINE (pre-wiring shape) icacls C:\Users\RUNNER~1\AppData\Local\Temp\TestAC2SaveFileLandsPrivate815748\001\data\config.toml
2026-10-10T08:02:49.2643748Z         C:\Users\RUNNER~1\AppData\Local\Temp\TestAC2SaveFileLandsPrivate815748\001\data\config.toml BUILTIN\Users:(I)(RX)
2026-10-10T08:02:49.2645618Z                                                                                                     NT AUTHORITY\SYSTEM:(I)(F)
2026-10-10T08:02:49.2647374Z                                                                                                     BUILTIN\Administrators:(I)(F)
2026-10-10T08:02:49.2649490Z                                                                                                     runnervmfi6oq\runneradmin:(I)(F)
2026-10-10T08:02:49.2649873Z         
2026-10-10T08:02:49.2650414Z         Successfully processed 1 files; Failed processing 0 files
2026-10-10T08:02:49.2651996Z time=2026-10-10T08:02:28.550Z level=WARN msg="winsec: seal cleared principals that stood on this object" path=C:\Users\runneradmin\AppData\Local\Temp\TestAC2SaveFileLandsPrivate815748\001\data\.wisp-config-905742371.tmp kind=inherited cleared="" cleared_inherited=S-1-5-32-545(A;ID;0x1200a9;;;BU) policy="winsec owns the grants on this tree; out-of-band ACEs are removed at the next seal"
2026-10-10T08:02:49.2654085Z     private_acl_windows_test.go:130: icacls C:\Users\RUNNER~1\AppData\Local\Temp\TestAC2SaveFileLandsPrivate815748\001\data\config.toml
2026-10-10T08:02:49.2655116Z         C:\Users\RUNNER~1\AppData\Local\Temp\TestAC2SaveFileLandsPrivate815748\001\data\config.toml NT AUTHORITY\SYSTEM:(F)
2026-10-10T08:02:49.2656985Z                                                                                                     BUILTIN\Administrators:(F)
2026-10-10T08:02:49.2659125Z                                                                                                     runnervmfi6oq\runneradmin:(F)
2026-10-10T08:02:49.2659498Z         
2026-10-10T08:02:49.2659840Z         Successfully processed 1 files; Failed processing 0 files
2026-10-10T08:02:49.2660214Z --- PASS: TestAC2SaveFileLandsPrivate (0.21s)
2026-10-10T08:02:49.2660577Z === RUN   TestAC11SettingWriteReportsTheKeyPathItChanged
2026-10-10T08:02:49.2662050Z time=2026-10-10T08:02:28.678Z level=INFO msg="config: wrote merged change into config.toml (ticket 226: only the keys listed changed value, every other key keeps the value the file already held; the file is re-laid in canonical form, so comments and hand-chosen key order are not preserved)" key=llm.providers.deepseek.base_url wrote=[llm.providers.deepseek.base_url]
2026-10-10T08:02:49.2663495Z --- PASS: TestAC11SettingWriteReportsTheKeyPathItChanged (0.07s)
2026-10-10T08:02:49.2663959Z === RUN   TestAC11MultiFieldSaveIsOneWritePerKeyAndStopsOnFailure
2026-10-10T08:02:49.2665702Z time=2026-10-10T08:02:28.701Z level=INFO msg="config: wrote merged change into config.toml (ticket 226: only the keys listed changed value, every other key keeps the value the file already held; the file is re-laid in canonical form, so comments and hand-chosen key order are not preserved)" key=llm.providers.deepseek.models.deepseek-chat.context_window wrote=[llm.providers.deepseek.models.deepseek-chat.context_window]
2026-10-10T08:02:49.2667414Z --- PASS: TestAC11MultiFieldSaveIsOneWritePerKeyAndStopsOnFailure (0.03s)
2026-10-10T08:02:49.2667886Z === RUN   TestAC7InvalidValueLeavesTheFileByteIdentical
2026-10-10T08:02:49.2668434Z === RUN   TestAC7InvalidValueLeavesTheFileByteIdentical/plaintext_credential_in_the_reference_field
2026-10-10T08:02:49.2669076Z === RUN   TestAC7InvalidValueLeavesTheFileByteIdentical/negative_context_window
2026-10-10T08:02:49.2669609Z === RUN   TestAC7InvalidValueLeavesTheFileByteIdentical/negative_price
2026-10-10T08:02:49.2670333Z === RUN   TestAC7InvalidValueLeavesTheFileByteIdentical/chat_model_that_is_not_in_the_catalog
2026-10-10T08:02:49.2671003Z === RUN   TestAC7InvalidValueLeavesTheFileByteIdentical/a_provider_the_config_does_not_declare
2026-10-10T08:02:49.2671703Z === RUN   TestAC7InvalidValueLeavesTheFileByteIdentical/a_model_the_provider's_catalog_does_not_list
2026-10-10T08:02:49.2672292Z --- PASS: TestAC7InvalidValueLeavesTheFileByteIdentical (0.04s)
2026-10-10T08:02:49.2673077Z     --- PASS: TestAC7InvalidValueLeavesTheFileByteIdentical/plaintext_credential_in_the_reference_field (0.01s)
2026-10-10T08:02:49.2674473Z     --- PASS: TestAC7InvalidValueLeavesTheFileByteIdentical/negative_context_window (0.01s)
2026-10-10T08:02:49.2675811Z     --- PASS: TestAC7InvalidValueLeavesTheFileByteIdentical/negative_price (0.00s)
2026-10-10T08:02:49.2676582Z     --- PASS: TestAC7InvalidValueLeavesTheFileByteIdentical/chat_model_that_is_not_in_the_catalog (0.00s)
2026-10-10T08:02:49.2677648Z     --- PASS: TestAC7InvalidValueLeavesTheFileByteIdentical/a_provider_the_config_does_not_declare (0.00s)
2026-10-10T08:02:49.2678682Z     --- PASS: TestAC7InvalidValueLeavesTheFileByteIdentical/a_model_the_provider's_catalog_does_not_list (0.00s)
2026-10-10T08:02:49.2679284Z === RUN   TestAC11SettingWriteKeepsAForeignHandEditedKey
2026-10-10T08:02:49.2681405Z time=2026-10-10T08:02:28.774Z level=WARN msg="config: wrote merged change into config.toml and kept hand edits this process does not hold (ticket 226); the file was NOT claimed as our own write, so the next reload reads it back and a loosening there is denied until it is confirmed (D36 rule 1). Only the keys listed under wrote changed value; the file is re-laid in canonical form, so comments and hand-chosen key order are not preserved" key=llm.providers.deepseek.base_url wrote=[llm.providers.deepseek.base_url] kept_in_file_not_in_memory=[ball.size]
2026-10-10T08:02:49.2687109Z --- PASS: TestAC11SettingWriteKeepsAForeignHandEditedKey (0.02s)
2026-10-10T08:02:49.2687875Z === RUN   TestAC11ControlSnapshotWriteIsWhatRevertsTheHandEdit
2026-10-10T08:02:49.2690038Z time=2026-10-10T08:02:28.792Z level=WARN msg="config: wrote merged change into config.toml and kept hand edits this process does not hold (ticket 226); the file was NOT claimed as our own write, so the next reload reads it back and a loosening there is denied until it is confirmed (D36 rule 1). Only the keys listed under wrote changed value; the file is re-laid in canonical form, so comments and hand-chosen key order are not preserved" key=llm.providers.deepseek.base_url wrote=[llm.providers.deepseek.base_url] kept_in_file_not_in_memory=[ball.size]
2026-10-10T08:02:49.2692143Z --- PASS: TestAC11ControlSnapshotWriteIsWhatRevertsTheHandEdit (0.02s)
2026-10-10T08:02:49.2692603Z === RUN   TestAC3SettingWriteStoresARefNeverAValue
2026-10-10T08:02:49.2694527Z time=2026-10-10T08:02:28.802Z level=INFO msg="config: wrote merged change into config.toml (ticket 226: only the keys listed changed value, every other key keeps the value the file already held; the file is re-laid in canonical form, so comments and hand-chosen key order are not preserved)" key=llm.providers.deepseek.api_key_ref wrote=[llm.providers.deepseek.api_key_ref]
2026-10-10T08:02:49.2696403Z --- PASS: TestAC3SettingWriteStoresARefNeverAValue (0.01s)
2026-10-10T08:02:49.2697214Z === RUN   TestAC11WritingTheValueTheFileAlreadyHoldsChangesNoBytes
2026-10-10T08:02:49.2699645Z time=2026-10-10T08:02:28.818Z level=INFO msg="config: wrote merged change into config.toml (ticket 226: only the keys listed changed value, every other key keeps the value the file already held; the file is re-laid in canonical form, so comments and hand-chosen key order are not preserved)" key=llm.providers.deepseek.base_url wrote=[llm.providers.deepseek.base_url]
2026-10-10T08:02:49.2701753Z time=2026-10-10T08:02:28.819Z level=INFO msg="config: config.toml already carries this key; nothing written" key=llm.providers.deepseek.base_url
2026-10-10T08:02:49.2702754Z --- PASS: TestAC11WritingTheValueTheFileAlreadyHoldsChangesNoBytes (0.02s)
2026-10-10T08:02:49.2703906Z === RUN   TestTicket257R1AC1CleanMachineRefusesAllSevenFields
2026-10-10T08:02:49.2705071Z     settings_257_test.go:183: clean machine, seven refusals by reason: map[第 2 种拒因：行不存在:7] (fields: 7)
2026-10-10T08:02:49.2705962Z --- PASS: TestTicket257R1AC1CleanMachineRefusesAllSevenFields (0.03s)
2026-10-10T08:02:49.2706822Z === RUN   TestTicket257R1AC1HandAddedRowsUnlockAllSevenFields
2026-10-10T08:02:49.2708890Z time=2026-10-10T08:02:28.887Z level=INFO msg="config: wrote merged change into config.toml (ticket 226: only the keys listed changed value, every other key keeps the value the file already held; the file is re-laid in canonical form, so comments and hand-chosen key order are not preserved)" key=llm.providers.deepseek.base_url wrote=[llm.providers.deepseek.base_url]
2026-10-10T08:02:49.2713713Z time=2026-10-10T08:02:28.899Z level=INFO msg="config: wrote merged change into config.toml (ticket 226: only the keys listed changed value, every other key keeps the value the file already held; the file is re-laid in canonical form, so comments and hand-chosen key order are not preserved)" key=llm.providers.deepseek.api_key_ref wrote=[llm.providers.deepseek.api_key_ref]
2026-10-10T08:02:49.2719087Z time=2026-10-10T08:02:28.907Z level=INFO msg="config: wrote merged change into config.toml (ticket 226: only the keys listed changed value, every other key keeps the value the file already held; the file is re-laid in canonical form, so comments and hand-chosen key order are not preserved)" key=llm.providers.deepseek.models.deepseek-chat.context_window wrote=[llm.providers.deepseek.models.deepseek-chat.context_window]
2026-10-10T08:02:49.2724767Z time=2026-10-10T08:02:28.912Z level=INFO msg="config: wrote merged change into config.toml (ticket 226: only the keys listed changed value, every other key keeps the value the file already held; the file is re-laid in canonical form, so comments and hand-chosen key order are not preserved)" key=llm.providers.deepseek.models.deepseek-chat.price.in wrote=[llm.providers.deepseek.models.deepseek-chat.price.in]
2026-10-10T08:02:49.2730088Z time=2026-10-10T08:02:28.916Z level=INFO msg="config: wrote merged change into config.toml (ticket 226: only the keys listed changed value, every other key keeps the value the file already held; the file is re-laid in canonical form, so comments and hand-chosen key order are not preserved)" key=llm.providers.deepseek.models.deepseek-chat.price.out wrote=[llm.providers.deepseek.models.deepseek-chat.price.out]
2026-10-10T08:02:49.2733936Z time=2026-10-10T08:02:28.924Z level=INFO msg="config: wrote merged change into config.toml (ticket 226: only the keys listed changed value, every other key keeps the value the file already held; the file is re-laid in canonical form, so comments and hand-chosen key order are not preserved)" key=llm.roles.chat.model wrote=[llm.roles.chat.model]
2026-10-10T08:02:49.2737975Z time=2026-10-10T08:02:28.929Z level=INFO msg="config: wrote merged change into config.toml (ticket 226: only the keys listed changed value, every other key keeps the value the file already held; the file is re-laid in canonical form, so comments and hand-chosen key order are not preserved)" key=llm.providers.deepseek.api_key_ref wrote=[llm.providers.deepseek.api_key_ref]
2026-10-10T08:02:49.2742077Z --- PASS: TestTicket257R1AC1HandAddedRowsUnlockAllSevenFields (0.08s)
2026-10-10T08:02:49.2742918Z === RUN   TestTicket257R1AC2MissingFileIsItsOwnSentence
2026-10-10T08:02:49.2743765Z --- PASS: TestTicket257R1AC2MissingFileIsItsOwnSentence (0.01s)
2026-10-10T08:02:49.2744336Z === RUN   TestTicket257R1AC2MissingRowIsItsOwnSentence
2026-10-10T08:02:49.2744927Z --- PASS: TestTicket257R1AC2MissingRowIsItsOwnSentence (0.06s)
2026-10-10T08:02:49.2745366Z === RUN   TestTicket257R1AC2InvalidValueIsItsOwnSentence
2026-10-10T08:02:49.2746033Z --- PASS: TestTicket257R1AC2InvalidValueIsItsOwnSentence (0.02s)
2026-10-10T08:02:49.2746488Z === RUN   TestEverySectionHasATierInRegistry
2026-10-10T08:02:49.2747030Z --- PASS: TestEverySectionHasATierInRegistry (0.00s)
2026-10-10T08:02:49.2747388Z === RUN   TestRegistryCoversSchemaSectionsGreen
2026-10-10T08:02:49.2747755Z --- PASS: TestRegistryCoversSchemaSectionsGreen (0.00s)
2026-10-10T08:02:49.2748113Z === RUN   TestPerKeySectionsAreRegisteredPerKey
2026-10-10T08:02:49.2748473Z --- PASS: TestPerKeySectionsAreRegisteredPerKey (0.00s)
2026-10-10T08:02:49.2748842Z === RUN   TestVoicePerKeyRowsMirrorPlanVoiceWalks
2026-10-10T08:02:49.2749312Z --- PASS: TestVoicePerKeyRowsMirrorPlanVoiceWalks (0.00s)
2026-10-10T08:02:49.2749732Z === RUN   TestEveryAppKeyIsRegisteredInTierRegistry
2026-10-10T08:02:49.2750138Z --- PASS: TestEveryAppKeyIsRegisteredInTierRegistry (0.00s)
2026-10-10T08:02:49.2750541Z === RUN   TestAppKeyWalkSeesTheRosterItClaims
2026-10-10T08:02:49.2750906Z --- PASS: TestAppKeyWalkSeesTheRosterItClaims (0.00s)
2026-10-10T08:02:49.2751249Z === RUN   TestUnwiredSecurityKeysFailLoudly
2026-10-10T08:02:49.2751628Z === RUN   TestUnwiredSecurityKeysFailLoudly/risk.shell_enabled
2026-10-10T08:02:49.2752069Z === RUN   TestUnwiredSecurityKeysFailLoudly/risk.allow_shell_string
2026-10-10T08:02:49.2752507Z === RUN   TestUnwiredSecurityKeysFailLoudly/risk.shell_allowlist
2026-10-10T08:02:49.2752962Z === RUN   TestUnwiredSecurityKeysFailLoudly/risk.blacklist_overrides
2026-10-10T08:02:49.2753381Z === RUN   TestUnwiredSecurityKeysFailLoudly/net.allowlist
2026-10-10T08:02:49.2753802Z === RUN   TestUnwiredSecurityKeysFailLoudly/net.block_private_ranges
2026-10-10T08:02:49.2754206Z --- PASS: TestUnwiredSecurityKeysFailLoudly (0.03s)
2026-10-10T08:02:49.2754680Z     --- PASS: TestUnwiredSecurityKeysFailLoudly/risk.shell_enabled (0.01s)
2026-10-10T08:02:49.2755248Z     --- PASS: TestUnwiredSecurityKeysFailLoudly/risk.allow_shell_string (0.01s)
2026-10-10T08:02:49.2755815Z     --- PASS: TestUnwiredSecurityKeysFailLoudly/risk.shell_allowlist (0.00s)
2026-10-10T08:02:49.2756399Z     --- PASS: TestUnwiredSecurityKeysFailLoudly/risk.blacklist_overrides (0.00s)
2026-10-10T08:02:49.2756973Z     --- PASS: TestUnwiredSecurityKeysFailLoudly/net.allowlist (0.00s)
2026-10-10T08:02:49.2757522Z     --- PASS: TestUnwiredSecurityKeysFailLoudly/net.block_private_ranges (0.00s)
2026-10-10T08:02:49.2757963Z === RUN   TestUnwiredGuardLeavesHonestConfigsAlone
2026-10-10T08:02:49.2758355Z === RUN   TestUnwiredGuardLeavesHonestConfigsAlone/empty_file
2026-10-10T08:02:49.2759256Z === RUN   TestUnwiredGuardLeavesHonestConfigsAlone/guarded_keys_at_defaults
2026-10-10T08:02:49.2759784Z === RUN   TestUnwiredGuardLeavesHonestConfigsAlone/SaveFile_output_reloads
2026-10-10T08:02:49.2760450Z === RUN   TestUnwiredGuardLeavesHonestConfigsAlone/tightening_a_guarded_key_past_its_default_is_still_rejected
2026-10-10T08:02:49.2761054Z --- PASS: TestUnwiredGuardLeavesHonestConfigsAlone (0.02s)
2026-10-10T08:02:49.2761561Z     --- PASS: TestUnwiredGuardLeavesHonestConfigsAlone/empty_file (0.00s)
2026-10-10T08:02:49.2762168Z     --- PASS: TestUnwiredGuardLeavesHonestConfigsAlone/guarded_keys_at_defaults (0.01s)
2026-10-10T08:02:49.2762820Z     --- PASS: TestUnwiredGuardLeavesHonestConfigsAlone/SaveFile_output_reloads (0.01s)
2026-10-10T08:02:49.2763628Z     --- PASS: TestUnwiredGuardLeavesHonestConfigsAlone/tightening_a_guarded_key_past_its_default_is_still_rejected (0.00s)
2026-10-10T08:02:49.2764229Z === RUN   TestUnwiredGuardFiresBeforeAnyFileWrite
2026-10-10T08:02:49.2764605Z --- PASS: TestUnwiredGuardFiresBeforeAnyFileWrite (0.01s)
2026-10-10T08:02:49.2764978Z === RUN   TestUnwiredGuardIsScopedNotABigStick
2026-10-10T08:02:49.2765327Z --- PASS: TestUnwiredGuardIsScopedNotABigStick (0.01s)
2026-10-10T08:02:49.2765701Z === RUN   TestUnwiredKeysStillRoundTripAtTheByteLevel
2026-10-10T08:02:49.2766099Z --- PASS: TestUnwiredKeysStillRoundTripAtTheByteLevel (0.00s)
2026-10-10T08:02:49.2766480Z === RUN   TestEveryLockedSectionKeyIsAccountedFor
2026-10-10T08:02:49.2766847Z --- PASS: TestEveryLockedSectionKeyIsAccountedFor (0.00s)
2026-10-10T08:02:49.2767290Z === RUN   TestValidateDefaultsPass
2026-10-10T08:02:49.2767569Z --- PASS: TestValidateDefaultsPass (0.00s)
2026-10-10T08:02:49.2767848Z === RUN   TestValidateEnumErrors
2026-10-10T08:02:49.2768125Z === RUN   TestValidateEnumErrors/theme
2026-10-10T08:02:49.2768428Z === RUN   TestValidateEnumErrors/observe.level
2026-10-10T08:02:49.2768732Z === RUN   TestValidateEnumErrors/proxy.mode
2026-10-10T08:02:49.2769039Z === RUN   TestValidateEnumErrors/over_budget
2026-10-10T08:02:49.2769418Z === RUN   TestValidateEnumErrors/protocol
2026-10-10T08:02:49.2769724Z === RUN   TestValidateEnumErrors/provider_billing
2026-10-10T08:02:49.2770046Z === RUN   TestValidateEnumErrors/model_billing
2026-10-10T08:02:49.2770362Z === RUN   TestValidateEnumErrors/thinking_intensity
2026-10-10T08:02:49.2770711Z === RUN   TestValidateEnumErrors/thinking_levels_element
2026-10-10T08:02:49.2771042Z --- PASS: TestValidateEnumErrors (0.00s)
2026-10-10T08:02:49.2771377Z     --- PASS: TestValidateEnumErrors/theme (0.00s)
2026-10-10T08:02:49.2846462Z     --- PASS: TestValidateEnumErrors/observe.level (0.00s)
2026-10-10T08:02:49.2846938Z     --- PASS: TestValidateEnumErrors/proxy.mode (0.00s)
2026-10-10T08:02:49.2847356Z     --- PASS: TestValidateEnumErrors/over_budget (0.00s)
2026-10-10T08:02:49.2848045Z     --- PASS: TestValidateEnumErrors/protocol (0.00s)
2026-10-10T08:02:49.2848458Z     --- PASS: TestValidateEnumErrors/provider_billing (0.00s)
2026-10-10T08:02:49.2848877Z     --- PASS: TestValidateEnumErrors/model_billing (0.00s)
2026-10-10T08:02:49.2849333Z     --- PASS: TestValidateEnumErrors/thinking_intensity (0.00s)
2026-10-10T08:02:49.2849799Z     --- PASS: TestValidateEnumErrors/thinking_levels_element (0.00s)
2026-10-10T08:02:49.2850397Z === RUN   TestValidateEnumAcceptsEveryListedValue
2026-10-10T08:02:49.2850781Z --- PASS: TestValidateEnumAcceptsEveryListedValue (0.00s)
2026-10-10T08:02:49.2851147Z === RUN   TestValidateHardcodedReadOnly
2026-10-10T08:02:49.2851519Z === RUN   TestValidateHardcodedReadOnly/audio.half_duplex=false
2026-10-10T08:02:49.2851998Z === RUN   TestValidateHardcodedReadOnly/privacy.keep_transcript=true
2026-10-10T08:02:49.2852446Z === RUN   TestValidateHardcodedReadOnly/privacy.keep_audio=true
2026-10-10T08:02:49.2852887Z === RUN   TestValidateHardcodedReadOnly/models.verify_signature=false
2026-10-10T08:02:49.2853292Z --- PASS: TestValidateHardcodedReadOnly (0.00s)
2026-10-10T08:02:49.2853774Z     --- PASS: TestValidateHardcodedReadOnly/audio.half_duplex=false (0.00s)
2026-10-10T08:02:49.2854556Z     --- PASS: TestValidateHardcodedReadOnly/privacy.keep_transcript=true (0.00s)
2026-10-10T08:02:49.2855132Z     --- PASS: TestValidateHardcodedReadOnly/privacy.keep_audio=true (0.00s)
2026-10-10T08:02:49.2855704Z     --- PASS: TestValidateHardcodedReadOnly/models.verify_signature=false (0.00s)
2026-10-10T08:02:49.2856293Z === RUN   TestValidateBallSizeRange
2026-10-10T08:02:49.2856979Z --- PASS: TestValidateBallSizeRange (0.00s)
2026-10-10T08:02:49.2857301Z === RUN   TestValidateRiskConfirmTimeoutRange
2026-10-10T08:02:49.2857705Z === RUN   TestValidateRiskConfirmTimeoutRange/reject_30
2026-10-10T08:02:49.2858074Z === RUN   TestValidateRiskConfirmTimeoutRange/reject_10
2026-10-10T08:02:49.2858448Z === RUN   TestValidateRiskConfirmTimeoutRange/reject_3601
2026-10-10T08:02:49.2858835Z === RUN   TestValidateRiskConfirmTimeoutRange/reject_99999
2026-10-10T08:02:49.2859209Z === RUN   TestValidateRiskConfirmTimeoutRange/reject_0
2026-10-10T08:02:49.2859781Z === RUN   TestValidateRiskConfirmTimeoutRange/reject_-1
2026-10-10T08:02:49.2860163Z === RUN   TestValidateRiskConfirmTimeoutRange/accept_31
2026-10-10T08:02:49.2860529Z === RUN   TestValidateRiskConfirmTimeoutRange/accept_300
2026-10-10T08:02:49.2860911Z === RUN   TestValidateRiskConfirmTimeoutRange/accept_3600
2026-10-10T08:02:49.2861460Z --- PASS: TestValidateRiskConfirmTimeoutRange (0.00s)
2026-10-10T08:02:49.2861913Z     --- PASS: TestValidateRiskConfirmTimeoutRange/reject_30 (0.00s)
2026-10-10T08:02:49.2862661Z     --- PASS: TestValidateRiskConfirmTimeoutRange/reject_10 (0.00s)
2026-10-10T08:02:49.2863143Z     --- PASS: TestValidateRiskConfirmTimeoutRange/reject_3601 (0.00s)
2026-10-10T08:02:49.2863854Z     --- PASS: TestValidateRiskConfirmTimeoutRange/reject_99999 (0.00s)
2026-10-10T08:02:49.2864357Z     --- PASS: TestValidateRiskConfirmTimeoutRange/reject_0 (0.00s)
2026-10-10T08:02:49.2864834Z     --- PASS: TestValidateRiskConfirmTimeoutRange/reject_-1 (0.00s)
2026-10-10T08:02:49.2866552Z     --- PASS: TestValidateRiskConfirmTimeoutRange/accept_31 (0.00s)
2026-10-10T08:02:49.2867140Z     --- PASS: TestValidateRiskConfirmTimeoutRange/accept_300 (0.00s)
2026-10-10T08:02:49.2867665Z     --- PASS: TestValidateRiskConfirmTimeoutRange/accept_3600 (0.00s)
2026-10-10T08:02:49.2868389Z === RUN   TestValidateRiskConfirmTimeoutBandRejectsWarningLeadPlusOne
2026-10-10T08:02:49.2868938Z --- PASS: TestValidateRiskConfirmTimeoutBandRejectsWarningLeadPlusOne (0.00s)
2026-10-10T08:02:49.2869390Z === RUN   TestValidateAPIKeyRefFormat
2026-10-10T08:02:49.2869716Z === RUN   TestValidateAPIKeyRefFormat/empty_is_keyless
2026-10-10T08:02:49.2870248Z === RUN   TestValidateAPIKeyRefFormat/dpapi_ref
2026-10-10T08:02:49.2870573Z === RUN   TestValidateAPIKeyRefFormat/env_ref
2026-10-10T08:02:49.2870918Z === RUN   TestValidateAPIKeyRefFormat/plaintext_key
2026-10-10T08:02:49.2871269Z === RUN   TestValidateAPIKeyRefFormat/bare_blob_id
2026-10-10T08:02:49.2871795Z === RUN   TestValidateAPIKeyRefFormat/traversal_blob_id
2026-10-10T08:02:49.2872176Z === RUN   TestValidateAPIKeyRefFormat/empty_env_name
2026-10-10T08:02:49.2872530Z === RUN   TestValidateAPIKeyRefFormat/unknown_scheme
2026-10-10T08:02:49.2872866Z --- PASS: TestValidateAPIKeyRefFormat (0.00s)
2026-10-10T08:02:49.2873295Z     --- PASS: TestValidateAPIKeyRefFormat/empty_is_keyless (0.00s)
2026-10-10T08:02:49.2873746Z     --- PASS: TestValidateAPIKeyRefFormat/dpapi_ref (0.00s)
2026-10-10T08:02:49.2874156Z     --- PASS: TestValidateAPIKeyRefFormat/env_ref (0.00s)
2026-10-10T08:02:49.2874760Z     --- PASS: TestValidateAPIKeyRefFormat/plaintext_key (0.00s)
2026-10-10T08:02:49.2875205Z     --- PASS: TestValidateAPIKeyRefFormat/bare_blob_id (0.00s)
2026-10-10T08:02:49.2875662Z     --- PASS: TestValidateAPIKeyRefFormat/traversal_blob_id (0.00s)
2026-10-10T08:02:49.2876124Z     --- PASS: TestValidateAPIKeyRefFormat/empty_env_name (0.00s)
2026-10-10T08:02:49.2877144Z     --- PASS: TestValidateAPIKeyRefFormat/unknown_scheme (0.00s)
2026-10-10T08:02:49.2877547Z === RUN   TestValidateRealtimeAPIKeyRefFormat
2026-10-10T08:02:49.2877901Z --- PASS: TestValidateRealtimeAPIKeyRefFormat (0.00s)
2026-10-10T08:02:49.2878269Z === RUN   TestAC1AllowedDirsWriteKeepsAHandEditedKey
2026-10-10T08:02:49.2880219Z time=2026-10-10T08:02:29.124Z level=WARN msg="config: wrote merged change into config.toml and kept hand edits this process does not hold (ticket 226); the file was NOT claimed as our own write, so the next reload reads it back and a loosening there is denied until it is confirmed (D36 rule 1). Only the keys listed under wrote changed value; the file is re-laid in canonical form, so comments and hand-chosen key order are not preserved" key=fs.allowed_dirs wrote=[fs.allowed_dirs] kept_in_file_not_in_memory=[ball.size]
2026-10-10T08:02:49.2882338Z --- PASS: TestAC1AllowedDirsWriteKeepsAHandEditedKey (0.03s)
2026-10-10T08:02:49.2882786Z === RUN   TestAC1ControlSnapshotWriteIsWhatRevertsTheHandEdit
2026-10-10T08:02:49.2883258Z --- PASS: TestAC1ControlSnapshotWriteIsWhatRevertsTheHandEdit (0.02s)
2026-10-10T08:02:49.2883760Z === RUN   TestAC2GuardedWriteReportsTheKeysItWroteAndTheOnesItKept
2026-10-10T08:02:49.2884277Z --- PASS: TestAC2GuardedWriteReportsTheKeysItWroteAndTheOnesItKept (0.02s)
2026-10-10T08:02:49.2884731Z === RUN   TestAC2CleanWriteReportsOneKeyAtInfoLevel
2026-10-10T08:02:49.2885118Z --- PASS: TestAC2CleanWriteReportsOneKeyAtInfoLevel (0.01s)
2026-10-10T08:02:49.2885525Z === RUN   TestAC2UnreadableFileIsRefusedAndNothingIsWritten
2026-10-10T08:02:49.2885969Z --- PASS: TestAC2UnreadableFileIsRefusedAndNothingIsWritten (0.01s)
2026-10-10T08:02:49.2886590Z === RUN   TestAC3AdoptionClaimsOnlyWhatThisWriteProduced
2026-10-10T08:02:49.2887924Z time=2026-10-10T08:02:29.199Z level=INFO msg="config: wrote merged change into config.toml (ticket 226: only the keys listed changed value, every other key keeps the value the file already held; the file is re-laid in canonical form, so comments and hand-chosen key order are not preserved)" key=fs.allowed_dirs wrote=[fs.allowed_dirs]
2026-10-10T08:02:49.2890856Z time=2026-10-10T08:02:29.230Z level=WARN msg="config: wrote merged change into config.toml and kept hand edits this process does not hold (ticket 226); the file was NOT claimed as our own write, so the next reload reads it back and a loosening there is denied until it is confirmed (D36 rule 1). Only the keys listed under wrote changed value; the file is re-laid in canonical form, so comments and hand-chosen key order are not preserved" key=fs.allowed_dirs wrote=[fs.allowed_dirs] kept_in_file_not_in_memory=[ball.size]
2026-10-10T08:02:49.2892777Z --- PASS: TestAC3AdoptionClaimsOnlyWhatThisWriteProduced (0.04s)
2026-10-10T08:02:49.2893246Z === RUN   TestAC3HandAddedEntryIsPreservedButNotAppliedToMemory
2026-10-10T08:02:49.2895256Z time=2026-10-10T08:02:29.247Z level=WARN msg="config: wrote merged change into config.toml and kept hand edits this process does not hold (ticket 226); the file was NOT claimed as our own write, so the next reload reads it back and a loosening there is denied until it is confirmed (D36 rule 1). Only the keys listed under wrote changed value; the file is re-laid in canonical form, so comments and hand-chosen key order are not preserved" key=fs.allowed_dirs wrote=[fs.allowed_dirs] kept_in_file_not_in_memory=[fs.allowed_dirs]
2026-10-10T08:02:49.2897794Z time=2026-10-10T08:02:29.247Z level=WARN msg="config: locked loosening rejected; keeping previous values" section=fs keys=[fs.allowed_dirs]
2026-10-10T08:02:49.2898525Z --- PASS: TestAC3HandAddedEntryIsPreservedButNotAppliedToMemory (0.02s)
2026-10-10T08:02:49.2899004Z === RUN   TestAC4PermissionModeWriteKeepsAHandEditedKey
2026-10-10T08:02:49.2901003Z time=2026-10-10T08:02:29.266Z level=WARN msg="config: wrote merged change into config.toml and kept hand edits this process does not hold (ticket 226); the file was NOT claimed as our own write, so the next reload reads it back and a loosening there is denied until it is confirmed (D36 rule 1). Only the keys listed under wrote changed value; the file is re-laid in canonical form, so comments and hand-chosen key order are not preserved" key=risk.permission_mode wrote=[risk.permission_mode] kept_in_file_not_in_memory=[ball.size]
2026-10-10T08:02:49.2903911Z time=2026-10-10T08:02:29.270Z level=INFO msg="config: wrote merged change into config.toml (ticket 226: only the keys listed changed value, every other key keeps the value the file already held; the file is re-laid in canonical form, so comments and hand-chosen key order are not preserved)" key=risk.permission_mode wrote=[risk.permission_mode]
2026-10-10T08:02:49.2905269Z --- PASS: TestAC4PermissionModeWriteKeepsAHandEditedKey (0.02s)
2026-10-10T08:02:49.2905736Z === RUN   TestAC5SetAllowedDirsPersistsARevocationWithoutAClobber
2026-10-10T08:02:49.2907776Z time=2026-10-10T08:02:29.308Z level=WARN msg="config: wrote merged change into config.toml and kept hand edits this process does not hold (ticket 226); the file was NOT claimed as our own write, so the next reload reads it back and a loosening there is denied until it is confirmed (D36 rule 1). Only the keys listed under wrote changed value; the file is re-laid in canonical form, so comments and hand-chosen key order are not preserved" key=fs.allowed_dirs wrote=[fs.allowed_dirs] kept_in_file_not_in_memory=[ball.size]
2026-10-10T08:02:49.2909727Z --- PASS: TestAC5SetAllowedDirsPersistsARevocationWithoutAClobber (0.04s)
2026-10-10T08:02:49.2910189Z === RUN   TestAddAllowedDirStillRefusesARelativeHop
2026-10-10T08:02:49.2910586Z --- PASS: TestAddAllowedDirStillRefusesARelativeHop (0.01s)
2026-10-10T08:02:49.2911090Z === RUN   TestGuardedWriteFailureRollsBackMemory
2026-10-10T08:02:49.2911462Z --- PASS: TestGuardedWriteFailureRollsBackMemory (0.00s)
2026-10-10T08:02:49.2911887Z === RUN   TestGuardedWriteDoesNotRewriteAFileThatAlreadySaysIt
2026-10-10T08:02:49.2912530Z time=2026-10-10T08:02:29.342Z level=INFO msg="config: config.toml already carries this key; nothing written" key=fs.allowed_dirs
2026-10-10T08:02:49.2913286Z --- PASS: TestGuardedWriteDoesNotRewriteAFileThatAlreadySaysIt (0.01s)
2026-10-10T08:02:49.2913718Z === RUN   TestDiffKeyPathsNamesRealKeyPaths
2026-10-10T08:02:49.2914061Z --- PASS: TestDiffKeyPathsNamesRealKeyPaths (0.00s)
2026-10-10T08:02:49.2914457Z === RUN   TestConfirmTimeoutFloorSitsAboveApprovalWarningLead
2026-10-10T08:02:49.2914925Z --- PASS: TestConfirmTimeoutFloorSitsAboveApprovalWarningLead (0.00s)
2026-10-10T08:02:49.2915356Z === RUN   TestConfirmTimeoutIsBandedOnTheLoadPath
2026-10-10T08:02:49.2915729Z === RUN   TestConfirmTimeoutIsBandedOnTheLoadPath/reject_30
2026-10-10T08:02:49.2916131Z === RUN   TestConfirmTimeoutIsBandedOnTheLoadPath/reject_10
2026-10-10T08:02:49.2916770Z === RUN   TestConfirmTimeoutIsBandedOnTheLoadPath/reject_1
2026-10-10T08:02:49.2917379Z === RUN   TestConfirmTimeoutIsBandedOnTheLoadPath/reject_2
2026-10-10T08:02:49.2917778Z === RUN   TestConfirmTimeoutIsBandedOnTheLoadPath/reject_20
2026-10-10T08:02:49.2918184Z === RUN   TestConfirmTimeoutIsBandedOnTheLoadPath/reject_3601
2026-10-10T08:02:49.2918609Z === RUN   TestConfirmTimeoutIsBandedOnTheLoadPath/reject_99999
2026-10-10T08:02:49.2919015Z === RUN   TestConfirmTimeoutIsBandedOnTheLoadPath/reject_0
2026-10-10T08:02:49.2919401Z === RUN   TestConfirmTimeoutIsBandedOnTheLoadPath/reject_-1
2026-10-10T08:02:49.2919798Z === RUN   TestConfirmTimeoutIsBandedOnTheLoadPath/accept_31
2026-10-10T08:02:49.2920193Z === RUN   TestConfirmTimeoutIsBandedOnTheLoadPath/accept_300
2026-10-10T08:02:49.2920599Z === RUN   TestConfirmTimeoutIsBandedOnTheLoadPath/accept_3600
2026-10-10T08:02:49.2921015Z --- PASS: TestConfirmTimeoutIsBandedOnTheLoadPath (0.03s)
2026-10-10T08:02:49.2921505Z     --- PASS: TestConfirmTimeoutIsBandedOnTheLoadPath/reject_30 (0.00s)
2026-10-10T08:02:49.2922044Z     --- PASS: TestConfirmTimeoutIsBandedOnTheLoadPath/reject_10 (0.00s)
2026-10-10T08:02:49.2922567Z     --- PASS: TestConfirmTimeoutIsBandedOnTheLoadPath/reject_1 (0.00s)
2026-10-10T08:02:49.2923084Z     --- PASS: TestConfirmTimeoutIsBandedOnTheLoadPath/reject_2 (0.00s)
2026-10-10T08:02:49.2923594Z     --- PASS: TestConfirmTimeoutIsBandedOnTheLoadPath/reject_20 (0.00s)
2026-10-10T08:02:49.2924115Z     --- PASS: TestConfirmTimeoutIsBandedOnTheLoadPath/reject_3601 (0.00s)
2026-10-10T08:02:49.2924923Z     --- PASS: TestConfirmTimeoutIsBandedOnTheLoadPath/reject_99999 (0.00s)
2026-10-10T08:02:49.2925463Z     --- PASS: TestConfirmTimeoutIsBandedOnTheLoadPath/reject_0 (0.00s)
2026-10-10T08:02:49.2926166Z     --- PASS: TestConfirmTimeoutIsBandedOnTheLoadPath/reject_-1 (0.00s)
2026-10-10T08:02:49.2926715Z     --- PASS: TestConfirmTimeoutIsBandedOnTheLoadPath/accept_31 (0.00s)
2026-10-10T08:02:49.2927237Z     --- PASS: TestConfirmTimeoutIsBandedOnTheLoadPath/accept_300 (0.00s)
2026-10-10T08:02:49.2927932Z     --- PASS: TestConfirmTimeoutIsBandedOnTheLoadPath/accept_3600 (0.00s)
2026-10-10T08:02:49.2928368Z === RUN   TestMinimumLegalConfirmTimeoutKeepsC18Warning
2026-10-10T08:02:49.2928963Z     validate_267_test.go:136: smallest legal timeout 31s, warning lead 30s, arming lead 1s > 0
2026-10-10T08:02:49.2929503Z --- PASS: TestMinimumLegalConfirmTimeoutKeepsC18Warning (0.00s)
2026-10-10T08:02:49.2930011Z PASS
2026-10-10T08:02:49.2930256Z ok  	github.com/CarlosShao/wisp/internal/config	2.519s
2026-10-10T08:02:49.2930874Z time=2026-10-10T08:02:26.931Z level=INFO msg="winsec: sealing path resolver installed" resolver=risk.c26Pipeline probes_passed=2
2026-10-10T08:02:49.2931470Z === RUN   TestR9PanicInSubAssessorFailsClosed
2026-10-10T08:02:49.2931992Z --- PASS: TestR9PanicInSubAssessorFailsClosed (0.00s)
2026-10-10T08:02:49.2932510Z === RUN   TestR9PanicInWiredDependencyFailsClosed
2026-10-10T08:02:49.2932887Z --- PASS: TestR9PanicInWiredDependencyFailsClosed (0.00s)
2026-10-10T08:02:49.2933233Z === RUN   TestFusionTakesMaxSeverity
2026-10-10T08:02:49.2933526Z --- PASS: TestFusionTakesMaxSeverity (0.00s)
2026-10-10T08:02:49.2934527Z === RUN   TestFusionSingleDenyBeatsAnyConfirm
2026-10-10T08:02:49.2935183Z --- PASS: TestFusionSingleDenyBeatsAnyConfirm (0.00s)
2026-10-10T08:02:49.2935675Z === RUN   TestFusionR4BlocksSessionOverride
2026-10-10T08:02:49.2936027Z --- PASS: TestFusionR4BlocksSessionOverride (0.00s)
2026-10-10T08:02:49.2936363Z === RUN   TestDecisionGoldenSnapshots
2026-10-10T08:02:49.2937182Z --- PASS: TestDecisionGoldenSnapshots (0.00s)
2026-10-10T08:02:49.2937783Z === RUN   TestClassifyAnchorSpellingIsNotVerdict
2026-10-10T08:02:49.2940554Z     pathresolver_anchor_spelling_windows_test.go:57: Resolve("C:\\Users\\RUNNER~1\\AppData\\Local\\Temp\\TestClassifyAnchorSpellingIsNotVerdict1912226613\\001\\profile\\.ssh\\id_testkey") canonical "C:\\Users\\runneradmin\\AppData\\Local\\Temp\\TestClassifyAnchorSpellingIsNotVerdict1912226613\\001\\profile\\.ssh\\id_testkey": test premise broken (candidate must be the real path)
2026-10-10T08:02:49.2942831Z --- FAIL: TestClassifyAnchorSpellingIsNotVerdict (0.05s)
2026-10-10T08:02:49.2943203Z === RUN   TestClassifySpellingInvariance
2026-10-10T08:02:49.2943521Z --- PASS: TestClassifySpellingInvariance (0.10s)
2026-10-10T08:02:49.2943874Z === RUN   TestCanonicalInputGainsNoSecondForm
2026-10-10T08:02:49.2947451Z     pathresolver_anchor_spelling_windows_test.go:140: canonical "C:\\Users\\RUNNER~1\\AppData\\Local\\Temp\\TestCanonicalInputGainsNoSecondForm3389875105\\001\\not-created-yet\\deep.txt" produced 2 comparison forms ["c:\\users\\runner~1\\appdata\\local\\temp\\testcanonicalinputgainsnosecondform3389875105\\001\\not-created-yet\\deep.txt" "c:\\users\\runneradmin\\appdata\\local\\temp\\testcanonicalinputgainsnosecondform3389875105\\001\\not-created-yet\\deep.txt"], want 1 (verdict must not move for a path with one spelling)
2026-10-10T08:02:49.2949529Z --- FAIL: TestCanonicalInputGainsNoSecondForm (0.08s)
2026-10-10T08:02:49.2949897Z === RUN   TestOverrideOnlyAcceptsTheResolvedForm
2026-10-10T08:02:49.2950278Z --- PASS: TestOverrideOnlyAcceptsTheResolvedForm (0.04s)
2026-10-10T08:02:49.2950643Z === RUN   TestAListWinsWhereBothTablesHit
2026-10-10T08:02:49.2951916Z     pathresolver_anchor_spelling_windows_test.go:238: B-only control must stay overridable by design: {Allow:false NeedL2:true Class:B Reason:B-list sensitive path; single-file override requires one L2 confirm: id_*}
2026-10-10T08:02:49.2952829Z --- FAIL: TestAListWinsWhereBothTablesHit (0.05s)
2026-10-10T08:02:49.2953195Z === RUN   TestClassifyFailClosedWhenSpellingUnprovable
2026-10-10T08:02:49.2953627Z --- PASS: TestClassifyFailClosedWhenSpellingUnprovable (0.09s)
2026-10-10T08:02:49.2953994Z === RUN   TestResolvePerCallBudget
2026-10-10T08:02:49.2954823Z     pathresolver_budget_norace_test.go:34: C26 Resolve: 846113 ns/op = 0.846 ms/op (budget 1.000 ms, 2288 samples)
2026-10-10T08:02:49.2955481Z --- PASS: TestResolvePerCallBudget (4.81s)
2026-10-10T08:02:49.2955875Z === RUN   TestC26ExpansionMustNotRewriteOntoAnotherTree
2026-10-10T08:02:49.2956521Z === RUN   TestC26ExpansionMustNotRewriteOntoAnotherTree/percent_env_var_spelling
2026-10-10T08:02:49.2961074Z     pathresolver_expansion_test.go:80: risk.c26Pipeline.Resolve (seam installed into winsec): refused as required: risk: expansion moved this path onto a tree the caller did not name: C:\Users\RUNNER~1\AppData\Local\Temp\TestC26ExpansionMustNotRewriteOntoAnotherTreepercent_env_var_sp762473332\001\a%WISP102PROBE_TARGET%b\artifacts expands to C:\Users\RUNNER~1\AppData\Local\Temp\TestC26ExpansionMustNotRewriteOntoAnotherTreepercent_env_var_sp762473332\001\aelsewhereb\artifacts (env); act on the expanded tree only if you asked for it by name
2026-10-10T08:02:49.2970670Z     pathresolver_expansion_test.go:83: winsec.ResolvePath (sealing caller's view): refused as required: winsec: refusing to seal C:\Users\RUNNER~1\AppData\Local\Temp\TestC26ExpansionMustNotRewriteOntoAnotherTreepercent_env_var_sp762473332\001\a%WISP102PROBE_TARGET%b\artifacts: risk: expansion moved this path onto a tree the caller did not name: C:\Users\RUNNER~1\AppData\Local\Temp\TestC26ExpansionMustNotRewriteOntoAnotherTreepercent_env_var_sp762473332\001\a%WISP102PROBE_TARGET%b\artifacts expands to C:\Users\RUNNER~1\AppData\Local\Temp\TestC26ExpansionMustNotRewriteOntoAnotherTreepercent_env_var_sp762473332\001\aelsewhereb\artifacts (env); act on the expanded tree only if you asked for it by name
2026-10-10T08:02:49.2977927Z     pathresolver_expansion_test.go:86: risk.syncSet.resolveTarget (fs.write sync judgement): refused as required: risk: expansion moved this path onto a tree the caller did not name: C:\Users\RUNNER~1\AppData\Local\Temp\TestC26ExpansionMustNotRewriteOntoAnotherTreepercent_env_var_sp762473332\001\a%WISP102PROBE_TARGET%b\artifacts expands to C:\Users\RUNNER~1\AppData\Local\Temp\TestC26ExpansionMustNotRewriteOntoAnotherTreepercent_env_var_sp762473332\001\aelsewhereb\artifacts (env); act on the expanded tree only if you asked for it by name
2026-10-10T08:02:49.2980155Z === RUN   TestC26ExpansionMustNotRewriteOntoAnotherTree/leading_tilde_spelling
2026-10-10T08:02:49.2981936Z     pathresolver_expansion_test.go:95: risk.c26Pipeline.Resolve ~ ~\wisp102-tilde-probe\artifacts: refused as required: risk: expansion moved this path onto a tree the caller did not name: ~\wisp102-tilde-probe\artifacts expands to C:\Users\runneradmin\wisp102-tilde-probe\artifacts (home); act on the expanded tree only if you asked for it by name
2026-10-10T08:02:49.2984773Z     pathresolver_expansion_test.go:98: winsec.ResolvePath ~ ~\wisp102-tilde-probe\artifacts: refused as required: winsec: refusing to seal ~\wisp102-tilde-probe\artifacts: risk: expansion moved this path onto a tree the caller did not name: ~\wisp102-tilde-probe\artifacts expands to C:\Users\runneradmin\wisp102-tilde-probe\artifacts (home); act on the expanded tree only if you asked for it by name
2026-10-10T08:02:49.2988306Z     pathresolver_expansion_test.go:101: risk.syncSet.resolveTarget ~ ~\wisp102-tilde-probe\artifacts: refused as required: risk: expansion moved this path onto a tree the caller did not name: ~\wisp102-tilde-probe\artifacts expands to C:\Users\runneradmin\wisp102-tilde-probe\artifacts (home); act on the expanded tree only if you asked for it by name
2026-10-10T08:02:49.2991030Z     pathresolver_expansion_test.go:95: risk.c26Pipeline.Resolve ~ ~/wisp102-tilde-probe/artifacts: refused as required: risk: expansion moved this path onto a tree the caller did not name: ~/wisp102-tilde-probe/artifacts expands to C:\Users\runneradmin\wisp102-tilde-probe\artifacts (home); act on the expanded tree only if you asked for it by name
2026-10-10T08:02:49.2995251Z     pathresolver_expansion_test.go:98: winsec.ResolvePath ~ ~/wisp102-tilde-probe/artifacts: refused as required: winsec: refusing to seal ~/wisp102-tilde-probe/artifacts: risk: expansion moved this path onto a tree the caller did not name: ~/wisp102-tilde-probe/artifacts expands to C:\Users\runneradmin\wisp102-tilde-probe\artifacts (home); act on the expanded tree only if you asked for it by name
2026-10-10T08:02:49.2998159Z     pathresolver_expansion_test.go:101: risk.syncSet.resolveTarget ~ ~/wisp102-tilde-probe/artifacts: refused as required: risk: expansion moved this path onto a tree the caller did not name: ~/wisp102-tilde-probe/artifacts expands to C:\Users\runneradmin\wisp102-tilde-probe\artifacts (home); act on the expanded tree only if you asked for it by name
2026-10-10T08:02:49.2999585Z --- PASS: TestC26ExpansionMustNotRewriteOntoAnotherTree (0.01s)
2026-10-10T08:02:49.3000216Z     --- PASS: TestC26ExpansionMustNotRewriteOntoAnotherTree/percent_env_var_spelling (0.00s)
2026-10-10T08:02:49.3000923Z     --- PASS: TestC26ExpansionMustNotRewriteOntoAnotherTree/leading_tilde_spelling (0.00s)
2026-10-10T08:02:49.3001615Z === RUN   TestPathResolverJunctionWindows
2026-10-10T08:02:49.3001955Z --- PASS: TestPathResolverJunctionWindows (0.06s)
2026-10-10T08:02:49.3002309Z === RUN   TestPathResolverShortNameAListDenied
2026-10-10T08:02:49.3004262Z     pathresolver_junction_windows_test.go:135: short name did not expand to long path: got "C:\\Users\\runneradmin\\AppData\\Local\\Temp\\TestPathResolverShortNameAListDenied2598164977\\001\\.git-credentials" want "C:\\Users\\RUNNER~1\\AppData\\Local\\Temp\\TestPathResolverShortNameAListDenied2598164977\\001\\.git-credentials"
2026-10-10T08:02:49.3005623Z --- FAIL: TestPathResolverShortNameAListDenied (0.02s)
2026-10-10T08:02:49.3005974Z === RUN   TestPathResolverUNCAListDenied
2026-10-10T08:02:49.3008172Z     pathresolver_junction_windows_test.go:164: UNC spelling "\\\\?\\UNC\\localhost\\c$\\Users\\RUNNER~1\\AppData\\Local\\Temp\\TestPathResolverUNCAListDenied4076625205\\001\\.git-credentials" normalized to "C:\\Users\\runneradmin\\AppData\\Local\\Temp\\TestPathResolverUNCAListDenied4076625205\\001\\.git-credentials", want "C:\\Users\\RUNNER~1\\AppData\\Local\\Temp\\TestPathResolverUNCAListDenied4076625205\\001\\.git-credentials"
2026-10-10T08:02:49.3010188Z --- FAIL: TestPathResolverUNCAListDenied (0.03s)
2026-10-10T08:02:49.3010726Z === RUN   TestPathResolverExtendedLengthPrefixAListDenied
2026-10-10T08:02:49.3012771Z     pathresolver_junction_windows_test.go:182: \\?\ spelling normalized to "C:\\Users\\runneradmin\\AppData\\Local\\Temp\\TestPathResolverExtendedLengthPrefixAListDenied1420800380\\001\\.git-credentials", want "C:\\Users\\RUNNER~1\\AppData\\Local\\Temp\\TestPathResolverExtendedLengthPrefixAListDenied1420800380\\001\\.git-credentials"
2026-10-10T08:02:49.3014257Z --- FAIL: TestPathResolverExtendedLengthPrefixAListDenied (0.03s)
2026-10-10T08:02:49.3014848Z === RUN   TestPathResolverCaseAndDotMixDenied
2026-10-10T08:02:49.3015295Z --- PASS: TestPathResolverCaseAndDotMixDenied (0.02s)
2026-10-10T08:02:49.3015745Z === RUN   TestReparseExceptionExplicitPathOnly
2026-10-10T08:02:49.3016110Z --- PASS: TestReparseExceptionExplicitPathOnly (0.07s)
2026-10-10T08:02:49.3016450Z === RUN   TestAListDenyAndUnoverridable
2026-10-10T08:02:49.3016768Z --- PASS: TestAListDenyAndUnoverridable (0.02s)
2026-10-10T08:02:49.3017082Z === RUN   TestBListDefaultDenyAndOverride
2026-10-10T08:02:49.3018089Z     pathresolver_junction_windows_test.go:292: B-list single-file override must allow: {Allow:false NeedL2:true Class:B Reason:B-list sensitive path; single-file override requires one L2 confirm: .env*}
2026-10-10T08:02:49.3018943Z --- FAIL: TestBListDefaultDenyAndOverride (0.04s)
2026-10-10T08:02:49.3019250Z === RUN   TestResolveIdempotent
2026-10-10T08:02:49.3019514Z --- PASS: TestResolveIdempotent (0.02s)
2026-10-10T08:02:49.3019783Z === RUN   TestResolveExpansion
2026-10-10T08:02:49.3020032Z --- PASS: TestResolveExpansion (0.01s)
2026-10-10T08:02:49.3020316Z === RUN   TestC26RewriteAccountIsRecorded
2026-10-10T08:02:49.3020648Z === RUN   TestC26RewriteAccountIsRecorded/percent_env_var
2026-10-10T08:02:49.3021036Z === RUN   TestC26RewriteAccountIsRecorded/dollar_env_var
2026-10-10T08:02:49.3021411Z === RUN   TestC26RewriteAccountIsRecorded/leading_home_tilde
2026-10-10T08:02:49.3021835Z === RUN   TestC26RewriteAccountIsRecorded/clean_absolute_is_not_marked
2026-10-10T08:02:49.3022334Z === RUN   TestC26RewriteAccountIsRecorded/unexpandable_construct_is_not_marked
2026-10-10T08:02:49.3022773Z --- PASS: TestC26RewriteAccountIsRecorded (0.01s)
2026-10-10T08:02:49.3023226Z     --- PASS: TestC26RewriteAccountIsRecorded/percent_env_var (0.00s)
2026-10-10T08:02:49.3023720Z     --- PASS: TestC26RewriteAccountIsRecorded/dollar_env_var (0.00s)
2026-10-10T08:02:49.3024219Z     --- PASS: TestC26RewriteAccountIsRecorded/leading_home_tilde (0.00s)
2026-10-10T08:02:49.3024784Z     --- PASS: TestC26RewriteAccountIsRecorded/clean_absolute_is_not_marked (0.00s)
2026-10-10T08:02:49.3025439Z     --- PASS: TestC26RewriteAccountIsRecorded/unexpandable_construct_is_not_marked (0.00s)
2026-10-10T08:02:49.3026129Z === RUN   TestC26RewrittenSyncRootDoesNotDisarmSuspectNet
2026-10-10T08:02:49.3026562Z --- PASS: TestC26RewrittenSyncRootDoesNotDisarmSuspectNet (0.00s)
2026-10-10T08:02:49.3027004Z === RUN   TestC26RewriteAccountIsConsumedAtEverySecurityLeg
2026-10-10T08:02:49.3027458Z --- PASS: TestC26RewriteAccountIsConsumedAtEverySecurityLeg (0.03s)
2026-10-10T08:02:49.3027870Z === RUN   TestResolveCanonicalIsPlatformShaped
2026-10-10T08:02:49.3028313Z --- PASS: TestResolveCanonicalIsPlatformShaped (0.01s)
2026-10-10T08:02:49.3028688Z === RUN   TestResolveKeepsSeparatorsOutOfPosixNames
2026-10-10T08:02:49.3029078Z --- PASS: TestResolveKeepsSeparatorsOutOfPosixNames (0.00s)
2026-10-10T08:02:49.3029442Z === RUN   TestDoubleSlashSpellingIsNotUNC
2026-10-10T08:02:49.3029759Z --- PASS: TestDoubleSlashSpellingIsNotUNC (0.00s)
2026-10-10T08:02:49.3030100Z === RUN   TestTierAAnchorsMatchNativeSpelling
2026-10-10T08:02:49.3030447Z === RUN   TestTierAAnchorsMatchNativeSpelling/~/.ssh/**
2026-10-10T08:02:49.3030850Z === RUN   TestTierAAnchorsMatchNativeSpelling/~/.ssh/_dir_itself
2026-10-10T08:02:49.3031288Z === RUN   TestTierAAnchorsMatchNativeSpelling/~/.git-credentials
2026-10-10T08:02:49.3031717Z === RUN   TestTierAAnchorsMatchNativeSpelling/~/.aws/credentials
2026-10-10T08:02:49.3032132Z === RUN   TestTierAAnchorsMatchNativeSpelling/~/.kube/config
2026-10-10T08:02:49.3032524Z === RUN   TestTierAAnchorsMatchNativeSpelling/.git/config
2026-10-10T08:02:49.3032963Z === RUN   TestTierAAnchorsMatchNativeSpelling/%APPDATA%\wisp\config.toml
2026-10-10T08:02:49.3033480Z === RUN   TestTierAAnchorsMatchNativeSpelling/%APPDATA%\Microsoft\Protect\**
2026-10-10T08:02:49.3034042Z === RUN   TestTierAAnchorsMatchNativeSpelling/%LOCALAPPDATA%\Microsoft\Credentials\**
2026-10-10T08:02:49.3034582Z === RUN   TestTierAAnchorsMatchNativeSpelling/browser_credential_store
2026-10-10T08:02:49.3035199Z --- PASS: TestTierAAnchorsMatchNativeSpelling (0.04s)
2026-10-10T08:02:49.3035835Z     --- PASS: TestTierAAnchorsMatchNativeSpelling/~/.ssh/** (0.00s)
2026-10-10T08:02:49.3036639Z     --- PASS: TestTierAAnchorsMatchNativeSpelling/~/.ssh/_dir_itself (0.00s)
2026-10-10T08:02:49.3037355Z     --- PASS: TestTierAAnchorsMatchNativeSpelling/~/.git-credentials (0.00s)
2026-10-10T08:02:49.3038300Z     --- PASS: TestTierAAnchorsMatchNativeSpelling/~/.aws/credentials (0.00s)
2026-10-10T08:02:49.3039262Z     --- PASS: TestTierAAnchorsMatchNativeSpelling/~/.kube/config (0.00s)
2026-10-10T08:02:49.3040262Z     --- PASS: TestTierAAnchorsMatchNativeSpelling/.git/config (0.00s)
2026-10-10T08:02:49.3040848Z     --- PASS: TestTierAAnchorsMatchNativeSpelling/%APPDATA%\wisp\config.toml (0.00s)
2026-10-10T08:02:49.3041492Z     --- PASS: TestTierAAnchorsMatchNativeSpelling/%APPDATA%\Microsoft\Protect\** (0.00s)
2026-10-10T08:02:49.3042192Z     --- PASS: TestTierAAnchorsMatchNativeSpelling/%LOCALAPPDATA%\Microsoft\Credentials\** (0.00s)
2026-10-10T08:02:49.3042860Z     --- PASS: TestTierAAnchorsMatchNativeSpelling/browser_credential_store (0.03s)
2026-10-10T08:02:49.3043353Z === RUN   TestOverrideKeyKeepsPosixBackslashesDistinct
2026-10-10T08:02:49.3044174Z --- PASS: TestOverrideKeyKeepsPosixBackslashesDistinct (0.00s)
2026-10-10T08:02:49.3044582Z === RUN   TestSyncAncestorWalkVerifiesNativeChain
2026-10-10T08:02:49.3044962Z --- PASS: TestSyncAncestorWalkVerifiesNativeChain (0.01s)
2026-10-10T08:02:49.3045403Z === RUN   TestPointer183RefereeTwinFragmentOutsideSpanStaysExempted
2026-10-10T08:02:49.3045937Z --- PASS: TestPointer183RefereeTwinFragmentOutsideSpanStaysExempted (0.01s)
2026-10-10T08:02:49.3046437Z === RUN   TestPointer183RefereeControlBodyWithoutTwinIsClean
2026-10-10T08:02:49.3046894Z --- PASS: TestPointer183RefereeControlBodyWithoutTwinIsClean (0.00s)
2026-10-10T08:02:49.3047361Z === RUN   TestPointer183PathAppearingTwiceInBodyStaysExempted
2026-10-10T08:02:49.3047822Z --- PASS: TestPointer183PathAppearingTwiceInBodyStaysExempted (0.00s)
2026-10-10T08:02:49.3048268Z === RUN   TestPointer183BodySecretOutsideSpanStillHits
2026-10-10T08:02:49.3048848Z --- PASS: TestPointer183BodySecretOutsideSpanStillHits (0.00s)
2026-10-10T08:02:49.3049272Z === RUN   TestPointer183ForeignMarkCarryingSamePathStillHits
2026-10-10T08:02:49.3049923Z --- PASS: TestPointer183ForeignMarkCarryingSamePathStillHits (0.00s)
2026-10-10T08:02:49.3050365Z === RUN   TestPointer183AlmostPathInSameHostMarkStillHits
2026-10-10T08:02:49.3050798Z --- PASS: TestPointer183AlmostPathInSameHostMarkStillHits (0.00s)
2026-10-10T08:02:49.3051352Z === RUN   TestPointer183WorstCaseOfTheLandedExemptionIsPinned
2026-10-10T08:02:49.3051823Z --- PASS: TestPointer183WorstCaseOfTheLandedExemptionIsPinned (0.00s)
2026-10-10T08:02:49.3052283Z === RUN   TestPointer183DeclaredPathAbsentFromBodyStillHits
2026-10-10T08:02:49.3052727Z --- PASS: TestPointer183DeclaredPathAbsentFromBodyStillHits (0.00s)
2026-10-10T08:02:49.3053175Z === RUN   TestPointer185SecondRereadOfAHostArtifactIsClean
2026-10-10T08:02:49.3053623Z --- PASS: TestPointer185SecondRereadOfAHostArtifactIsClean (0.01s)
2026-10-10T08:02:49.3054171Z === RUN   TestPointer185TheReadBackBodyIsWhatBlocksTheRereadWhenNothingDeclaredIt
2026-10-10T08:02:49.3055043Z --- PASS: TestPointer185TheReadBackBodyIsWhatBlocksTheRereadWhenNothingDeclaredIt (0.00s)
2026-10-10T08:02:49.3055795Z === RUN   TestPointer185AModelNominatedFileIsNotOnTheRoster
2026-10-10T08:02:49.3056251Z --- PASS: TestPointer185AModelNominatedFileIsNotOnTheRoster (0.00s)
2026-10-10T08:02:49.3056734Z === RUN   TestPointer185ForeignContentCarryingTheHostPathStillHits
2026-10-10T08:02:49.3057244Z --- PASS: TestPointer185ForeignContentCarryingTheHostPathStillHits (0.03s)
2026-10-10T08:02:49.3057740Z === RUN   TestPointer185RosterDoesNotCrossScopeIDs
2026-10-10T08:02:49.3058118Z --- PASS: TestPointer185RosterDoesNotCrossScopeIDs (0.03s)
2026-10-10T08:02:49.3058542Z === RUN   TestPointer185RosterDiesWithTheMarksItWasDerivedFrom
2026-10-10T08:02:49.3059012Z --- PASS: TestPointer185RosterDiesWithTheMarksItWasDerivedFrom (0.00s)
2026-10-10T08:02:49.3059727Z === RUN   TestPointer185SiblingArtifactInSameDirectoryStillHits
2026-10-10T08:02:49.3060634Z --- PASS: TestPointer185SiblingArtifactInSameDirectoryStillHits (0.00s)
2026-10-10T08:02:49.3061479Z === RUN   TestPointer185OneRuneDifferentPathStillHits
2026-10-10T08:02:49.3062209Z --- PASS: TestPointer185OneRuneDifferentPathStillHits (0.01s)
2026-10-10T08:02:49.3062949Z === RUN   TestPointer185SameBasenameOtherDirectoryStillHits
2026-10-10T08:02:49.3063765Z --- PASS: TestPointer185SameBasenameOtherDirectoryStillHits (0.00s)
2026-10-10T08:02:49.3064754Z === RUN   TestPointer185CostFaceOfTheRosterIsPinnedAndNarrowerThanTheSpan
2026-10-10T08:02:49.3065892Z --- PASS: TestPointer185CostFaceOfTheRosterIsPinnedAndNarrowerThanTheSpan (0.03s)
2026-10-10T08:02:49.3067379Z === RUN   TestExfilSyncWriteWindowsSpellingInvariant
2026-10-10T08:02:49.3068544Z === RUN   TestExfilSyncWriteWindowsSpellingInvariant/sync_root,_native_spelling
2026-10-10T08:02:49.3069601Z === RUN   TestExfilSyncWriteWindowsSpellingInvariant/sync_root,_all-forward-slash
2026-10-10T08:02:49.3070954Z === RUN   TestExfilSyncWriteWindowsSpellingInvariant/sync_root,_both_separators_at_once
2026-10-10T08:02:49.3072241Z === RUN   TestExfilSyncWriteWindowsSpellingInvariant/sync_root,_forward_slash_under_a_backslash_parent
2026-10-10T08:02:49.3073325Z === RUN   TestExfilSyncWriteWindowsSpellingInvariant/plain_dir,_native_spelling
2026-10-10T08:02:49.3074018Z === RUN   TestExfilSyncWriteWindowsSpellingInvariant/plain_dir,_all-forward-slash
2026-10-10T08:02:49.3075867Z === RUN   TestExfilSyncWriteWindowsSpellingInvariant/plain_dir,_both_separators_at_once
2026-10-10T08:02:49.3077131Z --- PASS: TestExfilSyncWriteWindowsSpellingInvariant (0.02s)
2026-10-10T08:02:49.3077769Z     --- PASS: TestExfilSyncWriteWindowsSpellingInvariant/sync_root,_native_spelling (0.00s)
2026-10-10T08:02:49.3078691Z     --- PASS: TestExfilSyncWriteWindowsSpellingInvariant/sync_root,_all-forward-slash (0.00s)
2026-10-10T08:02:49.3079469Z     --- PASS: TestExfilSyncWriteWindowsSpellingInvariant/sync_root,_both_separators_at_once (0.00s)
2026-10-10T08:02:49.3080744Z     --- PASS: TestExfilSyncWriteWindowsSpellingInvariant/sync_root,_forward_slash_under_a_backslash_parent (0.00s)
2026-10-10T08:02:49.3081551Z     --- PASS: TestExfilSyncWriteWindowsSpellingInvariant/plain_dir,_native_spelling (0.00s)
2026-10-10T08:02:49.3082289Z     --- PASS: TestExfilSyncWriteWindowsSpellingInvariant/plain_dir,_all-forward-slash (0.00s)
2026-10-10T08:02:49.3083265Z     --- PASS: TestExfilSyncWriteWindowsSpellingInvariant/plain_dir,_both_separators_at_once (0.00s)
2026-10-10T08:02:49.3083796Z === RUN   TestMarkInspectSourceAttribution
2026-10-10T08:02:49.3084132Z --- PASS: TestMarkInspectSourceAttribution (0.00s)
2026-10-10T08:02:49.3084467Z === RUN   TestMarkNegativeNoTaintNoHit
2026-10-10T08:02:49.3084777Z --- PASS: TestMarkNegativeNoTaintNoHit (0.00s)
2026-10-10T08:02:49.3085093Z === RUN   TestMarkEmptyAfterNormalization
2026-10-10T08:02:49.3085416Z --- PASS: TestMarkEmptyAfterNormalization (0.00s)
2026-10-10T08:02:49.3085754Z === RUN   TestMarkUnknownSourceToolFailClosed
2026-10-10T08:02:49.3086095Z --- PASS: TestMarkUnknownSourceToolFailClosed (0.00s)
2026-10-10T08:02:49.3086436Z === RUN   TestSensitiveSourceSetComplete
2026-10-10T08:02:49.3086743Z --- PASS: TestSensitiveSourceSetComplete (0.00s)
2026-10-10T08:02:49.3087058Z === RUN   TestFourChannelExfilSuite
2026-10-10T08:02:49.3087352Z === RUN   TestFourChannelExfilSuite/web.search_query
2026-10-10T08:02:49.3087692Z === RUN   TestFourChannelExfilSuite/notify_text
2026-10-10T08:02:49.3088191Z === RUN   TestFourChannelExfilSuite/notify_url
2026-10-10T08:02:49.3088786Z === RUN   TestFourChannelExfilSuite/clipboard.write
2026-10-10T08:02:49.3089366Z === RUN   TestFourChannelExfilSuite/fs.write_into_sync_dir
2026-10-10T08:02:49.3089708Z --- PASS: TestFourChannelExfilSuite (0.00s)
2026-10-10T08:02:49.3090113Z     --- PASS: TestFourChannelExfilSuite/web.search_query (0.00s)
2026-10-10T08:02:49.3090558Z     --- PASS: TestFourChannelExfilSuite/notify_text (0.00s)
2026-10-10T08:02:49.3090963Z     --- PASS: TestFourChannelExfilSuite/notify_url (0.00s)
2026-10-10T08:02:49.3091394Z     --- PASS: TestFourChannelExfilSuite/clipboard.write (0.00s)
2026-10-10T08:02:49.3091874Z     --- PASS: TestFourChannelExfilSuite/fs.write_into_sync_dir (0.00s)
2026-10-10T08:02:49.3092442Z === RUN   TestR4EndToEndViaAssessor
2026-10-10T08:02:49.3094944Z --- PASS: TestR4EndToEndViaAssessor (0.00s)
2026-10-10T08:02:49.3095302Z === RUN   TestSyncWriteNegative
2026-10-10T08:02:49.3095695Z --- PASS: TestSyncWriteNegative (0.00s)
2026-10-10T08:02:49.3096267Z === RUN   TestDetectorUnknownToolScansEverything
2026-10-10T08:02:49.3096938Z --- PASS: TestDetectorUnknownToolScansEverything (0.00s)
2026-10-10T08:02:49.3097581Z === RUN   TestScopesNeverInherit
2026-10-10T08:02:49.3098085Z --- PASS: TestScopesNeverInherit (0.01s)
2026-10-10T08:02:49.3098622Z === RUN   TestDisposalScopeClearsTaints
2026-10-10T08:02:49.3099776Z time=2026-10-10T08:02:32.915Z level=INFO msg="scope disposed" scope=session-1 completed=1 failed=0 disposal_incomplete=false timed_out=false
2026-10-10T08:02:49.3100943Z --- PASS: TestDisposalScopeClearsTaints (0.01s)
2026-10-10T08:02:49.3101566Z === RUN   TestInspectUnknownScopeIsEmptyStore
2026-10-10T08:02:49.3102214Z --- PASS: TestInspectUnknownScopeIsEmptyStore (0.00s)
2026-10-10T08:02:49.3102823Z === RUN   TestNamedChannelParamEscape
2026-10-10T08:02:49.3103518Z === RUN   TestNamedChannelParamEscape/table_key_still_gets_its_contract_label
2026-10-10T08:02:49.3104306Z === RUN   TestNamedChannelParamEscape/renamed_query_key
2026-10-10T08:02:49.3104938Z === RUN   TestNamedChannelParamEscape/abbreviated_key
2026-10-10T08:02:49.3105684Z === RUN   TestNamedChannelParamEscape/harmless_table_key,_tainted_extra_key
2026-10-10T08:02:49.3106530Z === RUN   TestNamedChannelParamEscape/payload_under_another_name
2026-10-10T08:02:49.3107249Z === RUN   TestNamedChannelParamEscape/nested_object_payload
2026-10-10T08:02:49.3108138Z === RUN   TestNamedChannelParamEscape/array_payload
2026-10-10T08:02:49.3108745Z === RUN   TestNamedChannelParamEscape/[]string_payload
2026-10-10T08:02:49.3109346Z === RUN   TestNamedChannelParamEscape/byte_payload
2026-10-10T08:02:49.3110064Z === RUN   TestNamedChannelParamEscape/deep_map_under_an_unknown_key
2026-10-10T08:02:49.3110808Z --- PASS: TestNamedChannelParamEscape (0.02s)
2026-10-10T08:02:49.3111811Z     --- PASS: TestNamedChannelParamEscape/table_key_still_gets_its_contract_label (0.00s)
2026-10-10T08:02:49.3113183Z     --- PASS: TestNamedChannelParamEscape/renamed_query_key (0.00s)
2026-10-10T08:02:49.3114106Z     --- PASS: TestNamedChannelParamEscape/abbreviated_key (0.00s)
2026-10-10T08:02:49.3115460Z     --- PASS: TestNamedChannelParamEscape/harmless_table_key,_tainted_extra_key (0.00s)
2026-10-10T08:02:49.3116530Z     --- PASS: TestNamedChannelParamEscape/payload_under_another_name (0.00s)
2026-10-10T08:02:49.3117515Z     --- PASS: TestNamedChannelParamEscape/nested_object_payload (0.00s)
2026-10-10T08:02:49.3118392Z     --- PASS: TestNamedChannelParamEscape/array_payload (0.00s)
2026-10-10T08:02:49.3119194Z     --- PASS: TestNamedChannelParamEscape/[]string_payload (0.00s)
2026-10-10T08:02:49.3119988Z     --- PASS: TestNamedChannelParamEscape/byte_payload (0.00s)
2026-10-10T08:02:49.3120923Z     --- PASS: TestNamedChannelParamEscape/deep_map_under_an_unknown_key (0.00s)
2026-10-10T08:02:49.3121688Z === RUN   TestWriteGateNotSelectedByPayloadKey
2026-10-10T08:02:49.3122303Z --- PASS: TestWriteGateNotSelectedByPayloadKey (0.07s)
2026-10-10T08:02:49.3122915Z === RUN   TestWriteGatePlainLocalWriteNotFlagged
2026-10-10T08:02:49.3123560Z --- PASS: TestWriteGatePlainLocalWriteNotFlagged (0.03s)
2026-10-10T08:02:49.3124192Z === RUN   TestWriteGateEveryPathTargetJudged
2026-10-10T08:02:49.3124901Z === RUN   TestWriteGateEveryPathTargetJudged/decoy_path_+_real_dest
2026-10-10T08:02:49.3125731Z === RUN   TestWriteGateEveryPathTargetJudged/reversed_order
2026-10-10T08:02:49.3126562Z === RUN   TestWriteGateEveryPathTargetJudged/file+destination,_no_tool_name
2026-10-10T08:02:49.3127668Z === RUN   TestWriteGateEveryPathTargetJudged/three-way:_path+dest_non-sync,_file_in_sync_root
2026-10-10T08:02:49.3128684Z === RUN   TestWriteGateEveryPathTargetJudged/single_sync_dest_only
2026-10-10T08:02:49.3129784Z === RUN   TestWriteGateEveryPathTargetJudged/casing_decoy:_Path_hides_the_sync_target_from_an_exact-match_scan
2026-10-10T08:02:49.3131065Z === RUN   TestWriteGateEveryPathTargetJudged/path-shaped_key_with_no_checkable_value
2026-10-10T08:02:49.3131995Z --- PASS: TestWriteGateEveryPathTargetJudged (0.03s)
2026-10-10T08:02:49.3132963Z     --- PASS: TestWriteGateEveryPathTargetJudged/decoy_path_+_real_dest (0.00s)
2026-10-10T08:02:49.3134018Z     --- PASS: TestWriteGateEveryPathTargetJudged/reversed_order (0.00s)
2026-10-10T08:02:49.3135465Z     --- PASS: TestWriteGateEveryPathTargetJudged/file+destination,_no_tool_name (0.00s)
2026-10-10T08:02:49.3136838Z     --- PASS: TestWriteGateEveryPathTargetJudged/three-way:_path+dest_non-sync,_file_in_sync_root (0.00s)
2026-10-10T08:02:49.3138109Z     --- PASS: TestWriteGateEveryPathTargetJudged/single_sync_dest_only (0.00s)
2026-10-10T08:02:49.3139549Z     --- PASS: TestWriteGateEveryPathTargetJudged/casing_decoy:_Path_hides_the_sync_target_from_an_exact-match_scan (0.00s)
2026-10-10T08:02:49.3141067Z     --- PASS: TestWriteGateEveryPathTargetJudged/path-shaped_key_with_no_checkable_value (0.00s)
2026-10-10T08:02:49.3142039Z === RUN   TestWriteGateAllPathsNonSyncStaysExempt
2026-10-10T08:02:49.3142752Z --- PASS: TestWriteGateAllPathsNonSyncStaysExempt (0.11s)
2026-10-10T08:02:49.3143479Z === RUN   TestDeepNestingFailsClosedNotSilent
2026-10-10T08:02:49.3144147Z --- PASS: TestDeepNestingFailsClosedNotSilent (0.00s)
2026-10-10T08:02:49.3144756Z === RUN   TestNormalizationEndToEnd
2026-10-10T08:02:49.3145306Z === RUN   TestNormalizationEndToEnd/bom/word-joiner
2026-10-10T08:02:49.3145943Z === RUN   TestNormalizationEndToEnd/combining_mark
2026-10-10T08:02:49.3146779Z === RUN   TestNormalizationEndToEnd/lowercase
2026-10-10T08:02:49.3147284Z === RUN   TestNormalizationEndToEnd/whitespace_split
2026-10-10T08:02:49.3147669Z === RUN   TestNormalizationEndToEnd/full-width
2026-10-10T08:02:49.3148213Z === RUN   TestNormalizationEndToEnd/zero-width_split
2026-10-10T08:02:49.3150092Z === RUN   TestNormalizationEndToEnd/soft-hyphen
2026-10-10T08:02:49.3150667Z --- PASS: TestNormalizationEndToEnd (0.00s)
2026-10-10T08:02:49.3151649Z     --- PASS: TestNormalizationEndToEnd/bom/word-joiner (0.00s)
2026-10-10T08:02:49.3152508Z     --- PASS: TestNormalizationEndToEnd/combining_mark (0.00s)
2026-10-10T08:02:49.3153302Z     --- PASS: TestNormalizationEndToEnd/lowercase (0.00s)
2026-10-10T08:02:49.3154126Z     --- PASS: TestNormalizationEndToEnd/whitespace_split (0.00s)
2026-10-10T08:02:49.3154943Z     --- PASS: TestNormalizationEndToEnd/full-width (0.00s)
2026-10-10T08:02:49.3156097Z     --- PASS: TestNormalizationEndToEnd/zero-width_split (0.00s)
2026-10-10T08:02:49.3156949Z     --- PASS: TestNormalizationEndToEnd/soft-hyphen (0.00s)
2026-10-10T08:02:49.3157665Z === RUN   TestFragmentThresholdClampedToContractFloor
2026-10-10T08:02:49.3158441Z --- PASS: TestFragmentThresholdClampedToContractFloor (0.00s)
2026-10-10T08:02:49.3159206Z === RUN   TestFragmentThresholdStricterAllowed
2026-10-10T08:02:49.3159834Z --- PASS: TestFragmentThresholdStricterAllowed (0.00s)
2026-10-10T08:02:49.3160206Z === RUN   TestResidualLimitsAreLoggedNotSilent
2026-10-10T08:02:49.3160585Z --- PASS: TestResidualLimitsAreLoggedNotSilent (0.00s)
2026-10-10T08:02:49.3160927Z === RUN   TestConcurrentMarkInspect
2026-10-10T08:02:49.3161215Z --- PASS: TestConcurrentMarkInspect (0.01s)
2026-10-10T08:02:49.3161515Z === RUN   TestLLMParaphraseResidual
2026-10-10T08:02:49.3161800Z --- PASS: TestLLMParaphraseResidual (0.00s)
2026-10-10T08:02:49.3162152Z === RUN   TestScopeCloseRefusesAnotherOwnersRegistration
2026-10-10T08:02:49.3162588Z --- PASS: TestScopeCloseRefusesAnotherOwnersRegistration (0.00s)
2026-10-10T08:02:49.3163051Z === RUN   TestScopeCloseRefusedOnEmptyRegistrationIsStillVisible
2026-10-10T08:02:49.3163547Z --- PASS: TestScopeCloseRefusedOnEmptyRegistrationIsStillVisible (0.00s)
2026-10-10T08:02:49.3164027Z === RUN   TestScopeCloseIsIdempotent
2026-10-10T08:02:49.3164472Z --- PASS: TestScopeCloseIsIdempotent (0.00s)
2026-10-10T08:02:49.3164783Z === RUN   TestScopeIDGrantsNoPower
2026-10-10T08:02:49.3165059Z --- PASS: TestScopeIDGrantsNoPower (0.01s)
2026-10-10T08:02:49.3165341Z === RUN   TestRuleDeclaredR1
2026-10-10T08:02:49.3165650Z --- PASS: TestRuleDeclaredR1 (0.00s)
2026-10-10T08:02:49.3166040Z === RUN   TestRulePathAllowlistR2
2026-10-10T08:02:49.3166311Z --- PASS: TestRulePathAllowlistR2 (0.00s)
2026-10-10T08:02:49.3166602Z === RUN   TestRuleSensitivePathR3
2026-10-10T08:02:49.3166873Z --- PASS: TestRuleSensitivePathR3 (0.00s)
2026-10-10T08:02:49.3167146Z === RUN   TestRuleTaintR4
2026-10-10T08:02:49.3167371Z --- PASS: TestRuleTaintR4 (0.00s)
2026-10-10T08:02:49.3167620Z === RUN   TestRuleNetworkR5
2026-10-10T08:02:49.3167862Z --- PASS: TestRuleNetworkR5 (0.00s)
2026-10-10T08:02:49.3168110Z === RUN   TestRuleShellR6
2026-10-10T08:02:49.3168327Z --- PASS: TestRuleShellR6 (0.00s)
2026-10-10T08:02:49.3168578Z === RUN   TestRuleBatchScaleR7
2026-10-10T08:02:49.3168826Z --- PASS: TestRuleBatchScaleR7 (0.00s)
2026-10-10T08:02:49.3169111Z === RUN   TestRuleIrreversibleR8
2026-10-10T08:02:49.3169375Z --- PASS: TestRuleIrreversibleR8 (0.00s)
2026-10-10T08:02:49.3169702Z === RUN   TestShapeAHostReReadOfDeclaredPathIsClean
2026-10-10T08:02:49.3170102Z --- PASS: TestShapeAHostReReadOfDeclaredPathIsClean (0.01s)
2026-10-10T08:02:49.3170485Z === RUN   TestShapeAW1RestOfHostMarkStillIndexed
2026-10-10T08:02:49.3170855Z --- PASS: TestShapeAW1RestOfHostMarkStillIndexed (0.01s)
2026-10-10T08:02:49.3171254Z === RUN   TestShapeAW2ForeignMarkCarryingSamePathStillHits
2026-10-10T08:02:49.3171695Z --- PASS: TestShapeAW2ForeignMarkCarryingSamePathStillHits (0.01s)
2026-10-10T08:02:49.3172348Z === RUN   TestShapeAW3NeverMintedSiblingUnderSameDirStillHits
2026-10-10T08:02:49.3172815Z --- PASS: TestShapeAW3NeverMintedSiblingUnderSameDirStillHits (0.00s)
2026-10-10T08:02:49.3173292Z === RUN   TestShapeAW4PositionalExclusionNeverLeavesHostMark
2026-10-10T08:02:49.3173793Z --- PASS: TestShapeAW4PositionalExclusionNeverLeavesHostMark (0.00s)
2026-10-10T08:02:49.3174214Z === RUN   TestShapeAFExclusionDiesWithScopeClose
2026-10-10T08:02:49.3174676Z --- PASS: TestShapeAFExclusionDiesWithScopeClose (0.00s)
2026-10-10T08:02:49.3175051Z === RUN   TestShapeAW5EmptyCheckPrecedesExclusion
2026-10-10T08:02:49.3175950Z --- PASS: TestShapeAW5EmptyCheckPrecedesExclusion (0.00s)
2026-10-10T08:02:49.3176701Z === RUN   TestShapeAOrderOneSpanLocatedAfterNormalization
2026-10-10T08:02:49.3177548Z --- PASS: TestShapeAOrderOneSpanLocatedAfterNormalization (0.01s)
2026-10-10T08:02:49.3178438Z === RUN   TestSyncAncestorActableLegFailsClosedOnMovedAncestor116
2026-10-10T08:02:49.3180528Z     syncdirs_ancestor_actable_leg_116_test.go:218: raw="C:\\Users\\RUNNER~1\\AppData\\Local\\Temp\\TestSyncAncestorActableLegFailsClosedOnMovedAncestor116861103905\\001\\%WISP116ANC\\\\B%\\new.md"
2026-10-10T08:02:49.3183260Z          anc="C:\\Users\\RUNNER~1\\AppData\\Local\\Temp\\TestSyncAncestorActableLegFailsClosedOnMovedAncestor116861103905\\001\\%WISP116ANC\\B%"
2026-10-10T08:02:49.3185538Z          moved="C:\\Users\\RUNNER~1\\AppData\\Local\\Temp\\TestSyncAncestorActableLegFailsClosedOnMovedAncestor116861103905\\wisp116-escape"
2026-10-10T08:02:49.3190305Z         verdict: Sync=true Root={Provider:sync-suspect Path: Source:suspect-fallback} Why="write target spelling could not be anchored on a C26-verifiable ancestor (8.3/\\\\?\\/missing chain); fail-closed as sync-suspect: risk: expansion moved this path onto a tree the caller did not name: C:\\Users\\RUNNER~1\\AppData\\Local\\Temp\\TestSyncAncestorActableLegFailsClosedOnMovedAncestor116861103905\\001\\%WISP116ANC\\B% expands to C:\\Users\\runneradmin\\AppData\\Local\\Temp\\TestSyncAncestorActableLegFailsClosedOnMovedAncestor116861103905\\wisp116-escape (env); act on the expanded tree only if you asked for it by name"
2026-10-10T08:02:49.3194261Z --- PASS: TestSyncAncestorActableLegFailsClosedOnMovedAncestor116 (0.01s)
2026-10-10T08:02:49.3195273Z === RUN   TestSyncFirstActableLegStillRefusesEnvRewriteAtVerdict116
2026-10-10T08:02:49.3196620Z --- PASS: TestSyncFirstActableLegStillRefusesEnvRewriteAtVerdict116 (0.01s)
2026-10-10T08:02:49.3197652Z === RUN   TestSyncFirstActableLegStillRefusesHomeRewriteAtVerdict116
2026-10-10T08:02:49.3198695Z --- PASS: TestSyncFirstActableLegStillRefusesHomeRewriteAtVerdict116 (0.02s)
2026-10-10T08:02:49.3199747Z === RUN   TestSyncAncestorLegStillMatchesPlainSameTreeWrite116
2026-10-10T08:02:49.3200660Z --- PASS: TestSyncAncestorLegStillMatchesPlainSameTreeWrite116 (0.01s)
2026-10-10T08:02:49.3201622Z === RUN   TestSyncAncestorLegReResolvesThroughJunctionToRealTree
2026-10-10T08:02:49.3202566Z --- PASS: TestSyncAncestorLegReResolvesThroughJunctionToRealTree (0.15s)
2026-10-10T08:02:49.3203475Z === RUN   TestSyncAncestorLegNotExemptedStaysFailClosed
2026-10-10T08:02:49.3204261Z --- PASS: TestSyncAncestorLegNotExemptedStaysFailClosed (0.07s)
2026-10-10T08:02:49.3205113Z === RUN   TestSyncRedTeamNewFileSpellingsDeniedAndLandNoBytes
2026-10-10T08:02:49.3207146Z     syncdirs_redteam_windows_test.go:85: sync root long  = C:\Users\RUNNER~1\AppData\Local\Temp\TestSyncRedTeamNewFileSpellingsDeniedAndLandNoBytes3752876324\001\profile\OneDrive Copilot Sync
2026-10-10T08:02:49.3209387Z     syncdirs_redteam_windows_test.go:86: sync root 8.3   = C:\Users\RUNNER~1\AppData\Local\Temp\TESTSY~1\001\profile\ONEDRI~1
2026-10-10T08:02:49.3210670Z === RUN   TestSyncRedTeamNewFileSpellingsDeniedAndLandNoBytes/plain_long_spelling
2026-10-10T08:02:49.3211861Z === RUN   TestSyncRedTeamNewFileSpellingsDeniedAndLandNoBytes/extended-length_\\?\_spelling
2026-10-10T08:02:49.3213131Z === RUN   TestSyncRedTeamNewFileSpellingsDeniedAndLandNoBytes/OS_8.3_short-name_spelling
2026-10-10T08:02:49.3214589Z === RUN   TestSyncRedTeamNewFileSpellingsDeniedAndLandNoBytes/8.3_+_\\?\_combined
2026-10-10T08:02:49.3215927Z --- PASS: TestSyncRedTeamNewFileSpellingsDeniedAndLandNoBytes (0.09s)
2026-10-10T08:02:49.3217231Z     --- PASS: TestSyncRedTeamNewFileSpellingsDeniedAndLandNoBytes/plain_long_spelling (0.01s)
2026-10-10T08:02:49.3218733Z     --- PASS: TestSyncRedTeamNewFileSpellingsDeniedAndLandNoBytes/extended-length_\\?\_spelling (0.01s)
2026-10-10T08:02:49.3220463Z     --- PASS: TestSyncRedTeamNewFileSpellingsDeniedAndLandNoBytes/OS_8.3_short-name_spelling (0.06s)
2026-10-10T08:02:49.3221927Z     --- PASS: TestSyncRedTeamNewFileSpellingsDeniedAndLandNoBytes/8.3_+_\\?\_combined (0.01s)
2026-10-10T08:02:49.3222868Z === RUN   TestSyncRedTeamGuardPlainNewFileWriteAllowed
2026-10-10T08:02:49.3224093Z     syncdirs_redteam_windows_test.go:152: non-sync dir 8.3 = C:\Users\RUNNER~1\AppData\Local\Temp\TESTSY~1\001\profile\work
2026-10-10T08:02:49.3225299Z --- PASS: TestSyncRedTeamGuardPlainNewFileWriteAllowed (0.02s)
2026-10-10T08:02:49.3226125Z === RUN   TestSyncRedTeamUnverifiableChainFailClosed
2026-10-10T08:02:49.3226896Z --- PASS: TestSyncRedTeamUnverifiableChainFailClosed (1.30s)
2026-10-10T08:02:49.3227614Z === RUN   TestSyncRedTeamRealOneDrive
2026-10-10T08:02:49.3228608Z     syncdirs_redteam_windows_test.go:220: no live sync root on this machine (detected roots: [])
2026-10-10T08:02:49.3229495Z --- SKIP: TestSyncRedTeamRealOneDrive (0.00s)
2026-10-10T08:02:49.3229718Z === RUN   TestSyncDefaultLocationProbe
2026-10-10T08:02:49.3229973Z --- PASS: TestSyncDefaultLocationProbe (0.00s)
2026-10-10T08:02:49.3230155Z === RUN   TestSyncDropboxHostDBConfig
2026-10-10T08:02:49.3230373Z --- PASS: TestSyncDropboxHostDBConfig (0.02s)
2026-10-10T08:02:49.3230561Z === RUN   TestSyncFixtureFallbackAndMatch
2026-10-10T08:02:49.3230933Z     syncdirs_test.go:162: write under fixture root must be sync
2026-10-10T08:02:49.3231189Z --- FAIL: TestSyncFixtureFallbackAndMatch (0.01s)
2026-10-10T08:02:49.3231432Z === RUN   TestSyncFallbackNotDisarmableByWeakRoot
2026-10-10T08:02:49.3231953Z     syncdirs_test.go:213: source "default": under-profile fallback must stay armed
2026-10-10T08:02:49.3232448Z     syncdirs_test.go:213: source "fixture": under-profile fallback must stay armed
2026-10-10T08:02:49.3232941Z     syncdirs_test.go:213: source "options": under-profile fallback must stay armed
2026-10-10T08:02:49.3233397Z     syncdirs_test.go:213: source "": under-profile fallback must stay armed
2026-10-10T08:02:49.3233688Z --- FAIL: TestSyncFallbackNotDisarmableByWeakRoot (0.01s)
2026-10-10T08:02:49.3233908Z === RUN   TestSyncUnverifiedRootKeepsFallback
2026-10-10T08:02:49.3234257Z     syncdirs_test.go:233: suspect fallback must stay armed
2026-10-10T08:02:49.3234526Z --- FAIL: TestSyncUnverifiedRootKeepsFallback (0.00s)
2026-10-10T08:02:49.3234705Z === RUN   TestSyncEnvConfiguredRoots
2026-10-10T08:02:49.3234915Z --- PASS: TestSyncEnvConfiguredRoots (0.00s)
2026-10-10T08:02:49.3235102Z === RUN   TestSyncRegistryProbeTable
2026-10-10T08:02:49.3235391Z === RUN   TestSyncRegistryProbeTable/empty_hive_yields_nothing
2026-10-10T08:02:49.3235813Z === RUN   TestSyncRegistryProbeTable/personal_+_business_accounts,_decoys_ignored
2026-10-10T08:02:49.3236534Z === RUN   TestSyncRegistryProbeTable/duplicate_accounts_dedupe
2026-10-10T08:02:49.3236810Z === RUN   TestSyncRegistryProbeTable/dropbox_installer_path
2026-10-10T08:02:49.3237024Z --- PASS: TestSyncRegistryProbeTable (0.00s)
2026-10-10T08:02:49.3237482Z     --- PASS: TestSyncRegistryProbeTable/empty_hive_yields_nothing (0.00s)
2026-10-10T08:02:49.3238119Z     --- PASS: TestSyncRegistryProbeTable/personal_+_business_accounts,_decoys_ignored (0.00s)
2026-10-10T08:02:49.3238580Z     --- PASS: TestSyncRegistryProbeTable/duplicate_accounts_dedupe (0.00s)
2026-10-10T08:02:49.3239026Z     --- PASS: TestSyncRegistryProbeTable/dropbox_installer_path (0.00s)
2026-10-10T08:02:49.3239545Z === RUN   TestSyncSuspectFallbackIsComponentBounded
2026-10-10T08:02:49.3239931Z     syncdirs_test.go:355: under-profile must be suspect
2026-10-10T08:02:49.3240264Z --- FAIL: TestSyncSuspectFallbackIsComponentBounded (0.00s)
2026-10-10T08:02:49.3240507Z === RUN   TestSyncNormalNewFileWriteNotFlagged
2026-10-10T08:02:49.3240780Z --- PASS: TestSyncNormalNewFileWriteNotFlagged (0.01s)
2026-10-10T08:02:49.3241023Z === RUN   TestSyncSuspectFallbackWhenUndetectable
2026-10-10T08:02:49.3242379Z     syncdirs_test.go:402: under-profile path must be sync-suspect, got {Sync:false Root:{Provider: Path: Source:} Why:write target is not under any sync root}
2026-10-10T08:02:49.3242708Z --- FAIL: TestSyncSuspectFallbackWhenUndetectable (0.00s)
2026-10-10T08:02:49.3242929Z === RUN   TestSyncUnresolvablePathFailClosed
2026-10-10T08:02:49.3243184Z --- PASS: TestSyncUnresolvablePathFailClosed (0.00s)
2026-10-10T08:02:49.3243374Z === RUN   TestSyncDotDotTailFailsClosed
2026-10-10T08:02:49.3243598Z --- PASS: TestSyncDotDotTailFailsClosed (0.01s)
2026-10-10T08:02:49.3243783Z === RUN   TestSyncRootsIntrospection
2026-10-10T08:02:49.3243986Z --- PASS: TestSyncRootsIntrospection (0.00s)
2026-10-10T08:02:49.3244179Z === RUN   TestSyncDetectionOnThisMachine
2026-10-10T08:02:49.3245179Z     syncdirs_test.go:494: P12 evidence: no sync location detected on this machine -> under-profile allowed dirs fall back to sync-suspect
2026-10-10T08:02:49.3245410Z --- PASS: TestSyncDetectionOnThisMachine (0.00s)
2026-10-10T08:02:49.3245687Z === RUN   TestSyncConfirmedGradesDisarmFallbackWindows
2026-10-10T08:02:49.3246029Z --- PASS: TestSyncConfirmedGradesDisarmFallbackWindows (0.01s)
2026-10-10T08:02:49.3246307Z === RUN   TestWriteGatePlainTargetInsideProfileWindows
2026-10-10T08:02:49.3246675Z --- PASS: TestWriteGatePlainTargetInsideProfileWindows (0.01s)
2026-10-10T08:02:49.3246898Z === RUN   TestNormalizeTaintContractForm
2026-10-10T08:02:49.3247152Z --- PASS: TestNormalizeTaintContractForm (0.00s)
2026-10-10T08:02:49.3247362Z === RUN   TestFragmentMatchExactBoundary
2026-10-10T08:02:49.3247604Z --- PASS: TestFragmentMatchExactBoundary (0.00s)
2026-10-10T08:02:49.3247821Z === RUN   TestFragmentMatchAcrossTransforms
2026-10-10T08:02:49.3248092Z --- PASS: TestFragmentMatchAcrossTransforms (0.00s)
2026-10-10T08:02:49.3248262Z === RUN   TestFragmentMatchCJK
2026-10-10T08:02:49.3248452Z --- PASS: TestFragmentMatchCJK (0.00s)
2026-10-10T08:02:49.3248691Z === RUN   TestNormalizeTaintDropsIgnorableChars
2026-10-10T08:02:49.3248953Z === RUN   TestNormalizeTaintDropsIgnorableChars/zwsp
2026-10-10T08:02:49.3249231Z === RUN   TestNormalizeTaintDropsIgnorableChars/zwnj+zwj
2026-10-10T08:02:49.3249530Z === RUN   TestNormalizeTaintDropsIgnorableChars/soft_hyphen
2026-10-10T08:02:49.3249810Z === RUN   TestNormalizeTaintDropsIgnorableChars/word_joiner
2026-10-10T08:02:49.3250054Z === RUN   TestNormalizeTaintDropsIgnorableChars/bom
2026-10-10T08:02:49.3250378Z === RUN   TestNormalizeTaintDropsIgnorableChars/combining_marks
2026-10-10T08:02:49.3250791Z === RUN   TestNormalizeTaintDropsIgnorableChars/full-width_+_ignorable_mix
2026-10-10T08:02:49.3251067Z --- PASS: TestNormalizeTaintDropsIgnorableChars (0.00s)
2026-10-10T08:02:49.3251475Z     --- PASS: TestNormalizeTaintDropsIgnorableChars/zwsp (0.00s)
2026-10-10T08:02:49.3251913Z     --- PASS: TestNormalizeTaintDropsIgnorableChars/zwnj+zwj (0.00s)
2026-10-10T08:02:49.3252373Z     --- PASS: TestNormalizeTaintDropsIgnorableChars/soft_hyphen (0.00s)
2026-10-10T08:02:49.3252884Z     --- PASS: TestNormalizeTaintDropsIgnorableChars/word_joiner (0.00s)
2026-10-10T08:02:49.3253305Z     --- PASS: TestNormalizeTaintDropsIgnorableChars/bom (0.00s)
2026-10-10T08:02:49.3254396Z     --- PASS: TestNormalizeTaintDropsIgnorableChars/combining_marks (0.00s)
2026-10-10T08:02:49.3255027Z     --- PASS: TestNormalizeTaintDropsIgnorableChars/full-width_+_ignorable_mix (0.00s)
2026-10-10T08:02:49.3255281Z === RUN   TestFragmentIndexShortSourceNeverMatches
2026-10-10T08:02:49.3255605Z --- PASS: TestFragmentIndexShortSourceNeverMatches (0.00s)
2026-10-10T08:02:49.3256060Z === RUN   TestFragmentHashCollisionCannotFakeHit
2026-10-10T08:02:49.3256343Z --- PASS: TestFragmentHashCollisionCannotFakeHit (0.00s)
2026-10-10T08:02:49.3256462Z FAIL
2026-10-10T08:02:49.3256727Z FAIL	github.com/CarlosShao/wisp/internal/risk	8.163s
2026-10-10T08:02:49.3256907Z === RUN   TestDockGeometryShape
2026-10-10T08:02:49.3257095Z --- PASS: TestDockGeometryShape (0.00s)
2026-10-10T08:02:49.3257289Z === RUN   TestDockTangentMeansGapZero
2026-10-10T08:02:49.3257695Z --- PASS: TestDockTangentMeansGapZero (0.00s)
2026-10-10T08:02:49.3257999Z === RUN   TestDockPosKeepsTheOrbTangentAtEveryRampLevel
2026-10-10T08:02:49.3258376Z --- PASS: TestDockPosKeepsTheOrbTangentAtEveryRampLevel (0.00s)
2026-10-10T08:02:49.3258605Z === RUN   TestDockSquashIsMonotonicAndClamped
2026-10-10T08:02:49.3258880Z --- PASS: TestDockSquashIsMonotonicAndClamped (0.00s)
2026-10-10T08:02:49.3259091Z === RUN   TestDockProgressReadsThePush
2026-10-10T08:02:49.3259361Z --- PASS: TestDockProgressReadsThePush (0.00s)
2026-10-10T08:02:49.3259621Z === RUN   TestNearestDockEdgePicksTheEdgeYouPushed
2026-10-10T08:02:49.3259942Z --- PASS: TestNearestDockEdgePicksTheEdgeYouPushed (0.00s)
2026-10-10T08:02:49.3260150Z === RUN   TestDockedLeavesAHittableStrip
2026-10-10T08:02:49.3260400Z --- PASS: TestDockedLeavesAHittableStrip (0.00s)
2026-10-10T08:02:49.3260629Z === RUN   TestDockFreePosKeepsTheBallReachable
2026-10-10T08:02:49.3260917Z --- PASS: TestDockFreePosKeepsTheBallReachable (0.00s)
2026-10-10T08:02:49.3261224Z === RUN   TestDockOnSecondaryMonitorWithNegativeOrigin
2026-10-10T08:02:49.3261575Z --- PASS: TestDockOnSecondaryMonitorWithNegativeOrigin (0.00s)
2026-10-10T08:02:49.3261810Z === RUN   TestDockHoverPopBackWalksTheRampHome
2026-10-10T08:02:49.3262101Z --- PASS: TestDockHoverPopBackWalksTheRampHome (0.00s)
2026-10-10T08:02:49.3262307Z === RUN   TestDockRampWalksItsBudget
2026-10-10T08:02:49.3262521Z --- PASS: TestDockRampWalksItsBudget (0.00s)
2026-10-10T08:02:49.3262800Z === RUN   TestWindowlessSTAReachesTheBorrowWiring260r5
2026-10-10T08:02:49.3264196Z time=2026-10-10T08:02:27.067Z level=INFO msg="cancel hotkey left unbound while idle: the configured key is borrowed only during Confirming and handed back at session end (ticket 245)" hotkey=cancel binding=Ctrl+Alt+F9
2026-10-10T08:02:49.3265972Z     hotkey_borrow_refused_260r5_test.go:293: 260-r5 rig: IsWindow(0x1D0A5C)=0 uiRun-inline=true closure-entered=true sta.hwnd=0x0 door="260-r5 rig: this door creates no window and runs no pump" refusal="Invalid window handle."
2026-10-10T08:02:49.3266339Z --- PASS: TestWindowlessSTAReachesTheBorrowWiring260r5 (0.07s)
2026-10-10T08:02:49.3266599Z === RUN   TestRefusedBorrowIsNamedOnTheReport260r5
2026-10-10T08:02:49.3267804Z time=2026-10-10T08:02:27.140Z level=INFO msg="cancel hotkey left unbound while idle: the configured key is borrowed only during Confirming and handed back at session end (ticket 245)" hotkey=cancel binding=Ctrl+Alt+F9
2026-10-10T08:02:49.3270654Z     hotkey_borrow_refused_260r5_test.go:386: 260-r5 refused borrow: line={Name:cancel ID:3 Binding:Ctrl+Alt+F9 Status:registration failed Acc:{Mods:16387 VK:120} Err:Invalid window handle. Note:} problems=["hotkey cancel = \"Ctrl+Alt+F9\" was not registered: Invalid window handle."] logged="time=2026-10-10T08:02:27.147Z level=ERROR msg=\"cancel takeover refused by Win32; Confirming will have no cancel key\" hotkey=cancel binding=Ctrl+Alt+F9 err=\"Invalid window handle.\"\n"
2026-10-10T08:02:49.3270868Z --- PASS: TestRefusedBorrowIsNamedOnTheReport260r5 (0.01s)
2026-10-10T08:02:49.3271043Z === RUN   TestRefusedBorrowIsNotAStandingAnnouncement260r5
2026-10-10T08:02:49.3271838Z time=2026-10-10T08:02:27.148Z level=INFO msg="cancel hotkey left unbound while idle: the configured key is borrowed only during Confirming and handed back at session end (ticket 245)" hotkey=cancel binding=Ctrl+Alt+F9
2026-10-10T08:02:49.3272270Z --- PASS: TestRefusedBorrowIsNotAStandingAnnouncement260r5 (0.00s)
2026-10-10T08:02:49.3272686Z === RUN   TestBorrowDefaultIsBitIdentical260
2026-10-10T08:02:49.3273357Z time=2026-10-10T08:02:27.149Z level=INFO msg="cancel hotkey left unbound while idle: the configured key is borrowed only during Confirming and handed back at session end (ticket 245)" hotkey=cancel binding=Esc
2026-10-10T08:02:49.3274547Z time=2026-10-10T08:02:27.149Z level=INFO msg="cancel hotkey left unbound while idle: the configured key is borrowed only during Confirming and handed back at session end (ticket 245)" hotkey=cancel binding=Esc
2026-10-10T08:02:49.3275774Z time=2026-10-10T08:02:27.149Z level=INFO msg="cancel hotkey left unbound while idle: the configured key is borrowed only during Confirming and handed back at session end (ticket 245)" hotkey=cancel binding=Esc
2026-10-10T08:02:49.3276026Z --- PASS: TestBorrowDefaultIsBitIdentical260 (0.00s)
2026-10-10T08:02:49.3276260Z === RUN   TestBorrowFollowsConfiguredBinding260
2026-10-10T08:02:49.3277586Z time=2026-10-10T08:02:27.149Z level=INFO msg="cancel hotkey left unbound while idle: the configured key is borrowed only during Confirming and handed back at session end (ticket 245)" hotkey=cancel binding=Ctrl+Alt+K
2026-10-10T08:02:49.3278336Z time=2026-10-10T08:02:27.149Z level=INFO msg="cancel hotkey left unbound while idle: the configured key is borrowed only during Confirming and handed back at session end (ticket 245)" hotkey=cancel binding=Ctrl+Alt+Space
2026-10-10T08:02:49.3279387Z time=2026-10-10T08:02:27.149Z level=INFO msg="cancel hotkey left unbound while idle: the configured key is borrowed only during Confirming and handed back at session end (ticket 245)" hotkey=cancel binding=F9
2026-10-10T08:02:49.3279566Z --- PASS: TestBorrowFollowsConfiguredBinding260 (0.00s)
2026-10-10T08:02:49.3279701Z === RUN   TestBorrowUnparsableFallsBackLoudly260
2026-10-10T08:02:49.3280298Z time=2026-10-10T08:02:27.149Z level=ERROR msg="hotkey not attempted (bad binding)" hotkey=cancel binding=Ctrl+Alt+NotAKey+ err="unknown key \"NotAKey\" in hotkey \"Ctrl+Alt+NotAKey+\""
2026-10-10T08:02:49.3280961Z time=2026-10-10T08:02:27.149Z level=INFO msg="cancel hotkey left unbound while idle: the configured key is borrowed only during Confirming and handed back at session end (ticket 245)" hotkey=cancel binding=Esc
2026-10-10T08:02:49.3281534Z time=2026-10-10T08:02:27.149Z level=ERROR msg="hotkey not attempted (bad binding)" hotkey=cancel binding=Ctrl+Alt+NotAKey+ err="unknown key \"NotAKey\" in hotkey \"Ctrl+Alt+NotAKey+\""
2026-10-10T08:02:49.3281700Z --- PASS: TestBorrowUnparsableFallsBackLoudly260 (0.00s)
2026-10-10T08:02:49.3281888Z === RUN   TestBorrowReceiptSharesOneSourceWithRegistration260
2026-10-10T08:02:49.3282112Z --- PASS: TestBorrowReceiptSharesOneSourceWithRegistration260 (0.00s)
2026-10-10T08:02:49.3282241Z === RUN   TestBorrowFailureNamesTheKeyItTried260
2026-10-10T08:02:49.3282777Z time=2026-10-10T08:02:27.149Z level=ERROR msg="cancel takeover refused by Win32; Confirming will have no cancel key" hotkey=cancel binding=Ctrl+Alt+K err="invalid argument"
2026-10-10T08:02:49.3283467Z time=2026-10-10T08:02:27.149Z level=INFO msg="cancel hotkey left unbound while idle: the configured key is borrowed only during Confirming and handed back at session end (ticket 245)" hotkey=cancel binding=Ctrl+Alt+K
2026-10-10T08:02:49.3283629Z --- PASS: TestBorrowFailureNamesTheKeyItTried260 (0.00s)
2026-10-10T08:02:49.3283790Z === RUN   TestConfiguredCancelStillNeverBoundWhileIdle260
2026-10-10T08:02:49.3284475Z time=2026-10-10T08:02:27.149Z level=INFO msg="cancel hotkey left unbound while idle: the configured key is borrowed only during Confirming and handed back at session end (ticket 245)" hotkey=cancel binding=Ctrl+Alt+K
2026-10-10T08:02:49.3284677Z --- PASS: TestConfiguredCancelStillNeverBoundWhileIdle260 (0.00s)
2026-10-10T08:02:49.3284842Z === RUN   TestLiveBorrowHelperPremiseIsConfigDependent260
2026-10-10T08:02:49.3286629Z     hotkey_cancel_borrow_260_test.go:347: named conflict for the orchestrator: hotkey_live_test.go:107 reads rep.Live()[hkCancel].VK == vkEscape for a ball booted with liveHotkeys().Cancel = "Ctrl+Alt+V"; under 形ⓐ that slot holds VK 0x56, so the helper's bare-Esc premise is now config-dependent (winlive tier not run this round)
2026-10-10T08:02:49.3287018Z --- PASS: TestLiveBorrowHelperPremiseIsConfigDependent260 (0.00s)
2026-10-10T08:02:49.3287134Z === RUN   TestBorrowWishFollowsSeed260r2
2026-10-10T08:02:49.3287267Z --- PASS: TestBorrowWishFollowsSeed260r2 (0.00s)
2026-10-10T08:02:49.3287418Z === RUN   TestBorrowWishDefaultCellIsBitIdentical260r2
2026-10-10T08:02:49.3288403Z --- PASS: TestBorrowWishDefaultCellIsBitIdentical260r2 (0.00s)
2026-10-10T08:02:49.3288573Z === RUN   TestBorrowWishRefusedSeedIsNotSilent260r2
2026-10-10T08:02:49.3288750Z --- PASS: TestBorrowWishRefusedSeedIsNotSilent260r2 (0.00s)
2026-10-10T08:02:49.3288847Z === RUN   TestRegisterAllLiveSet
2026-10-10T08:02:49.3289526Z time=2026-10-10T08:02:27.149Z level=INFO msg="cancel hotkey left unbound while idle: the configured key is borrowed only during Confirming and handed back at session end (ticket 245)" hotkey=cancel binding=Esc
2026-10-10T08:02:49.3289649Z --- PASS: TestRegisterAllLiveSet (0.00s)
2026-10-10T08:02:49.3289775Z === RUN   TestDefaultHotkeysIdlePassHoldsNoEsc
2026-10-10T08:02:49.3290439Z time=2026-10-10T08:02:27.150Z level=INFO msg="cancel hotkey left unbound while idle: the configured key is borrowed only during Confirming and handed back at session end (ticket 245)" hotkey=cancel binding=Esc
2026-10-10T08:02:49.3290604Z --- PASS: TestDefaultHotkeysIdlePassHoldsNoEsc (0.00s)
2026-10-10T08:02:49.3290711Z === RUN   TestCancelBorrowRoundTrip
2026-10-10T08:02:49.3291357Z time=2026-10-10T08:02:27.150Z level=INFO msg="cancel hotkey left unbound while idle: the configured key is borrowed only during Confirming and handed back at session end (ticket 245)" hotkey=cancel binding=Esc
2026-10-10T08:02:49.3292006Z time=2026-10-10T08:02:27.150Z level=INFO msg="cancel hotkey left unbound while idle: the configured key is borrowed only during Confirming and handed back at session end (ticket 245)" hotkey=cancel binding=Esc
2026-10-10T08:02:49.3292570Z time=2026-10-10T08:02:27.150Z level=ERROR msg="cancel takeover refused by Win32; Confirming will have no cancel key" hotkey=cancel binding=Esc err="Hot key is already registered."
2026-10-10T08:02:49.3292691Z --- PASS: TestCancelBorrowRoundTrip (0.00s)
2026-10-10T08:02:49.3292815Z === RUN   TestCancelBorrowFailureIsAProblemLine
2026-10-10T08:02:49.3293328Z time=2026-10-10T08:02:27.150Z level=ERROR msg="cancel takeover refused by Win32; Confirming will have no cancel key" hotkey=cancel binding=Esc err="invalid argument"
2026-10-10T08:02:49.3293993Z time=2026-10-10T08:02:27.150Z level=INFO msg="cancel hotkey left unbound while idle: the configured key is borrowed only during Confirming and handed back at session end (ticket 245)" hotkey=cancel binding=Esc
2026-10-10T08:02:49.3294152Z --- PASS: TestCancelBorrowFailureIsAProblemLine (0.00s)
2026-10-10T08:02:49.3294281Z === RUN   TestStandbyIsNotDisabledAndNotAProblem
2026-10-10T08:02:49.3294939Z time=2026-10-10T08:02:27.150Z level=INFO msg="cancel hotkey left unbound while idle: the configured key is borrowed only during Confirming and handed back at session end (ticket 245)" hotkey=cancel binding=Esc
2026-10-10T08:02:49.3295190Z time=2026-10-10T08:02:27.150Z level=INFO msg="hotkey disabled (unset in config)" hotkey=mute
2026-10-10T08:02:49.3295441Z time=2026-10-10T08:02:27.150Z level=INFO msg="hotkey disabled (unset in config)" hotkey=cancel
2026-10-10T08:02:49.3295686Z time=2026-10-10T08:02:27.150Z level=INFO msg="hotkey disabled (unset in config)" hotkey=panel
2026-10-10T08:02:49.3295922Z time=2026-10-10T08:02:27.150Z level=INFO msg="hotkey disabled (unset in config)" hotkey=mute
2026-10-10T08:02:49.3296504Z time=2026-10-10T08:02:27.150Z level=ERROR msg="hotkey not attempted (bad binding)" hotkey=cancel binding=Ctrl+Alt+NotAKey+ err="unknown key \"NotAKey\" in hotkey \"Ctrl+Alt+NotAKey+\""
2026-10-10T08:02:49.3296751Z time=2026-10-10T08:02:27.150Z level=INFO msg="hotkey disabled (unset in config)" hotkey=panel
2026-10-10T08:02:49.3297013Z --- PASS: TestStandbyIsNotDisabledAndNotAProblem (0.00s)
2026-10-10T08:02:49.3297144Z === RUN   TestRegisterAllSplitsFailureFamilies
2026-10-10T08:02:49.3297684Z time=2026-10-10T08:02:27.150Z level=ERROR msg="hotkey occupied by another program, not registered" hotkey=mute binding=Ctrl+Alt+M err="Hot key is already registered."
2026-10-10T08:02:49.3298697Z time=2026-10-10T08:02:27.150Z level=INFO msg="cancel hotkey left unbound while idle: the configured key is borrowed only during Confirming and handed back at session end (ticket 245)" hotkey=cancel binding=Esc
2026-10-10T08:02:49.3299601Z time=2026-10-10T08:02:27.150Z level=ERROR msg="hotkey not attempted (bad binding)" hotkey=panel binding=Ctrl+Alt+Bogus+ err="unknown key \"Bogus\" in hotkey \"Ctrl+Alt+Bogus+\""
2026-10-10T08:02:49.3299872Z time=2026-10-10T08:02:27.150Z level=INFO msg="hotkey disabled (unset in config)" hotkey=mute
2026-10-10T08:02:49.3300139Z time=2026-10-10T08:02:27.150Z level=INFO msg="hotkey disabled (unset in config)" hotkey=cancel
2026-10-10T08:02:49.3300394Z time=2026-10-10T08:02:27.150Z level=INFO msg="hotkey disabled (unset in config)" hotkey=panel
2026-10-10T08:02:49.3300553Z --- PASS: TestRegisterAllSplitsFailureFamilies (0.00s)
2026-10-10T08:02:49.3300672Z === RUN   TestUnregisterAllDropsKnownSlots
2026-10-10T08:02:49.3300811Z --- PASS: TestUnregisterAllDropsKnownSlots (0.00s)
2026-10-10T08:02:49.3300911Z === RUN   TestHotkeyStatusString
2026-10-10T08:02:49.3301019Z --- PASS: TestHotkeyStatusString (0.00s)
2026-10-10T08:02:49.3301159Z === RUN   TestHotkeyReloaderRebindsOnConfigChange
2026-10-10T08:02:49.3301826Z time=2026-10-10T08:02:27.150Z level=INFO msg="cancel hotkey left unbound while idle: the configured key is borrowed only during Confirming and handed back at session end (ticket 245)" hotkey=cancel binding=Esc
2026-10-10T08:02:49.3302311Z time=2026-10-10T08:02:27.150Z level=INFO msg="ball: hotkeys rebound after config change" summon=Ctrl+Alt+R mute=Ctrl+Alt+M cancel=Esc panel=Ctrl+Alt+P live=3
2026-10-10T08:02:49.3302973Z time=2026-10-10T08:02:27.150Z level=INFO msg="cancel hotkey left unbound while idle: the configured key is borrowed only during Confirming and handed back at session end (ticket 245)" hotkey=cancel binding=Esc
2026-10-10T08:02:49.3303453Z time=2026-10-10T08:02:27.150Z level=INFO msg="ball: hotkeys rebound after config change" summon=Ctrl+Alt+Q mute=Ctrl+Alt+M cancel=Esc panel=Ctrl+Alt+P live=3
2026-10-10T08:02:49.3303627Z --- PASS: TestHotkeyReloaderRebindsOnConfigChange (0.00s)
2026-10-10T08:02:49.3303803Z === RUN   TestHotkeyReloaderSectionsHookIgnoresOtherSections
2026-10-10T08:02:49.3304458Z time=2026-10-10T08:02:27.151Z level=INFO msg="cancel hotkey left unbound while idle: the configured key is borrowed only during Confirming and handed back at session end (ticket 245)" hotkey=cancel binding=Esc
2026-10-10T08:02:49.3304938Z time=2026-10-10T08:02:27.151Z level=INFO msg="ball: hotkeys rebound after config change" summon=Ctrl+Alt+Q mute=Ctrl+Alt+M cancel=Esc panel=Ctrl+Alt+J live=3
2026-10-10T08:02:49.3305161Z --- PASS: TestHotkeyReloaderSectionsHookIgnoresOtherSections (0.00s)
2026-10-10T08:02:49.3305259Z === RUN   TestApplyHotkeyDefaults
2026-10-10T08:02:49.3305371Z --- PASS: TestApplyHotkeyDefaults (0.00s)
2026-10-10T08:02:49.3305468Z === RUN   TestParseAccelerator
2026-10-10T08:02:49.3305573Z --- PASS: TestParseAccelerator (0.00s)
2026-10-10T08:02:49.3305659Z === RUN   TestDefaultHotkeys
2026-10-10T08:02:49.3305763Z --- PASS: TestDefaultHotkeys (0.00s)
2026-10-10T08:02:49.3305897Z === RUN   TestLiquidRotationIsMonotonicInLevel
2026-10-10T08:02:49.3306043Z --- PASS: TestLiquidRotationIsMonotonicInLevel (0.00s)
2026-10-10T08:02:49.3306193Z === RUN   TestLiquidConvergesAndBorderFadesInOnSilence
2026-10-10T08:02:49.3306381Z --- PASS: TestLiquidConvergesAndBorderFadesInOnSilence (0.00s)
2026-10-10T08:02:49.3306501Z === RUN   TestSummonBurstIsBoundedAndRetires
2026-10-10T08:02:49.3306755Z --- PASS: TestSummonBurstIsBoundedAndRetires (0.00s)
2026-10-10T08:02:49.3306886Z === RUN   TestMotionOnlyAppliesInPrototypeMode
2026-10-10T08:02:49.3307035Z --- PASS: TestMotionOnlyAppliesInPrototypeMode (0.00s)
2026-10-10T08:02:49.3307152Z === RUN   TestBorderIsNeverAppliedInOneFrame
2026-10-10T08:02:49.3307292Z --- PASS: TestBorderIsNeverAppliedInOneFrame (0.00s)
2026-10-10T08:02:49.3307422Z === RUN   TestBorderGlidesInAfterTheSessionEnds
2026-10-10T08:02:49.3307578Z --- PASS: TestBorderGlidesInAfterTheSessionEnds (0.00s)
2026-10-10T08:02:49.3307927Z === RUN   TestSpeakingGlidesTheBorderBackOut
2026-10-10T08:02:49.3308208Z --- PASS: TestSpeakingGlidesTheBorderBackOut (0.00s)
2026-10-10T08:02:49.3308478Z === RUN   TestTransitionTimerSetIsTheFrozenTimerSet
2026-10-10T08:02:49.3308791Z --- PASS: TestTransitionTimerSetIsTheFrozenTimerSet (0.00s)
2026-10-10T08:02:49.3309055Z === RUN   TestSleepingFrameLosesTheBorderAuthority
2026-10-10T08:02:49.3309372Z --- PASS: TestSleepingFrameLosesTheBorderAuthority (0.00s)
2026-10-10T08:02:49.3309560Z === RUN   TestLiquidDrivenStateSet
2026-10-10T08:02:49.3309761Z --- PASS: TestLiquidDrivenStateSet (0.00s)
2026-10-10T08:02:49.3309952Z === RUN   TestPushLevelIsInputHardened
2026-10-10T08:02:49.3310172Z --- PASS: TestPushLevelIsInputHardened (0.00s)
2026-10-10T08:02:49.3310415Z === RUN   TestRepaintIsSkippedWhenNothingChanged
2026-10-10T08:02:49.3310708Z --- PASS: TestRepaintIsSkippedWhenNothingChanged (0.00s)
2026-10-10T08:02:49.3310893Z === RUN   TestPositionStoreRoundTrip
2026-10-10T08:02:49.3311125Z --- PASS: TestPositionStoreRoundTrip (0.01s)
2026-10-10T08:02:49.3324305Z === RUN   TestResolvePosition
2026-10-10T08:02:49.3324676Z === RUN   TestResolvePosition/saved_visible_on_its_monitor:_kept
2026-10-10T08:02:49.3325099Z === RUN   TestResolvePosition/saved_partially_off_right_edge:_clamped
2026-10-10T08:02:49.3325373Z === RUN   TestResolvePosition/saved_monitor_detached:_primary_default
2026-10-10T08:02:49.3325550Z === RUN   TestResolvePosition/nothing_saved:_primary_default
2026-10-10T08:02:49.3325868Z === RUN   TestResolvePosition/saved_point_on_no_monitor:_that-monitor_default_impossible_->_primary
2026-10-10T08:02:49.3326063Z === RUN   TestResolvePosition/primary_detection_when_listed_second
2026-10-10T08:02:49.3326174Z --- PASS: TestResolvePosition (0.00s)
2026-10-10T08:02:49.3326453Z     --- PASS: TestResolvePosition/saved_visible_on_its_monitor:_kept (0.00s)
2026-10-10T08:02:49.3326739Z     --- PASS: TestResolvePosition/saved_partially_off_right_edge:_clamped (0.00s)
2026-10-10T08:02:49.3327014Z     --- PASS: TestResolvePosition/saved_monitor_detached:_primary_default (0.00s)
2026-10-10T08:02:49.3327268Z     --- PASS: TestResolvePosition/nothing_saved:_primary_default (0.00s)
2026-10-10T08:02:49.3327693Z     --- PASS: TestResolvePosition/saved_point_on_no_monitor:_that-monitor_default_impossible_->_primary (0.00s)
2026-10-10T08:02:49.3327963Z     --- PASS: TestResolvePosition/primary_detection_when_listed_second (0.00s)
2026-10-10T08:02:49.3328084Z === RUN   TestDefaultPositionInsideWorkArea
2026-10-10T08:02:49.3328232Z --- PASS: TestDefaultPositionInsideWorkArea (0.00s)
2026-10-10T08:02:49.3328409Z === RUN   TestSTAReleaseAfterFailedCreateHandsBackNoWindow
2026-10-10T08:02:49.3329142Z     sta_release_windows_test.go:268: 33-r8 create-error door: tid=7788 planted hwnd=0x30166 | after plant: ball windows=1 all windows=2 classes=[WispBallWindow IME] queue head=empty
2026-10-10T08:02:49.3330147Z     sta_release_windows_test.go:270: 33-r8 create-error door: after the plants (window-addressed PostMessageW rc=1, thread-addressed PostThreadMessageW rc=1): ball windows=1 all=2 classes=[WispBallWindow IME] queue head=msg 0x82F8 on hwnd 0x30166
2026-10-10T08:02:49.3330953Z     sta_release_windows_test.go:272: 33-r8 create-error door: the instant start() returned: ball windows=0 all windows=0 classes=[] queue head=empty (start err=plant: renderer init failed plant err=<nil>)
2026-10-10T08:02:49.3331185Z --- PASS: TestSTAReleaseAfterFailedCreateHandsBackNoWindow (0.01s)
2026-10-10T08:02:49.3331555Z === RUN   TestSTAReleaseAfterPumpExitDispatchesItsQueue
2026-10-10T08:02:49.3334374Z     sta_release_windows_test.go:448: 33-r8 pump-exit door=quit-only: tid=7788 hwnd=0x40166 createErr=<nil> | after create: ball windows=1 all=2 classes=[WispBallWindow IME] head=empty | AT RELEASE: ball windows=0 all=0 classes=[] head=empty staThread.hwnd=0x0 | plant PostMessage rc=1 | this file's own pump moved 0 | after own teardown: ball windows=0 head=empty | what the release unwind logged=""
2026-10-10T08:02:49.3336831Z     sta_release_windows_test.go:448: 33-r8 pump-exit door=real-Close: tid=7788 hwnd=0x50166 createErr=<nil> | after create: ball windows=1 all=2 classes=[WispBallWindow IME] head=empty | AT RELEASE: ball windows=0 all=0 classes=[] head=empty staThread.hwnd=0x0 | plant PostMessage rc=0 | this file's own pump moved 0 | after own teardown: ball windows=0 head=empty | what the release unwind logged=""
2026-10-10T08:02:49.3337073Z --- PASS: TestSTAReleaseAfterPumpExitDispatchesItsQueue (0.02s)
2026-10-10T08:02:49.3337231Z === RUN   TestReleasePumpCapIsALoudReadingNotAGreen
2026-10-10T08:02:49.3340677Z     sta_release_windows_test.go:602: 33-r8b cap leg (planted 4160, want pump to stop at the cap): tid=7788 posted=4160 postErr=<nil> pumped=4096 head-after="msg 0x82F9 on hwnd 0x0" windows(ball/all)=0/0 classes=[] | own drain moved 64, head-final="empty" | logged="time=2026-10-10T08:02:27.214Z level=WARN msg=\"ball: the ui-sta release pump hit its cap before the thread's queue was empty; the thread goes back to the Go pool non-empty\" cap=4096 pumped=4096\n"
2026-10-10T08:02:49.3342337Z     sta_release_windows_test.go:605: 33-r8b control leg (planted 8, under the cap): tid=7788 posted=8 postErr=<nil> pumped=8 head-after="empty" windows(ball/all)=0/0 classes=[] | own drain moved 0, head-final="empty" | logged=""
2026-10-10T08:02:49.3342683Z --- PASS: TestReleasePumpCapIsALoudReadingNotAGreen (0.03s)
2026-10-10T08:02:49.3342893Z === RUN   TestC21TableColourRowsMatchCode
2026-10-10T08:02:49.3344058Z     tokens_table_test.go:780: light table reuses the :root value by cascade for 2 field(s): BallHalo, OnSolid (the table states this in prose above its light rows)
2026-10-10T08:02:49.3345110Z     tokens_table_test.go:805: verified 114/114 colour rows against tokens.go (40 palette fields checked in code -> table, 36 look colours, 4 looks)
2026-10-10T08:02:49.3345361Z --- PASS: TestC21TableColourRowsMatchCode (0.01s)
2026-10-10T08:02:49.3345585Z === RUN   TestC21GeometryRowsMatchCodeConstants
2026-10-10T08:02:49.3347031Z     tokens_table_test.go:955: docs/evidence/s1/c21-native-tokens.md:169: this row states a rule (缓动) without naming a Go constant, so there is no value to compare
2026-10-10T08:02:49.3349412Z     tokens_table_test.go:1059: MATCHED WITHOUT THE PROMISED UNIT (4): BallSizeMaxPx=72 @ docs/evidence/s1/c21-native-tokens.md:141, BallSizeMinPx=44 @ docs/evidence/s1/c21-native-tokens.md:141, FontSizeMicroPx=11 @ docs/evidence/s1/c21-native-tokens.md:159, FontSizeMonoPx=12.5 @ docs/evidence/s1/c21-native-tokens.md:159
2026-10-10T08:02:49.3370592Z     tokens_table_test.go:1063: NUMBERS NO NAMED CONSTANT CLAIMS (52): 0.35 @ docs/evidence/s1/c21-native-tokens.md:155, 0.55 @ docs/evidence/s1/c21-native-tokens.md:162, 0.8s @ docs/evidence/s1/c21-native-tokens.md:151, 1 @ docs/evidence/s1/c21-native-tokens.md:154, 1 @ docs/evidence/s1/c21-native-tokens.md:155, 1 @ docs/evidence/s1/c21-native-tokens.md:162, 1 @ docs/evidence/s1/c21-native-tokens.md:163, 1000 @ docs/evidence/s1/c21-native-tokens.md:165, 10fps @ docs/evidence/s1/c21-native-tokens.md:149, 160ms @ docs/evidence/s1/c21-native-tokens.md:157, 16px @ docs/evidence/s1/c21-native-tokens.md:166, 180ms @ docs/evidence/s1/c21-native-tokens.md:167, 2 @ docs/evidence/s1/c21-native-tokens.md:167, 2.1 @ docs/evidence/s1/c21-native-tokens.md:157, 21.75 @ docs/evidence/s1/c21-native-tokens.md:166, 22 @ docs/evidence/s1/c21-native-tokens.md:166, 22 @ docs/evidence/s1/c21-native-tokens.md:166, 220ms @ docs/evidence/s1/c21-native-tokens.md:167, 22px @ docs/evidence/s1/c21-native-tokens.md:168, 24 @ docs/evidence/s1/c21-native-tokens.md:168, 260ms @ docs/evidence/s1/c21-native-tokens.md:148, 2px @ docs/evidence/s1/c21-native-tokens.md:152, 3 @ docs/evidence/s1/c21-native-tokens.md:151, 30 @ docs/evidence/s1/c21-native-tokens.md:166, 30 @ docs/evidence/s1/c21-native-tokens.md:168, 300ms @ docs/evidence/s1/c21-native-tokens.md:167, 32 @ docs/evidence/s1/c21-native-tokens.md:168, 33 @ docs/evidence/s1/c21-native-tokens.md:163, 33ms @ docs/evidence/s1/c21-native-tokens.md:165, 34.72px @ docs/evidence/s1/c21-native-tokens.md:145, 4.2 @ docs/evidence/s1/c21-native-tokens.md:163, 44 @ docs/evidence/s1/c21-native-tokens.md:166, 56 @ docs/evidence/s1/c21-native-tokens.md:145, 5px @ docs/evidence/s1/c21-native-tokens.md:166, 62 @ docs/evidence/s1/c21-native-tokens.md:145, 62 @ docs/evidence/s1/c21-native-tokens.md:166, 72 @ docs/evidence/s1/c21-native-tokens.md:166, 74 @ docs/evidence/s1/c21-native-tokens.md:157, 74 @ docs/evidence/s1/c21-native-tokens.md:162, 74 @ docs/evidence/s1/c21-native-tokens.md:163, 8 @ docs/evidence/s1/c21-native-tokens.md:145, 8 @ docs/evidence/s1/c21-native-tokens.md:157, 8 @ docs/evidence/s1/c21-native-tokens.md:166, 8 @ docs/evidence/s1/c21-native-tokens.md:167, 838 @ docs/evidence/s1/c21-native-tokens.md:145, 8px @ docs/evidence/s1/c21-native-tokens.md:166, 9 @ docs/evidence/s1/c21-native-tokens.md:166, 9 @ docs/evidence/s1/c21-native-tokens.md:168, 900ms @ docs/evidence/s1/c21-native-tokens.md:167, 96dpi @ docs/evidence/s1/c21-native-tokens.md:161, 96dpi @ docs/evidence/s1/c21-native-tokens.md:166, 96dpi @ docs/evidence/s1/c21-native-tokens.md:168
2026-10-10T08:02:49.3372840Z     tokens_table_test.go:1065: checked 67 constant declarations across 29 geometry rows against 56 exported tokens.go constants + 11 tabled from hit.go/liquid.go
2026-10-10T08:02:49.3373139Z --- PASS: TestC21GeometryRowsMatchCodeConstants (0.04s)
2026-10-10T08:02:49.3373318Z === RUN   TestC21TokenConsumerReport
2026-10-10T08:02:49.3374101Z     tokens_table_test.go:1149: ZERO-CONSUMER TOKENS (27 of 116 checked; 89 are referenced by 18 non-test files):
2026-10-10T08:02:49.3374883Z     tokens_table_test.go:1156:   UNCONSUMED BallSizeLargePx (declared at docs/evidence/s1/c21-native-tokens.md:143)
2026-10-10T08:02:49.3375614Z     tokens_table_test.go:1156:   UNCONSUMED BallSizeSmallPx (declared at docs/evidence/s1/c21-native-tokens.md:142)
2026-10-10T08:02:49.3376375Z     tokens_table_test.go:1156:   UNCONSUMED CountdownFontPx (declared at docs/evidence/s1/c21-native-tokens.md:159)
2026-10-10T08:02:49.3377080Z     tokens_table_test.go:1156:   UNCONSUMED DurBaseMs (declared at docs/evidence/s1/c21-native-tokens.md:147)
2026-10-10T08:02:49.3377797Z     tokens_table_test.go:1156:   UNCONSUMED DurFastMs (declared at docs/evidence/s1/c21-native-tokens.md:146)
2026-10-10T08:02:49.3378482Z     tokens_table_test.go:1156:   UNCONSUMED DurSlowMs (declared at docs/evidence/s1/c21-native-tokens.md:148)
2026-10-10T08:02:49.3379277Z     tokens_table_test.go:1156:   UNCONSUMED FirstRunGuidePulseMs (declared at docs/evidence/s1/c21-native-tokens.md:154)
2026-10-10T08:02:49.3381697Z     tokens_table_test.go:1156:   UNCONSUMED FontSizeMonoPx (declared at docs/evidence/s1/c21-native-tokens.md:159)
2026-10-10T08:02:49.3382589Z     tokens_table_test.go:1156:   UNCONSUMED Palette.FgPrimary
2026-10-10T08:02:49.3383040Z     tokens_table_test.go:1156:   UNCONSUMED Palette.FgTertiary
2026-10-10T08:02:49.3383346Z     tokens_table_test.go:1156:   UNCONSUMED Palette.GlassHi
2026-10-10T08:02:49.3383694Z     tokens_table_test.go:1156:   UNCONSUMED Palette.GlassHiSoft
2026-10-10T08:02:49.3384070Z     tokens_table_test.go:1156:   UNCONSUMED Palette.GlassRing
2026-10-10T08:02:49.3384442Z     tokens_table_test.go:1156:   UNCONSUMED Palette.InfoLine
2026-10-10T08:02:49.3384802Z     tokens_table_test.go:1156:   UNCONSUMED Palette.OrbShadow
2026-10-10T08:02:49.3385224Z     tokens_table_test.go:1156:   UNCONSUMED Palette.TintAccentHi
2026-10-10T08:02:49.3385911Z     tokens_table_test.go:1156:   UNCONSUMED Palette.TintDangerHi
2026-10-10T08:02:49.3386333Z     tokens_table_test.go:1156:   UNCONSUMED Palette.TintDangerLo
2026-10-10T08:02:49.3386745Z     tokens_table_test.go:1156:   UNCONSUMED Palette.TintNeutralHi
2026-10-10T08:02:49.3387148Z     tokens_table_test.go:1156:   UNCONSUMED Palette.TintNeutralLo
2026-10-10T08:02:49.3387545Z     tokens_table_test.go:1156:   UNCONSUMED Palette.TintSuccessHi
2026-10-10T08:02:49.3387918Z     tokens_table_test.go:1156:   UNCONSUMED Palette.TintSuccessLo
2026-10-10T08:02:49.3388461Z     tokens_table_test.go:1156:   UNCONSUMED Palette.TintWarmHi
2026-10-10T08:02:49.3388837Z     tokens_table_test.go:1156:   UNCONSUMED Palette.TintWarmLo
2026-10-10T08:02:49.3389200Z     tokens_table_test.go:1156:   UNCONSUMED Palette.TintWarnHi
2026-10-10T08:02:49.3389564Z     tokens_table_test.go:1156:   UNCONSUMED Palette.TintWarnLo
2026-10-10T08:02:49.3389891Z     tokens_table_test.go:1156:   UNCONSUMED looks[*].Deep
2026-10-10T08:02:49.3391645Z     tokens_table_test.go:1198: 未接线豁免: 24 row(s) attribute all 27 zero-consumer token(s); 89/116 checked tokens are live
2026-10-10T08:02:49.3392084Z --- PASS: TestC21TokenConsumerReport (0.02s)
2026-10-10T08:02:49.3392332Z === RUN   TestC21CodeTokensAreTabledOrExempt
2026-10-10T08:02:49.3393113Z     tokens_table_test.go:1304: EXEMPT HTClient (hit.go) is outside the table on purpose: Win32 hit-test return value, not a design token
2026-10-10T08:02:49.3393673Z     tokens_table_test.go:1304: EXEMPT HTTransparent (hit.go) is outside the table on purpose: Win32 hit-test return value, not a design token
2026-10-10T08:02:49.3394183Z     tokens_table_test.go:1304: EXEMPT HTNowhere (hit.go) is outside the table on purpose: Win32 hit-test return value, not a design token
2026-10-10T08:02:49.3394802Z     tokens_table_test.go:1304: EXEMPT AltSummonSpace (hotkey_windows.go) is outside the table on purpose: Default hotkey text (SPEC-04 surface), not a C21 token
2026-10-10T08:02:49.3394973Z --- PASS: TestC21CodeTokensAreTabledOrExempt (0.13s)
2026-10-10T08:02:49.3395116Z === RUN   TestC21TableColourRowsMatchTokensCSS
2026-10-10T08:02:49.3396828Z     tokens_table_test.go:1530: three-way colour check: 78/78 cited rows agree across docs/evidence/s1/c21-native-tokens.md, design/assets/tokens.css and internal/ball/tokens.go (:root=129 decls, light=65)
2026-10-10T08:02:49.3397178Z --- PASS: TestC21TableColourRowsMatchTokensCSS (0.00s)
2026-10-10T08:02:49.3397362Z === RUN   TestTokenGoldenValues
2026-10-10T08:02:49.3397572Z --- PASS: TestTokenGoldenValues (0.00s)
2026-10-10T08:02:49.3397764Z === RUN   TestPremultipliedDerivation
2026-10-10T08:02:49.3397990Z --- PASS: TestPremultipliedDerivation (0.00s)
2026-10-10T08:02:49.3398205Z === RUN   TestNoHardcodedColorsInBallPackage
2026-10-10T08:02:49.3398449Z --- PASS: TestNoHardcodedColorsInBallPackage (0.03s)
2026-10-10T08:02:49.3398667Z === RUN   TestVisualForCoversAllTwentyStates
2026-10-10T08:02:49.3398898Z --- PASS: TestVisualForCoversAllTwentyStates (0.00s)
2026-10-10T08:02:49.3399086Z === RUN   TestSleepingSizeTruthTable
2026-10-10T08:02:49.3399281Z --- PASS: TestSleepingSizeTruthTable (0.00s)
2026-10-10T08:02:49.3399534Z === RUN   TestRecordedSleepingDiffBoxIsNotA44pxBody
2026-10-10T08:02:49.3399842Z --- PASS: TestRecordedSleepingDiffBoxIsNotA44pxBody (0.00s)
2026-10-10T08:02:49.3399998Z === RUN   TestAnimatedWhitelist
2026-10-10T08:02:49.3400697Z --- PASS: TestAnimatedWhitelist (0.00s)
2026-10-10T08:02:49.3401339Z === RUN   TestAnimationPolicyZeroTimerInSleeping
2026-10-10T08:02:49.3402214Z --- PASS: TestAnimationPolicyZeroTimerInSleeping (0.00s)
2026-10-10T08:02:49.3402413Z === RUN   TestHitTestAndDPIInjection
2026-10-10T08:02:49.3402636Z --- PASS: TestHitTestAndDPIInjection (0.00s)
2026-10-10T08:02:49.3402924Z PASS
2026-10-10T08:02:49.3403143Z ok  	github.com/CarlosShao/wisp/internal/ball	0.463s
2026-10-10T08:02:49.3403568Z time=2026-10-10T08:02:28.454Z level=INFO msg="winsec: sealing path resolver installed" resolver=risk.c26Pipeline probes_passed=2
2026-10-10T08:02:49.3403896Z === RUN   TestTicket90ThreeModesAndNoFourth
2026-10-10T08:02:49.3404047Z --- PASS: TestTicket90ThreeModesAndNoFourth (0.00s)
2026-10-10T08:02:49.3404246Z === RUN   TestTicket90OnlyAutoCostsAConfirmAndAllThreeAreAudited
2026-10-10T08:02:49.3404492Z --- PASS: TestTicket90OnlyAutoCostsAConfirmAndAllThreeAreAudited (0.00s)
2026-10-10T08:02:49.3404636Z === RUN   TestTicket90NoConfirmChannelMeansNoAuto
2026-10-10T08:02:49.3404799Z --- PASS: TestTicket90NoConfirmChannelMeansNoAuto (0.00s)
2026-10-10T08:02:49.3405028Z === RUN   TestTicket90ConfirmRefusalLeavesModeAlone
2026-10-10T08:02:49.3405209Z --- PASS: TestTicket90ConfirmRefusalLeavesModeAlone (0.00s)
2026-10-10T08:02:49.3405343Z === RUN   TestTicket90PersistFailureKeepsMemory
2026-10-10T08:02:49.3405497Z --- PASS: TestTicket90PersistFailureKeepsMemory (0.00s)
2026-10-10T08:02:49.3405611Z === RUN   TestTicket90SnapshotIsReadOnly
2026-10-10T08:02:49.3405798Z --- PASS: TestTicket90SnapshotIsReadOnly (0.00s)
2026-10-10T08:02:49.3405979Z === RUN   TestTicket90ScreenTable
2026-10-10T08:02:49.3406116Z --- PASS: TestTicket90ScreenTable (0.00s)
2026-10-10T08:02:49.3406343Z === RUN   TestTicket90TaintFlagAndDenyAreNeverSilenced
2026-10-10T08:02:49.3406593Z --- PASS: TestTicket90TaintFlagAndDenyAreNeverSilenced (0.00s)
2026-10-10T08:02:49.3406798Z === RUN   TestTicket90ParseModeIsLoud
2026-10-10T08:02:49.3407233Z --- PASS: TestTicket90ParseModeIsLoud (0.00s)
2026-10-10T08:02:49.3407484Z === RUN   TestTicket90ManualSwitchSurvivesRestart
2026-10-10T08:02:49.3411833Z time=2026-10-10T08:02:28.618Z level=INFO msg="config: wrote merged change into config.toml (ticket 226: only the keys listed changed value, every other key keeps the value the file already held; the file is re-laid in canonical form, so comments and hand-chosen key order are not preserved)" key=risk.permission_mode wrote=[risk.permission_mode]
2026-10-10T08:02:49.3415310Z time=2026-10-10T08:02:28.626Z level=INFO msg="config: wrote merged change into config.toml (ticket 226: only the keys listed changed value, every other key keeps the value the file already held; the file is re-laid in canonical form, so comments and hand-chosen key order are not preserved)" key=risk.permission_mode wrote=[risk.permission_mode]
2026-10-10T08:02:49.3415670Z --- PASS: TestTicket90ManualSwitchSurvivesRestart (0.15s)
2026-10-10T08:02:49.3415952Z === RUN   TestTicket90UntouchedConfigStartsAtTheDefault
2026-10-10T08:02:49.3416294Z --- PASS: TestTicket90UntouchedConfigStartsAtTheDefault (0.05s)
2026-10-10T08:02:49.3416560Z === RUN   TestTicket90SessionGrantDoesNotSurviveRestart
2026-10-10T08:02:49.3416899Z --- PASS: TestTicket90SessionGrantDoesNotSurviveRestart (0.87s)
2026-10-10T08:02:49.3417823Z === RUN   TestTicket90ConfigKeyChangesWhatTheChainAsks
2026-10-10T08:02:49.3418211Z --- PASS: TestTicket90ConfigKeyChangesWhatTheChainAsks (0.11s)
2026-10-10T08:02:49.3418484Z === RUN   TestTicket90HandEditLooseningGoesThroughD36
2026-10-10T08:02:49.3419664Z time=2026-10-10T08:02:29.732Z level=WARN msg="config: locked loosening approved via L2 re-confirmation (D36 rule 1)" section=risk keys=[risk.permission_mode]
2026-10-10T08:02:49.3422250Z     ticket90_persist_test.go:365: t90dump file=2569 bytes err=<nil> report=&{Hot:[] Reload:[] Restart:[] Locked:[{Section:risk Direction:loosen Approved:true Keys:[risk.permission_mode]}]} locked=[{Section:risk Direction:loosen Approved:true Keys:[risk.permission_mode]}]
2026-10-10T08:02:49.3423056Z time=2026-10-10T08:02:29.774Z level=INFO msg="config: locked section tightened, hot-applied" section=risk keys=[risk.permission_mode]
2026-10-10T08:02:49.3425237Z time=2026-10-10T08:02:29.793Z level=INFO msg="config: wrote merged change into config.toml (ticket 226: only the keys listed changed value, every other key keeps the value the file already held; the file is re-laid in canonical form, so comments and hand-chosen key order are not preserved)" key=risk.permission_mode wrote=[risk.permission_mode]
2026-10-10T08:02:49.3425581Z --- PASS: TestTicket90HandEditLooseningGoesThroughD36 (0.10s)
2026-10-10T08:02:49.3425922Z PASS
2026-10-10T08:02:49.3426173Z ok  	github.com/CarlosShao/wisp/internal/perm	1.427s
2026-10-10T08:02:49.3426373Z === RUN   TestDisposeRunsInReverseOrder
2026-10-10T08:02:49.3427220Z time=2026-10-10T08:02:29.884Z level=INFO msg="scope disposed" scope=task-reverse completed=3 failed=0 disposal_incomplete=false timed_out=false
2026-10-10T08:02:49.3427462Z --- PASS: TestDisposeRunsInReverseOrder (0.07s)
2026-10-10T08:02:49.3427633Z === RUN   TestDisposeIsIdempotent
2026-10-10T08:02:49.3428619Z time=2026-10-10T08:02:29.942Z level=INFO msg="scope disposed" scope=task-idempotent completed=2 failed=0 disposal_incomplete=false timed_out=false
2026-10-10T08:02:49.3428830Z --- PASS: TestDisposeIsIdempotent (0.01s)
2026-10-10T08:02:49.3429055Z === RUN   TestDisposePanicDoesNotBlockOthers
2026-10-10T08:02:49.3437886Z time=2026-10-10T08:02:29.963Z level=ERROR msg="goroutine panic recovered" goroutine=disposal-worker owner=scope:task-panic root="" error_class=internal recovered="destroy failed: injected" stack="goroutine 19 [running]:\nruntime/debug.Stack()\n\tC:/hostedtoolcache/windows/go/1.27.2/x64/src/runtime/debug/stack.go:26 +0x5e\ngithub.com/CarlosShao/wisp/internal/observe.(*Registry).run.func1()\n\tD:/a/wisp/wisp/internal/observe/goroutine.go:302 +0xbe\npanic({0x7ff73d585d50?, 0x7ff73d3be250?})\n\tC:/hostedtoolcache/windows/go/1.27.2/x64/src/runtime/panic.go:859 +0x125\ngithub.com/CarlosShao/wisp/internal/plugin.TestDisposePanicDoesNotBlockOthers.func1()\n\tD:/a/wisp/wisp/internal/plugin/disposal_test.go:87 +0x25\ngithub.com/CarlosShao/wisp/internal/plugin.(*DisposalScope).Dispose.func1({0x0?, 0x0?})\n\tD:/a/wisp/wisp/internal/plugin/disposal.go:297 +0x13\ngithub.com/CarlosShao/wisp/internal/observe.(*Registry).run(0x0?, 0x0?, {0x7ff73d3ab8e6?, 0x1388012edfd0?}, {0x138801189b30?, 0x0?}, 0x0?, 0x0?)\n\tD:/a/wisp/wisp/internal/observe/goroutine.go:340 +0x97\ncreated by github.com/CarlosShao/wisp/internal/observe.(*Registry).Spawn in goroutine 15\n\tD:/a/wisp/wisp/internal/observe/goroutine.go:281 +0x387\n" at=2026-10-10T08:02:29Z
2026-10-10T08:02:49.3439237Z time=2026-10-10T08:02:29.977Z level=ERROR msg="disposal step failed" scope=task-panic step=panics kind=panic err="internal: panic in goroutine \"disposal-worker\" (owner scope:task-panic): destroy failed: injected"
2026-10-10T08:02:49.3440045Z time=2026-10-10T08:02:29.977Z level=INFO msg="scope disposed" scope=task-panic completed=2 failed=1 disposal_incomplete=false timed_out=false
2026-10-10T08:02:49.3440310Z --- PASS: TestDisposePanicDoesNotBlockOthers (0.04s)
2026-10-10T08:02:49.3440521Z === RUN   TestDisposeTimeoutMarksIncomplete
2026-10-10T08:02:49.3441454Z time=2026-10-10T08:02:30.064Z level=ERROR msg="disposal step failed" scope=task-timeout step=blocks kind=incomplete err="timed out after 60ms (total budget 60ms)"
2026-10-10T08:02:49.3442453Z time=2026-10-10T08:02:30.064Z level=ERROR msg="disposal step failed" scope=task-timeout step=never-runs kind=incomplete err="disposal budget exhausted before this step ran"
2026-10-10T08:02:49.3443256Z time=2026-10-10T08:02:30.064Z level=INFO msg="scope disposed" scope=task-timeout completed=0 failed=2 disposal_incomplete=true timed_out=true
2026-10-10T08:02:49.3443509Z --- PASS: TestDisposeTimeoutMarksIncomplete (0.09s)
2026-10-10T08:02:49.3443675Z === RUN   TestDisposeTailOrder
2026-10-10T08:02:49.3444443Z time=2026-10-10T08:02:30.078Z level=INFO msg="scope disposed" scope=task-tail completed=1 failed=0 disposal_incomplete=false timed_out=false
2026-10-10T08:02:49.3444632Z --- PASS: TestDisposeTailOrder (0.01s)
2026-10-10T08:02:49.3444830Z === RUN   TestDeferAfterDisposeIsVisible
2026-10-10T08:02:49.3445602Z time=2026-10-10T08:02:30.085Z level=INFO msg="scope disposed" scope=task-late completed=0 failed=0 disposal_incomplete=false timed_out=false
2026-10-10T08:02:49.3446275Z time=2026-10-10T08:02:30.085Z level=ERROR msg="disposal_incomplete: Defer called after Dispose" scope=task-late step=step-1
2026-10-10T08:02:49.3446508Z --- PASS: TestDeferAfterDisposeIsVisible (0.01s)
2026-10-10T08:02:49.3446856Z === RUN   TestGoGoroutineGetsScopeCtx
2026-10-10T08:02:49.3447605Z time=2026-10-10T08:02:30.112Z level=INFO msg="scope disposed" scope=task-go completed=0 failed=0 disposal_incomplete=false timed_out=false
2026-10-10T08:02:49.3447829Z --- PASS: TestGoGoroutineGetsScopeCtx (0.03s)
2026-10-10T08:02:49.3447946Z PASS
2026-10-10T08:02:49.3448197Z ok  	github.com/CarlosShao/wisp/internal/plugin	0.316s
2026-10-10T08:02:49.3449005Z time=2026-10-10T08:02:30.650Z level=INFO msg="winsec: sealing path resolver installed" resolver=risk.c26Pipeline probes_passed=2
2026-10-10T08:02:49.3449232Z === RUN   TestRecordWithoutKeyFailsExplicitly
2026-10-10T08:02:49.3449498Z --- PASS: TestRecordWithoutKeyFailsExplicitly (0.00s)
2026-10-10T08:02:49.3449767Z === RUN   TestRecordCapturesSSEAndWritesParsableGolden
2026-10-10T08:02:49.3450940Z recorded C:\Users\RUNNER~1\AppData\Local\Temp\TestRecordCapturesSSEAndWritesParsableGolden2136904718\001\record-smoke.sse (167 bytes of SSE)
2026-10-10T08:02:49.3451302Z --- PASS: TestRecordCapturesSSEAndWritesParsableGolden (0.01s)
2026-10-10T08:02:49.3451416Z PASS
2026-10-10T08:02:49.3451643Z ok  	github.com/CarlosShao/wisp/cmd/llmrecord	0.154s
2026-10-10T08:02:49.3451844Z === RUN   TestTicket224MintIsRandomAndValid
2026-10-10T08:02:49.3452086Z --- PASS: TestTicket224MintIsRandomAndValid (0.00s)
2026-10-10T08:02:49.3452392Z === RUN   TestTicket224TestLiteralsAreOutsideTheMintedShape
2026-10-10T08:02:49.3452783Z --- PASS: TestTicket224TestLiteralsAreOutsideTheMintedShape (0.00s)
2026-10-10T08:02:49.3453021Z === RUN   TestTicket224RecordWritesOneRowPerAnswer
2026-10-10T08:02:49.3454531Z time=2026-10-10T08:02:30.872Z level=INFO msg="pre-migration backup written" component=memory backup=C:\Users\RUNNER~1\AppData\Local\Temp\TestTicket224RecordWritesOneRowPerAnswer1710940842\001\data\backup\wisp.db.bak-0-1 from=0 to=1
2026-10-10T08:02:49.3455360Z time=2026-10-10T08:02:31.003Z level=INFO msg="schema migration step applied" component=memory from=0 to=1 started_at=2026-10-10T08:02:30Z duration_ms=73
2026-10-10T08:02:49.3456858Z time=2026-10-10T08:02:31.163Z level=INFO msg="pre-migration backup written" component=memory backup=C:\Users\RUNNER~1\AppData\Local\Temp\TestTicket224RecordWritesOneRowPerAnswer1710940842\001\data\backup\wisp.db.bak-1-2 from=1 to=2
2026-10-10T08:02:49.3457690Z time=2026-10-10T08:02:31.242Z level=INFO msg="schema migration step applied" component=memory from=1 to=2 started_at=2026-10-10T08:02:31Z duration_ms=78
2026-10-10T08:02:49.3458237Z time=2026-10-10T08:02:31.317Z level=INFO msg="schema migration complete" component=memory schema_version=2
2026-10-10T08:02:49.3458975Z time=2026-10-10T08:02:31.445Z level=INFO msg="startup WAL checkpoint (TRUNCATE) done" component=memory wal_pages_before=0 pages_moved=0
2026-10-10T08:02:49.3459274Z --- PASS: TestTicket224RecordWritesOneRowPerAnswer (0.92s)
2026-10-10T08:02:49.3459525Z === RUN   TestTicket224RecordRefusesUnusableSubjects
2026-10-10T08:02:49.3461046Z time=2026-10-10T08:02:32.073Z level=INFO msg="pre-migration backup written" component=memory backup=C:\Users\RUNNER~1\AppData\Local\Temp\TestTicket224RecordRefusesUnusableSubjects1570935508\001\data\backup\wisp.db.bak-0-1 from=0 to=1
2026-10-10T08:02:49.3461869Z time=2026-10-10T08:02:32.162Z level=INFO msg="schema migration step applied" component=memory from=0 to=1 started_at=2026-10-10T08:02:32Z duration_ms=88
2026-10-10T08:02:49.3463391Z time=2026-10-10T08:02:32.215Z level=INFO msg="pre-migration backup written" component=memory backup=C:\Users\RUNNER~1\AppData\Local\Temp\TestTicket224RecordRefusesUnusableSubjects1570935508\001\data\backup\wisp.db.bak-1-2 from=1 to=2
2026-10-10T08:02:49.3464214Z time=2026-10-10T08:02:32.261Z level=INFO msg="schema migration step applied" component=memory from=1 to=2 started_at=2026-10-10T08:02:32Z duration_ms=45
2026-10-10T08:02:49.3464755Z time=2026-10-10T08:02:32.305Z level=INFO msg="schema migration complete" component=memory schema_version=2
2026-10-10T08:02:49.3465629Z time=2026-10-10T08:02:32.307Z level=INFO msg="startup WAL checkpoint (TRUNCATE) done" component=memory wal_pages_before=0 pages_moved=0
2026-10-10T08:02:49.3465929Z === RUN   TestTicket224RecordRefusesUnusableSubjects/no_tool
2026-10-10T08:02:49.3466252Z === RUN   TestTicket224RecordRefusesUnusableSubjects/blank_tool
2026-10-10T08:02:49.3466567Z === RUN   TestTicket224RecordRefusesUnusableSubjects/no_pattern
2026-10-10T08:02:49.3466918Z === RUN   TestTicket224RecordRefusesUnusableSubjects/unresolved_path
2026-10-10T08:02:49.3467338Z --- PASS: TestTicket224RecordRefusesUnusableSubjects (0.67s)
2026-10-10T08:02:49.3467810Z     --- PASS: TestTicket224RecordRefusesUnusableSubjects/no_tool (0.00s)
2026-10-10T08:02:49.3468304Z     --- PASS: TestTicket224RecordRefusesUnusableSubjects/blank_tool (0.00s)
2026-10-10T08:02:49.3468780Z     --- PASS: TestTicket224RecordRefusesUnusableSubjects/no_pattern (0.00s)
2026-10-10T08:02:49.3469310Z     --- PASS: TestTicket224RecordRefusesUnusableSubjects/unresolved_path (0.00s)
2026-10-10T08:02:49.3469562Z === RUN   TestTicket224CoveringMatchesItsOwnSession
2026-10-10T08:02:49.3471301Z time=2026-10-10T08:02:32.444Z level=INFO msg="pre-migration backup written" component=memory backup=C:\Users\RUNNER~1\AppData\Local\Temp\TestTicket224CoveringMatchesItsOwnSession3672189020\001\data\backup\wisp.db.bak-0-1 from=0 to=1
2026-10-10T08:02:49.3472136Z time=2026-10-10T08:02:32.512Z level=INFO msg="schema migration step applied" component=memory from=0 to=1 started_at=2026-10-10T08:02:32Z duration_ms=67
2026-10-10T08:02:49.3473641Z time=2026-10-10T08:02:32.569Z level=INFO msg="pre-migration backup written" component=memory backup=C:\Users\RUNNER~1\AppData\Local\Temp\TestTicket224CoveringMatchesItsOwnSession3672189020\001\data\backup\wisp.db.bak-1-2 from=1 to=2
2026-10-10T08:02:49.3474541Z time=2026-10-10T08:02:32.592Z level=INFO msg="schema migration step applied" component=memory from=1 to=2 started_at=2026-10-10T08:02:32Z duration_ms=23
2026-10-10T08:02:49.3475085Z time=2026-10-10T08:02:32.647Z level=INFO msg="schema migration complete" component=memory schema_version=2
2026-10-10T08:02:49.3475812Z time=2026-10-10T08:02:32.649Z level=INFO msg="startup WAL checkpoint (TRUNCATE) done" component=memory wal_pages_before=0 pages_moved=0
2026-10-10T08:02:49.3476141Z === RUN   TestTicket224CoveringMatchesItsOwnSession/another_tool
2026-10-10T08:02:49.3476466Z === RUN   TestTicket224CoveringMatchesItsOwnSession/another_path
2026-10-10T08:02:49.3476771Z === RUN   TestTicket224CoveringMatchesItsOwnSession/no_paths
2026-10-10T08:02:49.3477078Z === RUN   TestTicket224CoveringMatchesItsOwnSession/blank_path
2026-10-10T08:02:49.3477430Z === RUN   TestTicket224CoveringMatchesItsOwnSession/unresolved_path
2026-10-10T08:02:49.3477836Z === RUN   TestTicket224CoveringMatchesItsOwnSession/partial_coverage_of_two
2026-10-10T08:02:49.3478132Z --- PASS: TestTicket224CoveringMatchesItsOwnSession (0.39s)
2026-10-10T08:02:49.3478629Z     --- PASS: TestTicket224CoveringMatchesItsOwnSession/another_tool (0.00s)
2026-10-10T08:02:49.3479126Z     --- PASS: TestTicket224CoveringMatchesItsOwnSession/another_path (0.00s)
2026-10-10T08:02:49.3479585Z     --- PASS: TestTicket224CoveringMatchesItsOwnSession/no_paths (0.00s)
2026-10-10T08:02:49.3480050Z     --- PASS: TestTicket224CoveringMatchesItsOwnSession/blank_path (0.00s)
2026-10-10T08:02:49.3480570Z     --- PASS: TestTicket224CoveringMatchesItsOwnSession/unresolved_path (0.00s)
2026-10-10T08:02:49.3481162Z     --- PASS: TestTicket224CoveringMatchesItsOwnSession/partial_coverage_of_two (0.00s)
2026-10-10T08:02:49.3481452Z === RUN   TestTicket224CoveringDoesNotCrossToANewSession
2026-10-10T08:02:49.3483017Z time=2026-10-10T08:02:32.829Z level=INFO msg="pre-migration backup written" component=memory backup=C:\Users\RUNNER~1\AppData\Local\Temp\TestTicket224CoveringDoesNotCrossToANewSession4135976741\001\data\backup\wisp.db.bak-0-1 from=0 to=1
2026-10-10T08:02:49.3483851Z time=2026-10-10T08:02:32.857Z level=INFO msg="schema migration step applied" component=memory from=0 to=1 started_at=2026-10-10T08:02:32Z duration_ms=27
2026-10-10T08:02:49.3485543Z time=2026-10-10T08:02:32.943Z level=INFO msg="pre-migration backup written" component=memory backup=C:\Users\RUNNER~1\AppData\Local\Temp\TestTicket224CoveringDoesNotCrossToANewSession4135976741\001\data\backup\wisp.db.bak-1-2 from=1 to=2
2026-10-10T08:02:49.3486375Z time=2026-10-10T08:02:33.009Z level=INFO msg="schema migration step applied" component=memory from=1 to=2 started_at=2026-10-10T08:02:32Z duration_ms=65
2026-10-10T08:02:49.3487030Z time=2026-10-10T08:02:33.150Z level=INFO msg="schema migration complete" component=memory schema_version=2
2026-10-10T08:02:49.3487772Z time=2026-10-10T08:02:33.154Z level=INFO msg="startup WAL checkpoint (TRUNCATE) done" component=memory wal_pages_before=0 pages_moved=0
2026-10-10T08:02:49.3488129Z --- PASS: TestTicket224CoveringDoesNotCrossToANewSession (0.55s)
2026-10-10T08:02:49.3488377Z === RUN   TestTicket224ExpiredOrRevokedRowIsNotLive
2026-10-10T08:02:49.3489883Z time=2026-10-10T08:02:33.602Z level=INFO msg="pre-migration backup written" component=memory backup=C:\Users\RUNNER~1\AppData\Local\Temp\TestTicket224ExpiredOrRevokedRowIsNotLive3670624872\001\data\backup\wisp.db.bak-0-1 from=0 to=1
2026-10-10T08:02:49.3490714Z time=2026-10-10T08:02:33.679Z level=INFO msg="schema migration step applied" component=memory from=0 to=1 started_at=2026-10-10T08:02:33Z duration_ms=76
2026-10-10T08:02:49.3492451Z time=2026-10-10T08:02:33.746Z level=INFO msg="pre-migration backup written" component=memory backup=C:\Users\RUNNER~1\AppData\Local\Temp\TestTicket224ExpiredOrRevokedRowIsNotLive3670624872\001\data\backup\wisp.db.bak-1-2 from=1 to=2
2026-10-10T08:02:49.3493297Z time=2026-10-10T08:02:33.789Z level=INFO msg="schema migration step applied" component=memory from=1 to=2 started_at=2026-10-10T08:02:33Z duration_ms=43
2026-10-10T08:02:49.3493835Z time=2026-10-10T08:02:33.865Z level=INFO msg="schema migration complete" component=memory schema_version=2
2026-10-10T08:02:49.3494569Z time=2026-10-10T08:02:33.867Z level=INFO msg="startup WAL checkpoint (TRUNCATE) done" component=memory wal_pages_before=0 pages_moved=0
2026-10-10T08:02:49.3494871Z --- PASS: TestTicket224ExpiredOrRevokedRowIsNotLive (0.74s)
2026-10-10T08:02:49.3495130Z === RUN   TestTicket224LedgerFailsClosedOnStoreErrors
2026-10-10T08:02:49.3495450Z --- PASS: TestTicket224LedgerFailsClosedOnStoreErrors (0.00s)
2026-10-10T08:02:49.3495696Z === RUN   TestTicket224NewLedgerRefusesHandWrittenIDs
2026-10-10T08:02:49.3497209Z time=2026-10-10T08:02:34.177Z level=INFO msg="pre-migration backup written" component=memory backup=C:\Users\RUNNER~1\AppData\Local\Temp\TestTicket224NewLedgerRefusesHandWrittenIDs315162681\001\data\backup\wisp.db.bak-0-1 from=0 to=1
2026-10-10T08:02:49.3498035Z time=2026-10-10T08:02:34.223Z level=INFO msg="schema migration step applied" component=memory from=0 to=1 started_at=2026-10-10T08:02:34Z duration_ms=45
2026-10-10T08:02:49.3499541Z time=2026-10-10T08:02:34.279Z level=INFO msg="pre-migration backup written" component=memory backup=C:\Users\RUNNER~1\AppData\Local\Temp\TestTicket224NewLedgerRefusesHandWrittenIDs315162681\001\data\backup\wisp.db.bak-1-2 from=1 to=2
2026-10-10T08:02:49.3500375Z time=2026-10-10T08:02:34.512Z level=INFO msg="schema migration step applied" component=memory from=1 to=2 started_at=2026-10-10T08:02:34Z duration_ms=233
2026-10-10T08:02:49.3500908Z time=2026-10-10T08:02:34.604Z level=INFO msg="schema migration complete" component=memory schema_version=2
2026-10-10T08:02:49.3501645Z time=2026-10-10T08:02:34.606Z level=INFO msg="startup WAL checkpoint (TRUNCATE) done" component=memory wal_pages_before=0 pages_moved=0
2026-10-10T08:02:49.3501961Z --- PASS: TestTicket224NewLedgerRefusesHandWrittenIDs (0.58s)
2026-10-10T08:02:49.3502208Z === RUN   TestTicket224WildcardRowCoversAConcretePath
2026-10-10T08:02:49.3503729Z time=2026-10-10T08:02:34.810Z level=INFO msg="pre-migration backup written" component=memory backup=C:\Users\RUNNER~1\AppData\Local\Temp\TestTicket224WildcardRowCoversAConcretePath2818701409\002\data\backup\wisp.db.bak-0-1 from=0 to=1
2026-10-10T08:02:49.3504739Z time=2026-10-10T08:02:34.859Z level=INFO msg="schema migration step applied" component=memory from=0 to=1 started_at=2026-10-10T08:02:34Z duration_ms=48
2026-10-10T08:02:49.3507677Z time=2026-10-10T08:02:34.951Z level=INFO msg="pre-migration backup written" component=memory backup=C:\Users\RUNNER~1\AppData\Local\Temp\TestTicket224WildcardRowCoversAConcretePath2818701409\002\data\backup\wisp.db.bak-1-2 from=1 to=2
2026-10-10T08:02:49.3508312Z time=2026-10-10T08:02:35.008Z level=INFO msg="schema migration step applied" component=memory from=1 to=2 started_at=2026-10-10T08:02:34Z duration_ms=56
2026-10-10T08:02:49.3508650Z time=2026-10-10T08:02:35.073Z level=INFO msg="schema migration complete" component=memory schema_version=2
2026-10-10T08:02:49.3509085Z time=2026-10-10T08:02:35.075Z level=INFO msg="startup WAL checkpoint (TRUNCATE) done" component=memory wal_pages_before=0 pages_moved=0
2026-10-10T08:02:49.3509304Z --- PASS: TestTicket224WildcardRowCoversAConcretePath (0.57s)
2026-10-10T08:02:49.3509439Z === RUN   TestTicket224DialectIsPathMatchNotRegex
2026-10-10T08:02:49.3509700Z === RUN   TestTicket224DialectIsPathMatchNotRegex/question_mark_is_a_single_character
2026-10-10T08:02:49.3510782Z time=2026-10-10T08:02:35.300Z level=INFO msg="pre-migration backup written" component=memory backup=C:\Users\RUNNER~1\AppData\Local\Temp\TestTicket224DialectIsPathMatchNotRegexquestion_mark_is_a_singl3613300718\001\data\backup\wisp.db.bak-0-1 from=0 to=1
2026-10-10T08:02:49.3511611Z time=2026-10-10T08:02:35.416Z level=INFO msg="schema migration step applied" component=memory from=0 to=1 started_at=2026-10-10T08:02:35Z duration_ms=115
2026-10-10T08:02:49.3512869Z time=2026-10-10T08:02:35.461Z level=INFO msg="pre-migration backup written" component=memory backup=C:\Users\RUNNER~1\AppData\Local\Temp\TestTicket224DialectIsPathMatchNotRegexquestion_mark_is_a_singl3613300718\001\data\backup\wisp.db.bak-1-2 from=1 to=2
2026-10-10T08:02:49.3513357Z time=2026-10-10T08:02:35.515Z level=INFO msg="schema migration step applied" component=memory from=1 to=2 started_at=2026-10-10T08:02:35Z duration_ms=53
2026-10-10T08:02:49.3513660Z time=2026-10-10T08:02:35.604Z level=INFO msg="schema migration complete" component=memory schema_version=2
2026-10-10T08:02:49.3514067Z time=2026-10-10T08:02:35.606Z level=INFO msg="startup WAL checkpoint (TRUNCATE) done" component=memory wal_pages_before=0 pages_moved=0
2026-10-10T08:02:49.3514339Z === RUN   TestTicket224DialectIsPathMatchNotRegex/bracket_is_a_class_over_one_character
2026-10-10T08:02:49.3515215Z time=2026-10-10T08:02:35.845Z level=INFO msg="pre-migration backup written" component=memory backup=C:\Users\RUNNER~1\AppData\Local\Temp\TestTicket224DialectIsPathMatchNotRegexbracket_is_a_class_over_64452423\001\data\backup\wisp.db.bak-0-1 from=0 to=1
2026-10-10T08:02:49.3515680Z time=2026-10-10T08:02:35.903Z level=INFO msg="schema migration step applied" component=memory from=0 to=1 started_at=2026-10-10T08:02:35Z duration_ms=57
2026-10-10T08:02:49.3516535Z time=2026-10-10T08:02:35.952Z level=INFO msg="pre-migration backup written" component=memory backup=C:\Users\RUNNER~1\AppData\Local\Temp\TestTicket224DialectIsPathMatchNotRegexbracket_is_a_class_over_64452423\001\data\backup\wisp.db.bak-1-2 from=1 to=2
2026-10-10T08:02:49.3516983Z time=2026-10-10T08:02:36.001Z level=INFO msg="schema migration step applied" component=memory from=1 to=2 started_at=2026-10-10T08:02:35Z duration_ms=48
2026-10-10T08:02:49.3517290Z time=2026-10-10T08:02:36.055Z level=INFO msg="schema migration complete" component=memory schema_version=2
2026-10-10T08:02:49.3517888Z time=2026-10-10T08:02:36.059Z level=INFO msg="startup WAL checkpoint (TRUNCATE) done" component=memory wal_pages_before=0 pages_moved=0
2026-10-10T08:02:49.3518232Z === RUN   TestTicket224DialectIsPathMatchNotRegex/a_regex-shaped_row_is_honoured_as_a_literal_pattern
2026-10-10T08:02:49.3519099Z time=2026-10-10T08:02:36.672Z level=INFO msg="pre-migration backup written" component=memory backup=C:\Users\RUNNER~1\AppData\Local\Temp\TestTicket224DialectIsPathMatchNotRegexa_regex-shaped_row_is_ho2078348486\001\data\backup\wisp.db.bak-0-1 from=0 to=1
2026-10-10T08:02:49.3519950Z time=2026-10-10T08:02:36.725Z level=INFO msg="schema migration step applied" component=memory from=0 to=1 started_at=2026-10-10T08:02:36Z duration_ms=52
2026-10-10T08:02:49.3520914Z time=2026-10-10T08:02:36.760Z level=INFO msg="pre-migration backup written" component=memory backup=C:\Users\RUNNER~1\AppData\Local\Temp\TestTicket224DialectIsPathMatchNotRegexa_regex-shaped_row_is_ho2078348486\001\data\backup\wisp.db.bak-1-2 from=1 to=2
2026-10-10T08:02:49.3521370Z time=2026-10-10T08:02:36.793Z level=INFO msg="schema migration step applied" component=memory from=1 to=2 started_at=2026-10-10T08:02:36Z duration_ms=32
2026-10-10T08:02:49.3521668Z time=2026-10-10T08:02:36.876Z level=INFO msg="schema migration complete" component=memory schema_version=2
2026-10-10T08:02:49.3522076Z time=2026-10-10T08:02:36.878Z level=INFO msg="startup WAL checkpoint (TRUNCATE) done" component=memory wal_pages_before=0 pages_moved=0
2026-10-10T08:02:49.3522242Z --- PASS: TestTicket224DialectIsPathMatchNotRegex (1.84s)
2026-10-10T08:02:49.3522612Z     --- PASS: TestTicket224DialectIsPathMatchNotRegex/question_mark_is_a_single_character (0.53s)
2026-10-10T08:02:49.3522982Z     --- PASS: TestTicket224DialectIsPathMatchNotRegex/bracket_is_a_class_over_one_character (0.75s)
2026-10-10T08:02:49.3523415Z     --- PASS: TestTicket224DialectIsPathMatchNotRegex/a_regex-shaped_row_is_honoured_as_a_literal_pattern (0.56s)
2026-10-10T08:02:49.3523601Z === RUN   TestTicket224PatternWithoutStarIsNeverReinterpreted
2026-10-10T08:02:49.3524448Z time=2026-10-10T08:02:37.107Z level=INFO msg="pre-migration backup written" component=memory backup=C:\Users\RUNNER~1\AppData\Local\Temp\TestTicket224PatternWithoutStarIsNeverReinterpreted2151740413\001\data\backup\wisp.db.bak-0-1 from=0 to=1
2026-10-10T08:02:49.3524907Z time=2026-10-10T08:02:37.152Z level=INFO msg="schema migration step applied" component=memory from=0 to=1 started_at=2026-10-10T08:02:37Z duration_ms=44
2026-10-10T08:02:49.3525739Z time=2026-10-10T08:02:37.218Z level=INFO msg="pre-migration backup written" component=memory backup=C:\Users\RUNNER~1\AppData\Local\Temp\TestTicket224PatternWithoutStarIsNeverReinterpreted2151740413\001\data\backup\wisp.db.bak-1-2 from=1 to=2
2026-10-10T08:02:49.3526181Z time=2026-10-10T08:02:37.270Z level=INFO msg="schema migration step applied" component=memory from=1 to=2 started_at=2026-10-10T08:02:37Z duration_ms=51
2026-10-10T08:02:49.3526480Z time=2026-10-10T08:02:37.337Z level=INFO msg="schema migration complete" component=memory schema_version=2
2026-10-10T08:02:49.3527039Z time=2026-10-10T08:02:37.339Z level=INFO msg="startup WAL checkpoint (TRUNCATE) done" component=memory wal_pages_before=0 pages_moved=0
2026-10-10T08:02:49.3527523Z === RUN   TestTicket224PatternWithoutStarIsNeverReinterpreted//work/note[s].txt
2026-10-10T08:02:49.3527842Z === RUN   TestTicket224PatternWithoutStarIsNeverReinterpreted//work/a?c.txt
2026-10-10T08:02:49.3528084Z === RUN   TestTicket224PatternWithoutStarIsNeverReinterpreted//work/[a-c].txt
2026-10-10T08:02:49.3528313Z === RUN   TestTicket224PatternWithoutStarIsNeverReinterpreted//work/plain.txt
2026-10-10T08:02:49.3528529Z --- PASS: TestTicket224PatternWithoutStarIsNeverReinterpreted (0.44s)
2026-10-10T08:02:49.3528884Z     --- PASS: TestTicket224PatternWithoutStarIsNeverReinterpreted//work/note[s].txt (0.05s)
2026-10-10T08:02:49.3529208Z     --- PASS: TestTicket224PatternWithoutStarIsNeverReinterpreted//work/a?c.txt (0.00s)
2026-10-10T08:02:49.3529537Z     --- PASS: TestTicket224PatternWithoutStarIsNeverReinterpreted//work/[a-c].txt (0.00s)
2026-10-10T08:02:49.3529857Z     --- PASS: TestTicket224PatternWithoutStarIsNeverReinterpreted//work/plain.txt (0.00s)
2026-10-10T08:02:49.3530097Z === RUN   TestTicket224MalformedWildcardIsRefusedAtTheDoorAndIgnoredOnDisk
2026-10-10T08:02:49.3531367Z time=2026-10-10T08:02:37.822Z level=INFO msg="pre-migration backup written" component=memory backup=C:\Users\RUNNER~1\AppData\Local\Temp\TestTicket224MalformedWildcardIsRefusedAtTheDoorAndIgnoredOnDisk3782018990\001\data\backup\wisp.db.bak-0-1 from=0 to=1
2026-10-10T08:02:49.3532160Z time=2026-10-10T08:02:37.880Z level=INFO msg="schema migration step applied" component=memory from=0 to=1 started_at=2026-10-10T08:02:37Z duration_ms=57
2026-10-10T08:02:49.3534103Z time=2026-10-10T08:02:37.956Z level=INFO msg="pre-migration backup written" component=memory backup=C:\Users\RUNNER~1\AppData\Local\Temp\TestTicket224MalformedWildcardIsRefusedAtTheDoorAndIgnoredOnDisk3782018990\001\data\backup\wisp.db.bak-1-2 from=1 to=2
2026-10-10T08:02:49.3534963Z time=2026-10-10T08:02:37.987Z level=INFO msg="schema migration step applied" component=memory from=1 to=2 started_at=2026-10-10T08:02:37Z duration_ms=30
2026-10-10T08:02:49.3535494Z time=2026-10-10T08:02:38.066Z level=INFO msg="schema migration complete" component=memory schema_version=2
2026-10-10T08:02:49.3536194Z time=2026-10-10T08:02:38.067Z level=INFO msg="startup WAL checkpoint (TRUNCATE) done" component=memory wal_pages_before=0 pages_moved=0
2026-10-10T08:02:49.3537975Z time=2026-10-10T08:02:38.211Z level=INFO msg="pre-migration backup written" component=memory backup=C:\Users\RUNNER~1\AppData\Local\Temp\TestTicket224MalformedWildcardIsRefusedAtTheDoorAndIgnoredOnDisk3782018990\002\ghost-data\backup\wisp.db.bak-0-1 from=0 to=1
2026-10-10T08:02:49.3538826Z time=2026-10-10T08:02:38.269Z level=INFO msg="schema migration step applied" component=memory from=0 to=1 started_at=2026-10-10T08:02:38Z duration_ms=58
2026-10-10T08:02:49.3540616Z time=2026-10-10T08:02:38.320Z level=INFO msg="pre-migration backup written" component=memory backup=C:\Users\RUNNER~1\AppData\Local\Temp\TestTicket224MalformedWildcardIsRefusedAtTheDoorAndIgnoredOnDisk3782018990\002\ghost-data\backup\wisp.db.bak-1-2 from=1 to=2
2026-10-10T08:02:49.3541380Z time=2026-10-10T08:02:38.387Z level=INFO msg="schema migration step applied" component=memory from=1 to=2 started_at=2026-10-10T08:02:38Z duration_ms=67
2026-10-10T08:02:49.3541901Z time=2026-10-10T08:02:38.445Z level=INFO msg="schema migration complete" component=memory schema_version=2
2026-10-10T08:02:49.3542610Z time=2026-10-10T08:02:38.449Z level=INFO msg="startup WAL checkpoint (TRUNCATE) done" component=memory wal_pages_before=0 pages_moved=0
2026-10-10T08:02:49.3543127Z --- PASS: TestTicket224MalformedWildcardIsRefusedAtTheDoorAndIgnoredOnDisk (1.14s)
2026-10-10T08:02:49.3543374Z === RUN   TestTicket224PatternCoversIsTheOnlyMatcher
2026-10-10T08:02:49.3543664Z --- PASS: TestTicket224PatternCoversIsTheOnlyMatcher (0.00s)
2026-10-10T08:02:49.3543768Z PASS
2026-10-10T08:02:49.3544022Z ok  	github.com/CarlosShao/wisp/internal/session	7.917s
2026-10-10T08:02:49.3544717Z time=2026-10-10T08:02:31.685Z level=INFO msg="winsec: sealing path resolver installed" resolver=risk.c26Pipeline probes_passed=2
2026-10-10T08:02:49.3544992Z === RUN   TestWalksUpFromWorkspaceInPriorityOrder
2026-10-10T08:02:49.3545262Z --- PASS: TestWalksUpFromWorkspaceInPriorityOrder (0.42s)
2026-10-10T08:02:49.3545387Z === RUN   TestUpwardWalkTerminatesAtTheRoot
2026-10-10T08:02:49.3545534Z --- PASS: TestUpwardWalkTerminatesAtTheRoot (0.01s)
2026-10-10T08:02:49.3545662Z === RUN   TestFileNamePriorityInsideOneDirectory
2026-10-10T08:02:49.3545828Z --- PASS: TestFileNamePriorityInsideOneDirectory (0.01s)
2026-10-10T08:02:49.3545960Z === RUN   TestSameFileSeenTwiceIsInjectedOnce
2026-10-10T08:02:49.3546103Z --- PASS: TestSameFileSeenTwiceIsInjectedOnce (0.01s)
2026-10-10T08:02:49.3546298Z === RUN   TestOverBudgetDropsBroadFirstAndTruncatesOnlyTheLast
2026-10-10T08:02:49.3546725Z --- PASS: TestOverBudgetDropsBroadFirstAndTruncatesOnlyTheLast (0.01s)
2026-10-10T08:02:49.3546974Z === RUN   TestLoaderHasNoImportPathToPermOrConfig
2026-10-10T08:02:49.3547265Z --- PASS: TestLoaderHasNoImportPathToPermOrConfig (0.00s)
2026-10-10T08:02:49.3547796Z === RUN   TestLoadedContentCarriesTheExistingC25SourceName
2026-10-10T08:02:49.3548158Z --- PASS: TestLoadedContentCarriesTheExistingC25SourceName (0.00s)
2026-10-10T08:02:49.3548384Z === RUN   TestPanelCarrierCarriesTheManifest
2026-10-10T08:02:49.3548660Z --- PASS: TestPanelCarrierCarriesTheManifest (0.01s)
2026-10-10T08:02:49.3548899Z === RUN   TestOffSwitchReadsNothingAndSaysWhy
2026-10-10T08:02:49.3549134Z --- PASS: TestOffSwitchReadsNothingAndSaysWhy (0.01s)
2026-10-10T08:02:49.3549394Z === RUN   TestZeroBudgetIsStatedNotSilent
2026-10-10T08:02:49.3549540Z --- PASS: TestZeroBudgetIsStatedNotSilent (0.02s)
2026-10-10T08:02:49.3549609Z PASS
2026-10-10T08:02:49.3549755Z ok  	github.com/CarlosShao/wisp/internal/projctx	1.032s
2026-10-10T08:02:49.3549880Z === RUN   TestAC247RealCaptureLoopEmitsLevels
2026-10-10T08:02:49.3550020Z --- PASS: TestAC247RealCaptureLoopEmitsLevels (0.29s)
2026-10-10T08:02:49.3550163Z === RUN   TestAC247LevelSinkGetsOneScalarPerSeamFrame
2026-10-10T08:02:49.3550338Z --- PASS: TestAC247LevelSinkGetsOneScalarPerSeamFrame (0.01s)
2026-10-10T08:02:49.3550486Z === RUN   TestAC247LevelSinkRunsEvenWithNoFrameConsumer
2026-10-10T08:02:49.3551376Z time=2026-10-10T08:02:32.895Z level=WARN msg="audio frames dropped: bounded channel full (slow consumer)" source=wav-injector dropped_frames_total=1 dropped_bytes_total=1024 bounded_window=192ms frame_ms=32
2026-10-10T08:02:49.3551785Z --- PASS: TestAC247LevelSinkRunsEvenWithNoFrameConsumer (0.08s)
2026-10-10T08:02:49.3551943Z === RUN   TestAC247CaptureRegistryReplacesTheDefault
2026-10-10T08:02:49.3552131Z --- PASS: TestAC247CaptureRegistryReplacesTheDefault (0.00s)
2026-10-10T08:02:49.3552288Z === RUN   TestAC247CaptureConfigDefaultsKeepTheOldShape
2026-10-10T08:02:49.3552910Z time=2026-10-10T08:02:32.966Z level=ERROR msg="audio level: seam frame rejected, no level emitted" err="audio level: frame is 1022 bytes, the C8 seam guarantees 1024 (FrameSamples 512 int16 samples)"
2026-10-10T08:02:49.3553103Z --- PASS: TestAC247CaptureConfigDefaultsKeepTheOldShape (0.00s)
2026-10-10T08:02:49.3553234Z === RUN   TestGateHalfDuplexClosedZeroFrames
2026-10-10T08:02:49.3553378Z --- PASS: TestGateHalfDuplexClosedZeroFrames (0.70s)
2026-10-10T08:02:49.3553477Z === RUN   TestGatePathCFullDuplex
2026-10-10T08:02:49.3553593Z --- PASS: TestGatePathCFullDuplex (0.11s)
2026-10-10T08:02:49.3553688Z === RUN   TestGateMutedEvents
2026-10-10T08:02:49.3553788Z --- PASS: TestGateMutedEvents (0.91s)
2026-10-10T08:02:49.3553879Z === RUN   TestGateStartMuted
2026-10-10T08:02:49.3553985Z --- PASS: TestGateStartMuted (0.48s)
2026-10-10T08:02:49.3554084Z === RUN   TestGateStopIdempotent
2026-10-10T08:02:49.3554187Z --- PASS: TestGateStopIdempotent (0.07s)
2026-10-10T08:02:49.3554291Z === RUN   TestHotplugReenumerateOnce
2026-10-10T08:02:49.3554680Z time=2026-10-10T08:02:35.343Z level=INFO msg="audio capture reopened after device change" source=wasapi-mic device="Fake Mic B"
2026-10-10T08:02:49.3555046Z time=2026-10-10T08:02:35.469Z level=INFO msg="audio capture reopened after device change" source=wasapi-mic device="Fake Mic B"
2026-10-10T08:02:49.3555173Z --- PASS: TestHotplugReenumerateOnce (0.32s)
2026-10-10T08:02:49.3555290Z === RUN   TestHotplugStaleHandleFailsLoudly
2026-10-10T08:02:49.3556477Z time=2026-10-10T08:02:35.782Z level=ERROR msg="audio source failed" source=wasapi-mic error="audio_device: hotplug reopen failed; keeping no stale handle (previous device Dying Mic): audio_device: Open capture on device Dying Mic (0x8889000A): capture device is held in exclusive mode by another application; close that application or pick another device"
2026-10-10T08:02:49.3556623Z --- PASS: TestHotplugStaleHandleFailsLoudly (0.55s)
2026-10-10T08:02:49.3556761Z === RUN   TestHotplugReenumerateFailureNamesDevice
2026-10-10T08:02:49.3558337Z time=2026-10-10T08:02:36.165Z level=ERROR msg="audio source failed" source=wasapi-mic error="audio_device: hotplug reopen failed; keeping no stale handle (previous device Unplugged Mic): audio_device: capture device enumeration failed: audio_device: no capture endpoint present"
2026-10-10T08:02:49.3558905Z --- PASS: TestHotplugReenumerateFailureNamesDevice (0.07s)
2026-10-10T08:02:49.3559146Z === RUN   TestOpenOccupiedAndPermissionDenied
2026-10-10T08:02:49.3559543Z === RUN   TestOpenOccupiedAndPermissionDenied/occupied_(exclusive_mode)
2026-10-10T08:02:49.3561407Z time=2026-10-10T08:02:36.176Z level=ERROR msg="audio source failed" source=wasapi-mic error="audio_device: Initialize(shared mode) on device Busy Mic (0x8889000A): capture device is held in exclusive mode by another application; close that application or pick another device"
2026-10-10T08:02:49.3561756Z === RUN   TestOpenOccupiedAndPermissionDenied/permission_denied
2026-10-10T08:02:49.3563066Z time=2026-10-10T08:02:36.176Z level=ERROR msg="audio source failed" source=wasapi-mic error="audio_device: Initialize(shared mode) on device Busy Mic (0x80070005): microphone access denied: allow desktop apps to use the microphone under Windows Settings > Privacy & security > Microphone"
2026-10-10T08:02:49.3563243Z --- PASS: TestOpenOccupiedAndPermissionDenied (0.00s)
2026-10-10T08:02:49.3563559Z     --- PASS: TestOpenOccupiedAndPermissionDenied/occupied_(exclusive_mode) (0.00s)
2026-10-10T08:02:49.3563836Z     --- PASS: TestOpenOccupiedAndPermissionDenied/permission_denied (0.00s)
2026-10-10T08:02:49.3563940Z === RUN   TestEndpointsPairQueryable
2026-10-10T08:02:49.3564067Z --- PASS: TestEndpointsPairQueryable (0.00s)
2026-10-10T08:02:49.3564177Z === RUN   TestPinnedThreadStable10s
2026-10-10T08:02:49.3564847Z time=2026-10-10T08:02:39.576Z level=WARN msg="audio frames dropped: bounded channel full (slow consumer)" source=wasapi-mic dropped_frames_total=1 dropped_bytes_total=1024 bounded_window=192ms frame_ms=32
2026-10-10T08:02:49.3565883Z time=2026-10-10T08:02:40.626Z level=WARN msg="audio frames dropped: bounded channel full (slow consumer)" source=wasapi-mic dropped_frames_total=12 dropped_bytes_total=12288 bounded_window=192ms frame_ms=32
2026-10-10T08:02:49.3567053Z time=2026-10-10T08:02:41.702Z level=WARN msg="audio frames dropped: bounded channel full (slow consumer)" source=wasapi-mic dropped_frames_total=24 dropped_bytes_total=24576 bounded_window=192ms frame_ms=32
2026-10-10T08:02:49.3568183Z time=2026-10-10T08:02:42.742Z level=WARN msg="audio frames dropped: bounded channel full (slow consumer)" source=wasapi-mic dropped_frames_total=35 dropped_bytes_total=35840 bounded_window=192ms frame_ms=32
2026-10-10T08:02:49.3571857Z time=2026-10-10T08:02:43.761Z level=WARN msg="audio frames dropped: bounded channel full (slow consumer)" source=wasapi-mic dropped_frames_total=46 dropped_bytes_total=47104 bounded_window=192ms frame_ms=32
2026-10-10T08:02:49.3573556Z time=2026-10-10T08:02:44.802Z level=WARN msg="audio frames dropped: bounded channel full (slow consumer)" source=wasapi-mic dropped_frames_total=57 dropped_bytes_total=58368 bounded_window=192ms frame_ms=32
2026-10-10T08:02:49.3574852Z time=2026-10-10T08:02:45.881Z level=WARN msg="audio frames dropped: bounded channel full (slow consumer)" source=wasapi-mic dropped_frames_total=69 dropped_bytes_total=70656 bounded_window=192ms frame_ms=32
2026-10-10T08:02:49.3575089Z --- PASS: TestPinnedThreadStable10s (10.03s)
2026-10-10T08:02:49.3575283Z === RUN   TestCaptureLoopWavIntegrity
2026-10-10T08:02:49.3575502Z --- PASS: TestCaptureLoopWavIntegrity (1.05s)
2026-10-10T08:02:49.3575697Z === RUN   TestLevelSilentFrameIsExactZero
2026-10-10T08:02:49.3575935Z --- PASS: TestLevelSilentFrameIsExactZero (0.00s)
2026-10-10T08:02:49.3576146Z === RUN   TestLevelFullScaleSquareEndpoints
2026-10-10T08:02:49.3576388Z --- PASS: TestLevelFullScaleSquareEndpoints (0.00s)
2026-10-10T08:02:49.3576579Z === RUN   TestLevelSineAgainstRootTwo
2026-10-10T08:02:49.3576809Z --- PASS: TestLevelSineAgainstRootTwo (0.00s)
2026-10-10T08:02:49.3576990Z === RUN   TestLevelIsLinearInAmplitude
2026-10-10T08:02:49.3577212Z --- PASS: TestLevelIsLinearInAmplitude (0.00s)
2026-10-10T08:02:49.3577449Z === RUN   TestLevelSineToleranceIsNamedAndBounded
2026-10-10T08:02:49.3578016Z --- PASS: TestLevelSineToleranceIsNamedAndBounded (0.00s)
2026-10-10T08:02:49.3578188Z === RUN   TestLevelSameInputSameBits
2026-10-10T08:02:49.3578392Z --- PASS: TestLevelSameInputSameBits (0.00s)
2026-10-10T08:02:49.3578599Z === RUN   TestFrameLevelRejectsNonSeamFrames
2026-10-10T08:02:49.3578848Z --- PASS: TestFrameLevelRejectsNonSeamFrames (0.00s)
2026-10-10T08:02:49.3579012Z === RUN   TestSeamCodecRoundTrip
2026-10-10T08:02:49.3580337Z --- PASS: TestSeamCodecRoundTrip (0.00s)
2026-10-10T08:02:49.3580628Z === RUN   TestLevelOverBoundedChannelFromWavInjector
2026-10-10T08:02:49.3580952Z --- PASS: TestLevelOverBoundedChannelFromWavInjector (0.10s)
2026-10-10T08:02:49.3581138Z === RUN   TestLevelFrameIsOneSeamFrame
2026-10-10T08:02:49.3581357Z --- PASS: TestLevelFrameIsOneSeamFrame (0.00s)
2026-10-10T08:02:49.3581578Z === RUN   TestParseWaveFormatSubFormatOffset300
2026-10-10T08:02:49.3581887Z === RUN   TestParseWaveFormatSubFormatOffset300/S1_float_at_24
2026-10-10T08:02:49.3582185Z === RUN   TestParseWaveFormatSubFormatOffset300/S2_pcm_at_24
2026-10-10T08:02:49.3582564Z === RUN   TestParseWaveFormatSubFormatOffset300/S3_bogus_subtype_7_at_24
2026-10-10T08:02:49.3582921Z === RUN   TestParseWaveFormatSubFormatOffset300/S4_data1_shifted_to_26
2026-10-10T08:02:49.3583193Z --- PASS: TestParseWaveFormatSubFormatOffset300 (0.00s)
2026-10-10T08:02:49.3583664Z     --- PASS: TestParseWaveFormatSubFormatOffset300/S1_float_at_24 (0.00s)
2026-10-10T08:02:49.3584112Z     --- PASS: TestParseWaveFormatSubFormatOffset300/S2_pcm_at_24 (0.00s)
2026-10-10T08:02:49.3584665Z     --- PASS: TestParseWaveFormatSubFormatOffset300/S3_bogus_subtype_7_at_24 (0.00s)
2026-10-10T08:02:49.3585197Z     --- PASS: TestParseWaveFormatSubFormatOffset300/S4_data1_shifted_to_26 (0.00s)
2026-10-10T08:02:49.3585385Z === RUN   TestResample48kTo16kLengthExact
2026-10-10T08:02:49.3585610Z --- PASS: TestResample48kTo16kLengthExact (0.00s)
2026-10-10T08:02:49.3585783Z === RUN   TestResamplerSineSNR48k
2026-10-10T08:02:49.3585970Z --- PASS: TestResamplerSineSNR48k (0.00s)
2026-10-10T08:02:49.3586139Z === RUN   TestResamplerSineSNR44k1
2026-10-10T08:02:49.3586328Z --- PASS: TestResamplerSineSNR44k1 (0.00s)
2026-10-10T08:02:49.3586512Z === RUN   TestResamplerChunkInvariant
2026-10-10T08:02:49.3586724Z --- PASS: TestResamplerChunkInvariant (0.00s)
2026-10-10T08:02:49.3586896Z === RUN   TestResamplerLatencyBounded
2026-10-10T08:02:49.3587105Z --- PASS: TestResamplerLatencyBounded (0.00s)
2026-10-10T08:02:49.3587308Z === RUN   TestResamplerPassthroughAndFlush
2026-10-10T08:02:49.3587547Z --- PASS: TestResamplerPassthroughAndFlush (0.00s)
2026-10-10T08:02:49.3587735Z === RUN   TestMonoDownmixAndFloatConvert
2026-10-10T08:02:49.3587964Z --- PASS: TestMonoDownmixAndFloatConvert (0.00s)
2026-10-10T08:02:49.3588134Z === RUN   TestWavInjectorFrameExact
2026-10-10T08:02:49.3588325Z --- PASS: TestWavInjectorFrameExact (0.10s)
2026-10-10T08:02:49.3588512Z === RUN   TestWavInjectorRateConversion
2026-10-10T08:02:49.3588737Z --- PASS: TestWavInjectorRateConversion (0.00s)
2026-10-10T08:02:49.3588964Z === RUN   TestWavInjectorBackpressureDropCounted
2026-10-10T08:02:49.3589257Z --- PASS: TestWavInjectorBackpressureDropCounted (1.44s)
2026-10-10T08:02:49.3589764Z === RUN   TestWavInjectorCtxCancel
2026-10-10T08:02:49.3589967Z --- PASS: TestWavInjectorCtxCancel (0.16s)
2026-10-10T08:02:49.3590125Z === RUN   TestWavInjectorBadFile
2026-10-10T08:02:49.3590310Z --- PASS: TestWavInjectorBadFile (0.00s)
2026-10-10T08:02:49.3590492Z === RUN   TestBoundedWindowInvariants
2026-10-10T08:02:49.3590697Z --- PASS: TestBoundedWindowInvariants (0.00s)
2026-10-10T08:02:49.3590809Z PASS
2026-10-10T08:02:49.3591055Z ok  	github.com/CarlosShao/wisp/internal/audio	16.521s
2026-10-10T08:02:49.3591164Z FAIL
2026-10-10T08:02:49.4846074Z runtests.sh: go test exited 1 - packages=[./internal/proc/ ./internal/secret/ ./internal/config/ ./internal/risk/ ./internal/ball/ ./internal/perm/ ./internal/plugin/ ./cmd/llmrecord/ ./internal/session/ ./internal/projctx/ ./internal/audio/ -count=1 -skip ^(TestDefaultDeadlineWallClockMeasurement|TestSubprocessCrashWriter|TestHelperProcess|TestLiveWasapiSmoke|TestRealDownloadVadThroughPipeline|TestRealDownloadPuncArchiveThroughPipeline|TestSyncRegistryProbeLive)$] top-level: PASS=427 FAIL=12 SKIP=1, === RUN=624, '[no tests to run]'=0
2026-10-10T08:02:49.6023376Z portable-tests.sh: four numbers (all from -v output): === RUN=624  --- PASS=427  --- FAIL=12  --- SKIP=1
2026-10-10T08:02:49.6024934Z portable-tests.sh: unaccounted SKIP lines, each with the file:line and reason it printed:
2026-10-10T08:02:49.6226380Z     syncdirs_redteam_windows_test.go:220: no live sync root on this machine (detected roots: [])
2026-10-10T08:02:49.6226922Z --- SKIP: TestSyncRedTeamRealOneDrive (0.00s)
2026-10-10T08:02:49.7043848Z portable-tests.sh:   ok (own line)  github.com/CarlosShao/wisp/cmd/llmrecord
2026-10-10T08:02:49.7839050Z portable-tests.sh:   ok (own line)  github.com/CarlosShao/wisp/internal/audio
2026-10-10T08:02:49.8635501Z portable-tests.sh:   ok (own line)  github.com/CarlosShao/wisp/internal/ball
2026-10-10T08:02:49.9448874Z portable-tests.sh:   ok (own line)  github.com/CarlosShao/wisp/internal/config
2026-10-10T08:02:50.0268464Z portable-tests.sh:   ok (own line)  github.com/CarlosShao/wisp/internal/perm
2026-10-10T08:02:50.1191140Z portable-tests.sh:   ok (own line)  github.com/CarlosShao/wisp/internal/plugin
2026-10-10T08:02:50.2320781Z portable-tests.sh:   ok (own line)  github.com/CarlosShao/wisp/internal/proc
2026-10-10T08:02:50.3271461Z portable-tests.sh:   ok (own line)  github.com/CarlosShao/wisp/internal/projctx
2026-10-10T08:02:50.4039970Z portable-tests.sh:   FAIL (own line) github.com/CarlosShao/wisp/internal/risk
2026-10-10T08:02:50.4842035Z portable-tests.sh:   ok (own line)  github.com/CarlosShao/wisp/internal/secret
2026-10-10T08:02:50.5617947Z portable-tests.sh:   ok (own line)  github.com/CarlosShao/wisp/internal/session
2026-10-10T08:02:50.5815139Z portable-tests.sh: strict runner exited 1 for scope=[./internal/proc/ ./internal/secret/ ./internal/config/ ./internal/risk/ ./internal/ball/ ./internal/perm/ ./internal/plugin/ ./cmd/llmrecord/ ./internal/session/ ./internal/projctx/ ./internal/audio/]
2026-10-10T08:02:50.5865513Z ##[error]Process completed with exit code 1.
2026-10-10T08:02:50.6019844Z ##[group]Run bash tools/d22scan/runtests.sh ./internal/risk/ -run TestPathResolverJunctionWindows
2026-10-10T08:02:50.6021206Z [36;1mbash tools/d22scan/runtests.sh ./internal/risk/ -run TestPathResolverJunctionWindows[0m
2026-10-10T08:02:50.6040342Z shell: C:\Program Files\Git\bin\bash.EXE --noprofile --norc -e -o pipefail {0}
2026-10-10T08:02:50.6040746Z env:
2026-10-10T08:02:50.6040939Z   WISP_ENV: test
2026-10-10T08:02:50.6041127Z ##[endgroup]
2026-10-10T08:02:51.5018832Z time=2026-10-10T08:02:51.360Z level=INFO msg="winsec: sealing path resolver installed" resolver=risk.c26Pipeline probes_passed=2
2026-10-10T08:02:51.5019955Z === RUN   TestPathResolverJunctionWindows
2026-10-10T08:02:51.5020617Z --- PASS: TestPathResolverJunctionWindows (0.03s)
2026-10-10T08:02:51.5021155Z PASS
2026-10-10T08:02:51.5021576Z ok  	github.com/CarlosShao/wisp/internal/risk	0.090s
2026-10-10T08:02:51.7435440Z runtests.sh: OK - packages=[./internal/risk/ -run TestPathResolverJunctionWindows] top-level: PASS=1 FAIL=0 SKIP=0, === RUN=1, '[no tests to run]'=0
2026-10-10T08:02:51.7725655Z Post job cleanup.
2026-10-10T08:02:51.9727536Z [command]"C:\Program Files\Git\bin\git.exe" version
2026-10-10T08:02:52.0041487Z git version 2.55.0.windows.5
2026-10-10T08:02:52.0129082Z Temporarily overriding HOME='D:\a\_temp\75e0e602-03db-43a5-adf2-e0b18a9a903a' before making global git config changes
2026-10-10T08:02:52.0130469Z Adding repository directory to the temporary git global config as a safe directory
2026-10-10T08:02:52.0142286Z [command]"C:\Program Files\Git\bin\git.exe" config --global --add safe.directory D:\a\wisp\wisp
2026-10-10T08:02:52.0473021Z [command]"C:\Program Files\Git\bin\git.exe" config --local --name-only --get-regexp core\.sshCommand
2026-10-10T08:02:52.0779539Z [command]"C:\Program Files\Git\bin\git.exe" submodule foreach --recursive "sh -c \"git config --local --name-only --get-regexp 'core\.sshCommand' && git config --local --unset-all 'core.sshCommand' || :\""
2026-10-10T08:02:52.6377353Z [command]"C:\Program Files\Git\bin\git.exe" config --local --name-only --get-regexp http\.https\:\/\/github\.com\/\.extraheader
2026-10-10T08:02:52.6677327Z http.https://github.com/.extraheader
2026-10-10T08:02:52.6734302Z [command]"C:\Program Files\Git\bin\git.exe" config --local --unset-all http.https://github.com/.extraheader
2026-10-10T08:02:52.7058862Z [command]"C:\Program Files\Git\bin\git.exe" submodule foreach --recursive "sh -c \"git config --local --name-only --get-regexp 'http\.https\:\/\/github\.com\/\.extraheader' && git config --local --unset-all 'http.https://github.com/.extraheader' || :\""
2026-10-10T08:02:53.2602176Z [command]"C:\Program Files\Git\bin\git.exe" config --local --name-only --get-regexp ^includeIf\.gitdir:
2026-10-10T08:02:53.2907403Z [command]"C:\Program Files\Git\bin\git.exe" submodule foreach --recursive "git config --local --show-origin --name-only --get-regexp remote.origin.url"
2026-10-10T08:02:53.8841968Z Cleaning up orphan processes
2026-10-10T08:02:53.9199849Z ##[warning]Node.js 20 is deprecated. The following actions target Node.js 20 but are being forced to run on Node.js 24: actions/cache@v4, actions/checkout@v4, actions/setup-go@v5. For more information see: https://github.blog/changelog/2025-09-19-deprecation-of-node-20-on-github-actions-runners/
