2026-10-10T07:31:04.5839990Z Current runner version: '2.337.0'
2026-10-10T07:31:04.5869219Z ##[group]Runner Image Provisioner
2026-10-10T07:31:04.5870216Z Hosted Compute Agent
2026-10-10T07:31:04.5870983Z Version: 20260901.588
2026-10-10T07:31:04.5871703Z Commit: f88ec8081b781fac6c440065ac7ff9e710ce3d0b
2026-10-10T07:31:04.5873284Z Build Date: 2026-09-01T19:56:44Z
2026-10-10T07:31:04.5874068Z Worker ID: {b7499179-90bc-44e6-a3ae-c3f8efe444fe}
2026-10-10T07:31:04.5874957Z Azure Region: centralus
2026-10-10T07:31:04.5875649Z ##[endgroup]
2026-10-10T07:31:04.5877217Z ##[group]Operating System
2026-10-10T07:31:04.5877932Z Microsoft Windows Server 2025
2026-10-10T07:31:04.5878612Z 10.0.26100
2026-10-10T07:31:04.5879175Z Datacenter
2026-10-10T07:31:04.5879798Z ##[endgroup]
2026-10-10T07:31:04.5880397Z ##[group]Runner Image
2026-10-10T07:31:04.5881054Z Image: windows-2025-vs2026
2026-10-10T07:31:04.5881784Z Version: 20260925.250.1
2026-10-10T07:31:04.5883673Z Included Software: https://github.com/actions/runner-images/blob/win25-vs2026/20260925.250/images/windows/Windows2025-VS2026-Readme.md
2026-10-10T07:31:04.5885690Z Image Release: https://github.com/actions/runner-images/releases/tag/win25-vs2026%2F20260925.250
2026-10-10T07:31:04.5886812Z ##[endgroup]
2026-10-10T07:31:04.5888217Z ##[group]GITHUB_TOKEN Permissions
2026-10-10T07:31:04.5890446Z Contents: read
2026-10-10T07:31:04.5891100Z Metadata: read
2026-10-10T07:31:04.5891714Z Packages: read
2026-10-10T07:31:04.5892689Z ##[endgroup]
2026-10-10T07:31:04.5895001Z Secret source: Actions
2026-10-10T07:31:04.5896028Z Cache mode: write
2026-10-10T07:31:04.5896807Z Prepare workflow directory
2026-10-10T07:31:04.6334367Z Prepare all required actions
2026-10-10T07:31:04.6398443Z Getting action download info
2026-10-10T07:31:04.9030237Z Download action repository 'actions/checkout@v4' (SHA:11d5960a326750d5838078e36cf38b85af677262)
2026-10-10T07:31:04.9974161Z Download action repository 'actions/setup-go@v5' (SHA:40f1582b2485089dde7abd97c1529aa768e1baff)
2026-10-10T07:31:05.4469669Z Download action repository 'actions/cache@v4' (SHA:0057852bfaa89a56745cba8c7296529d2fc39830)
2026-10-10T07:31:05.6904165Z Complete job name: test-windows
2026-10-10T07:31:05.8079947Z ##[group]Run actions/checkout@v4
2026-10-10T07:31:05.8081367Z with:
2026-10-10T07:31:05.8081862Z   repository: CarlosShao/wisp
2026-10-10T07:31:05.8085650Z   token: ***
2026-10-10T07:31:05.8086124Z   ssh-strict: true
2026-10-10T07:31:05.8086586Z   ssh-user: git
2026-10-10T07:31:05.8087097Z   persist-credentials: true
2026-10-10T07:31:05.8087622Z   clean: true
2026-10-10T07:31:05.8088093Z   sparse-checkout-cone-mode: true
2026-10-10T07:31:05.8088658Z   fetch-depth: 1
2026-10-10T07:31:05.8089118Z   fetch-tags: false
2026-10-10T07:31:05.8089595Z   show-progress: true
2026-10-10T07:31:05.8090075Z   lfs: false
2026-10-10T07:31:05.8090844Z   submodules: false
2026-10-10T07:31:05.8091402Z   set-safe-directory: true
2026-10-10T07:31:05.8091942Z   allow-unsafe-pr-checkout: false
2026-10-10T07:31:05.8092746Z env:
2026-10-10T07:31:05.8093228Z   WISP_ENV: test
2026-10-10T07:31:05.8093673Z ##[endgroup]
2026-10-10T07:31:05.9588701Z Syncing repository: CarlosShao/wisp
2026-10-10T07:31:05.9591325Z ##[group]Getting Git version info
2026-10-10T07:31:05.9592185Z Working directory is 'D:\a\wisp\wisp'
2026-10-10T07:31:06.0069591Z [command]"C:\Program Files\Git\bin\git.exe" version
2026-10-10T07:31:06.2220462Z git version 2.55.0.windows.5
2026-10-10T07:31:06.2265992Z ##[endgroup]
2026-10-10T07:31:06.2286460Z Temporarily overriding HOME='D:\a\_temp\59a37cf1-856a-441a-b8c0-85cd2610e24f' before making global git config changes
2026-10-10T07:31:06.2288147Z Adding repository directory to the temporary git global config as a safe directory
2026-10-10T07:31:06.2296353Z [command]"C:\Program Files\Git\bin\git.exe" config --global --add safe.directory D:\a\wisp\wisp
2026-10-10T07:31:06.2598615Z Deleting the contents of 'D:\a\wisp\wisp'
2026-10-10T07:31:06.2605019Z ##[group]Initializing the repository
2026-10-10T07:31:06.2613090Z [command]"C:\Program Files\Git\bin\git.exe" init D:\a\wisp\wisp
2026-10-10T07:31:06.3038373Z Initialized empty Git repository in D:/a/wisp/wisp/.git/
2026-10-10T07:31:06.3082925Z [command]"C:\Program Files\Git\bin\git.exe" remote add origin https://github.com/CarlosShao/wisp
2026-10-10T07:31:06.3382895Z ##[endgroup]
2026-10-10T07:31:06.3383990Z ##[group]Disabling automatic garbage collection
2026-10-10T07:31:06.3393921Z [command]"C:\Program Files\Git\bin\git.exe" config --local gc.auto 0
2026-10-10T07:31:06.3683676Z ##[endgroup]
2026-10-10T07:31:06.3684448Z ##[group]Setting up auth
2026-10-10T07:31:06.3697315Z [command]"C:\Program Files\Git\bin\git.exe" config --local --name-only --get-regexp core\.sshCommand
2026-10-10T07:31:06.4014058Z [command]"C:\Program Files\Git\bin\git.exe" submodule foreach --recursive "sh -c \"git config --local --name-only --get-regexp 'core\.sshCommand' && git config --local --unset-all 'core.sshCommand' || :\""
2026-10-10T07:31:07.3932674Z [command]"C:\Program Files\Git\bin\git.exe" config --local --name-only --get-regexp http\.https\:\/\/github\.com\/\.extraheader
2026-10-10T07:31:07.4221199Z [command]"C:\Program Files\Git\bin\git.exe" submodule foreach --recursive "sh -c \"git config --local --name-only --get-regexp 'http\.https\:\/\/github\.com\/\.extraheader' && git config --local --unset-all 'http.https://github.com/.extraheader' || :\""
2026-10-10T07:31:07.9605322Z [command]"C:\Program Files\Git\bin\git.exe" config --local --name-only --get-regexp ^includeIf\.gitdir:
2026-10-10T07:31:07.9879149Z [command]"C:\Program Files\Git\bin\git.exe" submodule foreach --recursive "git config --local --show-origin --name-only --get-regexp remote.origin.url"
2026-10-10T07:31:08.4925326Z [command]"C:\Program Files\Git\bin\git.exe" config --local http.https://github.com/.extraheader "AUTHORIZATION: basic ***"
2026-10-10T07:31:08.5195553Z ##[endgroup]
2026-10-10T07:31:08.5196356Z ##[group]Fetching the repository
2026-10-10T07:31:08.5207118Z [command]"C:\Program Files\Git\bin\git.exe" -c protocol.version=2 fetch --no-tags --prune --no-recurse-submodules --depth=1 origin +bcd0a543c28d32029a69af3e217d76e72312b7bf:refs/remotes/origin/dev
2026-10-10T07:31:12.3769230Z From https://github.com/CarlosShao/wisp
2026-10-10T07:31:12.3772494Z  * [new ref]         bcd0a543c28d32029a69af3e217d76e72312b7bf -> origin/dev
2026-10-10T07:31:12.3812129Z ##[endgroup]
2026-10-10T07:31:12.3812950Z ##[group]Determining the checkout info
2026-10-10T07:31:12.3813739Z ##[endgroup]
2026-10-10T07:31:12.3825757Z [command]"C:\Program Files\Git\bin\git.exe" sparse-checkout disable
2026-10-10T07:31:12.4177905Z [command]"C:\Program Files\Git\bin\git.exe" config --local --unset-all extensions.worktreeConfig
2026-10-10T07:31:12.4468350Z ##[group]Checking out the ref
2026-10-10T07:31:12.4477308Z [command]"C:\Program Files\Git\bin\git.exe" checkout --progress --force -B dev refs/remotes/origin/dev
2026-10-10T07:31:13.5009849Z Updating files:  42% (3750/8916)
2026-10-10T07:31:13.5168458Z Updating files:  43% (3834/8916)
2026-10-10T07:31:13.5354953Z Updating files:  44% (3924/8916)
2026-10-10T07:31:13.5552111Z Updating files:  45% (4013/8916)
2026-10-10T07:31:13.5751400Z Updating files:  46% (4102/8916)
2026-10-10T07:31:13.5956814Z Updating files:  47% (4191/8916)
2026-10-10T07:31:13.6123219Z Updating files:  48% (4280/8916)
2026-10-10T07:31:13.6332949Z Updating files:  49% (4369/8916)
2026-10-10T07:31:13.6549428Z Updating files:  50% (4458/8916)
2026-10-10T07:31:13.6721036Z Updating files:  51% (4548/8916)
2026-10-10T07:31:13.6896862Z Updating files:  52% (4637/8916)
2026-10-10T07:31:13.7070769Z Updating files:  53% (4726/8916)
2026-10-10T07:31:13.7229630Z Updating files:  54% (4815/8916)
2026-10-10T07:31:13.7410028Z Updating files:  55% (4904/8916)
2026-10-10T07:31:13.7588834Z Updating files:  56% (4993/8916)
2026-10-10T07:31:13.7814450Z Updating files:  57% (5083/8916)
2026-10-10T07:31:13.7954031Z Updating files:  58% (5172/8916)
2026-10-10T07:31:13.8092781Z Updating files:  59% (5261/8916)
2026-10-10T07:31:13.8241970Z Updating files:  60% (5350/8916)
2026-10-10T07:31:13.8381628Z Updating files:  61% (5439/8916)
2026-10-10T07:31:13.8534352Z Updating files:  62% (5528/8916)
2026-10-10T07:31:13.8801795Z Updating files:  63% (5618/8916)
2026-10-10T07:31:13.9045349Z Updating files:  64% (5707/8916)
2026-10-10T07:31:13.9301497Z Updating files:  65% (5796/8916)
2026-10-10T07:31:13.9546136Z Updating files:  66% (5885/8916)
2026-10-10T07:31:13.9705905Z Updating files:  67% (5974/8916)
2026-10-10T07:31:13.9871526Z Updating files:  68% (6063/8916)
2026-10-10T07:31:14.0068365Z Updating files:  69% (6153/8916)
2026-10-10T07:31:14.0230446Z Updating files:  70% (6242/8916)
2026-10-10T07:31:14.0567202Z Updating files:  71% (6331/8916)
2026-10-10T07:31:14.0737002Z Updating files:  72% (6420/8916)
2026-10-10T07:31:14.0891391Z Updating files:  73% (6509/8916)
2026-10-10T07:31:14.1049849Z Updating files:  74% (6598/8916)
2026-10-10T07:31:14.1193452Z Updating files:  75% (6687/8916)
2026-10-10T07:31:14.1373062Z Updating files:  76% (6777/8916)
2026-10-10T07:31:14.1510439Z Updating files:  77% (6866/8916)
2026-10-10T07:31:14.1777660Z Updating files:  78% (6955/8916)
2026-10-10T07:31:14.2074871Z Updating files:  79% (7044/8916)
2026-10-10T07:31:14.2292300Z Updating files:  80% (7133/8916)
2026-10-10T07:31:14.2431975Z Updating files:  81% (7222/8916)
2026-10-10T07:31:14.2629273Z Updating files:  82% (7312/8916)
2026-10-10T07:31:14.2837740Z Updating files:  83% (7401/8916)
2026-10-10T07:31:14.3047674Z Updating files:  84% (7490/8916)
2026-10-10T07:31:14.3316934Z Updating files:  85% (7579/8916)
2026-10-10T07:31:14.3571587Z Updating files:  86% (7668/8916)
2026-10-10T07:31:14.3958328Z Updating files:  87% (7757/8916)
2026-10-10T07:31:14.4236724Z Updating files:  88% (7847/8916)
2026-10-10T07:31:14.8699760Z Updating files:  89% (7936/8916)
2026-10-10T07:31:14.8905414Z Updating files:  89% (7981/8916)
2026-10-10T07:31:14.9160150Z Updating files:  90% (8025/8916)
2026-10-10T07:31:14.9729880Z Updating files:  91% (8114/8916)
2026-10-10T07:31:14.9891093Z Updating files:  92% (8203/8916)
2026-10-10T07:31:15.0056194Z Updating files:  93% (8292/8916)
2026-10-10T07:31:15.0279476Z Updating files:  94% (8382/8916)
2026-10-10T07:31:15.0416643Z Updating files:  95% (8471/8916)
2026-10-10T07:31:15.0593763Z Updating files:  96% (8560/8916)
2026-10-10T07:31:15.0749645Z Updating files:  97% (8649/8916)
2026-10-10T07:31:15.0924559Z Updating files:  98% (8738/8916)
2026-10-10T07:31:15.1110433Z Updating files:  99% (8827/8916)
2026-10-10T07:31:15.1113215Z Updating files: 100% (8916/8916)
2026-10-10T07:31:15.1114238Z Updating files: 100% (8916/8916), done.
2026-10-10T07:31:15.1304665Z Switched to a new branch 'dev'
2026-10-10T07:31:15.1317598Z branch 'dev' set up to track 'origin/dev'.
2026-10-10T07:31:15.1470501Z ##[endgroup]
2026-10-10T07:31:15.1772539Z [command]"C:\Program Files\Git\bin\git.exe" log -1 --format=%H
2026-10-10T07:31:15.2006544Z bcd0a543c28d32029a69af3e217d76e72312b7bf
2026-10-10T07:31:15.2455215Z ##[group]Run actions/setup-go@v5
2026-10-10T07:31:15.2455591Z with:
2026-10-10T07:31:15.2455854Z   go-version-file: go.mod
2026-10-10T07:31:15.2456177Z   check-latest: false
2026-10-10T07:31:15.2458296Z   token: ***
2026-10-10T07:31:15.2458604Z   cache: true
2026-10-10T07:31:15.2458850Z env:
2026-10-10T07:31:15.2459074Z   WISP_ENV: test
2026-10-10T07:31:15.2459332Z ##[endgroup]
2026-10-10T07:31:15.4092367Z Setup go version spec 1.27
2026-10-10T07:31:15.4136490Z Attempting to download 1.27...
2026-10-10T07:31:15.4305491Z (node:6164) [DEP0040] DeprecationWarning: The `punycode` module is deprecated. Please use a userland alternative instead.
2026-10-10T07:31:15.4307394Z (Use `node --trace-deprecation ...` to show where the warning was created)
2026-10-10T07:31:16.1499652Z matching 1.27...
2026-10-10T07:31:16.1507350Z Acquiring 1.27.2 from https://github.com/actions/go-versions/releases/download/1.27.2-37875086547/go-1.27.2-win32-x64.zip
2026-10-10T07:31:16.9454402Z Extracting Go...
2026-10-10T07:31:17.0002668Z [command]"C:\Program Files\PowerShell\7\pwsh.exe" -NoLogo -NoProfile -NonInteractive -ExecutionPolicy Unrestricted -Command "$ErrorActionPreference = 'Stop' ; try { Add-Type -AssemblyName System.IO.Compression.ZipFile } catch { } ; try { [System.IO.Compression.ZipFile]::ExtractToDirectory('D:\a\_temp\go-1.27.2-win32-x64.zip', 'D:\a\_temp\673f0d4e-dc0c-4e7b-8ddc-362e13153386', $true) } catch { if (($_.Exception.GetType().FullName -eq 'System.Management.Automation.MethodException') -or ($_.Exception.GetType().FullName -eq 'System.Management.Automation.RuntimeException') ){ Expand-Archive -LiteralPath 'D:\a\_temp\go-1.27.2-win32-x64.zip' -DestinationPath 'D:\a\_temp\673f0d4e-dc0c-4e7b-8ddc-362e13153386' -Force } else { throw $_ } } ;"
2026-10-10T07:31:21.1677627Z Successfully extracted go to D:\a\_temp\673f0d4e-dc0c-4e7b-8ddc-362e13153386
2026-10-10T07:31:21.1678153Z Adding to the cache ...
2026-10-10T07:31:31.5475714Z Created link C:\hostedtoolcache\windows\go\1.27.2\x64 => D:\hostedtoolcache\windows\go\1.27.2\x64
2026-10-10T07:31:31.5479512Z Created link C:\hostedtoolcache\windows\go\1.27.2\x64.complete => D:\hostedtoolcache\windows\go\1.27.2\x64.complete
2026-10-10T07:31:31.5480320Z Successfully cached go to C:\hostedtoolcache\windows\go\1.27.2\x64
2026-10-10T07:31:31.5486682Z Added go to the path
2026-10-10T07:31:31.5489378Z Successfully set up Go version 1.27
2026-10-10T07:31:31.7835264Z [command]C:\hostedtoolcache\windows\go\1.27.2\x64\bin\go.exe env GOMODCACHE
2026-10-10T07:31:31.7879322Z [command]C:\hostedtoolcache\windows\go\1.27.2\x64\bin\go.exe env GOCACHE
2026-10-10T07:31:31.8064034Z C:\Users\runneradmin\go\pkg\mod
2026-10-10T07:31:31.8114880Z C:\Users\runneradmin\AppData\Local\go-build
2026-10-10T07:31:32.0514170Z Cache hit for: setup-go-Windows-x64-go-1.27.2-b4f3805abe958e98b99401a573c01750d23ee48da35e3229b78a44fd2da05326
2026-10-10T07:31:32.0622577Z (node:6164) [DEP0169] DeprecationWarning: `url.parse()` behavior is not standardized and prone to errors that have security implications. Use the WHATWG URL API instead. CVEs are not issued for `url.parse()` vulnerabilities.
2026-10-10T07:31:33.1899978Z Received 125829120 of 167608001 (75.1%), 120.0 MBs/sec
2026-10-10T07:31:34.1973710Z Received 167608001 of 167608001 (100.0%), 79.6 MBs/sec
2026-10-10T07:31:34.1976519Z Cache Size: ~160 MB (167608001 B)
2026-10-10T07:31:34.2059282Z [command]"C:\Program Files\Git\usr\bin\tar.exe" -xf D:/a/_temp/3825882e-abe1-4ae0-8cc6-df84b2373d2e/cache.tzst -P -C D:/a/wisp/wisp --force-local --use-compress-program "zstd -d"
2026-10-10T07:31:41.9830880Z Cache restored successfully
2026-10-10T07:31:42.0014516Z Cache restored from key: setup-go-Windows-x64-go-1.27.2-b4f3805abe958e98b99401a573c01750d23ee48da35e3229b78a44fd2da05326
2026-10-10T07:31:42.0041531Z go version go1.27.2 windows/amd64
2026-10-10T07:31:42.0041905Z 
2026-10-10T07:31:42.0042430Z ##[group]go env
2026-10-10T07:31:42.2681996Z set AR=ar
2026-10-10T07:31:42.2683307Z set CC=gcc
2026-10-10T07:31:42.2685833Z set CGO_CFLAGS=-O2 -g
2026-10-10T07:31:42.2686449Z set CGO_CPPFLAGS=
2026-10-10T07:31:42.2686822Z set CGO_CXXFLAGS=-O2 -g
2026-10-10T07:31:42.2687245Z set CGO_ENABLED=1
2026-10-10T07:31:42.2687634Z set CGO_FFLAGS=-O2 -g
2026-10-10T07:31:42.2688054Z set CGO_LDFLAGS=-O2 -g
2026-10-10T07:31:42.2688421Z set CXX=g++
2026-10-10T07:31:42.2688740Z set GCCGO=gccgo
2026-10-10T07:31:42.2689148Z set GO111MODULE=
2026-10-10T07:31:42.2689497Z set GOAMD64=v1
2026-10-10T07:31:42.2689931Z set GOARCH=amd64
2026-10-10T07:31:42.2690281Z set GOAUTH=netrc
2026-10-10T07:31:42.2690650Z set GOBIN=C:\Users\runneradmin\go\bin
2026-10-10T07:31:42.2691201Z set GOCACHE=C:\Users\runneradmin\AppData\Local\go-build
2026-10-10T07:31:42.2691767Z set GOCACHEPROG=
2026-10-10T07:31:42.2692130Z set GODEBUG=
2026-10-10T07:31:42.2692914Z set GOENV=C:\Users\runneradmin\AppData\Roaming\go\env
2026-10-10T07:31:42.2693397Z set GOEXE=.exe
2026-10-10T07:31:42.2694822Z set GOEXPERIMENT=
2026-10-10T07:31:42.2695217Z set GOFIPS140=off
2026-10-10T07:31:42.2695899Z set GOFLAGS=
2026-10-10T07:31:42.2696884Z set GOGCCFLAGS=-m64 -pthread -Wl,--no-gc-sections -fmessage-length=0 -ffile-prefix-map=C:\Users\RUNNER~1\AppData\Local\Temp\go-build2177442713=/tmp/go-build -gno-record-gcc-switches
2026-10-10T07:31:42.2697898Z set GOHOSTARCH=amd64
2026-10-10T07:31:42.2698314Z set GOHOSTOS=windows
2026-10-10T07:31:42.2698735Z set GOINSECURE=
2026-10-10T07:31:42.2699099Z set GOMOD=D:\a\wisp\wisp\go.mod
2026-10-10T07:31:42.2699637Z set GOMODCACHE=C:\Users\runneradmin\go\pkg\mod
2026-10-10T07:31:42.2700100Z set GONOPROXY=
2026-10-10T07:31:42.2700465Z set GONOSUMDB=
2026-10-10T07:31:42.2700789Z set GOOS=windows
2026-10-10T07:31:42.2701201Z set GOPACKAGESDRIVER=
2026-10-10T07:31:42.2701678Z set GOPATH=C:\Users\runneradmin\go
2026-10-10T07:31:42.2702112Z set GOPRIVATE=
2026-10-10T07:31:42.2702606Z set GOPROXY=https://proxy.golang.org,direct
2026-10-10T07:31:42.2703090Z set GOROOT=C:\hostedtoolcache\windows\go\1.27.2\x64
2026-10-10T07:31:42.2703628Z set GOSUMDB=sum.golang.org
2026-10-10T07:31:42.2704015Z set GOTELEMETRY=local
2026-10-10T07:31:42.2704576Z set GOTELEMETRYDIR=C:\Users\runneradmin\AppData\Roaming\go\telemetry
2026-10-10T07:31:42.2705135Z set GOTMPDIR=
2026-10-10T07:31:42.2705467Z set GOTOOLCHAIN=auto
2026-10-10T07:31:42.2706029Z set GOTOOLDIR=C:\hostedtoolcache\windows\go\1.27.2\x64\pkg\tool\windows_amd64
2026-10-10T07:31:42.2706654Z set GOVCS=
2026-10-10T07:31:42.2706963Z set GOVERSION=go1.27.2
2026-10-10T07:31:42.2707315Z set GOWORK=
2026-10-10T07:31:42.2707665Z set PKG_CONFIG=pkg-config
2026-10-10T07:31:42.2707940Z 
2026-10-10T07:31:42.2708456Z ##[endgroup]
2026-10-10T07:31:42.3084600Z ##[group]Run bash scripts/winsec-tests.sh
2026-10-10T07:31:42.3085258Z [36;1mbash scripts/winsec-tests.sh[0m
2026-10-10T07:31:42.3102875Z shell: C:\Program Files\Git\bin\bash.EXE --noprofile --norc -e -o pipefail {0}
2026-10-10T07:31:42.3103313Z env:
2026-10-10T07:31:42.3103602Z   WISP_ENV: test
2026-10-10T07:31:42.3103864Z ##[endgroup]
2026-10-10T07:31:42.7149309Z winsec-tests.sh: platform=windows gate=internal/winsec scope=[./internal/winsec/] package=github.com/CarlosShao/wisp/internal/winsec
2026-10-10T07:31:42.8690863Z portable-tests.sh: explicit scope [./internal/winsec/] IS the winsec tier's own scope - running it as mode=winsec against winsec_pin (ticket 251 AC#1)
2026-10-10T07:32:42.8668019Z portable-tests.sh: platform=windows scope=[./internal/winsec/...]
2026-10-10T07:32:42.8668589Z portable-tests.sh: 11 ledger entries, 7 accounted on this platform:
2026-10-10T07:32:42.8678642Z portable-tests.sh:   TestDefaultDeadlineWallClockMeasurement              [opt-in] 300s wall-clock measurement gated by WISP_84_MEASURE=1 (ticket84_no_owner_test.go:224, docs/evidence/s1/84-ac1-bounded-wait.md); it measures a deadline instead of asserting a property, so a CI run of it produces a duration nobody checks
2026-10-10T07:32:42.8682646Z portable-tests.sh:   TestSubprocessCrashWriter                            [reexec] child-process entry point of TestCrashRecoveryKillMidWrite (concurrent_test.go:186); not a test of its own, it skips whenever it is not the re-exec'd child
2026-10-10T07:32:42.8698755Z portable-tests.sh:   TestHelperProcess                                    [reexec] child-process entry point of the job-object cases (jobscope_windows_test.go:87, //go:build windows); skips unless re-exec'd with the helper env var set
2026-10-10T07:32:42.8701173Z portable-tests.sh:   TestLiveWasapiSmoke                                  [fixture] live WASAPI capture needs WISP_LIVE_MIC=1 and a physical microphone (hotplug_test.go:527, //go:build windows); a hosted runner has no audio endpoint, so the case has no subject there. Real-hardware smoke is ticket 16's
2026-10-10T07:32:42.8703896Z portable-tests.sh:   TestRealDownloadVadThroughPipeline                   [opt-in] real-network spot check gated by WISP_IT_REAL_MIRROR=1 (manifest_real_test.go:120); CI has no business pulling model archives from a third-party mirror
2026-10-10T07:32:42.8705968Z portable-tests.sh:   TestRealDownloadPuncArchiveThroughPipeline           [opt-in] real-network spot check gated by WISP_IT_REAL_MIRROR=1 (manifest_real_test.go:147); same reason as the VAD row
2026-10-10T07:32:42.8723670Z portable-tests.sh:   TestSyncRegistryProbeLive                            [fixture] P12 live registry evidence; on ubuntu it is now out of scope by platform instead of by skip (ticket 93 AC#2 moved it verbatim into syncdirs_windows_test.go), and on a Windows host whose HKCU Accounts key carries no UserFolder the hive has nothing to say. Measured on a windows host at HEAD 84e43af: --- SKIP at syncdirs_windows_test.go:133. As of ticket 110 AC#4 the windows leg carries ./internal/risk/ in its scope, so this row is re-verified against the compiled WINDOWS test binary (go test -list) and printed with its reason in that step's log - which is the step-level answer R-93-4 asked for. Remedy for a real run: a host with a sync record, or fold the shape check into the fixture-driven case. next= on ticket 93
2026-10-10T07:32:42.8934561Z portable-tests.sh: -skip pattern built from the ledger: ^(TestDefaultDeadlineWallClockMeasurement|TestSubprocessCrashWriter|TestHelperProcess|TestLiveWasapiSmoke|TestRealDownloadVadThroughPipeline|TestRealDownloadPuncArchiveThroughPipeline|TestSyncRegistryProbeLive)$
2026-10-10T07:32:50.1179638Z time=2026-10-10T07:32:43.630Z level=INFO msg="winsec: sealing path resolver installed" resolver=risk.c26Pipeline probes_passed=2
2026-10-10T07:32:50.1180746Z === RUN   TestAbsolutenessSpellingsAreNotOneTree
2026-10-10T07:32:50.1182071Z --- PASS: TestAbsolutenessSpellingsAreNotOneTree (0.00s)
2026-10-10T07:32:50.1226080Z === RUN   TestAttributionFaceNeverSeesAMixedAbsolutenessPair
2026-10-10T07:32:50.1228680Z     absoluteness_attribution_129_windows_test.go:154: AC#2 attribution-face reading: 1 notice(s), all absolute=true, caller's resolved answer absolute=true (C:\Users\runneradmin\AppData\Local\Temp\TestAttributionFaceNeverSeesAMixedAbsolutenessPair2918195586\001\store-44440\artifact.txt)
2026-10-10T07:32:50.1235629Z --- PASS: TestAttributionFaceNeverSeesAMixedAbsolutenessPair (0.02s)
2026-10-10T07:32:50.1236547Z === RUN   TestSeamGuardRefusesACandidateWhoseSecondWitnessDiffersOnlyInAbsoluteness
2026-10-10T07:32:50.1243163Z     absoluteness_attribution_129_windows_test.go:268: AC#1 leg "second witness vouches for the probe parent's tree in a drive-relative spelling": answers=map[C:\Users\RUNNER~1\AppData\Local\Temp:D:\wisp129-seam\probe-tree C:\Users\RUNNER~1\AppData\Local\Temp\wisp-129-tree-ownership-probe:D:\wisp129-seam\moved-seal\leaf D:\wisp129-seam\moved-seal:D:wisp129-seam\probe-tree] asked=[C:\Users\RUNNER~1\AppData\Local\Temp C:\Users\RUNNER~1\AppData\Local\Temp\wisp-129-tree-ownership-probe D:\wisp129-seam\moved-seal] refusal="it answered \"C:\\\\Users\\\\RUNNER~1\\\\AppData\\\\Local\\\\Temp\\\\wisp-129-tree-ownership-probe\" with \"D:\\\\wisp129-seam\\\\moved-seal\\\\leaf\", which is neither inside the tree \"D:\\\\wisp129-seam\\\\probe-tree\" it answered for that path's own parent \"C:\\\\Users\\\\RUNNER~1\\\\AppData\\\\Local\\\\Temp\" nor inside the tree that answer names once the candidate is asked about it directly (\"D:wisp129-seam\\\\probe-tree\" for \"D:\\\\wisp129-seam\\\\moved-seal\"): the seam may not be used to move a seal into another tree" (sameTree read a drive-relative answer as the absolute tree it names only after absolutization)
2026-10-10T07:32:50.1254511Z     absoluteness_attribution_129_windows_test.go:268: AC#1 leg "the child's own answer sits in the probe parent's tree only when read drive-relative": answers=map[C:\Users\RUNNER~1\AppData\Local\Temp:D:\wisp129-seam\probe-tree C:\Users\RUNNER~1\AppData\Local\Temp\wisp-129-tree-ownership-probe:D:wisp129-seam\probe-tree\leaf D:wisp129-seam\probe-tree:D:\wisp129-seam\unrelated-tree] asked=[C:\Users\RUNNER~1\AppData\Local\Temp C:\Users\RUNNER~1\AppData\Local\Temp\wisp-129-tree-ownership-probe D:wisp129-seam\probe-tree] refusal="it answered \"C:\\\\Users\\\\RUNNER~1\\\\AppData\\\\Local\\\\Temp\\\\wisp-129-tree-ownership-probe\" with \"D:wisp129-seam\\\\probe-tree\\\\leaf\", which is neither inside the tree \"D:\\\\wisp129-seam\\\\probe-tree\" it answered for that path's own parent \"C:\\\\Users\\\\RUNNER~1\\\\AppData\\\\Local\\\\Temp\" nor inside the tree that answer names once the candidate is asked about it directly (\"D:\\\\wisp129-seam\\\\unrelated-tree\" for \"D:wisp129-seam\\\\probe-tree\"): the seam may not be used to move a seal into another tree" (answerInsideTree at :391 took a drive-relative child as inside an absolute parent)
2026-10-10T07:32:50.1266210Z     absoluteness_attribution_129_windows_test.go:268: AC#1 leg "control for the gap: an absolute second witness naming another tree": answers=map[C:\Users\RUNNER~1\AppData\Local\Temp:D:\wisp129-seam\probe-tree C:\Users\RUNNER~1\AppData\Local\Temp\wisp-129-tree-ownership-probe:D:\wisp129-seam\moved-seal\leaf D:\wisp129-seam\moved-seal:D:\wisp129-seam\unrelated-tree] asked=[C:\Users\RUNNER~1\AppData\Local\Temp C:\Users\RUNNER~1\AppData\Local\Temp\wisp-129-tree-ownership-probe D:\wisp129-seam\moved-seal] refusal="it answered \"C:\\\\Users\\\\RUNNER~1\\\\AppData\\\\Local\\\\Temp\\\\wisp-129-tree-ownership-probe\" with \"D:\\\\wisp129-seam\\\\moved-seal\\\\leaf\", which is neither inside the tree \"D:\\\\wisp129-seam\\\\probe-tree\" it answered for that path's own parent \"C:\\\\Users\\\\RUNNER~1\\\\AppData\\\\Local\\\\Temp\" nor inside the tree that answer names once the candidate is asked about it directly (\"D:\\\\wisp129-seam\\\\unrelated-tree\" for \"D:\\\\wisp129-seam\\\\moved-seal\"): the seam may not be used to move a seal into another tree" (this leg is green before this ticket too; it is here to show what a refusal looks like)
2026-10-10T07:32:50.1274734Z     absoluteness_attribution_129_windows_test.go:268: AC#1 leg "CONTROL: the second witness names that very tree, both spellings absolute": answers=map[C:\Users\RUNNER~1\AppData\Local\Temp:D:\wisp129-seam\probe-tree C:\Users\RUNNER~1\AppData\Local\Temp\wisp-129-tree-ownership-probe:D:\wisp129-seam\moved-seal\leaf D:\wisp129-seam\moved-seal:D:\wisp129-seam\probe-tree] asked=[C:\Users\RUNNER~1\AppData\Local\Temp C:\Users\RUNNER~1\AppData\Local\Temp\wisp-129-tree-ownership-probe D:\wisp129-seam\moved-seal] refusal="" (the honest self-vouching ticket 112 and 126 already protect)
2026-10-10T07:32:50.1282149Z     absoluteness_attribution_129_windows_test.go:268: AC#1 leg "CONTROL: both the probe parent's answer and the second witness are drive-relative and identical": answers=map[C:\Users\RUNNER~1\AppData\Local\Temp:D:wisp129-seam\probe-tree C:\Users\RUNNER~1\AppData\Local\Temp\wisp-129-tree-ownership-probe:D:\wisp129-seam\moved-seal\leaf D:\wisp129-seam\moved-seal:D:wisp129-seam\probe-tree] asked=[C:\Users\RUNNER~1\AppData\Local\Temp C:\Users\RUNNER~1\AppData\Local\Temp\wisp-129-tree-ownership-probe D:\wisp129-seam\moved-seal] refusal="" (agreeing absoluteness is what the rule requires, not absolute-ness itself)
2026-10-10T07:32:50.1287237Z     absoluteness_attribution_129_windows_test.go:268: AC#1 leg "CONTROL: the child's answer is honestly inside the probe parent's tree": answers=map[C:\Users\RUNNER~1\AppData\Local\Temp:D:\wisp129-seam\probe-tree C:\Users\RUNNER~1\AppData\Local\Temp\wisp-129-tree-ownership-probe:D:\wisp129-seam\probe-tree\leaf] asked=[C:\Users\RUNNER~1\AppData\Local\Temp C:\Users\RUNNER~1\AppData\Local\Temp\wisp-129-tree-ownership-probe] refusal="" (the containment leg must still stop there, exactly as before the change)
2026-10-10T07:32:50.1290040Z --- PASS: TestSeamGuardRefusesACandidateWhoseSecondWitnessDiffersOnlyInAbsoluteness (0.00s)
2026-10-10T07:32:50.1290998Z === RUN   TestHonestPipelineKeepsPassingItsOwnProbe
2026-10-10T07:32:50.1291788Z === RUN   TestHonestPipelineKeepsPassingItsOwnProbe/on_a_planted_8.3_short_spelling_of_an_existing_parent
2026-10-10T07:32:50.1294651Z     absoluteness_attribution_129_windows_test.go:317: CONTROL: honest 8.3 pair still passes; long="C:\\Users\\RUNNER~1\\AppData\\Local\\Temp\\TestHonestPipelineKeepsPassingItsOwnProbeon_a_planted_8.3_short682230654\\001\\wisp129-long-profile-name" short="C:\\Users\\RUNNER~1\\AppData\\Local\\Temp\\TESTHO~1.3_S\\001\\WISP12~1" both absolute=true/true
2026-10-10T07:32:50.1296864Z --- PASS: TestHonestPipelineKeepsPassingItsOwnProbe (0.00s)
2026-10-10T07:32:50.1297962Z     --- PASS: TestHonestPipelineKeepsPassingItsOwnProbe/on_a_planted_8.3_short_spelling_of_an_existing_parent (0.00s)
2026-10-10T07:32:50.1298938Z === RUN   TestAC1SealFileReportsTheInheritedGrantItCleared
2026-10-10T07:32:50.1300617Z     inherited_narrow_notice_104_windows_test.go:121: icacls BEFORE SealFile C:\Users\RUNNER~1\AppData\Local\Temp\TestAC1SealFileReportsTheInheritedGrantItCleared2349565579\001\store\readable-by-inheritance.txt
2026-10-10T07:32:50.1302670Z         C:\Users\RUNNER~1\AppData\Local\Temp\TestAC1SealFileReportsTheInheritedGrantItCleared2349565579\001\store\readable-by-inheritance.txt Everyone:(I)(RX)
2026-10-10T07:32:50.1306146Z                                                                                                                                               NT AUTHORITY\SYSTEM:(I)(F)
2026-10-10T07:32:50.1309640Z                                                                                                                                               BUILTIN\Administrators:(I)(F)
2026-10-10T07:32:50.1312920Z                                                                                                                                               runnervmfi6oq\runneradmin:(I)(F)
2026-10-10T07:32:50.1314061Z         
2026-10-10T07:32:50.1314671Z         Successfully processed 1 files; Failed processing 0 files
2026-10-10T07:32:50.1316384Z     inherited_narrow_notice_104_windows_test.go:131: icacls AFTER SealFile C:\Users\RUNNER~1\AppData\Local\Temp\TestAC1SealFileReportsTheInheritedGrantItCleared2349565579\001\store\readable-by-inheritance.txt
2026-10-10T07:32:50.1318430Z         C:\Users\RUNNER~1\AppData\Local\Temp\TestAC1SealFileReportsTheInheritedGrantItCleared2349565579\001\store\readable-by-inheritance.txt NT AUTHORITY\SYSTEM:(F)
2026-10-10T07:32:50.1322042Z                                                                                                                                               BUILTIN\Administrators:(F)
2026-10-10T07:32:50.1325475Z                                                                                                                                               runnervmfi6oq\runneradmin:(F)
2026-10-10T07:32:50.1326090Z         
2026-10-10T07:32:50.1326684Z         Successfully processed 1 files; Failed processing 0 files
2026-10-10T07:32:50.1327366Z --- PASS: TestAC1SealFileReportsTheInheritedGrantItCleared (0.04s)
2026-10-10T07:32:50.1327955Z === RUN   TestAC1DefaultLogSaysInherited
2026-10-10T07:32:50.1331419Z     inherited_narrow_notice_104_windows_test.go:182: default rendering: time=2026-10-10T07:32:43.719Z level=WARN msg="winsec: seal cleared principals that stood on this object" path=C:\Users\runneradmin\AppData\Local\Temp\TestAC1DefaultLogSaysInherited3239994349\001\store\log-leg.txt kind=inherited cleared="" cleared_inherited=S-1-1-0(A;ID;0x1200a9;;;WD) policy="winsec owns the grants on this tree; out-of-band ACEs are removed at the next seal"
2026-10-10T07:32:50.1333602Z --- PASS: TestAC1DefaultLogSaysInherited (0.01s)
2026-10-10T07:32:50.1334161Z === RUN   TestAC2InheritedNoticeHasANoiseBound
2026-10-10T07:32:50.1334913Z === RUN   TestAC2InheritedNoticeHasANoiseBound/a_private_tree_with_only_the_private_set_stays_quiet
2026-10-10T07:32:50.1335937Z     inherited_narrow_notice_104_windows_test.go:231: leg 1 (only {me,SY,BA}) WARN count = 0
2026-10-10T07:32:50.1336873Z === RUN   TestAC2InheritedNoticeHasANoiseBound/parent_policy_change_propagates_without_a_per_child_storm
2026-10-10T07:32:50.1338832Z     inherited_narrow_notice_104_windows_test.go:279: leg 2 (parent sealed first, then 6 children): total WARN = 1 (parent=1, children=0), per-child=map[c:\users\runneradmin\appdata\local\temp\testac2inheritednoticehasanoiseboundparent_policy_change_propag1921177473\001\propagated:1]
2026-10-10T07:32:50.1340713Z === RUN   TestAC2InheritedNoticeHasANoiseBound/sealing_only_children_reports_each_of_them_once
2026-10-10T07:32:50.1341858Z     inherited_narrow_notice_104_windows_test.go:331: leg 3 (parent left wide, 4 children sealed singly): total WARN = 4
2026-10-10T07:32:50.1342704Z --- PASS: TestAC2InheritedNoticeHasANoiseBound (0.05s)
2026-10-10T07:32:50.1344136Z     --- PASS: TestAC2InheritedNoticeHasANoiseBound/a_private_tree_with_only_the_private_set_stays_quiet (0.01s)
2026-10-10T07:32:50.1347225Z     --- PASS: TestAC2InheritedNoticeHasANoiseBound/parent_policy_change_propagates_without_a_per_child_storm (0.02s)
2026-10-10T07:32:50.1348416Z     --- PASS: TestAC2InheritedNoticeHasANoiseBound/sealing_only_children_reports_each_of_them_once (0.02s)
2026-10-10T07:32:50.1349295Z === RUN   TestAC3OwnGrantsStaySilentWhicheverWayTheOSNamesThem
2026-10-10T07:32:50.1352021Z     inherited_narrow_notice_104_windows_test.go:387: own-trustee seal WARN count = 1 ([{Path:C:\Users\runneradmin\AppData\Local\Temp\TestAC3OwnGrantsStaySilentWhicheverWayTheOSNamesThem18869826\001\byname\service-witness.txt Principals:[S-1-5-6(A;;0x1200a9;;;SU)] Inherited:[]}])
2026-10-10T07:32:50.1353957Z --- PASS: TestAC3OwnGrantsStaySilentWhicheverWayTheOSNamesThem (0.06s)
2026-10-10T07:32:50.1354666Z === RUN   TestSealReportsThePrincipalsItCleared
2026-10-10T07:32:50.1355358Z --- PASS: TestSealReportsThePrincipalsItCleared (0.03s)
2026-10-10T07:32:50.1355968Z === RUN   TestSealNoticeIsRecordedByDefault
2026-10-10T07:32:50.1359493Z     narrow_notice_windows_test.go:142: recorded notice: time=2026-10-10T07:32:43.869Z level=WARN msg="winsec: seal cleared principals that stood on this object" path=C:\Users\runneradmin\AppData\Local\Temp\TestSealNoticeIsRecordedByDefault1784795105\001\data kind=explicit cleared=S-1-5-6(A;OICI;0x1200a9;;;SU) cleared_inherited="" policy="winsec owns the grants on this tree; out-of-band ACEs are removed at the next seal"
2026-10-10T07:32:50.1371484Z --- PASS: TestSealNoticeIsRecordedByDefault (0.01s)
2026-10-10T07:32:50.1372214Z === RUN   TestNoticeAttributionSurvivesAn83AliasOfItsOwnTree
2026-10-10T07:32:50.1375146Z     notice_attribution_115_windows_test.go:230: seal #0 typed "C:\\Users\\RUNNER~1\\AppData\\Local\\Temp\\TestNoticeAttributionSurvivesAn83AliasOfItsOwnTree3092111757\\001\\wisp115longdirname\\artifact-under-test.txt" -> notice path "C:\\Users\\runneradmin\\AppData\\Local\\Temp\\TestNoticeAttributionSurvivesAn83AliasOfItsOwnTree3092111757\\001\\wisp115longdirname\\artifact-under-test.txt" (EqualFold with the short spelling: false)
2026-10-10T07:32:50.1379537Z     notice_attribution_115_windows_test.go:230: seal #1 typed "C:\\Users\\RUNNER~1\\AppData\\Local\\Temp\\TESTNO~1\\001\\WISP11~1\\ARTIFA~1.TXT" -> notice path "C:\\Users\\runneradmin\\AppData\\Local\\Temp\\TestNoticeAttributionSurvivesAn83AliasOfItsOwnTree3092111757\\001\\wisp115longdirname\\artifact-under-test.txt" (EqualFold with the short spelling: false)
2026-10-10T07:32:50.1383513Z     notice_attribution_115_windows_test.go:230: seal #2 typed "C:\\Users\\RUNNER~1\\AppData\\Local\\Temp\\TESTNO~1\\001\\WISP11~1\\artifact-under-test.txt" -> notice path "C:\\Users\\runneradmin\\AppData\\Local\\Temp\\TestNoticeAttributionSurvivesAn83AliasOfItsOwnTree3092111757\\001\\wisp115longdirname\\artifact-under-test.txt" (EqualFold with the short spelling: false)
2026-10-10T07:32:50.1387517Z     notice_attribution_115_windows_test.go:230: seal #3 typed "C:\\USERS\\RUNNER~1\\APPDATA\\LOCAL\\TEMP\\TESTNOTICEATTRIBUTIONSURVIVESAN83ALIASOFITSOWNTREE3092111757\\001\\WISP115LONGDIRNAME\\ARTIFACT-UNDER-TEST.TXT" -> notice path "C:\\Users\\runneradmin\\AppData\\Local\\Temp\\TestNoticeAttributionSurvivesAn83AliasOfItsOwnTree3092111757\\001\\wisp115longdirname\\artifact-under-test.txt" (EqualFold with the short spelling: false)
2026-10-10T07:32:50.1389816Z --- PASS: TestNoticeAttributionSurvivesAn83AliasOfItsOwnTree (0.05s)
2026-10-10T07:32:50.1390573Z === RUN   TestNoticeAttributionKeepsTwoTreesApart
2026-10-10T07:32:50.1392324Z --- PASS: TestNoticeAttributionKeepsTwoTreesApart (0.06s)
2026-10-10T07:32:50.1393111Z === RUN   TestAC118KindFieldSaysExplicitForAGrantThatStoodOnTheObjectItself
2026-10-10T07:32:50.1394198Z --- PASS: TestAC118KindFieldSaysExplicitForAGrantThatStoodOnTheObjectItself (0.01s)
2026-10-10T07:32:50.1395059Z === RUN   TestAC118KindFieldSaysInheritedForAGrantTheParentHandedDown
2026-10-10T07:32:50.1395949Z --- PASS: TestAC118KindFieldSaysInheritedForAGrantTheParentHandedDown (0.01s)
2026-10-10T07:32:50.1396833Z === RUN   TestAC118KindFieldSaysBothWhenTheObjectCarriedItsOwnGrantToo
2026-10-10T07:32:50.1397731Z --- PASS: TestAC118KindFieldSaysBothWhenTheObjectCarriedItsOwnGrantToo (0.02s)
2026-10-10T07:32:50.1398609Z === RUN   TestAC118NamesEveryoneIsJudgedBySIDNotByTwoBytes
2026-10-10T07:32:50.1399872Z     notice_kind_and_everyone_118_windows_test.go:635: AC#3 buckets read: SERVICE-only "S-1-5-6(A;;0x1200a9;;;SU)", Everyone "S-1-1-0(A;;0x1200a9;;;WD)"
2026-10-10T07:32:50.1401047Z --- PASS: TestAC118NamesEveryoneIsJudgedBySIDNotByTwoBytes (0.08s)
2026-10-10T07:32:50.1401787Z === RUN   TestAC2AncestorPrefixesForEverySeparatorShape
2026-10-10T07:32:50.1402568Z === RUN   TestAC2AncestorPrefixesForEverySeparatorShape/native-backslash
2026-10-10T07:32:50.1403806Z     pathpieces_108_test.go:85: native-backslash: pathPieces("C:\\a\\b\\keep.txt") = ["C:\\a" "C:\\a\\b" "C:\\a\\b\\keep.txt"]
2026-10-10T07:32:50.1404727Z === RUN   TestAC2AncestorPrefixesForEverySeparatorShape/all-forward-slash
2026-10-10T07:32:50.1409935Z     pathpieces_108_test.go:85: all-forward-slash: pathPieces("C:/a/b/keep.txt") = ["C:/a" "C:/a/b" "C:/a/b/keep.txt"]
2026-10-10T07:32:50.1411109Z === RUN   TestAC2AncestorPrefixesForEverySeparatorShape/mixed-separators
2026-10-10T07:32:50.1412756Z     pathpieces_108_test.go:85: mixed-separators: pathPieces("C:\\a/b\\keep.txt") = ["C:\\a" "C:\\a/b" "C:\\a/b\\keep.txt"]
2026-10-10T07:32:50.1413794Z === RUN   TestAC2AncestorPrefixesForEverySeparatorShape/trailing-separator
2026-10-10T07:32:50.1414913Z     pathpieces_108_test.go:85: trailing-separator: pathPieces("/a/b/keep.txt/") = ["/a" "/a/b" "/a/b/keep.txt"]
2026-10-10T07:32:50.1415930Z === RUN   TestAC2AncestorPrefixesForEverySeparatorShape/doubled-separator
2026-10-10T07:32:50.1417037Z     pathpieces_108_test.go:85: doubled-separator: pathPieces("/a/b//keep.txt") = ["/a" "/a/b" "/a/b//keep.txt"]
2026-10-10T07:32:50.1418091Z === RUN   TestAC2AncestorPrefixesForEverySeparatorShape/posix-backslash-is-a-name-character
2026-10-10T07:32:50.1419422Z     pathpieces_108_test.go:85: posix-backslash-is-a-name-character: pathPieces("/a/b\\c/keep.txt") = ["/a" "/a/b" "/a/b\\c" "/a/b\\c/keep.txt"]
2026-10-10T07:32:50.1420538Z === RUN   TestAC2AncestorPrefixesForEverySeparatorShape/extended-length-prefix
2026-10-10T07:32:50.1421825Z     pathpieces_108_test.go:85: extended-length-prefix: pathPieces("\\\\?\\C:\\a\\b\\keep.txt") = ["\\\\?\\C:\\a" "\\\\?\\C:\\a\\b" "\\\\?\\C:\\a\\b\\keep.txt"]
2026-10-10T07:32:50.1422814Z --- PASS: TestAC2AncestorPrefixesForEverySeparatorShape (0.00s)
2026-10-10T07:32:50.1423730Z     --- PASS: TestAC2AncestorPrefixesForEverySeparatorShape/native-backslash (0.00s)
2026-10-10T07:32:50.1424794Z     --- PASS: TestAC2AncestorPrefixesForEverySeparatorShape/all-forward-slash (0.00s)
2026-10-10T07:32:50.1425777Z     --- PASS: TestAC2AncestorPrefixesForEverySeparatorShape/mixed-separators (0.00s)
2026-10-10T07:32:50.1426762Z     --- PASS: TestAC2AncestorPrefixesForEverySeparatorShape/trailing-separator (0.00s)
2026-10-10T07:32:50.1427741Z     --- PASS: TestAC2AncestorPrefixesForEverySeparatorShape/doubled-separator (0.00s)
2026-10-10T07:32:50.1429233Z     --- PASS: TestAC2AncestorPrefixesForEverySeparatorShape/posix-backslash-is-a-name-character (0.00s)
2026-10-10T07:32:50.1430338Z     --- PASS: TestAC2AncestorPrefixesForEverySeparatorShape/extended-length-prefix (0.00s)
2026-10-10T07:32:50.1431152Z === RUN   TestAC2ComponentsAndTraversalPerSeparatorShape
2026-10-10T07:32:50.1432242Z     pathpieces_108_test.go:129: a dot-dot the Windows parser would honour: lexicalTraversal("C:/a/../b") -> found=true (traverses "..")
2026-10-10T07:32:50.1433729Z     pathpieces_108_test.go:129: a portable dot-dot: lexicalTraversal("/a/../b") -> found=true (traverses "..")
2026-10-10T07:32:50.1435228Z     pathpieces_108_test.go:129: backslash-dot-dot: one real component name on POSIX, two separators on Windows: lexicalTraversal("/a/b\\..\\c") -> found=true (traverses "..")
2026-10-10T07:32:50.1436918Z     pathpieces_108_test.go:129: an empty segment: lexicalTraversal("/a/b//c") -> found=true (has an empty path segment (index 4))
2026-10-10T07:32:50.1438038Z     pathpieces_108_test.go:129: a self reference: lexicalTraversal("/a/./b") -> found=true (traverses ".")
2026-10-10T07:32:50.1438926Z --- PASS: TestAC2ComponentsAndTraversalPerSeparatorShape (0.00s)
2026-10-10T07:32:50.1439564Z === RUN   TestAC5FailedSealRefusesTheWrite
2026-10-10T07:32:50.1440120Z === RUN   TestAC5FailedSealRefusesTheWrite/exclusive_artifact
2026-10-10T07:32:50.1440799Z === RUN   TestAC5FailedSealRefusesTheWrite/replacement_write
2026-10-10T07:32:50.1441398Z === RUN   TestAC5FailedSealRefusesTheWrite/directory_chain
2026-10-10T07:32:50.1442003Z === RUN   TestAC5FailedSealRefusesTheWrite/seal_file_and_dir_direct
2026-10-10T07:32:50.1442639Z --- PASS: TestAC5FailedSealRefusesTheWrite (0.00s)
2026-10-10T07:32:50.1443389Z     --- PASS: TestAC5FailedSealRefusesTheWrite/exclusive_artifact (0.00s)
2026-10-10T07:32:50.1444191Z     --- PASS: TestAC5FailedSealRefusesTheWrite/replacement_write (0.00s)
2026-10-10T07:32:50.1445190Z     --- PASS: TestAC5FailedSealRefusesTheWrite/directory_chain (0.00s)
2026-10-10T07:32:50.1445958Z     --- PASS: TestAC5FailedSealRefusesTheWrite/seal_file_and_dir_direct (0.00s)
2026-10-10T07:32:50.1446727Z === RUN   TestAC5FailureIsNotSwallowedByTheHappyPath
2026-10-10T07:32:50.1447358Z --- PASS: TestAC5FailureIsNotSwallowedByTheHappyPath (0.00s)
2026-10-10T07:32:50.1448030Z === RUN   TestGateJudgesThePrivateSetByResolvedSID
2026-10-10T07:32:50.1448881Z === RUN   TestGateJudgesThePrivateSetByResolvedSID/runner_descriptor_is_judged_by_what_it_resolves_to
2026-10-10T07:32:50.1449926Z === RUN   TestGateJudgesThePrivateSetByResolvedSID/the_set_holds_no_name_in_the_form_it_is_compared_with
2026-10-10T07:32:50.1450910Z === RUN   TestGateJudgesThePrivateSetByResolvedSID/a_name_spelling_cannot_change_the_verdict
2026-10-10T07:32:50.1451759Z --- PASS: TestGateJudgesThePrivateSetByResolvedSID (0.00s)
2026-10-10T07:32:50.1452778Z     --- PASS: TestGateJudgesThePrivateSetByResolvedSID/runner_descriptor_is_judged_by_what_it_resolves_to (0.00s)
2026-10-10T07:32:50.1453989Z     --- PASS: TestGateJudgesThePrivateSetByResolvedSID/the_set_holds_no_name_in_the_form_it_is_compared_with (0.00s)
2026-10-10T07:32:50.1455075Z     --- PASS: TestGateJudgesThePrivateSetByResolvedSID/a_name_spelling_cannot_change_the_verdict (0.00s)
2026-10-10T07:32:50.1456331Z === RUN   TestSealNarrowsAndNamesThePrincipalItRemovedBySID
2026-10-10T07:32:50.1458174Z     private_set_sid_windows_test.go:314: planted as strangers: [S-1-1-0 S-1-5-32-546]; planted as a private-set member: S-1-5-21-1643835476-1616584234-1346609752-500 (LA=S-1-5-21-1643835476-1616584234-1346609752-500, in set: true, set=[S-1-5-18 S-1-5-32-544 S-1-5-21-1643835476-1616584234-1346609752-500])
2026-10-10T07:32:50.1459758Z --- PASS: TestSealNarrowsAndNamesThePrincipalItRemovedBySID (0.03s)
2026-10-10T07:32:50.1460534Z === RUN   TestGateRefusesADescriptorThatLeavesARealGrantToAnotherAccount
2026-10-10T07:32:50.1461328Z --- PASS: TestGateRefusesADescriptorThatLeavesARealGrantToAnotherAccount (0.00s)
2026-10-10T07:32:50.1462134Z === RUN   TestAC4DirectorySymlinkAtArtifactPositionIsNotRecursed
2026-10-10T07:32:50.1463849Z     reparse_windows_test.go:111: os.Symlink ok: artifact -> C:\Users\RUNNER~1\AppData\Local\Temp\TestAC4DirectorySymlinkAtArtifactPositionIsNotRecursed1441994466\001\someone-elses-tree (Lstat mode Lrw-rw-rw-, FILE_ATTRIBUTE_REPARSE_POINT set)
2026-10-10T07:32:50.1466065Z     reparse_windows_test.go:121: os.Remove cleared the directory symlink directly; A51② does not reproduce for it on this box
2026-10-10T07:32:50.1468124Z     reparse_windows_test.go:129: os.Symlink ok: artifact -> C:\Users\RUNNER~1\AppData\Local\Temp\TestAC4DirectorySymlinkAtArtifactPositionIsNotRecursed1441994466\001\someone-elses-tree (Lstat mode Lrw-rw-rw-, FILE_ATTRIBUTE_REPARSE_POINT set)
2026-10-10T07:32:50.1470554Z     reparse_windows_test.go:148: os.Symlink ok: artifact -> C:\Users\RUNNER~1\AppData\Local\Temp\TestAC4DirectorySymlinkAtArtifactPositionIsNotRecursed1441994466\001\someone-elses-tree (Lstat mode Lrw-rw-rw-, FILE_ATTRIBUTE_REPARSE_POINT set)
2026-10-10T07:32:50.1471989Z --- PASS: TestAC4DirectorySymlinkAtArtifactPositionIsNotRecursed (0.00s)
2026-10-10T07:32:50.1472726Z === RUN   TestAC4DirectorySymlinkInsideSealedTreeIsNotWalked
2026-10-10T07:32:50.1474959Z     reparse_windows_test.go:180: os.Symlink ok: link -> C:\Users\RUNNER~1\AppData\Local\Temp\TestAC4DirectorySymlinkInsideSealedTreeIsNotWalked507102626\002\someone-elses-tree (Lstat mode Lrw-rw-rw-, FILE_ATTRIBUTE_REPARSE_POINT set)
2026-10-10T07:32:50.1477119Z --- PASS: TestAC4DirectorySymlinkInsideSealedTreeIsNotWalked (0.01s)
2026-10-10T07:32:50.1477864Z === RUN   TestAC4JunctionAtArtifactPositionIsNotRecursed
2026-10-10T07:32:50.1479808Z     reparse_windows_test.go:227: mklink /J: Junction created for C:\Users\RUNNER~1\AppData\Local\Temp\TestAC4JunctionAtArtifactPositionIsNotRecursed4034629807\002\data\artifact <<===>> C:\Users\RUNNER~1\AppData\Local\Temp\TestAC4JunctionAtArtifactPositionIsNotRecursed4034629807\001\someone-elses-tree
2026-10-10T07:32:50.1482236Z     reparse_windows_test.go:245: os.Remove cleared this junction directly; A51② does not reproduce for it
2026-10-10T07:32:50.1484330Z     reparse_windows_test.go:252: mklink /J: Junction created for C:\Users\RUNNER~1\AppData\Local\Temp\TestAC4JunctionAtArtifactPositionIsNotRecursed4034629807\002\data\artifact <<===>> C:\Users\RUNNER~1\AppData\Local\Temp\TestAC4JunctionAtArtifactPositionIsNotRecursed4034629807\001\someone-elses-tree
2026-10-10T07:32:50.1486053Z --- PASS: TestAC4JunctionAtArtifactPositionIsNotRecursed (0.03s)
2026-10-10T07:32:50.1486674Z === RUN   TestAC4UnlinkableLinkGivesNamedError
2026-10-10T07:32:50.1488245Z     reparse_windows_test.go:287: mklink /J: Junction created for C:\Users\RUNNER~1\AppData\Local\Temp\TestAC4UnlinkableLinkGivesNamedError3367089406\001\data\artifact <<===>> C:\Users\RUNNER~1\AppData\Local\Temp\TestAC4UnlinkableLinkGivesNamedError3367089406\002\wide
2026-10-10T07:32:50.1490714Z --- PASS: TestAC4UnlinkableLinkGivesNamedError (0.02s)
2026-10-10T07:32:50.1491329Z === RUN   TestAC4SealedWalkSkipsLinks
2026-10-10T07:32:50.1492820Z     reparse_windows_test.go:344: mklink /J: Junction created for C:\Users\RUNNER~1\AppData\Local\Temp\TestAC4SealedWalkSkipsLinks632678452\001\data\work\link <<===>> C:\Users\RUNNER~1\AppData\Local\Temp\TestAC4SealedWalkSkipsLinks632678452\002\outside
2026-10-10T07:32:50.1494183Z --- PASS: TestAC4SealedWalkSkipsLinks (0.02s)
2026-10-10T07:32:50.1494701Z === RUN   TestCrossVolumeSpellingsAreNotOneTree
2026-10-10T07:32:50.1495281Z --- PASS: TestCrossVolumeSpellingsAreNotOneTree (0.00s)
2026-10-10T07:32:50.1495959Z === RUN   TestNoticeFromOneVolumeIsNotAttributedToAnotherVolumeSpelling
2026-10-10T07:32:50.1498593Z     volume_attribution_126_windows_test.go:174: AC#4 shapes: sealed=C:\Users\runneradmin\AppData\Local\Temp\TestNoticeFromOneVolumeIsNotAttributedToAnotherVolumeSpelling364710582\001\store-44440\artifact.txt planted=Z:\Users\runneradmin\AppData\Local\Temp\TestNoticeFromOneVolumeIsNotAttributedToAnotherVolumeSpelling364710582\001\store-44440\artifact.txt (volumes "C:" vs "Z:", tails byte-identical)
2026-10-10T07:32:50.1501206Z     volume_attribution_126_windows_test.go:178: notices attributed to the tree that was sealed: 1 of 1; to the planted other-volume spelling: 0
2026-10-10T07:32:50.1502184Z --- PASS: TestNoticeFromOneVolumeIsNotAttributedToAnotherVolumeSpelling (0.01s)
2026-10-10T07:32:50.1503074Z === RUN   TestNoticeFromOneVolumeIsNotAttributedToASecondRealVolume
2026-10-10T07:32:50.1504096Z === RUN   TestNoticeFromOneVolumeIsNotAttributedToASecondRealVolume/two_real_volumes
2026-10-10T07:32:50.1505423Z     volume_attribution_126_windows_test.go:251: AC#8 shapes: A=C:\wisp126-xvol-8656\store-44440\artifact.txt B=D:\wisp126-xvol-8656\store-44440\artifact.txt (volumes "C:" vs "D:")
2026-10-10T07:32:50.1506861Z     volume_attribution_126_windows_test.go:252: notices after sealing A only: 1; attributed to A: 1; attributed to never-sealed B: 0
2026-10-10T07:32:50.1507867Z --- PASS: TestNoticeFromOneVolumeIsNotAttributedToASecondRealVolume (0.02s)
2026-10-10T07:32:50.1508877Z     --- PASS: TestNoticeFromOneVolumeIsNotAttributedToASecondRealVolume/two_real_volumes (0.02s)
2026-10-10T07:32:50.1509804Z === RUN   TestSeamGuardRefusesACandidateWhoseSecondWitnessNamesAnotherVolume
2026-10-10T07:32:50.1515703Z     volume_attribution_126_windows_test.go:380: AC#2 leg "second witness names the same tree on another volume": answers=map[C:\Users\RUNNER~1\AppData\Local\Temp:D:\wisp126-seam\probe-tree C:\Users\RUNNER~1\AppData\Local\Temp\wisp-126-tree-ownership-probe:D:\wisp126-seam\moved-seal\leaf D:\wisp126-seam\moved-seal:C:\wisp126-seam\probe-tree] asked=[C:\Users\RUNNER~1\AppData\Local\Temp C:\Users\RUNNER~1\AppData\Local\Temp\wisp-126-tree-ownership-probe D:\wisp126-seam\moved-seal] refusal="it answered \"C:\\\\Users\\\\RUNNER~1\\\\AppData\\\\Local\\\\Temp\\\\wisp-126-tree-ownership-probe\" with \"D:\\\\wisp126-seam\\\\moved-seal\\\\leaf\", which is neither inside the tree \"D:\\\\wisp126-seam\\\\probe-tree\" it answered for that path's own parent \"C:\\\\Users\\\\RUNNER~1\\\\AppData\\\\Local\\\\Temp\" nor inside the tree that answer names once the candidate is asked about it directly (\"C:\\\\wisp126-seam\\\\probe-tree\" for \"D:\\\\wisp126-seam\\\\moved-seal\"): the seam may not be used to move a seal into another tree"
2026-10-10T07:32:50.1524654Z     volume_attribution_126_windows_test.go:380: AC#2 leg "second witness names a deeper tree on another volume": answers=map[C:\Users\RUNNER~1\AppData\Local\Temp:D:\wisp126-seam\probe-tree C:\Users\RUNNER~1\AppData\Local\Temp\wisp-126-tree-ownership-probe:D:\wisp126-seam\moved-seal\leaf D:\wisp126-seam\moved-seal:C:\wisp126-seam\probe-tree\deeper] asked=[C:\Users\RUNNER~1\AppData\Local\Temp C:\Users\RUNNER~1\AppData\Local\Temp\wisp-126-tree-ownership-probe D:\wisp126-seam\moved-seal] refusal="it answered \"C:\\\\Users\\\\RUNNER~1\\\\AppData\\\\Local\\\\Temp\\\\wisp-126-tree-ownership-probe\" with \"D:\\\\wisp126-seam\\\\moved-seal\\\\leaf\", which is neither inside the tree \"D:\\\\wisp126-seam\\\\probe-tree\" it answered for that path's own parent \"C:\\\\Users\\\\RUNNER~1\\\\AppData\\\\Local\\\\Temp\" nor inside the tree that answer names once the candidate is asked about it directly (\"C:\\\\wisp126-seam\\\\probe-tree\\\\deeper\" for \"D:\\\\wisp126-seam\\\\moved-seal\"): the seam may not be used to move a seal into another tree"
2026-10-10T07:32:50.1534256Z     volume_attribution_126_windows_test.go:380: AC#2 leg "the child's own answer names a deeper tree on another volume": answers=map[C:\Users\RUNNER~1\AppData\Local\Temp:D:\wisp126-seam\probe-tree C:\Users\RUNNER~1\AppData\Local\Temp\wisp-126-tree-ownership-probe:C:\wisp126-seam\probe-tree\leaf C:\wisp126-seam\probe-tree:C:\wisp126-seam\unrelated-tree] asked=[C:\Users\RUNNER~1\AppData\Local\Temp C:\Users\RUNNER~1\AppData\Local\Temp\wisp-126-tree-ownership-probe C:\wisp126-seam\probe-tree] refusal="it answered \"C:\\\\Users\\\\RUNNER~1\\\\AppData\\\\Local\\\\Temp\\\\wisp-126-tree-ownership-probe\" with \"C:\\\\wisp126-seam\\\\probe-tree\\\\leaf\", which is neither inside the tree \"D:\\\\wisp126-seam\\\\probe-tree\" it answered for that path's own parent \"C:\\\\Users\\\\RUNNER~1\\\\AppData\\\\Local\\\\Temp\" nor inside the tree that answer names once the candidate is asked about it directly (\"C:\\\\wisp126-seam\\\\unrelated-tree\" for \"C:\\\\wisp126-seam\\\\probe-tree\"): the seam may not be used to move a seal into another tree"
2026-10-10T07:32:50.1541380Z     volume_attribution_126_windows_test.go:380: AC#2 leg "control: the second witness names that very tree, same volume": answers=map[C:\Users\RUNNER~1\AppData\Local\Temp:D:\wisp126-seam\probe-tree C:\Users\RUNNER~1\AppData\Local\Temp\wisp-126-tree-ownership-probe:D:\wisp126-seam\moved-seal\leaf D:\wisp126-seam\moved-seal:D:\wisp126-seam\probe-tree] asked=[C:\Users\RUNNER~1\AppData\Local\Temp C:\Users\RUNNER~1\AppData\Local\Temp\wisp-126-tree-ownership-probe D:\wisp126-seam\moved-seal] refusal=""
2026-10-10T07:32:50.1546024Z     volume_attribution_126_windows_test.go:380: AC#2 leg "control: the second witness names a containing tree, same volume": answers=map[C:\Users\RUNNER~1\AppData\Local\Temp:D:\wisp126-seam\probe-tree C:\Users\RUNNER~1\AppData\Local\Temp\wisp-126-tree-ownership-probe:D:\wisp126-seam\moved-seal\leaf D:\wisp126-seam\moved-seal:D:\wisp126-seam\probe-tree\deeper] asked=[C:\Users\RUNNER~1\AppData\Local\Temp C:\Users\RUNNER~1\AppData\Local\Temp\wisp-126-tree-ownership-probe D:\wisp126-seam\moved-seal] refusal=""
2026-10-10T07:32:50.1551329Z     volume_attribution_126_windows_test.go:380: AC#2 leg "control: the second witness names that tree with another case of the volume letter": answers=map[C:\Users\RUNNER~1\AppData\Local\Temp:D:\wisp126-seam\probe-tree C:\Users\RUNNER~1\AppData\Local\Temp\wisp-126-tree-ownership-probe:D:\wisp126-seam\moved-seal\leaf D:\wisp126-seam\moved-seal:d:\wisp126-seam\probe-tree] asked=[C:\Users\RUNNER~1\AppData\Local\Temp C:\Users\RUNNER~1\AppData\Local\Temp\wisp-126-tree-ownership-probe D:\wisp126-seam\moved-seal] refusal=""
2026-10-10T07:32:50.1556694Z     volume_attribution_126_windows_test.go:380: AC#2 leg "control: the child's answer is inside the probe parent's tree": answers=map[C:\Users\RUNNER~1\AppData\Local\Temp:D:\wisp126-seam\probe-tree C:\Users\RUNNER~1\AppData\Local\Temp\wisp-126-tree-ownership-probe:D:\wisp126-seam\probe-tree\leaf] asked=[C:\Users\RUNNER~1\AppData\Local\Temp C:\Users\RUNNER~1\AppData\Local\Temp\wisp-126-tree-ownership-probe] refusal=""
2026-10-10T07:32:50.1560058Z --- PASS: TestSeamGuardRefusesACandidateWhoseSecondWitnessNamesAnotherVolume (0.00s)
2026-10-10T07:32:50.1561088Z === RUN   TestAC1DriveRelativeAndAbsoluteSpellingsNameTwoObjectsOnThisBox
2026-10-10T07:32:50.1562142Z === RUN   TestAC1DriveRelativeAndAbsoluteSpellingsNameTwoObjectsOnThisBox/on_the_volume_the_process_is_standing_on
2026-10-10T07:32:50.1563343Z     absoluteness_seam_landing_129_windows_test.go:168: AC#1 object reading: wd=D:\a\wisp\wisp\internal\winsec volume=D:
2026-10-10T07:32:50.1565283Z     absoluteness_seam_landing_129_windows_test.go:169: AC#1 object reading: drive-relative spelling "D:wisp129-dr-8656\\tree\\object.txt" reads "drive-relative"; absolute spelling "D:\\wisp129-dr-8656\\tree\\object.txt" reads "absolute"
2026-10-10T07:32:50.1566989Z     absoluteness_seam_landing_129_windows_test.go:176: icacls "D:wisp129-dr-8656\\tree\\object.txt"
2026-10-10T07:32:50.1567896Z         D:wisp129-dr-8656\tree\object.txt Everyone:(RX)
2026-10-10T07:32:50.1568986Z                                           BUILTIN\Administrators:(I)(F)
2026-10-10T07:32:50.1569985Z                                           NT AUTHORITY\SYSTEM:(I)(F)
2026-10-10T07:32:50.1571032Z                                           runnervmfi6oq\runneradmin:(I)(F)
2026-10-10T07:32:50.1572359Z                                           BUILTIN\Users:(I)(RX)
2026-10-10T07:32:50.1572922Z         
2026-10-10T07:32:50.1573554Z         Successfully processed 1 files; Failed processing 0 files
2026-10-10T07:32:50.1574507Z     absoluteness_seam_landing_129_windows_test.go:177: icacls "D:\\wisp129-dr-8656\\tree\\object.txt"
2026-10-10T07:32:50.1575552Z         D:\wisp129-dr-8656\tree\object.txt BUILTIN\Administrators:(I)(F)
2026-10-10T07:32:50.1576620Z                                            NT AUTHORITY\SYSTEM:(I)(F)
2026-10-10T07:32:50.1577661Z                                            runnervmfi6oq\runneradmin:(I)(F)
2026-10-10T07:32:50.1578907Z                                            BUILTIN\Users:(I)(RX)
2026-10-10T07:32:50.1579466Z         
2026-10-10T07:32:50.1580053Z         Successfully processed 1 files; Failed processing 0 files
2026-10-10T07:32:50.1582088Z     absoluteness_seam_landing_129_windows_test.go:178: AC#1 ACL reading: "D:wisp129-dr-8656\\tree\\object.txt" sids=[S-1-1-0 S-1-5-32-544 S-1-5-18 S-1-5-21-1643835476-1616584234-1346609752-500 S-1-5-32-545] names=[Everyone BUILTIN\Administrators NT AUTHORITY\SYSTEM runnervmfi6oq\runneradmin BUILTIN\Users]
2026-10-10T07:32:50.1585078Z     absoluteness_seam_landing_129_windows_test.go:179: AC#1 ACL reading: "D:\\wisp129-dr-8656\\tree\\object.txt" sids=[S-1-5-32-544 S-1-5-18 S-1-5-21-1643835476-1616584234-1346609752-500 S-1-5-32-545] names=[BUILTIN\Administrators NT AUTHORITY\SYSTEM runnervmfi6oq\runneradmin BUILTIN\Users]
2026-10-10T07:32:50.1587577Z     absoluteness_seam_landing_129_windows_test.go:196: AC#1 pipeline reading: ResolvePath("D:wisp129-dr-8656\\tree\\object.txt") = "D:\\a\\wisp\\wisp\\internal\\winsec\\wisp129-dr-8656\\tree\\object.txt" (drive-relative spelling names an object under "D:\\a\\wisp\\wisp\\internal\\winsec")
2026-10-10T07:32:50.1589231Z --- PASS: TestAC1DriveRelativeAndAbsoluteSpellingsNameTwoObjectsOnThisBox (3.10s)
2026-10-10T07:32:50.1590437Z     --- PASS: TestAC1DriveRelativeAndAbsoluteSpellingsNameTwoObjectsOnThisBox/on_the_volume_the_process_is_standing_on (3.10s)
2026-10-10T07:32:50.1591591Z === RUN   TestAC1SeamVouchesForTwoRealObjectsThatDifferOnlyInAbsoluteness
2026-10-10T07:32:50.1594827Z time=2026-10-10T07:32:47.371Z level=ERROR msg="winsec: refusing to install a path resolver into the sealing seam" resolver=*winsec_test.witness129 reason="it answered \"C:\\\\Users\\\\runneradmin\\\\AppData\\\\Local\\\\Temp\" and \"C:\\\\Users\\\\runneradmin\\\\AppData\\\\Local\\\\Temp\\\\wisp-108-tree-ownership-probe\" with the same single spelling \"D:\\\\wisp129-vouch-8656\\\\tree\", i.e. it does not resolve the tree the caller named at all" consequence="the incumbent resolver, or the built-in floor, stays in place"
2026-10-10T07:32:50.1598343Z     absoluteness_seam_landing_129_windows_test.go:236: AC#1 probe pair read off the guard's own asks: parent="C:\\Users\\runneradmin\\AppData\\Local\\Temp" child="C:\\Users\\runneradmin\\AppData\\Local\\Temp\\wisp-108-tree-ownership-probe" (absolute parent: true)
2026-10-10T07:32:50.1602751Z     absoluteness_seam_landing_129_windows_test.go:247: AC#1 real-object verdict: refusal="it answered \"C:\\\\Users\\\\runneradmin\\\\AppData\\\\Local\\\\Temp\\\\wisp-108-tree-ownership-probe\" with \"D:\\\\wisp129-vouch-8656\\\\tree\\\\leaf\", which is neither inside the tree \"D:wisp129-vouch-8656\\\\tree\" it answered for that path's own parent \"C:\\\\Users\\\\runneradmin\\\\AppData\\\\Local\\\\Temp\" nor inside the tree that answer names once the candidate is asked about it directly (\"D:\\\\wisp129-vouch-8656-unrelated\" for \"D:\\\\wisp129-vouch-8656\\\\tree\"): the seam may not be used to move a seal into another tree" asked=[C:\Users\runneradmin\AppData\Local\Temp C:\Users\runneradmin\AppData\Local\Temp\wisp-108-tree-ownership-probe D:\wisp129-vouch-8656\tree] (parent answer "D:wisp129-vouch-8656\\tree", child answer "D:\\wisp129-vouch-8656\\tree\\leaf")
2026-10-10T07:32:50.1605297Z --- PASS: TestAC1SeamVouchesForTwoRealObjectsThatDifferOnlyInAbsoluteness (0.00s)
2026-10-10T07:32:50.1605841Z === RUN   TestAC2NoSealEverActsOnAGloballyDifferentAbsoluteness
2026-10-10T07:32:50.1607394Z     absoluteness_seam_landing_129_windows_test.go:298: AC#2 reading: existing absolute file "C:\\Users\\RUNNER~1\\AppData\\Local\\Temp\\TestAC2NoSealEverActsOnAGloballyDifferentAbsoluteness992480390\\001\\artifact.txt" answered "C:\\Users\\runneradmin\\AppData\\Local\\Temp\\TestAC2NoSealEverActsOnAGloballyDifferentAbsoluteness992480390\\001\\artifact.txt" (absolute)
2026-10-10T07:32:50.1609877Z     absoluteness_seam_landing_129_windows_test.go:298: AC#2 reading: existing file, slash separators "C:/Users/RUNNER~1/AppData/Local/Temp/TestAC2NoSealEverActsOnAGloballyDifferentAbsoluteness992480390/001/artifact.txt" answered "C:\\Users\\runneradmin\\AppData\\Local\\Temp\\TestAC2NoSealEverActsOnAGloballyDifferentAbsoluteness992480390\\001\\artifact.txt" (absolute)
2026-10-10T07:32:50.1611761Z     absoluteness_seam_landing_129_windows_test.go:298: AC#2 reading: nonexistent absolute tail "D:\\wisp129-shape\\tree\\object.txt" answered "D:\\wisp129-shape\\tree\\object.txt" (absolute)
2026-10-10T07:32:50.1613720Z     absoluteness_seam_landing_129_windows_test.go:298: AC#2 reading: nonexistent drive-relative tail "D:wisp129-shape\\tree\\object.txt" answered "D:\\a\\wisp\\wisp\\internal\\winsec\\wisp129-shape\\tree\\object.txt" (absolute)
2026-10-10T07:32:50.1615338Z     absoluteness_seam_landing_129_windows_test.go:298: AC#2 reading: relative spelling, no volume at all "wisp129-shape\\tree\\object.txt" answered "D:\\a\\wisp\\wisp\\internal\\winsec\\wisp129-shape\\tree\\object.txt" (absolute)
2026-10-10T07:32:50.1616558Z --- PASS: TestAC2NoSealEverActsOnAGloballyDifferentAbsoluteness (0.00s)
2026-10-10T07:32:50.1617470Z === RUN   TestAC1SealLandsInAForeignTreeWhenTheSeamAdmittedAnAbsolutenessBlindCandidate
2026-10-10T07:32:50.1618651Z     absoluteness_seam_landing_129_windows_test.go:323: incumbent resolver on this machine: risk.c26Pipeline
2026-10-10T07:32:50.1620255Z     absoluteness_seam_landing_129_windows_test.go:332: icacls "C:\\Users\\RUNNER~1\\AppData\\Local\\Temp\\TestAC1SealLandsInAForeignTreeWhenTheSeamAdmittedAnAbsolutenessB1613594525\\001\\victim"
2026-10-10T07:32:50.1622470Z         C:\Users\RUNNER~1\AppData\Local\Temp\TestAC1SealLandsInAForeignTreeWhenTheSeamAdmittedAnAbsolutenessB1613594525\001\victim Everyone:(OI)(CI)(RX)
2026-10-10T07:32:50.1625706Z                                                                                                                                    NT AUTHORITY\SYSTEM:(OI)(CI)(F)
2026-10-10T07:32:50.1628759Z                                                                                                                                    BUILTIN\Administrators:(OI)(CI)(F)
2026-10-10T07:32:50.1632045Z                                                                                                                                    runnervmfi6oq\runneradmin:(OI)(CI)(F)
2026-10-10T07:32:50.1632705Z         
2026-10-10T07:32:50.1633623Z         Successfully processed 1 files; Failed processing 0 files
2026-10-10T07:32:50.1635305Z     absoluteness_seam_landing_129_windows_test.go:332: victim DACL before: sids=[S-1-1-0 S-1-5-18 S-1-5-32-544 S-1-5-21-1643835476-1616584234-1346609752-500] names=[Everyone NT AUTHORITY\SYSTEM BUILTIN\Administrators runnervmfi6oq\runneradmin]
2026-10-10T07:32:50.1637451Z     absoluteness_seam_landing_129_windows_test.go:334: icacls "C:\\Users\\RUNNER~1\\AppData\\Local\\Temp\\TestAC1SealLandsInAForeignTreeWhenTheSeamAdmittedAnAbsolutenessB1613594525\\001\\victim\\sub\\keep-me.txt"
2026-10-10T07:32:50.1639483Z         C:\Users\RUNNER~1\AppData\Local\Temp\TestAC1SealLandsInAForeignTreeWhenTheSeamAdmittedAnAbsolutenessB1613594525\001\victim\sub\keep-me.txt Everyone:(I)(RX)
2026-10-10T07:32:50.1643353Z                                                                                                                                                    BUILTIN\Administrators:(I)(F)
2026-10-10T07:32:50.1647995Z                                                                                                                                                    NT AUTHORITY\SYSTEM:(I)(F)
2026-10-10T07:32:50.1656459Z                                                                                                                                                    runnervmfi6oq\runneradmin:(I)(F)
2026-10-10T07:32:50.1657968Z         
2026-10-10T07:32:50.1658721Z         Successfully processed 1 files; Failed processing 0 files
2026-10-10T07:32:50.1660364Z     absoluteness_seam_landing_129_windows_test.go:335: AC#1 foreign file DACL before: sids=[S-1-1-0 S-1-5-32-544 S-1-5-18 S-1-5-21-1643835476-1616584234-1346609752-500] names=[Everyone BUILTIN\Administrators NT AUTHORITY\SYSTEM runnervmfi6oq\runneradmin]
2026-10-10T07:32:50.1663029Z     absoluteness_seam_landing_129_windows_test.go:344: icacls "C:\\Users\\RUNNER~1\\AppData\\Local\\Temp\\TestAC1SealLandsInAForeignTreeWhenTheSeamAdmittedAnAbsolutenessB1613594525\\002\\data\\blob.bin"
2026-10-10T07:32:50.1665053Z         C:\Users\RUNNER~1\AppData\Local\Temp\TestAC1SealLandsInAForeignTreeWhenTheSeamAdmittedAnAbsolutenessB1613594525\002\data\blob.bin Everyone:(RX)
2026-10-10T07:32:50.1669739Z                                                                                                                                           BUILTIN\Administrators:(F)
2026-10-10T07:32:50.1673141Z                                                                                                                                           NT AUTHORITY\SYSTEM:(F)
2026-10-10T07:32:50.1678421Z                                                                                                                                           runnervmfi6oq\runneradmin:(F)
2026-10-10T07:32:50.1679246Z         
2026-10-10T07:32:50.1680119Z         Successfully processed 1 files; Failed processing 0 files
2026-10-10T07:32:50.1683809Z     absoluteness_seam_landing_129_windows_test.go:344: our wide file blob.bin: sids=[S-1-1-0 S-1-5-32-544 S-1-5-18 S-1-5-21-1643835476-1616584234-1346609752-500] names=[Everyone BUILTIN\Administrators NT AUTHORITY\SYSTEM runnervmfi6oq\runneradmin]
2026-10-10T07:32:50.1687867Z     absoluteness_seam_landing_129_windows_test.go:345: icacls "C:\\Users\\RUNNER~1\\AppData\\Local\\Temp\\TestAC1SealLandsInAForeignTreeWhenTheSeamAdmittedAnAbsolutenessB1613594525\\002\\data\\blob.bin"
2026-10-10T07:32:50.1691214Z         C:\Users\RUNNER~1\AppData\Local\Temp\TestAC1SealLandsInAForeignTreeWhenTheSeamAdmittedAnAbsolutenessB1613594525\002\data\blob.bin Everyone:(RX)
2026-10-10T07:32:50.1695077Z                                                                                                                                           BUILTIN\Administrators:(F)
2026-10-10T07:32:50.1697068Z                                                                                                                                           NT AUTHORITY\SYSTEM:(F)
2026-10-10T07:32:50.1699225Z                                                                                                                                           runnervmfi6oq\runneradmin:(F)
2026-10-10T07:32:50.1699657Z         
2026-10-10T07:32:50.1700049Z         Successfully processed 1 files; Failed processing 0 files
2026-10-10T07:32:50.1701352Z     absoluteness_seam_landing_129_windows_test.go:346: AC#1 caller's own file DACL before: sids=[S-1-1-0 S-1-5-32-544 S-1-5-18 S-1-5-21-1643835476-1616584234-1346609752-500] names=[Everyone BUILTIN\Administrators NT AUTHORITY\SYSTEM runnervmfi6oq\runneradmin]
2026-10-10T07:32:50.1703996Z time=2026-10-10T07:32:47.461Z level=ERROR msg="winsec: refusing to install a path resolver into the sealing seam" resolver=*winsec_test.witness129 reason="it answered \"C:\\\\Users\\\\runneradmin\\\\AppData\\\\Local\\\\Temp\" and \"C:\\\\Users\\\\runneradmin\\\\AppData\\\\Local\\\\Temp\\\\wisp-108-tree-ownership-probe\" with the same single spelling \"C:\\\\Users\\\\RUNNER~1\\\\AppData\\\\Local\\\\Temp\\\\TestAC1SealLandsInAForeignTreeWhenTheSeamAdmittedAnAbsolutenessB1613594525\\\\001\\\\victim\\\\sub\\\\keep-me.txt\", i.e. it does not resolve the tree the caller named at all" consequence="the incumbent resolver, or the built-in floor, stays in place"
2026-10-10T07:32:50.1706709Z     absoluteness_seam_landing_129_windows_test.go:348: AC#1 probe pair read off the guard's own asks: parent="C:\\Users\\runneradmin\\AppData\\Local\\Temp" child="C:\\Users\\runneradmin\\AppData\\Local\\Temp\\wisp-108-tree-ownership-probe" (absolute parent: true)
2026-10-10T07:32:50.1708530Z     absoluteness_seam_landing_129_windows_test.go:373: AC#1 install attempt: seam now <floor>; asked=[C:\Users\runneradmin\AppData\Local\Temp C:\Users\runneradmin\AppData\Local\Temp\..\wisp-103-conformance-probe C:\Users\runneradmin\AppData\Local\Temp\wisp-108-tree-ownership-probe D:\wisp129-seam\moved-seal wisp103\conformance-probe]
2026-10-10T07:32:50.1713029Z     absoluteness_seam_landing_129_windows_test.go:383: AC#1 the candidate was refused; reason on record: time=2026-10-10T07:32:47.462Z level=ERROR msg="winsec: refusing to install a path resolver into the sealing seam" resolver=*winsec_test.witness129 reason="it answered \"C:\\\\Users\\\\runneradmin\\\\AppData\\\\Local\\\\Temp\\\\wisp-108-tree-ownership-probe\" with \"D:\\\\wisp129-seam\\\\moved-seal\\\\leaf\", which is neither inside the tree \"D:\\\\wisp129-seam\\\\probe-tree\" it answered for that path's own parent \"C:\\\\Users\\\\runneradmin\\\\AppData\\\\Local\\\\Temp\" nor inside the tree that answer names once the candidate is asked about it directly (\"D:wisp129-seam\\\\probe-tree\" for \"D:\\\\wisp129-seam\\\\moved-seal\"): the seam may not be used to move a seal into another tree" consequence="the incumbent resolver, or the built-in floor, stays in place"
2026-10-10T07:32:50.1716344Z     absoluteness_seam_landing_129_windows_test.go:389: AC#1 SealFile("C:\\Users\\RUNNER~1\\AppData\\Local\\Temp\\TestAC1SealLandsInAForeignTreeWhenTheSeamAdmittedAnAbsolutenessB1613594525\\002\\data\\blob.bin") -> <nil> (candidate admitted: false; seam <floor>)
2026-10-10T07:32:50.1717886Z     absoluteness_seam_landing_129_windows_test.go:390: icacls "C:\\Users\\RUNNER~1\\AppData\\Local\\Temp\\TestAC1SealLandsInAForeignTreeWhenTheSeamAdmittedAnAbsolutenessB1613594525\\001\\victim\\sub\\keep-me.txt"
2026-10-10T07:32:50.1719318Z         C:\Users\RUNNER~1\AppData\Local\Temp\TestAC1SealLandsInAForeignTreeWhenTheSeamAdmittedAnAbsolutenessB1613594525\001\victim\sub\keep-me.txt Everyone:(I)(RX)
2026-10-10T07:32:50.1721753Z                                                                                                                                                    BUILTIN\Administrators:(I)(F)
2026-10-10T07:32:50.1723970Z                                                                                                                                                    NT AUTHORITY\SYSTEM:(I)(F)
2026-10-10T07:32:50.1726325Z                                                                                                                                                    runnervmfi6oq\runneradmin:(I)(F)
2026-10-10T07:32:50.1726835Z         
2026-10-10T07:32:50.1727211Z         Successfully processed 1 files; Failed processing 0 files
2026-10-10T07:32:50.1728157Z     absoluteness_seam_landing_129_windows_test.go:391: icacls "C:\\Users\\RUNNER~1\\AppData\\Local\\Temp\\TestAC1SealLandsInAForeignTreeWhenTheSeamAdmittedAnAbsolutenessB1613594525\\002\\data\\blob.bin"
2026-10-10T07:32:50.1729457Z         C:\Users\RUNNER~1\AppData\Local\Temp\TestAC1SealLandsInAForeignTreeWhenTheSeamAdmittedAnAbsolutenessB1613594525\002\data\blob.bin NT AUTHORITY\SYSTEM:(F)
2026-10-10T07:32:50.1731766Z                                                                                                                                           BUILTIN\Administrators:(F)
2026-10-10T07:32:50.1733890Z                                                                                                                                           runnervmfi6oq\runneradmin:(F)
2026-10-10T07:32:50.1734352Z         
2026-10-10T07:32:50.1734740Z         Successfully processed 1 files; Failed processing 0 files
2026-10-10T07:32:50.1735650Z     absoluteness_seam_landing_129_windows_test.go:392: icacls "C:\\Users\\RUNNER~1\\AppData\\Local\\Temp\\TestAC1SealLandsInAForeignTreeWhenTheSeamAdmittedAnAbsolutenessB1613594525\\001\\victim"
2026-10-10T07:32:50.1736912Z         C:\Users\RUNNER~1\AppData\Local\Temp\TestAC1SealLandsInAForeignTreeWhenTheSeamAdmittedAnAbsolutenessB1613594525\001\victim Everyone:(OI)(CI)(RX)
2026-10-10T07:32:50.1739114Z                                                                                                                                    NT AUTHORITY\SYSTEM:(OI)(CI)(F)
2026-10-10T07:32:50.1741139Z                                                                                                                                    BUILTIN\Administrators:(OI)(CI)(F)
2026-10-10T07:32:50.1743306Z                                                                                                                                    runnervmfi6oq\runneradmin:(OI)(CI)(F)
2026-10-10T07:32:50.1743731Z         
2026-10-10T07:32:50.1744099Z         Successfully processed 1 files; Failed processing 0 files
2026-10-10T07:32:50.1745144Z     absoluteness_seam_landing_129_windows_test.go:393: AC#1 foreign file DACL after:  sids=[S-1-1-0 S-1-5-32-544 S-1-5-18 S-1-5-21-1643835476-1616584234-1346609752-500] names=[Everyone BUILTIN\Administrators NT AUTHORITY\SYSTEM runnervmfi6oq\runneradmin]
2026-10-10T07:32:50.1746787Z     absoluteness_seam_landing_129_windows_test.go:394: AC#1 caller's own file DACL after:  sids=[S-1-5-18 S-1-5-32-544 S-1-5-21-1643835476-1616584234-1346609752-500] names=[NT AUTHORITY\SYSTEM BUILTIN\Administrators runnervmfi6oq\runneradmin]
2026-10-10T07:32:50.1748214Z     absoluteness_seam_landing_129_windows_test.go:409: icacls "C:\\Users\\RUNNER~1\\AppData\\Local\\Temp\\TestAC1SealLandsInAForeignTreeWhenTheSeamAdmittedAnAbsolutenessB1613594525\\001\\victim\\sub\\keep-me.txt"
2026-10-10T07:32:50.1749550Z         C:\Users\RUNNER~1\AppData\Local\Temp\TestAC1SealLandsInAForeignTreeWhenTheSeamAdmittedAnAbsolutenessB1613594525\001\victim\sub\keep-me.txt Everyone:(I)(RX)
2026-10-10T07:32:50.1752009Z                                                                                                                                                    BUILTIN\Administrators:(I)(F)
2026-10-10T07:32:50.1754248Z                                                                                                                                                    NT AUTHORITY\SYSTEM:(I)(F)
2026-10-10T07:32:50.1756625Z                                                                                                                                                    runnervmfi6oq\runneradmin:(I)(F)
2026-10-10T07:32:50.1757080Z         
2026-10-10T07:32:50.1757426Z         Successfully processed 1 files; Failed processing 0 files
2026-10-10T07:32:50.1757994Z     absoluteness_seam_landing_129_windows_test.go:409: icacls(foreign) after:
2026-10-10T07:32:50.1758912Z         C:\Users\RUNNER~1\AppData\Local\Temp\TestAC1SealLandsInAForeignTreeWhenTheSeamAdmittedAnAbsolutenessB1613594525\001\victim\sub\keep-me.txt Everyone:(I)(RX)
2026-10-10T07:32:50.1761298Z                                                                                                                                                    BUILTIN\Administrators:(I)(F)
2026-10-10T07:32:50.1763526Z                                                                                                                                                    NT AUTHORITY\SYSTEM:(I)(F)
2026-10-10T07:32:50.1765848Z                                                                                                                                                    runnervmfi6oq\runneradmin:(I)(F)
2026-10-10T07:32:50.1766418Z         
2026-10-10T07:32:50.1766783Z         Successfully processed 1 files; Failed processing 0 files
2026-10-10T07:32:50.1767757Z     absoluteness_seam_landing_129_windows_test.go:410: icacls "C:\\Users\\RUNNER~1\\AppData\\Local\\Temp\\TestAC1SealLandsInAForeignTreeWhenTheSeamAdmittedAnAbsolutenessB1613594525\\002\\data\\blob.bin"
2026-10-10T07:32:50.1769035Z         C:\Users\RUNNER~1\AppData\Local\Temp\TestAC1SealLandsInAForeignTreeWhenTheSeamAdmittedAnAbsolutenessB1613594525\002\data\blob.bin NT AUTHORITY\SYSTEM:(F)
2026-10-10T07:32:50.1771256Z                                                                                                                                           BUILTIN\Administrators:(F)
2026-10-10T07:32:50.1773388Z                                                                                                                                           runnervmfi6oq\runneradmin:(F)
2026-10-10T07:32:50.1774032Z         
2026-10-10T07:32:50.1774411Z         Successfully processed 1 files; Failed processing 0 files
2026-10-10T07:32:50.1774948Z     absoluteness_seam_landing_129_windows_test.go:410: icacls(blob) after:
2026-10-10T07:32:50.1775842Z         C:\Users\RUNNER~1\AppData\Local\Temp\TestAC1SealLandsInAForeignTreeWhenTheSeamAdmittedAnAbsolutenessB1613594525\002\data\blob.bin NT AUTHORITY\SYSTEM:(F)
2026-10-10T07:32:50.1778016Z                                                                                                                                           BUILTIN\Administrators:(F)
2026-10-10T07:32:50.1780135Z                                                                                                                                           runnervmfi6oq\runneradmin:(F)
2026-10-10T07:32:50.1780566Z         
2026-10-10T07:32:50.1780916Z         Successfully processed 1 files; Failed processing 0 files
2026-10-10T07:32:50.1781494Z --- PASS: TestAC1SealLandsInAForeignTreeWhenTheSeamAdmittedAnAbsolutenessBlindCandidate (0.23s)
2026-10-10T07:32:50.1782074Z === RUN   TestAC1BaselineProductionPaths
2026-10-10T07:32:50.1782556Z     acl_windows_test.go:178: current user SID: S-1-5-21-1643835476-1616584234-1346609752-500
2026-10-10T07:32:50.1783383Z     acl_windows_test.go:197: icacls "C:\\Users\\RUNNER~1\\AppData\\Local\\Temp\\TestAC1BaselineProductionPaths611497881\\001\\data\\artifacts\\artifact-89.txt"
2026-10-10T07:32:50.1784499Z         C:\Users\RUNNER~1\AppData\Local\Temp\TestAC1BaselineProductionPaths611497881\001\data\artifacts\artifact-89.txt NT AUTHORITY\SYSTEM:(F)
2026-10-10T07:32:50.1786422Z                                                                                                                         BUILTIN\Administrators:(F)
2026-10-10T07:32:50.1788153Z                                                                                                                         runnervmfi6oq\runneradmin:(F)
2026-10-10T07:32:50.1788598Z         
2026-10-10T07:32:50.1788959Z         Successfully processed 1 files; Failed processing 0 files
2026-10-10T07:32:50.1789632Z     acl_windows_test.go:198: icacls "C:\\Users\\RUNNER~1\\AppData\\Local\\Temp\\TestAC1BaselineProductionPaths611497881\\001\\data\\artifacts"
2026-10-10T07:32:50.1790613Z         C:\Users\RUNNER~1\AppData\Local\Temp\TestAC1BaselineProductionPaths611497881\001\data\artifacts NT AUTHORITY\SYSTEM:(OI)(CI)(F)
2026-10-10T07:32:50.1792284Z                                                                                                         BUILTIN\Administrators:(OI)(CI)(F)
2026-10-10T07:32:50.1793759Z                                                                                                         runnervmfi6oq\runneradmin:(OI)(CI)(F)
2026-10-10T07:32:50.1794290Z         
2026-10-10T07:32:50.1794684Z         Successfully processed 1 files; Failed processing 0 files
2026-10-10T07:32:50.1795386Z     acl_windows_test.go:210: icacls "C:\\Users\\RUNNER~1\\AppData\\Local\\Temp\\TestAC1BaselineProductionPaths611497881\\002\\data\\secrets"
2026-10-10T07:32:50.1796379Z         C:\Users\RUNNER~1\AppData\Local\Temp\TestAC1BaselineProductionPaths611497881\002\data\secrets NT AUTHORITY\SYSTEM:(F)
2026-10-10T07:32:50.1798024Z                                                                                                       NT AUTHORITY\SYSTEM:(OI)(CI)(IO)(F)
2026-10-10T07:32:50.1799388Z                                                                                                       BUILTIN\Administrators:(F)
2026-10-10T07:32:50.1800894Z                                                                                                       BUILTIN\Administrators:(OI)(CI)(IO)(F)
2026-10-10T07:32:50.1802303Z                                                                                                       runnervmfi6oq\runneradmin:(F)
2026-10-10T07:32:50.1804113Z                                                                                                       runnervmfi6oq\runneradmin:(OI)(CI)(IO)(F)
2026-10-10T07:32:50.1806122Z         
2026-10-10T07:32:50.1807130Z         Successfully processed 1 files; Failed processing 0 files
2026-10-10T07:32:50.1817185Z     acl_windows_test.go:212: icacls "C:\\Users\\RUNNER~1\\AppData\\Local\\Temp\\TestAC1BaselineProductionPaths611497881\\002\\data\\secrets\\baseline"
2026-10-10T07:32:50.1818401Z         C:\Users\RUNNER~1\AppData\Local\Temp\TestAC1BaselineProductionPaths611497881\002\data\secrets\baseline NT AUTHORITY\SYSTEM:(F)
2026-10-10T07:32:50.1820300Z                                                                                                                BUILTIN\Administrators:(F)
2026-10-10T07:32:50.1822257Z                                                                                                                runnervmfi6oq\runneradmin:(F)
2026-10-10T07:32:50.1822831Z         
2026-10-10T07:32:50.1823290Z         Successfully processed 1 files; Failed processing 0 files
2026-10-10T07:32:50.1824451Z time=2026-10-10T07:32:47.673Z level=INFO msg="pre-migration backup written" component=memory backup=C:\Users\RUNNER~1\AppData\Local\Temp\TestAC1BaselineProductionPaths611497881\003\data\backup\wisp.db.bak-0-1 from=0 to=1
2026-10-10T07:32:50.1825644Z time=2026-10-10T07:32:47.682Z level=INFO msg="schema migration step applied" component=memory from=0 to=1 started_at=2026-10-10T07:32:47Z duration_ms=8
2026-10-10T07:32:50.1828197Z time=2026-10-10T07:32:47.706Z level=INFO msg="pre-migration backup written" component=memory backup=C:\Users\RUNNER~1\AppData\Local\Temp\TestAC1BaselineProductionPaths611497881\003\data\backup\wisp.db.bak-1-2 from=1 to=2
2026-10-10T07:32:50.1831200Z time=2026-10-10T07:32:47.714Z level=INFO msg="schema migration step applied" component=memory from=1 to=2 started_at=2026-10-10T07:32:47Z duration_ms=7
2026-10-10T07:32:50.1833485Z time=2026-10-10T07:32:47.732Z level=INFO msg="schema migration complete" component=memory schema_version=2
2026-10-10T07:32:50.1834807Z time=2026-10-10T07:32:47.733Z level=INFO msg="startup WAL checkpoint (TRUNCATE) done" component=memory wal_pages_before=0 pages_moved=0
2026-10-10T07:32:50.1837089Z     acl_windows_test.go:228: icacls "C:\\Users\\RUNNER~1\\AppData\\Local\\Temp\\TestAC1BaselineProductionPaths611497881\\003\\data\\wisp.db"
2026-10-10T07:32:50.1838765Z         C:\Users\RUNNER~1\AppData\Local\Temp\TestAC1BaselineProductionPaths611497881\003\data\wisp.db NT AUTHORITY\SYSTEM:(I)(F)
2026-10-10T07:32:50.1841913Z                                                                                                       BUILTIN\Administrators:(I)(F)
2026-10-10T07:32:50.1844480Z                                                                                                       runnervmfi6oq\runneradmin:(I)(F)
2026-10-10T07:32:50.1845079Z         
2026-10-10T07:32:50.1845696Z         Successfully processed 1 files; Failed processing 0 files
2026-10-10T07:32:50.1847108Z     acl_windows_test.go:228: icacls "C:\\Users\\RUNNER~1\\AppData\\Local\\Temp\\TestAC1BaselineProductionPaths611497881\\003\\data\\wisp.db-wal"
2026-10-10T07:32:50.1848664Z         C:\Users\RUNNER~1\AppData\Local\Temp\TestAC1BaselineProductionPaths611497881\003\data\wisp.db-wal NT AUTHORITY\SYSTEM:(I)(F)
2026-10-10T07:32:50.1851143Z                                                                                                           BUILTIN\Administrators:(I)(F)
2026-10-10T07:32:50.1853389Z                                                                                                           runnervmfi6oq\runneradmin:(I)(F)
2026-10-10T07:32:50.1854490Z         
2026-10-10T07:32:50.1855050Z         Successfully processed 1 files; Failed processing 0 files
2026-10-10T07:32:50.1856161Z     acl_windows_test.go:228: icacls "C:\\Users\\RUNNER~1\\AppData\\Local\\Temp\\TestAC1BaselineProductionPaths611497881\\003\\data\\wisp.db-shm"
2026-10-10T07:32:50.1858825Z         C:\Users\RUNNER~1\AppData\Local\Temp\TestAC1BaselineProductionPaths611497881\003\data\wisp.db-shm NT AUTHORITY\SYSTEM:(I)(F)
2026-10-10T07:32:50.1862190Z                                                                                                           BUILTIN\Administrators:(I)(F)
2026-10-10T07:32:50.1864774Z                                                                                                           runnervmfi6oq\runneradmin:(I)(F)
2026-10-10T07:32:50.1865433Z         
2026-10-10T07:32:50.1866104Z         Successfully processed 1 files; Failed processing 0 files
2026-10-10T07:32:50.1867245Z     acl_windows_test.go:251: icacls "C:\\Users\\RUNNER~1\\AppData\\Local\\Temp\\TestAC1BaselineProductionPaths611497881\\002\\data\\staging"
2026-10-10T07:32:50.1868681Z         C:\Users\RUNNER~1\AppData\Local\Temp\TestAC1BaselineProductionPaths611497881\002\data\staging NT AUTHORITY\SYSTEM:(I)(F)
2026-10-10T07:32:50.1871250Z                                                                                                       NT AUTHORITY\SYSTEM:(I)(OI)(CI)(IO)(F)
2026-10-10T07:32:50.1873219Z                                                                                                       BUILTIN\Administrators:(I)(F)
2026-10-10T07:32:50.1874836Z                                                                                                       BUILTIN\Administrators:(I)(OI)(CI)(IO)(F)
2026-10-10T07:32:50.1876352Z                                                                                                       runnervmfi6oq\runneradmin:(I)(F)
2026-10-10T07:32:50.1879000Z                                                                                                       runnervmfi6oq\runneradmin:(I)(OI)(CI)(IO)(F)
2026-10-10T07:32:50.1879466Z         
2026-10-10T07:32:50.1879887Z         Successfully processed 1 files; Failed processing 0 files
2026-10-10T07:32:50.1880676Z     acl_windows_test.go:252: icacls "C:\\Users\\RUNNER~1\\AppData\\Local\\Temp\\TestAC1BaselineProductionPaths611497881\\002\\data\\staging\\model.bin"
2026-10-10T07:32:50.1881672Z         C:\Users\RUNNER~1\AppData\Local\Temp\TestAC1BaselineProductionPaths611497881\002\data\staging\model.bin NT AUTHORITY\SYSTEM:(I)(F)
2026-10-10T07:32:50.1883395Z                                                                                                                 BUILTIN\Administrators:(I)(F)
2026-10-10T07:32:50.1885657Z                                                                                                                 runnervmfi6oq\runneradmin:(I)(F)
2026-10-10T07:32:50.1886059Z         
2026-10-10T07:32:50.1886473Z         Successfully processed 1 files; Failed processing 0 files
2026-10-10T07:32:50.1886925Z --- PASS: TestAC1BaselineProductionPaths (0.19s)
2026-10-10T07:32:50.1887366Z === RUN   TestAC1BaselineForeignACEPropagatesIntoModeOnlyWrites
2026-10-10T07:32:50.1888209Z     acl_windows_test.go:282: icacls "C:\\Users\\RUNNER~1\\AppData\\Local\\Temp\\TestAC1BaselineForeignACEPropagatesIntoModeOnlyWrites1487674759\\001\\data\\artifact.txt"
2026-10-10T07:32:50.1889459Z         C:\Users\RUNNER~1\AppData\Local\Temp\TestAC1BaselineForeignACEPropagatesIntoModeOnlyWrites1487674759\001\data\artifact.txt Everyone:(I)(RX)
2026-10-10T07:32:50.1891472Z                                                                                                                                    NT AUTHORITY\SYSTEM:(I)(F)
2026-10-10T07:32:50.1893295Z                                                                                                                                    BUILTIN\Administrators:(I)(F)
2026-10-10T07:32:50.1895225Z                                                                                                                                    runnervmfi6oq\runneradmin:(I)(F)
2026-10-10T07:32:50.1895650Z         
2026-10-10T07:32:50.1896010Z         Successfully processed 1 files; Failed processing 0 files
2026-10-10T07:32:50.1896813Z     acl_windows_test.go:287: baseline leak confirmed: artifact.txt carries foreign SID(s) S-1-1-0
2026-10-10T07:32:50.1897612Z --- PASS: TestAC1BaselineForeignACEPropagatesIntoModeOnlyWrites (0.02s)
2026-10-10T07:32:50.1898096Z === RUN   TestAC3SealedWritesCarryNoForeignSID
2026-10-10T07:32:50.1898521Z === RUN   TestAC3SealedWritesCarryNoForeignSID/artifact-exclusive
2026-10-10T07:32:50.1899900Z time=2026-10-10T07:32:47.822Z level=WARN msg="winsec: seal cleared principals that stood on this object" path=C:\Users\RUNNER~1\AppData\Local\Temp\TestAC3SealedWritesCarryNoForeignSID3421819918\001\data\artifact-exclusive kind=inherited cleared="" cleared_inherited=S-1-1-0(A;ID;0x1200a9;;;WD) policy="winsec owns the grants on this tree; out-of-band ACEs are removed at the next seal"
2026-10-10T07:32:50.1901501Z     acl_windows_test.go:319: icacls "C:\\Users\\RUNNER~1\\AppData\\Local\\Temp\\TestAC3SealedWritesCarryNoForeignSID3421819918\\001\\data\\artifact-exclusive"
2026-10-10T07:32:50.1902503Z         C:\Users\RUNNER~1\AppData\Local\Temp\TestAC3SealedWritesCarryNoForeignSID3421819918\001\data\artifact-exclusive NT AUTHORITY\SYSTEM:(F)
2026-10-10T07:32:50.1904417Z                                                                                                                         BUILTIN\Administrators:(F)
2026-10-10T07:32:50.1906443Z                                                                                                                         runnervmfi6oq\runneradmin:(F)
2026-10-10T07:32:50.1906862Z         
2026-10-10T07:32:50.1907392Z         Successfully processed 1 files; Failed processing 0 files
2026-10-10T07:32:50.1907954Z === RUN   TestAC3SealedWritesCarryNoForeignSID/secret-blob
2026-10-10T07:32:50.1910926Z time=2026-10-10T07:32:47.833Z level=WARN msg="winsec: seal cleared principals that stood on this object" path=C:\Users\RUNNER~1\AppData\Local\Temp\TestAC3SealedWritesCarryNoForeignSID3421819918\001\data\secret-blob kind=inherited cleared="" cleared_inherited=S-1-1-0(A;ID;0x1200a9;;;WD) policy="winsec owns the grants on this tree; out-of-band ACEs are removed at the next seal"
2026-10-10T07:32:50.1913982Z     acl_windows_test.go:319: icacls "C:\\Users\\RUNNER~1\\AppData\\Local\\Temp\\TestAC3SealedWritesCarryNoForeignSID3421819918\\001\\data\\secret-blob"
2026-10-10T07:32:50.1915615Z         C:\Users\RUNNER~1\AppData\Local\Temp\TestAC3SealedWritesCarryNoForeignSID3421819918\001\data\secret-blob NT AUTHORITY\SYSTEM:(F)
2026-10-10T07:32:50.1918223Z                                                                                                                  BUILTIN\Administrators:(F)
2026-10-10T07:32:50.1920778Z                                                                                                                  runnervmfi6oq\runneradmin:(F)
2026-10-10T07:32:50.1921509Z         
2026-10-10T07:32:50.1922245Z         Successfully processed 1 files; Failed processing 0 files
2026-10-10T07:32:50.1923105Z === RUN   TestAC3SealedWritesCarryNoForeignSID/staging-temp
2026-10-10T07:32:50.1926082Z time=2026-10-10T07:32:47.844Z level=WARN msg="winsec: seal cleared principals that stood on this object" path=C:\Users\RUNNER~1\AppData\Local\Temp\TestAC3SealedWritesCarryNoForeignSID3421819918\001\data\staging-temp kind=inherited cleared="" cleared_inherited=S-1-1-0(A;ID;0x1200a9;;;WD) policy="winsec owns the grants on this tree; out-of-band ACEs are removed at the next seal"
2026-10-10T07:32:50.1929072Z     acl_windows_test.go:319: icacls "C:\\Users\\RUNNER~1\\AppData\\Local\\Temp\\TestAC3SealedWritesCarryNoForeignSID3421819918\\001\\data\\staging-temp"
2026-10-10T07:32:50.1930379Z         C:\Users\RUNNER~1\AppData\Local\Temp\TestAC3SealedWritesCarryNoForeignSID3421819918\001\data\staging-temp NT AUTHORITY\SYSTEM:(F)
2026-10-10T07:32:50.1932175Z                                                                                                                   BUILTIN\Administrators:(F)
2026-10-10T07:32:50.1933976Z                                                                                                                   runnervmfi6oq\runneradmin:(F)
2026-10-10T07:32:50.1934425Z         
2026-10-10T07:32:50.1935014Z         Successfully processed 1 files; Failed processing 0 files
2026-10-10T07:32:50.1935445Z --- PASS: TestAC3SealedWritesCarryNoForeignSID (0.04s)
2026-10-10T07:32:50.1935950Z     --- PASS: TestAC3SealedWritesCarryNoForeignSID/artifact-exclusive (0.01s)
2026-10-10T07:32:50.1936663Z     --- PASS: TestAC3SealedWritesCarryNoForeignSID/secret-blob (0.01s)
2026-10-10T07:32:50.1937169Z     --- PASS: TestAC3SealedWritesCarryNoForeignSID/staging-temp (0.01s)
2026-10-10T07:32:50.1937643Z === RUN   TestAC2SealedDirCoversFilesItNeverTouched
2026-10-10T07:32:50.1939055Z     acl_windows_test.go:337: icacls "C:\\Users\\RUNNER~1\\AppData\\Local\\Temp\\TestAC2SealedDirCoversFilesItNeverTouched1880415939\\001\\data"
2026-10-10T07:32:50.1940043Z         C:\Users\RUNNER~1\AppData\Local\Temp\TestAC2SealedDirCoversFilesItNeverTouched1880415939\001\data NT AUTHORITY\SYSTEM:(F)
2026-10-10T07:32:50.1941674Z                                                                                                           NT AUTHORITY\SYSTEM:(OI)(CI)(IO)(F)
2026-10-10T07:32:50.1943208Z                                                                                                           BUILTIN\Administrators:(F)
2026-10-10T07:32:50.1945639Z                                                                                                           BUILTIN\Administrators:(OI)(CI)(IO)(F)
2026-10-10T07:32:50.1947927Z                                                                                                           runnervmfi6oq\runneradmin:(F)
2026-10-10T07:32:50.1950795Z                                                                                                           runnervmfi6oq\runneradmin:(OI)(CI)(IO)(F)
2026-10-10T07:32:50.1951627Z         
2026-10-10T07:32:50.1952309Z         Successfully processed 1 files; Failed processing 0 files
2026-10-10T07:32:50.1953721Z     acl_windows_test.go:355: icacls "C:\\Users\\RUNNER~1\\AppData\\Local\\Temp\\TestAC2SealedDirCoversFilesItNeverTouched1880415939\\001\\data\\sqlite-like-sidecar.tmp"
2026-10-10T07:32:50.1955473Z         C:\Users\RUNNER~1\AppData\Local\Temp\TestAC2SealedDirCoversFilesItNeverTouched1880415939\001\data\sqlite-like-sidecar.tmp NT AUTHORITY\SYSTEM:(I)(F)
2026-10-10T07:32:50.1958950Z                                                                                                                                   BUILTIN\Administrators:(I)(F)
2026-10-10T07:32:50.1962212Z                                                                                                                                   runnervmfi6oq\runneradmin:(I)(F)
2026-10-10T07:32:50.1964050Z         
2026-10-10T07:32:50.1965083Z         Successfully processed 1 files; Failed processing 0 files
2026-10-10T07:32:50.1967286Z time=2026-10-10T07:32:47.889Z level=WARN msg="winsec: seal cleared principals that stood on this object" path=C:\Users\runneradmin\AppData\Local\Temp\TestAC2SealedDirCoversFilesItNeverTouched1880415939\001\data\artifacts kind=explicit cleared=S-1-1-0(A;OICI;0x1200a9;;;WD) cleared_inherited="" policy="winsec owns the grants on this tree; out-of-band ACEs are removed at the next seal"
2026-10-10T07:32:50.1969937Z     acl_windows_test.go:371: icacls "C:\\Users\\RUNNER~1\\AppData\\Local\\Temp\\TestAC2SealedDirCoversFilesItNeverTouched1880415939\\001\\data\\artifacts"
2026-10-10T07:32:50.1971482Z         C:\Users\RUNNER~1\AppData\Local\Temp\TestAC2SealedDirCoversFilesItNeverTouched1880415939\001\data\artifacts NT AUTHORITY\SYSTEM:(F)
2026-10-10T07:32:50.1974411Z                                                                                                                     NT AUTHORITY\SYSTEM:(OI)(CI)(IO)(F)
2026-10-10T07:32:50.1977061Z                                                                                                                     BUILTIN\Administrators:(F)
2026-10-10T07:32:50.1979927Z                                                                                                                     BUILTIN\Administrators:(OI)(CI)(IO)(F)
2026-10-10T07:32:50.1983283Z                                                                                                                     runnervmfi6oq\runneradmin:(F)
2026-10-10T07:32:50.1986457Z                                                                                                                     runnervmfi6oq\runneradmin:(OI)(CI)(IO)(F)
2026-10-10T07:32:50.1987160Z         
2026-10-10T07:32:50.1987737Z         Successfully processed 1 files; Failed processing 0 files
2026-10-10T07:32:50.1989036Z     acl_windows_test.go:372: icacls "C:\\Users\\RUNNER~1\\AppData\\Local\\Temp\\TestAC2SealedDirCoversFilesItNeverTouched1880415939\\001\\data\\artifacts\\by-someone-else.txt"
2026-10-10T07:32:50.1991410Z         C:\Users\RUNNER~1\AppData\Local\Temp\TestAC2SealedDirCoversFilesItNeverTouched1880415939\001\data\artifacts\by-someone-else.txt NT AUTHORITY\SYSTEM:(F)
2026-10-10T07:32:50.1994877Z                                                                                                                                         BUILTIN\Administrators:(F)
2026-10-10T07:32:50.1998082Z                                                                                                                                         runnervmfi6oq\runneradmin:(F)
2026-10-10T07:32:50.1998706Z         
2026-10-10T07:32:50.1999271Z         Successfully processed 1 files; Failed processing 0 files
2026-10-10T07:32:50.2000579Z     acl_windows_test.go:378: icacls "C:\\Users\\RUNNER~1\\AppData\\Local\\Temp\\TestAC2SealedDirCoversFilesItNeverTouched1880415939\\001\\data\\artifacts\\by-someone-else.txt"
2026-10-10T07:32:50.2002563Z         C:\Users\RUNNER~1\AppData\Local\Temp\TestAC2SealedDirCoversFilesItNeverTouched1880415939\001\data\artifacts\by-someone-else.txt NT AUTHORITY\SYSTEM:(F)
2026-10-10T07:32:50.2007860Z                                                                                                                                         BUILTIN\Administrators:(F)
2026-10-10T07:32:50.2011180Z                                                                                                                                         runnervmfi6oq\runneradmin:(F)
2026-10-10T07:32:50.2011889Z         
2026-10-10T07:32:50.2012475Z         Successfully processed 1 files; Failed processing 0 files
2026-10-10T07:32:50.2013163Z --- PASS: TestAC2SealedDirCoversFilesItNeverTouched (0.07s)
2026-10-10T07:32:50.2014016Z === RUN   TestAC2SealDirNarrowsChildrenThatCarryTheirOwnExplicitACEs
2026-10-10T07:32:50.2015375Z     acl_windows_test.go:403: icacls "C:\\Users\\RUNNER~1\\AppData\\Local\\Temp\\TestAC2SealDirNarrowsChildrenThatCarryTheirOwnExplicitACEs82451862\\001\\data"
2026-10-10T07:32:50.2017201Z         C:\Users\RUNNER~1\AppData\Local\Temp\TestAC2SealDirNarrowsChildrenThatCarryTheirOwnExplicitACEs82451862\001\data NT AUTHORITY\SYSTEM:(F)
2026-10-10T07:32:50.2019826Z                                                                                                                          NT AUTHORITY\SYSTEM:(OI)(CI)(IO)(F)
2026-10-10T07:32:50.2021545Z                                                                                                                          BUILTIN\Administrators:(F)
2026-10-10T07:32:50.2024144Z                                                                                                                          BUILTIN\Administrators:(OI)(CI)(IO)(F)
2026-10-10T07:32:50.2026003Z                                                                                                                          runnervmfi6oq\runneradmin:(F)
2026-10-10T07:32:50.2027941Z                                                                                                                          runnervmfi6oq\runneradmin:(OI)(CI)(IO)(F)
2026-10-10T07:32:50.2028410Z         
2026-10-10T07:32:50.2029149Z         Successfully processed 1 files; Failed processing 0 files
2026-10-10T07:32:50.2030417Z     acl_windows_test.go:442: icacls "C:\\Users\\RUNNER~1\\AppData\\Local\\Temp\\TestAC2SealDirNarrowsChildrenThatCarryTheirOwnExplicitACEs82451862\\001\\data\\operator-widened-file.txt"
2026-10-10T07:32:50.2032641Z         C:\Users\RUNNER~1\AppData\Local\Temp\TestAC2SealDirNarrowsChildrenThatCarryTheirOwnExplicitACEs82451862\001\data\operator-widened-file.txt Everyone:(RX)
2026-10-10T07:32:50.2036138Z                                                                                                                                                    Everyone:(I)(RX)
2026-10-10T07:32:50.2039702Z                                                                                                                                                    NT AUTHORITY\SYSTEM:(I)(F)
2026-10-10T07:32:50.2043411Z                                                                                                                                                    BUILTIN\Administrators:(I)(F)
2026-10-10T07:32:50.2046640Z                                                                                                                                                    runnervmfi6oq\runneradmin:(I)(F)
2026-10-10T07:32:50.2047193Z         
2026-10-10T07:32:50.2047579Z         Successfully processed 1 files; Failed processing 0 files
2026-10-10T07:32:50.2048468Z     acl_windows_test.go:442: icacls "C:\\Users\\RUNNER~1\\AppData\\Local\\Temp\\TestAC2SealDirNarrowsChildrenThatCarryTheirOwnExplicitACEs82451862\\001\\data\\operator-widened-dir"
2026-10-10T07:32:50.2049738Z         C:\Users\RUNNER~1\AppData\Local\Temp\TestAC2SealDirNarrowsChildrenThatCarryTheirOwnExplicitACEs82451862\001\data\operator-widened-dir Everyone:(OI)(CI)(RX)
2026-10-10T07:32:50.2052090Z                                                                                                                                               Everyone:(I)(OI)(CI)(RX)
2026-10-10T07:32:50.2055215Z                                                                                                                                               NT AUTHORITY\SYSTEM:(I)(F)
2026-10-10T07:32:50.2058447Z                                                                                                                                               NT AUTHORITY\SYSTEM:(I)(OI)(CI)(IO)(F)
2026-10-10T07:32:50.2061814Z                                                                                                                                               BUILTIN\Administrators:(I)(F)
2026-10-10T07:32:50.2064732Z                                                                                                                                               BUILTIN\Administrators:(I)(OI)(CI)(IO)(F)
2026-10-10T07:32:50.2067636Z                                                                                                                                               runnervmfi6oq\runneradmin:(I)(F)
2026-10-10T07:32:50.2070263Z                                                                                                                                               runnervmfi6oq\runneradmin:(I)(OI)(CI)(IO)(F)
2026-10-10T07:32:50.2070762Z         
2026-10-10T07:32:50.2071172Z         Successfully processed 1 files; Failed processing 0 files
2026-10-10T07:32:50.2072099Z     acl_windows_test.go:442: icacls "C:\\Users\\RUNNER~1\\AppData\\Local\\Temp\\TestAC2SealDirNarrowsChildrenThatCarryTheirOwnExplicitACEs82451862\\001\\data\\operator-widened-dir\\inside.txt"
2026-10-10T07:32:50.2073429Z         C:\Users\RUNNER~1\AppData\Local\Temp\TestAC2SealDirNarrowsChildrenThatCarryTheirOwnExplicitACEs82451862\001\data\operator-widened-dir\inside.txt Everyone:(I)(RX)
2026-10-10T07:32:50.2076058Z                                                                                                                                                          NT AUTHORITY\SYSTEM:(I)(F)
2026-10-10T07:32:50.2078698Z                                                                                                                                                          BUILTIN\Administrators:(I)(F)
2026-10-10T07:32:50.2081434Z                                                                                                                                                          runnervmfi6oq\runneradmin:(I)(F)
2026-10-10T07:32:50.2081926Z         
2026-10-10T07:32:50.2082335Z         Successfully processed 1 files; Failed processing 0 files
2026-10-10T07:32:50.2083971Z time=2026-10-10T07:32:48.000Z level=WARN msg="winsec: seal cleared principals that stood on this object" path=C:\Users\runneradmin\AppData\Local\Temp\TestAC2SealDirNarrowsChildrenThatCarryTheirOwnExplicitACEs82451862\001\data kind=explicit cleared=S-1-1-0(A;OICI;0x1200a9;;;WD) cleared_inherited="" policy="winsec owns the grants on this tree; out-of-band ACEs are removed at the next seal"
2026-10-10T07:32:50.2086278Z time=2026-10-10T07:32:48.001Z level=WARN msg="winsec: seal cleared principals that stood on this object" path=C:\Users\runneradmin\AppData\Local\Temp\TestAC2SealDirNarrowsChildrenThatCarryTheirOwnExplicitACEs82451862\001\data\operator-widened-dir kind=explicit cleared=S-1-1-0(A;OICI;0x1200a9;;;WD) cleared_inherited="" policy="winsec owns the grants on this tree; out-of-band ACEs are removed at the next seal"
2026-10-10T07:32:50.2088813Z time=2026-10-10T07:32:48.002Z level=WARN msg="winsec: seal cleared principals that stood on this object" path=C:\Users\runneradmin\AppData\Local\Temp\TestAC2SealDirNarrowsChildrenThatCarryTheirOwnExplicitACEs82451862\001\data\operator-widened-file.txt kind=explicit cleared=S-1-1-0(A;;0x1200a9;;;WD) cleared_inherited="" policy="winsec owns the grants on this tree; out-of-band ACEs are removed at the next seal"
2026-10-10T07:32:50.2090733Z     acl_windows_test.go:454: icacls "C:\\Users\\RUNNER~1\\AppData\\Local\\Temp\\TestAC2SealDirNarrowsChildrenThatCarryTheirOwnExplicitACEs82451862\\001\\data\\operator-widened-file.txt"
2026-10-10T07:32:50.2092059Z         C:\Users\RUNNER~1\AppData\Local\Temp\TestAC2SealDirNarrowsChildrenThatCarryTheirOwnExplicitACEs82451862\001\data\operator-widened-file.txt NT AUTHORITY\SYSTEM:(F)
2026-10-10T07:32:50.2094550Z                                                                                                                                                    BUILTIN\Administrators:(F)
2026-10-10T07:32:50.2096697Z                                                                                                                                                    runnervmfi6oq\runneradmin:(F)
2026-10-10T07:32:50.2097117Z         
2026-10-10T07:32:50.2097520Z         Successfully processed 1 files; Failed processing 0 files
2026-10-10T07:32:50.2098402Z     acl_windows_test.go:455: icacls "C:\\Users\\RUNNER~1\\AppData\\Local\\Temp\\TestAC2SealDirNarrowsChildrenThatCarryTheirOwnExplicitACEs82451862\\001\\data\\operator-widened-file.txt"
2026-10-10T07:32:50.2099626Z         C:\Users\RUNNER~1\AppData\Local\Temp\TestAC2SealDirNarrowsChildrenThatCarryTheirOwnExplicitACEs82451862\001\data\operator-widened-file.txt NT AUTHORITY\SYSTEM:(F)
2026-10-10T07:32:50.2101969Z                                                                                                                                                    BUILTIN\Administrators:(F)
2026-10-10T07:32:50.2104379Z                                                                                                                                                    runnervmfi6oq\runneradmin:(F)
2026-10-10T07:32:50.2104809Z         
2026-10-10T07:32:50.2105231Z         Successfully processed 1 files; Failed processing 0 files
2026-10-10T07:32:50.2106230Z     acl_windows_test.go:454: icacls "C:\\Users\\RUNNER~1\\AppData\\Local\\Temp\\TestAC2SealDirNarrowsChildrenThatCarryTheirOwnExplicitACEs82451862\\001\\data\\operator-widened-dir"
2026-10-10T07:32:50.2108069Z         C:\Users\RUNNER~1\AppData\Local\Temp\TestAC2SealDirNarrowsChildrenThatCarryTheirOwnExplicitACEs82451862\001\data\operator-widened-dir NT AUTHORITY\SYSTEM:(F)
2026-10-10T07:32:50.2111394Z                                                                                                                                               NT AUTHORITY\SYSTEM:(OI)(CI)(IO)(F)
2026-10-10T07:32:50.2113804Z                                                                                                                                               BUILTIN\Administrators:(F)
2026-10-10T07:32:50.2116110Z                                                                                                                                               BUILTIN\Administrators:(OI)(CI)(IO)(F)
2026-10-10T07:32:50.2118375Z                                                                                                                                               runnervmfi6oq\runneradmin:(F)
2026-10-10T07:32:50.2120745Z                                                                                                                                               runnervmfi6oq\runneradmin:(OI)(CI)(IO)(F)
2026-10-10T07:32:50.2121189Z         
2026-10-10T07:32:50.2121920Z         Successfully processed 1 files; Failed processing 0 files
2026-10-10T07:32:50.2123097Z     acl_windows_test.go:455: icacls "C:\\Users\\RUNNER~1\\AppData\\Local\\Temp\\TestAC2SealDirNarrowsChildrenThatCarryTheirOwnExplicitACEs82451862\\001\\data\\operator-widened-dir"
2026-10-10T07:32:50.2124336Z         C:\Users\RUNNER~1\AppData\Local\Temp\TestAC2SealDirNarrowsChildrenThatCarryTheirOwnExplicitACEs82451862\001\data\operator-widened-dir NT AUTHORITY\SYSTEM:(F)
2026-10-10T07:32:50.2127362Z                                                                                                                                               NT AUTHORITY\SYSTEM:(OI)(CI)(IO)(F)
2026-10-10T07:32:50.2129491Z                                                                                                                                               BUILTIN\Administrators:(F)
2026-10-10T07:32:50.2131843Z                                                                                                                                               BUILTIN\Administrators:(OI)(CI)(IO)(F)
2026-10-10T07:32:50.2134102Z                                                                                                                                               runnervmfi6oq\runneradmin:(F)
2026-10-10T07:32:50.2136506Z                                                                                                                                               runnervmfi6oq\runneradmin:(OI)(CI)(IO)(F)
2026-10-10T07:32:50.2136965Z         
2026-10-10T07:32:50.2137365Z         Successfully processed 1 files; Failed processing 0 files
2026-10-10T07:32:50.2138360Z     acl_windows_test.go:454: icacls "C:\\Users\\RUNNER~1\\AppData\\Local\\Temp\\TestAC2SealDirNarrowsChildrenThatCarryTheirOwnExplicitACEs82451862\\001\\data\\operator-widened-dir\\inside.txt"
2026-10-10T07:32:50.2139656Z         C:\Users\RUNNER~1\AppData\Local\Temp\TestAC2SealDirNarrowsChildrenThatCarryTheirOwnExplicitACEs82451862\001\data\operator-widened-dir\inside.txt NT AUTHORITY\SYSTEM:(F)
2026-10-10T07:32:50.2142318Z                                                                                                                                                          BUILTIN\Administrators:(F)
2026-10-10T07:32:50.2145061Z                                                                                                                                                          runnervmfi6oq\runneradmin:(F)
2026-10-10T07:32:50.2145498Z         
2026-10-10T07:32:50.2145925Z         Successfully processed 1 files; Failed processing 0 files
2026-10-10T07:32:50.2147289Z     acl_windows_test.go:455: icacls "C:\\Users\\RUNNER~1\\AppData\\Local\\Temp\\TestAC2SealDirNarrowsChildrenThatCarryTheirOwnExplicitACEs82451862\\001\\data\\operator-widened-dir\\inside.txt"
2026-10-10T07:32:50.2148627Z         C:\Users\RUNNER~1\AppData\Local\Temp\TestAC2SealDirNarrowsChildrenThatCarryTheirOwnExplicitACEs82451862\001\data\operator-widened-dir\inside.txt NT AUTHORITY\SYSTEM:(F)
2026-10-10T07:32:50.2151117Z                                                                                                                                                          BUILTIN\Administrators:(F)
2026-10-10T07:32:50.2154065Z                                                                                                                                                          runnervmfi6oq\runneradmin:(F)
2026-10-10T07:32:50.2154747Z         
2026-10-10T07:32:50.2155269Z         Successfully processed 1 files; Failed processing 0 files
2026-10-10T07:32:50.2156777Z     acl_windows_test.go:457: boundary check: inherits-only.txt holds only an *inherited* copy of the root's grant, so the OS recomputed it without the walk - this leg discriminates nothing, see the comment above
2026-10-10T07:32:50.2158113Z --- PASS: TestAC2SealDirNarrowsChildrenThatCarryTheirOwnExplicitACEs (0.14s)
2026-10-10T07:32:50.2158867Z === RUN   TestAC2MigrationBackupIsPrivate
2026-10-10T07:32:50.2160094Z     migrate_windows_test.go:80: icacls "C:\\Users\\RUNNER~1\\AppData\\Local\\Temp\\TestAC2MigrationBackupIsPrivate4106328946\\001\\root\\config.toml"
2026-10-10T07:32:50.2161572Z         C:\Users\RUNNER~1\AppData\Local\Temp\TestAC2MigrationBackupIsPrivate4106328946\001\root\config.toml Everyone:(I)(RX)
2026-10-10T07:32:50.2164171Z                                                                                                             NT AUTHORITY\SYSTEM:(I)(F)
2026-10-10T07:32:50.2165947Z                                                                                                             BUILTIN\Administrators:(I)(F)
2026-10-10T07:32:50.2168535Z                                                                                                             runnervmfi6oq\runneradmin:(I)(F)
2026-10-10T07:32:50.2169156Z         
2026-10-10T07:32:50.2169593Z         Successfully processed 1 files; Failed processing 0 files
2026-10-10T07:32:50.2170169Z     migrate_windows_test.go:80: BEFORE seal, config.toml carries foreign SID(s) S-1-1-0
2026-10-10T07:32:50.2171505Z time=2026-10-10T07:32:48.085Z level=WARN msg="winsec: seal cleared principals that stood on this object" path=C:\Users\RUNNER~1\AppData\Local\Temp\TestAC2MigrationBackupIsPrivate4106328946\001\root\secrets kind=inherited cleared="" cleared_inherited=S-1-1-0(A;OICIID;0x1200a9;;;WD) policy="winsec owns the grants on this tree; out-of-band ACEs are removed at the next seal"
2026-10-10T07:32:50.2173662Z time=2026-10-10T07:32:48.089Z level=WARN msg="winsec: seal cleared principals that stood on this object" path=C:\Users\RUNNER~1\AppData\Local\Temp\TestAC2MigrationBackupIsPrivate4106328946\001\root\config.toml.bak-plaintext kind=inherited cleared="" cleared_inherited=S-1-1-0(A;ID;0x1200a9;;;WD) policy="winsec owns the grants on this tree; out-of-band ACEs are removed at the next seal"
2026-10-10T07:32:50.2175773Z time=2026-10-10T07:32:48.091Z level=WARN msg="winsec: seal cleared principals that stood on this object" path=C:\Users\RUNNER~1\AppData\Local\Temp\TestAC2MigrationBackupIsPrivate4106328946\001\root\config.toml.migrate-tmp kind=inherited cleared="" cleared_inherited=S-1-1-0(A;ID;0x1200a9;;;WD) policy="winsec owns the grants on this tree; out-of-band ACEs are removed at the next seal"
2026-10-10T07:32:50.2179434Z time=2026-10-10T07:32:48.091Z level=WARN msg="plaintext api_key migrated to DPAPI-protected references (D33)" config=C:\Users\RUNNER~1\AppData\Local\Temp\TestAC2MigrationBackupIsPrivate4106328946\001\root\config.toml fields=2 paths=llm.providers.openai.api_key,voice.realtime.api_key backup=C:\Users\RUNNER~1\AppData\Local\Temp\TestAC2MigrationBackupIsPrivate4106328946\001\root\config.toml.bak-plaintext
2026-10-10T07:32:50.2182179Z     migrate_windows_test.go:91: icacls "C:\\Users\\RUNNER~1\\AppData\\Local\\Temp\\TestAC2MigrationBackupIsPrivate4106328946\\001\\root\\config.toml.bak-plaintext"
2026-10-10T07:32:50.2183486Z         C:\Users\RUNNER~1\AppData\Local\Temp\TestAC2MigrationBackupIsPrivate4106328946\001\root\config.toml.bak-plaintext NT AUTHORITY\SYSTEM:(F)
2026-10-10T07:32:50.2185550Z                                                                                                                           BUILTIN\Administrators:(F)
2026-10-10T07:32:50.2188523Z                                                                                                                           runnervmfi6oq\runneradmin:(F)
2026-10-10T07:32:50.2189068Z         
2026-10-10T07:32:50.2189527Z         Successfully processed 1 files; Failed processing 0 files
2026-10-10T07:32:50.2190446Z     migrate_windows_test.go:92: icacls "C:\\Users\\RUNNER~1\\AppData\\Local\\Temp\\TestAC2MigrationBackupIsPrivate4106328946\\001\\root\\config.toml.bak-plaintext"
2026-10-10T07:32:50.2191496Z         C:\Users\RUNNER~1\AppData\Local\Temp\TestAC2MigrationBackupIsPrivate4106328946\001\root\config.toml.bak-plaintext NT AUTHORITY\SYSTEM:(F)
2026-10-10T07:32:50.2193481Z                                                                                                                           BUILTIN\Administrators:(F)
2026-10-10T07:32:50.2195226Z                                                                                                                           runnervmfi6oq\runneradmin:(F)
2026-10-10T07:32:50.2195635Z         
2026-10-10T07:32:50.2196127Z         Successfully processed 1 files; Failed processing 0 files
2026-10-10T07:32:50.2196978Z     migrate_windows_test.go:101: icacls "C:\\Users\\RUNNER~1\\AppData\\Local\\Temp\\TestAC2MigrationBackupIsPrivate4106328946\\001\\root\\config.toml"
2026-10-10T07:32:50.2198106Z         C:\Users\RUNNER~1\AppData\Local\Temp\TestAC2MigrationBackupIsPrivate4106328946\001\root\config.toml NT AUTHORITY\SYSTEM:(F)
2026-10-10T07:32:50.2200002Z                                                                                                             BUILTIN\Administrators:(F)
2026-10-10T07:32:50.2201511Z                                                                                                             runnervmfi6oq\runneradmin:(F)
2026-10-10T07:32:50.2201927Z         
2026-10-10T07:32:50.2202307Z         Successfully processed 1 files; Failed processing 0 files
2026-10-10T07:32:50.2203078Z     migrate_windows_test.go:104: icacls "C:\\Users\\RUNNER~1\\AppData\\Local\\Temp\\TestAC2MigrationBackupIsPrivate4106328946\\001\\root\\secrets"
2026-10-10T07:32:50.2203995Z         C:\Users\RUNNER~1\AppData\Local\Temp\TestAC2MigrationBackupIsPrivate4106328946\001\root\secrets NT AUTHORITY\SYSTEM:(F)
2026-10-10T07:32:50.2207961Z                                                                                                         NT AUTHORITY\SYSTEM:(OI)(CI)(IO)(F)
2026-10-10T07:32:50.2211000Z                                                                                                         BUILTIN\Administrators:(F)
2026-10-10T07:32:50.2213424Z                                                                                                         BUILTIN\Administrators:(OI)(CI)(IO)(F)
2026-10-10T07:32:50.2215764Z                                                                                                         runnervmfi6oq\runneradmin:(F)
2026-10-10T07:32:50.2218106Z                                                                                                         runnervmfi6oq\runneradmin:(OI)(CI)(IO)(F)
2026-10-10T07:32:50.2218675Z         
2026-10-10T07:32:50.2219231Z         Successfully processed 1 files; Failed processing 0 files
2026-10-10T07:32:50.2220770Z     migrate_windows_test.go:104: icacls "C:\\Users\\RUNNER~1\\AppData\\Local\\Temp\\TestAC2MigrationBackupIsPrivate4106328946\\001\\root\\secrets\\llm.providers.openai.api_key"
2026-10-10T07:32:50.2222029Z         C:\Users\RUNNER~1\AppData\Local\Temp\TestAC2MigrationBackupIsPrivate4106328946\001\root\secrets\llm.providers.openai.api_key NT AUTHORITY\SYSTEM:(F)
2026-10-10T07:32:50.2225304Z                                                                                                                                      BUILTIN\Administrators:(F)
2026-10-10T07:32:50.2228386Z                                                                                                                                      runnervmfi6oq\runneradmin:(F)
2026-10-10T07:32:50.2229279Z         
2026-10-10T07:32:50.2230573Z         Successfully processed 1 files; Failed processing 0 files
2026-10-10T07:32:50.2232595Z     migrate_windows_test.go:104: icacls "C:\\Users\\RUNNER~1\\AppData\\Local\\Temp\\TestAC2MigrationBackupIsPrivate4106328946\\001\\root\\secrets\\voice.realtime.api_key"
2026-10-10T07:32:50.2236742Z         C:\Users\RUNNER~1\AppData\Local\Temp\TestAC2MigrationBackupIsPrivate4106328946\001\root\secrets\voice.realtime.api_key NT AUTHORITY\SYSTEM:(F)
2026-10-10T07:32:50.2241487Z                                                                                                                                BUILTIN\Administrators:(F)
2026-10-10T07:32:50.2244317Z                                                                                                                                runnervmfi6oq\runneradmin:(F)
2026-10-10T07:32:50.2245449Z         
2026-10-10T07:32:50.2245973Z         Successfully processed 1 files; Failed processing 0 files
2026-10-10T07:32:50.2247183Z     migrate_windows_test.go:104: sweep checked 3 entries under C:\Users\RUNNER~1\AppData\Local\Temp\TestAC2MigrationBackupIsPrivate4106328946\001\root\secrets, all private
2026-10-10T07:32:50.2248544Z --- PASS: TestAC2MigrationBackupIsPrivate (0.09s)
2026-10-10T07:32:50.2249121Z === RUN   TestAC2PreExistingMigrationBackupIsRepaired
2026-10-10T07:32:50.2250534Z     migrate_windows_test.go:124: icacls "C:\\Users\\RUNNER~1\\AppData\\Local\\Temp\\TestAC2PreExistingMigrationBackupIsRepaired3463187841\\001\\root\\config.toml.bak-plaintext"
2026-10-10T07:32:50.2252244Z         C:\Users\RUNNER~1\AppData\Local\Temp\TestAC2PreExistingMigrationBackupIsRepaired3463187841\001\root\config.toml.bak-plaintext Everyone:(RX)
2026-10-10T07:32:50.2255186Z                                                                                                                                       Everyone:(I)(RX)
2026-10-10T07:32:50.2258712Z                                                                                                                                       NT AUTHORITY\SYSTEM:(I)(F)
2026-10-10T07:32:50.2261689Z                                                                                                                                       BUILTIN\Administrators:(I)(F)
2026-10-10T07:32:50.2264882Z                                                                                                                                       runnervmfi6oq\runneradmin:(I)(F)
2026-10-10T07:32:50.2265498Z         
2026-10-10T07:32:50.2266019Z         Successfully processed 1 files; Failed processing 0 files
2026-10-10T07:32:50.2267039Z     migrate_windows_test.go:124: BEFORE seal, config.toml.bak-plaintext carries foreign SID(s) S-1-1-0, S-1-1-0
2026-10-10T07:32:50.2268471Z     migrate_windows_test.go:125: icacls "C:\\Users\\RUNNER~1\\AppData\\Local\\Temp\\TestAC2PreExistingMigrationBackupIsRepaired3463187841\\001\\root\\config.toml.bak-plaintext"
2026-10-10T07:32:50.2270199Z         C:\Users\RUNNER~1\AppData\Local\Temp\TestAC2PreExistingMigrationBackupIsRepaired3463187841\001\root\config.toml.bak-plaintext Everyone:(RX)
2026-10-10T07:32:50.2273204Z                                                                                                                                       Everyone:(I)(RX)
2026-10-10T07:32:50.2276263Z                                                                                                                                       NT AUTHORITY\SYSTEM:(I)(F)
2026-10-10T07:32:50.2279692Z                                                                                                                                       BUILTIN\Administrators:(I)(F)
2026-10-10T07:32:50.2282954Z                                                                                                                                       runnervmfi6oq\runneradmin:(I)(F)
2026-10-10T07:32:50.2283849Z         
2026-10-10T07:32:50.2284387Z         Successfully processed 1 files; Failed processing 0 files
2026-10-10T07:32:50.2286442Z time=2026-10-10T07:32:48.194Z level=WARN msg="winsec: seal cleared principals that stood on this object" path=C:\Users\RUNNER~1\AppData\Local\Temp\TestAC2PreExistingMigrationBackupIsRepaired3463187841\001\root\secrets kind=inherited cleared="" cleared_inherited=S-1-1-0(A;OICIID;0x1200a9;;;WD) policy="winsec owns the grants on this tree; out-of-band ACEs are removed at the next seal"
2026-10-10T07:32:50.2289999Z time=2026-10-10T07:32:48.197Z level=WARN msg="winsec: seal cleared principals that stood on this object" path=C:\Users\runneradmin\AppData\Local\Temp\TestAC2PreExistingMigrationBackupIsRepaired3463187841\001\root\config.toml.bak-plaintext kind=explicit+inherited cleared=S-1-1-0(A;;0x1200a9;;;WD) cleared_inherited=S-1-1-0(A;ID;0x1200a9;;;WD) policy="winsec owns the grants on this tree; out-of-band ACEs are removed at the next seal"
2026-10-10T07:32:50.2293578Z time=2026-10-10T07:32:48.199Z level=WARN msg="winsec: seal cleared principals that stood on this object" path=C:\Users\RUNNER~1\AppData\Local\Temp\TestAC2PreExistingMigrationBackupIsRepaired3463187841\001\root\config.toml.migrate-tmp kind=inherited cleared="" cleared_inherited=S-1-1-0(A;ID;0x1200a9;;;WD) policy="winsec owns the grants on this tree; out-of-band ACEs are removed at the next seal"
2026-10-10T07:32:50.2297396Z time=2026-10-10T07:32:48.199Z level=WARN msg="plaintext api_key migrated to DPAPI-protected references (D33)" config=C:\Users\RUNNER~1\AppData\Local\Temp\TestAC2PreExistingMigrationBackupIsRepaired3463187841\001\root\config.toml fields=2 paths=llm.providers.openai.api_key,voice.realtime.api_key backup=C:\Users\RUNNER~1\AppData\Local\Temp\TestAC2PreExistingMigrationBackupIsRepaired3463187841\001\root\config.toml.bak-plaintext
2026-10-10T07:32:50.2300664Z     migrate_windows_test.go:145: icacls "C:\\Users\\RUNNER~1\\AppData\\Local\\Temp\\TestAC2PreExistingMigrationBackupIsRepaired3463187841\\001\\root\\config.toml.bak-plaintext"
2026-10-10T07:32:50.2302470Z         C:\Users\RUNNER~1\AppData\Local\Temp\TestAC2PreExistingMigrationBackupIsRepaired3463187841\001\root\config.toml.bak-plaintext NT AUTHORITY\SYSTEM:(F)
2026-10-10T07:32:50.2305693Z                                                                                                                                       BUILTIN\Administrators:(F)
2026-10-10T07:32:50.2308804Z                                                                                                                                       runnervmfi6oq\runneradmin:(F)
2026-10-10T07:32:50.2309449Z         
2026-10-10T07:32:50.2309982Z         Successfully processed 1 files; Failed processing 0 files
2026-10-10T07:32:50.2311470Z     migrate_windows_test.go:146: icacls "C:\\Users\\RUNNER~1\\AppData\\Local\\Temp\\TestAC2PreExistingMigrationBackupIsRepaired3463187841\\001\\root\\config.toml.bak-plaintext"
2026-10-10T07:32:50.2313218Z         C:\Users\RUNNER~1\AppData\Local\Temp\TestAC2PreExistingMigrationBackupIsRepaired3463187841\001\root\config.toml.bak-plaintext NT AUTHORITY\SYSTEM:(F)
2026-10-10T07:32:50.2316469Z                                                                                                                                       BUILTIN\Administrators:(F)
2026-10-10T07:32:50.2319842Z                                                                                                                                       runnervmfi6oq\runneradmin:(F)
2026-10-10T07:32:50.2320464Z         
2026-10-10T07:32:50.2321036Z         Successfully processed 1 files; Failed processing 0 files
2026-10-10T07:32:50.2321704Z --- PASS: TestAC2PreExistingMigrationBackupIsRepaired (0.07s)
2026-10-10T07:32:50.2322412Z === RUN   TestAC3ProductionDataRootIsPrivateEndToEnd
2026-10-10T07:32:50.2324337Z time=2026-10-10T07:32:48.232Z level=WARN msg="winsec: seal cleared principals that stood on this object" path=C:\Users\RUNNER~1\AppData\Local\Temp\TestAC3ProductionDataRootIsPrivateEndToEnd1797418725\001\root\data kind=inherited cleared="" cleared_inherited=S-1-1-0(A;OICIID;0x1200a9;;;WD) policy="winsec owns the grants on this tree; out-of-band ACEs are removed at the next seal"
2026-10-10T07:32:50.2327254Z time=2026-10-10T07:32:48.254Z level=INFO msg="pre-migration backup written" component=memory backup=C:\Users\RUNNER~1\AppData\Local\Temp\TestAC3ProductionDataRootIsPrivateEndToEnd1797418725\001\root\data\backup\wisp.db.bak-0-1 from=0 to=1
2026-10-10T07:32:50.2328981Z time=2026-10-10T07:32:48.262Z level=INFO msg="schema migration step applied" component=memory from=0 to=1 started_at=2026-10-10T07:32:48Z duration_ms=7
2026-10-10T07:32:50.2330616Z time=2026-10-10T07:32:48.284Z level=INFO msg="pre-migration backup written" component=memory backup=C:\Users\RUNNER~1\AppData\Local\Temp\TestAC3ProductionDataRootIsPrivateEndToEnd1797418725\001\root\data\backup\wisp.db.bak-1-2 from=1 to=2
2026-10-10T07:32:50.2332420Z time=2026-10-10T07:32:48.293Z level=INFO msg="schema migration step applied" component=memory from=1 to=2 started_at=2026-10-10T07:32:48Z duration_ms=9
2026-10-10T07:32:50.2333491Z time=2026-10-10T07:32:48.310Z level=INFO msg="schema migration complete" component=memory schema_version=2
2026-10-10T07:32:50.2334582Z time=2026-10-10T07:32:48.310Z level=INFO msg="startup WAL checkpoint (TRUNCATE) done" component=memory wal_pages_before=0 pages_moved=0
2026-10-10T07:32:50.2335803Z     production_windows_test.go:29: data root contains: [artifacts backup wisp.db wisp.db-shm wisp.db-wal]
2026-10-10T07:32:50.2337337Z     production_windows_test.go:48: icacls "C:\\Users\\RUNNER~1\\AppData\\Local\\Temp\\TestAC3ProductionDataRootIsPrivateEndToEnd1797418725\\001\\root\\data\\wisp.db"
2026-10-10T07:32:50.2339958Z         C:\Users\RUNNER~1\AppData\Local\Temp\TestAC3ProductionDataRootIsPrivateEndToEnd1797418725\001\root\data\wisp.db NT AUTHORITY\SYSTEM:(I)(F)
2026-10-10T07:32:50.2343468Z                                                                                                                         BUILTIN\Administrators:(I)(F)
2026-10-10T07:32:50.2346279Z                                                                                                                         runnervmfi6oq\runneradmin:(I)(F)
2026-10-10T07:32:50.2346914Z         
2026-10-10T07:32:50.2347455Z         Successfully processed 1 files; Failed processing 0 files
2026-10-10T07:32:50.2348782Z     production_windows_test.go:48: icacls "C:\\Users\\RUNNER~1\\AppData\\Local\\Temp\\TestAC3ProductionDataRootIsPrivateEndToEnd1797418725\\001\\root\\data\\wisp.db-wal"
2026-10-10T07:32:50.2350495Z         C:\Users\RUNNER~1\AppData\Local\Temp\TestAC3ProductionDataRootIsPrivateEndToEnd1797418725\001\root\data\wisp.db-wal NT AUTHORITY\SYSTEM:(I)(F)
2026-10-10T07:32:50.2353610Z                                                                                                                             BUILTIN\Administrators:(I)(F)
2026-10-10T07:32:50.2356871Z                                                                                                                             runnervmfi6oq\runneradmin:(I)(F)
2026-10-10T07:32:50.2357584Z         
2026-10-10T07:32:50.2358113Z         Successfully processed 1 files; Failed processing 0 files
2026-10-10T07:32:50.2359422Z     production_windows_test.go:48: icacls "C:\\Users\\RUNNER~1\\AppData\\Local\\Temp\\TestAC3ProductionDataRootIsPrivateEndToEnd1797418725\\001\\root\\data\\wisp.db-shm"
2026-10-10T07:32:50.2361120Z         C:\Users\RUNNER~1\AppData\Local\Temp\TestAC3ProductionDataRootIsPrivateEndToEnd1797418725\001\root\data\wisp.db-shm NT AUTHORITY\SYSTEM:(I)(F)
2026-10-10T07:32:50.2364065Z                                                                                                                             BUILTIN\Administrators:(I)(F)
2026-10-10T07:32:50.2366887Z                                                                                                                             runnervmfi6oq\runneradmin:(I)(F)
2026-10-10T07:32:50.2367532Z         
2026-10-10T07:32:50.2368905Z         Successfully processed 1 files; Failed processing 0 files
2026-10-10T07:32:50.2370076Z     production_windows_test.go:59: icacls "C:\\Users\\RUNNER~1\\AppData\\Local\\Temp\\TestAC3ProductionDataRootIsPrivateEndToEnd1797418725\\001\\root\\data"
2026-10-10T07:32:50.2371588Z         C:\Users\RUNNER~1\AppData\Local\Temp\TestAC3ProductionDataRootIsPrivateEndToEnd1797418725\001\root\data NT AUTHORITY\SYSTEM:(F)
2026-10-10T07:32:50.2374209Z                                                                                                                 NT AUTHORITY\SYSTEM:(OI)(CI)(IO)(F)
2026-10-10T07:32:50.2377023Z                                                                                                                 BUILTIN\Administrators:(F)
2026-10-10T07:32:50.2379625Z                                                                                                                 BUILTIN\Administrators:(OI)(CI)(IO)(F)
2026-10-10T07:32:50.2382221Z                                                                                                                 runnervmfi6oq\runneradmin:(F)
2026-10-10T07:32:50.2383998Z                                                                                                                 runnervmfi6oq\runneradmin:(OI)(CI)(IO)(F)
2026-10-10T07:32:50.2384459Z         
2026-10-10T07:32:50.2384848Z         Successfully processed 1 files; Failed processing 0 files
2026-10-10T07:32:50.2386291Z     production_windows_test.go:59: icacls "C:\\Users\\RUNNER~1\\AppData\\Local\\Temp\\TestAC3ProductionDataRootIsPrivateEndToEnd1797418725\\001\\root\\data\\wisp.db"
2026-10-10T07:32:50.2387999Z         C:\Users\RUNNER~1\AppData\Local\Temp\TestAC3ProductionDataRootIsPrivateEndToEnd1797418725\001\root\data\wisp.db NT AUTHORITY\SYSTEM:(I)(F)
2026-10-10T07:32:50.2390002Z                                                                                                                         BUILTIN\Administrators:(I)(F)
2026-10-10T07:32:50.2391724Z                                                                                                                         runnervmfi6oq\runneradmin:(I)(F)
2026-10-10T07:32:50.2392201Z         
2026-10-10T07:32:50.2392608Z         Successfully processed 1 files; Failed processing 0 files
2026-10-10T07:32:50.2393425Z     production_windows_test.go:59: icacls "C:\\Users\\RUNNER~1\\AppData\\Local\\Temp\\TestAC3ProductionDataRootIsPrivateEndToEnd1797418725\\001\\root\\data\\secrets"
2026-10-10T07:32:50.2394532Z         C:\Users\RUNNER~1\AppData\Local\Temp\TestAC3ProductionDataRootIsPrivateEndToEnd1797418725\001\root\data\secrets NT AUTHORITY\SYSTEM:(F)
2026-10-10T07:32:50.2396602Z                                                                                                                         NT AUTHORITY\SYSTEM:(OI)(CI)(IO)(F)
2026-10-10T07:32:50.2398299Z                                                                                                                         BUILTIN\Administrators:(F)
2026-10-10T07:32:50.2400490Z                                                                                                                         BUILTIN\Administrators:(OI)(CI)(IO)(F)
2026-10-10T07:32:50.2402236Z                                                                                                                         runnervmfi6oq\runneradmin:(F)
2026-10-10T07:32:50.2404014Z                                                                                                                         runnervmfi6oq\runneradmin:(OI)(CI)(IO)(F)
2026-10-10T07:32:50.2404479Z         
2026-10-10T07:32:50.2404848Z         Successfully processed 1 files; Failed processing 0 files
2026-10-10T07:32:50.2405700Z     production_windows_test.go:59: icacls "C:\\Users\\RUNNER~1\\AppData\\Local\\Temp\\TestAC3ProductionDataRootIsPrivateEndToEnd1797418725\\001\\root\\data\\secrets\\endtoend"
2026-10-10T07:32:50.2406823Z         C:\Users\RUNNER~1\AppData\Local\Temp\TestAC3ProductionDataRootIsPrivateEndToEnd1797418725\001\root\data\secrets\endtoend NT AUTHORITY\SYSTEM:(F)
2026-10-10T07:32:50.2409448Z                                                                                                                                  BUILTIN\Administrators:(F)
2026-10-10T07:32:50.2411373Z                                                                                                                                  runnervmfi6oq\runneradmin:(F)
2026-10-10T07:32:50.2411785Z         
2026-10-10T07:32:50.2412207Z         Successfully processed 1 files; Failed processing 0 files
2026-10-10T07:32:50.2412982Z     production_windows_test.go:59: icacls "C:\\Users\\RUNNER~1\\AppData\\Local\\Temp\\TestAC3ProductionDataRootIsPrivateEndToEnd1797418725\\001\\root\\data\\backup"
2026-10-10T07:32:50.2414063Z         C:\Users\RUNNER~1\AppData\Local\Temp\TestAC3ProductionDataRootIsPrivateEndToEnd1797418725\001\root\data\backup NT AUTHORITY\SYSTEM:(F)
2026-10-10T07:32:50.2415954Z                                                                                                                        NT AUTHORITY\SYSTEM:(OI)(CI)(IO)(F)
2026-10-10T07:32:50.2417523Z                                                                                                                        BUILTIN\Administrators:(F)
2026-10-10T07:32:50.2419611Z                                                                                                                        BUILTIN\Administrators:(OI)(CI)(IO)(F)
2026-10-10T07:32:50.2421378Z                                                                                                                        runnervmfi6oq\runneradmin:(F)
2026-10-10T07:32:50.2423175Z                                                                                                                        runnervmfi6oq\runneradmin:(OI)(CI)(IO)(F)
2026-10-10T07:32:50.2423590Z         
2026-10-10T07:32:50.2424012Z         Successfully processed 1 files; Failed processing 0 files
2026-10-10T07:32:50.2424934Z     production_windows_test.go:59: icacls "C:\\Users\\RUNNER~1\\AppData\\Local\\Temp\\TestAC3ProductionDataRootIsPrivateEndToEnd1797418725\\001\\root\\data\\backup\\wisp.db.bak-0-1"
2026-10-10T07:32:50.2427412Z         C:\Users\RUNNER~1\AppData\Local\Temp\TestAC3ProductionDataRootIsPrivateEndToEnd1797418725\001\root\data\backup\wisp.db.bak-0-1 NT AUTHORITY\SYSTEM:(F)
2026-10-10T07:32:50.2430728Z                                                                                                                                        BUILTIN\Administrators:(F)
2026-10-10T07:32:50.2432821Z                                                                                                                                        runnervmfi6oq\runneradmin:(F)
2026-10-10T07:32:50.2433306Z         
2026-10-10T07:32:50.2433970Z         Successfully processed 1 files; Failed processing 0 files
2026-10-10T07:32:50.2435377Z     production_windows_test.go:59: icacls "C:\\Users\\RUNNER~1\\AppData\\Local\\Temp\\TestAC3ProductionDataRootIsPrivateEndToEnd1797418725\\001\\root\\data\\backup\\wisp.db.bak-1-2"
2026-10-10T07:32:50.2436672Z         C:\Users\RUNNER~1\AppData\Local\Temp\TestAC3ProductionDataRootIsPrivateEndToEnd1797418725\001\root\data\backup\wisp.db.bak-1-2 NT AUTHORITY\SYSTEM:(I)(F)
2026-10-10T07:32:50.2439171Z                                                                                                                                        BUILTIN\Administrators:(I)(F)
2026-10-10T07:32:50.2441219Z                                                                                                                                        runnervmfi6oq\runneradmin:(I)(F)
2026-10-10T07:32:50.2441659Z         
2026-10-10T07:32:50.2442040Z         Successfully processed 1 files; Failed processing 0 files
2026-10-10T07:32:50.2443027Z     production_windows_test.go:59: icacls "C:\\Users\\RUNNER~1\\AppData\\Local\\Temp\\TestAC3ProductionDataRootIsPrivateEndToEnd1797418725\\001\\root\\data\\artifacts"
2026-10-10T07:32:50.2444267Z         C:\Users\RUNNER~1\AppData\Local\Temp\TestAC3ProductionDataRootIsPrivateEndToEnd1797418725\001\root\data\artifacts NT AUTHORITY\SYSTEM:(F)
2026-10-10T07:32:50.2446418Z                                                                                                                           NT AUTHORITY\SYSTEM:(OI)(CI)(IO)(F)
2026-10-10T07:32:50.2448182Z                                                                                                                           BUILTIN\Administrators:(F)
2026-10-10T07:32:50.2450012Z                                                                                                                           BUILTIN\Administrators:(OI)(CI)(IO)(F)
2026-10-10T07:32:50.2451718Z                                                                                                                           runnervmfi6oq\runneradmin:(F)
2026-10-10T07:32:50.2454363Z                                                                                                                           runnervmfi6oq\runneradmin:(OI)(CI)(IO)(F)
2026-10-10T07:32:50.2455009Z         
2026-10-10T07:32:50.2455526Z         Successfully processed 1 files; Failed processing 0 files
2026-10-10T07:32:50.2456877Z     production_windows_test.go:59: sweep checked 8 entries under C:\Users\RUNNER~1\AppData\Local\Temp\TestAC3ProductionDataRootIsPrivateEndToEnd1797418725\001\root\data, all private
2026-10-10T07:32:50.2457986Z --- PASS: TestAC3ProductionDataRootIsPrivateEndToEnd (0.21s)
2026-10-10T07:32:50.2458561Z === RUN   TestC26PipelineIsWiredIntoWinsec
2026-10-10T07:32:50.2460254Z     resolve_windows_test.go:40: junction built: C:\Users\RUNNER~1\AppData\Local\Temp\TestC26PipelineIsWiredIntoWinsec421365699\001\link -> C:\Users\RUNNER~1\AppData\Local\Temp\TestC26PipelineIsWiredIntoWinsec421365699\001\target
2026-10-10T07:32:50.2461713Z --- PASS: TestC26PipelineIsWiredIntoWinsec (0.01s)
2026-10-10T07:32:50.2462318Z === RUN   TestAC3JunctionInputIsRefusedNotSealed
2026-10-10T07:32:50.2463568Z     resolve_windows_test.go:75: icacls "C:\\Users\\RUNNER~1\\AppData\\Local\\Temp\\TestAC3JunctionInputIsRefusedNotSealed2884413179\\001\\someone-elses-tree\\artifacts"
2026-10-10T07:32:50.2465220Z         C:\Users\RUNNER~1\AppData\Local\Temp\TestAC3JunctionInputIsRefusedNotSealed2884413179\001\someone-elses-tree\artifacts Everyone:(I)(OI)(CI)(RX)
2026-10-10T07:32:50.2467620Z                                                                                                                                NT AUTHORITY\SYSTEM:(I)(OI)(CI)(F)
2026-10-10T07:32:50.2469879Z                                                                                                                                BUILTIN\Administrators:(I)(OI)(CI)(F)
2026-10-10T07:32:50.2471965Z                                                                                                                                runnervmfi6oq\runneradmin:(I)(OI)(CI)(F)
2026-10-10T07:32:50.2472371Z         
2026-10-10T07:32:50.2472772Z         Successfully processed 1 files; Failed processing 0 files
2026-10-10T07:32:50.2473587Z     resolve_windows_test.go:79: icacls "C:\\Users\\RUNNER~1\\AppData\\Local\\Temp\\TestAC3JunctionInputIsRefusedNotSealed2884413179\\001\\someone-elses-tree"
2026-10-10T07:32:50.2474963Z         C:\Users\RUNNER~1\AppData\Local\Temp\TestAC3JunctionInputIsRefusedNotSealed2884413179\001\someone-elses-tree Everyone:(OI)(CI)(RX)
2026-10-10T07:32:50.2477262Z                                                                                                                      NT AUTHORITY\SYSTEM:(OI)(CI)(F)
2026-10-10T07:32:50.2479866Z                                                                                                                      BUILTIN\Administrators:(OI)(CI)(F)
2026-10-10T07:32:50.2481937Z                                                                                                                      runnervmfi6oq\runneradmin:(OI)(CI)(F)
2026-10-10T07:32:50.2482409Z         
2026-10-10T07:32:50.2482985Z         Successfully processed 1 files; Failed processing 0 files
2026-10-10T07:32:50.2485073Z     resolve_windows_test.go:86: junction built: C:\Users\RUNNER~1\AppData\Local\Temp\TestAC3JunctionInputIsRefusedNotSealed2884413179\002\data\link -> C:\Users\RUNNER~1\AppData\Local\Temp\TestAC3JunctionInputIsRefusedNotSealed2884413179\001\someone-elses-tree
2026-10-10T07:32:50.2486398Z === RUN   TestAC3JunctionInputIsRefusedNotSealed/existing_directory_behind_the_link
2026-10-10T07:32:50.2487287Z     resolve_windows_test.go:92: icacls "C:\\Users\\RUNNER~1\\AppData\\Local\\Temp\\TestAC3JunctionInputIsRefusedNotSealed2884413179\\001\\someone-elses-tree\\artifacts"
2026-10-10T07:32:50.2488428Z         C:\Users\RUNNER~1\AppData\Local\Temp\TestAC3JunctionInputIsRefusedNotSealed2884413179\001\someone-elses-tree\artifacts Everyone:(I)(OI)(CI)(RX)
2026-10-10T07:32:50.2491270Z                                                                                                                                NT AUTHORITY\SYSTEM:(I)(OI)(CI)(F)
2026-10-10T07:32:50.2493466Z                                                                                                                                BUILTIN\Administrators:(I)(OI)(CI)(F)
2026-10-10T07:32:50.2495875Z                                                                                                                                runnervmfi6oq\runneradmin:(I)(OI)(CI)(F)
2026-10-10T07:32:50.2496306Z         
2026-10-10T07:32:50.2496672Z         Successfully processed 1 files; Failed processing 0 files
2026-10-10T07:32:50.2497691Z     resolve_windows_test.go:92: icacls "C:\\Users\\RUNNER~1\\AppData\\Local\\Temp\\TestAC3JunctionInputIsRefusedNotSealed2884413179\\001\\someone-elses-tree"
2026-10-10T07:32:50.2498719Z         C:\Users\RUNNER~1\AppData\Local\Temp\TestAC3JunctionInputIsRefusedNotSealed2884413179\001\someone-elses-tree Everyone:(OI)(CI)(RX)
2026-10-10T07:32:50.2501027Z                                                                                                                      NT AUTHORITY\SYSTEM:(OI)(CI)(F)
2026-10-10T07:32:50.2503776Z                                                                                                                      BUILTIN\Administrators:(OI)(CI)(F)
2026-10-10T07:32:50.2506490Z                                                                                                                      runnervmfi6oq\runneradmin:(OI)(CI)(F)
2026-10-10T07:32:50.2507121Z         
2026-10-10T07:32:50.2507745Z         Successfully processed 1 files; Failed processing 0 files
2026-10-10T07:32:50.2508603Z === RUN   TestAC3JunctionInputIsRefusedNotSealed/missing_directory_under_the_link
2026-10-10T07:32:50.2509516Z === RUN   TestAC3JunctionInputIsRefusedNotSealed/with_only_the_built-in_verifier
2026-10-10T07:32:50.2510848Z     resolve_windows_test.go:119: icacls "C:\\Users\\RUNNER~1\\AppData\\Local\\Temp\\TestAC3JunctionInputIsRefusedNotSealed2884413179\\001\\someone-elses-tree\\artifacts"
2026-10-10T07:32:50.2512505Z         C:\Users\RUNNER~1\AppData\Local\Temp\TestAC3JunctionInputIsRefusedNotSealed2884413179\001\someone-elses-tree\artifacts Everyone:(I)(OI)(CI)(RX)
2026-10-10T07:32:50.2515976Z                                                                                                                                NT AUTHORITY\SYSTEM:(I)(OI)(CI)(F)
2026-10-10T07:32:50.2518868Z                                                                                                                                BUILTIN\Administrators:(I)(OI)(CI)(F)
2026-10-10T07:32:50.2522063Z                                                                                                                                runnervmfi6oq\runneradmin:(I)(OI)(CI)(F)
2026-10-10T07:32:50.2522703Z         
2026-10-10T07:32:50.2523222Z         Successfully processed 1 files; Failed processing 0 files
2026-10-10T07:32:50.2524572Z     resolve_windows_test.go:119: icacls "C:\\Users\\RUNNER~1\\AppData\\Local\\Temp\\TestAC3JunctionInputIsRefusedNotSealed2884413179\\001\\someone-elses-tree"
2026-10-10T07:32:50.2526455Z         C:\Users\RUNNER~1\AppData\Local\Temp\TestAC3JunctionInputIsRefusedNotSealed2884413179\001\someone-elses-tree Everyone:(OI)(CI)(RX)
2026-10-10T07:32:50.2529212Z                                                                                                                      NT AUTHORITY\SYSTEM:(OI)(CI)(F)
2026-10-10T07:32:50.2531712Z                                                                                                                      BUILTIN\Administrators:(OI)(CI)(F)
2026-10-10T07:32:50.2535279Z                                                                                                                      runnervmfi6oq\runneradmin:(OI)(CI)(F)
2026-10-10T07:32:50.2535919Z         
2026-10-10T07:32:50.2536556Z         Successfully processed 1 files; Failed processing 0 files
2026-10-10T07:32:50.2538796Z time=2026-10-10T07:32:48.531Z level=WARN msg="winsec: seal cleared principals that stood on this object" path=C:\Users\runneradmin\AppData\Local\Temp\TestAC3JunctionInputIsRefusedNotSealed2884413179\001\someone-elses-tree\artifacts kind=inherited cleared="" cleared_inherited=S-1-1-0(A;OICIID;0x1200a9;;;WD) policy="winsec owns the grants on this tree; out-of-band ACEs are removed at the next seal"
2026-10-10T07:32:50.2540984Z === NAME  TestAC3JunctionInputIsRefusedNotSealed
2026-10-10T07:32:50.2542386Z     resolve_windows_test.go:132: icacls "C:\\Users\\RUNNER~1\\AppData\\Local\\Temp\\TestAC3JunctionInputIsRefusedNotSealed2884413179\\001\\someone-elses-tree\\artifacts"
2026-10-10T07:32:50.2545180Z         C:\Users\RUNNER~1\AppData\Local\Temp\TestAC3JunctionInputIsRefusedNotSealed2884413179\001\someone-elses-tree\artifacts NT AUTHORITY\SYSTEM:(F)
2026-10-10T07:32:50.2548837Z                                                                                                                                NT AUTHORITY\SYSTEM:(OI)(CI)(IO)(F)
2026-10-10T07:32:50.2551859Z                                                                                                                                BUILTIN\Administrators:(F)
2026-10-10T07:32:50.2555556Z                                                                                                                                BUILTIN\Administrators:(OI)(CI)(IO)(F)
2026-10-10T07:32:50.2558614Z                                                                                                                                runnervmfi6oq\runneradmin:(F)
2026-10-10T07:32:50.2561767Z                                                                                                                                runnervmfi6oq\runneradmin:(OI)(CI)(IO)(F)
2026-10-10T07:32:50.2562355Z         
2026-10-10T07:32:50.2562884Z         Successfully processed 1 files; Failed processing 0 files
2026-10-10T07:32:50.2563583Z --- PASS: TestAC3JunctionInputIsRefusedNotSealed (0.10s)
2026-10-10T07:32:50.2564426Z     --- PASS: TestAC3JunctionInputIsRefusedNotSealed/existing_directory_behind_the_link (0.02s)
2026-10-10T07:32:50.2565462Z     --- PASS: TestAC3JunctionInputIsRefusedNotSealed/missing_directory_under_the_link (0.00s)
2026-10-10T07:32:50.2566501Z     --- PASS: TestAC3JunctionInputIsRefusedNotSealed/with_only_the_built-in_verifier (0.02s)
2026-10-10T07:32:50.2567395Z === RUN   TestAC1SeamCannotBeFreedThenGivenATreeMovingFake
2026-10-10T07:32:50.2568251Z     seam_bypass_108_windows_test.go:99: incumbent before the freeing step: risk.c26Pipeline
2026-10-10T07:32:50.2569562Z     seam_bypass_108_windows_test.go:101: icacls "C:\\Users\\RUNNER~1\\AppData\\Local\\Temp\\TestAC1SeamCannotBeFreedThenGivenATreeMovingFake4110357268\\001\\victim"
2026-10-10T07:32:50.2571352Z         C:\Users\RUNNER~1\AppData\Local\Temp\TestAC1SeamCannotBeFreedThenGivenATreeMovingFake4110357268\001\victim Everyone:(OI)(CI)(RX)
2026-10-10T07:32:50.2573646Z                                                                                                                    NT AUTHORITY\SYSTEM:(OI)(CI)(F)
2026-10-10T07:32:50.2575809Z                                                                                                                    BUILTIN\Administrators:(OI)(CI)(F)
2026-10-10T07:32:50.2577703Z                                                                                                                    runnervmfi6oq\runneradmin:(OI)(CI)(F)
2026-10-10T07:32:50.2578114Z         
2026-10-10T07:32:50.2578504Z         Successfully processed 1 files; Failed processing 0 files
2026-10-10T07:32:50.2579503Z     seam_bypass_108_windows_test.go:101: victim DACL before: sids=[S-1-1-0 S-1-5-18 S-1-5-32-544 S-1-5-21-1643835476-1616584234-1346609752-500] names=[Everyone NT AUTHORITY\SYSTEM BUILTIN\Administrators runnervmfi6oq\runneradmin]
2026-10-10T07:32:50.2580848Z     seam_bypass_108_windows_test.go:103: icacls "C:\\Users\\RUNNER~1\\AppData\\Local\\Temp\\TestAC1SeamCannotBeFreedThenGivenATreeMovingFake4110357268\\001\\victim\\sub\\keep-me.txt"
2026-10-10T07:32:50.2581989Z         C:\Users\RUNNER~1\AppData\Local\Temp\TestAC1SeamCannotBeFreedThenGivenATreeMovingFake4110357268\001\victim\sub\keep-me.txt Everyone:(I)(RX)
2026-10-10T07:32:50.2584059Z                                                                                                                                    BUILTIN\Administrators:(I)(F)
2026-10-10T07:32:50.2586451Z                                                                                                                                    NT AUTHORITY\SYSTEM:(I)(F)
2026-10-10T07:32:50.2589720Z                                                                                                                                    runnervmfi6oq\runneradmin:(I)(F)
2026-10-10T07:32:50.2590428Z         
2026-10-10T07:32:50.2591028Z         Successfully processed 1 files; Failed processing 0 files
2026-10-10T07:32:50.2592540Z     seam_bypass_108_windows_test.go:104: foreign file DACL before: sids=[S-1-1-0 S-1-5-32-544 S-1-5-18 S-1-5-21-1643835476-1616584234-1346609752-500] names=[Everyone BUILTIN\Administrators NT AUTHORITY\SYSTEM runnervmfi6oq\runneradmin]
2026-10-10T07:32:50.2595449Z     seam_bypass_108_windows_test.go:110: icacls "C:\\Users\\RUNNER~1\\AppData\\Local\\Temp\\TestAC1SeamCannotBeFreedThenGivenATreeMovingFake4110357268\\002\\data\\blob.bin"
2026-10-10T07:32:50.2597186Z         C:\Users\RUNNER~1\AppData\Local\Temp\TestAC1SeamCannotBeFreedThenGivenATreeMovingFake4110357268\002\data\blob.bin Everyone:(RX)
2026-10-10T07:32:50.2600173Z                                                                                                                           BUILTIN\Administrators:(F)
2026-10-10T07:32:50.2603872Z                                                                                                                           NT AUTHORITY\SYSTEM:(F)
2026-10-10T07:32:50.2607127Z                                                                                                                           runnervmfi6oq\runneradmin:(F)
2026-10-10T07:32:50.2607772Z         
2026-10-10T07:32:50.2608344Z         Successfully processed 1 files; Failed processing 0 files
2026-10-10T07:32:50.2610032Z     seam_bypass_108_windows_test.go:110: our wide file blob.bin: sids=[S-1-1-0 S-1-5-32-544 S-1-5-18 S-1-5-21-1643835476-1616584234-1346609752-500] names=[Everyone BUILTIN\Administrators NT AUTHORITY\SYSTEM runnervmfi6oq\runneradmin]
2026-10-10T07:32:50.2612005Z     seam_bypass_108_windows_test.go:111: icacls "C:\\Users\\RUNNER~1\\AppData\\Local\\Temp\\TestAC1SeamCannotBeFreedThenGivenATreeMovingFake4110357268\\002\\data\\blob.bin"
2026-10-10T07:32:50.2614084Z         C:\Users\RUNNER~1\AppData\Local\Temp\TestAC1SeamCannotBeFreedThenGivenATreeMovingFake4110357268\002\data\blob.bin Everyone:(RX)
2026-10-10T07:32:50.2617195Z                                                                                                                           BUILTIN\Administrators:(F)
2026-10-10T07:32:50.2621756Z                                                                                                                           NT AUTHORITY\SYSTEM:(F)
2026-10-10T07:32:50.2625362Z                                                                                                                           runnervmfi6oq\runneradmin:(F)
2026-10-10T07:32:50.2626056Z         
2026-10-10T07:32:50.2626635Z         Successfully processed 1 files; Failed processing 0 files
2026-10-10T07:32:50.2627440Z     seam_bypass_108_windows_test.go:140: SealFile through the kept seam: <nil>
2026-10-10T07:32:50.2628943Z     seam_bypass_108_windows_test.go:142: icacls "C:\\Users\\RUNNER~1\\AppData\\Local\\Temp\\TestAC1SeamCannotBeFreedThenGivenATreeMovingFake4110357268\\001\\victim\\sub\\keep-me.txt"
2026-10-10T07:32:50.2630646Z         C:\Users\RUNNER~1\AppData\Local\Temp\TestAC1SeamCannotBeFreedThenGivenATreeMovingFake4110357268\001\victim\sub\keep-me.txt Everyone:(I)(RX)
2026-10-10T07:32:50.2634252Z                                                                                                                                    BUILTIN\Administrators:(I)(F)
2026-10-10T07:32:50.2637171Z                                                                                                                                    NT AUTHORITY\SYSTEM:(I)(F)
2026-10-10T07:32:50.2640723Z                                                                                                                                    runnervmfi6oq\runneradmin:(I)(F)
2026-10-10T07:32:50.2641411Z         
2026-10-10T07:32:50.2641977Z         Successfully processed 1 files; Failed processing 0 files
2026-10-10T07:32:50.2645200Z     seam_bypass_108_windows_test.go:143: foreign file DACL after:  sids=[S-1-1-0 S-1-5-32-544 S-1-5-18 S-1-5-21-1643835476-1616584234-1346609752-500] names=[Everyone BUILTIN\Administrators NT AUTHORITY\SYSTEM runnervmfi6oq\runneradmin]
2026-10-10T07:32:50.2647165Z     seam_bypass_108_windows_test.go:154: icacls "C:\\Users\\RUNNER~1\\AppData\\Local\\Temp\\TestAC1SeamCannotBeFreedThenGivenATreeMovingFake4110357268\\002\\data\\blob.bin"
2026-10-10T07:32:50.2648881Z         C:\Users\RUNNER~1\AppData\Local\Temp\TestAC1SeamCannotBeFreedThenGivenATreeMovingFake4110357268\002\data\blob.bin NT AUTHORITY\SYSTEM:(F)
2026-10-10T07:32:50.2651750Z                                                                                                                           BUILTIN\Administrators:(F)
2026-10-10T07:32:50.2655512Z                                                                                                                           runnervmfi6oq\runneradmin:(F)
2026-10-10T07:32:50.2656236Z         
2026-10-10T07:32:50.2656806Z         Successfully processed 1 files; Failed processing 0 files
2026-10-10T07:32:50.2659731Z     seam_bypass_108_windows_test.go:160: our own blob DACL changed as asked: before=[S-1-1-0 S-1-5-32-544 S-1-5-18 S-1-5-21-1643835476-1616584234-1346609752-500] after=[S-1-5-18 S-1-5-32-544 S-1-5-21-1643835476-1616584234-1346609752-500]
2026-10-10T07:32:50.2662285Z     seam_bypass_108_windows_test.go:162: icacls "C:\\Users\\RUNNER~1\\AppData\\Local\\Temp\\TestAC1SeamCannotBeFreedThenGivenATreeMovingFake4110357268\\001\\victim"
2026-10-10T07:32:50.2663960Z         C:\Users\RUNNER~1\AppData\Local\Temp\TestAC1SeamCannotBeFreedThenGivenATreeMovingFake4110357268\001\victim Everyone:(OI)(CI)(RX)
2026-10-10T07:32:50.2666823Z                                                                                                                    NT AUTHORITY\SYSTEM:(OI)(CI)(F)
2026-10-10T07:32:50.2669406Z                                                                                                                    BUILTIN\Administrators:(OI)(CI)(F)
2026-10-10T07:32:50.2672189Z                                                                                                                    runnervmfi6oq\runneradmin:(OI)(CI)(F)
2026-10-10T07:32:50.2672780Z         
2026-10-10T07:32:50.2673677Z         Successfully processed 1 files; Failed processing 0 files
2026-10-10T07:32:50.2675066Z     seam_bypass_108_windows_test.go:166: icacls "C:\\Users\\RUNNER~1\\AppData\\Local\\Temp\\TestAC1SeamCannotBeFreedThenGivenATreeMovingFake4110357268\\001\\victim\\sub\\keep-me.txt"
2026-10-10T07:32:50.2677029Z         C:\Users\RUNNER~1\AppData\Local\Temp\TestAC1SeamCannotBeFreedThenGivenATreeMovingFake4110357268\001\victim\sub\keep-me.txt Everyone:(I)(RX)
2026-10-10T07:32:50.2680196Z                                                                                                                                    BUILTIN\Administrators:(I)(F)
2026-10-10T07:32:50.2683066Z                                                                                                                                    NT AUTHORITY\SYSTEM:(I)(F)
2026-10-10T07:32:50.2686033Z                                                                                                                                    runnervmfi6oq\runneradmin:(I)(F)
2026-10-10T07:32:50.2686637Z         
2026-10-10T07:32:50.2687173Z         Successfully processed 1 files; Failed processing 0 files
2026-10-10T07:32:50.2687864Z     seam_bypass_108_windows_test.go:166: icacls(foreign) after:
2026-10-10T07:32:50.2689140Z         C:\Users\RUNNER~1\AppData\Local\Temp\TestAC1SeamCannotBeFreedThenGivenATreeMovingFake4110357268\001\victim\sub\keep-me.txt Everyone:(I)(RX)
2026-10-10T07:32:50.2692338Z                                                                                                                                    BUILTIN\Administrators:(I)(F)
2026-10-10T07:32:50.2695461Z                                                                                                                                    NT AUTHORITY\SYSTEM:(I)(F)
2026-10-10T07:32:50.2698645Z                                                                                                                                    runnervmfi6oq\runneradmin:(I)(F)
2026-10-10T07:32:50.2699284Z         
2026-10-10T07:32:50.2699846Z         Successfully processed 1 files; Failed processing 0 files
2026-10-10T07:32:50.2701060Z     seam_bypass_108_windows_test.go:167: icacls "C:\\Users\\RUNNER~1\\AppData\\Local\\Temp\\TestAC1SeamCannotBeFreedThenGivenATreeMovingFake4110357268\\002\\data\\blob.bin"
2026-10-10T07:32:50.2702709Z         C:\Users\RUNNER~1\AppData\Local\Temp\TestAC1SeamCannotBeFreedThenGivenATreeMovingFake4110357268\002\data\blob.bin NT AUTHORITY\SYSTEM:(F)
2026-10-10T07:32:50.2705626Z                                                                                                                           BUILTIN\Administrators:(F)
2026-10-10T07:32:50.2708349Z                                                                                                                           runnervmfi6oq\runneradmin:(F)
2026-10-10T07:32:50.2708922Z         
2026-10-10T07:32:50.2709526Z         Successfully processed 1 files; Failed processing 0 files
2026-10-10T07:32:50.2710211Z     seam_bypass_108_windows_test.go:167: icacls(blob) after:
2026-10-10T07:32:50.2711335Z         C:\Users\RUNNER~1\AppData\Local\Temp\TestAC1SeamCannotBeFreedThenGivenATreeMovingFake4110357268\002\data\blob.bin NT AUTHORITY\SYSTEM:(F)
2026-10-10T07:32:50.2714420Z                                                                                                                           BUILTIN\Administrators:(F)
2026-10-10T07:32:50.2717192Z                                                                                                                           runnervmfi6oq\runneradmin:(F)
2026-10-10T07:32:50.2717819Z         
2026-10-10T07:32:50.2718321Z         Successfully processed 1 files; Failed processing 0 files
2026-10-10T07:32:50.2719012Z --- PASS: TestAC1SeamCannotBeFreedThenGivenATreeMovingFake (0.12s)
2026-10-10T07:32:50.2719673Z === RUN   TestAC4TreeOwnershipIsPartOfTheConformanceContract
2026-10-10T07:32:50.2720925Z     seam_bypass_108_windows_test.go:178: icacls "C:\\Users\\RUNNER~1\\AppData\\Local\\Temp\\TestAC4TreeOwnershipIsPartOfTheConformanceContract619343790\\001\\victim"
2026-10-10T07:32:50.2722519Z         C:\Users\RUNNER~1\AppData\Local\Temp\TestAC4TreeOwnershipIsPartOfTheConformanceContract619343790\001\victim Everyone:(OI)(CI)(RX)
2026-10-10T07:32:50.2725410Z                                                                                                                     NT AUTHORITY\SYSTEM:(OI)(CI)(F)
2026-10-10T07:32:50.2727970Z                                                                                                                     BUILTIN\Administrators:(OI)(CI)(F)
2026-10-10T07:32:50.2730708Z                                                                                                                     runnervmfi6oq\runneradmin:(OI)(CI)(F)
2026-10-10T07:32:50.2731343Z         
2026-10-10T07:32:50.2731880Z         Successfully processed 1 files; Failed processing 0 files
2026-10-10T07:32:50.2733324Z     seam_bypass_108_windows_test.go:178: victim DACL before: sids=[S-1-1-0 S-1-5-18 S-1-5-32-544 S-1-5-21-1643835476-1616584234-1346609752-500] names=[Everyone NT AUTHORITY\SYSTEM BUILTIN\Administrators runnervmfi6oq\runneradmin]
2026-10-10T07:32:50.2735635Z     seam_bypass_108_windows_test.go:180: icacls "C:\\Users\\RUNNER~1\\AppData\\Local\\Temp\\TestAC4TreeOwnershipIsPartOfTheConformanceContract619343790\\001\\victim\\sub\\keep-me.txt"
2026-10-10T07:32:50.2737363Z         C:\Users\RUNNER~1\AppData\Local\Temp\TestAC4TreeOwnershipIsPartOfTheConformanceContract619343790\001\victim\sub\keep-me.txt Everyone:(I)(RX)
2026-10-10T07:32:50.2740598Z                                                                                                                                     BUILTIN\Administrators:(I)(F)
2026-10-10T07:32:50.2743746Z                                                                                                                                     NT AUTHORITY\SYSTEM:(I)(F)
2026-10-10T07:32:50.2746773Z                                                                                                                                     runnervmfi6oq\runneradmin:(I)(F)
2026-10-10T07:32:50.2747427Z         
2026-10-10T07:32:50.2747955Z         Successfully processed 1 files; Failed processing 0 files
2026-10-10T07:32:50.2748799Z     seam_bypass_108_windows_test.go:192: the tree-moving fake was refused; seam stayed <floor>
2026-10-10T07:32:50.2750308Z     seam_bypass_108_windows_test.go:198: icacls "C:\\Users\\RUNNER~1\\AppData\\Local\\Temp\\TestAC4TreeOwnershipIsPartOfTheConformanceContract619343790\\001\\victim\\sub\\keep-me.txt"
2026-10-10T07:32:50.2752760Z         C:\Users\RUNNER~1\AppData\Local\Temp\TestAC4TreeOwnershipIsPartOfTheConformanceContract619343790\001\victim\sub\keep-me.txt Everyone:(I)(RX)
2026-10-10T07:32:50.2756382Z                                                                                                                                     BUILTIN\Administrators:(I)(F)
2026-10-10T07:32:50.2759927Z                                                                                                                                     NT AUTHORITY\SYSTEM:(I)(F)
2026-10-10T07:32:50.2762686Z                                                                                                                                     runnervmfi6oq\runneradmin:(I)(F)
2026-10-10T07:32:50.2763261Z         
2026-10-10T07:32:50.2763777Z         Successfully processed 1 files; Failed processing 0 files
2026-10-10T07:32:50.2764501Z --- PASS: TestAC4TreeOwnershipIsPartOfTheConformanceContract (0.05s)
2026-10-10T07:32:50.2765242Z === RUN   TestAC4ResolverThatCannotAccountForItsTreeCannotSealAnything
2026-10-10T07:32:50.2767445Z     seam_bypass_108_windows_test.go:222: PrivateDirAll refused as: winsec: refusing to seal C:\Users\RUNNER~1\AppData\Local\Temp\TestAC4ResolverThatCannotAccountForItsTreeCannotSealAnything2555277272\001\data: winsec: path is not provably resolved, refusing to seal: winsec_test.unaccountedResolver108 does not implement RewriteAccounted
2026-10-10T07:32:50.2770741Z     seam_bypass_108_windows_test.go:231: SealFile refused as: winsec: refusing to seal C:\Users\RUNNER~1\AppData\Local\Temp\TestAC4ResolverThatCannotAccountForItsTreeCannotSealAnything2555277272\002\blob.bin: winsec: path is not provably resolved, refusing to seal: winsec_test.unaccountedResolver108 does not implement RewriteAccounted
2026-10-10T07:32:50.2773450Z --- PASS: TestAC4ResolverThatCannotAccountForItsTreeCannotSealAnything (0.00s)
2026-10-10T07:32:50.2774201Z === RUN   TestAC3PlacementFloorHoldsForEverySeparatorSpelling
2026-10-10T07:32:50.2774958Z === RUN   TestAC3PlacementFloorHoldsForEverySeparatorSpelling/native-backslash
2026-10-10T07:32:50.2776370Z     seam_bypass_108_windows_test.go:247: icacls "C:\\Users\\RUNNER~1\\AppData\\Local\\Temp\\TestAC3PlacementFloorHoldsForEverySeparatorSpellingnative-backs3748777865\\001\\victim"
2026-10-10T07:32:50.2778141Z         C:\Users\RUNNER~1\AppData\Local\Temp\TestAC3PlacementFloorHoldsForEverySeparatorSpellingnative-backs3748777865\001\victim Everyone:(OI)(CI)(RX)
2026-10-10T07:32:50.2781444Z                                                                                                                                   NT AUTHORITY\SYSTEM:(OI)(CI)(F)
2026-10-10T07:32:50.2784402Z                                                                                                                                   BUILTIN\Administrators:(OI)(CI)(F)
2026-10-10T07:32:50.2787704Z                                                                                                                                   runnervmfi6oq\runneradmin:(OI)(CI)(F)
2026-10-10T07:32:50.2788439Z         
2026-10-10T07:32:50.2788958Z         Successfully processed 1 files; Failed processing 0 files
2026-10-10T07:32:50.2790710Z     seam_bypass_108_windows_test.go:247: victim DACL before: sids=[S-1-1-0 S-1-5-18 S-1-5-32-544 S-1-5-21-1643835476-1616584234-1346609752-500] names=[Everyone NT AUTHORITY\SYSTEM BUILTIN\Administrators runnervmfi6oq\runneradmin]
2026-10-10T07:32:50.2793306Z     seam_bypass_108_windows_test.go:256: fixture: own=C:\Users\RUNNER~1\AppData\Local\Temp\TestAC3PlacementFloorHoldsForEverySeparatorSpellingnative-backs3748777865\002\data seam=<floor>
2026-10-10T07:32:50.2796235Z     seam_bypass_108_windows_test.go:257: mklink /J link -> victim: Junction created for C:\Users\RUNNER~1\AppData\Local\Temp\TestAC3PlacementFloorHoldsForEverySeparatorSpellingnative-backs3748777865\002\data\link <<===>> C:\Users\RUNNER~1\AppData\Local\Temp\TestAC3PlacementFloorHoldsForEverySeparatorSpellingnative-backs3748777865\001\victim
2026-10-10T07:32:50.2798933Z     seam_bypass_108_windows_test.go:257: junction in place: C:\Users\RUNNER~1\AppData\Local\Temp\TestAC3PlacementFloorHoldsForEverySeparatorSpellingnative-backs3748777865\002\data\link (attributes 0x410)
2026-10-10T07:32:50.2801008Z     seam_bypass_108_windows_test.go:260: icacls "C:\\Users\\RUNNER~1\\AppData\\Local\\Temp\\TestAC3PlacementFloorHoldsForEverySeparatorSpellingnative-backs3748777865\\002\\data\\link\\sub\\keep-me.txt"
2026-10-10T07:32:50.2802924Z         C:\Users\RUNNER~1\AppData\Local\Temp\TestAC3PlacementFloorHoldsForEverySeparatorSpellingnative-backs3748777865\002\data\link\sub\keep-me.txt Everyone:(I)(RX)
2026-10-10T07:32:50.2806780Z                                                                                                                                                      BUILTIN\Administrators:(I)(F)
2026-10-10T07:32:50.2810210Z                                                                                                                                                      NT AUTHORITY\SYSTEM:(I)(F)
2026-10-10T07:32:50.2814391Z                                                                                                                                                      runnervmfi6oq\runneradmin:(I)(F)
2026-10-10T07:32:50.2815114Z         
2026-10-10T07:32:50.2815736Z         Successfully processed 1 files; Failed processing 0 files
2026-10-10T07:32:50.2818113Z     seam_bypass_108_windows_test.go:261: spelling "C:\\Users\\RUNNER~1\\AppData\\Local\\Temp\\TestAC3PlacementFloorHoldsForEverySeparatorSpellingnative-backs3748777865\\002\\data\\link\\sub\\keep-me.txt": foreign DACL before sids=[S-1-1-0 S-1-5-32-544 S-1-5-18 S-1-5-21-1643835476-1616584234-1346609752-500] names=[Everyone BUILTIN\Administrators NT AUTHORITY\SYSTEM runnervmfi6oq\runneradmin]
2026-10-10T07:32:50.2821328Z     seam_bypass_108_windows_test.go:272: icacls "C:\\Users\\RUNNER~1\\AppData\\Local\\Temp\\TestAC3PlacementFloorHoldsForEverySeparatorSpellingnative-backs3748777865\\002\\data\\link\\sub\\keep-me.txt"
2026-10-10T07:32:50.2823398Z         C:\Users\RUNNER~1\AppData\Local\Temp\TestAC3PlacementFloorHoldsForEverySeparatorSpellingnative-backs3748777865\002\data\link\sub\keep-me.txt Everyone:(I)(RX)
2026-10-10T07:32:50.2827441Z                                                                                                                                                      BUILTIN\Administrators:(I)(F)
2026-10-10T07:32:50.2831478Z                                                                                                                                                      NT AUTHORITY\SYSTEM:(I)(F)
2026-10-10T07:32:50.2835807Z                                                                                                                                                      runnervmfi6oq\runneradmin:(I)(F)
2026-10-10T07:32:50.2836516Z         
2026-10-10T07:32:50.2837140Z         Successfully processed 1 files; Failed processing 0 files
2026-10-10T07:32:50.2840105Z     seam_bypass_108_windows_test.go:273: spelling "C:\\Users\\RUNNER~1\\AppData\\Local\\Temp\\TestAC3PlacementFloorHoldsForEverySeparatorSpellingnative-backs3748777865\\002\\data\\link\\sub\\keep-me.txt": foreign DACL after  sids=[S-1-1-0 S-1-5-32-544 S-1-5-18 S-1-5-21-1643835476-1616584234-1346609752-500] names=[Everyone BUILTIN\Administrators NT AUTHORITY\SYSTEM runnervmfi6oq\runneradmin]
2026-10-10T07:32:50.2842353Z === RUN   TestAC3PlacementFloorHoldsForEverySeparatorSpelling/all-forward-slash
2026-10-10T07:32:50.2843899Z     seam_bypass_108_windows_test.go:247: icacls "C:\\Users\\RUNNER~1\\AppData\\Local\\Temp\\TestAC3PlacementFloorHoldsForEverySeparatorSpellingall-forward-3191553489\\001\\victim"
2026-10-10T07:32:50.2845739Z         C:\Users\RUNNER~1\AppData\Local\Temp\TestAC3PlacementFloorHoldsForEverySeparatorSpellingall-forward-3191553489\001\victim Everyone:(OI)(CI)(RX)
2026-10-10T07:32:50.2849280Z                                                                                                                                   NT AUTHORITY\SYSTEM:(OI)(CI)(F)
2026-10-10T07:32:50.2852579Z                                                                                                                                   BUILTIN\Administrators:(OI)(CI)(F)
2026-10-10T07:32:50.2854795Z                                                                                                                                   runnervmfi6oq\runneradmin:(OI)(CI)(F)
2026-10-10T07:32:50.2855243Z         
2026-10-10T07:32:50.2855667Z         Successfully processed 1 files; Failed processing 0 files
2026-10-10T07:32:50.2856650Z     seam_bypass_108_windows_test.go:247: victim DACL before: sids=[S-1-1-0 S-1-5-18 S-1-5-32-544 S-1-5-21-1643835476-1616584234-1346609752-500] names=[Everyone NT AUTHORITY\SYSTEM BUILTIN\Administrators runnervmfi6oq\runneradmin]
2026-10-10T07:32:50.2858371Z     seam_bypass_108_windows_test.go:256: fixture: own=C:\Users\RUNNER~1\AppData\Local\Temp\TestAC3PlacementFloorHoldsForEverySeparatorSpellingall-forward-3191553489\002\data seam=<floor>
2026-10-10T07:32:50.2860201Z     seam_bypass_108_windows_test.go:257: mklink /J link -> victim: Junction created for C:\Users\RUNNER~1\AppData\Local\Temp\TestAC3PlacementFloorHoldsForEverySeparatorSpellingall-forward-3191553489\002\data\link <<===>> C:\Users\RUNNER~1\AppData\Local\Temp\TestAC3PlacementFloorHoldsForEverySeparatorSpellingall-forward-3191553489\001\victim
2026-10-10T07:32:50.2861966Z     seam_bypass_108_windows_test.go:257: junction in place: C:\Users\RUNNER~1\AppData\Local\Temp\TestAC3PlacementFloorHoldsForEverySeparatorSpellingall-forward-3191553489\002\data\link (attributes 0x410)
2026-10-10T07:32:50.2863487Z     seam_bypass_108_windows_test.go:260: icacls "C:\\Users\\RUNNER~1\\AppData\\Local\\Temp\\TestAC3PlacementFloorHoldsForEverySeparatorSpellingall-forward-3191553489\\002\\data\\link\\sub\\keep-me.txt"
2026-10-10T07:32:50.2864818Z         C:\Users\RUNNER~1\AppData\Local\Temp\TestAC3PlacementFloorHoldsForEverySeparatorSpellingall-forward-3191553489\002\data\link\sub\keep-me.txt Everyone:(I)(RX)
2026-10-10T07:32:50.2867922Z                                                                                                                                                      BUILTIN\Administrators:(I)(F)
2026-10-10T07:32:50.2871382Z                                                                                                                                                      NT AUTHORITY\SYSTEM:(I)(F)
2026-10-10T07:32:50.2875095Z                                                                                                                                                      runnervmfi6oq\runneradmin:(I)(F)
2026-10-10T07:32:50.2875745Z         
2026-10-10T07:32:50.2876313Z         Successfully processed 1 files; Failed processing 0 files
2026-10-10T07:32:50.2879925Z     seam_bypass_108_windows_test.go:261: spelling "C:/Users/RUNNER~1/AppData/Local/Temp/TestAC3PlacementFloorHoldsForEverySeparatorSpellingall-forward-3191553489/002/data/link/sub/keep-me.txt": foreign DACL before sids=[S-1-1-0 S-1-5-32-544 S-1-5-18 S-1-5-21-1643835476-1616584234-1346609752-500] names=[Everyone BUILTIN\Administrators NT AUTHORITY\SYSTEM runnervmfi6oq\runneradmin]
2026-10-10T07:32:50.2883188Z     seam_bypass_108_windows_test.go:272: icacls "C:\\Users\\RUNNER~1\\AppData\\Local\\Temp\\TestAC3PlacementFloorHoldsForEverySeparatorSpellingall-forward-3191553489\\002\\data\\link\\sub\\keep-me.txt"
2026-10-10T07:32:50.2885219Z         C:\Users\RUNNER~1\AppData\Local\Temp\TestAC3PlacementFloorHoldsForEverySeparatorSpellingall-forward-3191553489\002\data\link\sub\keep-me.txt Everyone:(I)(RX)
2026-10-10T07:32:50.2889381Z                                                                                                                                                      BUILTIN\Administrators:(I)(F)
2026-10-10T07:32:50.2892977Z                                                                                                                                                      NT AUTHORITY\SYSTEM:(I)(F)
2026-10-10T07:32:50.2896703Z                                                                                                                                                      runnervmfi6oq\runneradmin:(I)(F)
2026-10-10T07:32:50.2897427Z         
2026-10-10T07:32:50.2898301Z         Successfully processed 1 files; Failed processing 0 files
2026-10-10T07:32:50.2900924Z     seam_bypass_108_windows_test.go:273: spelling "C:/Users/RUNNER~1/AppData/Local/Temp/TestAC3PlacementFloorHoldsForEverySeparatorSpellingall-forward-3191553489/002/data/link/sub/keep-me.txt": foreign DACL after  sids=[S-1-1-0 S-1-5-32-544 S-1-5-18 S-1-5-21-1643835476-1616584234-1346609752-500] names=[Everyone BUILTIN\Administrators NT AUTHORITY\SYSTEM runnervmfi6oq\runneradmin]
2026-10-10T07:32:50.2903148Z === RUN   TestAC3PlacementFloorHoldsForEverySeparatorSpelling/mixed-separators
2026-10-10T07:32:50.2904593Z     seam_bypass_108_windows_test.go:247: icacls "C:\\Users\\RUNNER~1\\AppData\\Local\\Temp\\TestAC3PlacementFloorHoldsForEverySeparatorSpellingmixed-separa3937741168\\001\\victim"
2026-10-10T07:32:50.2906544Z         C:\Users\RUNNER~1\AppData\Local\Temp\TestAC3PlacementFloorHoldsForEverySeparatorSpellingmixed-separa3937741168\001\victim Everyone:(OI)(CI)(RX)
2026-10-10T07:32:50.2910251Z                                                                                                                                   NT AUTHORITY\SYSTEM:(OI)(CI)(F)
2026-10-10T07:32:50.2914671Z                                                                                                                                   BUILTIN\Administrators:(OI)(CI)(F)
2026-10-10T07:32:50.2918377Z                                                                                                                                   runnervmfi6oq\runneradmin:(OI)(CI)(F)
2026-10-10T07:32:50.2919022Z         
2026-10-10T07:32:50.2919616Z         Successfully processed 1 files; Failed processing 0 files
2026-10-10T07:32:50.2921192Z     seam_bypass_108_windows_test.go:247: victim DACL before: sids=[S-1-1-0 S-1-5-18 S-1-5-32-544 S-1-5-21-1643835476-1616584234-1346609752-500] names=[Everyone NT AUTHORITY\SYSTEM BUILTIN\Administrators runnervmfi6oq\runneradmin]
2026-10-10T07:32:50.2923247Z     seam_bypass_108_windows_test.go:256: fixture: own=C:\Users\RUNNER~1\AppData\Local\Temp\TestAC3PlacementFloorHoldsForEverySeparatorSpellingmixed-separa3937741168\002\data seam=<floor>
2026-10-10T07:32:50.2926003Z     seam_bypass_108_windows_test.go:257: mklink /J link -> victim: Junction created for C:\Users\RUNNER~1\AppData\Local\Temp\TestAC3PlacementFloorHoldsForEverySeparatorSpellingmixed-separa3937741168\002\data\link <<===>> C:\Users\RUNNER~1\AppData\Local\Temp\TestAC3PlacementFloorHoldsForEverySeparatorSpellingmixed-separa3937741168\001\victim
2026-10-10T07:32:50.2928858Z     seam_bypass_108_windows_test.go:257: junction in place: C:\Users\RUNNER~1\AppData\Local\Temp\TestAC3PlacementFloorHoldsForEverySeparatorSpellingmixed-separa3937741168\002\data\link (attributes 0x410)
2026-10-10T07:32:50.2931479Z     seam_bypass_108_windows_test.go:260: icacls "C:\\Users\\RUNNER~1\\AppData\\Local\\Temp\\TestAC3PlacementFloorHoldsForEverySeparatorSpellingmixed-separa3937741168\\002\\data\\link\\sub\\keep-me.txt"
2026-10-10T07:32:50.2934649Z         C:\Users\RUNNER~1\AppData\Local\Temp\TestAC3PlacementFloorHoldsForEverySeparatorSpellingmixed-separa3937741168\002\data\link\sub\keep-me.txt Everyone:(I)(RX)
2026-10-10T07:32:50.2937281Z                                                                                                                                                      BUILTIN\Administrators:(I)(F)
2026-10-10T07:32:50.2939519Z                                                                                                                                                      NT AUTHORITY\SYSTEM:(I)(F)
2026-10-10T07:32:50.2942794Z                                                                                                                                                      runnervmfi6oq\runneradmin:(I)(F)
2026-10-10T07:32:50.2943435Z         
2026-10-10T07:32:50.2943977Z         Successfully processed 1 files; Failed processing 0 files
2026-10-10T07:32:50.2946387Z     seam_bypass_108_windows_test.go:261: spelling "C:/Users/RUNNER~1/AppData/Local/Temp/TestAC3PlacementFloorHoldsForEverySeparatorSpellingmixed-separa3937741168/002/data\\link/sub/keep-me.txt": foreign DACL before sids=[S-1-1-0 S-1-5-32-544 S-1-5-18 S-1-5-21-1643835476-1616584234-1346609752-500] names=[Everyone BUILTIN\Administrators NT AUTHORITY\SYSTEM runnervmfi6oq\runneradmin]
2026-10-10T07:32:50.2949246Z     seam_bypass_108_windows_test.go:272: icacls "C:\\Users\\RUNNER~1\\AppData\\Local\\Temp\\TestAC3PlacementFloorHoldsForEverySeparatorSpellingmixed-separa3937741168\\002\\data\\link\\sub\\keep-me.txt"
2026-10-10T07:32:50.2951388Z         C:\Users\RUNNER~1\AppData\Local\Temp\TestAC3PlacementFloorHoldsForEverySeparatorSpellingmixed-separa3937741168\002\data\link\sub\keep-me.txt Everyone:(I)(RX)
2026-10-10T07:32:50.2955901Z                                                                                                                                                      BUILTIN\Administrators:(I)(F)
2026-10-10T07:32:50.2958427Z                                                                                                                                                      NT AUTHORITY\SYSTEM:(I)(F)
2026-10-10T07:32:50.2960670Z                                                                                                                                                      runnervmfi6oq\runneradmin:(I)(F)
2026-10-10T07:32:50.2961300Z         
2026-10-10T07:32:50.2961945Z         Successfully processed 1 files; Failed processing 0 files
2026-10-10T07:32:50.2963491Z     seam_bypass_108_windows_test.go:273: spelling "C:/Users/RUNNER~1/AppData/Local/Temp/TestAC3PlacementFloorHoldsForEverySeparatorSpellingmixed-separa3937741168/002/data\\link/sub/keep-me.txt": foreign DACL after  sids=[S-1-1-0 S-1-5-32-544 S-1-5-18 S-1-5-21-1643835476-1616584234-1346609752-500] names=[Everyone BUILTIN\Administrators NT AUTHORITY\SYSTEM runnervmfi6oq\runneradmin]
2026-10-10T07:32:50.2964968Z === RUN   TestAC3PlacementFloorHoldsForEverySeparatorSpelling/trailing-separator
2026-10-10T07:32:50.2965895Z     seam_bypass_108_windows_test.go:247: icacls "C:\\Users\\RUNNER~1\\AppData\\Local\\Temp\\TestAC3PlacementFloorHoldsForEverySeparatorSpellingtrailing-sep1894530502\\001\\victim"
2026-10-10T07:32:50.2967129Z         C:\Users\RUNNER~1\AppData\Local\Temp\TestAC3PlacementFloorHoldsForEverySeparatorSpellingtrailing-sep1894530502\001\victim Everyone:(OI)(CI)(RX)
2026-10-10T07:32:50.2969326Z                                                                                                                                   NT AUTHORITY\SYSTEM:(OI)(CI)(F)
2026-10-10T07:32:50.2971654Z                                                                                                                                   BUILTIN\Administrators:(OI)(CI)(F)
2026-10-10T07:32:50.2974871Z                                                                                                                                   runnervmfi6oq\runneradmin:(OI)(CI)(F)
2026-10-10T07:32:50.2975468Z         
2026-10-10T07:32:50.2976270Z         Successfully processed 1 files; Failed processing 0 files
2026-10-10T07:32:50.2977808Z     seam_bypass_108_windows_test.go:247: victim DACL before: sids=[S-1-1-0 S-1-5-18 S-1-5-32-544 S-1-5-21-1643835476-1616584234-1346609752-500] names=[Everyone NT AUTHORITY\SYSTEM BUILTIN\Administrators runnervmfi6oq\runneradmin]
2026-10-10T07:32:50.2979837Z     seam_bypass_108_windows_test.go:256: fixture: own=C:\Users\RUNNER~1\AppData\Local\Temp\TestAC3PlacementFloorHoldsForEverySeparatorSpellingtrailing-sep1894530502\002\data seam=<floor>
2026-10-10T07:32:50.2982556Z     seam_bypass_108_windows_test.go:257: mklink /J link -> victim: Junction created for C:\Users\RUNNER~1\AppData\Local\Temp\TestAC3PlacementFloorHoldsForEverySeparatorSpellingtrailing-sep1894530502\002\data\link <<===>> C:\Users\RUNNER~1\AppData\Local\Temp\TestAC3PlacementFloorHoldsForEverySeparatorSpellingtrailing-sep1894530502\001\victim
2026-10-10T07:32:50.2985336Z     seam_bypass_108_windows_test.go:257: junction in place: C:\Users\RUNNER~1\AppData\Local\Temp\TestAC3PlacementFloorHoldsForEverySeparatorSpellingtrailing-sep1894530502\002\data\link (attributes 0x410)
2026-10-10T07:32:50.2987501Z     seam_bypass_108_windows_test.go:260: icacls "C:\\Users\\RUNNER~1\\AppData\\Local\\Temp\\TestAC3PlacementFloorHoldsForEverySeparatorSpellingtrailing-sep1894530502\\002\\data\\link\\sub\\keep-me.txt"
2026-10-10T07:32:50.2989628Z         C:\Users\RUNNER~1\AppData\Local\Temp\TestAC3PlacementFloorHoldsForEverySeparatorSpellingtrailing-sep1894530502\002\data\link\sub\keep-me.txt Everyone:(I)(RX)
2026-10-10T07:32:50.2992196Z                                                                                                                                                      BUILTIN\Administrators:(I)(F)
2026-10-10T07:32:50.2995567Z                                                                                                                                                      NT AUTHORITY\SYSTEM:(I)(F)
2026-10-10T07:32:50.2998034Z                                                                                                                                                      runnervmfi6oq\runneradmin:(I)(F)
2026-10-10T07:32:50.2998561Z         
2026-10-10T07:32:50.2998937Z         Successfully processed 1 files; Failed processing 0 files
2026-10-10T07:32:50.3000501Z     seam_bypass_108_windows_test.go:261: spelling "C:\\Users\\RUNNER~1\\AppData\\Local\\Temp\\TestAC3PlacementFloorHoldsForEverySeparatorSpellingtrailing-sep1894530502\\002\\data\\link\\sub\\keep-me.txt/": foreign DACL before sids=[S-1-1-0 S-1-5-32-544 S-1-5-18 S-1-5-21-1643835476-1616584234-1346609752-500] names=[Everyone BUILTIN\Administrators NT AUTHORITY\SYSTEM runnervmfi6oq\runneradmin]
2026-10-10T07:32:50.3002626Z     seam_bypass_108_windows_test.go:272: icacls "C:\\Users\\RUNNER~1\\AppData\\Local\\Temp\\TestAC3PlacementFloorHoldsForEverySeparatorSpellingtrailing-sep1894530502\\002\\data\\link\\sub\\keep-me.txt"
2026-10-10T07:32:50.3004086Z         C:\Users\RUNNER~1\AppData\Local\Temp\TestAC3PlacementFloorHoldsForEverySeparatorSpellingtrailing-sep1894530502\002\data\link\sub\keep-me.txt Everyone:(I)(RX)
2026-10-10T07:32:50.3006779Z                                                                                                                                                      BUILTIN\Administrators:(I)(F)
2026-10-10T07:32:50.3009030Z                                                                                                                                                      NT AUTHORITY\SYSTEM:(I)(F)
2026-10-10T07:32:50.3011378Z                                                                                                                                                      runnervmfi6oq\runneradmin:(I)(F)
2026-10-10T07:32:50.3011971Z         
2026-10-10T07:32:50.3012400Z         Successfully processed 1 files; Failed processing 0 files
2026-10-10T07:32:50.3014022Z     seam_bypass_108_windows_test.go:273: spelling "C:\\Users\\RUNNER~1\\AppData\\Local\\Temp\\TestAC3PlacementFloorHoldsForEverySeparatorSpellingtrailing-sep1894530502\\002\\data\\link\\sub\\keep-me.txt/": foreign DACL after  sids=[S-1-1-0 S-1-5-32-544 S-1-5-18 S-1-5-21-1643835476-1616584234-1346609752-500] names=[Everyone BUILTIN\Administrators NT AUTHORITY\SYSTEM runnervmfi6oq\runneradmin]
2026-10-10T07:32:50.3015716Z === RUN   TestAC3PlacementFloorHoldsForEverySeparatorSpelling/doubled-separator
2026-10-10T07:32:50.3016671Z     seam_bypass_108_windows_test.go:247: icacls "C:\\Users\\RUNNER~1\\AppData\\Local\\Temp\\TestAC3PlacementFloorHoldsForEverySeparatorSpellingdoubled-sepa1690860693\\001\\victim"
2026-10-10T07:32:50.3017900Z         C:\Users\RUNNER~1\AppData\Local\Temp\TestAC3PlacementFloorHoldsForEverySeparatorSpellingdoubled-sepa1690860693\001\victim Everyone:(OI)(CI)(RX)
2026-10-10T07:32:50.3020034Z                                                                                                                                   NT AUTHORITY\SYSTEM:(OI)(CI)(F)
2026-10-10T07:32:50.3022040Z                                                                                                                                   BUILTIN\Administrators:(OI)(CI)(F)
2026-10-10T07:32:50.3024033Z                                                                                                                                   runnervmfi6oq\runneradmin:(OI)(CI)(F)
2026-10-10T07:32:50.3024497Z         
2026-10-10T07:32:50.3024855Z         Successfully processed 1 files; Failed processing 0 files
2026-10-10T07:32:50.3025863Z     seam_bypass_108_windows_test.go:247: victim DACL before: sids=[S-1-1-0 S-1-5-18 S-1-5-32-544 S-1-5-21-1643835476-1616584234-1346609752-500] names=[Everyone NT AUTHORITY\SYSTEM BUILTIN\Administrators runnervmfi6oq\runneradmin]
2026-10-10T07:32:50.3027349Z     seam_bypass_108_windows_test.go:256: fixture: own=C:\Users\RUNNER~1\AppData\Local\Temp\TestAC3PlacementFloorHoldsForEverySeparatorSpellingdoubled-sepa1690860693\002\data seam=<floor>
2026-10-10T07:32:50.3029165Z     seam_bypass_108_windows_test.go:257: mklink /J link -> victim: Junction created for C:\Users\RUNNER~1\AppData\Local\Temp\TestAC3PlacementFloorHoldsForEverySeparatorSpellingdoubled-sepa1690860693\002\data\link <<===>> C:\Users\RUNNER~1\AppData\Local\Temp\TestAC3PlacementFloorHoldsForEverySeparatorSpellingdoubled-sepa1690860693\001\victim
2026-10-10T07:32:50.3030913Z     seam_bypass_108_windows_test.go:257: junction in place: C:\Users\RUNNER~1\AppData\Local\Temp\TestAC3PlacementFloorHoldsForEverySeparatorSpellingdoubled-sepa1690860693\002\data\link (attributes 0x410)
2026-10-10T07:32:50.3032499Z     seam_bypass_108_windows_test.go:260: icacls "C:\\Users\\RUNNER~1\\AppData\\Local\\Temp\\TestAC3PlacementFloorHoldsForEverySeparatorSpellingdoubled-sepa1690860693\\002\\data\\link\\sub\\keep-me.txt"
2026-10-10T07:32:50.3033895Z         C:\Users\RUNNER~1\AppData\Local\Temp\TestAC3PlacementFloorHoldsForEverySeparatorSpellingdoubled-sepa1690860693\002\data\link\sub\keep-me.txt Everyone:(I)(RX)
2026-10-10T07:32:50.3038020Z                                                                                                                                                      BUILTIN\Administrators:(I)(F)
2026-10-10T07:32:50.3040400Z                                                                                                                                                      NT AUTHORITY\SYSTEM:(I)(F)
2026-10-10T07:32:50.3042784Z                                                                                                                                                      runnervmfi6oq\runneradmin:(I)(F)
2026-10-10T07:32:50.3043284Z         
2026-10-10T07:32:50.3043688Z         Successfully processed 1 files; Failed processing 0 files
2026-10-10T07:32:50.3045478Z     seam_bypass_108_windows_test.go:261: spelling "C:\\Users\\RUNNER~1\\AppData\\Local\\Temp\\TestAC3PlacementFloorHoldsForEverySeparatorSpellingdoubled-sepa1690860693\\002\\data\\link//sub\\keep-me.txt": foreign DACL before sids=[S-1-1-0 S-1-5-32-544 S-1-5-18 S-1-5-21-1643835476-1616584234-1346609752-500] names=[Everyone BUILTIN\Administrators NT AUTHORITY\SYSTEM runnervmfi6oq\runneradmin]
2026-10-10T07:32:50.3047441Z     seam_bypass_108_windows_test.go:272: icacls "C:\\Users\\RUNNER~1\\AppData\\Local\\Temp\\TestAC3PlacementFloorHoldsForEverySeparatorSpellingdoubled-sepa1690860693\\002\\data\\link\\sub\\keep-me.txt"
2026-10-10T07:32:50.3048690Z         C:\Users\RUNNER~1\AppData\Local\Temp\TestAC3PlacementFloorHoldsForEverySeparatorSpellingdoubled-sepa1690860693\002\data\link\sub\keep-me.txt Everyone:(I)(RX)
2026-10-10T07:32:50.3051261Z                                                                                                                                                      BUILTIN\Administrators:(I)(F)
2026-10-10T07:32:50.3053441Z                                                                                                                                                      NT AUTHORITY\SYSTEM:(I)(F)
2026-10-10T07:32:50.3055987Z                                                                                                                                                      runnervmfi6oq\runneradmin:(I)(F)
2026-10-10T07:32:50.3056428Z         
2026-10-10T07:32:50.3056834Z         Successfully processed 1 files; Failed processing 0 files
2026-10-10T07:32:50.3058364Z     seam_bypass_108_windows_test.go:273: spelling "C:\\Users\\RUNNER~1\\AppData\\Local\\Temp\\TestAC3PlacementFloorHoldsForEverySeparatorSpellingdoubled-sepa1690860693\\002\\data\\link//sub\\keep-me.txt": foreign DACL after  sids=[S-1-1-0 S-1-5-32-544 S-1-5-18 S-1-5-21-1643835476-1616584234-1346609752-500] names=[Everyone BUILTIN\Administrators NT AUTHORITY\SYSTEM runnervmfi6oq\runneradmin]
2026-10-10T07:32:50.3059731Z === RUN   TestAC3PlacementFloorHoldsForEverySeparatorSpelling/dot-segment
2026-10-10T07:32:50.3060688Z     seam_bypass_108_windows_test.go:247: icacls "C:\\Users\\RUNNER~1\\AppData\\Local\\Temp\\TestAC3PlacementFloorHoldsForEverySeparatorSpellingdot-segment2675787560\\001\\victim"
2026-10-10T07:32:50.3061869Z         C:\Users\RUNNER~1\AppData\Local\Temp\TestAC3PlacementFloorHoldsForEverySeparatorSpellingdot-segment2675787560\001\victim Everyone:(OI)(CI)(RX)
2026-10-10T07:32:50.3064101Z                                                                                                                                  NT AUTHORITY\SYSTEM:(OI)(CI)(F)
2026-10-10T07:32:50.3066257Z                                                                                                                                  BUILTIN\Administrators:(OI)(CI)(F)
2026-10-10T07:32:50.3068392Z                                                                                                                                  runnervmfi6oq\runneradmin:(OI)(CI)(F)
2026-10-10T07:32:50.3068607Z         
2026-10-10T07:32:50.3068841Z         Successfully processed 1 files; Failed processing 0 files
2026-10-10T07:32:50.3070355Z     seam_bypass_108_windows_test.go:247: victim DACL before: sids=[S-1-1-0 S-1-5-18 S-1-5-32-544 S-1-5-21-1643835476-1616584234-1346609752-500] names=[Everyone NT AUTHORITY\SYSTEM BUILTIN\Administrators runnervmfi6oq\runneradmin]
2026-10-10T07:32:50.3071765Z     seam_bypass_108_windows_test.go:256: fixture: own=C:\Users\RUNNER~1\AppData\Local\Temp\TestAC3PlacementFloorHoldsForEverySeparatorSpellingdot-segment2675787560\002\data seam=<floor>
2026-10-10T07:32:50.3073746Z     seam_bypass_108_windows_test.go:257: mklink /J link -> victim: Junction created for C:\Users\RUNNER~1\AppData\Local\Temp\TestAC3PlacementFloorHoldsForEverySeparatorSpellingdot-segment2675787560\002\data\link <<===>> C:\Users\RUNNER~1\AppData\Local\Temp\TestAC3PlacementFloorHoldsForEverySeparatorSpellingdot-segment2675787560\001\victim
2026-10-10T07:32:50.3074871Z     seam_bypass_108_windows_test.go:257: junction in place: C:\Users\RUNNER~1\AppData\Local\Temp\TestAC3PlacementFloorHoldsForEverySeparatorSpellingdot-segment2675787560\002\data\link (attributes 0x410)
2026-10-10T07:32:50.3076068Z     seam_bypass_108_windows_test.go:260: icacls "C:\\Users\\RUNNER~1\\AppData\\Local\\Temp\\TestAC3PlacementFloorHoldsForEverySeparatorSpellingdot-segment2675787560\\002\\data\\link\\sub\\keep-me.txt"
2026-10-10T07:32:50.3077148Z         C:\Users\RUNNER~1\AppData\Local\Temp\TestAC3PlacementFloorHoldsForEverySeparatorSpellingdot-segment2675787560\002\data\link\sub\keep-me.txt Everyone:(I)(RX)
2026-10-10T07:32:50.3080227Z                                                                                                                                                     BUILTIN\Administrators:(I)(F)
2026-10-10T07:32:50.3082972Z                                                                                                                                                     NT AUTHORITY\SYSTEM:(I)(F)
2026-10-10T07:32:50.3086194Z                                                                                                                                                     runnervmfi6oq\runneradmin:(I)(F)
2026-10-10T07:32:50.3086413Z         
2026-10-10T07:32:50.3086756Z         Successfully processed 1 files; Failed processing 0 files
2026-10-10T07:32:50.3089029Z     seam_bypass_108_windows_test.go:261: spelling "C:\\Users\\RUNNER~1\\AppData\\Local\\Temp\\TestAC3PlacementFloorHoldsForEverySeparatorSpellingdot-segment2675787560\\002\\data\\link\\.\\sub\\keep-me.txt": foreign DACL before sids=[S-1-1-0 S-1-5-32-544 S-1-5-18 S-1-5-21-1643835476-1616584234-1346609752-500] names=[Everyone BUILTIN\Administrators NT AUTHORITY\SYSTEM runnervmfi6oq\runneradmin]
2026-10-10T07:32:50.3090157Z     seam_bypass_108_windows_test.go:272: icacls "C:\\Users\\RUNNER~1\\AppData\\Local\\Temp\\TestAC3PlacementFloorHoldsForEverySeparatorSpellingdot-segment2675787560\\002\\data\\link\\sub\\keep-me.txt"
2026-10-10T07:32:50.3091069Z         C:\Users\RUNNER~1\AppData\Local\Temp\TestAC3PlacementFloorHoldsForEverySeparatorSpellingdot-segment2675787560\002\data\link\sub\keep-me.txt Everyone:(I)(RX)
2026-10-10T07:32:50.3093926Z                                                                                                                                                     BUILTIN\Administrators:(I)(F)
2026-10-10T07:32:50.3099610Z                                                                                                                                                     NT AUTHORITY\SYSTEM:(I)(F)
2026-10-10T07:32:50.3102861Z                                                                                                                                                     runnervmfi6oq\runneradmin:(I)(F)
2026-10-10T07:32:50.3103244Z         
2026-10-10T07:32:50.3103660Z         Successfully processed 1 files; Failed processing 0 files
2026-10-10T07:32:50.3105796Z     seam_bypass_108_windows_test.go:273: spelling "C:\\Users\\RUNNER~1\\AppData\\Local\\Temp\\TestAC3PlacementFloorHoldsForEverySeparatorSpellingdot-segment2675787560\\002\\data\\link\\.\\sub\\keep-me.txt": foreign DACL after  sids=[S-1-1-0 S-1-5-32-544 S-1-5-18 S-1-5-21-1643835476-1616584234-1346609752-500] names=[Everyone BUILTIN\Administrators NT AUTHORITY\SYSTEM runnervmfi6oq\runneradmin]
2026-10-10T07:32:50.3106211Z === RUN   TestAC3PlacementFloorHoldsForEverySeparatorSpelling/extended-length-prefix
2026-10-10T07:32:50.3107161Z     seam_bypass_108_windows_test.go:247: icacls "C:\\Users\\RUNNER~1\\AppData\\Local\\Temp\\TestAC3PlacementFloorHoldsForEverySeparatorSpellingextended-len1727053240\\001\\victim"
2026-10-10T07:32:50.3108115Z         C:\Users\RUNNER~1\AppData\Local\Temp\TestAC3PlacementFloorHoldsForEverySeparatorSpellingextended-len1727053240\001\victim Everyone:(OI)(CI)(RX)
2026-10-10T07:32:50.3110986Z                                                                                                                                   NT AUTHORITY\SYSTEM:(OI)(CI)(F)
2026-10-10T07:32:50.3113555Z                                                                                                                                   BUILTIN\Administrators:(OI)(CI)(F)
2026-10-10T07:32:50.3116482Z                                                                                                                                   runnervmfi6oq\runneradmin:(OI)(CI)(F)
2026-10-10T07:32:50.3116722Z         
2026-10-10T07:32:50.3117086Z         Successfully processed 1 files; Failed processing 0 files
2026-10-10T07:32:50.3118296Z     seam_bypass_108_windows_test.go:247: victim DACL before: sids=[S-1-1-0 S-1-5-18 S-1-5-32-544 S-1-5-21-1643835476-1616584234-1346609752-500] names=[Everyone NT AUTHORITY\SYSTEM BUILTIN\Administrators runnervmfi6oq\runneradmin]
2026-10-10T07:32:50.3119302Z     seam_bypass_108_windows_test.go:256: fixture: own=C:\Users\RUNNER~1\AppData\Local\Temp\TestAC3PlacementFloorHoldsForEverySeparatorSpellingextended-len1727053240\002\data seam=<floor>
2026-10-10T07:32:50.3122483Z     seam_bypass_108_windows_test.go:257: mklink /J link -> victim: Junction created for C:\Users\RUNNER~1\AppData\Local\Temp\TestAC3PlacementFloorHoldsForEverySeparatorSpellingextended-len1727053240\002\data\link <<===>> C:\Users\RUNNER~1\AppData\Local\Temp\TestAC3PlacementFloorHoldsForEverySeparatorSpellingextended-len1727053240\001\victim
2026-10-10T07:32:50.3123720Z     seam_bypass_108_windows_test.go:257: junction in place: C:\Users\RUNNER~1\AppData\Local\Temp\TestAC3PlacementFloorHoldsForEverySeparatorSpellingextended-len1727053240\002\data\link (attributes 0x410)
2026-10-10T07:32:50.3126300Z     seam_bypass_108_windows_test.go:260: icacls "C:\\Users\\RUNNER~1\\AppData\\Local\\Temp\\TestAC3PlacementFloorHoldsForEverySeparatorSpellingextended-len1727053240\\002\\data\\link\\sub\\keep-me.txt"
2026-10-10T07:32:50.3127466Z         C:\Users\RUNNER~1\AppData\Local\Temp\TestAC3PlacementFloorHoldsForEverySeparatorSpellingextended-len1727053240\002\data\link\sub\keep-me.txt Everyone:(I)(RX)
2026-10-10T07:32:50.3131010Z                                                                                                                                                      BUILTIN\Administrators:(I)(F)
2026-10-10T07:32:50.3134142Z                                                                                                                                                      NT AUTHORITY\SYSTEM:(I)(F)
2026-10-10T07:32:50.3138813Z                                                                                                                                                      runnervmfi6oq\runneradmin:(I)(F)
2026-10-10T07:32:50.3139198Z         
2026-10-10T07:32:50.3139599Z         Successfully processed 1 files; Failed processing 0 files
2026-10-10T07:32:50.3141504Z     seam_bypass_108_windows_test.go:261: spelling "\\\\?\\C:\\Users\\RUNNER~1\\AppData\\Local\\Temp\\TestAC3PlacementFloorHoldsForEverySeparatorSpellingextended-len1727053240\\002\\data\\link\\sub\\keep-me.txt": foreign DACL before sids=[S-1-1-0 S-1-5-32-544 S-1-5-18 S-1-5-21-1643835476-1616584234-1346609752-500] names=[Everyone BUILTIN\Administrators NT AUTHORITY\SYSTEM runnervmfi6oq\runneradmin]
2026-10-10T07:32:50.3142658Z     seam_bypass_108_windows_test.go:272: icacls "C:\\Users\\RUNNER~1\\AppData\\Local\\Temp\\TestAC3PlacementFloorHoldsForEverySeparatorSpellingextended-len1727053240\\002\\data\\link\\sub\\keep-me.txt"
2026-10-10T07:32:50.3143657Z         C:\Users\RUNNER~1\AppData\Local\Temp\TestAC3PlacementFloorHoldsForEverySeparatorSpellingextended-len1727053240\002\data\link\sub\keep-me.txt Everyone:(I)(RX)
2026-10-10T07:32:50.3148763Z                                                                                                                                                      BUILTIN\Administrators:(I)(F)
2026-10-10T07:32:50.3155024Z                                                                                                                                                      NT AUTHORITY\SYSTEM:(I)(F)
2026-10-10T07:32:50.3159931Z                                                                                                                                                      runnervmfi6oq\runneradmin:(I)(F)
2026-10-10T07:32:50.3160398Z         
2026-10-10T07:32:50.3160820Z         Successfully processed 1 files; Failed processing 0 files
2026-10-10T07:32:50.3163064Z     seam_bypass_108_windows_test.go:273: spelling "\\\\?\\C:\\Users\\RUNNER~1\\AppData\\Local\\Temp\\TestAC3PlacementFloorHoldsForEverySeparatorSpellingextended-len1727053240\\002\\data\\link\\sub\\keep-me.txt": foreign DACL after  sids=[S-1-1-0 S-1-5-32-544 S-1-5-18 S-1-5-21-1643835476-1616584234-1346609752-500] names=[Everyone BUILTIN\Administrators NT AUTHORITY\SYSTEM runnervmfi6oq\runneradmin]
2026-10-10T07:32:50.3163513Z === RUN   TestAC3PlacementFloorHoldsForEverySeparatorSpelling/volume-only-relative-tail
2026-10-10T07:32:50.3164463Z     seam_bypass_108_windows_test.go:247: icacls "C:\\Users\\RUNNER~1\\AppData\\Local\\Temp\\TestAC3PlacementFloorHoldsForEverySeparatorSpellingvolume-only-1837233250\\001\\victim"
2026-10-10T07:32:50.3165416Z         C:\Users\RUNNER~1\AppData\Local\Temp\TestAC3PlacementFloorHoldsForEverySeparatorSpellingvolume-only-1837233250\001\victim Everyone:(OI)(CI)(RX)
2026-10-10T07:32:50.3167844Z                                                                                                                                   NT AUTHORITY\SYSTEM:(OI)(CI)(F)
2026-10-10T07:32:50.3171306Z                                                                                                                                   BUILTIN\Administrators:(OI)(CI)(F)
2026-10-10T07:32:50.3174265Z                                                                                                                                   runnervmfi6oq\runneradmin:(OI)(CI)(F)
2026-10-10T07:32:50.3174440Z         
2026-10-10T07:32:50.3174883Z         Successfully processed 1 files; Failed processing 0 files
2026-10-10T07:32:50.3176161Z     seam_bypass_108_windows_test.go:247: victim DACL before: sids=[S-1-1-0 S-1-5-18 S-1-5-32-544 S-1-5-21-1643835476-1616584234-1346609752-500] names=[Everyone NT AUTHORITY\SYSTEM BUILTIN\Administrators runnervmfi6oq\runneradmin]
2026-10-10T07:32:50.3177240Z     seam_bypass_108_windows_test.go:256: fixture: own=C:\Users\RUNNER~1\AppData\Local\Temp\TestAC3PlacementFloorHoldsForEverySeparatorSpellingvolume-only-1837233250\002\data seam=<floor>
2026-10-10T07:32:50.3179246Z     seam_bypass_108_windows_test.go:257: mklink /J link -> victim: Junction created for C:\Users\RUNNER~1\AppData\Local\Temp\TestAC3PlacementFloorHoldsForEverySeparatorSpellingvolume-only-1837233250\002\data\link <<===>> C:\Users\RUNNER~1\AppData\Local\Temp\TestAC3PlacementFloorHoldsForEverySeparatorSpellingvolume-only-1837233250\001\victim
2026-10-10T07:32:50.3180631Z     seam_bypass_108_windows_test.go:257: junction in place: C:\Users\RUNNER~1\AppData\Local\Temp\TestAC3PlacementFloorHoldsForEverySeparatorSpellingvolume-only-1837233250\002\data\link (attributes 0x410)
2026-10-10T07:32:50.3181813Z     seam_bypass_108_windows_test.go:260: icacls "C:\\Users\\RUNNER~1\\AppData\\Local\\Temp\\TestAC3PlacementFloorHoldsForEverySeparatorSpellingvolume-only-1837233250\\002\\data\\link\\sub\\keep-me.txt"
2026-10-10T07:32:50.3182788Z         C:\Users\RUNNER~1\AppData\Local\Temp\TestAC3PlacementFloorHoldsForEverySeparatorSpellingvolume-only-1837233250\002\data\link\sub\keep-me.txt Everyone:(I)(RX)
2026-10-10T07:32:50.3185844Z                                                                                                                                                      BUILTIN\Administrators:(I)(F)
2026-10-10T07:32:50.3188860Z                                                                                                                                                      NT AUTHORITY\SYSTEM:(I)(F)
2026-10-10T07:32:50.3192374Z                                                                                                                                                      runnervmfi6oq\runneradmin:(I)(F)
2026-10-10T07:32:50.3192531Z         
2026-10-10T07:32:50.3192941Z         Successfully processed 1 files; Failed processing 0 files
2026-10-10T07:32:50.3194433Z     seam_bypass_108_windows_test.go:261: spelling "data\\link/sub/keep-me.txt": foreign DACL before sids=[S-1-1-0 S-1-5-32-544 S-1-5-18 S-1-5-21-1643835476-1616584234-1346609752-500] names=[Everyone BUILTIN\Administrators NT AUTHORITY\SYSTEM runnervmfi6oq\runneradmin]
2026-10-10T07:32:50.3195494Z     seam_bypass_108_windows_test.go:272: icacls "C:\\Users\\RUNNER~1\\AppData\\Local\\Temp\\TestAC3PlacementFloorHoldsForEverySeparatorSpellingvolume-only-1837233250\\002\\data\\link\\sub\\keep-me.txt"
2026-10-10T07:32:50.3196543Z         C:\Users\RUNNER~1\AppData\Local\Temp\TestAC3PlacementFloorHoldsForEverySeparatorSpellingvolume-only-1837233250\002\data\link\sub\keep-me.txt Everyone:(I)(RX)
2026-10-10T07:32:50.3199673Z                                                                                                                                                      BUILTIN\Administrators:(I)(F)
2026-10-10T07:32:50.3202584Z                                                                                                                                                      NT AUTHORITY\SYSTEM:(I)(F)
2026-10-10T07:32:50.3205655Z                                                                                                                                                      runnervmfi6oq\runneradmin:(I)(F)
2026-10-10T07:32:50.3205874Z         
2026-10-10T07:32:50.3206208Z         Successfully processed 1 files; Failed processing 0 files
2026-10-10T07:32:50.3207535Z     seam_bypass_108_windows_test.go:273: spelling "data\\link/sub/keep-me.txt": foreign DACL after  sids=[S-1-1-0 S-1-5-32-544 S-1-5-18 S-1-5-21-1643835476-1616584234-1346609752-500] names=[Everyone BUILTIN\Administrators NT AUTHORITY\SYSTEM runnervmfi6oq\runneradmin]
2026-10-10T07:32:50.3207902Z --- PASS: TestAC3PlacementFloorHoldsForEverySeparatorSpelling (0.53s)
2026-10-10T07:32:50.3208433Z     --- PASS: TestAC3PlacementFloorHoldsForEverySeparatorSpelling/native-backslash (0.07s)
2026-10-10T07:32:50.3208928Z     --- PASS: TestAC3PlacementFloorHoldsForEverySeparatorSpelling/all-forward-slash (0.07s)
2026-10-10T07:32:50.3209438Z     --- PASS: TestAC3PlacementFloorHoldsForEverySeparatorSpelling/mixed-separators (0.07s)
2026-10-10T07:32:50.3209975Z     --- PASS: TestAC3PlacementFloorHoldsForEverySeparatorSpelling/trailing-separator (0.07s)
2026-10-10T07:32:50.3210456Z     --- PASS: TestAC3PlacementFloorHoldsForEverySeparatorSpelling/doubled-separator (0.07s)
2026-10-10T07:32:50.3211769Z     --- PASS: TestAC3PlacementFloorHoldsForEverySeparatorSpelling/dot-segment (0.07s)
2026-10-10T07:32:50.3212331Z     --- PASS: TestAC3PlacementFloorHoldsForEverySeparatorSpelling/extended-length-prefix (0.07s)
2026-10-10T07:32:50.3212898Z     --- PASS: TestAC3PlacementFloorHoldsForEverySeparatorSpelling/volume-only-relative-tail (0.07s)
2026-10-10T07:32:50.3213212Z === RUN   TestAC2AncestorGuardHoldsForEverySeparatorSpelling
2026-10-10T07:32:50.3213577Z === RUN   TestAC2AncestorGuardHoldsForEverySeparatorSpelling/native-backslash
2026-10-10T07:32:50.3214526Z     seam_bypass_108_windows_test.go:330: icacls "C:\\Users\\RUNNER~1\\AppData\\Local\\Temp\\TestAC2AncestorGuardHoldsForEverySeparatorSpellingnative-backsl2120517155\\001\\victim"
2026-10-10T07:32:50.3215498Z         C:\Users\RUNNER~1\AppData\Local\Temp\TestAC2AncestorGuardHoldsForEverySeparatorSpellingnative-backsl2120517155\001\victim Everyone:(OI)(CI)(RX)
2026-10-10T07:32:50.3218002Z                                                                                                                                   NT AUTHORITY\SYSTEM:(OI)(CI)(F)
2026-10-10T07:32:50.3220659Z                                                                                                                                   BUILTIN\Administrators:(OI)(CI)(F)
2026-10-10T07:32:50.3223559Z                                                                                                                                   runnervmfi6oq\runneradmin:(OI)(CI)(F)
2026-10-10T07:32:50.3223787Z         
2026-10-10T07:32:50.3224334Z         Successfully processed 1 files; Failed processing 0 files
2026-10-10T07:32:50.3225486Z     seam_bypass_108_windows_test.go:330: victim DACL before: sids=[S-1-1-0 S-1-5-18 S-1-5-32-544 S-1-5-21-1643835476-1616584234-1346609752-500] names=[Everyone NT AUTHORITY\SYSTEM BUILTIN\Administrators runnervmfi6oq\runneradmin]
2026-10-10T07:32:50.3226887Z     seam_bypass_108_windows_test.go:339: fixture: own=C:\Users\RUNNER~1\AppData\Local\Temp\TestAC2AncestorGuardHoldsForEverySeparatorSpellingnative-backsl2120517155\002\data seam=risk.c26Pipeline
2026-10-10T07:32:50.3228838Z     seam_bypass_108_windows_test.go:340: mklink /J link -> victim: Junction created for C:\Users\RUNNER~1\AppData\Local\Temp\TestAC2AncestorGuardHoldsForEverySeparatorSpellingnative-backsl2120517155\002\data\link <<===>> C:\Users\RUNNER~1\AppData\Local\Temp\TestAC2AncestorGuardHoldsForEverySeparatorSpellingnative-backsl2120517155\001\victim
2026-10-10T07:32:50.3229915Z     seam_bypass_108_windows_test.go:340: junction in place: C:\Users\RUNNER~1\AppData\Local\Temp\TestAC2AncestorGuardHoldsForEverySeparatorSpellingnative-backsl2120517155\002\data\link (attributes 0x410)
2026-10-10T07:32:50.3233504Z     seam_bypass_108_windows_test.go:345: RemoveUnlinked("C:\\Users\\RUNNER~1\\AppData\\Local\\Temp\\TestAC2AncestorGuardHoldsForEverySeparatorSpellingnative-backsl2120517155\\002\\data\\link\\sub\\keep-me.txt") -> err=winsec: entry is a link to something else, not private data C:\Users\RUNNER~1\AppData\Local\Temp\TestAC2AncestorGuardHoldsForEverySeparatorSpellingnative-backsl2120517155\002\data\link\sub\keep-me.txt: the spelling reaches it through the link at C:\Users\RUNNER~1\AppData\Local\Temp\TestAC2AncestorGuardHoldsForEverySeparatorSpellingnative-backsl2120517155\002\data\link, and whatever lives behind that link is not this tree's data to delete
2026-10-10T07:32:50.3234484Z     seam_bypass_108_windows_test.go:360: icacls "C:\\Users\\RUNNER~1\\AppData\\Local\\Temp\\TestAC2AncestorGuardHoldsForEverySeparatorSpellingnative-backsl2120517155\\001\\victim"
2026-10-10T07:32:50.3235396Z         C:\Users\RUNNER~1\AppData\Local\Temp\TestAC2AncestorGuardHoldsForEverySeparatorSpellingnative-backsl2120517155\001\victim Everyone:(OI)(CI)(RX)
2026-10-10T07:32:50.3238131Z                                                                                                                                   NT AUTHORITY\SYSTEM:(OI)(CI)(F)
2026-10-10T07:32:50.3241548Z                                                                                                                                   BUILTIN\Administrators:(OI)(CI)(F)
2026-10-10T07:32:50.3244263Z                                                                                                                                   runnervmfi6oq\runneradmin:(OI)(CI)(F)
2026-10-10T07:32:50.3244532Z         
2026-10-10T07:32:50.3244816Z         Successfully processed 1 files; Failed processing 0 files
2026-10-10T07:32:50.3245209Z === RUN   TestAC2AncestorGuardHoldsForEverySeparatorSpelling/all-forward-slash
2026-10-10T07:32:50.3246035Z     seam_bypass_108_windows_test.go:330: icacls "C:\\Users\\RUNNER~1\\AppData\\Local\\Temp\\TestAC2AncestorGuardHoldsForEverySeparatorSpellingall-forward-s194589921\\001\\victim"
2026-10-10T07:32:50.3246791Z         C:\Users\RUNNER~1\AppData\Local\Temp\TestAC2AncestorGuardHoldsForEverySeparatorSpellingall-forward-s194589921\001\victim Everyone:(OI)(CI)(RX)
2026-10-10T07:32:50.3248332Z                                                                                                                                  NT AUTHORITY\SYSTEM:(OI)(CI)(F)
2026-10-10T07:32:50.3250039Z                                                                                                                                  BUILTIN\Administrators:(OI)(CI)(F)
2026-10-10T07:32:50.3251782Z                                                                                                                                  runnervmfi6oq\runneradmin:(OI)(CI)(F)
2026-10-10T07:32:50.3251924Z         
2026-10-10T07:32:50.3252329Z         Successfully processed 1 files; Failed processing 0 files
2026-10-10T07:32:50.3253170Z     seam_bypass_108_windows_test.go:330: victim DACL before: sids=[S-1-1-0 S-1-5-18 S-1-5-32-544 S-1-5-21-1643835476-1616584234-1346609752-500] names=[Everyone NT AUTHORITY\SYSTEM BUILTIN\Administrators runnervmfi6oq\runneradmin]
2026-10-10T07:32:50.3253888Z     seam_bypass_108_windows_test.go:339: fixture: own=C:\Users\RUNNER~1\AppData\Local\Temp\TestAC2AncestorGuardHoldsForEverySeparatorSpellingall-forward-s194589921\002\data seam=risk.c26Pipeline
2026-10-10T07:32:50.3255116Z     seam_bypass_108_windows_test.go:340: mklink /J link -> victim: Junction created for C:\Users\RUNNER~1\AppData\Local\Temp\TestAC2AncestorGuardHoldsForEverySeparatorSpellingall-forward-s194589921\002\data\link <<===>> C:\Users\RUNNER~1\AppData\Local\Temp\TestAC2AncestorGuardHoldsForEverySeparatorSpellingall-forward-s194589921\001\victim
2026-10-10T07:32:50.3255827Z     seam_bypass_108_windows_test.go:340: junction in place: C:\Users\RUNNER~1\AppData\Local\Temp\TestAC2AncestorGuardHoldsForEverySeparatorSpellingall-forward-s194589921\002\data\link (attributes 0x410)
2026-10-10T07:32:50.3258063Z     seam_bypass_108_windows_test.go:345: RemoveUnlinked("C:/Users/RUNNER~1/AppData/Local/Temp/TestAC2AncestorGuardHoldsForEverySeparatorSpellingall-forward-s194589921/002/data/link/sub/keep-me.txt") -> err=winsec: entry is a link to something else, not private data C:/Users/RUNNER~1/AppData/Local/Temp/TestAC2AncestorGuardHoldsForEverySeparatorSpellingall-forward-s194589921/002/data/link/sub/keep-me.txt: the spelling reaches it through the link at C:/Users/RUNNER~1/AppData/Local/Temp/TestAC2AncestorGuardHoldsForEverySeparatorSpellingall-forward-s194589921/002/data/link, and whatever lives behind that link is not this tree's data to delete
2026-10-10T07:32:50.3258680Z     seam_bypass_108_windows_test.go:360: icacls "C:\\Users\\RUNNER~1\\AppData\\Local\\Temp\\TestAC2AncestorGuardHoldsForEverySeparatorSpellingall-forward-s194589921\\001\\victim"
2026-10-10T07:32:50.3259326Z         C:\Users\RUNNER~1\AppData\Local\Temp\TestAC2AncestorGuardHoldsForEverySeparatorSpellingall-forward-s194589921\001\victim Everyone:(OI)(CI)(RX)
2026-10-10T07:32:50.3260858Z                                                                                                                                  NT AUTHORITY\SYSTEM:(OI)(CI)(F)
2026-10-10T07:32:50.3263052Z                                                                                                                                  BUILTIN\Administrators:(OI)(CI)(F)
2026-10-10T07:32:50.3265971Z                                                                                                                                  runnervmfi6oq\runneradmin:(OI)(CI)(F)
2026-10-10T07:32:50.3266163Z         
2026-10-10T07:32:50.3266498Z         Successfully processed 1 files; Failed processing 0 files
2026-10-10T07:32:50.3266885Z === RUN   TestAC2AncestorGuardHoldsForEverySeparatorSpelling/mixed-separators
2026-10-10T07:32:50.3267870Z     seam_bypass_108_windows_test.go:330: icacls "C:\\Users\\RUNNER~1\\AppData\\Local\\Temp\\TestAC2AncestorGuardHoldsForEverySeparatorSpellingmixed-separat1124778212\\001\\victim"
2026-10-10T07:32:50.3268798Z         C:\Users\RUNNER~1\AppData\Local\Temp\TestAC2AncestorGuardHoldsForEverySeparatorSpellingmixed-separat1124778212\001\victim Everyone:(OI)(CI)(RX)
2026-10-10T07:32:50.3271435Z                                                                                                                                   NT AUTHORITY\SYSTEM:(OI)(CI)(F)
2026-10-10T07:32:50.3273856Z                                                                                                                                   BUILTIN\Administrators:(OI)(CI)(F)
2026-10-10T07:32:50.3276046Z                                                                                                                                   runnervmfi6oq\runneradmin:(OI)(CI)(F)
2026-10-10T07:32:50.3276236Z         
2026-10-10T07:32:50.3276810Z         Successfully processed 1 files; Failed processing 0 files
2026-10-10T07:32:50.3277630Z     seam_bypass_108_windows_test.go:330: victim DACL before: sids=[S-1-1-0 S-1-5-18 S-1-5-32-544 S-1-5-21-1643835476-1616584234-1346609752-500] names=[Everyone NT AUTHORITY\SYSTEM BUILTIN\Administrators runnervmfi6oq\runneradmin]
2026-10-10T07:32:50.3278306Z     seam_bypass_108_windows_test.go:339: fixture: own=C:\Users\RUNNER~1\AppData\Local\Temp\TestAC2AncestorGuardHoldsForEverySeparatorSpellingmixed-separat1124778212\002\data seam=risk.c26Pipeline
2026-10-10T07:32:50.3279520Z     seam_bypass_108_windows_test.go:340: mklink /J link -> victim: Junction created for C:\Users\RUNNER~1\AppData\Local\Temp\TestAC2AncestorGuardHoldsForEverySeparatorSpellingmixed-separat1124778212\002\data\link <<===>> C:\Users\RUNNER~1\AppData\Local\Temp\TestAC2AncestorGuardHoldsForEverySeparatorSpellingmixed-separat1124778212\001\victim
2026-10-10T07:32:50.3280246Z     seam_bypass_108_windows_test.go:340: junction in place: C:\Users\RUNNER~1\AppData\Local\Temp\TestAC2AncestorGuardHoldsForEverySeparatorSpellingmixed-separat1124778212\002\data\link (attributes 0x410)
2026-10-10T07:32:50.3282661Z     seam_bypass_108_windows_test.go:345: RemoveUnlinked("C:/Users/RUNNER~1/AppData/Local/Temp/TestAC2AncestorGuardHoldsForEverySeparatorSpellingmixed-separat1124778212/002/data\\link/sub/keep-me.txt") -> err=winsec: entry is a link to something else, not private data C:/Users/RUNNER~1/AppData/Local/Temp/TestAC2AncestorGuardHoldsForEverySeparatorSpellingmixed-separat1124778212/002/data\link/sub/keep-me.txt: the spelling reaches it through the link at C:/Users/RUNNER~1/AppData/Local/Temp/TestAC2AncestorGuardHoldsForEverySeparatorSpellingmixed-separat1124778212/002/data\link, and whatever lives behind that link is not this tree's data to delete
2026-10-10T07:32:50.3283414Z     seam_bypass_108_windows_test.go:360: icacls "C:\\Users\\RUNNER~1\\AppData\\Local\\Temp\\TestAC2AncestorGuardHoldsForEverySeparatorSpellingmixed-separat1124778212\\001\\victim"
2026-10-10T07:32:50.3284320Z         C:\Users\RUNNER~1\AppData\Local\Temp\TestAC2AncestorGuardHoldsForEverySeparatorSpellingmixed-separat1124778212\001\victim Everyone:(OI)(CI)(RX)
2026-10-10T07:32:50.3287050Z                                                                                                                                   NT AUTHORITY\SYSTEM:(OI)(CI)(F)
2026-10-10T07:32:50.3289114Z                                                                                                                                   BUILTIN\Administrators:(OI)(CI)(F)
2026-10-10T07:32:50.3291791Z                                                                                                                                   runnervmfi6oq\runneradmin:(OI)(CI)(F)
2026-10-10T07:32:50.3292010Z         
2026-10-10T07:32:50.3292515Z         Successfully processed 1 files; Failed processing 0 files
2026-10-10T07:32:50.3292878Z === RUN   TestAC2AncestorGuardHoldsForEverySeparatorSpelling/trailing-separator
2026-10-10T07:32:50.3293838Z     seam_bypass_108_windows_test.go:330: icacls "C:\\Users\\RUNNER~1\\AppData\\Local\\Temp\\TestAC2AncestorGuardHoldsForEverySeparatorSpellingtrailing-sepa2153179102\\001\\victim"
2026-10-10T07:32:50.3294787Z         C:\Users\RUNNER~1\AppData\Local\Temp\TestAC2AncestorGuardHoldsForEverySeparatorSpellingtrailing-sepa2153179102\001\victim Everyone:(OI)(CI)(RX)
2026-10-10T07:32:50.3297292Z                                                                                                                                   NT AUTHORITY\SYSTEM:(OI)(CI)(F)
2026-10-10T07:32:50.3300013Z                                                                                                                                   BUILTIN\Administrators:(OI)(CI)(F)
2026-10-10T07:32:50.3302612Z                                                                                                                                   runnervmfi6oq\runneradmin:(OI)(CI)(F)
2026-10-10T07:32:50.3302734Z         
2026-10-10T07:32:50.3303376Z         Successfully processed 1 files; Failed processing 0 files
2026-10-10T07:32:50.3304556Z     seam_bypass_108_windows_test.go:330: victim DACL before: sids=[S-1-1-0 S-1-5-18 S-1-5-32-544 S-1-5-21-1643835476-1616584234-1346609752-500] names=[Everyone NT AUTHORITY\SYSTEM BUILTIN\Administrators runnervmfi6oq\runneradmin]
2026-10-10T07:32:50.3305855Z     seam_bypass_108_windows_test.go:339: fixture: own=C:\Users\RUNNER~1\AppData\Local\Temp\TestAC2AncestorGuardHoldsForEverySeparatorSpellingtrailing-sepa2153179102\002\data seam=risk.c26Pipeline
2026-10-10T07:32:50.3307746Z     seam_bypass_108_windows_test.go:340: mklink /J link -> victim: Junction created for C:\Users\RUNNER~1\AppData\Local\Temp\TestAC2AncestorGuardHoldsForEverySeparatorSpellingtrailing-sepa2153179102\002\data\link <<===>> C:\Users\RUNNER~1\AppData\Local\Temp\TestAC2AncestorGuardHoldsForEverySeparatorSpellingtrailing-sepa2153179102\001\victim
2026-10-10T07:32:50.3308904Z     seam_bypass_108_windows_test.go:340: junction in place: C:\Users\RUNNER~1\AppData\Local\Temp\TestAC2AncestorGuardHoldsForEverySeparatorSpellingtrailing-sepa2153179102\002\data\link (attributes 0x410)
2026-10-10T07:32:50.3312462Z     seam_bypass_108_windows_test.go:345: RemoveUnlinked("C:\\Users\\RUNNER~1\\AppData\\Local\\Temp\\TestAC2AncestorGuardHoldsForEverySeparatorSpellingtrailing-sepa2153179102\\002\\data\\link\\sub\\keep-me.txt/") -> err=winsec: entry is a link to something else, not private data C:\Users\RUNNER~1\AppData\Local\Temp\TestAC2AncestorGuardHoldsForEverySeparatorSpellingtrailing-sepa2153179102\002\data\link\sub\keep-me.txt/: the spelling reaches it through the link at C:\Users\RUNNER~1\AppData\Local\Temp\TestAC2AncestorGuardHoldsForEverySeparatorSpellingtrailing-sepa2153179102\002\data\link, and whatever lives behind that link is not this tree's data to delete
2026-10-10T07:32:50.3313413Z     seam_bypass_108_windows_test.go:360: icacls "C:\\Users\\RUNNER~1\\AppData\\Local\\Temp\\TestAC2AncestorGuardHoldsForEverySeparatorSpellingtrailing-sepa2153179102\\001\\victim"
2026-10-10T07:32:50.3314353Z         C:\Users\RUNNER~1\AppData\Local\Temp\TestAC2AncestorGuardHoldsForEverySeparatorSpellingtrailing-sepa2153179102\001\victim Everyone:(OI)(CI)(RX)
2026-10-10T07:32:50.3316794Z                                                                                                                                   NT AUTHORITY\SYSTEM:(OI)(CI)(F)
2026-10-10T07:32:50.3319617Z                                                                                                                                   BUILTIN\Administrators:(OI)(CI)(F)
2026-10-10T07:32:50.3322240Z                                                                                                                                   runnervmfi6oq\runneradmin:(OI)(CI)(F)
2026-10-10T07:32:50.3322435Z         
2026-10-10T07:32:50.3322807Z         Successfully processed 1 files; Failed processing 0 files
2026-10-10T07:32:50.3323148Z === RUN   TestAC2AncestorGuardHoldsForEverySeparatorSpelling/doubled-separator
2026-10-10T07:32:50.3324119Z     seam_bypass_108_windows_test.go:330: icacls "C:\\Users\\RUNNER~1\\AppData\\Local\\Temp\\TestAC2AncestorGuardHoldsForEverySeparatorSpellingdoubled-separ1470640765\\001\\victim"
2026-10-10T07:32:50.3325330Z         C:\Users\RUNNER~1\AppData\Local\Temp\TestAC2AncestorGuardHoldsForEverySeparatorSpellingdoubled-separ1470640765\001\victim Everyone:(OI)(CI)(RX)
2026-10-10T07:32:50.3327919Z                                                                                                                                   NT AUTHORITY\SYSTEM:(OI)(CI)(F)
2026-10-10T07:32:50.3330445Z                                                                                                                                   BUILTIN\Administrators:(OI)(CI)(F)
2026-10-10T07:32:50.3333055Z                                                                                                                                   runnervmfi6oq\runneradmin:(OI)(CI)(F)
2026-10-10T07:32:50.3333261Z         
2026-10-10T07:32:50.3333833Z         Successfully processed 1 files; Failed processing 0 files
2026-10-10T07:32:50.3334953Z     seam_bypass_108_windows_test.go:330: victim DACL before: sids=[S-1-1-0 S-1-5-18 S-1-5-32-544 S-1-5-21-1643835476-1616584234-1346609752-500] names=[Everyone NT AUTHORITY\SYSTEM BUILTIN\Administrators runnervmfi6oq\runneradmin]
2026-10-10T07:32:50.3336456Z     seam_bypass_108_windows_test.go:339: fixture: own=C:\Users\RUNNER~1\AppData\Local\Temp\TestAC2AncestorGuardHoldsForEverySeparatorSpellingdoubled-separ1470640765\002\data seam=risk.c26Pipeline
2026-10-10T07:32:50.3339072Z     seam_bypass_108_windows_test.go:340: mklink /J link -> victim: Junction created for C:\Users\RUNNER~1\AppData\Local\Temp\TestAC2AncestorGuardHoldsForEverySeparatorSpellingdoubled-separ1470640765\002\data\link <<===>> C:\Users\RUNNER~1\AppData\Local\Temp\TestAC2AncestorGuardHoldsForEverySeparatorSpellingdoubled-separ1470640765\001\victim
2026-10-10T07:32:50.3340774Z     seam_bypass_108_windows_test.go:340: junction in place: C:\Users\RUNNER~1\AppData\Local\Temp\TestAC2AncestorGuardHoldsForEverySeparatorSpellingdoubled-separ1470640765\002\data\link (attributes 0x410)
2026-10-10T07:32:50.3344448Z     seam_bypass_108_windows_test.go:345: RemoveUnlinked("C:\\Users\\RUNNER~1\\AppData\\Local\\Temp\\TestAC2AncestorGuardHoldsForEverySeparatorSpellingdoubled-separ1470640765\\002\\data\\link//sub\\keep-me.txt") -> err=winsec: entry is a link to something else, not private data C:\Users\RUNNER~1\AppData\Local\Temp\TestAC2AncestorGuardHoldsForEverySeparatorSpellingdoubled-separ1470640765\002\data\link//sub\keep-me.txt: the spelling reaches it through the link at C:\Users\RUNNER~1\AppData\Local\Temp\TestAC2AncestorGuardHoldsForEverySeparatorSpellingdoubled-separ1470640765\002\data\link, and whatever lives behind that link is not this tree's data to delete
2026-10-10T07:32:50.3345520Z     seam_bypass_108_windows_test.go:360: icacls "C:\\Users\\RUNNER~1\\AppData\\Local\\Temp\\TestAC2AncestorGuardHoldsForEverySeparatorSpellingdoubled-separ1470640765\\001\\victim"
2026-10-10T07:32:50.3346524Z         C:\Users\RUNNER~1\AppData\Local\Temp\TestAC2AncestorGuardHoldsForEverySeparatorSpellingdoubled-separ1470640765\001\victim Everyone:(OI)(CI)(RX)
2026-10-10T07:32:50.3349497Z                                                                                                                                   NT AUTHORITY\SYSTEM:(OI)(CI)(F)
2026-10-10T07:32:50.3352541Z                                                                                                                                   BUILTIN\Administrators:(OI)(CI)(F)
2026-10-10T07:32:50.3355458Z                                                                                                                                   runnervmfi6oq\runneradmin:(OI)(CI)(F)
2026-10-10T07:32:50.3355643Z         
2026-10-10T07:32:50.3356053Z         Successfully processed 1 files; Failed processing 0 files
2026-10-10T07:32:50.3356445Z === RUN   TestAC2AncestorGuardHoldsForEverySeparatorSpelling/dot-segment
2026-10-10T07:32:50.3357386Z     seam_bypass_108_windows_test.go:330: icacls "C:\\Users\\RUNNER~1\\AppData\\Local\\Temp\\TestAC2AncestorGuardHoldsForEverySeparatorSpellingdot-segment3853753743\\001\\victim"
2026-10-10T07:32:50.3358360Z         C:\Users\RUNNER~1\AppData\Local\Temp\TestAC2AncestorGuardHoldsForEverySeparatorSpellingdot-segment3853753743\001\victim Everyone:(OI)(CI)(RX)
2026-10-10T07:32:50.3360947Z                                                                                                                                 NT AUTHORITY\SYSTEM:(OI)(CI)(F)
2026-10-10T07:32:50.3363583Z                                                                                                                                 BUILTIN\Administrators:(OI)(CI)(F)
2026-10-10T07:32:50.3366401Z                                                                                                                                 runnervmfi6oq\runneradmin:(OI)(CI)(F)
2026-10-10T07:32:50.3366593Z         
2026-10-10T07:32:50.3367052Z         Successfully processed 1 files; Failed processing 0 files
2026-10-10T07:32:50.3368420Z     seam_bypass_108_windows_test.go:330: victim DACL before: sids=[S-1-1-0 S-1-5-18 S-1-5-32-544 S-1-5-21-1643835476-1616584234-1346609752-500] names=[Everyone NT AUTHORITY\SYSTEM BUILTIN\Administrators runnervmfi6oq\runneradmin]
2026-10-10T07:32:50.3369571Z     seam_bypass_108_windows_test.go:339: fixture: own=C:\Users\RUNNER~1\AppData\Local\Temp\TestAC2AncestorGuardHoldsForEverySeparatorSpellingdot-segment3853753743\002\data seam=risk.c26Pipeline
2026-10-10T07:32:50.3371496Z     seam_bypass_108_windows_test.go:340: mklink /J link -> victim: Junction created for C:\Users\RUNNER~1\AppData\Local\Temp\TestAC2AncestorGuardHoldsForEverySeparatorSpellingdot-segment3853753743\002\data\link <<===>> C:\Users\RUNNER~1\AppData\Local\Temp\TestAC2AncestorGuardHoldsForEverySeparatorSpellingdot-segment3853753743\001\victim
2026-10-10T07:32:50.3372591Z     seam_bypass_108_windows_test.go:340: junction in place: C:\Users\RUNNER~1\AppData\Local\Temp\TestAC2AncestorGuardHoldsForEverySeparatorSpellingdot-segment3853753743\002\data\link (attributes 0x410)
2026-10-10T07:32:50.3376229Z     seam_bypass_108_windows_test.go:345: RemoveUnlinked("C:\\Users\\RUNNER~1\\AppData\\Local\\Temp\\TestAC2AncestorGuardHoldsForEverySeparatorSpellingdot-segment3853753743\\002\\data\\link\\.\\sub\\keep-me.txt") -> err=winsec: entry is a link to something else, not private data C:\Users\RUNNER~1\AppData\Local\Temp\TestAC2AncestorGuardHoldsForEverySeparatorSpellingdot-segment3853753743\002\data\link\.\sub\keep-me.txt: the spelling reaches it through the link at C:\Users\RUNNER~1\AppData\Local\Temp\TestAC2AncestorGuardHoldsForEverySeparatorSpellingdot-segment3853753743\002\data\link, and whatever lives behind that link is not this tree's data to delete
2026-10-10T07:32:50.3377224Z     seam_bypass_108_windows_test.go:360: icacls "C:\\Users\\RUNNER~1\\AppData\\Local\\Temp\\TestAC2AncestorGuardHoldsForEverySeparatorSpellingdot-segment3853753743\\001\\victim"
2026-10-10T07:32:50.3378382Z         C:\Users\RUNNER~1\AppData\Local\Temp\TestAC2AncestorGuardHoldsForEverySeparatorSpellingdot-segment3853753743\001\victim Everyone:(OI)(CI)(RX)
2026-10-10T07:32:50.3380823Z                                                                                                                                 NT AUTHORITY\SYSTEM:(OI)(CI)(F)
2026-10-10T07:32:50.3384486Z                                                                                                                                 BUILTIN\Administrators:(OI)(CI)(F)
2026-10-10T07:32:50.3387242Z                                                                                                                                 runnervmfi6oq\runneradmin:(OI)(CI)(F)
2026-10-10T07:32:50.3387467Z         
2026-10-10T07:32:50.3387828Z         Successfully processed 1 files; Failed processing 0 files
2026-10-10T07:32:50.3388269Z === RUN   TestAC2AncestorGuardHoldsForEverySeparatorSpelling/extended-length-prefix
2026-10-10T07:32:50.3389288Z     seam_bypass_108_windows_test.go:330: icacls "C:\\Users\\RUNNER~1\\AppData\\Local\\Temp\\TestAC2AncestorGuardHoldsForEverySeparatorSpellingextended-leng647978708\\001\\victim"
2026-10-10T07:32:50.3390206Z         C:\Users\RUNNER~1\AppData\Local\Temp\TestAC2AncestorGuardHoldsForEverySeparatorSpellingextended-leng647978708\001\victim Everyone:(OI)(CI)(RX)
2026-10-10T07:32:50.3392892Z                                                                                                                                  NT AUTHORITY\SYSTEM:(OI)(CI)(F)
2026-10-10T07:32:50.3395631Z                                                                                                                                  BUILTIN\Administrators:(OI)(CI)(F)
2026-10-10T07:32:50.3398473Z                                                                                                                                  runnervmfi6oq\runneradmin:(OI)(CI)(F)
2026-10-10T07:32:50.3398656Z         
2026-10-10T07:32:50.3399141Z         Successfully processed 1 files; Failed processing 0 files
2026-10-10T07:32:50.3400240Z     seam_bypass_108_windows_test.go:330: victim DACL before: sids=[S-1-1-0 S-1-5-18 S-1-5-32-544 S-1-5-21-1643835476-1616584234-1346609752-500] names=[Everyone NT AUTHORITY\SYSTEM BUILTIN\Administrators runnervmfi6oq\runneradmin]
2026-10-10T07:32:50.3401378Z     seam_bypass_108_windows_test.go:339: fixture: own=C:\Users\RUNNER~1\AppData\Local\Temp\TestAC2AncestorGuardHoldsForEverySeparatorSpellingextended-leng647978708\002\data seam=risk.c26Pipeline
2026-10-10T07:32:50.3403411Z     seam_bypass_108_windows_test.go:340: mklink /J link -> victim: Junction created for C:\Users\RUNNER~1\AppData\Local\Temp\TestAC2AncestorGuardHoldsForEverySeparatorSpellingextended-leng647978708\002\data\link <<===>> C:\Users\RUNNER~1\AppData\Local\Temp\TestAC2AncestorGuardHoldsForEverySeparatorSpellingextended-leng647978708\001\victim
2026-10-10T07:32:50.3405329Z     seam_bypass_108_windows_test.go:340: junction in place: C:\Users\RUNNER~1\AppData\Local\Temp\TestAC2AncestorGuardHoldsForEverySeparatorSpellingextended-leng647978708\002\data\link (attributes 0x410)
2026-10-10T07:32:50.3409006Z     seam_bypass_108_windows_test.go:345: RemoveUnlinked("\\\\?\\C:\\Users\\RUNNER~1\\AppData\\Local\\Temp\\TestAC2AncestorGuardHoldsForEverySeparatorSpellingextended-leng647978708\\002\\data\\link\\sub\\keep-me.txt") -> err=winsec: entry is a link to something else, not private data \\?\C:\Users\RUNNER~1\AppData\Local\Temp\TestAC2AncestorGuardHoldsForEverySeparatorSpellingextended-leng647978708\002\data\link\sub\keep-me.txt: the spelling reaches it through the link at \\?\C:\Users\RUNNER~1\AppData\Local\Temp\TestAC2AncestorGuardHoldsForEverySeparatorSpellingextended-leng647978708\002\data\link, and whatever lives behind that link is not this tree's data to delete
2026-10-10T07:32:50.3410017Z     seam_bypass_108_windows_test.go:360: icacls "C:\\Users\\RUNNER~1\\AppData\\Local\\Temp\\TestAC2AncestorGuardHoldsForEverySeparatorSpellingextended-leng647978708\\001\\victim"
2026-10-10T07:32:50.3410987Z         C:\Users\RUNNER~1\AppData\Local\Temp\TestAC2AncestorGuardHoldsForEverySeparatorSpellingextended-leng647978708\001\victim Everyone:(OI)(CI)(RX)
2026-10-10T07:32:50.3413520Z                                                                                                                                  NT AUTHORITY\SYSTEM:(OI)(CI)(F)
2026-10-10T07:32:50.3416267Z                                                                                                                                  BUILTIN\Administrators:(OI)(CI)(F)
2026-10-10T07:32:50.3418986Z                                                                                                                                  runnervmfi6oq\runneradmin:(OI)(CI)(F)
2026-10-10T07:32:50.3419180Z         
2026-10-10T07:32:50.3419524Z         Successfully processed 1 files; Failed processing 0 files
2026-10-10T07:32:50.3419988Z === RUN   TestAC2AncestorGuardHoldsForEverySeparatorSpelling/volume-only-relative-tail
2026-10-10T07:32:50.3420944Z     seam_bypass_108_windows_test.go:330: icacls "C:\\Users\\RUNNER~1\\AppData\\Local\\Temp\\TestAC2AncestorGuardHoldsForEverySeparatorSpellingvolume-only-r1822516388\\001\\victim"
2026-10-10T07:32:50.3421843Z         C:\Users\RUNNER~1\AppData\Local\Temp\TestAC2AncestorGuardHoldsForEverySeparatorSpellingvolume-only-r1822516388\001\victim Everyone:(OI)(CI)(RX)
2026-10-10T07:32:50.3425097Z                                                                                                                                   NT AUTHORITY\SYSTEM:(OI)(CI)(F)
2026-10-10T07:32:50.3427751Z                                                                                                                                   BUILTIN\Administrators:(OI)(CI)(F)
2026-10-10T07:32:50.3430515Z                                                                                                                                   runnervmfi6oq\runneradmin:(OI)(CI)(F)
2026-10-10T07:32:50.3430934Z         
2026-10-10T07:32:50.3431354Z         Successfully processed 1 files; Failed processing 0 files
2026-10-10T07:32:50.3432486Z     seam_bypass_108_windows_test.go:330: victim DACL before: sids=[S-1-1-0 S-1-5-18 S-1-5-32-544 S-1-5-21-1643835476-1616584234-1346609752-500] names=[Everyone NT AUTHORITY\SYSTEM BUILTIN\Administrators runnervmfi6oq\runneradmin]
2026-10-10T07:32:50.3433525Z     seam_bypass_108_windows_test.go:339: fixture: own=C:\Users\RUNNER~1\AppData\Local\Temp\TestAC2AncestorGuardHoldsForEverySeparatorSpellingvolume-only-r1822516388\002\data seam=risk.c26Pipeline
2026-10-10T07:32:50.3435515Z     seam_bypass_108_windows_test.go:340: mklink /J link -> victim: Junction created for C:\Users\RUNNER~1\AppData\Local\Temp\TestAC2AncestorGuardHoldsForEverySeparatorSpellingvolume-only-r1822516388\002\data\link <<===>> C:\Users\RUNNER~1\AppData\Local\Temp\TestAC2AncestorGuardHoldsForEverySeparatorSpellingvolume-only-r1822516388\001\victim
2026-10-10T07:32:50.3436623Z     seam_bypass_108_windows_test.go:340: junction in place: C:\Users\RUNNER~1\AppData\Local\Temp\TestAC2AncestorGuardHoldsForEverySeparatorSpellingvolume-only-r1822516388\002\data\link (attributes 0x410)
2026-10-10T07:32:50.3437958Z     seam_bypass_108_windows_test.go:345: RemoveUnlinked("data\\link/sub/keep-me.txt") -> err=winsec: path is not provably resolved, refusing to seal: data\link/sub/keep-me.txt is relative, so no tree names it and this call cannot tell which one it would remove from
2026-10-10T07:32:50.3439190Z     seam_bypass_108_windows_test.go:352: refused, but not with ErrIsReparsePoint: winsec: path is not provably resolved, refusing to seal: data\link/sub/keep-me.txt is relative, so no tree names it and this call cannot tell which one it would remove from
2026-10-10T07:32:50.3440121Z     seam_bypass_108_windows_test.go:360: icacls "C:\\Users\\RUNNER~1\\AppData\\Local\\Temp\\TestAC2AncestorGuardHoldsForEverySeparatorSpellingvolume-only-r1822516388\\001\\victim"
2026-10-10T07:32:50.3441053Z         C:\Users\RUNNER~1\AppData\Local\Temp\TestAC2AncestorGuardHoldsForEverySeparatorSpellingvolume-only-r1822516388\001\victim Everyone:(OI)(CI)(RX)
2026-10-10T07:32:50.3443871Z                                                                                                                                   NT AUTHORITY\SYSTEM:(OI)(CI)(F)
2026-10-10T07:32:50.3446394Z                                                                                                                                   BUILTIN\Administrators:(OI)(CI)(F)
2026-10-10T07:32:50.3449182Z                                                                                                                                   runnervmfi6oq\runneradmin:(OI)(CI)(F)
2026-10-10T07:32:50.3449378Z         
2026-10-10T07:32:50.3449793Z         Successfully processed 1 files; Failed processing 0 files
2026-10-10T07:32:50.3450098Z --- PASS: TestAC2AncestorGuardHoldsForEverySeparatorSpelling (0.46s)
2026-10-10T07:32:50.3450597Z     --- PASS: TestAC2AncestorGuardHoldsForEverySeparatorSpelling/native-backslash (0.06s)
2026-10-10T07:32:50.3451102Z     --- PASS: TestAC2AncestorGuardHoldsForEverySeparatorSpelling/all-forward-slash (0.06s)
2026-10-10T07:32:50.3451523Z     --- PASS: TestAC2AncestorGuardHoldsForEverySeparatorSpelling/mixed-separators (0.06s)
2026-10-10T07:32:50.3452037Z     --- PASS: TestAC2AncestorGuardHoldsForEverySeparatorSpelling/trailing-separator (0.06s)
2026-10-10T07:32:50.3452521Z     --- PASS: TestAC2AncestorGuardHoldsForEverySeparatorSpelling/doubled-separator (0.06s)
2026-10-10T07:32:50.3452925Z     --- PASS: TestAC2AncestorGuardHoldsForEverySeparatorSpelling/dot-segment (0.06s)
2026-10-10T07:32:50.3453444Z     --- PASS: TestAC2AncestorGuardHoldsForEverySeparatorSpelling/extended-length-prefix (0.06s)
2026-10-10T07:32:50.3454065Z     --- PASS: TestAC2AncestorGuardHoldsForEverySeparatorSpelling/volume-only-relative-tail (0.06s)
2026-10-10T07:32:50.3454370Z === RUN   TestAC2AncestorGuardStillUnlinksAPlainFile
2026-10-10T07:32:50.3455490Z     seam_bypass_108_windows_test.go:376: icacls "C:\\Users\\RUNNER~1\\AppData\\Local\\Temp\\TestAC2AncestorGuardStillUnlinksAPlainFile2779522189\\001\\victim"
2026-10-10T07:32:50.3456355Z         C:\Users\RUNNER~1\AppData\Local\Temp\TestAC2AncestorGuardStillUnlinksAPlainFile2779522189\001\victim Everyone:(OI)(CI)(RX)
2026-10-10T07:32:50.3458212Z                                                                                                              NT AUTHORITY\SYSTEM:(OI)(CI)(F)
2026-10-10T07:32:50.3460131Z                                                                                                              BUILTIN\Administrators:(OI)(CI)(F)
2026-10-10T07:32:50.3462190Z                                                                                                              runnervmfi6oq\runneradmin:(OI)(CI)(F)
2026-10-10T07:32:50.3462380Z         
2026-10-10T07:32:50.3462701Z         Successfully processed 1 files; Failed processing 0 files
2026-10-10T07:32:50.3464179Z     seam_bypass_108_windows_test.go:376: victim DACL before: sids=[S-1-1-0 S-1-5-18 S-1-5-32-544 S-1-5-21-1643835476-1616584234-1346609752-500] names=[Everyone NT AUTHORITY\SYSTEM BUILTIN\Administrators runnervmfi6oq\runneradmin]
2026-10-10T07:32:50.3465921Z     seam_bypass_108_windows_test.go:389: mklink /J stray-link -> victim: Junction created for C:\Users\RUNNER~1\AppData\Local\Temp\TestAC2AncestorGuardStillUnlinksAPlainFile2779522189\002\stray-link <<===>> C:\Users\RUNNER~1\AppData\Local\Temp\TestAC2AncestorGuardStillUnlinksAPlainFile2779522189\001\victim
2026-10-10T07:32:50.3466819Z     seam_bypass_108_windows_test.go:389: junction in place: C:\Users\RUNNER~1\AppData\Local\Temp\TestAC2AncestorGuardStillUnlinksAPlainFile2779522189\002\stray-link (attributes 0x410)
2026-10-10T07:32:50.3467217Z --- PASS: TestAC2AncestorGuardStillUnlinksAPlainFile (0.05s)
2026-10-10T07:32:50.3467628Z === RUN   TestAC1SeamRejectsARubberStampAndLeavesTheForeignDaclAlone
2026-10-10T07:32:50.3467938Z     seam_guard_windows_test.go:158: incumbent resolver: risk.c26Pipeline
2026-10-10T07:32:50.3468833Z     seam_guard_windows_test.go:160: icacls "C:\\Users\\RUNNER~1\\AppData\\Local\\Temp\\TestAC1SeamRejectsARubberStampAndLeavesTheForeignDaclAlone3006956632\\001\\victim"
2026-10-10T07:32:50.3469698Z         C:\Users\RUNNER~1\AppData\Local\Temp\TestAC1SeamRejectsARubberStampAndLeavesTheForeignDaclAlone3006956632\001\victim Everyone:(OI)(CI)(RX)
2026-10-10T07:32:50.3472121Z                                                                                                                              NT AUTHORITY\SYSTEM:(OI)(CI)(F)
2026-10-10T07:32:50.3474485Z                                                                                                                              BUILTIN\Administrators:(OI)(CI)(F)
2026-10-10T07:32:50.3478004Z                                                                                                                              runnervmfi6oq\runneradmin:(OI)(CI)(F)
2026-10-10T07:32:50.3478229Z         
2026-10-10T07:32:50.3478570Z         Successfully processed 1 files; Failed processing 0 files
2026-10-10T07:32:50.3479722Z     seam_guard_windows_test.go:160: victim DACL before: sids=[S-1-1-0 S-1-5-18 S-1-5-32-544 S-1-5-21-1643835476-1616584234-1346609752-500] names=[Everyone NT AUTHORITY\SYSTEM BUILTIN\Administrators runnervmfi6oq\runneradmin]
2026-10-10T07:32:50.3481391Z     seam_guard_windows_test.go:166: mklink /J link -> victim: Junction created for C:\Users\RUNNER~1\AppData\Local\Temp\TestAC1SeamRejectsARubberStampAndLeavesTheForeignDaclAlone3006956632\002\data\link <<===>> C:\Users\RUNNER~1\AppData\Local\Temp\TestAC1SeamRejectsARubberStampAndLeavesTheForeignDaclAlone3006956632\001\victim
2026-10-10T07:32:50.3482378Z     seam_guard_windows_test.go:166: junction in place: C:\Users\RUNNER~1\AppData\Local\Temp\TestAC1SeamRejectsARubberStampAndLeavesTheForeignDaclAlone3006956632\002\data\link (attributes 0x410)
2026-10-10T07:32:50.3484527Z     seam_guard_windows_test.go:193: PrivateDirAll through the junction refused as: winsec: refusing to seal C:\Users\RUNNER~1\AppData\Local\Temp\TestAC1SeamRejectsARubberStampAndLeavesTheForeignDaclAlone3006956632\002\data\link\artifacts: risk: path traverses a reparse point (junction/symlink) not covered by reparse_point_exceptions
2026-10-10T07:32:50.3485545Z     seam_guard_windows_test.go:202: icacls "C:\\Users\\RUNNER~1\\AppData\\Local\\Temp\\TestAC1SeamRejectsARubberStampAndLeavesTheForeignDaclAlone3006956632\\002\\data\\link\\sub\\keep-me.txt"
2026-10-10T07:32:50.3486518Z         C:\Users\RUNNER~1\AppData\Local\Temp\TestAC1SeamRejectsARubberStampAndLeavesTheForeignDaclAlone3006956632\002\data\link\sub\keep-me.txt Everyone:(I)(RX)
2026-10-10T07:32:50.3489272Z                                                                                                                                                 BUILTIN\Administrators:(I)(F)
2026-10-10T07:32:50.3492050Z                                                                                                                                                 NT AUTHORITY\SYSTEM:(I)(F)
2026-10-10T07:32:50.3495060Z                                                                                                                                                 runnervmfi6oq\runneradmin:(I)(F)
2026-10-10T07:32:50.3496647Z         
2026-10-10T07:32:50.3497469Z         Successfully processed 1 files; Failed processing 0 files
2026-10-10T07:32:50.3499146Z     seam_guard_windows_test.go:203: foreign file DACL before: sids=[S-1-1-0 S-1-5-32-544 S-1-5-18 S-1-5-21-1643835476-1616584234-1346609752-500] names=[Everyone BUILTIN\Administrators NT AUTHORITY\SYSTEM runnervmfi6oq\runneradmin]
2026-10-10T07:32:50.3500826Z     seam_guard_windows_test.go:213: icacls "C:\\Users\\RUNNER~1\\AppData\\Local\\Temp\\TestAC1SeamRejectsARubberStampAndLeavesTheForeignDaclAlone3006956632\\002\\data\\link\\sub\\keep-me.txt"
2026-10-10T07:32:50.3501870Z         C:\Users\RUNNER~1\AppData\Local\Temp\TestAC1SeamRejectsARubberStampAndLeavesTheForeignDaclAlone3006956632\002\data\link\sub\keep-me.txt Everyone:(I)(RX)
2026-10-10T07:32:50.3505171Z                                                                                                                                                 BUILTIN\Administrators:(I)(F)
2026-10-10T07:32:50.3507941Z                                                                                                                                                 NT AUTHORITY\SYSTEM:(I)(F)
2026-10-10T07:32:50.3511770Z                                                                                                                                                 runnervmfi6oq\runneradmin:(I)(F)
2026-10-10T07:32:50.3512505Z         
2026-10-10T07:32:50.3513055Z         Successfully processed 1 files; Failed processing 0 files
2026-10-10T07:32:50.3514162Z     seam_guard_windows_test.go:214: foreign file DACL after:  sids=[S-1-1-0 S-1-5-32-544 S-1-5-18 S-1-5-21-1643835476-1616584234-1346609752-500] names=[Everyone BUILTIN\Administrators NT AUTHORITY\SYSTEM runnervmfi6oq\runneradmin]
2026-10-10T07:32:50.3515376Z     seam_guard_windows_test.go:223: icacls "C:\\Users\\RUNNER~1\\AppData\\Local\\Temp\\TestAC1SeamRejectsARubberStampAndLeavesTheForeignDaclAlone3006956632\\001\\victim"
2026-10-10T07:32:50.3516714Z         C:\Users\RUNNER~1\AppData\Local\Temp\TestAC1SeamRejectsARubberStampAndLeavesTheForeignDaclAlone3006956632\001\victim Everyone:(OI)(CI)(RX)
2026-10-10T07:32:50.3520103Z                                                                                                                              NT AUTHORITY\SYSTEM:(OI)(CI)(F)
2026-10-10T07:32:50.3523161Z                                                                                                                              BUILTIN\Administrators:(OI)(CI)(F)
2026-10-10T07:32:50.3526028Z                                                                                                                              runnervmfi6oq\runneradmin:(OI)(CI)(F)
2026-10-10T07:32:50.3526303Z         
2026-10-10T07:32:50.3526902Z         Successfully processed 1 files; Failed processing 0 files
2026-10-10T07:32:50.3528042Z     seam_guard_windows_test.go:224: victim DACL after:  sids=[S-1-1-0 S-1-5-18 S-1-5-32-544 S-1-5-21-1643835476-1616584234-1346609752-500] names=[Everyone NT AUTHORITY\SYSTEM BUILTIN\Administrators runnervmfi6oq\runneradmin]
2026-10-10T07:32:50.3528948Z     seam_guard_windows_test.go:234: icacls "C:\\Users\\RUNNER~1\\AppData\\Local\\Temp\\TestAC1SeamRejectsARubberStampAndLeavesTheForeignDaclAlone3006956632\\001\\victim"
2026-10-10T07:32:50.3530453Z         C:\Users\RUNNER~1\AppData\Local\Temp\TestAC1SeamRejectsARubberStampAndLeavesTheForeignDaclAlone3006956632\001\victim Everyone:(OI)(CI)(RX)
2026-10-10T07:32:50.3532871Z                                                                                                                              NT AUTHORITY\SYSTEM:(OI)(CI)(F)
2026-10-10T07:32:50.3537019Z                                                                                                                              BUILTIN\Administrators:(OI)(CI)(F)
2026-10-10T07:32:50.3539487Z                                                                                                                              runnervmfi6oq\runneradmin:(OI)(CI)(F)
2026-10-10T07:32:50.3539696Z         
2026-10-10T07:32:50.3540100Z         Successfully processed 1 files; Failed processing 0 files
2026-10-10T07:32:50.3540563Z     seam_guard_windows_test.go:234: icacls(victim) after the refused install:
2026-10-10T07:32:50.3541579Z         C:\Users\RUNNER~1\AppData\Local\Temp\TestAC1SeamRejectsARubberStampAndLeavesTheForeignDaclAlone3006956632\001\victim Everyone:(OI)(CI)(RX)
2026-10-10T07:32:50.3544302Z                                                                                                                              NT AUTHORITY\SYSTEM:(OI)(CI)(F)
2026-10-10T07:32:50.3547182Z                                                                                                                              BUILTIN\Administrators:(OI)(CI)(F)
2026-10-10T07:32:50.3549955Z                                                                                                                              runnervmfi6oq\runneradmin:(OI)(CI)(F)
2026-10-10T07:32:50.3550194Z         
2026-10-10T07:32:50.3550609Z         Successfully processed 1 files; Failed processing 0 files
2026-10-10T07:32:50.3551177Z --- PASS: TestAC1SeamRejectsARubberStampAndLeavesTheForeignDaclAlone (0.09s)
2026-10-10T07:32:50.3551449Z === RUN   TestAC1SeamIsOneWayUseIsTheOnlyDirection
2026-10-10T07:32:50.3551696Z --- PASS: TestAC1SeamIsOneWayUseIsTheOnlyDirection (0.00s)
2026-10-10T07:32:50.3551993Z === RUN   TestAC1RefusedInstallLeavesTheSealWorking
2026-10-10T07:32:50.3552833Z     seam_guard_windows_test.go:291: icacls "C:\\Users\\RUNNER~1\\AppData\\Local\\Temp\\TestAC1RefusedInstallLeavesTheSealWorking1665078517\\001\\victim"
2026-10-10T07:32:50.3553544Z         C:\Users\RUNNER~1\AppData\Local\Temp\TestAC1RefusedInstallLeavesTheSealWorking1665078517\001\victim Everyone:(OI)(CI)(RX)
2026-10-10T07:32:50.3555949Z                                                                                                             NT AUTHORITY\SYSTEM:(OI)(CI)(F)
2026-10-10T07:32:50.3558119Z                                                                                                             BUILTIN\Administrators:(OI)(CI)(F)
2026-10-10T07:32:50.3560291Z                                                                                                             runnervmfi6oq\runneradmin:(OI)(CI)(F)
2026-10-10T07:32:50.3560441Z         
2026-10-10T07:32:50.3560848Z         Successfully processed 1 files; Failed processing 0 files
2026-10-10T07:32:50.3561961Z     seam_guard_windows_test.go:291: victim DACL before: sids=[S-1-1-0 S-1-5-18 S-1-5-32-544 S-1-5-21-1643835476-1616584234-1346609752-500] names=[Everyone NT AUTHORITY\SYSTEM BUILTIN\Administrators runnervmfi6oq\runneradmin]
2026-10-10T07:32:50.3563666Z     seam_guard_windows_test.go:297: mklink /J link -> victim: Junction created for C:\Users\RUNNER~1\AppData\Local\Temp\TestAC1RefusedInstallLeavesTheSealWorking1665078517\002\data\link <<===>> C:\Users\RUNNER~1\AppData\Local\Temp\TestAC1RefusedInstallLeavesTheSealWorking1665078517\001\victim
2026-10-10T07:32:50.3564675Z     seam_guard_windows_test.go:297: junction in place: C:\Users\RUNNER~1\AppData\Local\Temp\TestAC1RefusedInstallLeavesTheSealWorking1665078517\002\data\link (attributes 0x410)
2026-10-10T07:32:50.3566735Z time=2026-10-10T07:32:49.910Z level=ERROR msg="winsec: refusing to install a path resolver into the sealing seam" resolver=winsec_test.rubberStampResolver reason="it answered the hostile shape \"C:\\\\Users\\\\runneradmin\\\\AppData\\\\Local\\\\Temp\\\\..\\\\wisp-103-conformance-probe\" by passing it through unchanged, which is the bypass this seam exists to close" consequence="the incumbent resolver, or the built-in floor, stays in place"
2026-10-10T07:32:50.3567652Z     seam_guard_windows_test.go:305: icacls "C:\\Users\\RUNNER~1\\AppData\\Local\\Temp\\TestAC1RefusedInstallLeavesTheSealWorking1665078517\\002\\data\\private"
2026-10-10T07:32:50.3568445Z         C:\Users\RUNNER~1\AppData\Local\Temp\TestAC1RefusedInstallLeavesTheSealWorking1665078517\002\data\private NT AUTHORITY\SYSTEM:(F)
2026-10-10T07:32:50.3570768Z                                                                                                                   NT AUTHORITY\SYSTEM:(OI)(CI)(IO)(F)
2026-10-10T07:32:50.3572794Z                                                                                                                   BUILTIN\Administrators:(F)
2026-10-10T07:32:50.3575209Z                                                                                                                   BUILTIN\Administrators:(OI)(CI)(IO)(F)
2026-10-10T07:32:50.3577258Z                                                                                                                   runnervmfi6oq\runneradmin:(F)
2026-10-10T07:32:50.3579658Z                                                                                                                   runnervmfi6oq\runneradmin:(OI)(CI)(IO)(F)
2026-10-10T07:32:50.3579823Z         
2026-10-10T07:32:50.3580222Z         Successfully processed 1 files; Failed processing 0 files
2026-10-10T07:32:50.3581027Z     seam_guard_windows_test.go:312: icacls "C:\\Users\\RUNNER~1\\AppData\\Local\\Temp\\TestAC1RefusedInstallLeavesTheSealWorking1665078517\\001\\victim"
2026-10-10T07:32:50.3583283Z         C:\Users\RUNNER~1\AppData\Local\Temp\TestAC1RefusedInstallLeavesTheSealWorking1665078517\001\victim Everyone:(OI)(CI)(RX)
2026-10-10T07:32:50.3585334Z                                                                                                             NT AUTHORITY\SYSTEM:(OI)(CI)(F)
2026-10-10T07:32:50.3587497Z                                                                                                             BUILTIN\Administrators:(OI)(CI)(F)
2026-10-10T07:32:50.3589619Z                                                                                                             runnervmfi6oq\runneradmin:(OI)(CI)(F)
2026-10-10T07:32:50.3589760Z         
2026-10-10T07:32:50.3590117Z         Successfully processed 1 files; Failed processing 0 files
2026-10-10T07:32:50.3590449Z --- PASS: TestAC1RefusedInstallLeavesTheSealWorking (0.07s)
2026-10-10T07:32:50.3590702Z === RUN   TestAC2RemoveUnlinkedRefusesAPathThroughAJunction
2026-10-10T07:32:50.3591544Z     seam_guard_windows_test.go:325: icacls "C:\\Users\\RUNNER~1\\AppData\\Local\\Temp\\TestAC2RemoveUnlinkedRefusesAPathThroughAJunction834709269\\001\\victim"
2026-10-10T07:32:50.3592384Z         C:\Users\RUNNER~1\AppData\Local\Temp\TestAC2RemoveUnlinkedRefusesAPathThroughAJunction834709269\001\victim Everyone:(OI)(CI)(RX)
2026-10-10T07:32:50.3594468Z                                                                                                                    NT AUTHORITY\SYSTEM:(OI)(CI)(F)
2026-10-10T07:32:50.3597255Z                                                                                                                    BUILTIN\Administrators:(OI)(CI)(F)
2026-10-10T07:32:50.3599467Z                                                                                                                    runnervmfi6oq\runneradmin:(OI)(CI)(F)
2026-10-10T07:32:50.3599602Z         
2026-10-10T07:32:50.3599982Z         Successfully processed 1 files; Failed processing 0 files
2026-10-10T07:32:50.3601175Z     seam_guard_windows_test.go:325: victim DACL before: sids=[S-1-1-0 S-1-5-18 S-1-5-32-544 S-1-5-21-1643835476-1616584234-1346609752-500] names=[Everyone NT AUTHORITY\SYSTEM BUILTIN\Administrators runnervmfi6oq\runneradmin]
2026-10-10T07:32:50.3602754Z     seam_guard_windows_test.go:331: mklink /J link -> victim: Junction created for C:\Users\RUNNER~1\AppData\Local\Temp\TestAC2RemoveUnlinkedRefusesAPathThroughAJunction834709269\002\data\link <<===>> C:\Users\RUNNER~1\AppData\Local\Temp\TestAC2RemoveUnlinkedRefusesAPathThroughAJunction834709269\001\victim
2026-10-10T07:32:50.3603707Z     seam_guard_windows_test.go:331: junction in place: C:\Users\RUNNER~1\AppData\Local\Temp\TestAC2RemoveUnlinkedRefusesAPathThroughAJunction834709269\002\data\link (attributes 0x410)
2026-10-10T07:32:50.3604053Z --- PASS: TestAC2RemoveUnlinkedRefusesAPathThroughAJunction (0.05s)
2026-10-10T07:32:50.3604324Z === RUN   TestAC2RemoveUnlinkedStillUnlinksAStandaloneLink
2026-10-10T07:32:50.3605115Z     seam_guard_windows_test.go:355: icacls "C:\\Users\\RUNNER~1\\AppData\\Local\\Temp\\TestAC2RemoveUnlinkedStillUnlinksAStandaloneLink920482918\\001\\victim"
2026-10-10T07:32:50.3605944Z         C:\Users\RUNNER~1\AppData\Local\Temp\TestAC2RemoveUnlinkedStillUnlinksAStandaloneLink920482918\001\victim Everyone:(OI)(CI)(RX)
2026-10-10T07:32:50.3607997Z                                                                                                                   NT AUTHORITY\SYSTEM:(OI)(CI)(F)
2026-10-10T07:32:50.3610131Z                                                                                                                   BUILTIN\Administrators:(OI)(CI)(F)
2026-10-10T07:32:50.3612335Z                                                                                                                   runnervmfi6oq\runneradmin:(OI)(CI)(F)
2026-10-10T07:32:50.3612551Z         
2026-10-10T07:32:50.3612874Z         Successfully processed 1 files; Failed processing 0 files
2026-10-10T07:32:50.3614117Z     seam_guard_windows_test.go:355: victim DACL before: sids=[S-1-1-0 S-1-5-18 S-1-5-32-544 S-1-5-21-1643835476-1616584234-1346609752-500] names=[Everyone NT AUTHORITY\SYSTEM BUILTIN\Administrators runnervmfi6oq\runneradmin]
2026-10-10T07:32:50.3615995Z     seam_guard_windows_test.go:361: mklink /J stray-link -> victim: Junction created for C:\Users\RUNNER~1\AppData\Local\Temp\TestAC2RemoveUnlinkedStillUnlinksAStandaloneLink920482918\002\data\stray-link <<===>> C:\Users\RUNNER~1\AppData\Local\Temp\TestAC2RemoveUnlinkedStillUnlinksAStandaloneLink920482918\001\victim
2026-10-10T07:32:50.3616993Z     seam_guard_windows_test.go:361: junction in place: C:\Users\RUNNER~1\AppData\Local\Temp\TestAC2RemoveUnlinkedStillUnlinksAStandaloneLink920482918\002\data\stray-link (attributes 0x410)
2026-10-10T07:32:50.3617380Z --- PASS: TestAC2RemoveUnlinkedStillUnlinksAStandaloneLink (0.05s)
2026-10-10T07:32:50.3618467Z === RUN   TestTreeOwnershipProbeAcceptsAn83ShortSpellingOfItsOwnParent
2026-10-10T07:32:50.3618941Z === RUN   TestTreeOwnershipProbeAcceptsAn83ShortSpellingOfItsOwnParent/on_a_volume_that_generates_8.3_names
2026-10-10T07:32:50.3622941Z     tree_ownership_112_windows_test.go:167: the tree-moving candidate is still refused: it answered "C:\\Users\\RUNNER~1\\AppData\\Local\\Temp\\TESTTR~1\\001\\WISP11~1\\wisp-112-missing-child" with "C:\\Users\\RUNNER~1\\AppData\\Local\\Temp\\TestTreeOwnershipProbeAcceptsAn83ShortSpellingOfItsOwnParenton_1502609149\\002\\someone-elses-tree\\wisp-112-missing-child", which is neither inside the tree "C:\\Users\\RUNNER~1\\AppData\\Local\\Temp\\TestTreeOwnershipProbeAcceptsAn83ShortSpellingOfItsOwnParenton_1502609149\\002\\someone-elses-tree\\WISP11~1" it answered for that path's own parent "C:\\Users\\RUNNER~1\\AppData\\Local\\Temp\\TESTTR~1\\001\\WISP11~1" nor inside the tree that answer names once the candidate is asked about it directly ("C:\\Users\\RUNNER~1\\AppData\\Local\\Temp\\TestTreeOwnershipProbeAcceptsAn83ShortSpellingOfItsOwnParenton_1502609149\\002\\someone-elses-tree" for "C:\\Users\\RUNNER~1\\AppData\\Local\\Temp\\TestTreeOwnershipProbeAcceptsAn83ShortSpellingOfItsOwnParenton_1502609149\\002\\someone-elses-tree"): the seam may not be used to move a seal into another tree
2026-10-10T07:32:50.3623369Z --- PASS: TestTreeOwnershipProbeAcceptsAn83ShortSpellingOfItsOwnParent (0.00s)
2026-10-10T07:32:50.3623862Z     --- PASS: TestTreeOwnershipProbeAcceptsAn83ShortSpellingOfItsOwnParent/on_a_volume_that_generates_8.3_names (0.00s)
2026-10-10T07:32:50.3623995Z PASS
2026-10-10T07:32:50.3624194Z ok  	github.com/CarlosShao/wisp/internal/winsec	6.429s
2026-10-10T07:32:50.3732915Z runtests.sh: OK - packages=[./internal/winsec/... -count=1 -skip ^(TestDefaultDeadlineWallClockMeasurement|TestSubprocessCrashWriter|TestHelperProcess|TestLiveWasapiSmoke|TestRealDownloadVadThroughPipeline|TestRealDownloadPuncArchiveThroughPipeline|TestSyncRegistryProbeLive)$] top-level: PASS=58 FAIL=0 SKIP=0, === RUN=101, '[no tests to run]'=0
2026-10-10T07:32:50.4806431Z portable-tests.sh: four numbers (all from -v output): === RUN=101  --- PASS=58  --- FAIL=0  --- SKIP=0
2026-10-10T07:32:50.5559725Z portable-tests.sh:   ok (own line)  github.com/CarlosShao/wisp/internal/winsec
2026-10-10T07:32:50.8077143Z winsec-tests.sh: winsec result line: ok  	github.com/CarlosShao/wisp/internal/winsec	6.429s
2026-10-10T07:32:50.8078591Z winsec-tests.sh: four numbers (all from -v output): === RUN=101  --- PASS=58  --- FAIL=0  --- SKIP=0
2026-10-10T07:32:50.9546889Z ##[group]Run actions/cache@v4
2026-10-10T07:32:50.9547360Z with:
2026-10-10T07:32:50.9547619Z   path: third_party
2026-10-10T07:32:50.9548088Z   key: wisp-third_party-9a3d98c4ac75db2e8d66e0fb02532da54e7dd1e4b7dbb44343af15438ecb5a63
2026-10-10T07:32:50.9548593Z   enableCrossOsArchive: false
2026-10-10T07:32:50.9548903Z   fail-on-cache-miss: false
2026-10-10T07:32:50.9549189Z   lookup-only: false
2026-10-10T07:32:50.9549441Z   save-always: false
2026-10-10T07:32:50.9549715Z env:
2026-10-10T07:32:50.9550187Z   WISP_ENV: test
2026-10-10T07:32:50.9550455Z ##[endgroup]
2026-10-10T07:32:51.0866943Z (node:5468) [DEP0040] DeprecationWarning: The `punycode` module is deprecated. Please use a userland alternative instead.
2026-10-10T07:32:51.0867923Z (Use `node --trace-deprecation ...` to show where the warning was created)
2026-10-10T07:32:51.2892302Z Cache hit for: wisp-third_party-9a3d98c4ac75db2e8d66e0fb02532da54e7dd1e4b7dbb44343af15438ecb5a63
2026-10-10T07:32:51.2997787Z (node:5468) [DEP0169] DeprecationWarning: `url.parse()` behavior is not standardized and prone to errors that have security implications. Use the WHATWG URL API instead. CVEs are not issued for `url.parse()` vulnerabilities.
2026-10-10T07:32:51.9456946Z Received 7901396 of 7901396 (100.0%), 15.2 MBs/sec
2026-10-10T07:32:51.9459400Z Cache Size: ~8 MB (7901396 B)
2026-10-10T07:32:51.9484645Z [command]"C:\Program Files\Git\usr\bin\tar.exe" -xf D:/a/_temp/0e185c78-dcb5-48e3-a9f4-1c45bdde888e/cache.tzst -P -C D:/a/wisp/wisp --force-local --use-compress-program "zstd -d"
2026-10-10T07:32:52.0303071Z Cache restored successfully
2026-10-10T07:32:52.0423317Z Cache restored from key: wisp-third_party-9a3d98c4ac75db2e8d66e0fb02532da54e7dd1e4b7dbb44343af15438ecb5a63
2026-10-10T07:32:52.0739149Z ##[group]Run powershell -NoProfile -ExecutionPolicy Bypass -File scripts/build.ps1 -Env dev
2026-10-10T07:32:52.0739938Z [36;1mpowershell -NoProfile -ExecutionPolicy Bypass -File scripts/build.ps1 -Env dev[0m
2026-10-10T07:32:52.0858802Z shell: C:\Program Files\PowerShell\7\pwsh.EXE -command ". '{0}'"
2026-10-10T07:32:52.0859207Z env:
2026-10-10T07:32:52.0859504Z   WISP_ENV: test
2026-10-10T07:32:52.0859811Z ##[endgroup]
2026-10-10T07:32:52.8560236Z build.ps1: repo root D:\a\wisp\wisp (Env=dev)
2026-10-10T07:32:53.0120534Z build.ps1: toolchain: go version go1.27.2 windows/amd64; CC=C:\mingw64\bin\gcc.exe (gcc.exe (x86_64-posix-seh-rev1, Built by MinGW-Builds project) 15.2.0)
2026-10-10T07:32:54.0031239Z fetch-deps: cache hit - third_party/sherpa-onnx matches deps.toml (sherpa-onnx 1.13.8)
2026-10-10T07:32:57.4173433Z build.ps1: frontend: node = C:\Program Files\nodejs\node.exe (v22.23.3); npm = C:\Program Files\nodejs\npm.cmd (10.9.9)
2026-10-10T07:32:57.4187505Z build.ps1: frontend: node_modules ABSENT -> running npm ci (clean install pinned by package-lock.json).
2026-10-10T07:33:07.9435707Z 
2026-10-10T07:33:07.9436432Z added 126 packages, and audited 127 packages in 10s
2026-10-10T07:33:07.9436850Z 
2026-10-10T07:33:07.9437064Z 14 packages are looking for funding
2026-10-10T07:33:07.9437509Z   run `npm fund` for details
2026-10-10T07:33:07.9452372Z 
2026-10-10T07:33:07.9452860Z 1 high severity vulnerability
2026-10-10T07:33:07.9453251Z 
2026-10-10T07:33:07.9453474Z To address all issues, run:
2026-10-10T07:33:07.9453995Z   npm audit fix
2026-10-10T07:33:07.9454238Z 
2026-10-10T07:33:07.9454451Z Run `npm audit` for details.
2026-10-10T07:33:10.4765056Z build.ps1: frontend: pre-build dist snapshot = 1 file(s) [.gitkeep] (this run's npm must produce an artifact name outside it).
2026-10-10T07:33:10.4772831Z build.ps1: frontend: running npm run build (tsc -b && vite build, output goes to frontend/dist).
2026-10-10T07:33:10.7858939Z 
2026-10-10T07:33:10.7859842Z > frontend@0.0.0 build
2026-10-10T07:33:10.7860550Z > tsc -b && vite build
2026-10-10T07:33:10.7860969Z 
2026-10-10T07:33:16.0985795Z [36mvite v8.3.0 [32mbuilding client environment for production...[36m[39m
2026-10-10T07:33:16.1105528Z transforming...
2026-10-10T07:33:16.5080755Z ✓ 2439 modules transformed.
2026-10-10T07:33:16.5768694Z rendering chunks...
2026-10-10T07:33:16.6562386Z computing gzip size...
2026-10-10T07:33:16.6668788Z dist/index.html                   1.06 kB │ gzip:   0.64 kB
2026-10-10T07:33:16.6669622Z dist/assets/index-yy8KMgdf.css   49.54 kB │ gzip:   9.84 kB
2026-10-10T07:33:16.6670412Z dist/assets/index-vdBrT8rM.js   552.02 kB │ gzip: 170.74 kB
2026-10-10T07:33:16.6670826Z 
2026-10-10T07:33:16.6714888Z [33m[plugin builtin:vite-reporter] 
2026-10-10T07:33:16.6716651Z (!) Some chunks are larger than 500 kB after minification. Consider:
2026-10-10T07:33:16.6717357Z - Using dynamic import() to code-split the application
2026-10-10T07:33:16.6718441Z - Use build.rolldownOptions.output.codeSplitting to improve chunking: https://rolldown.rs/reference/OutputOptions.codeSplitting
2026-10-10T07:33:16.6719743Z - Adjust chunk size limit for this warning via build.chunkSizeWarningLimit.[39m
2026-10-10T07:33:16.6791814Z [32m✓ built in 579ms[39m
2026-10-10T07:33:17.0022448Z build.ps1: frontend ok: 4 file(s) in frontend/dist (entry index.html is 1068 bytes): .gitkeep=0 assets\index-vdBrT8rM.js=552027 assets\index-yy8KMgdf.css=49540 index.html=1068 || provenance: this run's npm added new artifact name(s) [assets\index-vdBrT8rM.js assets\index-yy8KMgdf.css index.html] over the pre-build snapshot 1 file(s) [.gitkeep]; gone since snapshot: []
2026-10-10T07:33:24.7027014Z build.ps1: go build ok (cgo linked against sherpa-onnx C API)
2026-10-10T07:33:24.7196167Z build.ps1: DLLs colocated into D:\a\wisp\wisp\build
2026-10-10T07:33:24.7229079Z build.ps1: signed model manifest colocated into D:\a\wisp\wisp\build\models
2026-10-10T07:33:24.7991371Z build.ps1: wrote D:\a\wisp\wisp\build\SHA256SUMS
2026-10-10T07:33:24.8001412Z build.ps1: smoke test - running wisp.exe doctor
2026-10-10T07:33:24.9106974Z build.ps1: done. Artifacts in build\: wisp.exe, onnxruntime.dll, sherpa-onnx-c-api.dll, sherpa-onnx-cxx-api.dll, SHA256SUMS
2026-10-10T07:33:25.0295582Z time=2026-10-10T07:33:25.006Z level=INFO msg="winsec: sealing path resolver installed" resolver=risk.c26Pipeline probes_passed=2
2026-10-10T07:33:25.1783557Z wisp doctor - build chain self-check
2026-10-10T07:33:25.1784688Z ------------------------------------------------------------------------
2026-10-10T07:33:25.1791347Z [INFO] wisp build                         version=0.0.0-dev commit=bcd0a54 built=2026-10-10T07:33:17Z WISP_ENV=test
2026-10-10T07:33:25.1792623Z [INFO] Go runtime                         go1.27.2 (toolchain pinned by go.mod)
2026-10-10T07:33:25.1797211Z [INFO] C29 minisign public key            untrusted comment: wisp models signing key (dev)
2026-10-10T07:33:25.1799072Z RWSjyHlPP9lPxdEQRvWj3zFLMbc1tTEkKMwTDuVXXQDxsWRpA/m5jk9j (placeholder until C29 lands; hardcoded into buildinfo per SPEC-11 §7.3)
2026-10-10T07:33:25.1838541Z [PASS] gcc (build-time)                   gcc.exe (x86_64-posix-seh-rev1, Built by MinGW-Builds project) 15.2.0
2026-10-10T07:33:25.1842657Z [PASS] sherpa-onnx C API                  runtime 1.13.8 matches build pin (exe dir D:\a\wisp\wisp\build)
2026-10-10T07:33:25.1847239Z [PASS] onnxruntime.dll colocated          file version 1.28.2.0 matches build pin 1.28.2
2026-10-10T07:33:25.1848199Z [INFO] sherpa-onnx built against onnxruntime 1.28.2
2026-10-10T07:33:25.1850550Z [PASS] DLL colocated: sherpa-onnx-c-api.dll D:\a\wisp\wisp\build\sherpa-onnx-c-api.dll
2026-10-10T07:33:25.1851635Z [PASS] DLL colocated: sherpa-onnx-cxx-api.dll D:\a\wisp\wisp\build\sherpa-onnx-cxx-api.dll
2026-10-10T07:33:25.1852525Z [PASS] deps.toml sherpa-onnx pin          1.13.8
2026-10-10T07:33:25.1853236Z [PASS] deps.toml onnxruntime pin          1.28.2
2026-10-10T07:33:25.1853909Z [PASS] deps.toml sherpa-onnx-go pin       v1.13.8
2026-10-10T07:33:25.1854808Z [PASS] data dir writable (test)           C:\Users\runneradmin\AppData\Local\Temp\wisp-test-5176
2026-10-10T07:33:25.1855662Z ------------------------------------------------------------------------
2026-10-10T07:33:25.1856398Z wisp doctor: PASS
2026-10-10T07:33:25.2103947Z ##[group]Run bash scripts/wisp-cli-tests.sh
2026-10-10T07:33:25.2104673Z [36;1mbash scripts/wisp-cli-tests.sh[0m
2026-10-10T07:33:25.2119089Z shell: C:\Program Files\Git\bin\bash.EXE --noprofile --norc -e -o pipefail {0}
2026-10-10T07:33:25.2119699Z env:
2026-10-10T07:33:25.2120045Z   WISP_ENV: test
2026-10-10T07:33:25.2120477Z ##[endgroup]
2026-10-10T07:33:25.4617554Z wisp-cli-tests.sh: scope=./cmd/wisp/ dll_dir=/d/a/wisp/wisp/third_party/sherpa-onnx (pinned: onnxruntime.dll sherpa-onnx-c-api.dll sherpa-onnx-cxx-api.dll )
2026-10-10T07:33:25.4619442Z wisp-cli-tests.sh: handing the verdict to portable-tests.sh --scope=cli
2026-10-10T07:33:44.1461752Z portable-tests.sh: platform=windows scope=[./cmd/wisp/]
2026-10-10T07:33:44.1462298Z portable-tests.sh: 11 ledger entries, 7 accounted on this platform:
2026-10-10T07:33:44.1473127Z portable-tests.sh:   TestDefaultDeadlineWallClockMeasurement              [opt-in] 300s wall-clock measurement gated by WISP_84_MEASURE=1 (ticket84_no_owner_test.go:224, docs/evidence/s1/84-ac1-bounded-wait.md); it measures a deadline instead of asserting a property, so a CI run of it produces a duration nobody checks
2026-10-10T07:33:44.1479470Z portable-tests.sh:   TestSubprocessCrashWriter                            [reexec] child-process entry point of TestCrashRecoveryKillMidWrite (concurrent_test.go:186); not a test of its own, it skips whenever it is not the re-exec'd child
2026-10-10T07:33:44.1485663Z portable-tests.sh:   TestHelperProcess                                    [reexec] child-process entry point of the job-object cases (jobscope_windows_test.go:87, //go:build windows); skips unless re-exec'd with the helper env var set
2026-10-10T07:33:44.1493755Z portable-tests.sh:   TestLiveWasapiSmoke                                  [fixture] live WASAPI capture needs WISP_LIVE_MIC=1 and a physical microphone (hotplug_test.go:527, //go:build windows); a hosted runner has no audio endpoint, so the case has no subject there. Real-hardware smoke is ticket 16's
2026-10-10T07:33:44.1500288Z portable-tests.sh:   TestRealDownloadVadThroughPipeline                   [opt-in] real-network spot check gated by WISP_IT_REAL_MIRROR=1 (manifest_real_test.go:120); CI has no business pulling model archives from a third-party mirror
2026-10-10T07:33:44.1505781Z portable-tests.sh:   TestRealDownloadPuncArchiveThroughPipeline           [opt-in] real-network spot check gated by WISP_IT_REAL_MIRROR=1 (manifest_real_test.go:147); same reason as the VAD row
2026-10-10T07:33:44.1528016Z portable-tests.sh:   TestSyncRegistryProbeLive                            [fixture] P12 live registry evidence; on ubuntu it is now out of scope by platform instead of by skip (ticket 93 AC#2 moved it verbatim into syncdirs_windows_test.go), and on a Windows host whose HKCU Accounts key carries no UserFolder the hive has nothing to say. Measured on a windows host at HEAD 84e43af: --- SKIP at syncdirs_windows_test.go:133. As of ticket 110 AC#4 the windows leg carries ./internal/risk/ in its scope, so this row is re-verified against the compiled WINDOWS test binary (go test -list) and printed with its reason in that step's log - which is the step-level answer R-93-4 asked for. Remedy for a real run: a host with a sync record, or fold the shape check into the fixture-driven case. next= on ticket 93
2026-10-10T07:33:44.1764099Z portable-tests.sh: -skip pattern built from the ledger: ^(TestDefaultDeadlineWallClockMeasurement|TestSubprocessCrashWriter|TestHelperProcess|TestLiveWasapiSmoke|TestRealDownloadVadThroughPipeline|TestRealDownloadPuncArchiveThroughPipeline|TestSyncRegistryProbeLive)$
2026-10-10T07:41:34.2050328Z time=2026-10-10T07:33:46.252Z level=INFO msg="winsec: sealing path resolver installed" resolver=risk.c26Pipeline probes_passed=2
2026-10-10T07:41:34.2051454Z === RUN   TestAC1AlwaysBranchDoesNotRevertAHandEditedKey
2026-10-10T07:41:34.2058376Z time=2026-10-10T07:33:47.518Z level=WARN msg="goroutine outside the D38 roster (leak symptom)" goroutine=mockllm-stdout-reader owner=test
2026-10-10T07:41:34.2061162Z time=2026-10-10T07:33:47.536Z level=INFO msg="wisp: persistent log sink installed" dir=C:\Users\RUNNER~1\AppData\Local\Temp\TestAC1AlwaysBranchDoesNotRevertAHandEditedKey1843986564\002\logs min_level=info early_records=2 early_dropped=0
2026-10-10T07:41:34.2063320Z 2026/10/10 07:33:47 mockllm: serving on http://127.0.0.1:50809 (golden dir D:\a\wisp\wisp\internal\llm\testdata\golden)
2026-10-10T07:41:34.2064885Z time=2026-10-10T07:33:47.584Z level=INFO msg="pre-migration backup written" component=memory backup=C:\Users\RUNNER~1\AppData\Local\Temp\TestAC1AlwaysBranchDoesNotRevertAHandEditedKey1843986564\002\backup\wisp.db.bak-0-1 from=0 to=1
2026-10-10T07:41:34.2067364Z time=2026-10-10T07:33:47.592Z level=INFO msg="schema migration step applied" component=memory from=0 to=1 started_at=2026-10-10T07:33:47Z duration_ms=8
2026-10-10T07:41:34.2069829Z time=2026-10-10T07:33:47.614Z level=INFO msg="pre-migration backup written" component=memory backup=C:\Users\RUNNER~1\AppData\Local\Temp\TestAC1AlwaysBranchDoesNotRevertAHandEditedKey1843986564\002\backup\wisp.db.bak-1-2 from=1 to=2
2026-10-10T07:41:34.2071565Z time=2026-10-10T07:33:47.623Z level=INFO msg="schema migration step applied" component=memory from=1 to=2 started_at=2026-10-10T07:33:47Z duration_ms=8
2026-10-10T07:41:34.2073152Z time=2026-10-10T07:33:47.639Z level=INFO msg="schema migration complete" component=memory schema_version=2
2026-10-10T07:41:34.2075081Z time=2026-10-10T07:33:47.643Z level=INFO msg="startup WAL checkpoint (TRUNCATE) done" component=memory wal_pages_before=0 pages_moved=0
2026-10-10T07:41:34.2078028Z time=2026-10-10T07:33:47.654Z level=WARN msg="config: wrote merged change into config.toml and kept hand edits this process does not hold (ticket 226); the file was NOT claimed as our own write, so the next reload reads it back and a loosening there is denied until it is confirmed (D36 rule 1). Only the keys listed under wrote changed value; the file is re-laid in canonical form, so comments and hand-chosen key order are not preserved" key=fs.allowed_dirs wrote=[fs.allowed_dirs] kept_in_file_not_in_memory=[app.theme]
2026-10-10T07:41:34.2083290Z     always_write_no_clobber_226_test.go:77: the run did not store the rule it was answering for, so the surviving hand edit proves nothing:
2026-10-10T07:41:34.2084227Z         schema_version = 2
2026-10-10T07:41:34.2085002Z         
2026-10-10T07:41:34.2556347Z         [app]
2026-10-10T07:41:34.2573547Z         language = 'zh-CN'
2026-10-10T07:41:34.2574296Z         theme = 'light'
2026-10-10T07:41:34.2575579Z         autostart = false
2026-10-10T07:41:34.2575926Z         single_instance = true
2026-10-10T07:41:34.2576292Z         
2026-10-10T07:41:34.2576638Z         [ball]
2026-10-10T07:41:34.2576949Z         size = 56
2026-10-10T07:41:34.2577380Z         opacity_idle = 0.35
2026-10-10T07:41:34.2577827Z         click_through = true
2026-10-10T07:41:34.2578287Z         hide_on_fullscreen = true
2026-10-10T07:41:34.2578705Z         
2026-10-10T07:41:34.2579343Z         [ball.position]
2026-10-10T07:41:34.2579882Z         x = 0
2026-10-10T07:41:34.2581072Z         y = 0
2026-10-10T07:41:34.2581407Z         monitor = ''
2026-10-10T07:41:34.2581702Z         
2026-10-10T07:41:34.2582470Z         [hotkey]
2026-10-10T07:41:34.2582818Z         summon = ''
2026-10-10T07:41:34.2583511Z         mute = ''
2026-10-10T07:41:34.2584289Z         cancel = 'Esc'
2026-10-10T07:41:34.2584674Z         panel = ''
2026-10-10T07:41:34.2585271Z         
2026-10-10T07:41:34.2585594Z         [session]
2026-10-10T07:41:34.2585937Z         warm_timeout_sec = 90
2026-10-10T07:41:34.2586348Z         settling_sec = 3
2026-10-10T07:41:34.2586748Z         conversation_idle_sec = 30
2026-10-10T07:41:34.2587094Z         
2026-10-10T07:41:34.2587412Z         [voice]
2026-10-10T07:41:34.2587732Z         enabled = true
2026-10-10T07:41:34.2588132Z         punctuation = true
2026-10-10T07:41:34.2588559Z         conversation_mode = false
2026-10-10T07:41:34.2589802Z         cloud_asr_chain = []
2026-10-10T07:41:34.2590151Z         cloud_tts_chain = []
2026-10-10T07:41:34.2590398Z         
2026-10-10T07:41:34.2590631Z         [voice.wake_word]
2026-10-10T07:41:34.2590923Z         enabled = false
2026-10-10T07:41:34.2591181Z         keywords = []
2026-10-10T07:41:34.2591441Z         thresholds = []
2026-10-10T07:41:34.2592702Z         veto_words = ['取消', '停下', '别']
2026-10-10T07:41:34.2592972Z         
2026-10-10T07:41:34.2593219Z         [voice.asr]
2026-10-10T07:41:34.2593668Z         provider = 'local-sherpa'
2026-10-10T07:41:34.2593952Z         model = ''
2026-10-10T07:41:34.2594208Z         
2026-10-10T07:41:34.2594563Z         [voice.tts]
2026-10-10T07:41:34.2594946Z         provider = 'local-sherpa'
2026-10-10T07:41:34.2595333Z         voice = ''
2026-10-10T07:41:34.2595572Z         speed = 1.0
2026-10-10T07:41:34.2595809Z         
2026-10-10T07:41:34.2596003Z         [voice.aec]
2026-10-10T07:41:34.2596228Z         enabled = true
2026-10-10T07:41:34.2596523Z         echo_ref = 'self-render'
2026-10-10T07:41:34.2596762Z         
2026-10-10T07:41:34.2596997Z         [voice.realtime]
2026-10-10T07:41:34.2597286Z         enabled = false
2026-10-10T07:41:34.2597532Z         provider = ''
2026-10-10T07:41:34.2597796Z         model = ''
2026-10-10T07:41:34.2598034Z         api_key_ref = ''
2026-10-10T07:41:34.2598285Z         base_url = ''
2026-10-10T07:41:34.2598526Z         
2026-10-10T07:41:34.2598753Z         [audio]
2026-10-10T07:41:34.2599021Z         input_device = 'default'
2026-10-10T07:41:34.2599337Z         sample_rate = 16000
2026-10-10T07:41:34.2599614Z         half_duplex = true
2026-10-10T07:41:34.2599880Z         mic_muted_default = true
2026-10-10T07:41:34.2600182Z         
2026-10-10T07:41:34.2600462Z         [llm]
2026-10-10T07:41:34.2600779Z         text_chain = ['acme/m1']
2026-10-10T07:41:34.2601138Z         timeout_ms = 60000
2026-10-10T07:41:34.2601447Z         
2026-10-10T07:41:34.2601749Z         [llm.roles]
2026-10-10T07:41:34.2602082Z         [llm.roles.chat]
2026-10-10T07:41:34.2602444Z         provider = ''
2026-10-10T07:41:34.2602814Z         model = ''
2026-10-10T07:41:34.2603154Z         temperature = 0.7
2026-10-10T07:41:34.2603588Z         thinking_intensity = 'off'
2026-10-10T07:41:34.2603965Z         max_output_tokens = 0
2026-10-10T07:41:34.2604296Z         
2026-10-10T07:41:34.2604647Z         [llm.roles.memory_extract]
2026-10-10T07:41:34.2605060Z         provider = ''
2026-10-10T07:41:34.2605877Z         model = ''
2026-10-10T07:41:34.2606263Z         temperature = 0.7
2026-10-10T07:41:34.2606647Z         thinking_intensity = 'off'
2026-10-10T07:41:34.2607075Z         max_output_tokens = 0
2026-10-10T07:41:34.2607418Z         
2026-10-10T07:41:34.2607770Z         [llm.roles.handoff]
2026-10-10T07:41:34.2608201Z         provider = ''
2026-10-10T07:41:34.2608551Z         model = ''
2026-10-10T07:41:34.2608910Z         temperature = 0.7
2026-10-10T07:41:34.2609357Z         thinking_intensity = 'off'
2026-10-10T07:41:34.2609765Z         max_output_tokens = 0
2026-10-10T07:41:34.2610126Z         
2026-10-10T07:41:34.2610483Z         [llm.roles.summarize]
2026-10-10T07:41:34.2610835Z         provider = ''
2026-10-10T07:41:34.2611205Z         model = ''
2026-10-10T07:41:34.2611561Z         temperature = 0.7
2026-10-10T07:41:34.2611929Z         thinking_intensity = 'off'
2026-10-10T07:41:34.2612341Z         max_output_tokens = 0
2026-10-10T07:41:34.2612645Z         
2026-10-10T07:41:34.2612918Z         [llm.retry]
2026-10-10T07:41:34.2613246Z         max = 1
2026-10-10T07:41:34.2613539Z         backoff_ms = 1
2026-10-10T07:41:34.2613791Z         
2026-10-10T07:41:34.2614012Z         [llm.providers]
2026-10-10T07:41:34.2614279Z         [llm.providers.acme]
2026-10-10T07:41:34.2614672Z         protocol = 'openai-chat'
2026-10-10T07:41:34.2615141Z         base_url = 'http://127.0.0.1:50809/v1'
2026-10-10T07:41:34.2615604Z         api_key_ref = 'dpapi:acme'
2026-10-10T07:41:34.2616185Z         billing = ''
2026-10-10T07:41:34.2616545Z         plan_credit_total_micro = 0
2026-10-10T07:41:34.2616770Z         rpm = 0
2026-10-10T07:41:34.2616950Z         tpm = 0
2026-10-10T07:41:34.2617115Z         
2026-10-10T07:41:34.2617340Z         [llm.providers.acme.compat]
2026-10-10T07:41:34.2617639Z         loose = false
2026-10-10T07:41:34.2617884Z         allow_missing_usage = false
2026-10-10T07:41:34.2618102Z         
2026-10-10T07:41:34.2618399Z         [llm.providers.acme.models]
2026-10-10T07:41:34.2618979Z         [llm.providers.acme.models.m1]
2026-10-10T07:41:34.2619373Z         display = ''
2026-10-10T07:41:34.2619658Z         context_window = 128000
2026-10-10T07:41:34.2620002Z         max_output_tokens = 0
2026-10-10T07:41:34.2620264Z         thinking_levels = []
2026-10-10T07:41:34.2620688Z         billing = ''
2026-10-10T07:41:34.2620939Z         quota_daily_micro = 0
2026-10-10T07:41:34.2621248Z         quota_monthly_micro = 0
2026-10-10T07:41:34.2621517Z         enabled = true
2026-10-10T07:41:34.2621769Z         
2026-10-10T07:41:34.2622062Z         [llm.providers.acme.models.m1.capabilities]
2026-10-10T07:41:34.2622373Z         text = false
2026-10-10T07:41:34.2622627Z         vision = false
2026-10-10T07:41:34.2622873Z         audio_in = false
2026-10-10T07:41:34.2623129Z         audio_out = false
2026-10-10T07:41:34.2623412Z         realtime = false
2026-10-10T07:41:34.2623639Z         thinking = false
2026-10-10T07:41:34.2623831Z         fc = false
2026-10-10T07:41:34.2624016Z         stream = false
2026-10-10T07:41:34.2624188Z         
2026-10-10T07:41:34.2624414Z         [llm.providers.acme.models.m1.price]
2026-10-10T07:41:34.2624652Z         in = 0.0
2026-10-10T07:41:34.2624833Z         out = 0.0
2026-10-10T07:41:34.2625016Z         cached = 0.0
2026-10-10T07:41:34.2625318Z         audio_in = 0.0
2026-10-10T07:41:34.2625565Z         audio_out = 0.0
2026-10-10T07:41:34.2625829Z         
2026-10-10T07:41:34.2626041Z         [agent]
2026-10-10T07:41:34.2626314Z         max_rounds = 50
2026-10-10T07:41:34.2626607Z         token_budget = 200000
2026-10-10T07:41:34.2626842Z         per_tool_timeout_ms = 0
2026-10-10T07:41:34.2627081Z         steering_enabled = true
2026-10-10T07:41:34.2627338Z         project_instructions_enabled = true
2026-10-10T07:41:34.2627570Z         
2026-10-10T07:41:34.2627757Z         [agent.loop_guard]
2026-10-10T07:41:34.2627984Z         repeat_thresholds = [3, 5, 8]
2026-10-10T07:41:34.2628203Z         
2026-10-10T07:41:34.2628353Z         [risk]
2026-10-10T07:41:34.2628619Z         confirm_timeout_sec = 40
2026-10-10T07:41:34.2628956Z         l1_window_sec = 2
2026-10-10T07:41:34.2629273Z         shell_enabled = false
2026-10-10T07:41:34.2629606Z         allow_shell_string = false
2026-10-10T07:41:34.2629988Z         shell_allowlist = []
2026-10-10T07:41:34.2630393Z         blacklist_overrides = []
2026-10-10T07:41:34.2630829Z         permission_mode = 'ask_every_step'
2026-10-10T07:41:34.2631140Z         
2026-10-10T07:41:34.2631361Z         [fs]
2026-10-10T07:41:34.2632363Z         allowed_dirs = ['C:/Users/RUNNER~1/AppData/Local/Temp/TestAC1AlwaysBranchDoesNotRevertAHandEditedKey1843986564/002', 'C:/Users/runneradmin/AppData/Local/Temp/TestAC1AlwaysBranchDoesNotRevertAHandEditedKey1843986564/003']
2026-10-10T07:41:34.2633253Z         reparse_point_exceptions = []
2026-10-10T07:41:34.2633540Z         delete_enabled = false
2026-10-10T07:41:34.2633774Z         
2026-10-10T07:41:34.2633995Z         [net]
2026-10-10T07:41:34.2634257Z         allowlist = []
2026-10-10T07:41:34.2634518Z         block_private_ranges = true
2026-10-10T07:41:34.2634761Z         
2026-10-10T07:41:34.2635049Z         [net.proxy]
2026-10-10T07:41:34.2635258Z         mode = 'system'
2026-10-10T07:41:34.2635449Z         url = ''
2026-10-10T07:41:34.2635604Z         
2026-10-10T07:41:34.2635807Z         [privacy]
2026-10-10T07:41:34.2636095Z         redact_paths = false
2026-10-10T07:41:34.2636597Z         diagnostics_opt_in = false
2026-10-10T07:41:34.2636896Z         retention_days = 30
2026-10-10T07:41:34.2637217Z         keep_transcript = false
2026-10-10T07:41:34.2637457Z         keep_audio = false
2026-10-10T07:41:34.2637638Z         
2026-10-10T07:41:34.2637856Z         [memory]
2026-10-10T07:41:34.2638101Z         l1_enabled = true
2026-10-10T07:41:34.2638376Z         l1_max = 20
2026-10-10T07:41:34.2638568Z         l3_retention_days = 30
2026-10-10T07:41:34.2638781Z         extract_model = ''
2026-10-10T07:41:34.2639135Z         
2026-10-10T07:41:34.2639355Z         [panel]
2026-10-10T07:41:34.2639635Z         enabled = true
2026-10-10T07:41:34.2639898Z         width = 640
2026-10-10T07:41:34.2640123Z         height = 0
2026-10-10T07:41:34.2640406Z         keep_alive_in_session = true
2026-10-10T07:41:34.2640670Z         scale = 0.0
2026-10-10T07:41:34.2640820Z         
2026-10-10T07:41:34.2641015Z         [cost]
2026-10-10T07:41:34.2641242Z         daily_budget = 0
2026-10-10T07:41:34.2641512Z         monthly_budget = 0
2026-10-10T07:41:34.2641804Z         alert_threshold = 0.8
2026-10-10T07:41:34.2642105Z         over_budget = 'pause'
2026-10-10T07:41:34.2642321Z         
2026-10-10T07:41:34.2642489Z         [models]
2026-10-10T07:41:34.2642701Z         dir = ''
2026-10-10T07:41:34.2642943Z         mirror = []
2026-10-10T07:41:34.2643194Z         verify_signature = true
2026-10-10T07:41:34.2643427Z         
2026-10-10T07:41:34.2643655Z         [observe]
2026-10-10T07:41:34.2643887Z         level = 'info'
2026-10-10T07:41:34.2644145Z         slo_sample_interval_sec = 5
2026-10-10T07:41:34.2644368Z         
2026-10-10T07:41:34.2644528Z         [observe.roll]
2026-10-10T07:41:34.2644758Z         size_mb = 10
2026-10-10T07:41:34.2644925Z         days = 7
2026-10-10T07:41:34.2645085Z         [plugins]
2026-10-10T07:41:34.2645298Z         tier2_enabled = false
2026-10-10T07:41:34.2647065Z     always_write_no_clobber_226_test.go:91: fs.allowed_dirs on disk = [C:/Users/RUNNER~1/AppData/Local/Temp/TestAC1AlwaysBranchDoesNotRevertAHandEditedKey1843986564/002 C:/Users/runneradmin/AppData/Local/Temp/TestAC1AlwaysBranchDoesNotRevertAHandEditedKey1843986564/003], want the stored rule "C:/Users/RUNNER~1/AppData/Local/Temp/TestAC1AlwaysBranchDoesNotRevertAHandEditedKey1843986564/003"
2026-10-10T07:41:34.2648422Z --- FAIL: TestAC1AlwaysBranchDoesNotRevertAHandEditedKey (1.44s)
2026-10-10T07:41:34.2648801Z === RUN   TestAlwaysBranchStoresItsRuleOnlyAfterASecondL2Card
2026-10-10T07:41:34.2649418Z time=2026-10-10T07:33:48.583Z level=WARN msg="goroutine outside the D38 roster (leak symptom)" goroutine=mockllm-stdout-reader owner=test
2026-10-10T07:41:34.2650537Z time=2026-10-10T07:33:48.597Z level=INFO msg="wisp: persistent log sink installed" dir=C:\Users\RUNNER~1\AppData\Local\Temp\TestAlwaysBranchStoresItsRuleOnlyAfterASecondL2Card3243506801\002\logs min_level=info early_records=0 early_dropped=0
2026-10-10T07:41:34.2651560Z 2026/10/10 07:33:48 mockllm: serving on http://127.0.0.1:50812 (golden dir D:\a\wisp\wisp\internal\llm\testdata\golden)
2026-10-10T07:41:34.2652602Z time=2026-10-10T07:33:48.621Z level=INFO msg="pre-migration backup written" component=memory backup=C:\Users\RUNNER~1\AppData\Local\Temp\TestAlwaysBranchStoresItsRuleOnlyAfterASecondL2Card3243506801\002\backup\wisp.db.bak-0-1 from=0 to=1
2026-10-10T07:41:34.2653687Z time=2026-10-10T07:33:48.630Z level=INFO msg="schema migration step applied" component=memory from=0 to=1 started_at=2026-10-10T07:33:48Z duration_ms=8
2026-10-10T07:41:34.2654831Z time=2026-10-10T07:33:48.650Z level=INFO msg="pre-migration backup written" component=memory backup=C:\Users\RUNNER~1\AppData\Local\Temp\TestAlwaysBranchStoresItsRuleOnlyAfterASecondL2Card3243506801\002\backup\wisp.db.bak-1-2 from=1 to=2
2026-10-10T07:41:34.2655897Z time=2026-10-10T07:33:48.658Z level=INFO msg="schema migration step applied" component=memory from=1 to=2 started_at=2026-10-10T07:33:48Z duration_ms=8
2026-10-10T07:41:34.2657203Z time=2026-10-10T07:33:48.673Z level=INFO msg="schema migration complete" component=memory schema_version=2
2026-10-10T07:41:34.2657877Z time=2026-10-10T07:33:48.674Z level=INFO msg="startup WAL checkpoint (TRUNCATE) done" component=memory wal_pages_before=0 pages_moved=0
2026-10-10T07:41:34.2659166Z time=2026-10-10T07:33:48.685Z level=INFO msg="config: wrote merged change into config.toml (ticket 226: only the keys listed changed value, every other key keeps the value the file already held; the file is re-laid in canonical form, so comments and hand-chosen key order are not preserved)" key=fs.allowed_dirs wrote=[fs.allowed_dirs]
2026-10-10T07:41:34.2660944Z     approval_always_201_test.go:141: config.toml did not gain the stored rule "C:/Users/RUNNER~1/AppData/Local/Temp/TestAlwaysBranchStoresItsRuleOnlyAfterASecondL2Card3243506801/003"; it holds:
2026-10-10T07:41:34.2661692Z         schema_version = 2
2026-10-10T07:41:34.2661931Z         
2026-10-10T07:41:34.2662172Z         [app]
2026-10-10T07:41:34.2662415Z         language = 'zh-CN'
2026-10-10T07:41:34.2662673Z         theme = 'dark'
2026-10-10T07:41:34.2662951Z         autostart = false
2026-10-10T07:41:34.2663236Z         single_instance = true
2026-10-10T07:41:34.2663479Z         
2026-10-10T07:41:34.2663692Z         [ball]
2026-10-10T07:41:34.2663911Z         size = 56
2026-10-10T07:41:34.2664174Z         opacity_idle = 0.35
2026-10-10T07:41:34.2664438Z         click_through = true
2026-10-10T07:41:34.2664722Z         hide_on_fullscreen = true
2026-10-10T07:41:34.2665006Z         
2026-10-10T07:41:34.2665226Z         [ball.position]
2026-10-10T07:41:34.2665462Z         x = 0
2026-10-10T07:41:34.2665915Z         y = 0
2026-10-10T07:41:34.2666149Z         monitor = ''
2026-10-10T07:41:34.2666435Z         
2026-10-10T07:41:34.2666730Z         [hotkey]
2026-10-10T07:41:34.2666995Z         summon = ''
2026-10-10T07:41:34.2667323Z         mute = ''
2026-10-10T07:41:34.2667645Z         cancel = 'Esc'
2026-10-10T07:41:34.2667979Z         panel = ''
2026-10-10T07:41:34.2668276Z         
2026-10-10T07:41:34.2668488Z         [session]
2026-10-10T07:41:34.2668855Z         warm_timeout_sec = 90
2026-10-10T07:41:34.2669275Z         settling_sec = 3
2026-10-10T07:41:34.2669640Z         conversation_idle_sec = 30
2026-10-10T07:41:34.2670050Z         
2026-10-10T07:41:34.2670260Z         [voice]
2026-10-10T07:41:34.2670485Z         enabled = true
2026-10-10T07:41:34.2670756Z         punctuation = true
2026-10-10T07:41:34.2671029Z         conversation_mode = false
2026-10-10T07:41:34.2671310Z         cloud_asr_chain = []
2026-10-10T07:41:34.2671584Z         cloud_tts_chain = []
2026-10-10T07:41:34.2671818Z         
2026-10-10T07:41:34.2672062Z         [voice.wake_word]
2026-10-10T07:41:34.2672310Z         enabled = false
2026-10-10T07:41:34.2672547Z         keywords = []
2026-10-10T07:41:34.2672877Z         thresholds = []
2026-10-10T07:41:34.2673391Z         veto_words = ['取消', '停下', '别']
2026-10-10T07:41:34.2673642Z         
2026-10-10T07:41:34.2673878Z         [voice.asr]
2026-10-10T07:41:34.2674140Z         provider = 'local-sherpa'
2026-10-10T07:41:34.2674433Z         model = ''
2026-10-10T07:41:34.2674643Z         
2026-10-10T07:41:34.2674842Z         [voice.tts]
2026-10-10T07:41:34.2675119Z         provider = 'local-sherpa'
2026-10-10T07:41:34.2675377Z         voice = ''
2026-10-10T07:41:34.2675606Z         speed = 1.0
2026-10-10T07:41:34.2675828Z         
2026-10-10T07:41:34.2676040Z         [voice.aec]
2026-10-10T07:41:34.2676268Z         enabled = true
2026-10-10T07:41:34.2676556Z         echo_ref = 'self-render'
2026-10-10T07:41:34.2676792Z         
2026-10-10T07:41:34.2677031Z         [voice.realtime]
2026-10-10T07:41:34.2677285Z         enabled = false
2026-10-10T07:41:34.2677529Z         provider = ''
2026-10-10T07:41:34.2677790Z         model = ''
2026-10-10T07:41:34.2678024Z         api_key_ref = ''
2026-10-10T07:41:34.2678261Z         base_url = ''
2026-10-10T07:41:34.2678498Z         
2026-10-10T07:41:34.2678697Z         [audio]
2026-10-10T07:41:34.2679740Z         input_device = 'default'
2026-10-10T07:41:34.2680075Z         sample_rate = 16000
2026-10-10T07:41:34.2680339Z         half_duplex = true
2026-10-10T07:41:34.2680636Z         mic_muted_default = true
2026-10-10T07:41:34.2680879Z         
2026-10-10T07:41:34.2681080Z         [llm]
2026-10-10T07:41:34.2681338Z         text_chain = ['acme/m1']
2026-10-10T07:41:34.2681602Z         timeout_ms = 60000
2026-10-10T07:41:34.2681823Z         
2026-10-10T07:41:34.2682168Z         [llm.roles]
2026-10-10T07:41:34.2682402Z         [llm.roles.chat]
2026-10-10T07:41:34.2682673Z         provider = ''
2026-10-10T07:41:34.2682895Z         model = ''
2026-10-10T07:41:34.2683125Z         temperature = 0.7
2026-10-10T07:41:34.2683409Z         thinking_intensity = 'off'
2026-10-10T07:41:34.2683689Z         max_output_tokens = 0
2026-10-10T07:41:34.2683913Z         
2026-10-10T07:41:34.2684168Z         [llm.roles.memory_extract]
2026-10-10T07:41:34.2684432Z         provider = ''
2026-10-10T07:41:34.2684682Z         model = ''
2026-10-10T07:41:34.2684916Z         temperature = 0.7
2026-10-10T07:41:34.2685180Z         thinking_intensity = 'off'
2026-10-10T07:41:34.2685483Z         max_output_tokens = 0
2026-10-10T07:41:34.2685713Z         
2026-10-10T07:41:34.2686145Z         [llm.roles.handoff]
2026-10-10T07:41:34.2686441Z         provider = ''
2026-10-10T07:41:34.2686755Z         model = ''
2026-10-10T07:41:34.2687120Z         temperature = 0.7
2026-10-10T07:41:34.2687496Z         thinking_intensity = 'off'
2026-10-10T07:41:34.2687885Z         max_output_tokens = 0
2026-10-10T07:41:34.2688235Z         
2026-10-10T07:41:34.2688552Z         [llm.roles.summarize]
2026-10-10T07:41:34.2688916Z         provider = ''
2026-10-10T07:41:34.2689283Z         model = ''
2026-10-10T07:41:34.2689623Z         temperature = 0.7
2026-10-10T07:41:34.2690016Z         thinking_intensity = 'off'
2026-10-10T07:41:34.2690422Z         max_output_tokens = 0
2026-10-10T07:41:34.2690767Z         
2026-10-10T07:41:34.2691105Z         [llm.retry]
2026-10-10T07:41:34.2691406Z         max = 1
2026-10-10T07:41:34.2691702Z         backoff_ms = 1
2026-10-10T07:41:34.2692022Z         
2026-10-10T07:41:34.2692317Z         [llm.providers]
2026-10-10T07:41:34.2692692Z         [llm.providers.acme]
2026-10-10T07:41:34.2693102Z         protocol = 'openai-chat'
2026-10-10T07:41:34.2693589Z         base_url = 'http://127.0.0.1:50812/v1'
2026-10-10T07:41:34.2694098Z         api_key_ref = 'dpapi:acme'
2026-10-10T07:41:34.2694507Z         billing = ''
2026-10-10T07:41:34.2694897Z         plan_credit_total_micro = 0
2026-10-10T07:41:34.2695281Z         rpm = 0
2026-10-10T07:41:34.2695582Z         tpm = 0
2026-10-10T07:41:34.2695863Z         
2026-10-10T07:41:34.2696257Z         [llm.providers.acme.compat]
2026-10-10T07:41:34.2696664Z         loose = false
2026-10-10T07:41:34.2697076Z         allow_missing_usage = false
2026-10-10T07:41:34.2697419Z         
2026-10-10T07:41:34.2697760Z         [llm.providers.acme.models]
2026-10-10T07:41:34.2698235Z         [llm.providers.acme.models.m1]
2026-10-10T07:41:34.2698608Z         display = ''
2026-10-10T07:41:34.2698951Z         context_window = 128000
2026-10-10T07:41:34.2699332Z         max_output_tokens = 0
2026-10-10T07:41:34.2699681Z         thinking_levels = []
2026-10-10T07:41:34.2700034Z         billing = ''
2026-10-10T07:41:34.2700290Z         quota_daily_micro = 0
2026-10-10T07:41:34.2700576Z         quota_monthly_micro = 0
2026-10-10T07:41:34.2700848Z         enabled = true
2026-10-10T07:41:34.2701072Z         
2026-10-10T07:41:34.2701358Z         [llm.providers.acme.models.m1.capabilities]
2026-10-10T07:41:34.2701693Z         text = false
2026-10-10T07:41:34.2701931Z         vision = false
2026-10-10T07:41:34.2702190Z         audio_in = false
2026-10-10T07:41:34.2702427Z         audio_out = false
2026-10-10T07:41:34.2702680Z         realtime = false
2026-10-10T07:41:34.2702961Z         thinking = false
2026-10-10T07:41:34.2703419Z         fc = false
2026-10-10T07:41:34.2703650Z         stream = false
2026-10-10T07:41:34.2703886Z         
2026-10-10T07:41:34.2704150Z         [llm.providers.acme.models.m1.price]
2026-10-10T07:41:34.2704438Z         in = 0.0
2026-10-10T07:41:34.2704683Z         out = 0.0
2026-10-10T07:41:34.2704909Z         cached = 0.0
2026-10-10T07:41:34.2705154Z         audio_in = 0.0
2026-10-10T07:41:34.2705364Z         audio_out = 0.0
2026-10-10T07:41:34.2705586Z         
2026-10-10T07:41:34.2705923Z         [agent]
2026-10-10T07:41:34.2706425Z         max_rounds = 50
2026-10-10T07:41:34.2706659Z         token_budget = 200000
2026-10-10T07:41:34.2706955Z         per_tool_timeout_ms = 0
2026-10-10T07:41:34.2707228Z         steering_enabled = true
2026-10-10T07:41:34.2707550Z         project_instructions_enabled = true
2026-10-10T07:41:34.2707822Z         
2026-10-10T07:41:34.2708043Z         [agent.loop_guard]
2026-10-10T07:41:34.2708319Z         repeat_thresholds = [3, 5, 8]
2026-10-10T07:41:34.2708571Z         
2026-10-10T07:41:34.2708813Z         [risk]
2026-10-10T07:41:34.2709070Z         confirm_timeout_sec = 40
2026-10-10T07:41:34.2709372Z         l1_window_sec = 2
2026-10-10T07:41:34.2709797Z         shell_enabled = false
2026-10-10T07:41:34.2710183Z         allow_shell_string = false
2026-10-10T07:41:34.2710598Z         shell_allowlist = []
2026-10-10T07:41:34.2710988Z         blacklist_overrides = []
2026-10-10T07:41:34.2711404Z         permission_mode = 'ask_every_step'
2026-10-10T07:41:34.2711701Z         
2026-10-10T07:41:34.2711884Z         [fs]
2026-10-10T07:41:34.2712969Z         allowed_dirs = ['C:/Users/RUNNER~1/AppData/Local/Temp/TestAlwaysBranchStoresItsRuleOnlyAfterASecondL2Card3243506801/002', 'C:/Users/runneradmin/AppData/Local/Temp/TestAlwaysBranchStoresItsRuleOnlyAfterASecondL2Card3243506801/003']
2026-10-10T07:41:34.2714347Z         reparse_point_exceptions = []
2026-10-10T07:41:34.2714839Z         delete_enabled = false
2026-10-10T07:41:34.2715172Z         
2026-10-10T07:41:34.2715454Z         [net]
2026-10-10T07:41:34.2715807Z         allowlist = []
2026-10-10T07:41:34.2716110Z         block_private_ranges = true
2026-10-10T07:41:34.2716378Z         
2026-10-10T07:41:34.2716634Z         [net.proxy]
2026-10-10T07:41:34.2716885Z         mode = 'system'
2026-10-10T07:41:34.2717145Z         url = ''
2026-10-10T07:41:34.2717375Z         
2026-10-10T07:41:34.2717599Z         [privacy]
2026-10-10T07:41:34.2717850Z         redact_paths = false
2026-10-10T07:41:34.2718172Z         diagnostics_opt_in = false
2026-10-10T07:41:34.2718461Z         retention_days = 30
2026-10-10T07:41:34.2718732Z         keep_transcript = false
2026-10-10T07:41:34.2719004Z         keep_audio = false
2026-10-10T07:41:34.2719244Z         
2026-10-10T07:41:34.2719488Z         [memory]
2026-10-10T07:41:34.2719776Z         l1_enabled = true
2026-10-10T07:41:34.2720111Z         l1_max = 20
2026-10-10T07:41:34.2720392Z         l3_retention_days = 30
2026-10-10T07:41:34.2720669Z         extract_model = ''
2026-10-10T07:41:34.2720918Z         
2026-10-10T07:41:34.2721144Z         [panel]
2026-10-10T07:41:34.2721425Z         enabled = true
2026-10-10T07:41:34.2721689Z         width = 640
2026-10-10T07:41:34.2721916Z         height = 0
2026-10-10T07:41:34.2722172Z         keep_alive_in_session = true
2026-10-10T07:41:34.2722465Z         scale = 0.0
2026-10-10T07:41:34.2722666Z         
2026-10-10T07:41:34.2722893Z         [cost]
2026-10-10T07:41:34.2723123Z         daily_budget = 0
2026-10-10T07:41:34.2723388Z         monthly_budget = 0
2026-10-10T07:41:34.2723673Z         alert_threshold = 0.8
2026-10-10T07:41:34.2723979Z         over_budget = 'pause'
2026-10-10T07:41:34.2724221Z         
2026-10-10T07:41:34.2724449Z         [models]
2026-10-10T07:41:34.2724667Z         dir = ''
2026-10-10T07:41:34.2724888Z         mirror = []
2026-10-10T07:41:34.2725159Z         verify_signature = true
2026-10-10T07:41:34.2725396Z         
2026-10-10T07:41:34.2725612Z         [observe]
2026-10-10T07:41:34.2726077Z         level = 'info'
2026-10-10T07:41:34.2726597Z         slo_sample_interval_sec = 5
2026-10-10T07:41:34.2726896Z         
2026-10-10T07:41:34.2727111Z         [observe.roll]
2026-10-10T07:41:34.2727361Z         size_mb = 10
2026-10-10T07:41:34.2727621Z         days = 7
2026-10-10T07:41:34.2727846Z         [plugins]
2026-10-10T07:41:34.2728092Z         tier2_enabled = false
2026-10-10T07:41:34.2728488Z --- FAIL: TestAlwaysBranchStoresItsRuleOnlyAfterASecondL2Card (1.03s)
2026-10-10T07:41:34.2729072Z === RUN   TestAlwaysBranchStoresNothingWhenTheSecondCardIsRefused
2026-10-10T07:41:34.2729710Z time=2026-10-10T07:33:49.562Z level=WARN msg="goroutine outside the D38 roster (leak symptom)" goroutine=mockllm-stdout-reader owner=test
2026-10-10T07:41:34.2730810Z time=2026-10-10T07:33:49.577Z level=INFO msg="wisp: persistent log sink installed" dir=C:\Users\RUNNER~1\AppData\Local\Temp\TestAlwaysBranchStoresNothingWhenTheSecondCardIsRefused1161936891\002\logs min_level=info early_records=0 early_dropped=0
2026-10-10T07:41:34.2731988Z 2026/10/10 07:33:49 mockllm: serving on http://127.0.0.1:50814 (golden dir D:\a\wisp\wisp\internal\llm\testdata\golden)
2026-10-10T07:41:34.2733057Z time=2026-10-10T07:33:49.626Z level=INFO msg="pre-migration backup written" component=memory backup=C:\Users\RUNNER~1\AppData\Local\Temp\TestAlwaysBranchStoresNothingWhenTheSecondCardIsRefused1161936891\002\backup\wisp.db.bak-0-1 from=0 to=1
2026-10-10T07:41:34.2734183Z time=2026-10-10T07:33:49.635Z level=INFO msg="schema migration step applied" component=memory from=0 to=1 started_at=2026-10-10T07:33:49Z duration_ms=9
2026-10-10T07:41:34.2735292Z time=2026-10-10T07:33:49.661Z level=INFO msg="pre-migration backup written" component=memory backup=C:\Users\RUNNER~1\AppData\Local\Temp\TestAlwaysBranchStoresNothingWhenTheSecondCardIsRefused1161936891\002\backup\wisp.db.bak-1-2 from=1 to=2
2026-10-10T07:41:34.2736396Z time=2026-10-10T07:33:49.668Z level=INFO msg="schema migration step applied" component=memory from=1 to=2 started_at=2026-10-10T07:33:49Z duration_ms=7
2026-10-10T07:41:34.2737096Z time=2026-10-10T07:33:49.685Z level=INFO msg="schema migration complete" component=memory schema_version=2
2026-10-10T07:41:34.2737756Z time=2026-10-10T07:33:49.686Z level=INFO msg="startup WAL checkpoint (TRUNCATE) done" component=memory wal_pages_before=0 pages_moved=0
2026-10-10T07:41:34.2738410Z --- PASS: TestAlwaysBranchStoresNothingWhenTheSecondCardIsRefused (0.99s)
2026-10-10T07:41:34.2738890Z === RUN   TestReplyListenerAllowsAnL2CardFromTheNativeSide
2026-10-10T07:41:34.2739494Z time=2026-10-10T07:33:50.619Z level=WARN msg="goroutine outside the D38 roster (leak symptom)" goroutine=mockllm-stdout-reader owner=test
2026-10-10T07:41:34.2740694Z time=2026-10-10T07:33:50.633Z level=INFO msg="wisp: persistent log sink installed" dir=C:\Users\RUNNER~1\AppData\Local\Temp\TestReplyListenerAllowsAnL2CardFromTheNativeSide3778563807\002\logs min_level=info early_records=0 early_dropped=0
2026-10-10T07:41:34.2741705Z 2026/10/10 07:33:50 mockllm: serving on http://127.0.0.1:50816 (golden dir D:\a\wisp\wisp\internal\llm\testdata\golden)
2026-10-10T07:41:34.2742706Z time=2026-10-10T07:33:50.661Z level=INFO msg="pre-migration backup written" component=memory backup=C:\Users\RUNNER~1\AppData\Local\Temp\TestReplyListenerAllowsAnL2CardFromTheNativeSide3778563807\002\backup\wisp.db.bak-0-1 from=0 to=1
2026-10-10T07:41:34.2743790Z time=2026-10-10T07:33:50.669Z level=INFO msg="schema migration step applied" component=memory from=0 to=1 started_at=2026-10-10T07:33:50Z duration_ms=8
2026-10-10T07:41:34.2744857Z time=2026-10-10T07:33:50.697Z level=INFO msg="pre-migration backup written" component=memory backup=C:\Users\RUNNER~1\AppData\Local\Temp\TestReplyListenerAllowsAnL2CardFromTheNativeSide3778563807\002\backup\wisp.db.bak-1-2 from=1 to=2
2026-10-10T07:41:34.2745945Z time=2026-10-10T07:33:50.706Z level=INFO msg="schema migration step applied" component=memory from=1 to=2 started_at=2026-10-10T07:33:50Z duration_ms=8
2026-10-10T07:41:34.2746910Z time=2026-10-10T07:33:50.719Z level=INFO msg="schema migration complete" component=memory schema_version=2
2026-10-10T07:41:34.2747601Z time=2026-10-10T07:33:50.720Z level=INFO msg="startup WAL checkpoint (TRUNCATE) done" component=memory wal_pages_before=0 pages_moved=0
2026-10-10T07:41:34.2748323Z time=2026-10-10T07:33:50.763Z level=INFO msg="startup WAL checkpoint (TRUNCATE) done" component=memory wal_pages_before=0 pages_moved=0
2026-10-10T07:41:34.2748889Z --- PASS: TestReplyListenerAllowsAnL2CardFromTheNativeSide (1.04s)
2026-10-10T07:41:34.2749466Z === RUN   TestReplyListenerRejectCarriesTheOperatorsReasonToTheModel
2026-10-10T07:41:34.2750294Z time=2026-10-10T07:33:51.605Z level=WARN msg="goroutine outside the D38 roster (leak symptom)" goroutine=mockllm-stdout-reader owner=test
2026-10-10T07:41:34.2751796Z time=2026-10-10T07:33:51.620Z level=INFO msg="wisp: persistent log sink installed" dir=C:\Users\RUNNER~1\AppData\Local\Temp\TestReplyListenerRejectCarriesTheOperatorsReasonToTheModel2683962620\002\logs min_level=info early_records=0 early_dropped=0
2026-10-10T07:41:34.2753363Z 2026/10/10 07:33:51 mockllm: serving on http://127.0.0.1:50818 (golden dir D:\a\wisp\wisp\internal\llm\testdata\golden)
2026-10-10T07:41:34.2754598Z time=2026-10-10T07:33:51.647Z level=INFO msg="pre-migration backup written" component=memory backup=C:\Users\RUNNER~1\AppData\Local\Temp\TestReplyListenerRejectCarriesTheOperatorsReasonToTheModel2683962620\002\backup\wisp.db.bak-0-1 from=0 to=1
2026-10-10T07:41:34.2755718Z time=2026-10-10T07:33:51.655Z level=INFO msg="schema migration step applied" component=memory from=0 to=1 started_at=2026-10-10T07:33:51Z duration_ms=7
2026-10-10T07:41:34.2756830Z time=2026-10-10T07:33:51.675Z level=INFO msg="pre-migration backup written" component=memory backup=C:\Users\RUNNER~1\AppData\Local\Temp\TestReplyListenerRejectCarriesTheOperatorsReasonToTheModel2683962620\002\backup\wisp.db.bak-1-2 from=1 to=2
2026-10-10T07:41:34.2757923Z time=2026-10-10T07:33:51.683Z level=INFO msg="schema migration step applied" component=memory from=1 to=2 started_at=2026-10-10T07:33:51Z duration_ms=8
2026-10-10T07:41:34.2758631Z time=2026-10-10T07:33:51.697Z level=INFO msg="schema migration complete" component=memory schema_version=2
2026-10-10T07:41:34.2759233Z time=2026-10-10T07:33:51.698Z level=INFO msg="startup WAL checkpoint (TRUNCATE) done" component=memory wal_pages_before=0 pages_moved=0
2026-10-10T07:41:34.2759912Z time=2026-10-10T07:33:51.739Z level=INFO msg="startup WAL checkpoint (TRUNCATE) done" component=memory wal_pages_before=0 pages_moved=0
2026-10-10T07:41:34.2760711Z --- PASS: TestReplyListenerRejectCarriesTheOperatorsReasonToTheModel (0.98s)
2026-10-10T07:41:34.2761159Z === RUN   TestPanelRouteRefusesAnAllowBurnsTheGrantAndCanStillReject
2026-10-10T07:41:34.2761716Z time=2026-10-10T07:33:52.613Z level=WARN msg="goroutine outside the D38 roster (leak symptom)" goroutine=mockllm-stdout-reader owner=test
2026-10-10T07:41:34.2762751Z time=2026-10-10T07:33:52.627Z level=INFO msg="wisp: persistent log sink installed" dir=C:\Users\RUNNER~1\AppData\Local\Temp\TestPanelRouteRefusesAnAllowBurnsTheGrantAndCanStillReject913299953\002\logs min_level=info early_records=0 early_dropped=0
2026-10-10T07:41:34.2763714Z 2026/10/10 07:33:52 mockllm: serving on http://127.0.0.1:50820 (golden dir D:\a\wisp\wisp\internal\llm\testdata\golden)
2026-10-10T07:41:34.2764683Z time=2026-10-10T07:33:52.653Z level=INFO msg="pre-migration backup written" component=memory backup=C:\Users\RUNNER~1\AppData\Local\Temp\TestPanelRouteRefusesAnAllowBurnsTheGrantAndCanStillReject913299953\002\backup\wisp.db.bak-0-1 from=0 to=1
2026-10-10T07:41:34.2765725Z time=2026-10-10T07:33:52.662Z level=INFO msg="schema migration step applied" component=memory from=0 to=1 started_at=2026-10-10T07:33:52Z duration_ms=8
2026-10-10T07:41:34.2767268Z time=2026-10-10T07:33:52.682Z level=INFO msg="pre-migration backup written" component=memory backup=C:\Users\RUNNER~1\AppData\Local\Temp\TestPanelRouteRefusesAnAllowBurnsTheGrantAndCanStillReject913299953\002\backup\wisp.db.bak-1-2 from=1 to=2
2026-10-10T07:41:34.2768339Z time=2026-10-10T07:33:52.690Z level=INFO msg="schema migration step applied" component=memory from=1 to=2 started_at=2026-10-10T07:33:52Z duration_ms=8
2026-10-10T07:41:34.2768976Z time=2026-10-10T07:33:52.705Z level=INFO msg="schema migration complete" component=memory schema_version=2
2026-10-10T07:41:34.2769586Z time=2026-10-10T07:33:52.707Z level=INFO msg="startup WAL checkpoint (TRUNCATE) done" component=memory wal_pages_before=0 pages_moved=0
2026-10-10T07:41:34.2770347Z time=2026-10-10T07:33:52.749Z level=INFO msg="startup WAL checkpoint (TRUNCATE) done" component=memory wal_pages_before=0 pages_moved=0
2026-10-10T07:41:34.2770939Z --- PASS: TestPanelRouteRefusesAnAllowBurnsTheGrantAndCanStillReject (1.01s)
2026-10-10T07:41:34.2771368Z === RUN   TestUnansweredL2CardTimesOutIntoRejectNeverExecution
2026-10-10T07:41:34.2771908Z time=2026-10-10T07:33:53.765Z level=WARN msg="goroutine outside the D38 roster (leak symptom)" goroutine=mockllm-stdout-reader owner=test
2026-10-10T07:41:34.2773037Z time=2026-10-10T07:33:53.779Z level=INFO msg="wisp: persistent log sink installed" dir=C:\Users\RUNNER~1\AppData\Local\Temp\TestUnansweredL2CardTimesOutIntoRejectNeverExecution2365724451\002\logs min_level=info early_records=0 early_dropped=0
2026-10-10T07:41:34.2774411Z 2026/10/10 07:33:53 mockllm: serving on http://127.0.0.1:50822 (golden dir D:\a\wisp\wisp\internal\llm\testdata\golden)
2026-10-10T07:41:34.2775826Z time=2026-10-10T07:33:53.805Z level=INFO msg="pre-migration backup written" component=memory backup=C:\Users\RUNNER~1\AppData\Local\Temp\TestUnansweredL2CardTimesOutIntoRejectNeverExecution2365724451\002\backup\wisp.db.bak-0-1 from=0 to=1
2026-10-10T07:41:34.2777638Z time=2026-10-10T07:33:53.813Z level=INFO msg="schema migration step applied" component=memory from=0 to=1 started_at=2026-10-10T07:33:53Z duration_ms=7
2026-10-10T07:41:34.2779203Z time=2026-10-10T07:33:53.831Z level=INFO msg="pre-migration backup written" component=memory backup=C:\Users\RUNNER~1\AppData\Local\Temp\TestUnansweredL2CardTimesOutIntoRejectNeverExecution2365724451\002\backup\wisp.db.bak-1-2 from=1 to=2
2026-10-10T07:41:34.2780243Z time=2026-10-10T07:33:53.840Z level=INFO msg="schema migration step applied" component=memory from=1 to=2 started_at=2026-10-10T07:33:53Z duration_ms=9
2026-10-10T07:41:34.2780885Z time=2026-10-10T07:33:53.854Z level=INFO msg="schema migration complete" component=memory schema_version=2
2026-10-10T07:41:34.2781493Z time=2026-10-10T07:33:53.855Z level=INFO msg="startup WAL checkpoint (TRUNCATE) done" component=memory wal_pages_before=0 pages_moved=0
2026-10-10T07:41:34.2782327Z time=2026-10-10T07:34:24.896Z level=INFO msg="startup WAL checkpoint (TRUNCATE) done" component=memory wal_pages_before=0 pages_moved=0
2026-10-10T07:41:34.2782892Z --- PASS: TestUnansweredL2CardTimesOutIntoRejectNeverExecution (32.15s)
2026-10-10T07:41:34.2783260Z === RUN   TestL1VetoNeedsAChannelTheHostReallyWired
2026-10-10T07:41:34.2783727Z === RUN   TestL1VetoNeedsAChannelTheHostReallyWired/console_posture:_veto_refused,_window_still_executes
2026-10-10T07:41:34.2784608Z time=2026-10-10T07:34:25.783Z level=WARN msg="goroutine outside the D38 roster (leak symptom)" goroutine=mockllm-stdout-reader owner=test
2026-10-10T07:41:34.2785946Z time=2026-10-10T07:34:25.797Z level=INFO msg="wisp: persistent log sink installed" dir=C:\Users\RUNNER~1\AppData\Local\Temp\TestL1VetoNeedsAChannelTheHostReallyWiredconsole_posture_veto_2191666668\002\logs min_level=info early_records=0 early_dropped=0
2026-10-10T07:41:34.2786933Z 2026/10/10 07:34:25 mockllm: serving on http://127.0.0.1:50842 (golden dir D:\a\wisp\wisp\internal\llm\testdata\golden)
2026-10-10T07:41:34.2788338Z time=2026-10-10T07:34:25.824Z level=INFO msg="pre-migration backup written" component=memory backup=C:\Users\RUNNER~1\AppData\Local\Temp\TestL1VetoNeedsAChannelTheHostReallyWiredconsole_posture_veto_2191666668\002\backup\wisp.db.bak-0-1 from=0 to=1
2026-10-10T07:41:34.2790187Z time=2026-10-10T07:34:25.833Z level=INFO msg="schema migration step applied" component=memory from=0 to=1 started_at=2026-10-10T07:34:25Z duration_ms=9
2026-10-10T07:41:34.2791866Z time=2026-10-10T07:34:25.860Z level=INFO msg="pre-migration backup written" component=memory backup=C:\Users\RUNNER~1\AppData\Local\Temp\TestL1VetoNeedsAChannelTheHostReallyWiredconsole_posture_veto_2191666668\002\backup\wisp.db.bak-1-2 from=1 to=2
2026-10-10T07:41:34.2793504Z time=2026-10-10T07:34:25.868Z level=INFO msg="schema migration step applied" component=memory from=1 to=2 started_at=2026-10-10T07:34:25Z duration_ms=7
2026-10-10T07:41:34.2794577Z time=2026-10-10T07:34:25.887Z level=INFO msg="schema migration complete" component=memory schema_version=2
2026-10-10T07:41:34.2795470Z time=2026-10-10T07:34:25.888Z level=INFO msg="startup WAL checkpoint (TRUNCATE) done" component=memory wal_pages_before=0 pages_moved=0
2026-10-10T07:41:34.2796385Z === RUN   TestL1VetoNeedsAChannelTheHostReallyWired/host_declares_and_loads_esc,_veto_lands
2026-10-10T07:41:34.2797260Z time=2026-10-10T07:34:28.784Z level=WARN msg="goroutine outside the D38 roster (leak symptom)" goroutine=mockllm-stdout-reader owner=test
2026-10-10T07:41:34.2798825Z time=2026-10-10T07:34:28.799Z level=INFO msg="wisp: persistent log sink installed" dir=C:\Users\RUNNER~1\AppData\Local\Temp\TestL1VetoNeedsAChannelTheHostReallyWiredhost_declares_and_load3774703319\002\logs min_level=info early_records=0 early_dropped=0
2026-10-10T07:41:34.2800334Z 2026/10/10 07:34:28 mockllm: serving on http://127.0.0.1:50844 (golden dir D:\a\wisp\wisp\internal\llm\testdata\golden)
2026-10-10T07:41:34.2802208Z time=2026-10-10T07:34:28.826Z level=INFO msg="pre-migration backup written" component=memory backup=C:\Users\RUNNER~1\AppData\Local\Temp\TestL1VetoNeedsAChannelTheHostReallyWiredhost_declares_and_load3774703319\002\backup\wisp.db.bak-0-1 from=0 to=1
2026-10-10T07:41:34.2803858Z time=2026-10-10T07:34:28.834Z level=INFO msg="schema migration step applied" component=memory from=0 to=1 started_at=2026-10-10T07:34:28Z duration_ms=7
2026-10-10T07:41:34.2805470Z time=2026-10-10T07:34:28.857Z level=INFO msg="pre-migration backup written" component=memory backup=C:\Users\RUNNER~1\AppData\Local\Temp\TestL1VetoNeedsAChannelTheHostReallyWiredhost_declares_and_load3774703319\002\backup\wisp.db.bak-1-2 from=1 to=2
2026-10-10T07:41:34.2807109Z time=2026-10-10T07:34:28.865Z level=INFO msg="schema migration step applied" component=memory from=1 to=2 started_at=2026-10-10T07:34:28Z duration_ms=7
2026-10-10T07:41:34.2808132Z time=2026-10-10T07:34:28.879Z level=INFO msg="schema migration complete" component=memory schema_version=2
2026-10-10T07:41:34.2809183Z time=2026-10-10T07:34:28.880Z level=INFO msg="startup WAL checkpoint (TRUNCATE) done" component=memory wal_pages_before=0 pages_moved=0
2026-10-10T07:41:34.2810275Z time=2026-10-10T07:34:28.921Z level=INFO msg="startup WAL checkpoint (TRUNCATE) done" component=memory wal_pages_before=0 pages_moved=0
2026-10-10T07:41:34.2811102Z --- PASS: TestL1VetoNeedsAChannelTheHostReallyWired (4.02s)
2026-10-10T07:41:34.2811956Z     --- PASS: TestL1VetoNeedsAChannelTheHostReallyWired/console_posture:_veto_refused,_window_still_executes (3.05s)
2026-10-10T07:41:34.2812960Z     --- PASS: TestL1VetoNeedsAChannelTheHostReallyWired/host_declares_and_loads_esc,_veto_lands (0.97s)
2026-10-10T07:41:34.2813671Z === RUN   TestNativeHostSeamAnswersAnL2CardWithoutAnyConsole
2026-10-10T07:41:34.2814492Z time=2026-10-10T07:34:29.902Z level=WARN msg="goroutine outside the D38 roster (leak symptom)" goroutine=mockllm-stdout-reader owner=test
2026-10-10T07:41:34.2816054Z time=2026-10-10T07:34:29.918Z level=INFO msg="wisp: persistent log sink installed" dir=C:\Users\RUNNER~1\AppData\Local\Temp\TestNativeHostSeamAnswersAnL2CardWithoutAnyConsole992074422\002\logs min_level=info early_records=0 early_dropped=0
2026-10-10T07:41:34.2817763Z 2026/10/10 07:34:29 mockllm: serving on http://127.0.0.1:50846 (golden dir D:\a\wisp\wisp\internal\llm\testdata\golden)
2026-10-10T07:41:34.2819243Z time=2026-10-10T07:34:29.944Z level=INFO msg="pre-migration backup written" component=memory backup=C:\Users\RUNNER~1\AppData\Local\Temp\TestNativeHostSeamAnswersAnL2CardWithoutAnyConsole992074422\002\backup\wisp.db.bak-0-1 from=0 to=1
2026-10-10T07:41:34.2820839Z time=2026-10-10T07:34:29.953Z level=INFO msg="schema migration step applied" component=memory from=0 to=1 started_at=2026-10-10T07:34:29Z duration_ms=8
2026-10-10T07:41:34.2822801Z time=2026-10-10T07:34:29.972Z level=INFO msg="pre-migration backup written" component=memory backup=C:\Users\RUNNER~1\AppData\Local\Temp\TestNativeHostSeamAnswersAnL2CardWithoutAnyConsole992074422\002\backup\wisp.db.bak-1-2 from=1 to=2
2026-10-10T07:41:34.2825528Z time=2026-10-10T07:34:29.982Z level=INFO msg="schema migration step applied" component=memory from=1 to=2 started_at=2026-10-10T07:34:29Z duration_ms=10
2026-10-10T07:41:34.2826615Z time=2026-10-10T07:34:29.995Z level=INFO msg="schema migration complete" component=memory schema_version=2
2026-10-10T07:41:34.2827564Z time=2026-10-10T07:34:29.996Z level=INFO msg="startup WAL checkpoint (TRUNCATE) done" component=memory wal_pages_before=0 pages_moved=0
2026-10-10T07:41:34.2828415Z --- PASS: TestNativeHostSeamAnswersAnL2CardWithoutAnyConsole (1.11s)
2026-10-10T07:41:34.2828941Z === RUN   TestNativeHostSeamRefusesAPanelSourcedAllow
2026-10-10T07:41:34.2829685Z time=2026-10-10T07:34:30.908Z level=WARN msg="goroutine outside the D38 roster (leak symptom)" goroutine=mockllm-stdout-reader owner=test
2026-10-10T07:41:34.2831201Z time=2026-10-10T07:34:30.922Z level=INFO msg="wisp: persistent log sink installed" dir=C:\Users\RUNNER~1\AppData\Local\Temp\TestNativeHostSeamRefusesAPanelSourcedAllow933404487\002\logs min_level=info early_records=0 early_dropped=0
2026-10-10T07:41:34.2832628Z 2026/10/10 07:34:30 mockllm: serving on http://127.0.0.1:50848 (golden dir D:\a\wisp\wisp\internal\llm\testdata\golden)
2026-10-10T07:41:34.2834039Z time=2026-10-10T07:34:30.947Z level=INFO msg="pre-migration backup written" component=memory backup=C:\Users\RUNNER~1\AppData\Local\Temp\TestNativeHostSeamRefusesAPanelSourcedAllow933404487\002\backup\wisp.db.bak-0-1 from=0 to=1
2026-10-10T07:41:34.2835493Z time=2026-10-10T07:34:30.956Z level=INFO msg="schema migration step applied" component=memory from=0 to=1 started_at=2026-10-10T07:34:30Z duration_ms=8
2026-10-10T07:41:34.2836974Z time=2026-10-10T07:34:30.974Z level=INFO msg="pre-migration backup written" component=memory backup=C:\Users\RUNNER~1\AppData\Local\Temp\TestNativeHostSeamRefusesAPanelSourcedAllow933404487\002\backup\wisp.db.bak-1-2 from=1 to=2
2026-10-10T07:41:34.2838500Z time=2026-10-10T07:34:30.981Z level=INFO msg="schema migration step applied" component=memory from=1 to=2 started_at=2026-10-10T07:34:30Z duration_ms=6
2026-10-10T07:41:34.2839488Z time=2026-10-10T07:34:30.993Z level=INFO msg="schema migration complete" component=memory schema_version=2
2026-10-10T07:41:34.2840421Z time=2026-10-10T07:34:30.994Z level=INFO msg="startup WAL checkpoint (TRUNCATE) done" component=memory wal_pages_before=0 pages_moved=0
2026-10-10T07:41:34.2841209Z --- PASS: TestNativeHostSeamRefusesAPanelSourcedAllow (0.99s)
2026-10-10T07:41:34.2841744Z === RUN   TestTicket255SplitOnlyClaimsSectionsWithALiveReader
2026-10-10T07:41:34.2842696Z --- PASS: TestTicket255SplitOnlyClaimsSectionsWithALiveReader (0.00s)
2026-10-10T07:41:34.2843270Z === RUN   TestTicket255HotRowRosterCoversTheRegistry
2026-10-10T07:41:34.2843744Z --- PASS: TestTicket255HotRowRosterCoversTheRegistry (0.00s)
2026-10-10T07:41:34.2844280Z === RUN   TestTicket255RosterEvidenceLinesStillSayWhatTheyClaim
2026-10-10T07:41:34.2844875Z --- PASS: TestTicket255RosterEvidenceLinesStillSayWhatTheyClaim (0.00s)
2026-10-10T07:41:34.2845446Z === RUN   TestTicket255RosterStillMatchesTheActualReadSites
2026-10-10T07:41:34.2846010Z --- PASS: TestTicket255RosterStillMatchesTheActualReadSites (0.32s)
2026-10-10T07:41:34.2846568Z === RUN   TestTicket255ReceiptOmitsPanelFromTheImmediateSentence
2026-10-10T07:41:34.2847623Z time=2026-10-10T07:34:32.241Z level=WARN msg="goroutine outside the D38 roster (leak symptom)" goroutine=mockllm-stdout-reader owner=test
2026-10-10T07:41:34.2848918Z time=2026-10-10T07:34:32.256Z level=INFO msg="wisp: persistent log sink installed" dir=C:\Users\RUNNER~1\AppData\Local\Temp\TestTicket255ReceiptOmitsPanelFromTheImmediateSentence4283219162\002\logs min_level=info early_records=0 early_dropped=0
2026-10-10T07:41:34.2850202Z 2026/10/10 07:34:32 mockllm: serving on http://127.0.0.1:50850 (golden dir D:\a\wisp\wisp\internal\llm\testdata\golden)
2026-10-10T07:41:34.2851810Z time=2026-10-10T07:34:32.282Z level=INFO msg="pre-migration backup written" component=memory backup=C:\Users\RUNNER~1\AppData\Local\Temp\TestTicket255ReceiptOmitsPanelFromTheImmediateSentence4283219162\002\backup\wisp.db.bak-0-1 from=0 to=1
2026-10-10T07:41:34.2853283Z time=2026-10-10T07:34:32.291Z level=INFO msg="schema migration step applied" component=memory from=0 to=1 started_at=2026-10-10T07:34:32Z duration_ms=9
2026-10-10T07:41:34.2854362Z time=2026-10-10T07:34:32.309Z level=INFO msg="pre-migration backup written" component=memory backup=C:\Users\RUNNER~1\AppData\Local\Temp\TestTicket255ReceiptOmitsPanelFromTheImmediateSentence4283219162\002\backup\wisp.db.bak-1-2 from=1 to=2
2026-10-10T07:41:34.2855415Z time=2026-10-10T07:34:32.316Z level=INFO msg="schema migration step applied" component=memory from=1 to=2 started_at=2026-10-10T07:34:32Z duration_ms=7
2026-10-10T07:41:34.2856059Z time=2026-10-10T07:34:32.330Z level=INFO msg="schema migration complete" component=memory schema_version=2
2026-10-10T07:41:34.2856669Z time=2026-10-10T07:34:32.332Z level=INFO msg="startup WAL checkpoint (TRUNCATE) done" component=memory wal_pages_before=0 pages_moved=0
2026-10-10T07:41:34.2857237Z --- PASS: TestTicket255ReceiptOmitsPanelFromTheImmediateSentence (2.01s)
2026-10-10T07:41:34.2857654Z === RUN   TestTicket255ReceiptOmitsASectionWithNoReaderAnywhere
2026-10-10T07:41:34.2858191Z time=2026-10-10T07:34:34.224Z level=WARN msg="goroutine outside the D38 roster (leak symptom)" goroutine=mockllm-stdout-reader owner=test
2026-10-10T07:41:34.2859363Z time=2026-10-10T07:34:34.238Z level=INFO msg="wisp: persistent log sink installed" dir=C:\Users\RUNNER~1\AppData\Local\Temp\TestTicket255ReceiptOmitsASectionWithNoReaderAnywhere3650067210\002\logs min_level=info early_records=0 early_dropped=0
2026-10-10T07:41:34.2860331Z 2026/10/10 07:34:34 mockllm: serving on http://127.0.0.1:50853 (golden dir D:\a\wisp\wisp\internal\llm\testdata\golden)
2026-10-10T07:41:34.2861286Z time=2026-10-10T07:34:34.262Z level=INFO msg="pre-migration backup written" component=memory backup=C:\Users\RUNNER~1\AppData\Local\Temp\TestTicket255ReceiptOmitsASectionWithNoReaderAnywhere3650067210\002\backup\wisp.db.bak-0-1 from=0 to=1
2026-10-10T07:41:34.2862652Z time=2026-10-10T07:34:34.271Z level=INFO msg="schema migration step applied" component=memory from=0 to=1 started_at=2026-10-10T07:34:34Z duration_ms=9
2026-10-10T07:41:34.2863717Z time=2026-10-10T07:34:34.290Z level=INFO msg="pre-migration backup written" component=memory backup=C:\Users\RUNNER~1\AppData\Local\Temp\TestTicket255ReceiptOmitsASectionWithNoReaderAnywhere3650067210\002\backup\wisp.db.bak-1-2 from=1 to=2
2026-10-10T07:41:34.2864822Z time=2026-10-10T07:34:34.297Z level=INFO msg="schema migration step applied" component=memory from=1 to=2 started_at=2026-10-10T07:34:34Z duration_ms=6
2026-10-10T07:41:34.2865523Z time=2026-10-10T07:34:34.309Z level=INFO msg="schema migration complete" component=memory schema_version=2
2026-10-10T07:41:34.2866221Z time=2026-10-10T07:34:34.310Z level=INFO msg="startup WAL checkpoint (TRUNCATE) done" component=memory wal_pages_before=0 pages_moved=0
2026-10-10T07:41:34.2866855Z --- PASS: TestTicket255ReceiptOmitsASectionWithNoReaderAnywhere (1.98s)
2026-10-10T07:41:34.2867338Z === RUN   TestTicket255ReceiptStillNamesTheLiveReadSection
2026-10-10T07:41:34.2868084Z time=2026-10-10T07:34:36.327Z level=WARN msg="goroutine outside the D38 roster (leak symptom)" goroutine=mockllm-stdout-reader owner=test
2026-10-10T07:41:34.2869154Z time=2026-10-10T07:34:36.342Z level=INFO msg="wisp: persistent log sink installed" dir=C:\Users\RUNNER~1\AppData\Local\Temp\TestTicket255ReceiptStillNamesTheLiveReadSection17734439\002\logs min_level=info early_records=0 early_dropped=0
2026-10-10T07:41:34.2870172Z 2026/10/10 07:34:36 mockllm: serving on http://127.0.0.1:50855 (golden dir D:\a\wisp\wisp\internal\llm\testdata\golden)
2026-10-10T07:41:34.2871258Z time=2026-10-10T07:34:36.368Z level=INFO msg="pre-migration backup written" component=memory backup=C:\Users\RUNNER~1\AppData\Local\Temp\TestTicket255ReceiptStillNamesTheLiveReadSection17734439\002\backup\wisp.db.bak-0-1 from=0 to=1
2026-10-10T07:41:34.2872311Z time=2026-10-10T07:34:36.377Z level=INFO msg="schema migration step applied" component=memory from=0 to=1 started_at=2026-10-10T07:34:36Z duration_ms=9
2026-10-10T07:41:34.2873394Z time=2026-10-10T07:34:36.398Z level=INFO msg="pre-migration backup written" component=memory backup=C:\Users\RUNNER~1\AppData\Local\Temp\TestTicket255ReceiptStillNamesTheLiveReadSection17734439\002\backup\wisp.db.bak-1-2 from=1 to=2
2026-10-10T07:41:34.2874411Z time=2026-10-10T07:34:36.406Z level=INFO msg="schema migration step applied" component=memory from=1 to=2 started_at=2026-10-10T07:34:36Z duration_ms=7
2026-10-10T07:41:34.2875277Z time=2026-10-10T07:34:36.421Z level=INFO msg="schema migration complete" component=memory schema_version=2
2026-10-10T07:41:34.2875977Z time=2026-10-10T07:34:36.423Z level=INFO msg="startup WAL checkpoint (TRUNCATE) done" component=memory wal_pages_before=0 pages_moved=0
2026-10-10T07:41:34.2876582Z --- PASS: TestTicket255ReceiptStillNamesTheLiveReadSection (2.11s)
2026-10-10T07:41:34.2877042Z === RUN   TestTicket255ReceiptSentenceAssemblyIsFiltered
2026-10-10T07:41:34.2877617Z time=2026-10-10T07:34:38.362Z level=WARN msg="goroutine outside the D38 roster (leak symptom)" goroutine=mockllm-stdout-reader owner=test
2026-10-10T07:41:34.2878726Z time=2026-10-10T07:34:38.375Z level=INFO msg="wisp: persistent log sink installed" dir=C:\Users\RUNNER~1\AppData\Local\Temp\TestTicket255ReceiptSentenceAssemblyIsFiltered3512153155\002\logs min_level=info early_records=0 early_dropped=0
2026-10-10T07:41:34.2879763Z 2026/10/10 07:34:38 mockllm: serving on http://127.0.0.1:50857 (golden dir D:\a\wisp\wisp\internal\llm\testdata\golden)
2026-10-10T07:41:34.2880775Z time=2026-10-10T07:34:38.402Z level=INFO msg="pre-migration backup written" component=memory backup=C:\Users\RUNNER~1\AppData\Local\Temp\TestTicket255ReceiptSentenceAssemblyIsFiltered3512153155\002\backup\wisp.db.bak-0-1 from=0 to=1
2026-10-10T07:41:34.2881839Z time=2026-10-10T07:34:38.410Z level=INFO msg="schema migration step applied" component=memory from=0 to=1 started_at=2026-10-10T07:34:38Z duration_ms=8
2026-10-10T07:41:34.2883597Z time=2026-10-10T07:34:38.429Z level=INFO msg="pre-migration backup written" component=memory backup=C:\Users\RUNNER~1\AppData\Local\Temp\TestTicket255ReceiptSentenceAssemblyIsFiltered3512153155\002\backup\wisp.db.bak-1-2 from=1 to=2
2026-10-10T07:41:34.2885211Z time=2026-10-10T07:34:38.437Z level=INFO msg="schema migration step applied" component=memory from=1 to=2 started_at=2026-10-10T07:34:38Z duration_ms=8
2026-10-10T07:41:34.2886296Z time=2026-10-10T07:34:38.451Z level=INFO msg="schema migration complete" component=memory schema_version=2
2026-10-10T07:41:34.2887288Z time=2026-10-10T07:34:38.452Z level=INFO msg="startup WAL checkpoint (TRUNCATE) done" component=memory wal_pages_before=0 pages_moved=0
2026-10-10T07:41:34.2888116Z     config_receipt_255_test.go:597: SENTENCES
2026-10-10T07:41:34.2889285Z           IMMEDIATE "wisp run: 配置热加载：这些段已立即生效（D36 立即档）：[llm]"
2026-10-10T07:41:34.2891383Z           HONEST    "wisp run: 配置热加载：这些段的值已换进本进程内存，但本宿主没有会按新值做事的读者，本次运行不会因此改变行为（票 255 AC#1：这一半不许说成「已立即生效」；逐段的读者判定见 HOT-RELOAD-READER 行）：[ball] [session] [audio] [agent] [privacy] [memory] [panel] [cost] [models] [observe] [hotkey] [app] [voice]"
2026-10-10T07:41:34.2896244Z     config_receipt_255_test.go:606: LEDGER [audit] config: HOT-RELOAD-READER section=panel tier_row=[panel] claims=["panel":other-process: cmd/wisp/panel_resident_windows.go:207 [cfg.Panel.Width] - the resident panel host's assembly root re-reads [panel] at every window creation and the window is built from that number (cmd/wisp/panel_host_windows.go:262 [Width:  uint(width)], reached from the create at :392); 面板关窗再开即跟上新值, and since 票 255-r1 a re-show of an already-created window posts this host's currently resolved pair through the library's SetSize on Dispatch - a CLIENT-area request, not the OUTER-FRAME one the create makes, so the same width is not the same on-screen pixels; nothing presses it when config.toml is saved, so the size arrives on the next show request, and this `wisp run` process builds no panel host at all]
2026-10-10T07:41:34.2899454Z     config_receipt_255_test.go:606: LEDGER [audit] config: HOT-RELOAD-READER section=llm tier_row=[llm] claims=["llm":consumed: cmd/wisp/panel_config_store.go:96 [cfg.LLM.Roles.Chat.Model] - configStore.ReadSettings calls s.mgr.Config() per call]
2026-10-10T07:41:34.2901320Z     config_receipt_255_test.go:606: LEDGER [audit] config: HOT-RELOAD-READER section=app tier_row=[app.theme] claims=["app.theme":no-reader: 扫描零命中：nothing outside internal/config reads cfg.App - manager.go's planApp compares and copies it, and no component re-skins from it]
2026-10-10T07:41:34.2909490Z     config_receipt_255_test.go:606: LEDGER [audit] config: HOT-RELOAD-READER section=voice tier_row=[voice.punctuation voice.tts.speed voice.wake_word.thresholds voice.wake_word.veto_words] claims=["voice.punctuation":no-reader: 扫描零命中：nothing outside internal/config reads this [voice] key (the section's only production reader since ticket 247 is cmd/wisp/resident_audio_windows.go:257 [c.Voice.Enabled], which decides whether the capture leg is built at all) - the punctuation switch has no consumer yet | "voice.tts.speed":no-reader: 扫描零命中：nothing outside internal/config reads this [voice] key (the section's only production reader since ticket 247 is cmd/wisp/resident_audio_windows.go:257 [c.Voice.Enabled], which decides whether the capture leg is built at all) - the TTS knobs are not threaded to the voice path yet | "voice.wake_word.thresholds":no-reader: 扫描零命中：nothing outside internal/config reads this [voice] key (the section's only production reader since ticket 247 is cmd/wisp/resident_audio_windows.go:257 [c.Voice.Enabled], which decides whether the capture leg is built at all) - the wake-word tunables are not consumed by the KWS path yet | "voice.wake_word.veto_words":no-reader: 扫描零命中：nothing outside internal/config reads this [voice] key (the section's only production reader since ticket 247 is cmd/wisp/resident_audio_windows.go:257 [c.Voice.Enabled], which decides whether the capture leg is built at all) - the veto list is not consumed by the KWS path yet]
2026-10-10T07:41:34.2916183Z --- PASS: TestTicket255ReceiptSentenceAssemblyIsFiltered (1.03s)
2026-10-10T07:41:34.2916791Z === RUN   TestTicket223RunArmsTheReloadTick
2026-10-10T07:41:34.2917633Z time=2026-10-10T07:34:39.346Z level=WARN msg="goroutine outside the D38 roster (leak symptom)" goroutine=mockllm-stdout-reader owner=test
2026-10-10T07:41:34.2919182Z time=2026-10-10T07:34:39.360Z level=INFO msg="wisp: persistent log sink installed" dir=C:\Users\RUNNER~1\AppData\Local\Temp\TestTicket223RunArmsTheReloadTick1926695750\002\logs min_level=info early_records=0 early_dropped=0
2026-10-10T07:41:34.2920663Z 2026/10/10 07:34:39 mockllm: serving on http://127.0.0.1:50859 (golden dir D:\a\wisp\wisp\internal\llm\testdata\golden)
2026-10-10T07:41:34.2922130Z time=2026-10-10T07:34:39.386Z level=INFO msg="pre-migration backup written" component=memory backup=C:\Users\RUNNER~1\AppData\Local\Temp\TestTicket223RunArmsTheReloadTick1926695750\002\backup\wisp.db.bak-0-1 from=0 to=1
2026-10-10T07:41:34.2924304Z time=2026-10-10T07:34:39.394Z level=INFO msg="schema migration step applied" component=memory from=0 to=1 started_at=2026-10-10T07:34:39Z duration_ms=8
2026-10-10T07:41:34.2925875Z time=2026-10-10T07:34:39.415Z level=INFO msg="pre-migration backup written" component=memory backup=C:\Users\RUNNER~1\AppData\Local\Temp\TestTicket223RunArmsTheReloadTick1926695750\002\backup\wisp.db.bak-1-2 from=1 to=2
2026-10-10T07:41:34.2927494Z time=2026-10-10T07:34:39.424Z level=INFO msg="schema migration step applied" component=memory from=1 to=2 started_at=2026-10-10T07:34:39Z duration_ms=9
2026-10-10T07:41:34.2928556Z time=2026-10-10T07:34:39.436Z level=INFO msg="schema migration complete" component=memory schema_version=2
2026-10-10T07:41:34.2929710Z time=2026-10-10T07:34:39.438Z level=INFO msg="startup WAL checkpoint (TRUNCATE) done" component=memory wal_pages_before=0 pages_moved=0
2026-10-10T07:41:34.2931946Z --- PASS: TestTicket223RunArmsTheReloadTick (1.98s)
2026-10-10T07:41:34.2932495Z === RUN   TestTicket223HandEditedFsLooseningCostsAnL2Card
2026-10-10T07:41:34.2933477Z time=2026-10-10T07:34:41.691Z level=WARN msg="goroutine outside the D38 roster (leak symptom)" goroutine=mockllm-stdout-reader owner=test
2026-10-10T07:41:34.2935169Z time=2026-10-10T07:34:41.705Z level=INFO msg="wisp: persistent log sink installed" dir=C:\Users\RUNNER~1\AppData\Local\Temp\TestTicket223HandEditedFsLooseningCostsAnL2Card2149207544\002\logs min_level=info early_records=0 early_dropped=0
2026-10-10T07:41:34.2937256Z 2026/10/10 07:34:41 mockllm: serving on http://127.0.0.1:50866 (golden dir D:\a\wisp\wisp\internal\llm\testdata\golden)
2026-10-10T07:41:34.2938388Z time=2026-10-10T07:34:41.894Z level=INFO msg="pre-migration backup written" component=memory backup=C:\Users\RUNNER~1\AppData\Local\Temp\TestTicket223HandEditedFsLooseningCostsAnL2Card2149207544\002\backup\wisp.db.bak-0-1 from=0 to=1
2026-10-10T07:41:34.2939661Z time=2026-10-10T07:34:41.971Z level=INFO msg="schema migration step applied" component=memory from=0 to=1 started_at=2026-10-10T07:34:41Z duration_ms=76
2026-10-10T07:41:34.2940774Z time=2026-10-10T07:34:42.054Z level=INFO msg="pre-migration backup written" component=memory backup=C:\Users\RUNNER~1\AppData\Local\Temp\TestTicket223HandEditedFsLooseningCostsAnL2Card2149207544\002\backup\wisp.db.bak-1-2 from=1 to=2
2026-10-10T07:41:34.2941877Z time=2026-10-10T07:34:42.145Z level=INFO msg="schema migration step applied" component=memory from=1 to=2 started_at=2026-10-10T07:34:42Z duration_ms=90
2026-10-10T07:41:34.2942618Z time=2026-10-10T07:34:42.263Z level=INFO msg="schema migration complete" component=memory schema_version=2
2026-10-10T07:41:34.2943259Z time=2026-10-10T07:34:42.265Z level=INFO msg="startup WAL checkpoint (TRUNCATE) done" component=memory wal_pages_before=0 pages_moved=0
2026-10-10T07:41:34.2944010Z time=2026-10-10T07:34:43.267Z level=WARN msg="config: locked loosening approved via L2 re-confirmation (D36 rule 1)" section=fs keys=[fs.allowed_dirs]
2026-10-10T07:41:34.2944657Z --- PASS: TestTicket223HandEditedFsLooseningCostsAnL2Card (2.98s)
2026-10-10T07:41:34.2945125Z === RUN   TestTicket223RefusedLooseningKeepsOldValues
2026-10-10T07:41:34.2945704Z time=2026-10-10T07:34:44.308Z level=WARN msg="goroutine outside the D38 roster (leak symptom)" goroutine=mockllm-stdout-reader owner=test
2026-10-10T07:41:34.2946787Z time=2026-10-10T07:34:44.321Z level=INFO msg="wisp: persistent log sink installed" dir=C:\Users\RUNNER~1\AppData\Local\Temp\TestTicket223RefusedLooseningKeepsOldValues1911731935\002\logs min_level=info early_records=0 early_dropped=0
2026-10-10T07:41:34.2947798Z 2026/10/10 07:34:44 mockllm: serving on http://127.0.0.1:50868 (golden dir D:\a\wisp\wisp\internal\llm\testdata\golden)
2026-10-10T07:41:34.2948888Z time=2026-10-10T07:34:44.348Z level=INFO msg="pre-migration backup written" component=memory backup=C:\Users\RUNNER~1\AppData\Local\Temp\TestTicket223RefusedLooseningKeepsOldValues1911731935\002\backup\wisp.db.bak-0-1 from=0 to=1
2026-10-10T07:41:34.2950149Z time=2026-10-10T07:34:44.357Z level=INFO msg="schema migration step applied" component=memory from=0 to=1 started_at=2026-10-10T07:34:44Z duration_ms=9
2026-10-10T07:41:34.2952496Z time=2026-10-10T07:34:44.378Z level=INFO msg="pre-migration backup written" component=memory backup=C:\Users\RUNNER~1\AppData\Local\Temp\TestTicket223RefusedLooseningKeepsOldValues1911731935\002\backup\wisp.db.bak-1-2 from=1 to=2
2026-10-10T07:41:34.2954073Z time=2026-10-10T07:34:44.385Z level=INFO msg="schema migration step applied" component=memory from=1 to=2 started_at=2026-10-10T07:34:44Z duration_ms=7
2026-10-10T07:41:34.2955014Z time=2026-10-10T07:34:44.399Z level=INFO msg="schema migration complete" component=memory schema_version=2
2026-10-10T07:41:34.2956246Z time=2026-10-10T07:34:44.401Z level=INFO msg="startup WAL checkpoint (TRUNCATE) done" component=memory wal_pages_before=0 pages_moved=0
2026-10-10T07:41:34.2957863Z time=2026-10-10T07:34:45.403Z level=WARN msg="config: locked loosening rejected; keeping previous values" section=fs keys=[fs.allowed_dirs]
2026-10-10T07:41:34.2959491Z --- PASS: TestTicket223RefusedLooseningKeepsOldValues (5.01s)
2026-10-10T07:41:34.2959947Z === RUN   TestTicket223TighteningRaisesNoCard
2026-10-10T07:41:34.2960512Z time=2026-10-10T07:34:49.337Z level=WARN msg="goroutine outside the D38 roster (leak symptom)" goroutine=mockllm-stdout-reader owner=test
2026-10-10T07:41:34.2961550Z time=2026-10-10T07:34:49.350Z level=INFO msg="wisp: persistent log sink installed" dir=C:\Users\RUNNER~1\AppData\Local\Temp\TestTicket223TighteningRaisesNoCard3408894657\002\logs min_level=info early_records=0 early_dropped=0
2026-10-10T07:41:34.2963079Z 2026/10/10 07:34:49 mockllm: serving on http://127.0.0.1:50871 (golden dir D:\a\wisp\wisp\internal\llm\testdata\golden)
2026-10-10T07:41:34.2965140Z time=2026-10-10T07:34:49.375Z level=INFO msg="pre-migration backup written" component=memory backup=C:\Users\RUNNER~1\AppData\Local\Temp\TestTicket223TighteningRaisesNoCard3408894657\002\backup\wisp.db.bak-0-1 from=0 to=1
2026-10-10T07:41:34.2967610Z time=2026-10-10T07:34:49.384Z level=INFO msg="schema migration step applied" component=memory from=0 to=1 started_at=2026-10-10T07:34:49Z duration_ms=8
2026-10-10T07:41:34.2969761Z time=2026-10-10T07:34:49.409Z level=INFO msg="pre-migration backup written" component=memory backup=C:\Users\RUNNER~1\AppData\Local\Temp\TestTicket223TighteningRaisesNoCard3408894657\002\backup\wisp.db.bak-1-2 from=1 to=2
2026-10-10T07:41:34.2971367Z time=2026-10-10T07:34:49.418Z level=INFO msg="schema migration step applied" component=memory from=1 to=2 started_at=2026-10-10T07:34:49Z duration_ms=8
2026-10-10T07:41:34.2972455Z time=2026-10-10T07:34:49.433Z level=INFO msg="schema migration complete" component=memory schema_version=2
2026-10-10T07:41:34.2973836Z time=2026-10-10T07:34:49.434Z level=INFO msg="startup WAL checkpoint (TRUNCATE) done" component=memory wal_pages_before=0 pages_moved=0
2026-10-10T07:41:34.2975369Z time=2026-10-10T07:34:50.435Z level=INFO msg="config: locked section tightened, hot-applied" section=fs keys=[fs.allowed_dirs]
2026-10-10T07:41:34.2976219Z --- PASS: TestTicket223TighteningRaisesNoCard (2.01s)
2026-10-10T07:41:34.2977135Z === RUN   TestTicket223ModeLooseningChangesTheRunningModeAfterAllow
2026-10-10T07:41:34.2978094Z time=2026-10-10T07:34:51.340Z level=WARN msg="goroutine outside the D38 roster (leak symptom)" goroutine=mockllm-stdout-reader owner=test
2026-10-10T07:41:34.2979764Z time=2026-10-10T07:34:51.354Z level=INFO msg="wisp: persistent log sink installed" dir=C:\Users\RUNNER~1\AppData\Local\Temp\TestTicket223ModeLooseningChangesTheRunningModeAfterAllow1569301286\002\logs min_level=info early_records=0 early_dropped=0
2026-10-10T07:41:34.2981307Z 2026/10/10 07:34:51 mockllm: serving on http://127.0.0.1:50873 (golden dir D:\a\wisp\wisp\internal\llm\testdata\golden)
2026-10-10T07:41:34.2982851Z time=2026-10-10T07:34:51.379Z level=INFO msg="pre-migration backup written" component=memory backup=C:\Users\RUNNER~1\AppData\Local\Temp\TestTicket223ModeLooseningChangesTheRunningModeAfterAllow1569301286\002\backup\wisp.db.bak-0-1 from=0 to=1
2026-10-10T07:41:34.2984847Z time=2026-10-10T07:34:51.386Z level=INFO msg="schema migration step applied" component=memory from=0 to=1 started_at=2026-10-10T07:34:51Z duration_ms=6
2026-10-10T07:41:34.2986026Z time=2026-10-10T07:34:51.412Z level=INFO msg="pre-migration backup written" component=memory backup=C:\Users\RUNNER~1\AppData\Local\Temp\TestTicket223ModeLooseningChangesTheRunningModeAfterAllow1569301286\002\backup\wisp.db.bak-1-2 from=1 to=2
2026-10-10T07:41:34.2987138Z time=2026-10-10T07:34:51.421Z level=INFO msg="schema migration step applied" component=memory from=1 to=2 started_at=2026-10-10T07:34:51Z duration_ms=9
2026-10-10T07:41:34.2987954Z time=2026-10-10T07:34:51.433Z level=INFO msg="schema migration complete" component=memory schema_version=2
2026-10-10T07:41:34.2988631Z time=2026-10-10T07:34:51.435Z level=INFO msg="startup WAL checkpoint (TRUNCATE) done" component=memory wal_pages_before=0 pages_moved=0
2026-10-10T07:41:34.2989458Z time=2026-10-10T07:34:52.456Z level=WARN msg="config: locked loosening approved via L2 re-confirmation (D36 rule 1)" section=risk keys=[risk.permission_mode]
2026-10-10T07:41:34.2990149Z --- PASS: TestTicket223ModeLooseningChangesTheRunningModeAfterAllow (2.04s)
2026-10-10T07:41:34.2990601Z === RUN   TestTicket223RestartTierSaysItWillNotApply
2026-10-10T07:41:34.2991202Z time=2026-10-10T07:34:53.571Z level=WARN msg="goroutine outside the D38 roster (leak symptom)" goroutine=mockllm-stdout-reader owner=test
2026-10-10T07:41:34.2992235Z time=2026-10-10T07:34:53.586Z level=INFO msg="wisp: persistent log sink installed" dir=C:\Users\RUNNER~1\AppData\Local\Temp\TestTicket223RestartTierSaysItWillNotApply1325604994\002\logs min_level=info early_records=0 early_dropped=0
2026-10-10T07:41:34.2993224Z 2026/10/10 07:34:53 mockllm: serving on http://127.0.0.1:50875 (golden dir D:\a\wisp\wisp\internal\llm\testdata\golden)
2026-10-10T07:41:34.2994207Z time=2026-10-10T07:34:53.613Z level=INFO msg="pre-migration backup written" component=memory backup=C:\Users\RUNNER~1\AppData\Local\Temp\TestTicket223RestartTierSaysItWillNotApply1325604994\002\backup\wisp.db.bak-0-1 from=0 to=1
2026-10-10T07:41:34.2995274Z time=2026-10-10T07:34:53.621Z level=INFO msg="schema migration step applied" component=memory from=0 to=1 started_at=2026-10-10T07:34:53Z duration_ms=8
2026-10-10T07:41:34.2996320Z time=2026-10-10T07:34:53.641Z level=INFO msg="pre-migration backup written" component=memory backup=C:\Users\RUNNER~1\AppData\Local\Temp\TestTicket223RestartTierSaysItWillNotApply1325604994\002\backup\wisp.db.bak-1-2 from=1 to=2
2026-10-10T07:41:34.2997597Z time=2026-10-10T07:34:53.650Z level=INFO msg="schema migration step applied" component=memory from=1 to=2 started_at=2026-10-10T07:34:53Z duration_ms=8
2026-10-10T07:41:34.2998324Z time=2026-10-10T07:34:53.663Z level=INFO msg="schema migration complete" component=memory schema_version=2
2026-10-10T07:41:34.2999012Z time=2026-10-10T07:34:53.664Z level=INFO msg="startup WAL checkpoint (TRUNCATE) done" component=memory wal_pages_before=0 pages_moved=0
2026-10-10T07:41:34.2999599Z --- PASS: TestTicket223RestartTierSaysItWillNotApply (2.19s)
2026-10-10T07:41:34.3000015Z === RUN   TestTicket223FailureSentencesAreDistinct
2026-10-10T07:41:34.3000593Z === RUN   TestTicket223FailureSentencesAreDistinct/缺失
2026-10-10T07:41:34.3001150Z time=2026-10-10T07:34:55.592Z level=WARN msg="goroutine outside the D38 roster (leak symptom)" goroutine=mockllm-stdout-reader owner=test
2026-10-10T07:41:34.3002408Z time=2026-10-10T07:34:55.617Z level=INFO msg="wisp: persistent log sink installed" dir=C:\Users\RUNNER~1\AppData\Local\Temp\TestTicket223FailureSentencesAreDistinct缺失3163028104\002\logs min_level=info early_records=0 early_dropped=0
2026-10-10T07:41:34.3003388Z 2026/10/10 07:34:55 mockllm: serving on http://127.0.0.1:50882 (golden dir D:\a\wisp\wisp\internal\llm\testdata\golden)
2026-10-10T07:41:34.3004766Z time=2026-10-10T07:34:55.643Z level=INFO msg="pre-migration backup written" component=memory backup=C:\Users\RUNNER~1\AppData\Local\Temp\TestTicket223FailureSentencesAreDistinct缺失3163028104\002\backup\wisp.db.bak-0-1 from=0 to=1
2026-10-10T07:41:34.3005819Z time=2026-10-10T07:34:55.650Z level=INFO msg="schema migration step applied" component=memory from=0 to=1 started_at=2026-10-10T07:34:55Z duration_ms=7
2026-10-10T07:41:34.3007133Z time=2026-10-10T07:34:55.672Z level=INFO msg="pre-migration backup written" component=memory backup=C:\Users\RUNNER~1\AppData\Local\Temp\TestTicket223FailureSentencesAreDistinct缺失3163028104\002\backup\wisp.db.bak-1-2 from=1 to=2
2026-10-10T07:41:34.3008625Z time=2026-10-10T07:34:55.680Z level=INFO msg="schema migration step applied" component=memory from=1 to=2 started_at=2026-10-10T07:34:55Z duration_ms=8
2026-10-10T07:41:34.3009449Z time=2026-10-10T07:34:55.693Z level=INFO msg="schema migration complete" component=memory schema_version=2
2026-10-10T07:41:34.3010204Z time=2026-10-10T07:34:55.695Z level=INFO msg="startup WAL checkpoint (TRUNCATE) done" component=memory wal_pages_before=0 pages_moved=0
2026-10-10T07:41:34.3011172Z === RUN   TestTicket223FailureSentencesAreDistinct/语法错
2026-10-10T07:41:34.3012034Z time=2026-10-10T07:34:57.625Z level=WARN msg="goroutine outside the D38 roster (leak symptom)" goroutine=mockllm-stdout-reader owner=test
2026-10-10T07:41:34.3013580Z time=2026-10-10T07:34:57.638Z level=INFO msg="wisp: persistent log sink installed" dir=C:\Users\RUNNER~1\AppData\Local\Temp\TestTicket223FailureSentencesAreDistinct语法错3283913543\002\logs min_level=info early_records=0 early_dropped=0
2026-10-10T07:41:34.3014572Z 2026/10/10 07:34:57 mockllm: serving on http://127.0.0.1:50884 (golden dir D:\a\wisp\wisp\internal\llm\testdata\golden)
2026-10-10T07:41:34.3015793Z time=2026-10-10T07:34:57.665Z level=INFO msg="pre-migration backup written" component=memory backup=C:\Users\RUNNER~1\AppData\Local\Temp\TestTicket223FailureSentencesAreDistinct语法错3283913543\002\backup\wisp.db.bak-0-1 from=0 to=1
2026-10-10T07:41:34.3017578Z time=2026-10-10T07:34:57.674Z level=INFO msg="schema migration step applied" component=memory from=0 to=1 started_at=2026-10-10T07:34:57Z duration_ms=9
2026-10-10T07:41:34.3019066Z time=2026-10-10T07:34:57.693Z level=INFO msg="pre-migration backup written" component=memory backup=C:\Users\RUNNER~1\AppData\Local\Temp\TestTicket223FailureSentencesAreDistinct语法错3283913543\002\backup\wisp.db.bak-1-2 from=1 to=2
2026-10-10T07:41:34.3020133Z time=2026-10-10T07:34:57.701Z level=INFO msg="schema migration step applied" component=memory from=1 to=2 started_at=2026-10-10T07:34:57Z duration_ms=8
2026-10-10T07:41:34.3020828Z time=2026-10-10T07:34:57.714Z level=INFO msg="schema migration complete" component=memory schema_version=2
2026-10-10T07:41:34.3021534Z time=2026-10-10T07:34:57.715Z level=INFO msg="startup WAL checkpoint (TRUNCATE) done" component=memory wal_pages_before=0 pages_moved=0
2026-10-10T07:41:34.3022204Z === RUN   TestTicket223FailureSentencesAreDistinct/声明了版本但坏在后面
2026-10-10T07:41:34.3022810Z time=2026-10-10T07:34:59.763Z level=WARN msg="goroutine outside the D38 roster (leak symptom)" goroutine=mockllm-stdout-reader owner=test
2026-10-10T07:41:34.3024077Z time=2026-10-10T07:34:59.777Z level=INFO msg="wisp: persistent log sink installed" dir=C:\Users\RUNNER~1\AppData\Local\Temp\TestTicket223FailureSentencesAreDistinct声明了版本但坏3947392488\002\logs min_level=info early_records=0 early_dropped=0
2026-10-10T07:41:34.3025070Z 2026/10/10 07:34:59 mockllm: serving on http://127.0.0.1:50886 (golden dir D:\a\wisp\wisp\internal\llm\testdata\golden)
2026-10-10T07:41:34.3026135Z time=2026-10-10T07:34:59.801Z level=INFO msg="pre-migration backup written" component=memory backup=C:\Users\RUNNER~1\AppData\Local\Temp\TestTicket223FailureSentencesAreDistinct声明了版本但坏3947392488\002\backup\wisp.db.bak-0-1 from=0 to=1
2026-10-10T07:41:34.3027210Z time=2026-10-10T07:34:59.809Z level=INFO msg="schema migration step applied" component=memory from=0 to=1 started_at=2026-10-10T07:34:59Z duration_ms=8
2026-10-10T07:41:34.3028509Z time=2026-10-10T07:34:59.828Z level=INFO msg="pre-migration backup written" component=memory backup=C:\Users\RUNNER~1\AppData\Local\Temp\TestTicket223FailureSentencesAreDistinct声明了版本但坏3947392488\002\backup\wisp.db.bak-1-2 from=1 to=2
2026-10-10T07:41:34.3029581Z time=2026-10-10T07:34:59.836Z level=INFO msg="schema migration step applied" component=memory from=1 to=2 started_at=2026-10-10T07:34:59Z duration_ms=7
2026-10-10T07:41:34.3030278Z time=2026-10-10T07:34:59.851Z level=INFO msg="schema migration complete" component=memory schema_version=2
2026-10-10T07:41:34.3030979Z time=2026-10-10T07:34:59.852Z level=INFO msg="startup WAL checkpoint (TRUNCATE) done" component=memory wal_pages_before=0 pages_moved=0
2026-10-10T07:41:34.3031716Z === RUN   TestTicket223FailureSentencesAreDistinct/schema未知键
2026-10-10T07:41:34.3032292Z time=2026-10-10T07:35:01.786Z level=WARN msg="goroutine outside the D38 roster (leak symptom)" goroutine=mockllm-stdout-reader owner=test
2026-10-10T07:41:34.3033485Z time=2026-10-10T07:35:01.801Z level=INFO msg="wisp: persistent log sink installed" dir=C:\Users\RUNNER~1\AppData\Local\Temp\TestTicket223FailureSentencesAreDistinctschema未知键3807724516\002\logs min_level=info early_records=0 early_dropped=0
2026-10-10T07:41:34.3034452Z 2026/10/10 07:35:01 mockllm: serving on http://127.0.0.1:50888 (golden dir D:\a\wisp\wisp\internal\llm\testdata\golden)
2026-10-10T07:41:34.3035564Z time=2026-10-10T07:35:01.828Z level=INFO msg="pre-migration backup written" component=memory backup=C:\Users\RUNNER~1\AppData\Local\Temp\TestTicket223FailureSentencesAreDistinctschema未知键3807724516\002\backup\wisp.db.bak-0-1 from=0 to=1
2026-10-10T07:41:34.3036644Z time=2026-10-10T07:35:01.837Z level=INFO msg="schema migration step applied" component=memory from=0 to=1 started_at=2026-10-10T07:35:01Z duration_ms=8
2026-10-10T07:41:34.3038016Z time=2026-10-10T07:35:01.860Z level=INFO msg="pre-migration backup written" component=memory backup=C:\Users\RUNNER~1\AppData\Local\Temp\TestTicket223FailureSentencesAreDistinctschema未知键3807724516\002\backup\wisp.db.bak-1-2 from=1 to=2
2026-10-10T07:41:34.3039096Z time=2026-10-10T07:35:01.869Z level=INFO msg="schema migration step applied" component=memory from=1 to=2 started_at=2026-10-10T07:35:01Z duration_ms=9
2026-10-10T07:41:34.3039826Z time=2026-10-10T07:35:01.885Z level=INFO msg="schema migration complete" component=memory schema_version=2
2026-10-10T07:41:34.3040504Z time=2026-10-10T07:35:01.887Z level=INFO msg="startup WAL checkpoint (TRUNCATE) done" component=memory wal_pages_before=0 pages_moved=0
2026-10-10T07:41:34.3041127Z --- PASS: TestTicket223FailureSentencesAreDistinct (8.22s)
2026-10-10T07:41:34.3041637Z     --- PASS: TestTicket223FailureSentencesAreDistinct/缺失 (2.03s)
2026-10-10T07:41:34.3042140Z     --- PASS: TestTicket223FailureSentencesAreDistinct/语法错 (2.01s)
2026-10-10T07:41:34.3042718Z     --- PASS: TestTicket223FailureSentencesAreDistinct/声明了版本但坏在后面 (2.16s)
2026-10-10T07:41:34.3043271Z     --- PASS: TestTicket223FailureSentencesAreDistinct/schema未知键 (2.01s)
2026-10-10T07:41:34.3043749Z === RUN   TestTicket223PanelInboundSaysHotReloadIsDisabled
2026-10-10T07:41:34.3044335Z --- PASS: TestTicket223PanelInboundSaysHotReloadIsDisabled (0.01s)
2026-10-10T07:41:34.3044783Z === RUN   TestTicket223PermissionDeniedSitsInItsOwnSentence
2026-10-10T07:41:34.3045386Z time=2026-10-10T07:35:03.813Z level=WARN msg="goroutine outside the D38 roster (leak symptom)" goroutine=mockllm-stdout-reader owner=test
2026-10-10T07:41:34.3046433Z time=2026-10-10T07:35:03.832Z level=INFO msg="wisp: persistent log sink installed" dir=C:\Users\RUNNER~1\AppData\Local\Temp\TestTicket223PermissionDeniedSitsInItsOwnSentence2538548937\002\logs min_level=info early_records=0 early_dropped=0
2026-10-10T07:41:34.3047661Z 2026/10/10 07:35:03 mockllm: serving on http://127.0.0.1:50892 (golden dir D:\a\wisp\wisp\internal\llm\testdata\golden)
2026-10-10T07:41:34.3049021Z time=2026-10-10T07:35:03.867Z level=INFO msg="pre-migration backup written" component=memory backup=C:\Users\RUNNER~1\AppData\Local\Temp\TestTicket223PermissionDeniedSitsInItsOwnSentence2538548937\002\backup\wisp.db.bak-0-1 from=0 to=1
2026-10-10T07:41:34.3050875Z time=2026-10-10T07:35:03.875Z level=INFO msg="schema migration step applied" component=memory from=0 to=1 started_at=2026-10-10T07:35:03Z duration_ms=7
2026-10-10T07:41:34.3051964Z time=2026-10-10T07:35:03.894Z level=INFO msg="pre-migration backup written" component=memory backup=C:\Users\RUNNER~1\AppData\Local\Temp\TestTicket223PermissionDeniedSitsInItsOwnSentence2538548937\002\backup\wisp.db.bak-1-2 from=1 to=2
2026-10-10T07:41:34.3053190Z time=2026-10-10T07:35:03.903Z level=INFO msg="schema migration step applied" component=memory from=1 to=2 started_at=2026-10-10T07:35:03Z duration_ms=9
2026-10-10T07:41:34.3054009Z time=2026-10-10T07:35:03.916Z level=INFO msg="schema migration complete" component=memory schema_version=2
2026-10-10T07:41:34.3054704Z time=2026-10-10T07:35:03.918Z level=INFO msg="startup WAL checkpoint (TRUNCATE) done" component=memory wal_pages_before=0 pages_moved=0
2026-10-10T07:41:34.3055520Z     config_reload_perm_223_windows_test.go:95: attempt 1: icacls denied nothing, so this case cannot show the permission sentence
2026-10-10T07:41:34.3056134Z --- FAIL: TestTicket223PermissionDeniedSitsInItsOwnSentence (1.05s)
2026-10-10T07:41:34.3056547Z === RUN   TestTicket223R2FailureSentenceRouting
2026-10-10T07:41:34.3057078Z === RUN   TestTicket223R2FailureSentenceRouting/声明当前版_注释以方括号开头_C1
2026-10-10T07:41:34.3057735Z     config_sentences_223r2_test.go:123: ROUTING "声明当前版_注释以方括号开头_C1"
2026-10-10T07:41:34.3058256Z           raw err = config: config.toml parse: toml: expected character =
2026-10-10T07:41:34.3059363Z           PRODUCTION LINE = cause=syntax detail="config.toml 读到了但解析不了：这一行不是合法 TOML 语法（不是权限、不是缺失）。本次运行继续用内存里的旧配置；修好之后要再出现一次新的 mtime/大小才会被重读"
2026-10-10T07:41:34.3059968Z === RUN   TestTicket223R2FailureSentenceRouting/声明当前版_CRLF_E1
2026-10-10T07:41:34.3060433Z     config_sentences_223r2_test.go:123: ROUTING "声明当前版_CRLF_E1"
2026-10-10T07:41:34.3060954Z           raw err = config: config.toml parse: toml: expected character =
2026-10-10T07:41:34.3061765Z           PRODUCTION LINE = cause=syntax detail="config.toml 读到了但解析不了：这一行不是合法 TOML 语法（不是权限、不是缺失）。本次运行继续用内存里的旧配置；修好之后要再出现一次新的 mtime/大小才会被重读"
2026-10-10T07:41:34.3062401Z === RUN   TestTicket223R2FailureSentenceRouting/声明当前版_无空格_G1
2026-10-10T07:41:34.3062865Z     config_sentences_223r2_test.go:123: ROUTING "声明当前版_无空格_G1"
2026-10-10T07:41:34.3063377Z           raw err = config: config.toml parse: toml: expected character =
2026-10-10T07:41:34.3064438Z           PRODUCTION LINE = cause=syntax detail="config.toml 读到了但解析不了：这一行不是合法 TOML 语法（不是权限、不是缺失）。本次运行继续用内存里的旧配置；修好之后要再出现一次新的 mtime/大小才会被重读"
2026-10-10T07:41:34.3065029Z === RUN   TestTicket223R2FailureSentenceRouting/声明当前版_缩进版本行_L1
2026-10-10T07:41:34.3065528Z     config_sentences_223r2_test.go:123: ROUTING "声明当前版_缩进版本行_L1"
2026-10-10T07:41:34.3066016Z           raw err = config: config.toml parse: toml: expected character =
2026-10-10T07:41:34.3067334Z           PRODUCTION LINE = cause=syntax detail="config.toml 读到了但解析不了：这一行不是合法 TOML 语法（不是权限、不是缺失）。本次运行继续用内存里的旧配置；修好之后要再出现一次新的 mtime/大小才会被重读"
2026-10-10T07:41:34.3068240Z === RUN   TestTicket223R2FailureSentenceRouting/声明未来版_正文语法坏_J1
2026-10-10T07:41:34.3068993Z     config_sentences_223r2_test.go:123: ROUTING "声明未来版_正文语法坏_J1"
2026-10-10T07:41:34.3069750Z           raw err = config: config.toml parse: toml: expected character =
2026-10-10T07:41:34.3071024Z           PRODUCTION LINE = cause=syntax detail="config.toml 读到了但解析不了：这一行不是合法 TOML 语法（不是权限、不是缺失）。本次运行继续用内存里的旧配置；修好之后要再出现一次新的 mtime/大小才会被重读"
2026-10-10T07:41:34.3072080Z === RUN   TestTicket223R2FailureSentenceRouting/读不出版本_A1_基线不动
2026-10-10T07:41:34.3072808Z     config_sentences_223r2_test.go:123: ROUTING "读不出版本_A1_基线不动"
2026-10-10T07:41:34.3073547Z           raw err = config: config.toml parse: toml: expected character =
2026-10-10T07:41:34.3074811Z           PRODUCTION LINE = cause=syntax detail="config.toml 读到了但解析不了：这一行不是合法 TOML 语法（不是权限、不是缺失）。本次运行继续用内存里的旧配置；修好之后要再出现一次新的 mtime/大小才会被重读"
2026-10-10T07:41:34.3075767Z === RUN   TestTicket223R2FailureSentenceRouting/声明旧版_坏表头_A2_仍归迁移
2026-10-10T07:41:34.3076558Z     config_sentences_223r2_test.go:123: ROUTING "声明旧版_坏表头_A2_仍归迁移"
2026-10-10T07:41:34.3078040Z           raw err = config: config.toml: cannot migrate from schema version 1: not valid TOML: toml: expected character ]; the file was left untouched - fix or restore it manually, it will never be silently reset
2026-10-10T07:41:34.3079596Z           PRODUCTION LINE = cause=migration detail="config.toml 声明了一个这份 Wisp 不会迁移的 schema_version（文件被原样留着，不会被重置）。本次运行继续用内存里的旧配置；升级 Wisp 或恢复备份才会读它"
2026-10-10T07:41:34.3080249Z === RUN   TestTicket223R2FailureSentenceRouting/解析得开_未知键_不抢语法错
2026-10-10T07:41:34.3080764Z     config_sentences_223r2_test.go:123: ROUTING "解析得开_未知键_不抢语法错"
2026-10-10T07:41:34.3081288Z           raw err = config: config.toml: unknown key "this_key_does_not_exist" at line 3
2026-10-10T07:41:34.3082102Z           PRODUCTION LINE = cause=unknown-key detail="config.toml 语法没问题，但里面有这份 schema 不认的键（拼错的键会被这样拒绝，而不是被忽略）。本次运行继续用内存里的旧配置"
2026-10-10T07:41:34.3082778Z === RUN   TestTicket223R2FailureSentenceRouting/声明未来版_正文解析得开_归更高版本自己那句
2026-10-10T07:41:34.3083298Z     config_sentences_223r2_test.go:123: ROUTING "声明未来版_正文解析得开_归更高版本自己那句"
2026-10-10T07:41:34.3084102Z           raw err = config: config.toml: schema_version 99 was written by a newer build (this build understands 2); upgrade Wisp or restore a backup
2026-10-10T07:41:34.3085587Z           PRODUCTION LINE = cause=newer-build detail="config.toml 是由一个更新的 Wisp 写出来的（它声明的 schema_version 比这份程序懂得的高；这一条不说语法错，也不说值不合法，因为它还没走到校验）。本次运行继续用内存里的旧配置；升级 Wisp 或恢复备份才会读它"
2026-10-10T07:41:34.3086251Z --- PASS: TestTicket223R2FailureSentenceRouting (0.58s)
2026-10-10T07:41:34.3086776Z     --- PASS: TestTicket223R2FailureSentenceRouting/声明当前版_注释以方括号开头_C1 (0.06s)
2026-10-10T07:41:34.3087322Z     --- PASS: TestTicket223R2FailureSentenceRouting/声明当前版_CRLF_E1 (0.06s)
2026-10-10T07:41:34.3087864Z     --- PASS: TestTicket223R2FailureSentenceRouting/声明当前版_无空格_G1 (0.06s)
2026-10-10T07:41:34.3088379Z     --- PASS: TestTicket223R2FailureSentenceRouting/声明当前版_缩进版本行_L1 (0.06s)
2026-10-10T07:41:34.3088991Z     --- PASS: TestTicket223R2FailureSentenceRouting/声明未来版_正文语法坏_J1 (0.06s)
2026-10-10T07:41:34.3089757Z     --- PASS: TestTicket223R2FailureSentenceRouting/读不出版本_A1_基线不动 (0.06s)
2026-10-10T07:41:34.3090510Z     --- PASS: TestTicket223R2FailureSentenceRouting/声明旧版_坏表头_A2_仍归迁移 (0.06s)
2026-10-10T07:41:34.3091070Z     --- PASS: TestTicket223R2FailureSentenceRouting/解析得开_未知键_不抢语法错 (0.06s)
2026-10-10T07:41:34.3091834Z     --- PASS: TestTicket223R2FailureSentenceRouting/声明未来版_正文解析得开_归更高版本自己那句 (0.06s)
2026-10-10T07:41:34.3092389Z === RUN   TestAC2ResolveDataDirRefusesInsteadOfFallingBackToCWD128
2026-10-10T07:41:34.3093096Z === RUN   TestAC2ResolveDataDirRefusesInsteadOfFallingBackToCWD128/dev
2026-10-10T07:41:34.3093816Z === RUN   TestAC2ResolveDataDirRefusesInsteadOfFallingBackToCWD128/prod
2026-10-10T07:41:34.3094849Z --- PASS: TestAC2ResolveDataDirRefusesInsteadOfFallingBackToCWD128 (0.00s)
2026-10-10T07:41:34.3095851Z     --- PASS: TestAC2ResolveDataDirRefusesInsteadOfFallingBackToCWD128/dev (0.00s)
2026-10-10T07:41:34.3096464Z     --- PASS: TestAC2ResolveDataDirRefusesInsteadOfFallingBackToCWD128/prod (0.00s)
2026-10-10T07:41:34.3096921Z === RUN   TestAC2TestDataDirBranchStillResolves128
2026-10-10T07:41:34.3097303Z --- PASS: TestAC2TestDataDirBranchStillResolves128 (0.00s)
2026-10-10T07:41:34.3097733Z === RUN   TestAC2RefusalMarkersAreNotAShortenableList128
2026-10-10T07:41:34.3098145Z --- PASS: TestAC2RefusalMarkersAreNotAShortenableList128 (0.00s)
2026-10-10T07:41:34.3098631Z === RUN   TestAC2EveryLegRefusesTheSameShapeAndWritesNothing128
2026-10-10T07:41:34.3099101Z === RUN   TestAC2EveryLegRefusesTheSameShapeAndWritesNothing128/runTextTask
2026-10-10T07:41:34.3099765Z === RUN   TestAC2EveryLegRefusesTheSameShapeAndWritesNothing128/cmdModels
2026-10-10T07:41:34.3100290Z === RUN   TestAC2EveryLegRefusesTheSameShapeAndWritesNothing128/cmdProviders
2026-10-10T07:41:34.3100776Z === RUN   TestAC2EveryLegRefusesTheSameShapeAndWritesNothing128/cmdDoctor
2026-10-10T07:41:34.3101308Z === RUN   TestAC2EveryLegRefusesTheSameShapeAndWritesNothing128/resolveSecretLayout
2026-10-10T07:41:34.3101829Z --- PASS: TestAC2EveryLegRefusesTheSameShapeAndWritesNothing128 (0.09s)
2026-10-10T07:41:34.3102422Z     --- PASS: TestAC2EveryLegRefusesTheSameShapeAndWritesNothing128/runTextTask (0.00s)
2026-10-10T07:41:34.3103019Z     --- PASS: TestAC2EveryLegRefusesTheSameShapeAndWritesNothing128/cmdModels (0.00s)
2026-10-10T07:41:34.3103616Z     --- PASS: TestAC2EveryLegRefusesTheSameShapeAndWritesNothing128/cmdProviders (0.00s)
2026-10-10T07:41:34.3104243Z     --- PASS: TestAC2EveryLegRefusesTheSameShapeAndWritesNothing128/cmdDoctor (0.01s)
2026-10-10T07:41:34.3104869Z     --- PASS: TestAC2EveryLegRefusesTheSameShapeAndWritesNothing128/resolveSecretLayout (0.00s)
2026-10-10T07:41:34.3105422Z === RUN   TestAC2RealProcessRefusesOnEveryLegWithoutAppData128
2026-10-10T07:41:34.3105857Z === RUN   TestAC2RealProcessRefusesOnEveryLegWithoutAppData128/run
2026-10-10T07:41:34.3106845Z     dataroot_128_windows_test.go:69: AC#2 real process, leg "run": APPDATA unset, WISP_ENV=dev, cwd=C:\Users\RUNNER~1\AppData\Local\Temp\TestAC2RealProcessRefusesOnEveryLegWithoutAppData128run2937332642\001 -> rc=2
2026-10-10T07:41:34.3107978Z         time=2026-10-10T07:35:11.391Z level=INFO msg="winsec: sealing path resolver installed" resolver=risk.c26Pipeline probes_passed=2
2026-10-10T07:41:34.3108588Z         wisp 0.0.0-dev (unknown, built unknown)
2026-10-10T07:41:34.3109097Z         WISP_ENV=dev (data dir rules: SPEC-03 §5)
2026-10-10T07:41:34.3109443Z         sherpa-onnx runtime version: 1.13.8
2026-10-10T07:41:34.3110056Z         wisp run: 本机没有可交互控制台，本轮没有人能答复卡片：L2 卡会等到超时后按拒绝处理，L1 窗口没有人能否决（要能当场答复，请在终端里跑）
2026-10-10T07:41:34.3111524Z         wisp run: 数据根无法解析：用户配置目录不可得（OS 原话：%AppData% is not defined）：数据根本应是 <用户配置目录>\wisp-dev，而 Wisp 拒绝把它回落到当前工作目录（票 128 AC#1 量到回落会搬家：日志、config.toml、DPAPI 私钥存储与 memory.db 跟着启动目录走，换目录再启动就读到空配置）。修法：Windows 把 APPDATA 设为一个可写目录，Linux/macOS 设 XDG_CONFIG_HOME 或 HOME，然后重试。
2026-10-10T07:41:34.3112389Z === RUN   TestAC2RealProcessRefusesOnEveryLegWithoutAppData128/secret-list
2026-10-10T07:41:34.3113463Z     dataroot_128_windows_test.go:69: AC#2 real process, leg "secret-list": APPDATA unset, WISP_ENV=dev, cwd=C:\Users\RUNNER~1\AppData\Local\Temp\TestAC2RealProcessRefusesOnEveryLegWithoutAppData128secret-list3147766452\001 -> rc=2
2026-10-10T07:41:34.3114605Z         time=2026-10-10T07:35:11.449Z level=INFO msg="winsec: sealing path resolver installed" resolver=risk.c26Pipeline probes_passed=2
2026-10-10T07:41:34.3116229Z         wisp secret: 数据根无法解析：用户配置目录不可得（OS 原话：%AppData% is not defined）：数据根本应是 <用户配置目录>\wisp-dev，而 Wisp 拒绝把它回落到当前工作目录（票 128 AC#1 量到回落会搬家：日志、config.toml、DPAPI 私钥存储与 memory.db 跟着启动目录走，换目录再启动就读到空配置）。修法：Windows 把 APPDATA 设为一个可写目录，Linux/macOS 设 XDG_CONFIG_HOME 或 HOME，然后重试。
2026-10-10T07:41:34.3117265Z === RUN   TestAC2RealProcessRefusesOnEveryLegWithoutAppData128/doctor
2026-10-10T07:41:34.3118302Z     dataroot_128_windows_test.go:69: AC#2 real process, leg "doctor": APPDATA unset, WISP_ENV=dev, cwd=C:\Users\RUNNER~1\AppData\Local\Temp\TestAC2RealProcessRefusesOnEveryLegWithoutAppData128doctor1796327564\001 -> rc=1
2026-10-10T07:41:34.3119393Z         time=2026-10-10T07:35:11.508Z level=INFO msg="winsec: sealing path resolver installed" resolver=risk.c26Pipeline probes_passed=2
2026-10-10T07:41:34.3119963Z         wisp doctor - build chain self-check
2026-10-10T07:41:34.3120389Z         ------------------------------------------------------------------------
2026-10-10T07:41:34.3120999Z         [INFO] wisp build                         version=0.0.0-dev commit=unknown built=unknown WISP_ENV=dev
2026-10-10T07:41:34.3121566Z         [INFO] Go runtime                         go1.27.2 (toolchain pinned by go.mod)
2026-10-10T07:41:34.3122124Z         [INFO] C29 minisign public key            untrusted comment: wisp models signing key (dev)
2026-10-10T07:41:34.3123035Z         RWSjyHlPP9lPxdEQRvWj3zFLMbc1tTEkKMwTDuVXXQDxsWRpA/m5jk9j (placeholder until C29 lands; hardcoded into buildinfo per SPEC-11 §7.3)
2026-10-10T07:41:34.3123844Z         [PASS] gcc (build-time)                   gcc (x86_64-posix-seh-rev1, Built by MinGW-Builds project) 15.2.0
2026-10-10T07:41:34.3124512Z         [FAIL] sherpa-onnx C API                  runtime 1.13.8 does not match build pin unknown
2026-10-10T07:41:34.3125146Z         [FAIL] onnxruntime.dll version            file version 1.28.2.0 does not match build pin unknown
2026-10-10T07:41:34.3125702Z         [INFO] sherpa-onnx built against onnxruntime 1.28.2
2026-10-10T07:41:34.3126590Z         [PASS] DLL colocated: sherpa-onnx-c-api.dll C:\Users\RUNNER~1\AppData\Local\Temp\TestAC2RealProcessRefusesOnEveryLegWithoutAppData1282138007895\001\sherpa-onnx-c-api.dll
2026-10-10T07:41:34.3127853Z         [PASS] DLL colocated: sherpa-onnx-cxx-api.dll C:\Users\RUNNER~1\AppData\Local\Temp\TestAC2RealProcessRefusesOnEveryLegWithoutAppData1282138007895\001\sherpa-onnx-cxx-api.dll
2026-10-10T07:41:34.3128927Z         [INFO] deps.toml cross-check              deps.toml not found near the exe (expected for installed copies; build-time pins already verified above)
2026-10-10T07:41:34.3131013Z         [FAIL] data dir resolvable (dev)          数据根无法解析：用户配置目录不可得（OS 原话：%AppData% is not defined）：数据根本应是 <用户配置目录>\wisp-dev，而 Wisp 拒绝把它回落到当前工作目录（票 128 AC#1 量到回落会搬家：日志、config.toml、DPAPI 私钥存储与 memory.db 跟着启动目录走，换目录再启动就读到空配置）。修法：Windows 把 APPDATA 设为一个可写目录，Linux/macOS 设 XDG_CONFIG_HOME 或 HOME，然后重试。
2026-10-10T07:41:34.3132287Z         ------------------------------------------------------------------------
2026-10-10T07:41:34.3132766Z         wisp doctor: FAIL
2026-10-10T07:41:34.3133317Z === RUN   TestAC2RealProcessRefusesOnEveryLegWithoutAppData128/resident
2026-10-10T07:41:34.3134363Z     dataroot_128_windows_test.go:69: AC#2 real process, leg "resident": APPDATA unset, WISP_ENV=dev, cwd=C:\Users\RUNNER~1\AppData\Local\Temp\TestAC2RealProcessRefusesOnEveryLegWithoutAppData128resident1537178144\001 -> rc=1
2026-10-10T07:41:34.3135776Z         time=2026-10-10T07:35:11.576Z level=INFO msg="winsec: sealing path resolver installed" resolver=risk.c26Pipeline probes_passed=2
2026-10-10T07:41:34.3136378Z         wisp 0.0.0-dev (unknown, built unknown)
2026-10-10T07:41:34.3136844Z         WISP_ENV=dev (data dir rules: SPEC-03 §5)
2026-10-10T07:41:34.3137402Z         sherpa-onnx runtime version: 1.13.8
2026-10-10T07:41:34.3137843Z         wisp: boot failed: proc: user config dir: %AppData% is not defined
2026-10-10T07:41:34.3138432Z --- PASS: TestAC2RealProcessRefusesOnEveryLegWithoutAppData128 (6.97s)
2026-10-10T07:41:34.3138960Z     --- PASS: TestAC2RealProcessRefusesOnEveryLegWithoutAppData128/run (2.32s)
2026-10-10T07:41:34.3139623Z     --- PASS: TestAC2RealProcessRefusesOnEveryLegWithoutAppData128/secret-list (0.06s)
2026-10-10T07:41:34.3140308Z     --- PASS: TestAC2RealProcessRefusesOnEveryLegWithoutAppData128/doctor (0.07s)
2026-10-10T07:41:34.3140983Z     --- PASS: TestAC2RealProcessRefusesOnEveryLegWithoutAppData128/resident (0.06s)
2026-10-10T07:41:34.3141486Z === RUN   TestAC3EarlyRecordLandsOnDiskBeforeTheInstallRecord
2026-10-10T07:41:34.3142617Z     early_log_nail_130_windows_test.go:189: early-record sink C:\Users\RUNNER~1\AppData\Local\Temp\TestAC3EarlyRecordLandsOnDiskBeforeTheInstallRecord3698582956\002\logs: 1 file(s), 2 record(s), msgs=[winsec: sealing path resolver installed wisp: persistent log sink installed]
2026-10-10T07:41:34.3144124Z     early_log_nail_130_windows_test.go:271: EARLY RECORD ON DISK: index 0 of 2, stamp 2026-10-10T07:35:17.1318011Z, resolver="risk.c26Pipeline" probes_passed=0x5ac11c8130; install at index 1 stamp 2026-10-10T07:35:17.1608044Z
2026-10-10T07:41:34.3144935Z --- PASS: TestAC3EarlyRecordLandsOnDiskBeforeTheInstallRecord (5.60s)
2026-10-10T07:41:34.3145401Z === RUN   TestAC3EarlyReplayKeepsTheSinkInsideTheDataRoot
2026-10-10T07:41:34.3146652Z     early_log_nail_130_windows_test.go:283: early-record sink C:\Users\RUNNER~1\AppData\Local\Temp\TestAC3EarlyReplayKeepsTheSinkInsideTheDataRoot1105785775\002\logs: 1 file(s), 2 record(s), msgs=[winsec: sealing path resolver installed wisp: persistent log sink installed]
2026-10-10T07:41:34.3147645Z --- PASS: TestAC3EarlyReplayKeepsTheSinkInsideTheDataRoot (3.27s)
2026-10-10T07:41:34.3148080Z === RUN   TestTicket198AC1FirstRunCreatesConfigThenLeavesItAlone
2026-10-10T07:41:34.3149019Z time=2026-10-10T07:35:20.485Z level=INFO msg="wisp: persistent log sink installed" dir=C:\Users\RUNNER~1\AppData\Local\Temp\TestTicket198AC1FirstRunCreatesConfigThenLeavesItAlone305400607\001\logs min_level=info early_records=0 early_dropped=0
2026-10-10T07:41:34.3149966Z     firstrun_198_test.go:101: stage 1 receipt (verbatim stderr):
2026-10-10T07:41:34.3151247Z         wisp run: 已在 C:\Users\RUNNER~1\AppData\Local\Temp\TestTicket198AC1FirstRunCreatesConfigThenLeavesItAlone305400607\001\config.toml 新建默认配置：全部取值来自内置默认表（schema 的 default 标签），未替你选任何模型；[llm] 的模型与 api_key_ref 仍缺，本轮仍按未配置失败退码
2026-10-10T07:41:34.3153051Z         wisp run: 缺的两样各有各的入口。key：先跑 wisp secret set <blob 名>（隐藏输入，不进 argv 也不进日志，也可以 --from-stdin 从管道喂），它把明文交给 DPAPI 存储，并回显一行 api_key_ref = "dpapi:<blob 名>"；这份文件里没有写明文 key 的字段，要补的是那个名字。不想用 DPAPI 就把 api_key_ref 写成 env:<环境变量名>，值由系统环境提供。
2026-10-10T07:41:34.3155594Z         wisp run: 模型：在同一份文件的 [llm.providers.<名>] 里补 api_key_ref、base_url 与 models.<id>（名字对上内置预设的，protocol 与 base_url 可以留空），再在 [llm] 的 text_chain 或 roles.chat 里点名 provider/model；wisp providers discover 与 probe 读这份文件去问真实端点，不替你写。注意：models.<id> 条目里要写 enabled = true——缺这枚键的条目视为关闭，点名它会在起动时被拒。
2026-10-10T07:41:34.3158142Z         wisp run: 上面那句模型只是第一样。设置页那七枚字段（服务商的 base_url、api_key_ref、凭据，模型的 context_window、price.in、price.out，还有聊天模型）今天都不建行，只改已有的行；要在这一页配上模型，得在这份文件里手加三样，缺一不可：
2026-10-10T07:41:34.3160964Z         wisp run: 第一样＝一节 [llm.providers.<名>]，就是服务商那一行（名字对上内置预设的，protocol 与 base_url 可以留空；非预设名必须自己写 protocol，否则这份文件加载不过）。第二样＝它的模型行 [llm.providers.<名>.models.<模型 id>]，里面写 enabled = true。第三样＝就地填已有的 [llm.roles.chat] 那一节，把 provider 与 model 两枚一起点上名（别再追加一节同名的，那在 TOML 里是 duplicate table，文件直接加载不过）。界面不会替你建这一行，它只会告诉你去哪一节建；三样齐了这七枚才全部写得进，只加第一样只解锁服务商那三枚。
2026-10-10T07:41:34.3162591Z         wisp run: 写不进去的时候有三种原因，各是一句不同的话，不会合成一句「配置未生效」：
2026-10-10T07:41:34.3164210Z           第 1 种拒因：文件没建——这一种刚才那一发已经替你办完，C:\Users\RUNNER~1\AppData\Local\Temp\TestTicket198AC1FirstRunCreatesConfigThenLeavesItAlone305400607\001\config.toml 现在是真的文件；首启之前没有任何旧配置可言。
2026-10-10T07:41:34.3165396Z           第 2 种拒因：行不存在——那一页改不了服务商与模型的存在性，去这份文件里手加上面那三样，加完才写得进；这一条说的不是你的值不对。
2026-10-10T07:41:34.3165997Z           第 3 种拒因：校验不过——行在，但那个值过不了这份 schema 的校验（引用形没写对前缀、点名的模型不在目录里，都算这一种）；要改的是值，文件一个字节都没动。
2026-10-10T07:41:34.3166551Z         wisp run: 改完什么时候才算用上，按进程形状分三种说法，不是一句「重启就好」：
2026-10-10T07:41:34.3167303Z           在控制台里跑 wisp run——这个进程带着每 1s 重读一次 config.toml 的看门狗，[llm] 属可热加载档，手改的值一秒内就换进这台进程的内存；但模型通路是启动时建一次的，热加载不会替它换脑，真正发请求还是按启动时那一份。
2026-10-10T07:41:34.3167983Z           没有可答卡入口的常驻形状——任务腿过不去控制台那道闸时，这个进程里可能根本没有会重读盘的东西，手改与面板写在两个方向上都只能等下一次启动。
2026-10-10T07:41:34.3168486Z           设置页那一页——它那条腿自己明说不带轮询，写入回执固定说要重启进程；页面上的读数在重启之前也不会跟着你手改的文件走。
2026-10-10T07:41:34.3169203Z         wisp run: 凭据这一格只有引用会进这份文件：改 api_key_ref 换的是名字不是密钥本身，把那份引用再解一次是新建端点时才做的事，所以换过 key 的引用同样要重启才算用上；这一页任何时候都不回显密钥的值，只说已录入还是没录入。
2026-10-10T07:41:34.3169996Z         wisp run: 文本角色未配置（Unconfigured）：config: llm: role "chat" is unset and text_chain is empty (Unconfigured)
2026-10-10T07:41:34.3170642Z     firstrun_198_test.go:102: stage 1 config.toml: 2571 bytes, first line "schema_version = 2"
2026-10-10T07:41:34.3171667Z time=2026-10-10T07:35:20.520Z level=INFO msg="wisp: persistent log sink installed" dir=C:\Users\RUNNER~1\AppData\Local\Temp\TestTicket198AC1FirstRunCreatesConfigThenLeavesItAlone305400607\001\logs min_level=info early_records=0 early_dropped=0
2026-10-10T07:41:34.3173286Z time=2026-10-10T07:35:20.551Z level=INFO msg="wisp: persistent log sink installed" dir=C:\Users\RUNNER~1\AppData\Local\Temp\TestTicket198AC1FirstRunCreatesConfigThenLeavesItAlone305400607\001\logs min_level=info early_records=0 early_dropped=0
2026-10-10T07:41:34.3174354Z --- PASS: TestTicket198AC1FirstRunCreatesConfigThenLeavesItAlone (0.12s)
2026-10-10T07:41:34.3174850Z === RUN   TestTicket198AC1DirectoryShapedConfigIsNeverOverwritten
2026-10-10T07:41:34.3176141Z time=2026-10-10T07:35:20.600Z level=INFO msg="wisp: persistent log sink installed" dir=C:\Users\RUNNER~1\AppData\Local\Temp\TestTicket198AC1DirectoryShapedConfigIsNeverOverwritten2607646274\001\logs min_level=info early_records=0 early_dropped=0
2026-10-10T07:41:34.3177137Z --- PASS: TestTicket198AC1DirectoryShapedConfigIsNeverOverwritten (0.03s)
2026-10-10T07:41:34.3177906Z === RUN   TestTicket198AC1CreatedFileHoldsEveryStaticSectionAndNoInventedTables
2026-10-10T07:41:34.3178956Z time=2026-10-10T07:35:20.628Z level=INFO msg="wisp: persistent log sink installed" dir=C:\Users\RUNNER~1\AppData\Local\Temp\TestTicket198AC1CreatedFileHoldsEveryStaticSectionAndNoInventedT1292182110\001\logs min_level=info early_records=0 early_dropped=0
2026-10-10T07:41:34.3180631Z --- PASS: TestTicket198AC1CreatedFileHoldsEveryStaticSectionAndNoInventedTables (0.01s)
2026-10-10T07:41:34.3181456Z === RUN   TestTicket198FirstRunReceiptStaysOutOfTheFourCauseSentences
2026-10-10T07:41:34.3182450Z time=2026-10-10T07:35:20.639Z level=INFO msg="wisp: persistent log sink installed" dir=C:\Users\RUNNER~1\AppData\Local\Temp\TestTicket198FirstRunReceiptStaysOutOfTheFourCauseSentences2872532607\001\logs min_level=info early_records=0 early_dropped=0
2026-10-10T07:41:34.3183469Z --- PASS: TestTicket198FirstRunReceiptStaysOutOfTheFourCauseSentences (0.04s)
2026-10-10T07:41:34.3183969Z === RUN   TestTicket198FirstRunCallerIsTheRunEntryOnly
2026-10-10T07:41:34.3184598Z --- PASS: TestTicket198FirstRunCallerIsTheRunEntryOnly (0.06s)
2026-10-10T07:41:34.3185301Z === RUN   TestTicket198R2AC2CreatedFileCarriesNothingButTheSchemaDefaultTags
2026-10-10T07:41:34.3186814Z time=2026-10-10T07:35:20.737Z level=INFO msg="wisp: persistent log sink installed" dir=C:\Users\RUNNER~1\AppData\Local\Temp\TestTicket198R2AC2CreatedFileCarriesNothingButTheSchemaDefaultTa1753108621\001\logs min_level=info early_records=0 early_dropped=0
2026-10-10T07:41:34.3187831Z     firstrun_198r2_test.go:237: tag-derived default leaves: 70; file: 2571 bytes
2026-10-10T07:41:34.3188356Z --- PASS: TestTicket198R2AC2CreatedFileCarriesNothingButTheSchemaDefaultTags (0.01s)
2026-10-10T07:41:34.3188911Z === RUN   TestTicket198R2AC2ExportedDefaultTableStillRendersAsItsTags
2026-10-10T07:41:34.3189400Z --- PASS: TestTicket198R2AC2ExportedDefaultTableStillRendersAsItsTags (0.00s)
2026-10-10T07:41:34.3189927Z === RUN   TestTicket198R2AC5CreationFailureIsLoudAndLeavesNoHalfFile
2026-10-10T07:41:34.3190888Z time=2026-10-10T07:35:20.749Z level=INFO msg="wisp: persistent log sink installed" dir=C:\Users\RUNNER~1\AppData\Local\Temp\TestTicket198R2AC5CreationFailureIsLoudAndLeavesNoHalfFile4180379939\001\data\logs min_level=info early_records=0 early_dropped=0
2026-10-10T07:41:34.3191884Z --- PASS: TestTicket198R2AC5CreationFailureIsLoudAndLeavesNoHalfFile (0.03s)
2026-10-10T07:41:34.3192346Z === RUN   TestTicket198R2AC4ReceiptNamesTheRealEntryPoints
2026-10-10T07:41:34.3193224Z time=2026-10-10T07:35:20.783Z level=INFO msg="wisp: persistent log sink installed" dir=C:\Users\RUNNER~1\AppData\Local\Temp\TestTicket198R2AC4ReceiptNamesTheRealEntryPoints1283041249\001\logs min_level=info early_records=0 early_dropped=0
2026-10-10T07:41:34.3194583Z time=2026-10-10T07:35:20.858Z level=INFO msg="wisp: persistent log sink installed" dir=C:\Users\RUNNER~1\AppData\Local\Temp\TestTicket198R2AC4ReceiptNamesTheRealEntryPoints1283041249\001\logs min_level=info early_records=0 early_dropped=0
2026-10-10T07:41:34.3196150Z --- PASS: TestTicket198R2AC4ReceiptNamesTheRealEntryPoints (0.09s)
2026-10-10T07:41:34.3196707Z === RUN   TestTicket198R2J1TheAssemblyRootStillCreatesNothing
2026-10-10T07:41:34.3199431Z time=2026-10-10T07:35:20.878Z level=INFO msg="audit: perm: MODE-READ-FAILED path=\"C:\\\\Users\\\\RUNNER~1\\\\AppData\\\\Local\\\\Temp\\\\TestTicket198R2J1TheAssemblyRootStillCreatesNothing584432393\\\\001\\\\config.toml\" err=config: config.toml read: no file at this path yet。第 1 种拒因：文件没建：这一页与这条链都不新建 config.toml。在控制台运行一次 wisp run，第一次启动会写出全默认的首份配置（它不替你选任何模型，也不替你建任何服务商行）: open C:\\Users\\RUNNER~1\\AppData\\Local\\Temp\\TestTicket198R2J1TheAssemblyRootStillCreatesNothing584432393\\001\\config.toml: The system cannot find the file specified. mode=ask_every_step origin=startup result=fail-closed detail=\"档位读不到：本进程不缓存任何上一次的宽松值，决策链不会被装配（退出码 2）\""
2026-10-10T07:41:34.3201763Z time=2026-10-10T07:35:20.879Z level=INFO msg="wisp: persistent log sink installed" dir=C:\Users\RUNNER~1\AppData\Local\Temp\TestTicket198R2J1TheAssemblyRootStillCreatesNothing584432393\002\logs min_level=info early_records=0 early_dropped=0
2026-10-10T07:41:34.3202705Z --- PASS: TestTicket198R2J1TheAssemblyRootStillCreatesNothing (0.03s)
2026-10-10T07:41:34.3203154Z === RUN   TestTicket257R2AC1ReceiptStatesTheNonPresetCondition
2026-10-10T07:41:34.3204072Z time=2026-10-10T07:35:20.908Z level=INFO msg="wisp: persistent log sink installed" dir=C:\Users\RUNNER~1\AppData\Local\Temp\TestTicket257R2AC1ReceiptStatesTheNonPresetCondition2059281839\001\logs min_level=info early_records=0 early_dropped=0
2026-10-10T07:41:34.3205519Z     firstrun_257_nonpreset_test.go:88: premise holds: "t257-r2-ghost-gateway" is absent from the 12 built-in presets [anthropic deepseek mimo minimax moonshot ollama openai openrouter qwen siliconflow stepfun zhipu]
2026-10-10T07:41:34.3206338Z --- PASS: TestTicket257R2AC1ReceiptStatesTheNonPresetCondition (0.01s)
2026-10-10T07:41:34.3206830Z === RUN   TestTicket257R2AC1NonPresetRowNeedsProtocolBeforeItLoads
2026-10-10T07:41:34.3207755Z time=2026-10-10T07:35:20.918Z level=INFO msg="wisp: persistent log sink installed" dir=C:\Users\RUNNER~1\AppData\Local\Temp\TestTicket257R2AC1NonPresetRowNeedsProtocolBeforeItLoads999994063\001\logs min_level=info early_records=0 early_dropped=0
2026-10-10T07:41:34.3209564Z time=2026-10-10T07:35:20.941Z level=INFO msg="config: wrote merged change into config.toml (ticket 226: only the keys listed changed value, every other key keeps the value the file already held; the file is re-laid in canonical form, so comments and hand-chosen key order are not preserved)" key=llm.providers.t257-r2-ghost-gateway.base_url wrote=[llm.providers.t257-r2-ghost-gateway.base_url]
2026-10-10T07:41:34.3211695Z time=2026-10-10T07:35:20.943Z level=INFO msg="config: wrote merged change into config.toml (ticket 226: only the keys listed changed value, every other key keeps the value the file already held; the file is re-laid in canonical form, so comments and hand-chosen key order are not preserved)" key=llm.providers.t257-r2-ghost-gateway.api_key_ref wrote=[llm.providers.t257-r2-ghost-gateway.api_key_ref]
2026-10-10T07:41:34.3212997Z --- PASS: TestTicket257R2AC1NonPresetRowNeedsProtocolBeforeItLoads (0.03s)
2026-10-10T07:41:34.3213526Z === RUN   TestTicket257R2AC1CleanMachineReceiptTeachesTheWalkableChain
2026-10-10T07:41:34.3215212Z time=2026-10-10T07:35:20.945Z level=INFO msg="wisp: persistent log sink installed" dir=C:\Users\RUNNER~1\AppData\Local\Temp\TestTicket257R2AC1CleanMachineReceiptTeachesTheWalkableChain2465352113\001\logs min_level=info early_records=0 early_dropped=0
2026-10-10T07:41:34.3216948Z     firstrun_257_test.go:216: AC#1 clean machine: 7 refused writes by reason: map[第 2 种拒因：行不存在:7]
2026-10-10T07:41:34.3217954Z --- PASS: TestTicket257R2AC1CleanMachineReceiptTeachesTheWalkableChain (0.03s)
2026-10-10T07:41:34.3218517Z === RUN   TestTicket257R2AC1ReceiptChainWalkUnlocksAllSevenFields
2026-10-10T07:41:34.3219993Z time=2026-10-10T07:35:20.973Z level=INFO msg="wisp: persistent log sink installed" dir=C:\Users\RUNNER~1\AppData\Local\Temp\TestTicket257R2AC1ReceiptChainWalkUnlocksAllSevenFields1448493334\001\logs min_level=info early_records=0 early_dropped=0
2026-10-10T07:41:34.3221683Z time=2026-10-10T07:35:21.003Z level=INFO msg="config: wrote merged change into config.toml (ticket 226: only the keys listed changed value, every other key keeps the value the file already held; the file is re-laid in canonical form, so comments and hand-chosen key order are not preserved)" key=llm.providers.deepseek.base_url wrote=[llm.providers.deepseek.base_url]
2026-10-10T07:41:34.3223649Z time=2026-10-10T07:35:21.006Z level=INFO msg="config: wrote merged change into config.toml (ticket 226: only the keys listed changed value, every other key keeps the value the file already held; the file is re-laid in canonical form, so comments and hand-chosen key order are not preserved)" key=llm.providers.deepseek.api_key_ref wrote=[llm.providers.deepseek.api_key_ref]
2026-10-10T07:41:34.3225796Z time=2026-10-10T07:35:21.008Z level=INFO msg="config: wrote merged change into config.toml (ticket 226: only the keys listed changed value, every other key keeps the value the file already held; the file is re-laid in canonical form, so comments and hand-chosen key order are not preserved)" key=llm.providers.deepseek.models.deepseek-chat.context_window wrote=[llm.providers.deepseek.models.deepseek-chat.context_window]
2026-10-10T07:41:34.3228082Z time=2026-10-10T07:35:21.011Z level=INFO msg="config: wrote merged change into config.toml (ticket 226: only the keys listed changed value, every other key keeps the value the file already held; the file is re-laid in canonical form, so comments and hand-chosen key order are not preserved)" key=llm.providers.deepseek.models.deepseek-chat.price.in wrote=[llm.providers.deepseek.models.deepseek-chat.price.in]
2026-10-10T07:41:34.3230351Z time=2026-10-10T07:35:21.014Z level=INFO msg="config: wrote merged change into config.toml (ticket 226: only the keys listed changed value, every other key keeps the value the file already held; the file is re-laid in canonical form, so comments and hand-chosen key order are not preserved)" key=llm.providers.deepseek.models.deepseek-chat.price.out wrote=[llm.providers.deepseek.models.deepseek-chat.price.out]
2026-10-10T07:41:34.3232391Z time=2026-10-10T07:35:21.017Z level=INFO msg="config: wrote merged change into config.toml (ticket 226: only the keys listed changed value, every other key keeps the value the file already held; the file is re-laid in canonical form, so comments and hand-chosen key order are not preserved)" key=llm.roles.chat.model wrote=[llm.roles.chat.model]
2026-10-10T07:41:34.3234310Z time=2026-10-10T07:35:21.020Z level=INFO msg="config: wrote merged change into config.toml (ticket 226: only the keys listed changed value, every other key keeps the value the file already held; the file is re-laid in canonical form, so comments and hand-chosen key order are not preserved)" key=llm.providers.deepseek.api_key_ref wrote=[llm.providers.deepseek.api_key_ref]
2026-10-10T07:41:34.3235595Z --- PASS: TestTicket257R2AC1ReceiptChainWalkUnlocksAllSevenFields (0.05s)
2026-10-10T07:41:34.3236109Z === RUN   TestTicket257R2AC1ReceiptOnlyFirstItemUnlocksThreeOfSeven
2026-10-10T07:41:34.3237324Z time=2026-10-10T07:35:21.022Z level=INFO msg="wisp: persistent log sink installed" dir=C:\Users\RUNNER~1\AppData\Local\Temp\TestTicket257R2AC1ReceiptOnlyFirstItemUnlocksThreeOfSeven1281753092\001\logs min_level=info early_records=0 early_dropped=0
2026-10-10T07:41:34.3239220Z time=2026-10-10T07:35:21.049Z level=INFO msg="config: wrote merged change into config.toml (ticket 226: only the keys listed changed value, every other key keeps the value the file already held; the file is re-laid in canonical form, so comments and hand-chosen key order are not preserved)" key=llm.providers.deepseek.base_url wrote=[llm.providers.deepseek.base_url]
2026-10-10T07:41:34.3241374Z time=2026-10-10T07:35:21.051Z level=INFO msg="config: wrote merged change into config.toml (ticket 226: only the keys listed changed value, every other key keeps the value the file already held; the file is re-laid in canonical form, so comments and hand-chosen key order are not preserved)" key=llm.providers.deepseek.api_key_ref wrote=[llm.providers.deepseek.api_key_ref]
2026-10-10T07:41:34.3243744Z time=2026-10-10T07:35:21.054Z level=INFO msg="config: wrote merged change into config.toml (ticket 226: only the keys listed changed value, every other key keeps the value the file already held; the file is re-laid in canonical form, so comments and hand-chosen key order are not preserved)" key=llm.providers.deepseek.api_key_ref wrote=[llm.providers.deepseek.api_key_ref]
2026-10-10T07:41:34.3245016Z --- PASS: TestTicket257R2AC1ReceiptOnlyFirstItemUnlocksThreeOfSeven (0.03s)
2026-10-10T07:41:34.3245538Z === RUN   TestTicket257R2AC2ThreeRefusalsStayThreeSentences
2026-10-10T07:41:34.3246475Z time=2026-10-10T07:35:21.056Z level=INFO msg="wisp: persistent log sink installed" dir=C:\Users\RUNNER~1\AppData\Local\Temp\TestTicket257R2AC2ThreeRefusalsStayThreeSentences641696154\001\logs min_level=info early_records=0 early_dropped=0
2026-10-10T07:41:34.3247382Z --- PASS: TestTicket257R2AC2ThreeRefusalsStayThreeSentences (0.01s)
2026-10-10T07:41:34.3247849Z === RUN   TestTicket257R2AC2EffectTimingSaysThreeProcessShapes
2026-10-10T07:41:34.3249103Z time=2026-10-10T07:35:21.068Z level=INFO msg="wisp: persistent log sink installed" dir=C:\Users\RUNNER~1\AppData\Local\Temp\TestTicket257R2AC2EffectTimingSaysThreeProcessShapes3960390839\001\logs min_level=info early_records=0 early_dropped=0
2026-10-10T07:41:34.3250450Z --- PASS: TestTicket257R2AC2EffectTimingSaysThreeProcessShapes (0.02s)
2026-10-10T07:41:34.3250992Z === RUN   TestTicket257R2AC3CredentialSurfaceUntouched
2026-10-10T07:41:34.3252243Z time=2026-10-10T07:35:21.090Z level=INFO msg="wisp: persistent log sink installed" dir=C:\Users\RUNNER~1\AppData\Local\Temp\TestTicket257R2AC3CredentialSurfaceUntouched3717019332\001\logs min_level=info early_records=0 early_dropped=0
2026-10-10T07:41:34.3253451Z --- PASS: TestTicket257R2AC3CredentialSurfaceUntouched (0.03s)
2026-10-10T07:41:34.3253949Z === RUN   TestTicket198AC3CreatedFileLandsPrivate
2026-10-10T07:41:34.3255772Z time=2026-10-10T07:35:21.121Z level=INFO msg="wisp: persistent log sink installed" dir=C:\Users\RUNNER~1\AppData\Local\Temp\TestTicket198AC3CreatedFileLandsPrivate1382838127\001\logs min_level=info early_records=0 early_dropped=0
2026-10-10T07:41:34.3257145Z     firstrun_acl_198_windows_test.go:35: AC#3 icacls(cfgPath) verbatim:
2026-10-10T07:41:34.3258258Z         C:\Users\RUNNER~1\AppData\Local\Temp\TestTicket198AC3CreatedFileLandsPrivate1382838127\001\config.toml NT AUTHORITY\SYSTEM:(F)
2026-10-10T07:41:34.3260751Z                                                                                                                BUILTIN\Administrators:(F)
2026-10-10T07:41:34.3262287Z                                                                                                                runnervmfi6oq\runneradmin:(F)
2026-10-10T07:41:34.3262597Z         
2026-10-10T07:41:34.3262881Z         Successfully processed 1 files; Failed processing 0 files
2026-10-10T07:41:34.3263230Z --- PASS: TestTicket198AC3CreatedFileLandsPrivate (0.02s)
2026-10-10T07:41:34.3263560Z === RUN   TestRunPacketCarriesTheLoadedInstructionFiles
2026-10-10T07:41:34.3264294Z time=2026-10-10T07:35:22.019Z level=WARN msg="goroutine outside the D38 roster (leak symptom)" goroutine=mockllm-stdout-reader owner=test
2026-10-10T07:41:34.3265294Z time=2026-10-10T07:35:22.034Z level=INFO msg="wisp: persistent log sink installed" dir=C:\Users\RUNNER~1\AppData\Local\Temp\TestRunPacketCarriesTheLoadedInstructionFiles2128469506\002\logs min_level=info early_records=0 early_dropped=0
2026-10-10T07:41:34.3266234Z 2026/10/10 07:35:22 mockllm: serving on http://127.0.0.1:50899 (golden dir D:\a\wisp\wisp\internal\llm\testdata\golden)
2026-10-10T07:41:34.3267275Z time=2026-10-10T07:35:22.065Z level=INFO msg="pre-migration backup written" component=memory backup=C:\Users\RUNNER~1\AppData\Local\Temp\TestRunPacketCarriesTheLoadedInstructionFiles2128469506\002\backup\wisp.db.bak-0-1 from=0 to=1
2026-10-10T07:41:34.3268303Z time=2026-10-10T07:35:22.074Z level=INFO msg="schema migration step applied" component=memory from=0 to=1 started_at=2026-10-10T07:35:22Z duration_ms=8
2026-10-10T07:41:34.3269338Z time=2026-10-10T07:35:22.098Z level=INFO msg="pre-migration backup written" component=memory backup=C:\Users\RUNNER~1\AppData\Local\Temp\TestRunPacketCarriesTheLoadedInstructionFiles2128469506\002\backup\wisp.db.bak-1-2 from=1 to=2
2026-10-10T07:41:34.3270770Z time=2026-10-10T07:35:22.106Z level=INFO msg="schema migration step applied" component=memory from=1 to=2 started_at=2026-10-10T07:35:22Z duration_ms=8
2026-10-10T07:41:34.3271708Z time=2026-10-10T07:35:22.121Z level=INFO msg="schema migration complete" component=memory schema_version=2
2026-10-10T07:41:34.3272615Z time=2026-10-10T07:35:22.122Z level=INFO msg="startup WAL checkpoint (TRUNCATE) done" component=memory wal_pages_before=0 pages_moved=0
2026-10-10T07:41:34.3275054Z     instructions_200r2_test.go:167: the packet's instructions carry no entry for C:\Users\RUNNER~1\AppData\Local\Temp\TestRunPacketCarriesTheLoadedInstructionFiles2128469506\002\instr-ws\AGENTS.md: [{Path:C:\Users\runneradmin\AppData\Local\Temp\TestRunPacketCarriesTheLoadedInstructionFiles2128469506\002\instr-ws\AGENTS.md Tier:project Depth:0 Bytes:269 Source:fs.read}]
2026-10-10T07:41:34.3276595Z --- FAIL: TestRunPacketCarriesTheLoadedInstructionFiles (1.01s)
2026-10-10T07:41:34.3277149Z === RUN   TestRunPacketSaysOffAndSaysItDifferentlyThanNothingFound
2026-10-10T07:41:34.3277721Z time=2026-10-10T07:35:23.016Z level=WARN msg="goroutine outside the D38 roster (leak symptom)" goroutine=mockllm-stdout-reader owner=test
2026-10-10T07:41:34.3278788Z time=2026-10-10T07:35:23.031Z level=INFO msg="wisp: persistent log sink installed" dir=C:\Users\RUNNER~1\AppData\Local\Temp\TestRunPacketSaysOffAndSaysItDifferentlyThanNothingFound2611858658\002\logs min_level=info early_records=0 early_dropped=0
2026-10-10T07:41:34.3279922Z 2026/10/10 07:35:23 mockllm: serving on http://127.0.0.1:50901 (golden dir D:\a\wisp\wisp\internal\llm\testdata\golden)
2026-10-10T07:41:34.3280919Z time=2026-10-10T07:35:23.056Z level=INFO msg="pre-migration backup written" component=memory backup=C:\Users\RUNNER~1\AppData\Local\Temp\TestRunPacketSaysOffAndSaysItDifferentlyThanNothingFound2611858658\002\backup\wisp.db.bak-0-1 from=0 to=1
2026-10-10T07:41:34.3281982Z time=2026-10-10T07:35:23.075Z level=INFO msg="schema migration step applied" component=memory from=0 to=1 started_at=2026-10-10T07:35:23Z duration_ms=18
2026-10-10T07:41:34.3283062Z time=2026-10-10T07:35:23.113Z level=INFO msg="pre-migration backup written" component=memory backup=C:\Users\RUNNER~1\AppData\Local\Temp\TestRunPacketSaysOffAndSaysItDifferentlyThanNothingFound2611858658\002\backup\wisp.db.bak-1-2 from=1 to=2
2026-10-10T07:41:34.3284128Z time=2026-10-10T07:35:23.120Z level=INFO msg="schema migration step applied" component=memory from=1 to=2 started_at=2026-10-10T07:35:23Z duration_ms=6
2026-10-10T07:41:34.3284782Z time=2026-10-10T07:35:23.133Z level=INFO msg="schema migration complete" component=memory schema_version=2
2026-10-10T07:41:34.3285408Z time=2026-10-10T07:35:23.134Z level=INFO msg="startup WAL checkpoint (TRUNCATE) done" component=memory wal_pages_before=0 pages_moved=0
2026-10-10T07:41:34.3286277Z time=2026-10-10T07:35:24.150Z level=WARN msg="goroutine outside the D38 roster (leak symptom)" goroutine=mockllm-stdout-reader owner=test
2026-10-10T07:41:34.3287316Z time=2026-10-10T07:35:24.164Z level=INFO msg="wisp: persistent log sink installed" dir=C:\Users\RUNNER~1\AppData\Local\Temp\TestRunPacketSaysOffAndSaysItDifferentlyThanNothingFound2611858658\004\logs min_level=info early_records=0 early_dropped=0
2026-10-10T07:41:34.3288282Z 2026/10/10 07:35:24 mockllm: serving on http://127.0.0.1:50903 (golden dir D:\a\wisp\wisp\internal\llm\testdata\golden)
2026-10-10T07:41:34.3289385Z time=2026-10-10T07:35:24.189Z level=INFO msg="pre-migration backup written" component=memory backup=C:\Users\RUNNER~1\AppData\Local\Temp\TestRunPacketSaysOffAndSaysItDifferentlyThanNothingFound2611858658\004\backup\wisp.db.bak-0-1 from=0 to=1
2026-10-10T07:41:34.3290478Z time=2026-10-10T07:35:24.198Z level=INFO msg="schema migration step applied" component=memory from=0 to=1 started_at=2026-10-10T07:35:24Z duration_ms=9
2026-10-10T07:41:34.3291545Z time=2026-10-10T07:35:24.216Z level=INFO msg="pre-migration backup written" component=memory backup=C:\Users\RUNNER~1\AppData\Local\Temp\TestRunPacketSaysOffAndSaysItDifferentlyThanNothingFound2611858658\004\backup\wisp.db.bak-1-2 from=1 to=2
2026-10-10T07:41:34.3293625Z time=2026-10-10T07:35:24.226Z level=INFO msg="schema migration step applied" component=memory from=1 to=2 started_at=2026-10-10T07:35:24Z duration_ms=9
2026-10-10T07:41:34.3294746Z time=2026-10-10T07:35:24.239Z level=INFO msg="schema migration complete" component=memory schema_version=2
2026-10-10T07:41:34.3295746Z time=2026-10-10T07:35:24.241Z level=INFO msg="startup WAL checkpoint (TRUNCATE) done" component=memory wal_pages_before=0 pages_moved=0
2026-10-10T07:41:34.3297487Z     instructions_200r2_test.go:251: off packet section: status=off reason=已按你的配置跳过：agent.project_instructions_enabled=false，本轮一份项目说明都没有读（不是没找到，是被配置关掉的）。 files=[]
2026-10-10T07:41:34.3298981Z     instructions_200r2_test.go:252: on  packet section: status=loaded reason= files=[004/AGENTS.md tier=global depth=-1 bytes=274]
2026-10-10T07:41:34.3300128Z --- PASS: TestRunPacketSaysOffAndSaysItDifferentlyThanNothingFound (2.13s)
2026-10-10T07:41:34.3300709Z === RUN   TestAC1AC2DispatchHopGate133
2026-10-10T07:41:34.3301625Z     leg_dispatch_gate_133_test.go:242: dispatch ledger, read out of func main's own branches at run time (12 legs, 4 claims in this gate's registry):
2026-10-10T07:41:34.3303185Z           leg default        main.go:127              installs=false handoff=false covered=ruling main.go:83                                              entries=attachParentConsole aliases=
2026-10-10T07:41:34.3305095Z           leg doctor         main.go:95               installs=false handoff=false covered=test TestAC2EveryLegRefusesTheSameShapeAndWritesNothing128 drives cmdDoctor entries=attachParentConsole|cmdDoctor aliases=
2026-10-10T07:41:34.3306856Z           leg help           main.go:124              installs=false handoff=false covered=ruling main.go:79                                              entries=attachParentConsole aliases=--help|-h
2026-10-10T07:41:34.3309505Z           leg models         main.go:102              installs=true  handoff=true  covered=nail TestAC2ModelsLegBooksItsHandOffVerdictOnDisk -> cmdModels entries=attachParentConsole|cmdModels aliases=
2026-10-10T07:41:34.3310803Z           leg no-args        main.go:60               installs=true  handoff=false covered=nail TestAC1ResidentLegInstallsItsLogListenerOnDisk -> runResident entries=attachParentConsole|runResident aliases=
2026-10-10T07:41:34.3312186Z           leg panel-assets   main.go:112              installs=false handoff=false covered=test TestAC1AC2TaintSourceLegProducesAJudgedR4 drives cmdPanelAssets entries=attachParentConsole|cmdPanelAssets aliases=
2026-10-10T07:41:34.3314333Z           leg panel-inbound  main.go:115              installs=false handoff=false covered=test TestAC1InboundLegAnswersSettingsRouteEndToEnd drives cmdPanelInbound entries=attachParentConsole|cmdPanelInbound aliases=
2026-10-10T07:41:34.3317651Z           leg providers      main.go:92               installs=false handoff=false covered=test TestAC2EveryLegRefusesTheSameShapeAndWritesNothing128 drives cmdProviders entries=attachParentConsole|cmdProviders aliases=
2026-10-10T07:41:34.3319997Z           leg run            main.go:89               installs=true  handoff=false covered=nail TestAC2SealNoticeLandsInTheRunLegLogFile -> runTextTask   entries=attachParentConsole|cmdRun aliases=
2026-10-10T07:41:34.3322208Z           leg secret         main.go:100              installs=true  handoff=false covered=nail TestAC3SecretLegBooksItsAuditRecordsOnDisk -> cmdSecret   entries=cmdSecret aliases=
2026-10-10T07:41:34.3323797Z           leg slo            main.go:110              installs=false handoff=false covered=test TestSLO144CorruptReportIsJudgedOnTheFirstRead drives contradictSubjectReportErr entries=cmdSLO aliases=
2026-10-10T07:41:34.3325257Z           leg version        main.go:121              installs=false handoff=false covered=ruling main.go:74                                              entries=attachParentConsole|printVersions aliases=--version|-v
2026-10-10T07:41:34.3328956Z     leg_dispatch_gate_133_test.go:244: blindness disclosure: run-roster disclosure: GOOS=windows, 288 startable cases read from this binary itself (`-test.list '.*'`); case names this round's ledger credited through `covered=test`: 4 distinct, 4 of them startable (one outside the roster is red above); this gate's registry: 4 claims, 0 of them outside this round's roster - every registry claim this gate makes is a case this round's binary can start. This round is a whole-package round (no -test.run filter), so the roster is the set this run's === RUN lines are drawn from.
2026-10-10T07:41:34.3331217Z --- PASS: TestAC1AC2DispatchHopGate133 (0.14s)
2026-10-10T07:41:34.3332178Z === RUN   TestAC4EveryLegIsNailedOrRuled
2026-10-10T07:41:34.3333715Z     leg_sink_gate_131_test.go:328: nail entry claims, checked against the dispatch closure:
2026-10-10T07:41:34.3335769Z           nail "TestAC1ResidentLegInstallsItsLogListenerOnDisk" -> leg "no-args", entry "runResident": declared with the "subprocess:" prefix, so this row is a name-only claim about a real process and NOT evidence that anybody asserts "no-args"'s semantics in-process.
2026-10-10T07:41:34.3337786Z           nail "TestAC2ModelsLegBooksItsHandOffVerdictOnDisk" -> leg "models", entry "cmdModels": checked, the case calls the entry this leg's dispatch reaches
2026-10-10T07:41:34.3339235Z           nail "TestAC2SealNoticeLandsInTheRunLegLogFile" -> leg "run", entry "runTextTask": checked, the case calls the entry this leg's dispatch reaches
2026-10-10T07:41:34.3341006Z           nail "TestAC3SecretLegBooksItsAuditRecordsOnDisk" -> leg "secret", entry "cmdSecret": checked, the case calls the entry this leg's dispatch reaches
2026-10-10T07:41:34.3341684Z     leg_sink_gate_131_test.go:407: leg ledger, enumerated from source at run time:
2026-10-10T07:41:34.3342462Z           leg --help       main.go:124                install=false records=false ruled=false nails=-                                                          -> no records
2026-10-10T07:41:34.3343456Z           leg --version    main.go:121                install=false records=false ruled=false nails=-                                                          -> no records
2026-10-10T07:41:34.3344369Z           leg -h           main.go:124                install=false records=false ruled=false nails=-                                                          -> no records
2026-10-10T07:41:34.3344914Z           leg -v           main.go:121                install=false records=false ruled=false nails=-                                                          -> no records
2026-10-10T07:41:34.3345463Z           leg default      main.go:127                install=false records=false ruled=false nails=-                                                          -> no records
2026-10-10T07:41:34.3346184Z           leg doctor       main.go:95                 install=false records=false ruled=false nails=-                                                          -> no records
2026-10-10T07:41:34.3346727Z           leg help         main.go:124                install=false records=false ruled=false nails=-                                                          -> no records
2026-10-10T07:41:34.3347325Z           leg models       main.go:102                install=true  records=true  ruled=false nails=TestAC2ModelsLegBooksItsHandOffVerdictOnDisk               -> nailed
2026-10-10T07:41:34.3348039Z           leg no-args      main.go:60                 install=true  records=true  ruled=false nails=TestAC1ResidentLegInstallsItsLogListenerOnDisk             -> nailed
2026-10-10T07:41:34.3348610Z           leg panel-assets main.go:112                install=false records=false ruled=false nails=-                                                          -> no records
2026-10-10T07:41:34.3349189Z           leg panel-inbound main.go:115                install=false records=false ruled=false nails=-                                                          -> no records
2026-10-10T07:41:34.3349711Z           leg providers    main.go:92                 install=false records=false ruled=false nails=-                                                          -> no records
2026-10-10T07:41:34.3350304Z           leg run          main.go:89                 install=true  records=true  ruled=false nails=TestAC2SealNoticeLandsInTheRunLegLogFile                   -> nailed
2026-10-10T07:41:34.3350916Z           leg secret       main.go:100                install=true  records=true  ruled=false nails=TestAC3SecretLegBooksItsAuditRecordsOnDisk                 -> nailed
2026-10-10T07:41:34.3351440Z           leg slo          main.go:110                install=false records=true  ruled=true  nails=-                                                          -> ruled
2026-10-10T07:41:34.3351969Z           leg version      main.go:121                install=false records=false ruled=false nails=-                                                          -> no records
2026-10-10T07:41:34.3352134Z --- PASS: TestAC4EveryLegIsNailedOrRuled (0.08s)
2026-10-10T07:41:34.3352313Z === RUN   TestAC2ModelsLegBooksItsHandOffVerdictOnDisk
2026-10-10T07:41:34.3353493Z     leg_sink_nail_131_windows_test.go:358: leg sink C:\Users\RUNNER~1\AppData\Local\Temp\TestAC2ModelsLegBooksItsHandOffVerdictOnDisk2546153860\001\logs: 2 record(s) [INFO/wisp: persistent log sink installed INFO/models: hand-off REFUSED id=absent-in-signed-manifest-131 state=Error err=model: model id "absent-in-signed-manifest-131" not in signed manifest]
2026-10-10T07:41:34.3354611Z     leg_sink_nail_131_windows_test.go:396: MODELS LEG RECORDED ON DISK: "models: hand-off REFUSED id=absent-in-signed-manifest-131 state=Error err=model: model id \"absent-in-signed-manifest-131\" not in signed manifest" (install dir=C:\Users\RUNNER~1\AppData\Local\Temp\TestAC2ModelsLegBooksItsHandOffVerdictOnDisk2546153860\001\logs, exit=1)
2026-10-10T07:41:34.3354795Z --- PASS: TestAC2ModelsLegBooksItsHandOffVerdictOnDisk (0.01s)
2026-10-10T07:41:34.3354965Z === RUN   TestAC3SecretLegBooksItsAuditRecordsOnDisk
2026-10-10T07:41:34.3355747Z     leg_sink_nail_131_windows_test.go:427: leg sink C:\Users\RUNNER~1\AppData\Local\Temp\TestAC3SecretLegBooksItsAuditRecordsOnDisk152229087\001\logs: 2 record(s) [INFO/wisp: persistent log sink installed INFO/wisp secret: stored dpapi blob]
2026-10-10T07:41:34.3357520Z     leg_sink_nail_131_windows_test.go:459: leg sink C:\Users\RUNNER~1\AppData\Local\Temp\TestAC3SecretLegBooksItsAuditRecordsOnDisk152229087\001\logs: 4 record(s) [INFO/wisp: persistent log sink installed INFO/wisp secret: stored dpapi blob INFO/wisp: persistent log sink installed WARN/wisp secret unset: deleted dpapi:nail131 (WISP_ENV=test, portable=false, forced=true, referenced_fields=1) fields=llm.providers.acme.api_key_ref]
2026-10-10T07:41:34.3358788Z     leg_sink_nail_131_windows_test.go:479: SECRET LEG RECORDED ON DISK: "wisp secret: stored dpapi blob" and "wisp secret unset: deleted dpapi:nail131 (WISP_ENV=test, portable=false, forced=true, referenced_fields=1) fields=llm.providers.acme.api_key_ref" (install dir=C:\Users\RUNNER~1\AppData\Local\Temp\TestAC3SecretLegBooksItsAuditRecordsOnDisk152229087\001\logs)
2026-10-10T07:41:34.3358959Z --- PASS: TestAC3SecretLegBooksItsAuditRecordsOnDisk (0.02s)
2026-10-10T07:41:34.3359145Z === RUN   TestAC2AC3DegradedLegsStillDeliverTheirVerdict
2026-10-10T07:41:34.3359414Z === RUN   TestAC2AC3DegradedLegsStillDeliverTheirVerdict/models
2026-10-10T07:41:34.3359606Z === RUN   TestAC2AC3DegradedLegsStillDeliverTheirVerdict/secret
2026-10-10T07:41:34.3359969Z time=2026-10-10T07:35:24.528Z level=INFO msg="wisp secret: stored dpapi blob" ref=dpapi:nail131-degraded env=test portable=false overwrote=false
2026-10-10T07:41:34.3360172Z --- PASS: TestAC2AC3DegradedLegsStillDeliverTheirVerdict (0.01s)
2026-10-10T07:41:34.3360440Z     --- PASS: TestAC2AC3DegradedLegsStillDeliverTheirVerdict/models (0.00s)
2026-10-10T07:41:34.3360675Z     --- PASS: TestAC2AC3DegradedLegsStillDeliverTheirVerdict/secret (0.01s)
2026-10-10T07:41:34.3360837Z === RUN   TestAC3LogSinkLandsInsideTheEnvDataRoot
2026-10-10T07:41:34.3361024Z --- PASS: TestAC3LogSinkLandsInsideTheEnvDataRoot (0.00s)
2026-10-10T07:41:34.3361192Z === RUN   TestAC3EmptyDataRootIsARefusalNotAFallback
2026-10-10T07:41:34.3361353Z --- PASS: TestAC3EmptyDataRootIsARefusalNotAFallback (0.00s)
2026-10-10T07:41:34.3361555Z === RUN   TestAC3InstallingTheFileSinkDoesNotSilenceTheConsole
2026-10-10T07:41:34.3361784Z --- PASS: TestAC3InstallingTheFileSinkDoesNotSilenceTheConsole (0.01s)
2026-10-10T07:41:34.3361916Z === RUN   TestAC2SealNoticeLandsInTheRunLegLogFile
2026-10-10T07:41:34.3362560Z time=2026-10-10T07:35:24.567Z level=INFO msg="wisp: persistent log sink installed" dir=C:\Users\RUNNER~1\AppData\Local\Temp\TestAC2SealNoticeLandsInTheRunLegLogFile795457354\001\logs min_level=info early_records=0 early_dropped=0
2026-10-10T07:41:34.3363594Z time=2026-10-10T07:35:24.567Z level=WARN msg="winsec: seal cleared principals that stood on this object" path=C:\Users\runneradmin\AppData\Local\Temp\TestAC2SealNoticeLandsInTheRunLegLogFile795457354\001\secrets kind=explicit cleared=S-1-1-0(A;OICI;0x1200a9;;;WD) cleared_inherited="" policy="winsec owns the grants on this tree; out-of-band ACEs are removed at the next seal"
2026-10-10T07:41:34.3364159Z     logsink_windows_test.go:167: sink dir C:\Users\RUNNER~1\AppData\Local\Temp\TestAC2SealNoticeLandsInTheRunLegLogFile795457354\001\logs: 1 file(s), 682 bytes, 2 record(s)
2026-10-10T07:41:34.3365235Z     logsink_windows_test.go:196: RECORDED ON DISK: level=WARN msg=winsec: seal cleared principals that stood on this object path=C:\Users\runneradmin\AppData\Local\Temp\TestAC2SealNoticeLandsInTheRunLegLogFile795457354\001\secrets kind=explicit cleared="S-1-1-0(A;OICI;0x1200a9;;;WD)"
2026-10-10T07:41:34.3365465Z --- PASS: TestAC2SealNoticeLandsInTheRunLegLogFile (0.05s)
2026-10-10T07:41:34.3365699Z === RUN   TestAC2AuditTrailLandsInTheRunLegLogFile
2026-10-10T07:41:34.3366275Z time=2026-10-10T07:35:25.431Z level=WARN msg="goroutine outside the D38 roster (leak symptom)" goroutine=mockllm-stdout-reader owner=test
2026-10-10T07:41:34.3366983Z time=2026-10-10T07:35:25.445Z level=INFO msg="wisp: persistent log sink installed" dir=C:\Users\RUNNER~1\AppData\Local\Temp\TestAC2AuditTrailLandsInTheRunLegLogFile2735412162\002\logs min_level=info early_records=0 early_dropped=0
2026-10-10T07:41:34.3367279Z 2026/10/10 07:35:25 mockllm: serving on http://127.0.0.1:50910 (golden dir D:\a\wisp\wisp\internal\llm\testdata\golden)
2026-10-10T07:41:34.3367912Z time=2026-10-10T07:35:25.469Z level=INFO msg="pre-migration backup written" component=memory backup=C:\Users\RUNNER~1\AppData\Local\Temp\TestAC2AuditTrailLandsInTheRunLegLogFile2735412162\002\backup\wisp.db.bak-0-1 from=0 to=1
2026-10-10T07:41:34.3368485Z time=2026-10-10T07:35:25.479Z level=INFO msg="schema migration step applied" component=memory from=0 to=1 started_at=2026-10-10T07:35:25Z duration_ms=9
2026-10-10T07:41:34.3369531Z time=2026-10-10T07:35:25.497Z level=INFO msg="pre-migration backup written" component=memory backup=C:\Users\RUNNER~1\AppData\Local\Temp\TestAC2AuditTrailLandsInTheRunLegLogFile2735412162\002\backup\wisp.db.bak-1-2 from=1 to=2
2026-10-10T07:41:34.3370143Z time=2026-10-10T07:35:25.505Z level=INFO msg="schema migration step applied" component=memory from=1 to=2 started_at=2026-10-10T07:35:25Z duration_ms=7
2026-10-10T07:41:34.3370653Z time=2026-10-10T07:35:25.519Z level=INFO msg="schema migration complete" component=memory schema_version=2
2026-10-10T07:41:34.3371127Z time=2026-10-10T07:35:25.521Z level=INFO msg="startup WAL checkpoint (TRUNCATE) done" component=memory wal_pages_before=0 pages_moved=0
2026-10-10T07:41:34.3371729Z     logsink_windows_test.go:274: sink dir C:\Users\RUNNER~1\AppData\Local\Temp\TestAC2AuditTrailLandsInTheRunLegLogFile2735412162\002\logs: 1 file(s), 4280 bytes, 19 record(s)
2026-10-10T07:41:34.3371927Z --- PASS: TestAC2AuditTrailLandsInTheRunLegLogFile (0.97s)
2026-10-10T07:41:34.3372106Z === RUN   TestAC2RunLegInstallsTheSinkBeforeItsFirstSealingSite
2026-10-10T07:41:34.3372806Z time=2026-10-10T07:35:25.575Z level=INFO msg="wisp: persistent log sink installed" dir=C:\Users\RUNNER~1\AppData\Local\Temp\TestAC2RunLegInstallsTheSinkBeforeItsFirstSealingSite3592362808\001\logs min_level=info early_records=0 early_dropped=0
2026-10-10T07:41:34.3373911Z time=2026-10-10T07:35:25.576Z level=WARN msg="winsec: seal cleared principals that stood on this object" path=C:\Users\runneradmin\AppData\Local\Temp\TestAC2RunLegInstallsTheSinkBeforeItsFirstSealingSite3592362808\001\secrets kind=explicit cleared=S-1-1-0(A;OICI;0x1200a9;;;WD) cleared_inherited="" policy="winsec owns the grants on this tree; out-of-band ACEs are removed at the next seal"
2026-10-10T07:41:34.3374551Z     logsink_windows_test.go:326: sink dir C:\Users\RUNNER~1\AppData\Local\Temp\TestAC2RunLegInstallsTheSinkBeforeItsFirstSealingSite3592362808\001\logs: 1 file(s), 708 bytes, 2 record(s)
2026-10-10T07:41:34.3374782Z --- PASS: TestAC2RunLegInstallsTheSinkBeforeItsFirstSealingSite (0.03s)
2026-10-10T07:41:34.3374917Z === RUN   TestAC1AC2TaintSourceLegProducesAJudgedR4
2026-10-10T07:41:34.3375113Z --- PASS: TestAC1AC2TaintSourceLegProducesAJudgedR4 (0.00s)
2026-10-10T07:41:34.3375285Z === RUN   TestAC2TaintFlagDoesNotLeakIntoTheDefaultCard
2026-10-10T07:41:34.3375459Z --- PASS: TestAC2TaintFlagDoesNotLeakIntoTheDefaultCard (0.00s)
2026-10-10T07:41:34.3375658Z === RUN   TestAC3TaintSourceThatTheCallDoesNotCarryIsNotAHit
2026-10-10T07:41:34.3375974Z === RUN   TestAC3TaintSourceThatTheCallDoesNotCarryIsNotAHit/declared_but_absent_from_the_outgoing_call
2026-10-10T07:41:34.3376341Z === RUN   TestAC3TaintSourceThatTheCallDoesNotCarryIsNotAHit/fragment_below_the_contract_floor_cannot_match
2026-10-10T07:41:34.3376638Z --- PASS: TestAC3TaintSourceThatTheCallDoesNotCarryIsNotAHit (0.00s)
2026-10-10T07:41:34.3377053Z     --- PASS: TestAC3TaintSourceThatTheCallDoesNotCarryIsNotAHit/declared_but_absent_from_the_outgoing_call (0.00s)
2026-10-10T07:41:34.3377482Z     --- PASS: TestAC3TaintSourceThatTheCallDoesNotCarryIsNotAHit/fragment_below_the_contract_floor_cannot_match (0.00s)
2026-10-10T07:41:34.3377648Z === RUN   TestAC2TaintSourceIsVisibleInTheUsageBlock
2026-10-10T07:41:34.3377811Z --- PASS: TestAC2TaintSourceIsVisibleInTheUsageBlock (0.00s)
2026-10-10T07:41:34.3377965Z === RUN   TestAC1MalformedTaintSourceIsRefused
2026-10-10T07:41:34.3378154Z === RUN   TestAC1MalformedTaintSourceIsRefused/no_separators
2026-10-10T07:41:34.3378301Z === RUN   TestAC1MalformedTaintSourceIsRefused/two_parts
2026-10-10T07:41:34.3378470Z === RUN   TestAC1MalformedTaintSourceIsRefused/empty_tool
2026-10-10T07:41:34.3378641Z === RUN   TestAC1MalformedTaintSourceIsRefused/empty_content
2026-10-10T07:41:34.3378812Z --- PASS: TestAC1MalformedTaintSourceIsRefused (0.01s)
2026-10-10T07:41:34.3379126Z     --- PASS: TestAC1MalformedTaintSourceIsRefused/no_separators (0.00s)
2026-10-10T07:41:34.3379353Z     --- PASS: TestAC1MalformedTaintSourceIsRefused/two_parts (0.00s)
2026-10-10T07:41:34.3379581Z     --- PASS: TestAC1MalformedTaintSourceIsRefused/empty_tool (0.00s)
2026-10-10T07:41:34.3379796Z     --- PASS: TestAC1MalformedTaintSourceIsRefused/empty_content (0.00s)
2026-10-10T07:41:34.3379945Z === RUN   TestAC1CmdSideEmitsNoVerdictTokens
2026-10-10T07:41:34.3380108Z --- PASS: TestAC1CmdSideEmitsNoVerdictTokens (0.00s)
2026-10-10T07:41:34.3380353Z === RUN   TestAC2CredentialSentinelAppearsInNoArtifact
2026-10-10T07:41:34.3380526Z --- PASS: TestAC2CredentialSentinelAppearsInNoArtifact (0.01s)
2026-10-10T07:41:34.3380708Z === RUN   TestAC2LeakRulerFiresWhenTheCanaryIsReallyThere
2026-10-10T07:41:34.3380912Z --- PASS: TestAC2LeakRulerFiresWhenTheCanaryIsReallyThere (0.01s)
2026-10-10T07:41:34.3381086Z === RUN   TestAC3CredentialLivesInOneStoreAndConfigKeepsOnlyARef
2026-10-10T07:41:34.3382096Z time=2026-10-10T07:35:25.636Z level=INFO msg="config: wrote merged change into config.toml (ticket 226: only the keys listed changed value, every other key keeps the value the file already held; the file is re-laid in canonical form, so comments and hand-chosen key order are not preserved)" key=llm.providers.deepseek.api_key_ref wrote=[llm.providers.deepseek.api_key_ref]
2026-10-10T07:41:34.3382348Z --- PASS: TestAC3CredentialLivesInOneStoreAndConfigKeepsOnlyARef (0.01s)
2026-10-10T07:41:34.3382761Z === RUN   TestAC2SharedEnvelopeCannotCarryTheCredentialValue
2026-10-10T07:41:34.3382957Z --- PASS: TestAC2SharedEnvelopeCannotCarryTheCredentialValue (0.00s)
2026-10-10T07:41:34.3383167Z === RUN   TestAC1SettingsKeysAreTheOnlyNewOnesOnTheSharedEnvelope
2026-10-10T07:41:34.3383407Z --- PASS: TestAC1SettingsKeysAreTheOnlyNewOnesOnTheSharedEnvelope (0.00s)
2026-10-10T07:41:34.3383582Z === RUN   TestAC1InboundLegAnswersSettingsRouteEndToEnd
2026-10-10T07:41:34.3384720Z time=2026-10-10T07:35:25.646Z level=INFO msg="config: wrote merged change into config.toml (ticket 226: only the keys listed changed value, every other key keeps the value the file already held; the file is re-laid in canonical form, so comments and hand-chosen key order are not preserved)" key=llm.providers.deepseek.models.deepseek-chat.context_window wrote=[llm.providers.deepseek.models.deepseek-chat.context_window]
2026-10-10T07:41:34.3384931Z --- PASS: TestAC1InboundLegAnswersSettingsRouteEndToEnd (0.01s)
2026-10-10T07:41:34.3385152Z === RUN   TestAC1OtherDoorsStillRefuseByNameAfterTheSettingsSocket
2026-10-10T07:41:34.3385389Z --- PASS: TestAC1OtherDoorsStillRefuseByNameAfterTheSettingsSocket (0.01s)
2026-10-10T07:41:34.3385548Z === RUN   TestAC7InvalidSettingsValueIsRefusedBeforeTheFile
2026-10-10T07:41:34.3385755Z --- PASS: TestAC7InvalidSettingsValueIsRefusedBeforeTheFile (0.01s)
2026-10-10T07:41:34.3385935Z === RUN   TestAC2SnapshotReportsRefWithoutBlobAsAPartState
2026-10-10T07:41:34.3386939Z time=2026-10-10T07:35:25.668Z level=INFO msg="config: wrote merged change into config.toml (ticket 226: only the keys listed changed value, every other key keeps the value the file already held; the file is re-laid in canonical form, so comments and hand-chosen key order are not preserved)" key=llm.providers.deepseek.api_key_ref wrote=[llm.providers.deepseek.api_key_ref]
2026-10-10T07:41:34.3387124Z --- PASS: TestAC2SnapshotReportsRefWithoutBlobAsAPartState (0.01s)
2026-10-10T07:41:34.3387290Z === RUN   TestTransportDoorBindingMatchesRoster253r1
2026-10-10T07:41:34.3388159Z     panel_dispatch_binding_roster_253r1_windows_test.go:358: 253-r1 census: door constant "panelDispatchBinding" = "wispDispatch"; installPanelTransport at panel_host_windows.go:801 made 1 Bind call(s) and 1 Init call(s); roster holds 1 name(s) over 35 production file(s)
2026-10-10T07:41:34.3389022Z     panel_dispatch_binding_roster_253r1_windows_test.go:401: 253-r1 lockstep: w.Init(panelPostMessageForwardInit) at panel_host_windows.go:808 derives its window.<door> reference from "panelDispatchBinding", the same constant the Bind uses
2026-10-10T07:41:34.3389206Z --- PASS: TestTransportDoorBindingMatchesRoster253r1 (0.01s)
2026-10-10T07:41:34.3389339Z === RUN   TestBindingRosterBitesItsOwnFixtures253r1
2026-10-10T07:41:34.3389508Z === RUN   TestBindingRosterBitesItsOwnFixtures253r1/good
2026-10-10T07:41:34.3390045Z     panel_dispatch_binding_roster_253r1_windows_test.go:568: fixture "good": const="wispDispatch" bound=[wispDispatch] initTied="panelPostMessageForwardInit" reds=[]
2026-10-10T07:41:34.3390271Z === RUN   TestBindingRosterBitesItsOwnFixtures253r1/drifted-bind
2026-10-10T07:41:34.3391085Z     panel_dispatch_binding_roster_253r1_windows_test.go:568: fixture "drifted-bind": const="wispDispatch" bound=[wispStaleDoor] initTied="panelPostMessageForwardInit" reds=[rostered but unbound door wispDispatch unrostered bound door wispStaleDoor]
2026-10-10T07:41:34.3391275Z === RUN   TestBindingRosterBitesItsOwnFixtures253r1/empty-bind
2026-10-10T07:41:34.3391839Z     panel_dispatch_binding_roster_253r1_windows_test.go:563: empty-bind: census bound zero readable doors (1 Bind call(s)) - the disk case reddens this as the empty-roster Fatalf
2026-10-10T07:41:34.3392482Z     panel_dispatch_binding_roster_253r1_windows_test.go:568: fixture "empty-bind": const="wispDispatch" bound=[] initTied="panelPostMessageForwardInit" reds=[rostered but unbound door wispDispatch]
2026-10-10T07:41:34.3392642Z === RUN   TestBindingRosterBitesItsOwnFixtures253r1/untied-init
2026-10-10T07:41:34.3393232Z     panel_dispatch_binding_roster_253r1_windows_test.go:568: fixture "untied-init": const="wispDispatch" bound=[wispDispatch] initTied="" reds=[w.Init script not tied to the door constant]
2026-10-10T07:41:34.3393425Z --- PASS: TestBindingRosterBitesItsOwnFixtures253r1 (0.00s)
2026-10-10T07:41:34.3393631Z     --- PASS: TestBindingRosterBitesItsOwnFixtures253r1/good (0.00s)
2026-10-10T07:41:34.3393895Z     --- PASS: TestBindingRosterBitesItsOwnFixtures253r1/drifted-bind (0.00s)
2026-10-10T07:41:34.3394149Z     --- PASS: TestBindingRosterBitesItsOwnFixtures253r1/empty-bind (0.00s)
2026-10-10T07:41:34.3394396Z     --- PASS: TestBindingRosterBitesItsOwnFixtures253r1/untied-init (0.00s)
2026-10-10T07:41:34.3394546Z === RUN   TestTicket255WindowOptionsFollowTheConfigSource
2026-10-10T07:41:34.3394856Z === RUN   TestTicket255WindowOptionsFollowTheConfigSource/no_source_at_all_keeps_the_host's_own_constants
2026-10-10T07:41:34.3395137Z === RUN   TestTicket255WindowOptionsFollowTheConfigSource/a_config_width_and_height_both_arrive
2026-10-10T07:41:34.3395731Z === RUN   TestTicket255WindowOptionsFollowTheConfigSource/height_0_is_NOT_auto-height:_the_ruling_is_260,_and_schema.go's_PanelSection.Height_carries_no_default_tag_so_0_is_what_a_config_saying_nothing_answers
2026-10-10T07:41:34.3396041Z === RUN   TestTicket255WindowOptionsFollowTheConfigSource/width_0_falls_back_to_the_host_constant,_not_to_a_guess
2026-10-10T07:41:34.3396451Z === RUN   TestTicket255WindowOptionsFollowTheConfigSource/a_negative_answer_is_garbage,_and_garbage_is_not_a_second_spelling_of_auto
2026-10-10T07:41:34.3396780Z --- PASS: TestTicket255WindowOptionsFollowTheConfigSource (0.00s)
2026-10-10T07:41:34.3397190Z     --- PASS: TestTicket255WindowOptionsFollowTheConfigSource/no_source_at_all_keeps_the_host's_own_constants (0.00s)
2026-10-10T07:41:34.3397535Z     --- PASS: TestTicket255WindowOptionsFollowTheConfigSource/a_config_width_and_height_both_arrive (0.00s)
2026-10-10T07:41:34.3398265Z     --- PASS: TestTicket255WindowOptionsFollowTheConfigSource/height_0_is_NOT_auto-height:_the_ruling_is_260,_and_schema.go's_PanelSection.Height_carries_no_default_tag_so_0_is_what_a_config_saying_nothing_answers (0.00s)
2026-10-10T07:41:34.3398698Z     --- PASS: TestTicket255WindowOptionsFollowTheConfigSource/width_0_falls_back_to_the_host_constant,_not_to_a_guess (0.00s)
2026-10-10T07:41:34.3399183Z     --- PASS: TestTicket255WindowOptionsFollowTheConfigSource/a_negative_answer_is_garbage,_and_garbage_is_not_a_second_spelling_of_auto (0.00s)
2026-10-10T07:41:34.3399449Z === RUN   TestTicket255AssemblyRootGeometrySourceReachesTheWindowOptions
2026-10-10T07:41:34.3401673Z time=2026-10-10T07:35:25.682Z level=WARN msg="panel host: [panel] geometry source unreadable, sizing at the host's own default" path=C:\Users\RUNNER~1\AppData\Local\Temp\TestTicket255AssemblyRootGeometrySourceReachesTheWindowOptions289112844\001\no-such-dir\config.toml err="config: config.toml read: no file at this path yet。第 1 种拒因：文件没建：这一页与这条链都不新建 config.toml。在控制台运行一次 wisp run，第一次启动会写出全默认的首份配置（它不替你选任何模型，也不替你建任何服务商行）: open C:\\Users\\RUNNER~1\\AppData\\Local\\Temp\\TestTicket255AssemblyRootGeometrySourceReachesTheWindowOptions289112844\\001\\no-such-dir\\config.toml: The system cannot find the path specified." default=420x260
2026-10-10T07:41:34.3402013Z --- PASS: TestTicket255AssemblyRootGeometrySourceReachesTheWindowOptions (0.00s)
2026-10-10T07:41:34.3402189Z === RUN   TestTicket255PanelHostBuildsItsWindowOptions
2026-10-10T07:41:34.3402399Z --- PASS: TestTicket255PanelHostBuildsItsWindowOptions (0.01s)
2026-10-10T07:41:34.3402694Z === RUN   TestTicket255HostStillDoesNotParseConfigItself
2026-10-10T07:41:34.3402912Z --- PASS: TestTicket255HostStillDoesNotParseConfigItself (0.00s)
2026-10-10T07:41:34.3403111Z === RUN   TestTicket255PanelRosterVerdictIsTheHonestShape
2026-10-10T07:41:34.3403288Z --- PASS: TestTicket255PanelRosterVerdictIsTheHonestShape (0.00s)
2026-10-10T07:41:34.3403445Z === RUN   TestPanelHostOpensNoListeningSocketL1
2026-10-10T07:41:34.3403621Z --- PASS: TestPanelHostOpensNoListeningSocketL1 (0.00s)
2026-10-10T07:41:34.3403890Z === RUN   TestPanelBundleShapeSeparatesAnchorFromRealPage_AC12
2026-10-10T07:41:34.3405355Z     panel_host_gate_test.go:109: AC#12 reading (head bcd0a54): shape=page-bundle built=true entry-bytes=1068 entry-ctype="text/html; charset=utf-8" entry-err=<nil> refs=2 check-err=<nil> manifest-entries=4 manifest-err=<nil> | git-metadata=true tracked=1 tracked-beyond-anchor=0 tracked-has-entry=false ignored-or-untracked=2
2026-10-10T07:41:34.3405701Z --- PASS: TestPanelBundleShapeSeparatesAnchorFromRealPage_AC12 (0.09s)
2026-10-10T07:41:34.3405900Z === RUN   TestAC1SessionDisposeHasAProductionTrigger_AC1
2026-10-10T07:41:34.3407483Z     panel_host_gate_test.go:179: AC#1 dispose scan: 2 production constructor(s) [panel_resident_windows.go:253 resident_windows.go:186] | 2 manager-teardown site(s) [panel_resident_windows.go:447 panel_resident_windows.go:501] | 2 other .Destroy() call site(s), WebView2 control teardown and NOT a session dispose [panel_host_windows.go:409 panel_host_windows.go:731]
2026-10-10T07:41:34.3408379Z     panel_host_gate_test.go:188: AC#1 dispose reachability: 2 production constructor(s) [panel_resident_windows.go:253, resident_windows.go:186], 2 manager teardown site(s) [panel_resident_windows.go:447, panel_resident_windows.go:501]
2026-10-10T07:41:34.3408595Z --- PASS: TestAC1SessionDisposeHasAProductionTrigger_AC1 (0.01s)
2026-10-10T07:41:34.3408730Z === RUN   TestCleanCheckoutBuilds_AC11
2026-10-10T07:41:34.3409196Z     panel_host_gate_test.go:414: clean-checkout go build ./... ok in C:\Users\RUNNER~1\AppData\Local\Temp\TestCleanCheckoutBuilds_AC112283073488\001
2026-10-10T07:41:34.3409322Z --- PASS: TestCleanCheckoutBuilds_AC11 (24.80s)
2026-10-10T07:41:34.3409482Z === RUN   TestPanelHostRealWindowHopAndLifecycle
2026-10-10T07:41:34.3410021Z     panel_host_windows_test.go:660: cold bring-up measured on this box: -1.000 ms (HEAD bcd0a54 at read time, 2026-10-10T07:35:55Z)
2026-10-10T07:41:34.3410517Z     panel_host_windows_test.go:662: cold bring-up did not produce a browser round trip (got -1.000); the message channel did not come up on the real window
2026-10-10T07:41:34.3410677Z --- FAIL: TestPanelHostRealWindowHopAndLifecycle (5.02s)
2026-10-10T07:41:34.3410833Z === RUN   TestAC4FocusReturnToPriorWindowGap33r5
2026-10-10T07:41:34.3412072Z     panel_host_windows_test.go:944: AC#4 focus hop (head bcd0a54): foreground before any panel 0x40196 | the ruler's own editor window 0x20216 | foreground while hidden (prior) 0x20216 | after Show 0x20212 | panel hwnd 0x20212 | prevFocus recorded at Show 0x20216 | after Hide 0x20216 | Hide attempted restore to 0x20216 (SetForegroundWindow 1, SetFocus 131606)
2026-10-10T07:41:34.3412252Z --- PASS: TestAC4FocusReturnToPriorWindowGap33r5 (5.15s)
2026-10-10T07:41:34.3412374Z === RUN   TestPanelHostLatencyPercentilesAC2
2026-10-10T07:41:34.3413515Z     panel_host_windows_test.go:985: no cold/hot sample recorded in this process: the lifecycle test did not run in this binary (use -run 'TestPanelHostRealWindowHopAndLifecycle|TestPanelHostLatencyPercentilesAC2'). Named skip - an empty aggregate is not a green latency gate
2026-10-10T07:41:34.3413764Z --- SKIP: TestPanelHostLatencyPercentilesAC2 (0.00s)
2026-10-10T07:41:34.3413941Z === RUN   TestAC3ListeningSocketRulerSeesItsOwnListener
2026-10-10T07:41:34.3414507Z     panel_host_windows_test.go:1054: AC#3 positive control: IPv4 table rows=44, this pid owned 0 before / 1 while 127.0.0.1:55139 is listening
2026-10-10T07:41:34.3415108Z     panel_host_windows_test.go:1076: AC#3 positive control, IPv6 family: listening on [::1]:55140, table rows=22, this pid owns 1 LISTEN rows (baseline 0)
2026-10-10T07:41:34.3415521Z     panel_host_windows_test.go:1102: AC#3 positive control verdict: ruler counts a real listener (0 -> 1) and stops after Close (0)
2026-10-10T07:41:34.3415722Z --- PASS: TestAC3ListeningSocketRulerSeesItsOwnListener (0.00s)
2026-10-10T07:41:34.3415869Z === RUN   TestAC9InboundLegFromStdinReachesTheWriteLeg
2026-10-10T07:41:34.3416947Z time=2026-10-10T07:36:00.791Z level=INFO msg="config: wrote merged change into config.toml (ticket 226: only the keys listed changed value, every other key keeps the value the file already held; the file is re-laid in canonical form, so comments and hand-chosen key order are not preserved)" key=risk.permission_mode wrote=[risk.permission_mode]
2026-10-10T07:41:34.3417145Z --- PASS: TestAC9InboundLegFromStdinReachesTheWriteLeg (0.03s)
2026-10-10T07:41:34.3417341Z === RUN   TestAC9InboundLegRefusesUnlistedMethodAndAuditsIt
2026-10-10T07:41:34.3417530Z --- PASS: TestAC9InboundLegRefusesUnlistedMethodAndAuditsIt (0.07s)
2026-10-10T07:41:34.3417712Z === RUN   TestAC9InboundLegRefusesRosterMethodWithNoHandler
2026-10-10T07:41:34.3417923Z --- PASS: TestAC9InboundLegRefusesRosterMethodWithNoHandler (0.03s)
2026-10-10T07:41:34.3418091Z === RUN   TestAC9ComposerDispatchHasAProductionCaller
2026-10-10T07:41:34.3418254Z --- PASS: TestAC9ComposerDispatchHasAProductionCaller (0.02s)
2026-10-10T07:41:34.3418403Z === RUN   TestAC9InboundFlagSurfaceIsNarrow
2026-10-10T07:41:34.3418562Z --- PASS: TestAC9InboundFlagSurfaceIsNarrow (0.02s)
2026-10-10T07:41:34.3418745Z === RUN   TestInboundRosterGuardRefusesUnregisteredNameOnPageEdge
2026-10-10T07:41:34.3419682Z     panel_inbound_guards_35r3_test.go:153: (d)-1 roster guard on the page edge: door reply="面板请求被拒绝 [panel.approval.request (无 requestId)]：panel: composer request refused: 方法 \"panel.approval.request\" 不是面板 composer 通路的能力入口"
2026-10-10T07:41:34.3419967Z --- PASS: TestInboundRosterGuardRefusesUnregisteredNameOnPageEdge (0.00s)
2026-10-10T07:41:34.3420173Z === RUN   TestInboundSourceGuardRefusesForeignSourceOnPageEdge
2026-10-10T07:41:34.3421143Z     panel_inbound_guards_35r3_test.go:161: (d)-2 source guard on the page edge: door reply="面板请求被拒绝 [panel.mode.request pc-35r3-2-9e7a-4c1b]：panel: composer request refused: 来源 \"panel-composer-x\" 不是 \"panel-composer\"，按伪造/串台拒绝（requestId=\"pc-35r3-2-9e7a-4c1b\"）"
2026-10-10T07:41:34.3421377Z --- PASS: TestInboundSourceGuardRefusesForeignSourceOnPageEdge (0.00s)
2026-10-10T07:41:34.3421579Z === RUN   TestInboundRequestIDGuardRefusesMissingIDOnPageEdge
2026-10-10T07:41:34.3422401Z     panel_inbound_guards_35r3_test.go:170: (d)-3 requestId guard on the page edge: door reply="面板请求被拒绝 [panel.mode.request (无 requestId)]：panel: composer request refused: 缺少 requestId，无法与审计/卡片对齐（method=\"panel.mode.request\"）"
2026-10-10T07:41:34.3422596Z --- PASS: TestInboundRequestIDGuardRefusesMissingIDOnPageEdge (0.00s)
2026-10-10T07:41:34.3422957Z === RUN   TestLockedSuffixNeverTakesTheLockItself33r11
2026-10-10T07:41:34.3423682Z     panel_locked_naming_33r11_windows_test.go:233: 33-r11 census: 1 Locked-suffixed func(s) across 35 production source file(s) of package main
2026-10-10T07:41:34.3424489Z     panel_locked_naming_33r11_windows_test.go:235:   PanelManager.setPriorFocusLocked in panel_host_windows.go line 625: 0 lock operation(s) in its own body []
2026-10-10T07:41:34.3424755Z --- PASS: TestLockedSuffixNeverTakesTheLockItself33r11 (0.01s)
2026-10-10T07:41:34.3425201Z === RUN   TestRosteredLockedMethodReturnsWhileCallerHoldsTheLock33r11
2026-10-10T07:41:34.3426006Z     panel_locked_naming_33r11_windows_test.go:305: 33-r11 behaviour: setPriorFocusLocked returned inside the budget while m.mu was held, and it did record the sample
2026-10-10T07:41:34.3426373Z --- PASS: TestRosteredLockedMethodReturnsWhileCallerHoldsTheLock33r11 (0.00s)
2026-10-10T07:41:34.3426584Z === RUN   TestLockedNamingCensusBitesItsOwnFixture33r11
2026-10-10T07:41:34.3427556Z     panel_locked_naming_33r11_windows_test.go:398: 33-r11 positive control: planted fixtureHost.parkedLocked reported with [f.mu.Lock f.mu.Unlock], honest name clean, unsuffixed self-locker untouched
2026-10-10T07:41:34.3427846Z --- PASS: TestLockedNamingCensusBitesItsOwnFixture33r11 (0.00s)
2026-10-10T07:41:34.3428081Z === RUN   TestLockedNamingCensusRejectsTheOldName33r11
2026-10-10T07:41:34.3428960Z     panel_locked_naming_33r11_windows_test.go:416: 33-r11 positive control: the pre-rename shape is reported as roundTripHost.firstRoundTripLocked with [m.mu.Lock m.mu.Unlock]
2026-10-10T07:41:34.3429272Z --- PASS: TestLockedNamingCensusRejectsTheOldName33r11 (0.00s)
2026-10-10T07:41:34.3429535Z === RUN   TestCompletedWithinReportsAParkedCall33r11
2026-10-10T07:41:34.3430342Z     panel_locked_naming_33r11_windows_test.go:435: 33-r11 positive control: a self-locking Locked call parked, was reported as parked, and had touched nothing
2026-10-10T07:41:34.3430599Z --- PASS: TestCompletedWithinReportsAParkedCall33r11 (0.20s)
2026-10-10T07:41:34.3430886Z === RUN   TestAC13ColdStartPageOverEndsOnEntryContentNotTheProbe
2026-10-10T07:41:34.3431457Z     panel_pageover_33r10_windows_test.go:246: AC#13 33-r10 capture: probe document is 136 byte(s), round trip rtMs=0
2026-10-10T07:41:34.3432028Z     panel_pageover_33r10_windows_test.go:248: AC#13 33-r10 world: embed resolves 1068 entry byte(s), 1 element id(s) [root]
2026-10-10T07:41:34.3432739Z     panel_pageover_33r10_windows_test.go:279: AC#13 33-r10 read: last document 1068 byte(s), 1 of 1 entry id(s) present, entry bytes carried=true
2026-10-10T07:41:34.3433557Z --- PASS: TestAC13ColdStartPageOverEndsOnEntryContentNotTheProbe (0.00s)
2026-10-10T07:41:34.3433790Z === RUN   TestRunBooksWithASnapshotOfItsLiveQueue
2026-10-10T07:41:34.3434294Z time=2026-10-10T07:36:02.028Z level=WARN msg="goroutine outside the D38 roster (leak symptom)" goroutine=mockllm-stdout-reader owner=test
2026-10-10T07:41:34.3435156Z time=2026-10-10T07:36:02.043Z level=INFO msg="wisp: persistent log sink installed" dir=C:\Users\RUNNER~1\AppData\Local\Temp\TestRunBooksWithASnapshotOfItsLiveQueue2139213067\002\logs min_level=info early_records=0 early_dropped=0
2026-10-10T07:41:34.3435490Z 2026/10/10 07:36:02 mockllm: serving on http://127.0.0.1:55141 (golden dir D:\a\wisp\wisp\internal\llm\testdata\golden)
2026-10-10T07:41:34.3436135Z time=2026-10-10T07:36:02.072Z level=INFO msg="pre-migration backup written" component=memory backup=C:\Users\RUNNER~1\AppData\Local\Temp\TestRunBooksWithASnapshotOfItsLiveQueue2139213067\002\backup\wisp.db.bak-0-1 from=0 to=1
2026-10-10T07:41:34.3436547Z time=2026-10-10T07:36:02.083Z level=INFO msg="schema migration step applied" component=memory from=0 to=1 started_at=2026-10-10T07:36:02Z duration_ms=10
2026-10-10T07:41:34.3437321Z time=2026-10-10T07:36:02.106Z level=INFO msg="pre-migration backup written" component=memory backup=C:\Users\RUNNER~1\AppData\Local\Temp\TestRunBooksWithASnapshotOfItsLiveQueue2139213067\002\backup\wisp.db.bak-1-2 from=1 to=2
2026-10-10T07:41:34.3437730Z time=2026-10-10T07:36:02.115Z level=INFO msg="schema migration step applied" component=memory from=1 to=2 started_at=2026-10-10T07:36:02Z duration_ms=9
2026-10-10T07:41:34.3438023Z time=2026-10-10T07:36:02.130Z level=INFO msg="schema migration complete" component=memory schema_version=2
2026-10-10T07:41:34.3438388Z time=2026-10-10T07:36:02.132Z level=INFO msg="startup WAL checkpoint (TRUNCATE) done" component=memory wal_pages_before=0 pages_moved=0
2026-10-10T07:41:34.3438991Z     panel_pump_test.go:218: booked record: map[at:2026-10-10T07:36:02Z bytes:1652 depth:1 mode:ask_high_risk pending:pump-corr results:0/0 sha256:74aedf4939852b0a ws:unset]
2026-10-10T07:41:34.3443924Z     panel_pump_test.go:219: packet bytes (1652): {"pending":[{"correlationId":"pump-corr","tool":"fs.read","args":["{\"path\":\"C:/Windows/win.ini\"}"],"level":"L2","rulesHit":["R2"],"reason":"R2: 目标路径在授权目录之外: C:\\Windows\\win.ini","reasonKnown":true,"sessionOverrideBlocked":false,"callChain":[],"decidedBy":"native"}],"results":[],"composer":{"mode":{"current":"ask_high_risk","names":["ask_every_step","ask_high_risk","auto_approve"],"l2ConfirmNames":["auto_approve"]},"workspace":{"set":false,"spelling":"","canonical":"","reparse":false,"rewritten":false,"reason":"未选择工作区：本轮按 [fs] allowed_dirs 授权的目录判定"},"attachments":[],"acceptedAttachmentMimes":["image/png","image/jpeg","image/gif","image/webp","video/mp4","video/quicktime"],"maxAttachmentBytes":67108864,"attachmentError":"","git":{"kind":"unreadable","reason":"本轮未选择工作区，git 这一维没有可探测的目录","branch":"","detachedSha":"","isDetached":false,"repoRoot":"","currentWorktree":"","worktrees":[],"branches":[],"switchBlocked":"切换分支／切换工作树今天不可用：网页到宿主的那一跳还没有落地（无 postMessage 接收器、无 router、无 WebView2 宿主），面板只有快照这一条出向通道"},"currentModel":"m1","modelKnown":true,"credentialState":"all_recorded","credentialKnown":true},"generatedAt":"2026-10-10T07:36:02Z","instructions":{"status":"not_run","reason":"加载器已经接线，但这一轮还没有跑过加载，所以这里是没有读数，不是没有说明文件。","files":[]},"tasks":{"rows":[],"inFlightSlots":0,"poolCap":4,"streamTruncated":false,"streamElidedRunes":0,"droppedStreamKeys":[]}}
2026-10-10T07:41:34.3444130Z --- PASS: TestRunBooksWithASnapshotOfItsLiveQueue (32.02s)
2026-10-10T07:41:34.3444317Z === RUN   TestSnapshotWorkspaceSectionReportsTheNarrowing
2026-10-10T07:41:34.3444694Z time=2026-10-10T07:36:34.024Z level=WARN msg="goroutine outside the D38 roster (leak symptom)" goroutine=mockllm-stdout-reader owner=test
2026-10-10T07:41:34.3445671Z time=2026-10-10T07:36:34.039Z level=INFO msg="wisp: persistent log sink installed" dir=C:\Users\RUNNER~1\AppData\Local\Temp\TestSnapshotWorkspaceSectionReportsTheNarrowing988409218\002\logs min_level=info early_records=0 early_dropped=0
2026-10-10T07:41:34.3446161Z 2026/10/10 07:36:34 mockllm: serving on http://127.0.0.1:55156 (golden dir D:\a\wisp\wisp\internal\llm\testdata\golden)
2026-10-10T07:41:34.3446957Z time=2026-10-10T07:36:34.066Z level=INFO msg="pre-migration backup written" component=memory backup=C:\Users\RUNNER~1\AppData\Local\Temp\TestSnapshotWorkspaceSectionReportsTheNarrowing988409218\002\backup\wisp.db.bak-0-1 from=0 to=1
2026-10-10T07:41:34.3447353Z time=2026-10-10T07:36:34.077Z level=INFO msg="schema migration step applied" component=memory from=0 to=1 started_at=2026-10-10T07:36:34Z duration_ms=11
2026-10-10T07:41:34.3448009Z time=2026-10-10T07:36:34.101Z level=INFO msg="pre-migration backup written" component=memory backup=C:\Users\RUNNER~1\AppData\Local\Temp\TestSnapshotWorkspaceSectionReportsTheNarrowing988409218\002\backup\wisp.db.bak-1-2 from=1 to=2
2026-10-10T07:41:34.3448480Z time=2026-10-10T07:36:34.108Z level=INFO msg="schema migration step applied" component=memory from=1 to=2 started_at=2026-10-10T07:36:34Z duration_ms=6
2026-10-10T07:41:34.3448875Z time=2026-10-10T07:36:34.123Z level=INFO msg="schema migration complete" component=memory schema_version=2
2026-10-10T07:41:34.3449576Z time=2026-10-10T07:36:34.124Z level=INFO msg="startup WAL checkpoint (TRUNCATE) done" component=memory wal_pages_before=0 pages_moved=0
2026-10-10T07:41:34.3450158Z     panel_pump_test.go:389: fold-key finding did not reproduce on this run: the two spellings came out identical
2026-10-10T07:41:34.3450484Z --- PASS: TestSnapshotWorkspaceSectionReportsTheNarrowing (1.00s)
2026-10-10T07:41:34.3450669Z === RUN   TestThePumpIsDrivenNotJustAssembled
2026-10-10T07:41:34.3451128Z time=2026-10-10T07:36:35.033Z level=WARN msg="goroutine outside the D38 roster (leak symptom)" goroutine=mockllm-stdout-reader owner=test
2026-10-10T07:41:34.3451835Z time=2026-10-10T07:36:35.047Z level=INFO msg="wisp: persistent log sink installed" dir=C:\Users\RUNNER~1\AppData\Local\Temp\TestThePumpIsDrivenNotJustAssembled789337317\002\logs min_level=info early_records=0 early_dropped=0
2026-10-10T07:41:34.3452139Z 2026/10/10 07:36:35 mockllm: serving on http://127.0.0.1:55158 (golden dir D:\a\wisp\wisp\internal\llm\testdata\golden)
2026-10-10T07:41:34.3452729Z time=2026-10-10T07:36:35.073Z level=INFO msg="pre-migration backup written" component=memory backup=C:\Users\RUNNER~1\AppData\Local\Temp\TestThePumpIsDrivenNotJustAssembled789337317\002\backup\wisp.db.bak-0-1 from=0 to=1
2026-10-10T07:41:34.3453356Z time=2026-10-10T07:36:35.082Z level=INFO msg="schema migration step applied" component=memory from=0 to=1 started_at=2026-10-10T07:36:35Z duration_ms=9
2026-10-10T07:41:34.3454290Z time=2026-10-10T07:36:35.108Z level=INFO msg="pre-migration backup written" component=memory backup=C:\Users\RUNNER~1\AppData\Local\Temp\TestThePumpIsDrivenNotJustAssembled789337317\002\backup\wisp.db.bak-1-2 from=1 to=2
2026-10-10T07:41:34.3454923Z time=2026-10-10T07:36:35.117Z level=INFO msg="schema migration step applied" component=memory from=1 to=2 started_at=2026-10-10T07:36:35Z duration_ms=8
2026-10-10T07:41:34.3455308Z time=2026-10-10T07:36:35.132Z level=INFO msg="schema migration complete" component=memory schema_version=2
2026-10-10T07:41:34.3455877Z time=2026-10-10T07:36:35.134Z level=INFO msg="startup WAL checkpoint (TRUNCATE) done" component=memory wal_pages_before=0 pages_moved=0
2026-10-10T07:41:34.3456134Z --- PASS: TestThePumpIsDrivenNotJustAssembled (1.00s)
2026-10-10T07:41:34.3456355Z === RUN   TestTicket255r1ReshowSendsTheResolvedPairThroughDispatch
2026-10-10T07:41:34.3456665Z === RUN   TestTicket255r1ReshowSendsTheResolvedPairThroughDispatch/the_configured_pair_goes_out_as_it_stands
2026-10-10T07:41:34.3457054Z === RUN   TestTicket255r1ReshowSendsTheResolvedPairThroughDispatch/height_0_keeps_the_host's_260,_the_same_rule_the_create_uses
2026-10-10T07:41:34.3457416Z === RUN   TestTicket255r1ReshowSendsTheResolvedPairThroughDispatch/width_0_falls_back_to_the_host_constant,_not_to_a_guess
2026-10-10T07:41:34.3457763Z === RUN   TestTicket255r1ReshowSendsTheResolvedPairThroughDispatch/an_unreadable_config_answers_the_host_constants
2026-10-10T07:41:34.3458107Z === RUN   TestTicket255r1ReshowSendsTheResolvedPairThroughDispatch/a_negative_answer_resolves_the_way_the_create_resolves_it
2026-10-10T07:41:34.3458445Z === RUN   TestTicket255r1ReshowSendsTheResolvedPairThroughDispatch/a_host_nobody_sized_sends_nothing_at_all
2026-10-10T07:41:34.3458686Z --- PASS: TestTicket255r1ReshowSendsTheResolvedPairThroughDispatch (0.00s)
2026-10-10T07:41:34.3459102Z     --- PASS: TestTicket255r1ReshowSendsTheResolvedPairThroughDispatch/the_configured_pair_goes_out_as_it_stands (0.00s)
2026-10-10T07:41:34.3459549Z     --- PASS: TestTicket255r1ReshowSendsTheResolvedPairThroughDispatch/height_0_keeps_the_host's_260,_the_same_rule_the_create_uses (0.00s)
2026-10-10T07:41:34.3460010Z     --- PASS: TestTicket255r1ReshowSendsTheResolvedPairThroughDispatch/width_0_falls_back_to_the_host_constant,_not_to_a_guess (0.00s)
2026-10-10T07:41:34.3460440Z     --- PASS: TestTicket255r1ReshowSendsTheResolvedPairThroughDispatch/an_unreadable_config_answers_the_host_constants (0.00s)
2026-10-10T07:41:34.3460896Z     --- PASS: TestTicket255r1ReshowSendsTheResolvedPairThroughDispatch/a_negative_answer_resolves_the_way_the_create_resolves_it (0.00s)
2026-10-10T07:41:34.3461373Z     --- PASS: TestTicket255r1ReshowSendsTheResolvedPairThroughDispatch/a_host_nobody_sized_sends_nothing_at_all (0.00s)
2026-10-10T07:41:34.3461570Z === RUN   TestTicket255r1ShowOnAnExistingWindowSendsTheResize
2026-10-10T07:41:34.3461794Z --- PASS: TestTicket255r1ShowOnAnExistingWindowSendsTheResize (0.00s)
2026-10-10T07:41:34.3461963Z === RUN   TestTicket255r1SinkTellsDispatchFromABareCall
2026-10-10T07:41:34.3462135Z --- PASS: TestTicket255r1SinkTellsDispatchFromABareCall (0.00s)
2026-10-10T07:41:34.3462393Z === RUN   TestTicket255r1ReshowWithNoLiveControlSendsNothing
2026-10-10T07:41:34.3462607Z --- PASS: TestTicket255r1ReshowWithNoLiveControlSendsNothing (0.00s)
2026-10-10T07:41:34.3462780Z === RUN   TestTicket255r1ShowAsksForGeometryOnlyOnTheReshowBranch
2026-10-10T07:41:34.3463008Z --- PASS: TestTicket255r1ShowAsksForGeometryOnlyOnTheReshowBranch (0.00s)
2026-10-10T07:41:34.3463235Z === RUN   TestTicket255r1HostResizeCallSiteAsksForHintNoneAndIsTheOnlyOne
2026-10-10T07:41:34.3463490Z --- PASS: TestTicket255r1HostResizeCallSiteAsksForHintNoneAndIsTheOnlyOne (0.00s)
2026-10-10T07:41:34.3463648Z === RUN   TestAC13ColdStartEndsOnTheEmbeddedEntryNotTheProbe
2026-10-10T07:41:34.3463996Z     panel_resident_windows_test.go:315: AC#13 probes from the resolved entry (1068 bytes): 1 id(s) [root]
2026-10-10T07:41:34.3464390Z time=2026-10-10T07:36:35.170Z level=WARN msg="goroutine outside the D38 roster (leak symptom)" goroutine=panel-sta owner="panel host (ticket 33)"
2026-10-10T07:41:34.3464593Z wisp: panel window is up (test-harness, cold -1.0 ms, hot path 0.0 ms)
2026-10-10T07:41:34.3465568Z     panel_resident_windows_test.go:325: no report "ac13-probe" from the page within 15s (what DID arrive at the door: nothing at all). AC#13 cannot be decided without the page's own answer, and the three shapes that are all true with no reply (Dispatch called, Eval returned, Go-side channel closed) are not assertions
2026-10-10T07:41:34.3465877Z time=2026-10-10T07:36:55.206Z level=INFO msg="panel thread ending" why="the library pump returned" window_opened=true
2026-10-10T07:41:34.3466146Z time=2026-10-10T07:36:55.206Z level=INFO msg="panel thread exited cleanly" shows=1 toggles=0 disposals=0
2026-10-10T07:41:34.3466362Z --- FAIL: TestAC13ColdStartEndsOnTheEmbeddedEntryNotTheProbe (20.04s)
2026-10-10T07:41:34.3466492Z === RUN   TestAC13BringUpSurvivesAReusedThreadQuit
2026-10-10T07:41:34.3467030Z     panel_resident_windows_test.go:483: AC#13 reused-thread root cause: planted one WM_QUIT on this locked thread, then ran bringUp - panicked=<nil> err=<nil> created=true
2026-10-10T07:41:34.3467555Z     panel_resident_windows_test.go:485: AC#13 reused-thread release: tid=1412 dispatched 4 message(s) before unlocking; windows left on that thread=0 queue head=empty
2026-10-10T07:41:34.3467736Z --- PASS: TestAC13BringUpSurvivesAReusedThreadQuit (5.06s)
2026-10-10T07:41:34.3467879Z === RUN   TestAC13BringUpRefusesAThreadWithAQueuedClose
2026-10-10T07:41:34.3470272Z     panel_resident_windows_test.go:569: AC#13 queued-close: tid=6072 first bringUp ok, pumped 0 to idle, Destroy left a queued close (hwnd 0x3025E, plantQueued=true), then bringUp#2 err=panel host: refusing to create the panel window: this thread still has an undispatched WM_CLOSE queued for hwnd 0x3025E. The library's create pump would dispatch it before the control exists and end its own GetMessageW loop (pkg/edge chromium.go:96-111, webview.go:242-243 + 381-383); measured 3/3 panic on a planted thread. The thread's owner must dispatch its queue to empty - purging without dispatching leaks the prior window and can swallow this create's own completion message created=false; the close was still queued after the refusal=true; released with windows=0 queue head=empty
2026-10-10T07:41:34.3470477Z --- PASS: TestAC13BringUpRefusesAThreadWithAQueuedClose (5.02s)
2026-10-10T07:41:34.3470727Z === RUN   TestAC13NamedRefusalEndsThePanelThreadInsteadOfRefusingForever
2026-10-10T07:41:34.3471190Z time=2026-10-10T07:37:05.282Z level=WARN msg="goroutine outside the D38 roster (leak symptom)" goroutine=panel-sta owner="panel host (ticket 33)"
2026-10-10T07:41:34.3471923Z     panel_resident_windows_test.go:689: fifth-shape plant on the panel thread: hwnd=0x30254 live=true PostMessageW(WM_CLOSE) returned=true lastErr=The operation completed successfully. | check reads queued=true names-the-live-window=true
2026-10-10T07:41:34.3473685Z time=2026-10-10T07:37:05.317Z level=ERROR msg="panel host: show failed on the panel thread" via=33r9-nail err="panel host: refusing to create the panel window: this thread still has an undispatched WM_CLOSE queued for hwnd 0x30254. The library's create pump would dispatch it before the control exists and end its own GetMessageW loop (pkg/edge chromium.go:96-111, webview.go:242-243 + 381-383); measured 3/3 panic on a planted thread. The thread's owner must dispatch its queue to empty - purging without dispatching leaks the prior window and can swallow this create's own completion message"
2026-10-10T07:41:34.3475262Z wisp: panel could not open (panel host: refusing to create the panel window: this thread still has an undispatched WM_CLOSE queued for hwnd 0x30254. The library's create pump would dispatch it before the control exists and end its own GetMessageW loop (pkg/edge chromium.go:96-111, webview.go:242-243 + 381-383); measured 3/3 panic on a planted thread. The thread's owner must dispatch its queue to empty - purging without dispatching leaks the prior window and can swallow this create's own completion message): 33r9-nail
2026-10-10T07:41:34.3476936Z time=2026-10-10T07:37:05.317Z level=ERROR msg="panel thread: retiring without a panel window after a named refusal" via=33r9-nail err="panel host: refusing to create the panel window: this thread still has an undispatched WM_CLOSE queued for hwnd 0x30254. The library's create pump would dispatch it before the control exists and end its own GetMessageW loop (pkg/edge chromium.go:96-111, webview.go:242-243 + 381-383); measured 3/3 panic on a planted thread. The thread's owner must dispatch its queue to empty - purging without dispatching leaks the prior window and can swallow this create's own completion message" shows=1
2026-10-10T07:41:34.3478333Z wisp: panel thread will take no further requests: panel host: refusing to create the panel window: this thread still has an undispatched WM_CLOSE queued for hwnd 0x30254. The library's create pump would dispatch it before the control exists and end its own GetMessageW loop (pkg/edge chromium.go:96-111, webview.go:242-243 + 381-383); measured 3/3 panic on a planted thread. The thread's owner must dispatch its queue to empty - purging without dispatching leaks the prior window and can swallow this create's own completion message
2026-10-10T07:41:34.3478627Z time=2026-10-10T07:37:05.317Z level=INFO msg="panel thread ending" why="no window to pump" window_opened=false
2026-10-10T07:41:34.3482495Z     panel_resident_windows_test.go:759: refusal-to-retirement: settle=6.0884ms second RequestShow accepted=false in 0s | thread retired=true isFinished=true | the planted live window 0x30254 IsWindow=true | startUpErr=panel host: refusing to create the panel window: this thread still has an undispatched WM_CLOSE queued for hwnd 0x30254. The library's create pump would dispatch it before the control exists and end its own GetMessageW loop (pkg/edge chromium.go:96-111, webview.go:242-243 + 381-383); measured 3/3 panic on a planted thread. The thread's owner must dispatch its queue to empty - purging without dispatching leaks the prior window and can swallow this create's own completion message | statusLine="panel thread could not start: panel host: refusing to create the panel window: this thread still has an undispatched WM_CLOSE queued for hwnd 0x30254. The library's create pump would dispatch it before the control exists and end its own GetMessageW loop (pkg/edge chromium.go:96-111, webview.go:242-243 + 381-383); measured 3/3 panic on a planted thread. The thread's owner must dispatch its queue to empty - purging without dispatching leaks the prior window and can swallow this create's own completion message"
2026-10-10T07:41:34.3482784Z time=2026-10-10T07:37:05.321Z level=INFO msg="panel thread exited cleanly" shows=2 toggles=0 disposals=0
2026-10-10T07:41:34.3483047Z --- PASS: TestAC13NamedRefusalEndsThePanelThreadInsteadOfRefusingForever (0.04s)
2026-10-10T07:41:34.3483186Z === RUN   TestAC14AwaitedBindingReplyReachesThePage
2026-10-10T07:41:34.3483575Z time=2026-10-10T07:37:05.321Z level=WARN msg="goroutine outside the D38 roster (leak symptom)" goroutine=panel-sta owner="panel host (ticket 33)"
2026-10-10T07:41:34.3483840Z wisp: panel window is up (test-harness, cold -1.0 ms, hot path 0.0 ms)
2026-10-10T07:41:34.3485045Z     panel_resident_windows_test.go:821: no report "ac14r-0" from the page within 15s (what DID arrive at the door: nothing at all). AC#14's reply hop cannot be decided without the page's own answer, and the three shapes that are all true with no reply (Dispatch called, Eval returned, Go-side channel closed) are not assertions
2026-10-10T07:41:34.3485501Z time=2026-10-10T07:37:25.359Z level=INFO msg="panel thread ending" why="the library pump returned" window_opened=true
2026-10-10T07:41:34.3485886Z time=2026-10-10T07:37:25.360Z level=INFO msg="panel thread exited cleanly" shows=1 toggles=0 disposals=0
2026-10-10T07:41:34.3486087Z --- FAIL: TestAC14AwaitedBindingReplyReachesThePage (20.04s)
2026-10-10T07:41:34.3486241Z === RUN   TestAC14GoSideEvalPushReachesThePage
2026-10-10T07:41:34.3486767Z time=2026-10-10T07:37:25.361Z level=WARN msg="goroutine outside the D38 roster (leak symptom)" goroutine=panel-sta owner="panel host (ticket 33)"
2026-10-10T07:41:34.3487049Z wisp: panel window is up (test-harness, cold -1.0 ms, hot path 0.0 ms)
2026-10-10T07:41:34.3488501Z     panel_resident_windows_test.go:866: no report "ac14-push" from the page within 15s (what DID arrive at the door: nothing at all). AC#14's push hop cannot be decided without the page's own answer, and the three shapes that are all true with no reply (Dispatch called, Eval returned, Go-side channel closed) are not assertions
2026-10-10T07:41:34.3488977Z time=2026-10-10T07:37:45.387Z level=INFO msg="panel thread ending" why="the library pump returned" window_opened=true
2026-10-10T07:41:34.3489359Z time=2026-10-10T07:37:45.387Z level=INFO msg="panel thread exited cleanly" shows=1 toggles=0 disposals=0
2026-10-10T07:41:34.3489579Z --- FAIL: TestAC14GoSideEvalPushReachesThePage (20.03s)
2026-10-10T07:41:34.3489802Z === RUN   TestPanelThreadIsSTAAndExitsCleanly
2026-10-10T07:41:34.3490387Z time=2026-10-10T07:37:45.388Z level=WARN msg="goroutine outside the D38 roster (leak symptom)" goroutine=panel-sta owner="panel host (ticket 33)"
2026-10-10T07:41:34.3490656Z wisp: panel window is up (test-harness, cold -1.0 ms, hot path 0.0 ms)
2026-10-10T07:41:34.3491168Z time=2026-10-10T07:37:50.415Z level=INFO msg="panel thread ending" why="the library pump returned" window_opened=true
2026-10-10T07:41:34.3491603Z time=2026-10-10T07:37:50.418Z level=INFO msg="panel thread exited cleanly" shows=1 toggles=0 disposals=0
2026-10-10T07:41:34.3492155Z     panel_resident_windows_test.go:910: panel thread up and down: hwnd 0x5026a, exits observed, shows=1
2026-10-10T07:41:34.3492563Z time=2026-10-10T07:37:50.418Z level=INFO msg="panel thread exited cleanly" shows=1 toggles=0 disposals=0
2026-10-10T07:41:34.3492840Z --- PASS: TestPanelThreadIsSTAAndExitsCleanly (5.03s)
2026-10-10T07:41:34.3493090Z === RUN   TestPanelThreadNameIsNotInResidentRoster
2026-10-10T07:41:34.3493821Z --- PASS: TestPanelThreadNameIsNotInResidentRoster (0.00s)
2026-10-10T07:41:34.3494086Z === RUN   TestBallPanelGesturesReachThePanelThread
2026-10-10T07:41:34.3494686Z time=2026-10-10T07:37:50.420Z level=WARN msg="goroutine outside the D38 roster (leak symptom)" goroutine=panel-sta owner="panel host (ticket 33)"
2026-10-10T07:41:34.3494980Z wisp: panel window is up (panel-hotkey, cold -1.0 ms, hot path 0.0 ms)
2026-10-10T07:41:34.3495621Z time=2026-10-10T07:37:55.444Z level=INFO msg="panel thread ending" why="the library pump returned" window_opened=true
2026-10-10T07:41:34.3495883Z time=2026-10-10T07:37:55.445Z level=INFO msg="panel thread exited cleanly" shows=1 toggles=2 disposals=0
2026-10-10T07:41:34.3496073Z --- PASS: TestBallPanelGesturesReachThePanelThread (5.03s)
2026-10-10T07:41:34.3496236Z === RUN   TestBallGestureWithoutPanelHostStillRecords
2026-10-10T07:41:34.3497475Z time=2026-10-10T07:37:55.446Z level=WARN msg="ball gesture arrived with no executor" gesture=panel-hotkey why="no executor was handed to this ball host for this gesture; the gestures with one are the cancel key when the assembly root injected an approval gate (ticket 246), the panel gestures when it injected a panel host (ticket 33) and the two mute gestures when this process assembled a capture leg (ticket 290) - what is left is recorded by name, never invented"
2026-10-10T07:41:34.3498562Z wisp: ball panel-hotkey: no executor was handed to this ball host for this gesture; the gestures with one are the cancel key when the assembly root injected an approval gate (ticket 246), the panel gestures when it injected a panel host (ticket 33) and the two mute gestures when this process assembled a capture leg (ticket 290) - what is left is recorded by name, never invented
2026-10-10T07:41:34.3498759Z --- PASS: TestBallGestureWithoutPanelHostStillRecords (0.00s)
2026-10-10T07:41:34.3498936Z === RUN   TestAC4PriorFocusSurvivesARefusedPanelSample
2026-10-10T07:41:34.3499324Z time=2026-10-10T07:37:55.450Z level=WARN msg="goroutine outside the D38 roster (leak symptom)" goroutine=panel-sta owner="panel host (ticket 33)"
2026-10-10T07:41:34.3499496Z wisp: panel window is up (test-harness, cold -1.0 ms, hot path 0.0 ms)
2026-10-10T07:41:34.3500005Z     panel_resident_windows_test.go:996: the host recorded the ruler's own editor window 0x20272 as the prior - exactly the value a real user's editor would be
2026-10-10T07:41:34.3500316Z time=2026-10-10T07:38:00.538Z level=INFO msg="panel thread ending" why="the library pump returned" window_opened=true
2026-10-10T07:41:34.3500581Z time=2026-10-10T07:38:00.539Z level=INFO msg="panel thread exited cleanly" shows=1 toggles=0 disposals=0
2026-10-10T07:41:34.3500761Z --- PASS: TestAC4PriorFocusSurvivesARefusedPanelSample (5.09s)
2026-10-10T07:41:34.3500986Z === RUN   TestPagePostMessageEnvelopeReachesDispatchRawViaTransport
2026-10-10T07:41:34.3501406Z --- PASS: TestPagePostMessageEnvelopeReachesDispatchRawViaTransport (0.00s)
2026-10-10T07:41:34.3501622Z === RUN   TestPagePostMessageEnvelopeReachesNativeExitViaShapeA3
2026-10-10T07:41:34.3503513Z     panel_transport_35r2_test.go:1755: shape ③ delivery: nativeExitCalls=1 receiverOK=1 receiverLost=0 ignoredWrites=(none) doorRounds=1 maxPostDepth=3 capTripped=false capDepth=0 unparsable=0 unboundSlots=0 evalThrew=0 resolved=1 rejected=0 scriptThrows=[] | frame="{\"id\":1,\"method\":\"wispDispatch\",\"params\":[\"{\\\"method\\\":\\\"panel.mode.request\\\",\\\"requestId\\\":\\\"pc-1-3f2b1c0d-9e7a-4c1b-8f14-e45fceea469a\\\",\\\"source\\\":\\\"panel-composer\\\",\\\"to\\\":\\\"ask_every_step\\\"}\"]}" | door reply=""
2026-10-10T07:41:34.3503757Z --- PASS: TestPagePostMessageEnvelopeReachesNativeExitViaShapeA3 (0.00s)
2026-10-10T07:41:34.3503921Z === RUN   TestShapeA3SecondPagePostStillDelivers
2026-10-10T07:41:34.3504107Z --- PASS: TestShapeA3SecondPagePostStillDelivers (0.00s)
2026-10-10T07:41:34.3504268Z === RUN   TestShapeA3ForwardingHookIsIdempotentInOneDocument
2026-10-10T07:41:34.3504493Z --- PASS: TestShapeA3ForwardingHookIsIdempotentInOneDocument (0.00s)
2026-10-10T07:41:34.3504669Z === RUN   TestLegacySubShapeOneHookDiesInAReentryLoop
2026-10-10T07:41:34.3505883Z     panel_transport_35r2_test.go:1844: sub-shape ① under the behavioural yard: re-entered 9 levels (cap 8), native exit called 0 times, door fired 0 times, page error="RangeError: maximum call stack size exceeded - chrome.webview.postMessage re-entered 9 levels (cap 8) with the native exit called 0 times; a page in a real browser dies here"
2026-10-10T07:41:34.3506142Z --- PASS: TestLegacySubShapeOneHookDiesInAReentryLoop (0.00s)
2026-10-10T07:41:34.3506326Z === RUN   TestUnforwardedPageEnvelopeDiesAtTheUnboundSlot
2026-10-10T07:41:34.3506534Z --- PASS: TestUnforwardedPageEnvelopeDiesAtTheUnboundSlot (0.00s)
2026-10-10T07:41:34.3506718Z === RUN   TestForwardingHookMustNotLoseTheNativeExitReceiver
2026-10-10T07:41:34.3507253Z     panel_transport_35r2_test.go:1968: M-A face has teeth: 1 native-exit call, all with chrome.webview as receiver (receiverLost=0); a bare native(message) trips it
2026-10-10T07:41:34.3507550Z --- PASS: TestForwardingHookMustNotLoseTheNativeExitReceiver (0.00s)
2026-10-10T07:41:34.3507778Z === RUN   TestForwardingHookIsSilentlyUnarmedByANonWritableNativeExit
2026-10-10T07:41:34.3508282Z     panel_transport_35r2_test.go:2018: M-B1 face has teeth: non-writable world refused the hook (doorRounds=0, unboundSlots=1), writable world armed it (doorRounds=1)
2026-10-10T07:41:34.3508541Z --- PASS: TestForwardingHookIsSilentlyUnarmedByANonWritableNativeExit (0.00s)
2026-10-10T07:41:34.3508917Z === RUN   TestForwardingHookFallsBackToTheNativeExitWhenTheDoorIsAbsent
2026-10-10T07:41:34.3509704Z     panel_transport_35r2_test.go:2071: door absent: the guard's typeof half routed the page's envelope to the native exit byte-for-byte (frames=1, no throw)
2026-10-10T07:41:34.3510074Z --- PASS: TestForwardingHookFallsBackToTheNativeExitWhenTheDoorIsAbsent (0.00s)
2026-10-10T07:41:34.3510459Z === RUN   TestForwardingHookFallsBackToTheNativeExitWhenTheDoorIsNotCallable
2026-10-10T07:41:34.3511383Z     panel_transport_35r2_test.go:2140: M-B3 face has teeth: door present as typeof==="string", guard's typeof half routed the page's envelope to the native exit byte-for-byte (frames=1, no throw)
2026-10-10T07:41:34.3511807Z --- PASS: TestForwardingHookFallsBackToTheNativeExitWhenTheDoorIsNotCallable (0.00s)
2026-10-10T07:41:34.3512024Z === RUN   TestProvidersProbeRecordsMeasuredThinkingFalse
2026-10-10T07:41:34.3512571Z time=2026-10-10T07:38:01.402Z level=WARN msg="goroutine outside the D38 roster (leak symptom)" goroutine=mockllm-stdout-reader owner=test
2026-10-10T07:41:34.3513039Z 2026/10/10 07:38:01 mockllm: serving on http://127.0.0.1:51508 (golden dir D:\a\wisp\wisp\internal\llm\testdata\golden)
2026-10-10T07:41:34.3514482Z time=2026-10-10T07:38:01.435Z level=INFO msg="pre-migration backup written" component=memory backup=C:\Users\runneradmin\AppData\Local\Temp\TestProvidersProbeRecordsMeasuredThinkingFalse1533865420\002\backup\wisp.db.bak-0-1 from=0 to=1
2026-10-10T07:41:34.3515086Z time=2026-10-10T07:38:01.443Z level=INFO msg="schema migration step applied" component=memory from=0 to=1 started_at=2026-10-10T07:38:01Z duration_ms=7
2026-10-10T07:41:34.3516226Z time=2026-10-10T07:38:01.464Z level=INFO msg="pre-migration backup written" component=memory backup=C:\Users\runneradmin\AppData\Local\Temp\TestProvidersProbeRecordsMeasuredThinkingFalse1533865420\002\backup\wisp.db.bak-1-2 from=1 to=2
2026-10-10T07:41:34.3516839Z time=2026-10-10T07:38:01.472Z level=INFO msg="schema migration step applied" component=memory from=1 to=2 started_at=2026-10-10T07:38:01Z duration_ms=8
2026-10-10T07:41:34.3517251Z time=2026-10-10T07:38:01.488Z level=INFO msg="schema migration complete" component=memory schema_version=2
2026-10-10T07:41:34.3517823Z time=2026-10-10T07:38:01.488Z level=INFO msg="startup WAL checkpoint (TRUNCATE) done" component=memory wal_pages_before=0 pages_moved=0
2026-10-10T07:41:34.3518354Z time=2026-10-10T07:38:01.497Z level=INFO msg="startup WAL checkpoint (TRUNCATE) done" component=memory wal_pages_before=0 pages_moved=0
2026-10-10T07:41:34.3518684Z --- PASS: TestProvidersProbeRecordsMeasuredThinkingFalse (0.98s)
2026-10-10T07:41:34.3518952Z === RUN   TestProvidersProbeRecordsMeasuredThinkingTrue
2026-10-10T07:41:34.3519487Z time=2026-10-10T07:38:02.318Z level=WARN msg="goroutine outside the D38 roster (leak symptom)" goroutine=mockllm-stdout-reader owner=test
2026-10-10T07:41:34.3520766Z 2026/10/10 07:38:02 mockllm: serving on http://127.0.0.1:51511 (golden dir D:\a\wisp\wisp\internal\llm\testdata\golden)
2026-10-10T07:41:34.3521517Z time=2026-10-10T07:38:02.350Z level=INFO msg="pre-migration backup written" component=memory backup=C:\Users\runneradmin\AppData\Local\Temp\TestProvidersProbeRecordsMeasuredThinkingTrue3156716520\002\backup\wisp.db.bak-0-1 from=0 to=1
2026-10-10T07:41:34.3521924Z time=2026-10-10T07:38:02.357Z level=INFO msg="schema migration step applied" component=memory from=0 to=1 started_at=2026-10-10T07:38:02Z duration_ms=7
2026-10-10T07:41:34.3522587Z time=2026-10-10T07:38:02.379Z level=INFO msg="pre-migration backup written" component=memory backup=C:\Users\runneradmin\AppData\Local\Temp\TestProvidersProbeRecordsMeasuredThinkingTrue3156716520\002\backup\wisp.db.bak-1-2 from=1 to=2
2026-10-10T07:41:34.3523041Z time=2026-10-10T07:38:02.388Z level=INFO msg="schema migration step applied" component=memory from=1 to=2 started_at=2026-10-10T07:38:02Z duration_ms=9
2026-10-10T07:41:34.3523329Z time=2026-10-10T07:38:02.403Z level=INFO msg="schema migration complete" component=memory schema_version=2
2026-10-10T07:41:34.3523683Z time=2026-10-10T07:38:02.405Z level=INFO msg="startup WAL checkpoint (TRUNCATE) done" component=memory wal_pages_before=0 pages_moved=0
2026-10-10T07:41:34.3524028Z time=2026-10-10T07:38:02.412Z level=INFO msg="startup WAL checkpoint (TRUNCATE) done" component=memory wal_pages_before=0 pages_moved=0
2026-10-10T07:41:34.3524214Z --- PASS: TestProvidersProbeRecordsMeasuredThinkingTrue (0.91s)
2026-10-10T07:41:34.3524395Z === RUN   TestProvidersDiscoverListsWhatTheServerServes
2026-10-10T07:41:34.3524760Z time=2026-10-10T07:38:03.268Z level=WARN msg="goroutine outside the D38 roster (leak symptom)" goroutine=mockllm-stdout-reader owner=test
2026-10-10T07:41:34.3525082Z 2026/10/10 07:38:03 mockllm: serving on http://127.0.0.1:51515 (golden dir D:\a\wisp\wisp\internal\llm\testdata\golden)
2026-10-10T07:41:34.3525733Z time=2026-10-10T07:38:03.301Z level=INFO msg="pre-migration backup written" component=memory backup=C:\Users\runneradmin\AppData\Local\Temp\TestProvidersDiscoverListsWhatTheServerServes1348730136\002\backup\wisp.db.bak-0-1 from=0 to=1
2026-10-10T07:41:34.3526127Z time=2026-10-10T07:38:03.309Z level=INFO msg="schema migration step applied" component=memory from=0 to=1 started_at=2026-10-10T07:38:03Z duration_ms=7
2026-10-10T07:41:34.3526804Z time=2026-10-10T07:38:03.331Z level=INFO msg="pre-migration backup written" component=memory backup=C:\Users\runneradmin\AppData\Local\Temp\TestProvidersDiscoverListsWhatTheServerServes1348730136\002\backup\wisp.db.bak-1-2 from=1 to=2
2026-10-10T07:41:34.3527194Z time=2026-10-10T07:38:03.340Z level=INFO msg="schema migration step applied" component=memory from=1 to=2 started_at=2026-10-10T07:38:03Z duration_ms=9
2026-10-10T07:41:34.3527441Z time=2026-10-10T07:38:03.356Z level=INFO msg="schema migration complete" component=memory schema_version=2
2026-10-10T07:41:34.3527809Z time=2026-10-10T07:38:03.358Z level=INFO msg="startup WAL checkpoint (TRUNCATE) done" component=memory wal_pages_before=0 pages_moved=0
2026-10-10T07:41:34.3528019Z --- PASS: TestProvidersDiscoverListsWhatTheServerServes (0.93s)
2026-10-10T07:41:34.3528222Z === RUN   TestProvidersProbeUnconfiguredRefIsNotSilentlyKeyless
2026-10-10T07:41:34.3528558Z time=2026-10-10T07:38:04.169Z level=WARN msg="goroutine outside the D38 roster (leak symptom)" goroutine=mockllm-stdout-reader owner=test
2026-10-10T07:41:34.3528858Z 2026/10/10 07:38:04 mockllm: serving on http://127.0.0.1:51518 (golden dir D:\a\wisp\wisp\internal\llm\testdata\golden)
2026-10-10T07:41:34.3529567Z time=2026-10-10T07:38:04.199Z level=INFO msg="pre-migration backup written" component=memory backup=C:\Users\runneradmin\AppData\Local\Temp\TestProvidersProbeUnconfiguredRefIsNotSilentlyKeyless1176298423\002\backup\wisp.db.bak-0-1 from=0 to=1
2026-10-10T07:41:34.3529956Z time=2026-10-10T07:38:04.208Z level=INFO msg="schema migration step applied" component=memory from=0 to=1 started_at=2026-10-10T07:38:04Z duration_ms=9
2026-10-10T07:41:34.3530855Z time=2026-10-10T07:38:04.228Z level=INFO msg="pre-migration backup written" component=memory backup=C:\Users\runneradmin\AppData\Local\Temp\TestProvidersProbeUnconfiguredRefIsNotSilentlyKeyless1176298423\002\backup\wisp.db.bak-1-2 from=1 to=2
2026-10-10T07:41:34.3531473Z time=2026-10-10T07:38:04.235Z level=INFO msg="schema migration step applied" component=memory from=1 to=2 started_at=2026-10-10T07:38:04Z duration_ms=7
2026-10-10T07:41:34.3531889Z time=2026-10-10T07:38:04.252Z level=INFO msg="schema migration complete" component=memory schema_version=2
2026-10-10T07:41:34.3532520Z time=2026-10-10T07:38:04.253Z level=INFO msg="startup WAL checkpoint (TRUNCATE) done" component=memory wal_pages_before=0 pages_moved=0
2026-10-10T07:41:34.3532764Z --- PASS: TestProvidersProbeUnconfiguredRefIsNotSilentlyKeyless (0.89s)
2026-10-10T07:41:34.3532914Z === RUN   TestAC246CancelGestureUsesTheInjectedExecutor
2026-10-10T07:41:34.3533279Z time=2026-10-10T07:38:04.263Z level=INFO msg="ball: the cancel key was handled by the injected approval gate" outcome="injected executor ran"
2026-10-10T07:41:34.3533414Z wisp: injected executor ran
2026-10-10T07:41:34.3533850Z time=2026-10-10T07:38:04.263Z level=WARN msg="cancel hotkey fired with no executor" why="the assembly root injected no approval gate into this leg, so the borrow cannot be spent"
2026-10-10T07:41:34.3534401Z wisp: ball cancel-hotkey: no approval gate was injected into this process, so the press decided nothing
2026-10-10T07:41:34.3534667Z --- PASS: TestAC246CancelGestureUsesTheInjectedExecutor (0.00s)
2026-10-10T07:41:34.3534956Z === RUN   TestAC246EscChannelStaysUnloadedWithoutABallWindow
2026-10-10T07:41:34.3536317Z time=2026-10-10T07:38:04.264Z level=INFO msg="resident gate: [risk] tier taken at construction" provenance="defaults (no host config view)" config_path="(no host config view)" window_sec_read=0 confirm_timeout_sec_read=0 gate_window=3s gate_queue_timeout=5m0s scope="construction time only: approval.Gate and Queue copy these in New and nothing re-applies them (ticket 256)"
2026-10-10T07:41:34.3536870Z time=2026-10-10T07:38:04.264Z level=INFO msg="audit: resident-approval: 审批门已装配，但本进程没有悬浮球窗口，四条否决通道全部保持未加载（取消键无处可借，卡片无处可呈）"
2026-10-10T07:41:34.3537169Z wisp: [audit] resident-approval: 审批门已装配，但本进程没有悬浮球窗口，四条否决通道全部保持未加载（取消键无处可借，卡片无处可呈）
2026-10-10T07:41:34.3537398Z --- PASS: TestAC246EscChannelStaysUnloadedWithoutABallWindow (0.00s)
2026-10-10T07:41:34.3537579Z === RUN   TestAC246CardWithNoWindowFailsClosedThroughTheRealGate
2026-10-10T07:41:34.3538589Z time=2026-10-10T07:38:04.264Z level=INFO msg="resident gate: [risk] tier taken at construction" provenance="defaults (no host config view)" config_path="(no host config view)" window_sec_read=0 confirm_timeout_sec_read=0 gate_window=3s gate_queue_timeout=5m0s scope="construction time only: approval.Gate and Queue copy these in New and nothing re-applies them (ticket 256)"
2026-10-10T07:41:34.3538997Z time=2026-10-10T07:38:04.264Z level=INFO msg="audit: resident-approval: 审批门已装配，但本进程没有悬浮球窗口，四条否决通道全部保持未加载（取消键无处可借，卡片无处可呈）"
2026-10-10T07:41:34.3539634Z wisp: [audit] resident-approval: 审批门已装配，但本进程没有悬浮球窗口，四条否决通道全部保持未加载（取消键无处可借，卡片无处可呈）
2026-10-10T07:41:34.3540135Z time=2026-10-10T07:38:04.264Z level=ERROR msg="approval: 卡片无处呈现（本进程没有悬浮球窗口），已 fail-closed 拒绝" corr=host:246-no-window tool=resident.confirmation level=L1
2026-10-10T07:41:34.3540584Z time=2026-10-10T07:38:04.264Z level=INFO msg="audit: approval: L1 prompt failed corr=host:246-no-window tool=resident.confirmation: 常驻进程没有悬浮球窗口，卡片无处呈现"
2026-10-10T07:41:34.3540961Z wisp: [audit] approval: L1 prompt failed corr=host:246-no-window tool=resident.confirmation: 常驻进程没有悬浮球窗口，卡片无处呈现
2026-10-10T07:41:34.3541287Z --- PASS: TestAC246CardWithNoWindowFailsClosedThroughTheRealGate (0.00s)
2026-10-10T07:41:34.3541489Z === RUN   TestAC246CancelStepHookRunsOnTheRealShutdownSequence
2026-10-10T07:41:34.3542473Z time=2026-10-10T07:38:04.265Z level=INFO msg="resident gate: [risk] tier taken at construction" provenance="defaults (no host config view)" config_path="(no host config view)" window_sec_read=0 confirm_timeout_sec_read=0 gate_window=3s gate_queue_timeout=5m0s scope="construction time only: approval.Gate and Queue copy these in New and nothing re-applies them (ticket 256)"
2026-10-10T07:41:34.3542781Z time=2026-10-10T07:38:04.265Z level=INFO msg="shutdown step skipped (module not present)" step=1 name=scheduler-close
2026-10-10T07:41:34.3543086Z time=2026-10-10T07:38:04.265Z level=INFO msg="shutdown step skipped (module not present)" step=2 name=stop-hotkey-kws
2026-10-10T07:41:34.3543514Z time=2026-10-10T07:38:04.265Z level=INFO msg="audit: resident-approval: 退出第 3 步完成：拒绝待批卡片 0 张、作废 L1 窗口 0 张、路由失败 0 张；任务根已取消，无等待残留"
2026-10-10T07:41:34.3543783Z wisp: [audit] resident-approval: 退出第 3 步完成：拒绝待批卡片 0 张、作废 L1 窗口 0 张、路由失败 0 张；任务根已取消，无等待残留
2026-10-10T07:41:34.3544099Z time=2026-10-10T07:38:04.265Z level=INFO msg="shutdown step skipped (module not present)" step=4 name=stop-audio
2026-10-10T07:41:34.3544445Z time=2026-10-10T07:38:04.265Z level=INFO msg="shutdown step skipped (module not present)" step=5 name=release-speech-sessions
2026-10-10T07:41:34.3544769Z time=2026-10-10T07:38:04.265Z level=INFO msg="shutdown step skipped (module not present)" step=6 name=destroy-panel-webview
2026-10-10T07:41:34.3545062Z time=2026-10-10T07:38:04.265Z level=INFO msg="shutdown step skipped (module not present)" step=7 name=flush-logs-close-db
2026-10-10T07:41:34.3545301Z --- PASS: TestAC246CancelStepHookRunsOnTheRealShutdownSequence (0.00s)
2026-10-10T07:41:34.3545490Z === RUN   TestAC246ShippedResidentProcessOwnsItsCancelStep
2026-10-10T07:41:34.3546166Z     resident_approval_246_windows_test.go:244: resident sink C:\Users\RUNNER~1\AppData\Local\Temp\TestAC246ShippedResidentProcessOwnsItsCancelStep4173780601\002\logs: 1 file(s), 22 record(s)
2026-10-10T07:41:34.3546356Z --- PASS: TestAC246ShippedResidentProcessOwnsItsCancelStep (2.97s)
2026-10-10T07:41:34.3546528Z === RUN   TestAC246ChannelNeedsBothWindowAndExecutor
2026-10-10T07:41:34.3547524Z time=2026-10-10T07:38:07.238Z level=INFO msg="resident gate: [risk] tier taken at construction" provenance="defaults (no host config view)" config_path="(no host config view)" window_sec_read=0 confirm_timeout_sec_read=0 gate_window=3s gate_queue_timeout=5m0s scope="construction time only: approval.Gate and Queue copy these in New and nothing re-applies them (ticket 256)"
2026-10-10T07:41:34.3548078Z time=2026-10-10T07:38:07.259Z level=INFO msg="cancel hotkey left unbound while idle: the configured key is borrowed only during Confirming and handed back at session end (ticket 245)" hotkey=cancel binding=Esc
2026-10-10T07:41:34.3550139Z time=2026-10-10T07:38:07.265Z level=INFO msg="ball: the resident leg created the floating ball window" hotkeys_provenance="no host config view" hotkeys_live=3 hotkeys="summon=Ctrl+Alt+Q live, mute=Ctrl+Alt+M live, cancel=Esc not bound while idle (cancel is borrowed only during Confirming), panel=Ctrl+Alt+P live" gestures="recorded only except the ones the assembly root hands an executor for: the cancel key (ticket 246) and the panel gestures (ticket 33); the two mute gestures turn this process's capture gate once that leg is assembled (ticket 290 - this line prints before the attach, because the ball is built first), and D43's four veto channels stay reduced here to the one the assembly root injected"
2026-10-10T07:41:34.3550568Z time=2026-10-10T07:38:07.265Z level=INFO msg="audit: resident-approval: 本进程有悬浮球窗口，但装配根没有注入取消执行者，取消键通道保持未加载（advertise 一枚按不动的键＝B1 禁止的形状）"
2026-10-10T07:41:34.3550892Z wisp: [audit] resident-approval: 本进程有悬浮球窗口，但装配根没有注入取消执行者，取消键通道保持未加载（advertise 一枚按不动的键＝B1 禁止的形状）
2026-10-10T07:41:34.3551280Z time=2026-10-10T07:38:07.267Z level=INFO msg="ball: resident leg destroyed the ball window, its tray icon and its hotkeys"
2026-10-10T07:41:34.3552271Z time=2026-10-10T07:38:07.267Z level=INFO msg="resident gate: [risk] tier taken at construction" provenance="defaults (no host config view)" config_path="(no host config view)" window_sec_read=0 confirm_timeout_sec_read=0 gate_window=3s gate_queue_timeout=5m0s scope="construction time only: approval.Gate and Queue copy these in New and nothing re-applies them (ticket 256)"
2026-10-10T07:41:34.3552651Z time=2026-10-10T07:38:07.267Z level=INFO msg="audit: resident-approval: 审批门已装配，但本进程没有悬浮球窗口，四条否决通道全部保持未加载（取消键无处可借，卡片无处可呈）"
2026-10-10T07:41:34.3552902Z wisp: [audit] resident-approval: 审批门已装配，但本进程没有悬浮球窗口，四条否决通道全部保持未加载（取消键无处可借，卡片无处可呈）
2026-10-10T07:41:34.3553097Z --- PASS: TestAC246ChannelNeedsBothWindowAndExecutor (0.03s)
2026-10-10T07:41:34.3553241Z === RUN   TestAC246VetoSentenceWithNoCard
2026-10-10T07:41:34.3554524Z time=2026-10-10T07:38:07.267Z level=INFO msg="resident gate: [risk] tier taken at construction" provenance="defaults (no host config view)" config_path="(no host config view)" window_sec_read=0 confirm_timeout_sec_read=0 gate_window=3s gate_queue_timeout=5m0s scope="construction time only: approval.Gate and Queue copy these in New and nothing re-applies them (ticket 256)"
2026-10-10T07:41:34.3554669Z --- PASS: TestAC246VetoSentenceWithNoCard (0.00s)
2026-10-10T07:41:34.3554838Z === RUN   TestAC246StatusLineSaysWhatTheLegDoesNot
2026-10-10T07:41:34.3555979Z time=2026-10-10T07:38:07.267Z level=INFO msg="resident gate: [risk] tier taken at construction" provenance="defaults (no host config view)" config_path="(no host config view)" window_sec_read=0 confirm_timeout_sec_read=0 gate_window=3s gate_queue_timeout=5m0s scope="construction time only: approval.Gate and Queue copy these in New and nothing re-applies them (ticket 256)"
2026-10-10T07:41:34.3556384Z time=2026-10-10T07:38:07.268Z level=INFO msg="audit: resident-approval: 审批门已装配，但本进程没有悬浮球窗口，四条否决通道全部保持未加载（取消键无处可借，卡片无处可呈）"
2026-10-10T07:41:34.3556639Z wisp: [audit] resident-approval: 审批门已装配，但本进程没有悬浮球窗口，四条否决通道全部保持未加载（取消键无处可借，卡片无处可呈）
2026-10-10T07:41:34.3556831Z --- PASS: TestAC246StatusLineSaysWhatTheLegDoesNot (0.00s)
2026-10-10T07:41:34.3557088Z === RUN   TestTicket256ResidentGateWithoutAHostViewRunsOnTheCompiledConstants
2026-10-10T07:41:34.3557606Z === RUN   TestTicket256ResidentGateWithoutAHostViewRunsOnTheCompiledConstants/no_host_view_at_all
2026-10-10T07:41:34.3558577Z time=2026-10-10T07:38:07.268Z level=INFO msg="resident gate: [risk] tier taken at construction" provenance="defaults (no host config view)" config_path="(no host config view)" window_sec_read=0 confirm_timeout_sec_read=0 gate_window=3s gate_queue_timeout=5m0s scope="construction time only: approval.Gate and Queue copy these in New and nothing re-applies them (ticket 256)"
2026-10-10T07:41:34.3558889Z === RUN   TestTicket256ResidentGateWithoutAHostViewRunsOnTheCompiledConstants/config.toml_missing
2026-10-10T07:41:34.3561183Z time=2026-10-10T07:38:07.268Z level=WARN msg="resident gate: [risk] source unreadable at construction; the gate falls back to the compiled approval constants" path=C:\Users\RUNNER~1\AppData\Local\Temp\TestTicket256ResidentGateWithoutAHostViewRunsOnTheCompiledConsta674745554\001\config.toml err="config: config.toml read: no file at this path yet。第 1 种拒因：文件没建：这一页与这条链都不新建 config.toml。在控制台运行一次 wisp run，第一次启动会写出全默认的首份配置（它不替你选任何模型，也不替你建任何服务商行）: open C:\\Users\\RUNNER~1\\AppData\\Local\\Temp\\TestTicket256ResidentGateWithoutAHostViewRunsOnTheCompiledConsta674745554\\001\\config.toml: The system cannot find the file specified." fallback="DefaultApprovalTimeout=300s / DefaultL1Window=3s"
2026-10-10T07:41:34.3562534Z time=2026-10-10T07:38:07.268Z level=INFO msg="resident gate: [risk] tier taken at construction" provenance="defaults (config.toml unreadable)" config_path=C:\Users\RUNNER~1\AppData\Local\Temp\TestTicket256ResidentGateWithoutAHostViewRunsOnTheCompiledConsta674745554\001\config.toml window_sec_read=0 confirm_timeout_sec_read=0 gate_window=3s gate_queue_timeout=5m0s scope="construction time only: approval.Gate and Queue copy these in New and nothing re-applies them (ticket 256)"
2026-10-10T07:41:34.3563771Z time=2026-10-10T07:38:07.269Z level=INFO msg="resident gate: [risk] tier taken at construction" provenance=config config_path=C:\Users\RUNNER~1\AppData\Local\Temp\TestTicket256ResidentGateWithoutAHostViewRunsOnTheCompiledConsta674745554\001\config.toml window_sec_read=2 confirm_timeout_sec_read=45 gate_window=2s gate_queue_timeout=45s scope="construction time only: approval.Gate and Queue copy these in New and nothing re-applies them (ticket 256)"
2026-10-10T07:41:34.3564758Z time=2026-10-10T07:38:07.270Z level=INFO msg="resident gate: [risk] tier taken at construction" provenance="defaults (no host config view)" config_path="(no host config view)" window_sec_read=0 confirm_timeout_sec_read=0 gate_window=3s gate_queue_timeout=5m0s scope="construction time only: approval.Gate and Queue copy these in New and nothing re-applies them (ticket 256)"
2026-10-10T07:41:34.3565733Z time=2026-10-10T07:38:07.270Z level=INFO msg="resident gate: [risk] tier taken at construction" provenance="defaults (no host config view)" config_path="(no host config view)" window_sec_read=0 confirm_timeout_sec_read=0 gate_window=3s gate_queue_timeout=5m0s scope="construction time only: approval.Gate and Queue copy these in New and nothing re-applies them (ticket 256)"
2026-10-10T07:41:34.3565990Z --- PASS: TestTicket256ResidentGateWithoutAHostViewRunsOnTheCompiledConstants (0.00s)
2026-10-10T07:41:34.3566395Z     --- PASS: TestTicket256ResidentGateWithoutAHostViewRunsOnTheCompiledConstants/no_host_view_at_all (0.00s)
2026-10-10T07:41:34.3566790Z     --- PASS: TestTicket256ResidentGateWithoutAHostViewRunsOnTheCompiledConstants/config.toml_missing (0.00s)
2026-10-10T07:41:34.3567013Z === RUN   TestTicket256ResidentGateTakesTheSeededRiskTimeoutAndWindow
2026-10-10T07:41:34.3567480Z === RUN   TestTicket256ResidentGateTakesTheSeededRiskTimeoutAndWindow/timeout_only_-_the_window_then_comes_from_the_schema_tag,_not_from_the_gate's_compiled_constant
2026-10-10T07:41:34.3568927Z time=2026-10-10T07:38:07.272Z level=INFO msg="resident gate: [risk] tier taken at construction" provenance=config config_path=C:\Users\RUNNER~1\AppData\Local\Temp\TestTicket256ResidentGateTakesTheSeededRiskTimeoutAndWindowtime3360864176\001\config.toml window_sec_read=2 confirm_timeout_sec_read=45 gate_window=2s gate_queue_timeout=45s scope="construction time only: approval.Gate and Queue copy these in New and nothing re-applies them (ticket 256)"
2026-10-10T07:41:34.3569381Z === RUN   TestTicket256ResidentGateTakesTheSeededRiskTimeoutAndWindow/window_seeded_to_2s_-_differs_from_the_pre-256_compiled_3s,_so_it_is_a_real_reading
2026-10-10T07:41:34.3570962Z time=2026-10-10T07:38:07.273Z level=INFO msg="resident gate: [risk] tier taken at construction" provenance=config config_path=C:\Users\RUNNER~1\AppData\Local\Temp\TestTicket256ResidentGateTakesTheSeededRiskTimeoutAndWindowwind689862675\001\config.toml window_sec_read=2 confirm_timeout_sec_read=300 gate_window=2s gate_queue_timeout=5m0s scope="construction time only: approval.Gate and Queue copy these in New and nothing re-applies them (ticket 256)"
2026-10-10T07:41:34.3571451Z === RUN   TestTicket256ResidentGateTakesTheSeededRiskTimeoutAndWindow/both_seeded
2026-10-10T07:41:34.3574990Z time=2026-10-10T07:38:07.275Z level=INFO msg="resident gate: [risk] tier taken at construction" provenance=config config_path=C:\Users\RUNNER~1\AppData\Local\Temp\TestTicket256ResidentGateTakesTheSeededRiskTimeoutAndWindowboth3634023026\001\config.toml window_sec_read=2 confirm_timeout_sec_read=45 gate_window=2s gate_queue_timeout=45s scope="construction time only: approval.Gate and Queue copy these in New and nothing re-applies them (ticket 256)"
2026-10-10T07:41:34.3575411Z === RUN   TestTicket256ResidentGateTakesTheSeededRiskTimeoutAndWindow/window_way_too_large_-_reverse_control,_the_clamp_must_survive
2026-10-10T07:41:34.3576676Z time=2026-10-10T07:38:07.277Z level=INFO msg="resident gate: [risk] tier taken at construction" provenance=config config_path=C:\Users\RUNNER~1\AppData\Local\Temp\TestTicket256ResidentGateTakesTheSeededRiskTimeoutAndWindowwind2167997020\001\config.toml window_sec_read=99 confirm_timeout_sec_read=300 gate_window=3s gate_queue_timeout=5m0s scope="construction time only: approval.Gate and Queue copy these in New and nothing re-applies them (ticket 256)"
2026-10-10T07:41:34.3577094Z === RUN   TestTicket256ResidentGateTakesTheSeededRiskTimeoutAndWindow/window_below_the_floor_-_reverse_control,_the_clamp_must_survive
2026-10-10T07:41:34.3578358Z time=2026-10-10T07:38:07.279Z level=INFO msg="resident gate: [risk] tier taken at construction" provenance=config config_path=C:\Users\RUNNER~1\AppData\Local\Temp\TestTicket256ResidentGateTakesTheSeededRiskTimeoutAndWindowwind1204418883\001\config.toml window_sec_read=1 confirm_timeout_sec_read=300 gate_window=2s gate_queue_timeout=5m0s scope="construction time only: approval.Gate and Queue copy these in New and nothing re-applies them (ticket 256)"
2026-10-10T07:41:34.3578613Z --- PASS: TestTicket256ResidentGateTakesTheSeededRiskTimeoutAndWindow (0.01s)
2026-10-10T07:41:34.3579226Z     --- PASS: TestTicket256ResidentGateTakesTheSeededRiskTimeoutAndWindow/timeout_only_-_the_window_then_comes_from_the_schema_tag,_not_from_the_gate's_compiled_constant (0.00s)
2026-10-10T07:41:34.3579765Z     --- PASS: TestTicket256ResidentGateTakesTheSeededRiskTimeoutAndWindow/window_seeded_to_2s_-_differs_from_the_pre-256_compiled_3s,_so_it_is_a_real_reading (0.00s)
2026-10-10T07:41:34.3580100Z     --- PASS: TestTicket256ResidentGateTakesTheSeededRiskTimeoutAndWindow/both_seeded (0.00s)
2026-10-10T07:41:34.3580606Z     --- PASS: TestTicket256ResidentGateTakesTheSeededRiskTimeoutAndWindow/window_way_too_large_-_reverse_control,_the_clamp_must_survive (0.00s)
2026-10-10T07:41:34.3581107Z     --- PASS: TestTicket256ResidentGateTakesTheSeededRiskTimeoutAndWindow/window_below_the_floor_-_reverse_control,_the_clamp_must_survive (0.00s)
2026-10-10T07:41:34.3581301Z === RUN   TestTicket256ResidentGateRiskValuesAreConstructionTimeOnly
2026-10-10T07:41:34.3582945Z time=2026-10-10T07:38:07.281Z level=INFO msg="resident gate: [risk] tier taken at construction" provenance=config config_path=C:\Users\RUNNER~1\AppData\Local\Temp\TestTicket256ResidentGateRiskValuesAreConstructionTimeOnly3425416275\001\config.toml window_sec_read=2 confirm_timeout_sec_read=45 gate_window=2s gate_queue_timeout=45s scope="construction time only: approval.Gate and Queue copy these in New and nothing re-applies them (ticket 256)"
2026-10-10T07:41:34.3584169Z time=2026-10-10T07:38:07.281Z level=INFO msg="resident gate: [risk] tier taken at construction" provenance=config config_path=C:\Users\RUNNER~1\AppData\Local\Temp\TestTicket256ResidentGateRiskValuesAreConstructionTimeOnly3425416275\001\config.toml window_sec_read=2 confirm_timeout_sec_read=90 gate_window=2s gate_queue_timeout=1m30s scope="construction time only: approval.Gate and Queue copy these in New and nothing re-applies them (ticket 256)"
2026-10-10T07:41:34.3584505Z --- PASS: TestTicket256ResidentGateRiskValuesAreConstructionTimeOnly (0.00s)
2026-10-10T07:41:34.3584721Z === RUN   TestTicket256ResidentGateOptionsFieldSetIsTheFiveItClaims
2026-10-10T07:41:34.3585243Z     resident_approval_risk_256_windows_test.go:494: landing site reading: resident leg passes 6 of 10 declared approval.Options fields (was 3 of 10 before ticket 256)
2026-10-10T07:41:34.3585484Z --- PASS: TestTicket256ResidentGateOptionsFieldSetIsTheFiveItClaims (0.00s)
2026-10-10T07:41:34.3585659Z === RUN   TestTicket256ResidentBootPassesTheDataDirToTheGate
2026-10-10T07:41:34.3585845Z --- PASS: TestTicket256ResidentBootPassesTheDataDirToTheGate (0.00s)
2026-10-10T07:41:34.3586090Z === RUN   TestTicket268ResidentGateNamesRefusedConfigApartFromMissingConfig
2026-10-10T07:41:34.3588455Z time=2026-10-10T07:38:07.286Z level=WARN msg="resident gate: [risk] source unreadable at construction; the gate falls back to the compiled approval constants" path=C:\Users\RUNNER~1\AppData\Local\Temp\TestTicket268ResidentGateNamesRefusedConfigApartFromMissingConfi1656046284\001\config.toml err="config: config.toml read: no file at this path yet。第 1 种拒因：文件没建：这一页与这条链都不新建 config.toml。在控制台运行一次 wisp run，第一次启动会写出全默认的首份配置（它不替你选任何模型，也不替你建任何服务商行）: open C:\\Users\\RUNNER~1\\AppData\\Local\\Temp\\TestTicket268ResidentGateNamesRefusedConfigApartFromMissingConfi1656046284\\001\\config.toml: The system cannot find the file specified." fallback="DefaultApprovalTimeout=300s / DefaultL1Window=3s"
2026-10-10T07:41:34.3589777Z time=2026-10-10T07:38:07.286Z level=INFO msg="resident gate: [risk] tier taken at construction" provenance="defaults (config.toml unreadable)" config_path=C:\Users\RUNNER~1\AppData\Local\Temp\TestTicket268ResidentGateNamesRefusedConfigApartFromMissingConfi1656046284\001\config.toml window_sec_read=0 confirm_timeout_sec_read=0 gate_window=3s gate_queue_timeout=5m0s scope="construction time only: approval.Gate and Queue copy these in New and nothing re-applies them (ticket 256)"
2026-10-10T07:41:34.3591197Z time=2026-10-10T07:38:07.287Z level=WARN msg="resident gate: [risk] source present but refused at construction; the gate falls back to the compiled approval constants" path=C:\Users\RUNNER~1\AppData\Local\Temp\TestTicket268ResidentGateNamesRefusedConfigApartFromMissingConfi1656046284\002\config.toml err="config: config.toml: risk.confirm_timeout_sec 20 out of range [31, 3600]" provenance="defaults (config.toml present but refused at load)" fallback="DefaultApprovalTimeout=300s / DefaultL1Window=3s"
2026-10-10T07:41:34.3592304Z wisp: resident [risk]: config.toml is present but was refused at load (config: config.toml: risk.confirm_timeout_sec 20 out of range [31, 3600]); the approval gate falls back to the compiled constants (DefaultApprovalTimeout=300s / DefaultL1Window=3s), so the [risk] numbers written in that file are NOT the numbers this process runs on
2026-10-10T07:41:34.3594095Z time=2026-10-10T07:38:07.287Z level=INFO msg="resident gate: [risk] tier taken at construction" provenance="defaults (config.toml present but refused at load)" config_path=C:\Users\RUNNER~1\AppData\Local\Temp\TestTicket268ResidentGateNamesRefusedConfigApartFromMissingConfi1656046284\002\config.toml window_sec_read=0 confirm_timeout_sec_read=0 gate_window=3s gate_queue_timeout=5m0s scope="construction time only: approval.Gate and Queue copy these in New and nothing re-applies them (ticket 256)"
2026-10-10T07:41:34.3595409Z time=2026-10-10T07:38:07.287Z level=INFO msg="resident gate: [risk] tier taken at construction" provenance=config config_path=C:\Users\RUNNER~1\AppData\Local\Temp\TestTicket268ResidentGateNamesRefusedConfigApartFromMissingConfi1656046284\002\config.toml window_sec_read=2 confirm_timeout_sec_read=45 gate_window=2s gate_queue_timeout=45s scope="construction time only: approval.Gate and Queue copy these in New and nothing re-applies them (ticket 256)"
2026-10-10T07:41:34.3595769Z --- PASS: TestTicket268ResidentGateNamesRefusedConfigApartFromMissingConfig (0.00s)
2026-10-10T07:41:34.3595927Z === RUN   TestTicket268RefusedRiskConfigReachesStdoutOnce
2026-10-10T07:41:34.3597342Z time=2026-10-10T07:38:07.290Z level=WARN msg="resident gate: [risk] source present but refused at construction; the gate falls back to the compiled approval constants" path=C:\Users\RUNNER~1\AppData\Local\Temp\TestTicket268RefusedRiskConfigReachesStdoutOnce1740762269\001\config.toml err="config: config.toml: risk.confirm_timeout_sec 20 out of range [31, 3600]" provenance="defaults (config.toml present but refused at load)" fallback="DefaultApprovalTimeout=300s / DefaultL1Window=3s"
2026-10-10T07:41:34.3598697Z time=2026-10-10T07:38:07.290Z level=INFO msg="resident gate: [risk] tier taken at construction" provenance="defaults (config.toml present but refused at load)" config_path=C:\Users\RUNNER~1\AppData\Local\Temp\TestTicket268RefusedRiskConfigReachesStdoutOnce1740762269\001\config.toml window_sec_read=0 confirm_timeout_sec_read=0 gate_window=3s gate_queue_timeout=5m0s scope="construction time only: approval.Gate and Queue copy these in New and nothing re-applies them (ticket 256)"
2026-10-10T07:41:34.3600747Z time=2026-10-10T07:38:07.290Z level=WARN msg="resident gate: [risk] source unreadable at construction; the gate falls back to the compiled approval constants" path=C:\Users\RUNNER~1\AppData\Local\Temp\TestTicket268RefusedRiskConfigReachesStdoutOnce1740762269\002\config.toml err="config: config.toml read: no file at this path yet。第 1 种拒因：文件没建：这一页与这条链都不新建 config.toml。在控制台运行一次 wisp run，第一次启动会写出全默认的首份配置（它不替你选任何模型，也不替你建任何服务商行）: open C:\\Users\\RUNNER~1\\AppData\\Local\\Temp\\TestTicket268RefusedRiskConfigReachesStdoutOnce1740762269\\002\\config.toml: The system cannot find the file specified." fallback="DefaultApprovalTimeout=300s / DefaultL1Window=3s"
2026-10-10T07:41:34.3602017Z time=2026-10-10T07:38:07.290Z level=INFO msg="resident gate: [risk] tier taken at construction" provenance="defaults (config.toml unreadable)" config_path=C:\Users\RUNNER~1\AppData\Local\Temp\TestTicket268RefusedRiskConfigReachesStdoutOnce1740762269\002\config.toml window_sec_read=0 confirm_timeout_sec_read=0 gate_window=3s gate_queue_timeout=5m0s scope="construction time only: approval.Gate and Queue copy these in New and nothing re-applies them (ticket 256)"
2026-10-10T07:41:34.3602223Z --- PASS: TestTicket268RefusedRiskConfigReachesStdoutOnce (0.00s)
2026-10-10T07:41:34.3602431Z === RUN   TestTicket268RefusedBranchClassifiesBySentinelNotByErrorWords
2026-10-10T07:41:34.3602689Z --- PASS: TestTicket268RefusedBranchClassifiesBySentinelNotByErrorWords (0.00s)
2026-10-10T07:41:34.3602860Z === RUN   TestAC247LiveMicrophoneLevelsReachTheBallSeam
2026-10-10T07:41:34.3603308Z     resident_audio_247_live_windows_test.go:130: AC#2 needs a real microphone: run with WISP_LIVE_MIC=1 after both tasklist rulers read 0
2026-10-10T07:41:34.3603479Z --- SKIP: TestAC247LiveMicrophoneLevelsReachTheBallSeam (0.00s)
2026-10-10T07:41:34.3603666Z === RUN   TestAC247ShippedDefaultsAreTheOnesThisLegReads
2026-10-10T07:41:34.3603872Z --- PASS: TestAC247ShippedDefaultsAreTheOnesThisLegReads (0.00s)
2026-10-10T07:41:34.3604028Z === RUN   TestAC247VoiceDisabledBuildsNoCollector
2026-10-10T07:41:34.3604846Z time=2026-10-10T07:38:07.297Z level=INFO msg="audio: capture leg not built" reason="voice.enabled=false" config_source=C:\Users\RUNNER~1\AppData\Local\Temp\TestAC247VoiceDisabledBuildsNoCollector2967381218\001\config.toml
2026-10-10T07:41:34.3605846Z wisp: 麦克风采集腿未构造（[voice] enabled=false，来源 C:\Users\RUNNER~1\AppData\Local\Temp\TestAC247VoiceDisabledBuildsNoCollector2967381218\001\config.toml）：球不会收到任何电平，本进程其余部分照常
2026-10-10T07:41:34.3606333Z time=2026-10-10T07:38:07.300Z level=INFO msg="shutdown step skipped (module not present)" step=1 name=scheduler-close
2026-10-10T07:41:34.3606819Z time=2026-10-10T07:38:07.300Z level=INFO msg="shutdown step skipped (module not present)" step=2 name=stop-hotkey-kws
2026-10-10T07:41:34.3607367Z time=2026-10-10T07:38:07.300Z level=INFO msg="shutdown step skipped (module not present)" step=3 name=cancel-task-roots
2026-10-10T07:41:34.3607810Z time=2026-10-10T07:38:07.300Z level=INFO msg="shutdown step skipped (module not present)" step=4 name=stop-audio
2026-10-10T07:41:34.3608333Z time=2026-10-10T07:38:07.300Z level=INFO msg="shutdown step skipped (module not present)" step=5 name=release-speech-sessions
2026-10-10T07:41:34.3608829Z time=2026-10-10T07:38:07.300Z level=INFO msg="shutdown step skipped (module not present)" step=6 name=destroy-panel-webview
2026-10-10T07:41:34.3609281Z time=2026-10-10T07:38:07.300Z level=INFO msg="shutdown step skipped (module not present)" step=7 name=flush-logs-close-db
2026-10-10T07:41:34.3609542Z --- PASS: TestAC247VoiceDisabledBuildsNoCollector (0.01s)
2026-10-10T07:41:34.3609821Z === RUN   TestAC247DefaultConfigArmsTheGateMutedAndOpensNoDevice
2026-10-10T07:41:34.3610866Z time=2026-10-10T07:38:07.309Z level=INFO msg="audio: capture armed but muted at boot; device not opened" config_source=C:\Users\RUNNER~1\AppData\Local\Temp\TestAC247DefaultConfigArmsTheGateMutedAndOpensNoDevice2027590044\001\config.toml path=T
2026-10-10T07:41:34.3611327Z time=2026-10-10T07:38:07.325Z level=INFO msg="shutdown step skipped (module not present)" step=1 name=scheduler-close
2026-10-10T07:41:34.3611821Z time=2026-10-10T07:38:07.325Z level=INFO msg="shutdown step skipped (module not present)" step=2 name=stop-hotkey-kws
2026-10-10T07:41:34.3612741Z time=2026-10-10T07:38:07.325Z level=INFO msg="shutdown step skipped (module not present)" step=3 name=cancel-task-roots
2026-10-10T07:41:34.3613295Z time=2026-10-10T07:38:07.325Z level=INFO msg="audio capture leg stopped: levels_delivered=0 frames_sent=0 frames_dropped=0 reopens=0"
2026-10-10T07:41:34.3613647Z wisp: audio capture leg stopped: levels_delivered=0 frames_sent=0 frames_dropped=0 reopens=0
2026-10-10T07:41:34.3614175Z time=2026-10-10T07:38:07.325Z level=INFO msg="shutdown step skipped (module not present)" step=5 name=release-speech-sessions
2026-10-10T07:41:34.3614698Z time=2026-10-10T07:38:07.325Z level=INFO msg="shutdown step skipped (module not present)" step=6 name=destroy-panel-webview
2026-10-10T07:41:34.3615196Z time=2026-10-10T07:38:07.325Z level=INFO msg="shutdown step skipped (module not present)" step=7 name=flush-logs-close-db
2026-10-10T07:41:34.3615520Z --- PASS: TestAC247DefaultConfigArmsTheGateMutedAndOpensNoDevice (0.02s)
2026-10-10T07:41:34.3615726Z === RUN   TestAC247UnmuteReachesTheBallSeam
2026-10-10T07:41:34.3616677Z time=2026-10-10T07:38:07.329Z level=INFO msg="audio: capture armed but muted at boot; device not opened" config_source=C:\Users\RUNNER~1\AppData\Local\Temp\TestAC247UnmuteReachesTheBallSeam3561599912\001\config.toml path=T
2026-10-10T07:41:34.3617137Z time=2026-10-10T07:38:07.330Z level=INFO msg="shutdown step skipped (module not present)" step=1 name=scheduler-close
2026-10-10T07:41:34.3617437Z time=2026-10-10T07:38:07.330Z level=INFO msg="shutdown step skipped (module not present)" step=2 name=stop-hotkey-kws
2026-10-10T07:41:34.3617750Z time=2026-10-10T07:38:07.330Z level=INFO msg="shutdown step skipped (module not present)" step=3 name=cancel-task-roots
2026-10-10T07:41:34.3618103Z time=2026-10-10T07:38:07.330Z level=INFO msg="audio capture leg stopped: levels_delivered=2 frames_sent=0 frames_dropped=0 reopens=0"
2026-10-10T07:41:34.3618357Z wisp: audio capture leg stopped: levels_delivered=2 frames_sent=0 frames_dropped=0 reopens=0
2026-10-10T07:41:34.3619174Z time=2026-10-10T07:38:07.330Z level=INFO msg="shutdown step skipped (module not present)" step=5 name=release-speech-sessions
2026-10-10T07:41:34.3619507Z time=2026-10-10T07:38:07.330Z level=INFO msg="shutdown step skipped (module not present)" step=6 name=destroy-panel-webview
2026-10-10T07:41:34.3619825Z time=2026-10-10T07:38:07.330Z level=INFO msg="shutdown step skipped (module not present)" step=7 name=flush-logs-close-db
2026-10-10T07:41:34.3619967Z --- PASS: TestAC247UnmuteReachesTheBallSeam (0.01s)
2026-10-10T07:41:34.3620246Z === RUN   TestAC247DeviceFailureShapesStillBootAndSayTheLoss
2026-10-10T07:41:34.3620463Z === RUN   TestAC247DeviceFailureShapesStillBootAndSayTheLoss/occupied
2026-10-10T07:41:34.3621145Z time=2026-10-10T07:38:07.335Z level=ERROR msg="audio source failed" source=gate-T error="audio_device: capture open on device Busy Mic (0x8889000A): capture device is held in exclusive mode by another application; close that application or pick another device"
2026-10-10T07:41:34.3621991Z time=2026-10-10T07:38:07.335Z level=ERROR msg="audio: capture device unavailable" class=audio_device err="audio_device: capture open on device Busy Mic (0x8889000A): capture device is held in exclusive mode by another application; close that application or pick another device" posture="boot continues, no state pushed"
2026-10-10T07:41:34.3622726Z wisp: 麦克风不可用（错误分类 audio_device）：audio_device: capture open on device Busy Mic (0x8889000A): capture device is held in exclusive mode by another application; close that application or pick another device
2026-10-10T07:41:34.3623084Z wisp: 这一条不推状态、也不拒绝启动：D43 的 EvAudioDeviceLost 只有从 Listening 出发的合法边，启动期没有；票 128 只定了「没有数据根」这一种拒绝启动
2026-10-10T07:41:34.3623398Z time=2026-10-10T07:38:07.335Z level=INFO msg="shutdown step skipped (module not present)" step=1 name=scheduler-close
2026-10-10T07:41:34.3623698Z time=2026-10-10T07:38:07.335Z level=INFO msg="shutdown step skipped (module not present)" step=2 name=stop-hotkey-kws
2026-10-10T07:41:34.3623989Z time=2026-10-10T07:38:07.335Z level=INFO msg="shutdown step skipped (module not present)" step=3 name=cancel-task-roots
2026-10-10T07:41:34.3624835Z time=2026-10-10T07:38:07.336Z level=INFO msg="audio capture leg stopped: levels_delivered=0 frames_sent=0 frames_dropped=0 reopens=0 last_error=audio_device: capture open on device Busy Mic (0x8889000A): capture device is held in exclusive mode by another application; close that application or pick another device"
2026-10-10T07:41:34.3625616Z wisp: audio capture leg stopped: levels_delivered=0 frames_sent=0 frames_dropped=0 reopens=0 last_error=audio_device: capture open on device Busy Mic (0x8889000A): capture device is held in exclusive mode by another application; close that application or pick another device
2026-10-10T07:41:34.3626173Z time=2026-10-10T07:38:07.336Z level=INFO msg="shutdown step skipped (module not present)" step=5 name=release-speech-sessions
2026-10-10T07:41:34.3626675Z time=2026-10-10T07:38:07.336Z level=INFO msg="shutdown step skipped (module not present)" step=6 name=destroy-panel-webview
2026-10-10T07:41:34.3627113Z time=2026-10-10T07:38:07.336Z level=INFO msg="shutdown step skipped (module not present)" step=7 name=flush-logs-close-db
2026-10-10T07:41:34.3627490Z === RUN   TestAC247DeviceFailureShapesStillBootAndSayTheLoss/permission_denied
2026-10-10T07:41:34.3628622Z time=2026-10-10T07:38:07.341Z level=ERROR msg="audio source failed" source=gate-T error="audio_device: capture open on device Built-in Mic (0x80070005): microphone access denied: allow desktop apps to use the microphone under Windows Settings > Privacy & security > Microphone"
2026-10-10T07:41:34.3630042Z time=2026-10-10T07:38:07.341Z level=ERROR msg="audio: capture device unavailable" class=audio_device err="audio_device: capture open on device Built-in Mic (0x80070005): microphone access denied: allow desktop apps to use the microphone under Windows Settings > Privacy & security > Microphone" posture="boot continues, no state pushed"
2026-10-10T07:41:34.3631090Z wisp: 麦克风不可用（错误分类 audio_device）：audio_device: capture open on device Built-in Mic (0x80070005): microphone access denied: allow desktop apps to use the microphone under Windows Settings > Privacy & security > Microphone
2026-10-10T07:41:34.3631457Z wisp: 这一条不推状态、也不拒绝启动：D43 的 EvAudioDeviceLost 只有从 Listening 出发的合法边，启动期没有；票 128 只定了「没有数据根」这一种拒绝启动
2026-10-10T07:41:34.3631777Z time=2026-10-10T07:38:07.341Z level=INFO msg="shutdown step skipped (module not present)" step=1 name=scheduler-close
2026-10-10T07:41:34.3632178Z time=2026-10-10T07:38:07.341Z level=INFO msg="shutdown step skipped (module not present)" step=2 name=stop-hotkey-kws
2026-10-10T07:41:34.3632718Z time=2026-10-10T07:38:07.341Z level=INFO msg="shutdown step skipped (module not present)" step=3 name=cancel-task-roots
2026-10-10T07:41:34.3634046Z time=2026-10-10T07:38:07.341Z level=INFO msg="audio capture leg stopped: levels_delivered=0 frames_sent=0 frames_dropped=0 reopens=0 last_error=audio_device: capture open on device Built-in Mic (0x80070005): microphone access denied: allow desktop apps to use the microphone under Windows Settings > Privacy & security > Microphone"
2026-10-10T07:41:34.3634886Z wisp: audio capture leg stopped: levels_delivered=0 frames_sent=0 frames_dropped=0 reopens=0 last_error=audio_device: capture open on device Built-in Mic (0x80070005): microphone access denied: allow desktop apps to use the microphone under Windows Settings > Privacy & security > Microphone
2026-10-10T07:41:34.3635253Z time=2026-10-10T07:38:07.341Z level=INFO msg="shutdown step skipped (module not present)" step=5 name=release-speech-sessions
2026-10-10T07:41:34.3635591Z time=2026-10-10T07:38:07.341Z level=INFO msg="shutdown step skipped (module not present)" step=6 name=destroy-panel-webview
2026-10-10T07:41:34.3635885Z time=2026-10-10T07:38:07.341Z level=INFO msg="shutdown step skipped (module not present)" step=7 name=flush-logs-close-db
2026-10-10T07:41:34.3636113Z === RUN   TestAC247DeviceFailureShapesStillBootAndSayTheLoss/no_device
2026-10-10T07:41:34.3636647Z time=2026-10-10T07:38:07.346Z level=ERROR msg="audio source failed" source=gate-T error="audio_device: capture open on device Gone Headset (0x88890004): device invalidated (unplugged or disabled)"
2026-10-10T07:41:34.3637338Z time=2026-10-10T07:38:07.346Z level=ERROR msg="audio: capture device unavailable" class=audio_device err="audio_device: capture open on device Gone Headset (0x88890004): device invalidated (unplugged or disabled)" posture="boot continues, no state pushed"
2026-10-10T07:41:34.3637771Z wisp: 麦克风不可用（错误分类 audio_device）：audio_device: capture open on device Gone Headset (0x88890004): device invalidated (unplugged or disabled)
2026-10-10T07:41:34.3638092Z wisp: 这一条不推状态、也不拒绝启动：D43 的 EvAudioDeviceLost 只有从 Listening 出发的合法边，启动期没有；票 128 只定了「没有数据根」这一种拒绝启动
2026-10-10T07:41:34.3638405Z time=2026-10-10T07:38:07.346Z level=INFO msg="shutdown step skipped (module not present)" step=1 name=scheduler-close
2026-10-10T07:41:34.3638721Z time=2026-10-10T07:38:07.346Z level=INFO msg="shutdown step skipped (module not present)" step=2 name=stop-hotkey-kws
2026-10-10T07:41:34.3639007Z time=2026-10-10T07:38:07.346Z level=INFO msg="shutdown step skipped (module not present)" step=3 name=cancel-task-roots
2026-10-10T07:41:34.3639687Z time=2026-10-10T07:38:07.346Z level=INFO msg="audio capture leg stopped: levels_delivered=0 frames_sent=0 frames_dropped=0 reopens=0 last_error=audio_device: capture open on device Gone Headset (0x88890004): device invalidated (unplugged or disabled)"
2026-10-10T07:41:34.3640256Z wisp: audio capture leg stopped: levels_delivered=0 frames_sent=0 frames_dropped=0 reopens=0 last_error=audio_device: capture open on device Gone Headset (0x88890004): device invalidated (unplugged or disabled)
2026-10-10T07:41:34.3640585Z time=2026-10-10T07:38:07.346Z level=INFO msg="shutdown step skipped (module not present)" step=5 name=release-speech-sessions
2026-10-10T07:41:34.3641018Z time=2026-10-10T07:38:07.346Z level=INFO msg="shutdown step skipped (module not present)" step=6 name=destroy-panel-webview
2026-10-10T07:41:34.3641308Z time=2026-10-10T07:38:07.346Z level=INFO msg="shutdown step skipped (module not present)" step=7 name=flush-logs-close-db
2026-10-10T07:41:34.3641537Z --- PASS: TestAC247DeviceFailureShapesStillBootAndSayTheLoss (0.02s)
2026-10-10T07:41:34.3641833Z     --- PASS: TestAC247DeviceFailureShapesStillBootAndSayTheLoss/occupied (0.01s)
2026-10-10T07:41:34.3642124Z     --- PASS: TestAC247DeviceFailureShapesStillBootAndSayTheLoss/permission_denied (0.01s)
2026-10-10T07:41:34.3643126Z     --- PASS: TestAC247DeviceFailureShapesStillBootAndSayTheLoss/no_device (0.00s)
2026-10-10T07:41:34.3643319Z === RUN   TestAC247CaptureLegOwnsStepFourOfTheFrozenOrder
2026-10-10T07:41:34.3644000Z time=2026-10-10T07:38:07.351Z level=INFO msg="audio: capture armed but muted at boot; device not opened" config_source=C:\Users\RUNNER~1\AppData\Local\Temp\TestAC247CaptureLegOwnsStepFourOfTheFrozenOrder3588809082\001\config.toml path=T
2026-10-10T07:41:34.3644286Z time=2026-10-10T07:38:07.351Z level=INFO msg="shutdown step skipped (module not present)" step=1 name=scheduler-close
2026-10-10T07:41:34.3644603Z time=2026-10-10T07:38:07.351Z level=INFO msg="shutdown step skipped (module not present)" step=2 name=stop-hotkey-kws
2026-10-10T07:41:34.3644908Z time=2026-10-10T07:38:07.351Z level=INFO msg="shutdown step skipped (module not present)" step=3 name=cancel-task-roots
2026-10-10T07:41:34.3645256Z time=2026-10-10T07:38:07.351Z level=INFO msg="audio capture leg stopped: levels_delivered=0 frames_sent=0 frames_dropped=0 reopens=0"
2026-10-10T07:41:34.3645489Z wisp: audio capture leg stopped: levels_delivered=0 frames_sent=0 frames_dropped=0 reopens=0
2026-10-10T07:41:34.3645817Z time=2026-10-10T07:38:07.351Z level=INFO msg="shutdown step skipped (module not present)" step=5 name=release-speech-sessions
2026-10-10T07:41:34.3646137Z time=2026-10-10T07:38:07.351Z level=INFO msg="shutdown step skipped (module not present)" step=6 name=destroy-panel-webview
2026-10-10T07:41:34.3646448Z time=2026-10-10T07:38:07.351Z level=INFO msg="shutdown step skipped (module not present)" step=7 name=flush-logs-close-db
2026-10-10T07:41:34.3646632Z --- PASS: TestAC247CaptureLegOwnsStepFourOfTheFrozenOrder (0.00s)
2026-10-10T07:41:34.3646819Z === RUN   TestAC247HandingTheLevelToTheSeamIsNotVisibility
2026-10-10T07:41:34.3647909Z time=2026-10-10T07:38:07.355Z level=INFO msg="audio: capture armed but muted at boot; device not opened" config_source=C:\Users\RUNNER~1\AppData\Local\Temp\TestAC247HandingTheLevelToTheSeamIsNotVisibility3241892861\001\config.toml path=T
2026-10-10T07:41:34.3649041Z     resident_audio_247_windows_test.go:372: AC#10 reading: PrototypeVisualsEnabled()=false levels_reaching_the_ball_seam=1 (a number arriving is not a pixel moving)
2026-10-10T07:41:34.3649504Z time=2026-10-10T07:38:07.356Z level=INFO msg="shutdown step skipped (module not present)" step=1 name=scheduler-close
2026-10-10T07:41:34.3649981Z time=2026-10-10T07:38:07.356Z level=INFO msg="shutdown step skipped (module not present)" step=2 name=stop-hotkey-kws
2026-10-10T07:41:34.3650432Z time=2026-10-10T07:38:07.356Z level=INFO msg="shutdown step skipped (module not present)" step=3 name=cancel-task-roots
2026-10-10T07:41:34.3650946Z time=2026-10-10T07:38:07.356Z level=INFO msg="audio capture leg stopped: levels_delivered=1 frames_sent=0 frames_dropped=0 reopens=0"
2026-10-10T07:41:34.3651290Z wisp: audio capture leg stopped: levels_delivered=1 frames_sent=0 frames_dropped=0 reopens=0
2026-10-10T07:41:34.3651797Z time=2026-10-10T07:38:07.356Z level=INFO msg="shutdown step skipped (module not present)" step=5 name=release-speech-sessions
2026-10-10T07:41:34.3652291Z time=2026-10-10T07:38:07.356Z level=INFO msg="shutdown step skipped (module not present)" step=6 name=destroy-panel-webview
2026-10-10T07:41:34.3652744Z time=2026-10-10T07:38:07.356Z level=INFO msg="shutdown step skipped (module not present)" step=7 name=flush-logs-close-db
2026-10-10T07:41:34.3653035Z --- PASS: TestAC247HandingTheLevelToTheSeamIsNotVisibility (0.00s)
2026-10-10T07:41:34.3653719Z === RUN   TestAC228ResidentLegIsTheBallHost
2026-10-10T07:41:34.3654298Z     resident_ball_228_test.go:214: ball host functions (production): resident_ball_windows.go:startResidentBall
2026-10-10T07:41:34.3654537Z --- PASS: TestAC228ResidentLegIsTheBallHost (0.02s)
2026-10-10T07:41:34.3654710Z === RUN   TestAC228BallHostAnswersEveryGesture
2026-10-10T07:41:34.3655121Z     resident_ball_228_test.go:323: all 10 gesture callbacks answered by the resident host
2026-10-10T07:41:34.3655490Z --- PASS: TestAC228BallHostAnswersEveryGesture (0.01s)
2026-10-10T07:41:34.3655697Z === RUN   TestAC228ResidentLegReportsAndBooksItsBall
2026-10-10T07:41:34.3656609Z     resident_ball_228_windows_test.go:104: resident sink C:\Users\RUNNER~1\AppData\Local\Temp\TestAC228ResidentLegReportsAndBooksItsBall576936846\002\logs: 1 file(s), 22 record(s)
2026-10-10T07:41:34.3657222Z     resident_ball_228_windows_test.go:168: AC#1 READING: console up=1 absent=0; records created=9 refused=-1 stopped=14 install=1
2026-10-10T07:41:34.3657501Z --- PASS: TestAC228ResidentLegReportsAndBooksItsBall (2.84s)
2026-10-10T07:41:34.3657760Z === RUN   TestAC228ExitRequestDuringBootStillLeavesThroughD38E
2026-10-10T07:41:34.3658766Z     resident_ball_228_windows_test.go:211: resident sink C:\Users\RUNNER~1\AppData\Local\Temp\TestAC228ExitRequestDuringBootStillLeavesThroughD38E730112425\002\logs: 1 file(s), 22 record(s)
2026-10-10T07:41:34.3659608Z     resident_ball_228_windows_test.go:221: AC#1 READING: boot-time break exited clean; install=1 shutdown trail starts at 15 of 22 record(s); ball records created=9 stopped=14
2026-10-10T07:41:34.3659979Z --- PASS: TestAC228ExitRequestDuringBootStillLeavesThroughD38E (9.99s)
2026-10-10T07:41:34.3660234Z === RUN   TestTicket260R4ShippedConstructorInstallsTheReader
2026-10-10T07:41:34.3661793Z time=2026-10-10T07:38:20.221Z level=INFO msg="resident gate: [risk] tier taken at construction" provenance="defaults (no host config view)" config_path="(no host config view)" window_sec_read=0 confirm_timeout_sec_read=0 gate_window=3s gate_queue_timeout=5m0s scope="construction time only: approval.Gate and Queue copy these in New and nothing re-applies them (ticket 256)"
2026-10-10T07:41:34.3662679Z time=2026-10-10T07:38:20.221Z level=INFO msg="audit: resident-approval: 审批门已装配进常驻进程，取消通道 Esc 已加载（本票只落 Esc 一条通道；单击球 / KWS 否决词 / 面板拒绝三条仍按各自归口未接入）"
2026-10-10T07:41:34.3663020Z --- PASS: TestTicket260R4ShippedConstructorInstallsTheReader (0.00s)
2026-10-10T07:41:34.3663272Z === RUN   TestTicket260R4NoBallHostNamesNoKeyOnTheCard
2026-10-10T07:41:34.3664849Z time=2026-10-10T07:38:20.222Z level=INFO msg="resident gate: [risk] tier taken at construction" provenance="defaults (no host config view)" config_path="(no host config view)" window_sec_read=0 confirm_timeout_sec_read=0 gate_window=3s gate_queue_timeout=5m0s scope="construction time only: approval.Gate and Queue copy these in New and nothing re-applies them (ticket 256)"
2026-10-10T07:41:34.3665627Z time=2026-10-10T07:38:20.222Z level=INFO msg="audit: resident-approval: 审批门已装配，但本进程没有悬浮球窗口，四条否决通道全部保持未加载（取消键无处可借，卡片无处可呈）"
2026-10-10T07:41:34.3667222Z time=2026-10-10T07:38:20.222Z level=INFO msg="resident gate: [risk] tier taken at construction" provenance="defaults (no host config view)" config_path="(no host config view)" window_sec_read=0 confirm_timeout_sec_read=0 gate_window=3s gate_queue_timeout=5m0s scope="construction time only: approval.Gate and Queue copy these in New and nothing re-applies them (ticket 256)"
2026-10-10T07:41:34.3667896Z time=2026-10-10T07:38:20.222Z level=INFO msg="audit: resident-approval: 审批门已装配，但本进程没有悬浮球窗口，四条否决通道全部保持未加载（取消键无处可借，卡片无处可呈）"
2026-10-10T07:41:34.3668131Z --- PASS: TestTicket260R4NoBallHostNamesNoKeyOnTheCard (0.00s)
2026-10-10T07:41:34.3668358Z === RUN   TestTicket260R4SeamIsNotAProductionShortcut
2026-10-10T07:41:34.3670295Z time=2026-10-10T07:38:20.222Z level=INFO msg="resident gate: [risk] tier taken at construction" provenance="defaults (no host config view)" config_path="(no host config view)" window_sec_read=0 confirm_timeout_sec_read=0 gate_window=3s gate_queue_timeout=5m0s scope="construction time only: approval.Gate and Queue copy these in New and nothing re-applies them (ticket 256)"
2026-10-10T07:41:34.3670700Z --- PASS: TestTicket260R4SeamIsNotAProductionShortcut (0.00s)
2026-10-10T07:41:34.3670980Z === RUN   TestTicket260R3DefaultWordingIsTheOldSentence
2026-10-10T07:41:34.3672434Z time=2026-10-10T07:38:20.222Z level=INFO msg="resident gate: [risk] tier taken at construction" provenance="defaults (no host config view)" config_path="(no host config view)" window_sec_read=0 confirm_timeout_sec_read=0 gate_window=3s gate_queue_timeout=5m0s scope="construction time only: approval.Gate and Queue copy these in New and nothing re-applies them (ticket 256)"
2026-10-10T07:41:34.3673758Z time=2026-10-10T07:38:20.222Z level=INFO msg="resident gate: [risk] tier taken at construction" provenance="defaults (no host config view)" config_path="(no host config view)" window_sec_read=0 confirm_timeout_sec_read=0 gate_window=3s gate_queue_timeout=5m0s scope="construction time only: approval.Gate and Queue copy these in New and nothing re-applies them (ticket 256)"
2026-10-10T07:41:34.3674541Z time=2026-10-10T07:38:20.222Z level=INFO msg="audit: resident-approval: 审批门已装配进常驻进程，取消通道 Esc 已加载（本票只落 Esc 一条通道；单击球 / KWS 否决词 / 面板拒绝三条仍按各自归口未接入）"
2026-10-10T07:41:34.3674855Z --- PASS: TestTicket260R3DefaultWordingIsTheOldSentence (0.00s)
2026-10-10T07:41:34.3675043Z === RUN   TestTicket260R3SeededKeyReplacesEsc
2026-10-10T07:41:34.3676549Z time=2026-10-10T07:38:20.223Z level=INFO msg="resident gate: [risk] tier taken at construction" provenance="defaults (no host config view)" config_path="(no host config view)" window_sec_read=0 confirm_timeout_sec_read=0 gate_window=3s gate_queue_timeout=5m0s scope="construction time only: approval.Gate and Queue copy these in New and nothing re-applies them (ticket 256)"
2026-10-10T07:41:34.3679014Z time=2026-10-10T07:38:20.223Z level=INFO msg="resident gate: [risk] tier taken at construction" provenance="defaults (no host config view)" config_path="(no host config view)" window_sec_read=0 confirm_timeout_sec_read=0 gate_window=3s gate_queue_timeout=5m0s scope="construction time only: approval.Gate and Queue copy these in New and nothing re-applies them (ticket 256)"
2026-10-10T07:41:34.3679852Z time=2026-10-10T07:38:20.223Z level=INFO msg="audit: resident-approval: 审批门已装配进常驻进程，取消通道 Ctrl+Alt+Q 已加载（本票只落 Ctrl+Alt+Q 一条通道；单击球 / KWS 否决词 / 面板拒绝三条仍按各自归口未接入）"
2026-10-10T07:41:34.3680101Z --- PASS: TestTicket260R3SeededKeyReplacesEsc (0.00s)
2026-10-10T07:41:34.3680282Z === RUN   TestTicket260R3UnloadBranchesNameNoKey
2026-10-10T07:41:34.3682521Z time=2026-10-10T07:38:20.223Z level=INFO msg="resident gate: [risk] tier taken at construction" provenance="defaults (no host config view)" config_path="(no host config view)" window_sec_read=0 confirm_timeout_sec_read=0 gate_window=3s gate_queue_timeout=5m0s scope="construction time only: approval.Gate and Queue copy these in New and nothing re-applies them (ticket 256)"
2026-10-10T07:41:34.3683658Z time=2026-10-10T07:38:20.224Z level=INFO msg="audit: resident-approval: 审批门已装配，但本进程没有悬浮球窗口，四条否决通道全部保持未加载（取消键无处可借，卡片无处可呈）"
2026-10-10T07:41:34.3685301Z time=2026-10-10T07:38:20.224Z level=INFO msg="resident gate: [risk] tier taken at construction" provenance="defaults (no host config view)" config_path="(no host config view)" window_sec_read=0 confirm_timeout_sec_read=0 gate_window=3s gate_queue_timeout=5m0s scope="construction time only: approval.Gate and Queue copy these in New and nothing re-applies them (ticket 256)"
2026-10-10T07:41:34.3687124Z time=2026-10-10T07:38:20.224Z level=INFO msg="audit: resident-approval: 本进程有悬浮球窗口，但装配根没有注入取消执行者，取消键通道保持未加载（advertise 一枚按不动的键＝B1 禁止的形状）"
2026-10-10T07:41:34.3688766Z time=2026-10-10T07:38:20.224Z level=INFO msg="resident gate: [risk] tier taken at construction" provenance="defaults (no host config view)" config_path="(no host config view)" window_sec_read=0 confirm_timeout_sec_read=0 gate_window=3s gate_queue_timeout=5m0s scope="construction time only: approval.Gate and Queue copy these in New and nothing re-applies them (ticket 256)"
2026-10-10T07:41:34.3689463Z time=2026-10-10T07:38:20.224Z level=INFO msg="audit: resident-approval: 审批门已装配，但本进程没有悬浮球窗口，四条否决通道全部保持未加载（取消键无处可借，卡片无处可呈）"
2026-10-10T07:41:34.3691073Z time=2026-10-10T07:38:20.224Z level=INFO msg="resident gate: [risk] tier taken at construction" provenance="defaults (no host config view)" config_path="(no host config view)" window_sec_read=0 confirm_timeout_sec_read=0 gate_window=3s gate_queue_timeout=5m0s scope="construction time only: approval.Gate and Queue copy these in New and nothing re-applies them (ticket 256)"
2026-10-10T07:41:34.3691790Z time=2026-10-10T07:38:20.224Z level=INFO msg="audit: resident-approval: 本进程有悬浮球窗口，但装配根没有注入取消执行者，取消键通道保持未加载（advertise 一枚按不动的键＝B1 禁止的形状）"
2026-10-10T07:41:34.3692081Z --- PASS: TestTicket260R3UnloadBranchesNameNoKey (0.00s)
2026-10-10T07:41:34.3692332Z === RUN   TestTicket260R3CancelKeyComesFromTheBallChain
2026-10-10T07:41:34.3694242Z time=2026-10-10T07:38:20.224Z level=INFO msg="resident gate: [risk] tier taken at construction" provenance="defaults (no host config view)" config_path="(no host config view)" window_sec_read=0 confirm_timeout_sec_read=0 gate_window=3s gate_queue_timeout=5m0s scope="construction time only: approval.Gate and Queue copy these in New and nothing re-applies them (ticket 256)"
2026-10-10T07:41:34.3694627Z --- PASS: TestTicket260R3CancelKeyComesFromTheBallChain (0.00s)
2026-10-10T07:41:34.3694872Z === RUN   TestTicket260R3ProductionPathHasNoSeam
2026-10-10T07:41:34.3696400Z time=2026-10-10T07:38:20.224Z level=INFO msg="resident gate: [risk] tier taken at construction" provenance="defaults (no host config view)" config_path="(no host config view)" window_sec_read=0 confirm_timeout_sec_read=0 gate_window=3s gate_queue_timeout=5m0s scope="construction time only: approval.Gate and Queue copy these in New and nothing re-applies them (ticket 256)"
2026-10-10T07:41:34.3697897Z time=2026-10-10T07:38:20.224Z level=INFO msg="resident gate: [risk] tier taken at construction" provenance="defaults (no host config view)" config_path="(no host config view)" window_sec_read=0 confirm_timeout_sec_read=0 gate_window=3s gate_queue_timeout=5m0s scope="construction time only: approval.Gate and Queue copy these in New and nothing re-applies them (ticket 256)"
2026-10-10T07:41:34.3699318Z time=2026-10-10T07:38:20.224Z level=INFO msg="resident gate: [risk] tier taken at construction" provenance="defaults (no host config view)" config_path="(no host config view)" window_sec_read=0 confirm_timeout_sec_read=0 gate_window=3s gate_queue_timeout=5m0s scope="construction time only: approval.Gate and Queue copy these in New and nothing re-applies them (ticket 256)"
2026-10-10T07:41:34.3699574Z --- PASS: TestTicket260R3ProductionPathHasNoSeam (0.00s)
2026-10-10T07:41:34.3699850Z === RUN   TestTicket265ResidentGrantHolderUnboundFailsLoudly
2026-10-10T07:41:34.3700340Z --- PASS: TestTicket265ResidentGrantHolderUnboundFailsLoudly (0.00s)
2026-10-10T07:41:34.3700666Z === RUN   TestTicket265ResidentGrantHolderBoundDelegatesEveryField
2026-10-10T07:41:34.3701004Z --- PASS: TestTicket265ResidentGrantHolderBoundDelegatesEveryField (0.00s)
2026-10-10T07:41:34.3701343Z === RUN   TestTicket265LedgerErrorReachesTheOperatorThroughTheHolder
2026-10-10T07:41:34.3701626Z --- PASS: TestTicket265LedgerErrorReachesTheOperatorThroughTheHolder (0.00s)
2026-10-10T07:41:34.3701866Z === RUN   TestTicket265UnboundHolderAnswersThroughTheGateWithoutClaimingARow
2026-10-10T07:41:34.3702261Z --- PASS: TestTicket265UnboundHolderAnswersThroughTheGateWithoutClaimingARow (0.00s)
2026-10-10T07:41:34.3702457Z === RUN   TestTicket265BoundHolderRecordsEveryPathTheAnsweredCardNamed
2026-10-10T07:41:34.3702699Z --- PASS: TestTicket265BoundHolderRecordsEveryPathTheAnsweredCardNamed (0.00s)
2026-10-10T07:41:34.3702884Z === RUN   TestTicket265GateLiteralCarriesTheResidentHolder
2026-10-10T07:41:34.3703099Z --- PASS: TestTicket265GateLiteralCarriesTheResidentHolder (0.00s)
2026-10-10T07:41:34.3703283Z === RUN   TestTicket265BindSiteRunsAfterTheAssemblyAndBeforeAnyTask
2026-10-10T07:41:34.3703524Z --- PASS: TestTicket265BindSiteRunsAfterTheAssemblyAndBeforeAnyTask (0.00s)
2026-10-10T07:41:34.3703748Z === RUN   TestTicket265SessionLedgerStillHasOneProductionConstructionSite
2026-10-10T07:41:34.3704005Z --- PASS: TestTicket265SessionLedgerStillHasOneProductionConstructionSite (0.00s)
2026-10-10T07:41:34.3704180Z === RUN   TestTicket265ResidentApprovalConstructsAnUnboundHolder
2026-10-10T07:41:34.3705157Z time=2026-10-10T07:38:20.231Z level=INFO msg="resident gate: [risk] tier taken at construction" provenance="defaults (no host config view)" config_path="(no host config view)" window_sec_read=0 confirm_timeout_sec_read=0 gate_window=3s gate_queue_timeout=5m0s scope="construction time only: approval.Gate and Queue copy these in New and nothing re-applies them (ticket 256)"
2026-10-10T07:41:34.3705391Z --- PASS: TestTicket265ResidentApprovalConstructsAnUnboundHolder (0.00s)
2026-10-10T07:41:34.3705560Z === RUN   Test258AssemblyRootWiresTheChainAndTheBridge
2026-10-10T07:41:34.3705728Z --- PASS: Test258AssemblyRootWiresTheChainAndTheBridge (0.00s)
2026-10-10T07:41:34.3705885Z === RUN   Test258SinkRebindRulerReadsBothSpellings
2026-10-10T07:41:34.3706059Z --- PASS: Test258SinkRebindRulerReadsBothSpellings (0.00s)
2026-10-10T07:41:34.3706189Z === RUN   Test258ConstructionChainTakesConfigValues
2026-10-10T07:41:34.3706367Z --- PASS: Test258ConstructionChainTakesConfigValues (0.01s)
2026-10-10T07:41:34.3706564Z === RUN   Test258ConstructionChainMissingFileFallsBackAndSaysIt
2026-10-10T07:41:34.3706787Z --- PASS: Test258ConstructionChainMissingFileFallsBackAndSaysIt (0.00s)
2026-10-10T07:41:34.3706908Z === RUN   Test258SectionMissingTierWordIsDefaults
2026-10-10T07:41:34.3707087Z --- PASS: Test258SectionMissingTierWordIsDefaults (0.00s)
2026-10-10T07:41:34.3707236Z === RUN   Test258ProvenanceWordsAreThePrintedOnes
2026-10-10T07:41:34.3707386Z --- PASS: Test258ProvenanceWordsAreThePrintedOnes (0.00s)
2026-10-10T07:41:34.3707551Z === RUN   Test258BridgeRebindsLiveKeysFromConfigEdit
2026-10-10T07:41:34.3708115Z time=2026-10-10T07:38:20.295Z level=INFO msg="cancel hotkey left unbound while idle: the configured key is borrowed only during Confirming and handed back at session end (ticket 245)" hotkey=cancel binding=Esc
2026-10-10T07:41:34.3708484Z time=2026-10-10T07:38:20.297Z level=INFO msg="ball: hotkey reload bridge armed (polls config, rebinds on change)" poll=1s provenance=config
2026-10-10T07:41:34.3708791Z wisp: ball hotkey reload bridge armed (provenance=config); a hand edit of [hotkey] rebinds the live keys without a restart
2026-10-10T07:41:34.3711280Z time=2026-10-10T07:38:20.297Z level=INFO msg="ball: the resident leg created the floating ball window" hotkeys_provenance=config hotkeys_live=3 hotkeys="summon=Ctrl+Alt+Z live, mute=Ctrl+Alt+M live, cancel=Esc not bound while idle (cancel is borrowed only during Confirming), panel=Ctrl+Alt+P live" gestures="recorded only except the ones the assembly root hands an executor for: the cancel key (ticket 246) and the panel gestures (ticket 33); the two mute gestures turn this process's capture gate once that leg is assembled (ticket 290 - this line prints before the attach, because the ball is built first), and D43's four veto channels stay reduced here to the one the assembly root injected"
2026-10-10T07:41:34.3711841Z time=2026-10-10T07:38:20.300Z level=INFO msg="cancel hotkey left unbound while idle: the configured key is borrowed only during Confirming and handed back at session end (ticket 245)" hotkey=cancel binding=Esc
2026-10-10T07:41:34.3712325Z time=2026-10-10T07:38:20.300Z level=INFO msg="ball: hotkeys rebound after config change" summon=Ctrl+Alt+R mute=Ctrl+Alt+M cancel=Esc panel=Ctrl+Alt+P live=3
2026-10-10T07:41:34.3712633Z time=2026-10-10T07:38:20.301Z level=INFO msg="ball: resident leg destroyed the ball window, its tray icon and its hotkeys"
2026-10-10T07:41:34.3712826Z --- PASS: Test258BridgeRebindsLiveKeysFromConfigEdit (0.05s)
2026-10-10T07:41:34.3712960Z === RUN   Test258BridgeMutationNoSrcKeepsOldBinding
2026-10-10T07:41:34.3713944Z time=2026-10-10T07:38:20.322Z level=INFO msg="cancel hotkey left unbound while idle: the configured key is borrowed only during Confirming and handed back at session end (ticket 245)" hotkey=cancel binding=Esc
2026-10-10T07:41:34.3715819Z time=2026-10-10T07:38:20.323Z level=INFO msg="ball: the resident leg created the floating ball window" hotkeys_provenance=defaults hotkeys_live=3 hotkeys="summon=Ctrl+Alt+Q live, mute=Ctrl+Alt+M live, cancel=Esc not bound while idle (cancel is borrowed only during Confirming), panel=Ctrl+Alt+P live" gestures="recorded only except the ones the assembly root hands an executor for: the cancel key (ticket 246) and the panel gestures (ticket 33); the two mute gestures turn this process's capture gate once that leg is assembled (ticket 290 - this line prints before the attach, because the ball is built first), and D43's four veto channels stay reduced here to the one the assembly root injected"
2026-10-10T07:41:34.3716142Z time=2026-10-10T07:38:20.732Z level=INFO msg="ball: resident leg destroyed the ball window, its tray icon and its hotkeys"
2026-10-10T07:41:34.3716332Z --- PASS: Test258BridgeMutationNoSrcKeepsOldBinding (0.43s)
2026-10-10T07:41:34.3716470Z === RUN   Test258OccupiedCombinationNamesTheNewValue
2026-10-10T07:41:34.3717029Z time=2026-10-10T07:38:20.747Z level=INFO msg="cancel hotkey left unbound while idle: the configured key is borrowed only during Confirming and handed back at session end (ticket 245)" hotkey=cancel binding=Esc
2026-10-10T07:41:34.3717407Z time=2026-10-10T07:38:20.749Z level=INFO msg="ball: hotkey reload bridge armed (polls config, rebinds on change)" poll=1s provenance=config
2026-10-10T07:41:34.3717730Z wisp: ball hotkey reload bridge armed (provenance=config); a hand edit of [hotkey] rebinds the live keys without a restart
2026-10-10T07:41:34.3719533Z time=2026-10-10T07:38:20.749Z level=INFO msg="ball: the resident leg created the floating ball window" hotkeys_provenance=config hotkeys_live=3 hotkeys="summon=Ctrl+Alt+Z live, mute=Ctrl+Alt+M live, cancel=Esc not bound while idle (cancel is borrowed only during Confirming), panel=Ctrl+Alt+P live" gestures="recorded only except the ones the assembly root hands an executor for: the cancel key (ticket 246) and the panel gestures (ticket 33); the two mute gestures turn this process's capture gate once that leg is assembled (ticket 290 - this line prints before the attach, because the ball is built first), and D43's four veto channels stay reduced here to the one the assembly root injected"
2026-10-10T07:41:34.3720074Z time=2026-10-10T07:38:20.752Z level=INFO msg="cancel hotkey left unbound while idle: the configured key is borrowed only during Confirming and handed back at session end (ticket 245)" hotkey=cancel binding=Esc
2026-10-10T07:41:34.3720762Z time=2026-10-10T07:38:20.752Z level=ERROR msg="hotkey occupied by another program, not registered" hotkey=panel binding=Ctrl+Alt+V err="Hot key is already registered."
2026-10-10T07:41:34.3721372Z time=2026-10-10T07:38:20.752Z level=ERROR msg="ball: hotkey reload" binding="hotkey panel = \"Ctrl+Alt+V\" is occupied by another program and was NOT registered; pressing it will do nothing until you pick a free combination in [hotkey]"
2026-10-10T07:41:34.3721787Z time=2026-10-10T07:38:20.752Z level=INFO msg="ball: hotkeys rebound after config change" summon=Ctrl+Alt+Z mute=Ctrl+Alt+M cancel=Esc panel=Ctrl+Alt+V live=2
2026-10-10T07:41:34.3722135Z time=2026-10-10T07:38:20.754Z level=INFO msg="ball: resident leg destroyed the ball window, its tray icon and its hotkeys"
2026-10-10T07:41:34.3722332Z --- PASS: Test258OccupiedCombinationNamesTheNewValue (0.02s)
2026-10-10T07:41:34.3722534Z === RUN   Test296BridgeKeepsThreeLiveKeysWithOwnerEmptySlots
2026-10-10T07:41:34.3723076Z time=2026-10-10T07:38:20.768Z level=INFO msg="cancel hotkey left unbound while idle: the configured key is borrowed only during Confirming and handed back at session end (ticket 245)" hotkey=cancel binding=Esc
2026-10-10T07:41:34.3723414Z time=2026-10-10T07:38:20.770Z level=INFO msg="ball: hotkey reload bridge armed (polls config, rebinds on change)" poll=1s provenance=defaults
2026-10-10T07:41:34.3723749Z wisp: ball hotkey reload bridge armed (provenance=defaults); a hand edit of [hotkey] rebinds the live keys without a restart
2026-10-10T07:41:34.3725562Z time=2026-10-10T07:38:20.770Z level=INFO msg="ball: the resident leg created the floating ball window" hotkeys_provenance=defaults hotkeys_live=3 hotkeys="summon=Ctrl+Alt+Q live, mute=Ctrl+Alt+M live, cancel=Esc not bound while idle (cancel is borrowed only during Confirming), panel=Ctrl+Alt+P live" gestures="recorded only except the ones the assembly root hands an executor for: the cancel key (ticket 246) and the panel gestures (ticket 33); the two mute gestures turn this process's capture gate once that leg is assembled (ticket 290 - this line prints before the attach, because the ball is built first), and D43's four veto channels stay reduced here to the one the assembly root injected"
2026-10-10T07:41:34.3725877Z time=2026-10-10T07:38:20.772Z level=INFO msg="ball: resident leg destroyed the ball window, its tray icon and its hotkeys"
2026-10-10T07:41:34.3726101Z --- PASS: Test296BridgeKeepsThreeLiveKeysWithOwnerEmptySlots (0.02s)
2026-10-10T07:41:34.3726270Z === RUN   Test296BridgeKeepsThreeLiveKeysWhenConfigUnreadable
2026-10-10T07:41:34.3726815Z time=2026-10-10T07:38:20.786Z level=INFO msg="cancel hotkey left unbound while idle: the configured key is borrowed only during Confirming and handed back at session end (ticket 245)" hotkey=cancel binding=Esc
2026-10-10T07:41:34.3727181Z time=2026-10-10T07:38:20.788Z level=INFO msg="ball: hotkey reload bridge armed (polls config, rebinds on change)" poll=1s provenance=defaults
2026-10-10T07:41:34.3727517Z wisp: ball hotkey reload bridge armed (provenance=defaults); a hand edit of [hotkey] rebinds the live keys without a restart
2026-10-10T07:41:34.3729342Z time=2026-10-10T07:38:20.788Z level=INFO msg="ball: the resident leg created the floating ball window" hotkeys_provenance=defaults hotkeys_live=3 hotkeys="summon=Ctrl+Alt+Q live, mute=Ctrl+Alt+M live, cancel=Esc not bound while idle (cancel is borrowed only during Confirming), panel=Ctrl+Alt+P live" gestures="recorded only except the ones the assembly root hands an executor for: the cancel key (ticket 246) and the panel gestures (ticket 33); the two mute gestures turn this process's capture gate once that leg is assembled (ticket 290 - this line prints before the attach, because the ball is built first), and D43's four veto channels stay reduced here to the one the assembly root injected"
2026-10-10T07:41:34.3729632Z time=2026-10-10T07:38:20.790Z level=INFO msg="ball: resident leg destroyed the ball window, its tray icon and its hotkeys"
2026-10-10T07:41:34.3729859Z --- PASS: Test296BridgeKeepsThreeLiveKeysWhenConfigUnreadable (0.02s)
2026-10-10T07:41:34.3730179Z === RUN   Test258V1ProbeSummonEditRebindsLiveBall
2026-10-10T07:41:34.3731102Z time=2026-10-10T07:38:20.833Z level=INFO msg="cancel hotkey left unbound while idle: the configured key is borrowed only during Confirming and handed back at session end (ticket 245)" hotkey=cancel binding=Esc
2026-10-10T07:41:34.3731595Z time=2026-10-10T07:38:20.835Z level=INFO msg="ball: hotkey reload bridge armed (polls config, rebinds on change)" poll=1s provenance=config
2026-10-10T07:41:34.3731927Z wisp: ball hotkey reload bridge armed (provenance=config); a hand edit of [hotkey] rebinds the live keys without a restart
2026-10-10T07:41:34.3733965Z time=2026-10-10T07:38:20.835Z level=INFO msg="ball: the resident leg created the floating ball window" hotkeys_provenance=config hotkeys_live=3 hotkeys="summon=Ctrl+Alt+Z live, mute=Ctrl+Alt+M live, cancel=Esc not bound while idle (cancel is borrowed only during Confirming), panel=Ctrl+Alt+P live" gestures="recorded only except the ones the assembly root hands an executor for: the cancel key (ticket 246) and the panel gestures (ticket 33); the two mute gestures turn this process's capture gate once that leg is assembled (ticket 290 - this line prints before the attach, because the ball is built first), and D43's four veto channels stay reduced here to the one the assembly root injected"
2026-10-10T07:41:34.3734519Z time=2026-10-10T07:38:20.838Z level=INFO msg="cancel hotkey left unbound while idle: the configured key is borrowed only during Confirming and handed back at session end (ticket 245)" hotkey=cancel binding=Esc
2026-10-10T07:41:34.3734936Z time=2026-10-10T07:38:20.838Z level=INFO msg="ball: hotkeys rebound after config change" summon=Ctrl+Alt+7 mute=Ctrl+Alt+M cancel=Esc panel=Ctrl+Alt+P live=3
2026-10-10T07:41:34.3735249Z time=2026-10-10T07:38:20.840Z level=INFO msg="ball: resident leg destroyed the ball window, its tray icon and its hotkeys"
2026-10-10T07:41:34.3735410Z --- PASS: Test258V1ProbeSummonEditRebindsLiveBall (0.05s)
2026-10-10T07:41:34.3735613Z === RUN   Test258V1ProbeConstructionMissingFileNamesTheFallback
2026-10-10T07:41:34.3735844Z --- PASS: Test258V1ProbeConstructionMissingFileNamesTheFallback (0.00s)
2026-10-10T07:41:34.3735984Z === RUN   TestAC290BothMuteGesturesTurnTheGateAndBack
2026-10-10T07:41:34.3736634Z time=2026-10-10T07:38:20.848Z level=INFO msg="audio: capture armed but muted at boot; device not opened" config_source=C:\Users\RUNNER~1\AppData\Local\Temp\TestAC290BothMuteGesturesTurnTheGateAndBack3281975672\001\config.toml path=T
2026-10-10T07:41:34.3737379Z time=2026-10-10T07:38:20.848Z level=INFO msg="mute gesture turned this process's capture gate" gesture=mute-hotkey outcome="已取消静音：设备已交接，采集线程在跑；电平按票 247 的链路交给球（球屏上会不会呼吸是票 68 那一格，本票不声称）"
2026-10-10T07:41:34.3737665Z wisp: ball mute-hotkey: 已取消静音：设备已交接，采集线程在跑；电平按票 247 的链路交给球（球屏上会不会呼吸是票 68 那一格，本票不声称）
2026-10-10T07:41:34.3738105Z time=2026-10-10T07:38:20.848Z level=INFO msg="mute gesture turned this process's capture gate" gesture=mute-hotkey outcome=已静音：采集已关闭，设备未打开（再按一次取消静音）
2026-10-10T07:41:34.3738527Z wisp: ball mute-hotkey: 已静音：采集已关闭，设备未打开（再按一次取消静音）
2026-10-10T07:41:34.3739080Z time=2026-10-10T07:38:20.848Z level=INFO msg="mute gesture turned this process's capture gate" gesture=tray-mute outcome="已取消静音：设备已交接，采集线程在跑；电平按票 247 的链路交给球（球屏上会不会呼吸是票 68 那一格，本票不声称）"
2026-10-10T07:41:34.3739342Z wisp: ball tray-mute: 已取消静音：设备已交接，采集线程在跑；电平按票 247 的链路交给球（球屏上会不会呼吸是票 68 那一格，本票不声称）
2026-10-10T07:41:34.3739762Z time=2026-10-10T07:38:20.848Z level=INFO msg="mute gesture turned this process's capture gate" gesture=tray-mute outcome=已静音：采集已关闭，设备未打开（再按一次取消静音）
2026-10-10T07:41:34.3740084Z wisp: ball tray-mute: 已静音：采集已关闭，设备未打开（再按一次取消静音）
2026-10-10T07:41:34.3740527Z time=2026-10-10T07:38:20.848Z level=INFO msg="shutdown step skipped (module not present)" step=1 name=scheduler-close
2026-10-10T07:41:34.3740837Z time=2026-10-10T07:38:20.848Z level=INFO msg="shutdown step skipped (module not present)" step=2 name=stop-hotkey-kws
2026-10-10T07:41:34.3741135Z time=2026-10-10T07:38:20.849Z level=INFO msg="shutdown step skipped (module not present)" step=3 name=cancel-task-roots
2026-10-10T07:41:34.3741489Z time=2026-10-10T07:38:20.849Z level=INFO msg="audio capture leg stopped: levels_delivered=0 frames_sent=0 frames_dropped=0 reopens=0"
2026-10-10T07:41:34.3741745Z wisp: audio capture leg stopped: levels_delivered=0 frames_sent=0 frames_dropped=0 reopens=0
2026-10-10T07:41:34.3742070Z time=2026-10-10T07:38:20.849Z level=INFO msg="shutdown step skipped (module not present)" step=5 name=release-speech-sessions
2026-10-10T07:41:34.3742364Z time=2026-10-10T07:38:20.849Z level=INFO msg="shutdown step skipped (module not present)" step=6 name=destroy-panel-webview
2026-10-10T07:41:34.3742676Z time=2026-10-10T07:38:20.849Z level=INFO msg="shutdown step skipped (module not present)" step=7 name=flush-logs-close-db
2026-10-10T07:41:34.3742869Z --- PASS: TestAC290BothMuteGesturesTurnTheGateAndBack (0.01s)
2026-10-10T07:41:34.3743055Z === RUN   TestAC290OutcomeIsReadOffTheGateNotOffTheRequest
2026-10-10T07:41:34.3743700Z time=2026-10-10T07:38:20.858Z level=INFO msg="audio: capture armed but muted at boot; device not opened" config_source=C:\Users\RUNNER~1\AppData\Local\Temp\TestAC290OutcomeIsReadOffTheGateNotOffTheRequest350351896\001\config.toml path=T
2026-10-10T07:41:34.3744435Z time=2026-10-10T07:38:20.858Z level=ERROR msg="audio source failed" source=gate-T error="audio_device: capture open on device Blocked Mic (0x80070005): microphone access denied: allow desktop apps to use the microphone under Windows Settings > Privacy & security > Microphone"
2026-10-10T07:41:34.3745774Z time=2026-10-10T07:38:20.859Z level=INFO msg="mute gesture turned this process's capture gate" gesture=mute-hotkey outcome="已取消静音但设备未交接（gate 未 open，错误分类 audio_device）：audio_device: capture open on device Blocked Mic (0x80070005): microphone access denied: allow desktop apps to use the microphone under Windows Settings > Privacy & security > Microphone；球不会收到电平"
2026-10-10T07:41:34.3747092Z wisp: ball mute-hotkey: 已取消静音但设备未交接（gate 未 open，错误分类 audio_device）：audio_device: capture open on device Blocked Mic (0x80070005): microphone access denied: allow desktop apps to use the microphone under Windows Settings > Privacy & security > Microphone；球不会收到电平
2026-10-10T07:41:34.3747578Z time=2026-10-10T07:38:20.859Z level=INFO msg="shutdown step skipped (module not present)" step=1 name=scheduler-close
2026-10-10T07:41:34.3748003Z time=2026-10-10T07:38:20.859Z level=INFO msg="shutdown step skipped (module not present)" step=2 name=stop-hotkey-kws
2026-10-10T07:41:34.3748472Z time=2026-10-10T07:38:20.859Z level=INFO msg="shutdown step skipped (module not present)" step=3 name=cancel-task-roots
2026-10-10T07:41:34.3749800Z time=2026-10-10T07:38:20.859Z level=INFO msg="audio capture leg stopped: levels_delivered=0 frames_sent=0 frames_dropped=0 reopens=0 last_error=audio_device: capture open on device Blocked Mic (0x80070005): microphone access denied: allow desktop apps to use the microphone under Windows Settings > Privacy & security > Microphone"
2026-10-10T07:41:34.3751529Z wisp: audio capture leg stopped: levels_delivered=0 frames_sent=0 frames_dropped=0 reopens=0 last_error=audio_device: capture open on device Blocked Mic (0x80070005): microphone access denied: allow desktop apps to use the microphone under Windows Settings > Privacy & security > Microphone
2026-10-10T07:41:34.3752087Z time=2026-10-10T07:38:20.860Z level=INFO msg="shutdown step skipped (module not present)" step=5 name=release-speech-sessions
2026-10-10T07:41:34.3752563Z time=2026-10-10T07:38:20.860Z level=INFO msg="shutdown step skipped (module not present)" step=6 name=destroy-panel-webview
2026-10-10T07:41:34.3753214Z time=2026-10-10T07:38:20.860Z level=INFO msg="shutdown step skipped (module not present)" step=7 name=flush-logs-close-db
2026-10-10T07:41:34.3753554Z --- PASS: TestAC290OutcomeIsReadOffTheGateNotOffTheRequest (0.01s)
2026-10-10T07:41:34.3753810Z === RUN   TestAC290NoGateSaysWhichShapeThisProcessIsIn
2026-10-10T07:41:34.3754765Z time=2026-10-10T07:38:20.864Z level=INFO msg="audio: capture leg not built" reason="voice.enabled=false" config_source=C:\Users\RUNNER~1\AppData\Local\Temp\TestAC290NoGateSaysWhichShapeThisProcessIsIn1376479154\001\config.toml
2026-10-10T07:41:34.3756195Z wisp: 麦克风采集腿未构造（[voice] enabled=false，来源 C:\Users\RUNNER~1\AppData\Local\Temp\TestAC290NoGateSaysWhichShapeThisProcessIsIn1376479154\001\config.toml）：球不会收到任何电平，本进程其余部分照常
2026-10-10T07:41:34.3757539Z time=2026-10-10T07:38:20.864Z level=WARN msg="mute gesture found no gate to turn" gesture=mute-hotkey why="采集腿未构造：[voice] enabled=false（配置来源 C:\\Users\\RUNNER~1\\AppData\\Local\\Temp\\TestAC290NoGateSaysWhichShapeThisProcessIsIn1376479154\\001\\config.toml）"
2026-10-10T07:41:34.3758309Z wisp: ball mute-hotkey: 采集腿未构造：[voice] enabled=false（配置来源 C:\Users\RUNNER~1\AppData\Local\Temp\TestAC290NoGateSaysWhichShapeThisProcessIsIn1376479154\001\config.toml）
2026-10-10T07:41:34.3758594Z time=2026-10-10T07:38:20.864Z level=INFO msg="shutdown step skipped (module not present)" step=1 name=scheduler-close
2026-10-10T07:41:34.3758927Z time=2026-10-10T07:38:20.864Z level=INFO msg="shutdown step skipped (module not present)" step=2 name=stop-hotkey-kws
2026-10-10T07:41:34.3759236Z time=2026-10-10T07:38:20.864Z level=INFO msg="shutdown step skipped (module not present)" step=3 name=cancel-task-roots
2026-10-10T07:41:34.3759534Z time=2026-10-10T07:38:20.864Z level=INFO msg="shutdown step skipped (module not present)" step=4 name=stop-audio
2026-10-10T07:41:34.3759839Z time=2026-10-10T07:38:20.864Z level=INFO msg="shutdown step skipped (module not present)" step=5 name=release-speech-sessions
2026-10-10T07:41:34.3760174Z time=2026-10-10T07:38:20.864Z level=INFO msg="shutdown step skipped (module not present)" step=6 name=destroy-panel-webview
2026-10-10T07:41:34.3760493Z time=2026-10-10T07:38:20.864Z level=INFO msg="shutdown step skipped (module not present)" step=7 name=flush-logs-close-db
2026-10-10T07:41:34.3760708Z --- PASS: TestAC290NoGateSaysWhichShapeThisProcessIsIn (0.00s)
2026-10-10T07:41:34.3760846Z === RUN   TestAC290GestureBeforeTheAttachSaysSo
2026-10-10T07:41:34.3761646Z time=2026-10-10T07:38:20.866Z level=WARN msg="mute gesture arrived before its executor was attached" gesture=mute-hotkey why="no capture leg had been assembled when this key arrived, so there was no gate to turn; the assembly root attaches the mute key to the gate at the end of boot (ticket 290)"
2026-10-10T07:41:34.3762153Z wisp: ball mute-hotkey: no capture leg had been assembled when this key arrived, so there was no gate to turn; the assembly root attaches the mute key to the gate at the end of boot (ticket 290)
2026-10-10T07:41:34.3762923Z time=2026-10-10T07:38:20.866Z level=WARN msg="mute gesture arrived before its executor was attached" gesture=tray-mute why="no capture leg had been assembled when this key arrived, so there was no gate to turn; the assembly root attaches the mute key to the gate at the end of boot (ticket 290)"
2026-10-10T07:41:34.3763812Z wisp: ball tray-mute: no capture leg had been assembled when this key arrived, so there was no gate to turn; the assembly root attaches the mute key to the gate at the end of boot (ticket 290)
2026-10-10T07:41:34.3763971Z --- PASS: TestAC290GestureBeforeTheAttachSaysSo (0.00s)
2026-10-10T07:41:34.3764134Z === RUN   TestAC290MutedDefaultStillDecidesTheBoot
2026-10-10T07:41:34.3764788Z time=2026-10-10T07:38:20.868Z level=INFO msg="audio: capture armed but muted at boot; device not opened" config_source=C:\Users\RUNNER~1\AppData\Local\Temp\TestAC290MutedDefaultStillDecidesTheBoot3787159493\001\config.toml path=T
2026-10-10T07:41:34.3765490Z time=2026-10-10T07:38:20.868Z level=INFO msg="mute gesture turned this process's capture gate" gesture=mute-hotkey outcome="已取消静音：设备已交接，采集线程在跑；电平按票 247 的链路交给球（球屏上会不会呼吸是票 68 那一格，本票不声称）"
2026-10-10T07:41:34.3765744Z wisp: ball mute-hotkey: 已取消静音：设备已交接，采集线程在跑；电平按票 247 的链路交给球（球屏上会不会呼吸是票 68 那一格，本票不声称）
2026-10-10T07:41:34.3766063Z time=2026-10-10T07:38:20.870Z level=INFO msg="shutdown step skipped (module not present)" step=1 name=scheduler-close
2026-10-10T07:41:34.3766363Z time=2026-10-10T07:38:20.870Z level=INFO msg="shutdown step skipped (module not present)" step=2 name=stop-hotkey-kws
2026-10-10T07:41:34.3766670Z time=2026-10-10T07:38:20.870Z level=INFO msg="shutdown step skipped (module not present)" step=3 name=cancel-task-roots
2026-10-10T07:41:34.3767007Z time=2026-10-10T07:38:20.870Z level=INFO msg="audio capture leg stopped: levels_delivered=0 frames_sent=0 frames_dropped=0 reopens=0"
2026-10-10T07:41:34.3767274Z wisp: audio capture leg stopped: levels_delivered=0 frames_sent=0 frames_dropped=0 reopens=0
2026-10-10T07:41:34.3767609Z time=2026-10-10T07:38:20.870Z level=INFO msg="shutdown step skipped (module not present)" step=5 name=release-speech-sessions
2026-10-10T07:41:34.3767933Z time=2026-10-10T07:38:20.870Z level=INFO msg="shutdown step skipped (module not present)" step=6 name=destroy-panel-webview
2026-10-10T07:41:34.3768428Z time=2026-10-10T07:38:20.870Z level=INFO msg="shutdown step skipped (module not present)" step=7 name=flush-logs-close-db
2026-10-10T07:41:34.3768690Z --- PASS: TestAC290MutedDefaultStillDecidesTheBoot (0.00s)
2026-10-10T07:41:34.3768966Z === RUN   TestAC290UnhostedGestureWordingStillSaysTrueThing
2026-10-10T07:41:34.3769251Z --- PASS: TestAC290UnhostedGestureWordingStillSaysTrueThing (0.00s)
2026-10-10T07:41:34.3769512Z === RUN   TestAC1ResidentLegInstallsItsLogListenerOnDisk
2026-10-10T07:41:34.3770370Z     resident_sink_nail_127_windows_test.go:433: resident sink C:\Users\RUNNER~1\AppData\Local\Temp\TestAC1ResidentLegInstallsItsLogListenerOnDisk3939581042\002\logs: 1 file(s), 14 record(s)
2026-10-10T07:41:34.3770575Z --- PASS: TestAC1ResidentLegInstallsItsLogListenerOnDisk (3.89s)
2026-10-10T07:41:34.3770712Z === RUN   TestAC1ResidentLegOutlivesItsOwnLogFailure
2026-10-10T07:41:34.3770902Z --- PASS: TestAC1ResidentLegOutlivesItsOwnLogFailure (2.76s)
2026-10-10T07:41:34.3771101Z === RUN   TestAC1ResidentLegBooksItsShutdownBeforeClosingTheSink
2026-10-10T07:41:34.3771873Z     resident_sink_nail_127_windows_test.go:594: resident sink C:\Users\RUNNER~1\AppData\Local\Temp\TestAC1ResidentLegBooksItsShutdownBeforeClosingTheSink1768793865\002\logs: 1 file(s), 22 record(s)
2026-10-10T07:41:34.3772909Z     resident_sink_nail_127_windows_test.go:640: RESIDENT LEG RECORDED ON DISK: 5 shutdown record(s), steps [1 2 5 6 7], first="shutdown step skipped (module not present)" last="shutdown step skipped (module not present)"
2026-10-10T07:41:34.3773257Z     resident_sink_nail_127_windows_test.go:571: resident leg exit: exited 0
2026-10-10T07:41:34.3773499Z --- PASS: TestAC1ResidentLegBooksItsShutdownBeforeClosingTheSink (3.01s)
2026-10-10T07:41:34.3773678Z === RUN   TestAC246ResidentPipelineAsksThroughTheOneGate
2026-10-10T07:41:34.3774022Z time=2026-10-10T07:38:31.490Z level=WARN msg="goroutine outside the D38 roster (leak symptom)" goroutine=mockllm-stdout-reader owner=test
2026-10-10T07:41:34.3775410Z time=2026-10-10T07:38:31.504Z level=INFO msg="resident gate: [risk] tier taken at construction" provenance="defaults (no host config view)" config_path="(no host config view)" window_sec_read=0 confirm_timeout_sec_read=0 gate_window=3s gate_queue_timeout=5m0s scope="construction time only: approval.Gate and Queue copy these in New and nothing re-applies them (ticket 256)"
2026-10-10T07:41:34.3775731Z 2026/10/10 07:38:31 mockllm: serving on http://127.0.0.1:60676 (golden dir D:\a\wisp\wisp\internal\llm\testdata\golden)
2026-10-10T07:41:34.3776631Z time=2026-10-10T07:38:31.532Z level=INFO msg="pre-migration backup written" component=memory backup=C:\Users\RUNNER~1\AppData\Local\Temp\TestAC246ResidentPipelineAsksThroughTheOneGate375796445\002\backup\wisp.db.bak-0-1 from=0 to=1
2026-10-10T07:41:34.3777134Z time=2026-10-10T07:38:31.541Z level=INFO msg="schema migration step applied" component=memory from=0 to=1 started_at=2026-10-10T07:38:31Z duration_ms=8
2026-10-10T07:41:34.3777767Z time=2026-10-10T07:38:31.563Z level=INFO msg="pre-migration backup written" component=memory backup=C:\Users\RUNNER~1\AppData\Local\Temp\TestAC246ResidentPipelineAsksThroughTheOneGate375796445\002\backup\wisp.db.bak-1-2 from=1 to=2
2026-10-10T07:41:34.3778161Z time=2026-10-10T07:38:31.572Z level=INFO msg="schema migration step applied" component=memory from=1 to=2 started_at=2026-10-10T07:38:31Z duration_ms=8
2026-10-10T07:41:34.3778439Z time=2026-10-10T07:38:31.591Z level=INFO msg="schema migration complete" component=memory schema_version=2
2026-10-10T07:41:34.3778803Z time=2026-10-10T07:38:31.593Z level=INFO msg="startup WAL checkpoint (TRUNCATE) done" component=memory wal_pages_before=0 pages_moved=0
2026-10-10T07:41:34.3779286Z time=2026-10-10T07:38:31.593Z level=INFO msg="audit: wisp run: SESSION-MINT id=sess_eb7aa4b616d727489a00e0a408922049 (结束点＝本进程退出，A435 第 2 条)"
2026-10-10T07:41:34.3779968Z time=2026-10-10T07:38:31.593Z level=INFO msg="audit: perm: MODE-READ origin=startup mode=ask_every_step source=\"C:\\\\Users\\\\RUNNER~1\\\\AppData\\\\Local\\\\Temp\\\\TestAC246ResidentPipelineAsksThroughTheOneGate375796445\\\\002\\\\config.toml\""
2026-10-10T07:41:34.3781260Z time=2026-10-10T07:38:31.593Z level=INFO msg="audit: config: HOT-RELOAD state=armed tick=1s path=\"C:\\\\Users\\\\RUNNER~1\\\\AppData\\\\Local\\\\Temp\\\\TestAC246ResidentPipelineAsksThroughTheOneGate375796445\\\\002\\\\config.toml\" goroutine=watchdog owner=config d36_confirm=on restart_notice=on detail=\"本进程会每 tick 重读 config.toml：手改的可热加载段立即生效，锁定段的放宽要先过一张 L2 卡，重启档会明确告知不生效\""
2026-10-10T07:41:34.3781664Z time=2026-10-10T07:38:31.598Z level=INFO msg="audit: wisp run: 风险判定 tool=fs.write level=L1 rules=[R1] reason=\"R1: 工具声明为下界（L1）\""
2026-10-10T07:41:34.3782079Z time=2026-10-10T07:38:31.598Z level=ERROR msg="approval: 卡片无处呈现（本进程没有悬浮球窗口），已 fail-closed 拒绝" corr=host-corr-1 tool=fs.write level=L1
2026-10-10T07:41:34.3782458Z time=2026-10-10T07:38:31.598Z level=INFO msg="audit: approval: L1 prompt failed corr=host-corr-1 tool=fs.write: 常驻进程没有悬浮球窗口，卡片无处呈现"
2026-10-10T07:41:34.3782982Z wisp: [audit] approval: L1 prompt failed corr=host-corr-1 tool=fs.write: 常驻进程没有悬浮球窗口，卡片无处呈现
2026-10-10T07:41:34.3783751Z time=2026-10-10T07:38:31.599Z level=INFO msg="audit: tools: call kind=refused task=host:246-one-gate corr=host-corr-1 tool=fs.write risk=L1 decision=reject outcome=error rules_hit=[R1] in_allowlist_scope=true grant_id=0 reason=\"R1: 工具声明为下界（L1）\""
2026-10-10T07:41:34.3784129Z time=2026-10-10T07:38:31.599Z level=INFO msg="audit: tools: PATH-ACCOUNT task=host:246-one-gate tool=fs.write roots=1 rewritten=[] unusable=[]"
2026-10-10T07:41:34.3784491Z time=2026-10-10T07:38:31.605Z level=INFO msg="audit: wisp run: 风险判定 tool=fs.write level=L1 rules=[R1] reason=\"R1: 工具声明为下界（L1）\""
2026-10-10T07:41:34.3785115Z time=2026-10-10T07:38:31.605Z level=INFO msg="audit: config: HOT-RELOAD state=stopped reason=run-root-cancelled detail=\"轮询协程已退出（本次进程正在收口）；此后对 config.toml 的改动要下一次启动才会被读到\""
2026-10-10T07:41:34.3785322Z --- PASS: TestAC246ResidentPipelineAsksThroughTheOneGate (1.08s)
2026-10-10T07:41:34.3785532Z === RUN   TestAC246ResidentGateInjectionIsRefusedHalfAssembled
2026-10-10T07:41:34.3785875Z time=2026-10-10T07:38:32.464Z level=WARN msg="goroutine outside the D38 roster (leak symptom)" goroutine=mockllm-stdout-reader owner=test
2026-10-10T07:41:34.3786857Z time=2026-10-10T07:38:32.478Z level=INFO msg="resident gate: [risk] tier taken at construction" provenance="defaults (no host config view)" config_path="(no host config view)" window_sec_read=0 confirm_timeout_sec_read=0 gate_window=3s gate_queue_timeout=5m0s scope="construction time only: approval.Gate and Queue copy these in New and nothing re-applies them (ticket 256)"
2026-10-10T07:41:34.3787130Z === RUN   TestAC246ResidentGateInjectionIsRefusedHalfAssembled/gate_without_ledger
2026-10-10T07:41:34.3787440Z 2026/10/10 07:38:32 mockllm: serving on http://127.0.0.1:60677 (golden dir D:\a\wisp\wisp\internal\llm\testdata\golden)
2026-10-10T07:41:34.3788123Z time=2026-10-10T07:38:32.503Z level=INFO msg="pre-migration backup written" component=memory backup=C:\Users\RUNNER~1\AppData\Local\Temp\TestAC246ResidentGateInjectionIsRefusedHalfAssembled2312123219\002\backup\wisp.db.bak-0-1 from=0 to=1
2026-10-10T07:41:34.3788519Z time=2026-10-10T07:38:32.511Z level=INFO msg="schema migration step applied" component=memory from=0 to=1 started_at=2026-10-10T07:38:32Z duration_ms=7
2026-10-10T07:41:34.3789206Z time=2026-10-10T07:38:32.530Z level=INFO msg="pre-migration backup written" component=memory backup=C:\Users\RUNNER~1\AppData\Local\Temp\TestAC246ResidentGateInjectionIsRefusedHalfAssembled2312123219\002\backup\wisp.db.bak-1-2 from=1 to=2
2026-10-10T07:41:34.3789594Z time=2026-10-10T07:38:32.540Z level=INFO msg="schema migration step applied" component=memory from=1 to=2 started_at=2026-10-10T07:38:32Z duration_ms=8
2026-10-10T07:41:34.3789878Z time=2026-10-10T07:38:32.555Z level=INFO msg="schema migration complete" component=memory schema_version=2
2026-10-10T07:41:34.3790199Z time=2026-10-10T07:38:32.557Z level=INFO msg="startup WAL checkpoint (TRUNCATE) done" component=memory wal_pages_before=0 pages_moved=0
2026-10-10T07:41:34.3790635Z time=2026-10-10T07:38:32.557Z level=INFO msg="audit: wisp run: SESSION-MINT id=sess_2f3076a0ede371858e188d76717e1320 (结束点＝本进程退出，A435 第 2 条)"
2026-10-10T07:41:34.3790923Z === RUN   TestAC246ResidentGateInjectionIsRefusedHalfAssembled/gate_without_surface
2026-10-10T07:41:34.3791277Z time=2026-10-10T07:38:32.565Z level=INFO msg="startup WAL checkpoint (TRUNCATE) done" component=memory wal_pages_before=0 pages_moved=0
2026-10-10T07:41:34.3791682Z time=2026-10-10T07:38:32.565Z level=INFO msg="audit: wisp run: SESSION-MINT id=sess_4cbfe021fe2167370bdd9d77d0cba7f2 (结束点＝本进程退出，A435 第 2 条)"
2026-10-10T07:41:34.3792055Z --- PASS: TestAC246ResidentGateInjectionIsRefusedHalfAssembled (0.95s)
2026-10-10T07:41:34.3792449Z     --- PASS: TestAC246ResidentGateInjectionIsRefusedHalfAssembled/gate_without_ledger (0.08s)
2026-10-10T07:41:34.3792786Z     --- PASS: TestAC246ResidentGateInjectionIsRefusedHalfAssembled/gate_without_surface (0.01s)
2026-10-10T07:41:34.3793216Z === RUN   TestAC246ResidentTaskRootCancelStopsTheModelCall
2026-10-10T07:41:34.3793591Z time=2026-10-10T07:38:33.417Z level=WARN msg="goroutine outside the D38 roster (leak symptom)" goroutine=mockllm-stdout-reader owner=test
2026-10-10T07:41:34.3794570Z time=2026-10-10T07:38:33.430Z level=INFO msg="resident gate: [risk] tier taken at construction" provenance="defaults (no host config view)" config_path="(no host config view)" window_sec_read=0 confirm_timeout_sec_read=0 gate_window=3s gate_queue_timeout=5m0s scope="construction time only: approval.Gate and Queue copy these in New and nothing re-applies them (ticket 256)"
2026-10-10T07:41:34.3794949Z 2026/10/10 07:38:33 mockllm: serving on http://127.0.0.1:60680 (golden dir D:\a\wisp\wisp\internal\llm\testdata\golden)
2026-10-10T07:41:34.3795608Z time=2026-10-10T07:38:33.455Z level=INFO msg="pre-migration backup written" component=memory backup=C:\Users\RUNNER~1\AppData\Local\Temp\TestAC246ResidentTaskRootCancelStopsTheModelCall1498127542\002\backup\wisp.db.bak-0-1 from=0 to=1
2026-10-10T07:41:34.3796011Z time=2026-10-10T07:38:33.464Z level=INFO msg="schema migration step applied" component=memory from=0 to=1 started_at=2026-10-10T07:38:33Z duration_ms=9
2026-10-10T07:41:34.3796844Z time=2026-10-10T07:38:33.486Z level=INFO msg="pre-migration backup written" component=memory backup=C:\Users\RUNNER~1\AppData\Local\Temp\TestAC246ResidentTaskRootCancelStopsTheModelCall1498127542\002\backup\wisp.db.bak-1-2 from=1 to=2
2026-10-10T07:41:34.3797252Z time=2026-10-10T07:38:33.509Z level=INFO msg="schema migration step applied" component=memory from=1 to=2 started_at=2026-10-10T07:38:33Z duration_ms=23
2026-10-10T07:41:34.3797510Z time=2026-10-10T07:38:33.526Z level=INFO msg="schema migration complete" component=memory schema_version=2
2026-10-10T07:41:34.3797872Z time=2026-10-10T07:38:33.527Z level=INFO msg="startup WAL checkpoint (TRUNCATE) done" component=memory wal_pages_before=0 pages_moved=0
2026-10-10T07:41:34.3798328Z time=2026-10-10T07:38:33.527Z level=INFO msg="audit: wisp run: SESSION-MINT id=sess_f99eab0b64565515d8d256190076bf63 (结束点＝本进程退出，A435 第 2 条)"
2026-10-10T07:41:34.3799002Z time=2026-10-10T07:38:33.527Z level=INFO msg="audit: perm: MODE-READ origin=startup mode=ask_every_step source=\"C:\\\\Users\\\\RUNNER~1\\\\AppData\\\\Local\\\\Temp\\\\TestAC246ResidentTaskRootCancelStopsTheModelCall1498127542\\\\002\\\\config.toml\""
2026-10-10T07:41:34.3800191Z time=2026-10-10T07:38:33.527Z level=INFO msg="audit: config: HOT-RELOAD state=armed tick=1s path=\"C:\\\\Users\\\\RUNNER~1\\\\AppData\\\\Local\\\\Temp\\\\TestAC246ResidentTaskRootCancelStopsTheModelCall1498127542\\\\002\\\\config.toml\" goroutine=watchdog owner=config d36_confirm=on restart_notice=on detail=\"本进程会每 tick 重读 config.toml：手改的可热加载段立即生效，锁定段的放宽要先过一张 L2 卡，重启档会明确告知不生效\""
2026-10-10T07:41:34.3800948Z time=2026-10-10T07:38:33.527Z level=INFO msg="audit: wisp run: 项目说明加载器 workspace=\"\" globalDir=\"C:\\\\Users\\\\RUNNER~1\\\\AppData\\\\Local\\\\Temp\\\\TestAC246ResidentTaskRootCancelStopsTheModelCall1498127542\\\\002\" enabled=true budget=2300"
2026-10-10T07:41:34.3801290Z time=2026-10-10T07:38:33.527Z level=INFO msg="audit: projctx: projctx: 没有找到任何项目说明文件（工作区逐级向上与数据目录都查过）"
2026-10-10T07:41:34.3801768Z time=2026-10-10T07:38:33.530Z level=INFO msg="panel: SNAPSHOT at=2026-10-10T07:38:33Z depth=0 pending= mode=ask_every_step ws=unset results=1/1 done bytes=1910 sha256=b7e1fca2018638f1"
2026-10-10T07:41:34.3802226Z time=2026-10-10T07:38:33.530Z level=INFO msg="audit: tools: C25 scope closed task=39336046-1230-4ff8-a6bc-8578878690b5 was_open=false dropped=0 open_scopes=0 close_err=<nil>"
2026-10-10T07:41:34.3802650Z     resident_task_source_246_windows_test.go:199: AC#7 positive control: live root -> execute code 0, provider chat requests 1
2026-10-10T07:41:34.3803035Z time=2026-10-10T07:38:33.539Z level=INFO msg="audit: resident-approval: 退出第 3 步完成：拒绝待批卡片 0 张、作废 L1 窗口 0 张、路由失败 0 张；任务根已取消，无等待残留"
2026-10-10T07:41:34.3803331Z wisp: [audit] resident-approval: 退出第 3 步完成：拒绝待批卡片 0 张、作废 L1 窗口 0 张、路由失败 0 张；任务根已取消，无等待残留
2026-10-10T07:41:34.3804183Z time=2026-10-10T07:38:33.540Z level=INFO msg="audit: wisp run: 项目说明加载器 workspace=\"\" globalDir=\"C:\\\\Users\\\\RUNNER~1\\\\AppData\\\\Local\\\\Temp\\\\TestAC246ResidentTaskRootCancelStopsTheModelCall1498127542\\\\002\" enabled=true budget=2300"
2026-10-10T07:41:34.3804656Z time=2026-10-10T07:38:33.540Z level=INFO msg="panel: SNAPSHOT at=2026-10-10T07:38:33Z depth=0 pending= mode=ask_every_step ws=unset results=2/2 done bytes=2358 sha256=6e9db26685cceeb0"
2026-10-10T07:41:34.3805090Z time=2026-10-10T07:38:33.540Z level=INFO msg="audit: tools: C25 scope closed task=73683ce9-9177-49fd-8619-9801c0595788 was_open=false dropped=0 open_scopes=0 close_err=<nil>"
2026-10-10T07:41:34.3805539Z time=2026-10-10T07:38:33.540Z level=INFO msg="audit: wisp run: 后台任务的输出没有进名册：这个任务没有留下正文（空正文不进名册，免得「查不到」和「没打印」被读成同一件事）"
2026-10-10T07:41:34.3805990Z     resident_task_source_246_windows_test.go:225: AC#7 READING (ruling 2.3): after step 3's cancel, execute -> exit 1, provider requests 1 -> 1
2026-10-10T07:41:34.3806539Z time=2026-10-10T07:38:33.541Z level=INFO msg="audit: config: HOT-RELOAD state=stopped reason=run-root-cancelled detail=\"轮询协程已退出（本次进程正在收口）；此后对 config.toml 的改动要下一次启动才会被读到\""
2026-10-10T07:41:34.3806731Z --- PASS: TestAC246ResidentTaskRootCancelStopsTheModelCall (0.99s)
2026-10-10T07:41:34.3806969Z === RUN   TestAC246TestTaskInjectionPredicate
2026-10-10T07:41:34.3807310Z === RUN   TestAC246TestTaskInjectionPredicate/accepted_in_the_harness'_own_root
2026-10-10T07:41:34.3807577Z === RUN   TestAC246TestTaskInjectionPredicate/refused_outside_test
2026-10-10T07:41:34.3807953Z === RUN   TestAC246TestTaskInjectionPredicate/refused_when_the_root_is_not_the_harness'_own
2026-10-10T07:41:34.3808227Z === RUN   TestAC246TestTaskInjectionPredicate/unset_is_silent
2026-10-10T07:41:34.3808605Z === RUN   TestAC246TestTaskInjectionPredicate/a_refusal_never_carries_the_whole_text
2026-10-10T07:41:34.3808753Z --- PASS: TestAC246TestTaskInjectionPredicate (0.00s)
2026-10-10T07:41:34.3809145Z     --- PASS: TestAC246TestTaskInjectionPredicate/accepted_in_the_harness'_own_root (0.00s)
2026-10-10T07:41:34.3809851Z     --- PASS: TestAC246TestTaskInjectionPredicate/refused_outside_test (0.00s)
2026-10-10T07:41:34.3810292Z     --- PASS: TestAC246TestTaskInjectionPredicate/refused_when_the_root_is_not_the_harness'_own (0.00s)
2026-10-10T07:41:34.3810635Z     --- PASS: TestAC246TestTaskInjectionPredicate/unset_is_silent (0.00s)
2026-10-10T07:41:34.3810961Z     --- PASS: TestAC246TestTaskInjectionPredicate/a_refusal_never_carries_the_whole_text (0.00s)
2026-10-10T07:41:34.3811199Z === RUN   TestAC246ShippedResidentLegWithoutConsoleRefusesItsTaskEntry
2026-10-10T07:41:34.3811921Z     resident_task_source_246_windows_test.go:340: resident sink C:\Users\RUNNER~1\AppData\Local\Temp\TestAC246ShippedResidentLegWithoutConsoleRefusesItsTaskEntry2098997512\002\logs: 1 file(s), 22 record(s)
2026-10-10T07:41:34.3812323Z --- PASS: TestAC246ShippedResidentLegWithoutConsoleRefusesItsTaskEntry (2.92s)
2026-10-10T07:41:34.3812585Z === RUN   TestAC246ShippedResidentLegTakesTheInjectionAndAttemptsThePipeline
2026-10-10T07:41:34.3813456Z     resident_task_source_246_windows_test.go:401: resident sink C:\Users\RUNNER~1\AppData\Local\Temp\TestAC246ShippedResidentLegTakesTheInjectionAndAttemptsThePipeli2301506943\002\logs: 1 file(s), 23 record(s)
2026-10-10T07:41:34.3813747Z --- PASS: TestAC246ShippedResidentLegTakesTheInjectionAndAttemptsThePipeline (2.56s)
2026-10-10T07:41:34.3813889Z === RUN   TestAC246DevLegIgnoresTheTestTaskInjection
2026-10-10T07:41:34.3814086Z --- PASS: TestAC246DevLegIgnoresTheTestTaskInjection (2.64s)
2026-10-10T07:41:34.3814243Z === RUN   TestAC293TrayItemCheckmarkFollowsTheGate
2026-10-10T07:41:34.3814877Z time=2026-10-10T07:38:41.677Z level=INFO msg="audio: capture armed but muted at boot; device not opened" config_source=C:\Users\RUNNER~1\AppData\Local\Temp\TestAC293TrayItemCheckmarkFollowsTheGate1742654291\001\config.toml path=T
2026-10-10T07:41:34.3815651Z time=2026-10-10T07:38:41.677Z level=INFO msg="mute gesture turned this process's capture gate" gesture=tray-mute outcome="已取消静音：设备已交接，采集线程在跑；电平按票 247 的链路交给球（球屏上会不会呼吸是票 68 那一格，本票不声称）"
2026-10-10T07:41:34.3815932Z wisp: ball tray-mute: 已取消静音：设备已交接，采集线程在跑；电平按票 247 的链路交给球（球屏上会不会呼吸是票 68 那一格，本票不声称）
2026-10-10T07:41:34.3816447Z time=2026-10-10T07:38:41.677Z level=INFO msg="mute gesture turned this process's capture gate" gesture=tray-mute outcome=已静音：采集已关闭，设备未打开（再按一次取消静音）
2026-10-10T07:41:34.3816734Z wisp: ball tray-mute: 已静音：采集已关闭，设备未打开（再按一次取消静音）
2026-10-10T07:41:34.3817132Z time=2026-10-10T07:38:41.678Z level=INFO msg="shutdown step skipped (module not present)" step=1 name=scheduler-close
2026-10-10T07:41:34.3817447Z time=2026-10-10T07:38:41.678Z level=INFO msg="shutdown step skipped (module not present)" step=2 name=stop-hotkey-kws
2026-10-10T07:41:34.3817762Z time=2026-10-10T07:38:41.678Z level=INFO msg="shutdown step skipped (module not present)" step=3 name=cancel-task-roots
2026-10-10T07:41:34.3818124Z time=2026-10-10T07:38:41.678Z level=INFO msg="audio capture leg stopped: levels_delivered=0 frames_sent=0 frames_dropped=0 reopens=0"
2026-10-10T07:41:34.3818358Z wisp: audio capture leg stopped: levels_delivered=0 frames_sent=0 frames_dropped=0 reopens=0
2026-10-10T07:41:34.3818693Z time=2026-10-10T07:38:41.678Z level=INFO msg="shutdown step skipped (module not present)" step=5 name=release-speech-sessions
2026-10-10T07:41:34.3819013Z time=2026-10-10T07:38:41.678Z level=INFO msg="shutdown step skipped (module not present)" step=6 name=destroy-panel-webview
2026-10-10T07:41:34.3819358Z time=2026-10-10T07:38:41.678Z level=INFO msg="shutdown step skipped (module not present)" step=7 name=flush-logs-close-db
2026-10-10T07:41:34.3819613Z --- PASS: TestAC293TrayItemCheckmarkFollowsTheGate (0.01s)
2026-10-10T07:41:34.3819804Z === RUN   TestAC293MuteHotkeyCheckmarkFollowsTheGate
2026-10-10T07:41:34.3820448Z time=2026-10-10T07:38:41.687Z level=INFO msg="audio: capture armed but muted at boot; device not opened" config_source=C:\Users\RUNNER~1\AppData\Local\Temp\TestAC293MuteHotkeyCheckmarkFollowsTheGate1985562559\001\config.toml path=T
2026-10-10T07:41:34.3821009Z time=2026-10-10T07:38:41.687Z level=INFO msg="mute gesture turned this process's capture gate" gesture=mute-hotkey outcome="已取消静音：设备已交接，采集线程在跑；电平按票 247 的链路交给球（球屏上会不会呼吸是票 68 那一格，本票不声称）"
2026-10-10T07:41:34.3821254Z wisp: ball mute-hotkey: 已取消静音：设备已交接，采集线程在跑；电平按票 247 的链路交给球（球屏上会不会呼吸是票 68 那一格，本票不声称）
2026-10-10T07:41:34.3821735Z time=2026-10-10T07:38:41.687Z level=INFO msg="mute gesture turned this process's capture gate" gesture=mute-hotkey outcome=已静音：采集已关闭，设备未打开（再按一次取消静音）
2026-10-10T07:41:34.3821937Z wisp: ball mute-hotkey: 已静音：采集已关闭，设备未打开（再按一次取消静音）
2026-10-10T07:41:34.3822220Z time=2026-10-10T07:38:41.688Z level=INFO msg="shutdown step skipped (module not present)" step=1 name=scheduler-close
2026-10-10T07:41:34.3822532Z time=2026-10-10T07:38:41.688Z level=INFO msg="shutdown step skipped (module not present)" step=2 name=stop-hotkey-kws
2026-10-10T07:41:34.3822927Z time=2026-10-10T07:38:41.688Z level=INFO msg="shutdown step skipped (module not present)" step=3 name=cancel-task-roots
2026-10-10T07:41:34.3823289Z time=2026-10-10T07:38:41.688Z level=INFO msg="audio capture leg stopped: levels_delivered=0 frames_sent=0 frames_dropped=0 reopens=0"
2026-10-10T07:41:34.3823514Z wisp: audio capture leg stopped: levels_delivered=0 frames_sent=0 frames_dropped=0 reopens=0
2026-10-10T07:41:34.3823839Z time=2026-10-10T07:38:41.688Z level=INFO msg="shutdown step skipped (module not present)" step=5 name=release-speech-sessions
2026-10-10T07:41:34.3824693Z time=2026-10-10T07:38:41.688Z level=INFO msg="shutdown step skipped (module not present)" step=6 name=destroy-panel-webview
2026-10-10T07:41:34.3825019Z time=2026-10-10T07:38:41.688Z level=INFO msg="shutdown step skipped (module not present)" step=7 name=flush-logs-close-db
2026-10-10T07:41:34.3825188Z --- PASS: TestAC293MuteHotkeyCheckmarkFollowsTheGate (0.00s)
2026-10-10T07:41:34.3825379Z === RUN   TestAC293BootProjectionShowsTheFactoryMutePosture
2026-10-10T07:41:34.3826057Z time=2026-10-10T07:38:41.692Z level=INFO msg="audio: capture armed but muted at boot; device not opened" config_source=C:\Users\RUNNER~1\AppData\Local\Temp\TestAC293BootProjectionShowsTheFactoryMutePosture2127351467\001\config.toml path=T
2026-10-10T07:41:34.3826466Z time=2026-10-10T07:38:41.692Z level=INFO msg="shutdown step skipped (module not present)" step=1 name=scheduler-close
2026-10-10T07:41:34.3826883Z time=2026-10-10T07:38:41.692Z level=INFO msg="shutdown step skipped (module not present)" step=2 name=stop-hotkey-kws
2026-10-10T07:41:34.3827328Z time=2026-10-10T07:38:41.692Z level=INFO msg="shutdown step skipped (module not present)" step=3 name=cancel-task-roots
2026-10-10T07:41:34.3827833Z time=2026-10-10T07:38:41.692Z level=INFO msg="audio capture leg stopped: levels_delivered=0 frames_sent=0 frames_dropped=0 reopens=0"
2026-10-10T07:41:34.3828197Z wisp: audio capture leg stopped: levels_delivered=0 frames_sent=0 frames_dropped=0 reopens=0
2026-10-10T07:41:34.3828660Z time=2026-10-10T07:38:41.692Z level=INFO msg="shutdown step skipped (module not present)" step=5 name=release-speech-sessions
2026-10-10T07:41:34.3829132Z time=2026-10-10T07:38:41.692Z level=INFO msg="shutdown step skipped (module not present)" step=6 name=destroy-panel-webview
2026-10-10T07:41:34.3829600Z time=2026-10-10T07:38:41.692Z level=INFO msg="shutdown step skipped (module not present)" step=7 name=flush-logs-close-db
2026-10-10T07:41:34.3829900Z --- PASS: TestAC293BootProjectionShowsTheFactoryMutePosture (0.00s)
2026-10-10T07:41:34.3830191Z === RUN   TestAC293RefusedDeviceStillProjectsTheGateNotTheHopedOutcome
2026-10-10T07:41:34.3831243Z time=2026-10-10T07:38:41.696Z level=INFO msg="audio: capture armed but muted at boot; device not opened" config_source=C:\Users\RUNNER~1\AppData\Local\Temp\TestAC293RefusedDeviceStillProjectsTheGateNotTheHopedOutcome2751092948\001\config.toml path=T
2026-10-10T07:41:34.3832782Z time=2026-10-10T07:38:41.696Z level=ERROR msg="audio source failed" source=gate-T error="audio_device: capture open on device Blocked Mic (0x80070005): microphone access denied: allow desktop apps to use the microphone under Windows Settings > Privacy & security > Microphone"
2026-10-10T07:41:34.3834698Z time=2026-10-10T07:38:41.697Z level=INFO msg="mute gesture turned this process's capture gate" gesture=tray-mute outcome="已取消静音但设备未交接（gate 未 open，错误分类 audio_device）：audio_device: capture open on device Blocked Mic (0x80070005): microphone access denied: allow desktop apps to use the microphone under Windows Settings > Privacy & security > Microphone；球不会收到电平"
2026-10-10T07:41:34.3836045Z wisp: ball tray-mute: 已取消静音但设备未交接（gate 未 open，错误分类 audio_device）：audio_device: capture open on device Blocked Mic (0x80070005): microphone access denied: allow desktop apps to use the microphone under Windows Settings > Privacy & security > Microphone；球不会收到电平
2026-10-10T07:41:34.3836505Z time=2026-10-10T07:38:41.697Z level=INFO msg="shutdown step skipped (module not present)" step=1 name=scheduler-close
2026-10-10T07:41:34.3837196Z time=2026-10-10T07:38:41.697Z level=INFO msg="shutdown step skipped (module not present)" step=2 name=stop-hotkey-kws
2026-10-10T07:41:34.3837661Z time=2026-10-10T07:38:41.697Z level=INFO msg="shutdown step skipped (module not present)" step=3 name=cancel-task-roots
2026-10-10T07:41:34.3838793Z time=2026-10-10T07:38:41.697Z level=INFO msg="audio capture leg stopped: levels_delivered=0 frames_sent=0 frames_dropped=0 reopens=0 last_error=audio_device: capture open on device Blocked Mic (0x80070005): microphone access denied: allow desktop apps to use the microphone under Windows Settings > Privacy & security > Microphone"
2026-10-10T07:41:34.3840145Z wisp: audio capture leg stopped: levels_delivered=0 frames_sent=0 frames_dropped=0 reopens=0 last_error=audio_device: capture open on device Blocked Mic (0x80070005): microphone access denied: allow desktop apps to use the microphone under Windows Settings > Privacy & security > Microphone
2026-10-10T07:41:34.3840466Z time=2026-10-10T07:38:41.697Z level=INFO msg="shutdown step skipped (module not present)" step=5 name=release-speech-sessions
2026-10-10T07:41:34.3840794Z time=2026-10-10T07:38:41.698Z level=INFO msg="shutdown step skipped (module not present)" step=6 name=destroy-panel-webview
2026-10-10T07:41:34.3841108Z time=2026-10-10T07:38:41.698Z level=INFO msg="shutdown step skipped (module not present)" step=7 name=flush-logs-close-db
2026-10-10T07:41:34.3841381Z --- PASS: TestAC293RefusedDeviceStillProjectsTheGateNotTheHopedOutcome (0.00s)
2026-10-10T07:41:34.3841504Z === RUN   TestAC293NoGateWritesNoCheckmark
2026-10-10T07:41:34.3842089Z time=2026-10-10T07:38:41.700Z level=INFO msg="audio: capture leg not built" reason="voice.enabled=false" config_source=C:\Users\RUNNER~1\AppData\Local\Temp\TestAC293NoGateWritesNoCheckmark357603909\001\config.toml
2026-10-10T07:41:34.3842702Z wisp: 麦克风采集腿未构造（[voice] enabled=false，来源 C:\Users\RUNNER~1\AppData\Local\Temp\TestAC293NoGateWritesNoCheckmark357603909\001\config.toml）：球不会收到任何电平，本进程其余部分照常
2026-10-10T07:41:34.3843459Z time=2026-10-10T07:38:41.700Z level=WARN msg="mute gesture found no gate to turn" gesture=tray-mute why="采集腿未构造：[voice] enabled=false（配置来源 C:\\Users\\RUNNER~1\\AppData\\Local\\Temp\\TestAC293NoGateWritesNoCheckmark357603909\\001\\config.toml）"
2026-10-10T07:41:34.3843919Z wisp: ball tray-mute: 采集腿未构造：[voice] enabled=false（配置来源 C:\Users\RUNNER~1\AppData\Local\Temp\TestAC293NoGateWritesNoCheckmark357603909\001\config.toml）
2026-10-10T07:41:34.3844234Z time=2026-10-10T07:38:41.701Z level=INFO msg="shutdown step skipped (module not present)" step=1 name=scheduler-close
2026-10-10T07:41:34.3844556Z time=2026-10-10T07:38:41.701Z level=INFO msg="shutdown step skipped (module not present)" step=2 name=stop-hotkey-kws
2026-10-10T07:41:34.3844867Z time=2026-10-10T07:38:41.701Z level=INFO msg="shutdown step skipped (module not present)" step=3 name=cancel-task-roots
2026-10-10T07:41:34.3845141Z time=2026-10-10T07:38:41.701Z level=INFO msg="shutdown step skipped (module not present)" step=4 name=stop-audio
2026-10-10T07:41:34.3845467Z time=2026-10-10T07:38:41.701Z level=INFO msg="shutdown step skipped (module not present)" step=5 name=release-speech-sessions
2026-10-10T07:41:34.3845795Z time=2026-10-10T07:38:41.701Z level=INFO msg="shutdown step skipped (module not present)" step=6 name=destroy-panel-webview
2026-10-10T07:41:34.3846106Z time=2026-10-10T07:38:41.701Z level=INFO msg="shutdown step skipped (module not present)" step=7 name=flush-logs-close-db
2026-10-10T07:41:34.3846245Z --- PASS: TestAC293NoGateWritesNoCheckmark (0.00s)
2026-10-10T07:41:34.3846431Z === RUN   TestAC293ProjectionIsNilSafeWithoutABallWindow
2026-10-10T07:41:34.3847100Z time=2026-10-10T07:38:41.704Z level=INFO msg="audio: capture armed but muted at boot; device not opened" config_source=C:\Users\RUNNER~1\AppData\Local\Temp\TestAC293ProjectionIsNilSafeWithoutABallWindow3376278099\001\config.toml path=T
2026-10-10T07:41:34.3847481Z time=2026-10-10T07:38:41.705Z level=INFO msg="shutdown step skipped (module not present)" step=1 name=scheduler-close
2026-10-10T07:41:34.3847750Z time=2026-10-10T07:38:41.705Z level=INFO msg="shutdown step skipped (module not present)" step=2 name=stop-hotkey-kws
2026-10-10T07:41:34.3848062Z time=2026-10-10T07:38:41.705Z level=INFO msg="shutdown step skipped (module not present)" step=3 name=cancel-task-roots
2026-10-10T07:41:34.3848415Z time=2026-10-10T07:38:41.706Z level=INFO msg="audio capture leg stopped: levels_delivered=0 frames_sent=0 frames_dropped=0 reopens=0"
2026-10-10T07:41:34.3848972Z wisp: audio capture leg stopped: levels_delivered=0 frames_sent=0 frames_dropped=0 reopens=0
2026-10-10T07:41:34.3849333Z time=2026-10-10T07:38:41.706Z level=INFO msg="shutdown step skipped (module not present)" step=5 name=release-speech-sessions
2026-10-10T07:41:34.3849797Z time=2026-10-10T07:38:41.706Z level=INFO msg="shutdown step skipped (module not present)" step=6 name=destroy-panel-webview
2026-10-10T07:41:34.3850248Z time=2026-10-10T07:38:41.706Z level=INFO msg="shutdown step skipped (module not present)" step=7 name=flush-logs-close-db
2026-10-10T07:41:34.3850526Z --- PASS: TestAC293ProjectionIsNilSafeWithoutABallWindow (0.00s)
2026-10-10T07:41:34.3850748Z === RUN   TestAC293UndrivenTrayFlagIsNotTheSourceOfTruth
2026-10-10T07:41:34.3851509Z time=2026-10-10T07:38:41.709Z level=INFO msg="audio: capture armed but muted at boot; device not opened" config_source=C:\Users\RUNNER~1\AppData\Local\Temp\TestAC293UndrivenTrayFlagIsNotTheSourceOfTruth2007734631\001\config.toml path=T
2026-10-10T07:41:34.3852154Z time=2026-10-10T07:38:41.709Z level=INFO msg="mute gesture turned this process's capture gate" gesture=mute-hotkey outcome="已取消静音：设备已交接，采集线程在跑；电平按票 247 的链路交给球（球屏上会不会呼吸是票 68 那一格，本票不声称）"
2026-10-10T07:41:34.3852694Z wisp: ball mute-hotkey: 已取消静音：设备已交接，采集线程在跑；电平按票 247 的链路交给球（球屏上会不会呼吸是票 68 那一格，本票不声称）
2026-10-10T07:41:34.3853208Z time=2026-10-10T07:38:41.709Z level=INFO msg="mute gesture turned this process's capture gate" gesture=mute-hotkey outcome=已静音：采集已关闭，设备未打开（再按一次取消静音）
2026-10-10T07:41:34.3853527Z wisp: ball mute-hotkey: 已静音：采集已关闭，设备未打开（再按一次取消静音）
2026-10-10T07:41:34.3854404Z time=2026-10-10T07:38:41.709Z level=INFO msg="mute gesture turned this process's capture gate" gesture=mute-hotkey outcome="已取消静音：设备已交接，采集线程在跑；电平按票 247 的链路交给球（球屏上会不会呼吸是票 68 那一格，本票不声称）"
2026-10-10T07:41:34.3854801Z wisp: ball mute-hotkey: 已取消静音：设备已交接，采集线程在跑；电平按票 247 的链路交给球（球屏上会不会呼吸是票 68 那一格，本票不声称）
2026-10-10T07:41:34.3855377Z time=2026-10-10T07:38:41.709Z level=WARN msg="mute gesture found no gate to turn" gesture=tray-mute why=采集腿未装配：本进程没有任何麦克风路径
2026-10-10T07:41:34.3855647Z wisp: ball tray-mute: 采集腿未装配：本进程没有任何麦克风路径
2026-10-10T07:41:34.3855977Z time=2026-10-10T07:38:41.710Z level=INFO msg="shutdown step skipped (module not present)" step=1 name=scheduler-close
2026-10-10T07:41:34.3856283Z time=2026-10-10T07:38:41.710Z level=INFO msg="shutdown step skipped (module not present)" step=2 name=stop-hotkey-kws
2026-10-10T07:41:34.3856740Z time=2026-10-10T07:38:41.710Z level=INFO msg="shutdown step skipped (module not present)" step=3 name=cancel-task-roots
2026-10-10T07:41:34.3857207Z time=2026-10-10T07:38:41.710Z level=INFO msg="audio capture leg stopped: levels_delivered=0 frames_sent=0 frames_dropped=0 reopens=0"
2026-10-10T07:41:34.3857469Z wisp: audio capture leg stopped: levels_delivered=0 frames_sent=0 frames_dropped=0 reopens=0
2026-10-10T07:41:34.3857805Z time=2026-10-10T07:38:41.710Z level=INFO msg="shutdown step skipped (module not present)" step=5 name=release-speech-sessions
2026-10-10T07:41:34.3858603Z time=2026-10-10T07:38:41.710Z level=INFO msg="shutdown step skipped (module not present)" step=6 name=destroy-panel-webview
2026-10-10T07:41:34.3858914Z time=2026-10-10T07:38:41.710Z level=INFO msg="shutdown step skipped (module not present)" step=7 name=flush-logs-close-db
2026-10-10T07:41:34.3859124Z --- PASS: TestAC293UndrivenTrayFlagIsNotTheSourceOfTruth (0.00s)
2026-10-10T07:41:34.3859303Z === RUN   TestTicket255RestartTierKeysAreBackedByATest
2026-10-10T07:41:34.3859488Z === RUN   TestTicket255RestartTierKeysAreBackedByATest/app.language
2026-10-10T07:41:34.3859699Z === RUN   TestTicket255RestartTierKeysAreBackedByATest/app.autostart
2026-10-10T07:41:34.3859929Z === RUN   TestTicket255RestartTierKeysAreBackedByATest/app.single_instance
2026-10-10T07:41:34.3860102Z --- PASS: TestTicket255RestartTierKeysAreBackedByATest (0.09s)
2026-10-10T07:41:34.3860382Z     --- PASS: TestTicket255RestartTierKeysAreBackedByATest/app.language (0.02s)
2026-10-10T07:41:34.3860657Z     --- PASS: TestTicket255RestartTierKeysAreBackedByATest/app.autostart (0.02s)
2026-10-10T07:41:34.3860956Z     --- PASS: TestTicket255RestartTierKeysAreBackedByATest/app.single_instance (0.02s)
2026-10-10T07:41:34.3861087Z === RUN   TestTicket101ManualSwitchSurvivesRestart
2026-10-10T07:41:34.3861458Z time=2026-10-10T07:38:42.760Z level=WARN msg="goroutine outside the D38 roster (leak symptom)" goroutine=mockllm-stdout-reader owner=test
2026-10-10T07:41:34.3862098Z time=2026-10-10T07:38:42.776Z level=INFO msg="wisp: persistent log sink installed" dir=C:\Users\RUNNER~1\AppData\Local\Temp\TestTicket101ManualSwitchSurvivesRestart632756077\002\logs min_level=info early_records=0 early_dropped=0
2026-10-10T07:41:34.3862419Z 2026/10/10 07:38:42 mockllm: serving on http://127.0.0.1:60688 (golden dir D:\a\wisp\wisp\internal\llm\testdata\golden)
2026-10-10T07:41:34.3863027Z time=2026-10-10T07:38:42.802Z level=INFO msg="pre-migration backup written" component=memory backup=C:\Users\RUNNER~1\AppData\Local\Temp\TestTicket101ManualSwitchSurvivesRestart632756077\002\backup\wisp.db.bak-0-1 from=0 to=1
2026-10-10T07:41:34.3863432Z time=2026-10-10T07:38:42.809Z level=INFO msg="schema migration step applied" component=memory from=0 to=1 started_at=2026-10-10T07:38:42Z duration_ms=7
2026-10-10T07:41:34.3864047Z time=2026-10-10T07:38:42.831Z level=INFO msg="pre-migration backup written" component=memory backup=C:\Users\RUNNER~1\AppData\Local\Temp\TestTicket101ManualSwitchSurvivesRestart632756077\002\backup\wisp.db.bak-1-2 from=1 to=2
2026-10-10T07:41:34.3864435Z time=2026-10-10T07:38:42.840Z level=INFO msg="schema migration step applied" component=memory from=1 to=2 started_at=2026-10-10T07:38:42Z duration_ms=8
2026-10-10T07:41:34.3864687Z time=2026-10-10T07:38:42.862Z level=INFO msg="schema migration complete" component=memory schema_version=2
2026-10-10T07:41:34.3865045Z time=2026-10-10T07:38:42.864Z level=INFO msg="startup WAL checkpoint (TRUNCATE) done" component=memory wal_pages_before=0 pages_moved=0
2026-10-10T07:41:34.3865962Z time=2026-10-10T07:38:42.866Z level=INFO msg="config: wrote merged change into config.toml (ticket 226: only the keys listed changed value, every other key keeps the value the file already held; the file is re-laid in canonical form, so comments and hand-chosen key order are not preserved)" key=risk.permission_mode wrote=[risk.permission_mode]
2026-10-10T07:41:34.3866938Z time=2026-10-10T07:38:42.867Z level=INFO msg="config: wrote merged change into config.toml (ticket 226: only the keys listed changed value, every other key keeps the value the file already held; the file is re-laid in canonical form, so comments and hand-chosen key order are not preserved)" key=risk.permission_mode wrote=[risk.permission_mode]
2026-10-10T07:41:34.3867574Z time=2026-10-10T07:38:42.891Z level=INFO msg="wisp: persistent log sink installed" dir=C:\Users\RUNNER~1\AppData\Local\Temp\TestTicket101ManualSwitchSurvivesRestart632756077\002\logs min_level=info early_records=0 early_dropped=0
2026-10-10T07:41:34.3868082Z time=2026-10-10T07:38:42.901Z level=INFO msg="startup WAL checkpoint (TRUNCATE) done" component=memory wal_pages_before=0 pages_moved=0
2026-10-10T07:41:34.3868273Z --- PASS: TestTicket101ManualSwitchSurvivesRestart (41.15s)
2026-10-10T07:41:34.3868452Z === RUN   TestTicket101UntouchedConfigRestartsAtDefault
2026-10-10T07:41:34.3868813Z time=2026-10-10T07:39:23.822Z level=WARN msg="goroutine outside the D38 roster (leak symptom)" goroutine=mockllm-stdout-reader owner=test
2026-10-10T07:41:34.3869430Z time=2026-10-10T07:39:23.835Z level=INFO msg="wisp: persistent log sink installed" dir=C:\Users\RUNNER~1\AppData\Local\Temp\TestTicket101UntouchedConfigRestartsAtDefault4111606320\002\logs min_level=info early_records=0 early_dropped=0
2026-10-10T07:41:34.3869736Z 2026/10/10 07:39:23 mockllm: serving on http://127.0.0.1:62834 (golden dir D:\a\wisp\wisp\internal\llm\testdata\golden)
2026-10-10T07:41:34.3870387Z time=2026-10-10T07:39:23.860Z level=INFO msg="pre-migration backup written" component=memory backup=C:\Users\RUNNER~1\AppData\Local\Temp\TestTicket101UntouchedConfigRestartsAtDefault4111606320\002\backup\wisp.db.bak-0-1 from=0 to=1
2026-10-10T07:41:34.3870785Z time=2026-10-10T07:39:23.868Z level=INFO msg="schema migration step applied" component=memory from=0 to=1 started_at=2026-10-10T07:39:23Z duration_ms=8
2026-10-10T07:41:34.3871425Z time=2026-10-10T07:39:23.889Z level=INFO msg="pre-migration backup written" component=memory backup=C:\Users\RUNNER~1\AppData\Local\Temp\TestTicket101UntouchedConfigRestartsAtDefault4111606320\002\backup\wisp.db.bak-1-2 from=1 to=2
2026-10-10T07:41:34.3871786Z time=2026-10-10T07:39:23.899Z level=INFO msg="schema migration step applied" component=memory from=1 to=2 started_at=2026-10-10T07:39:23Z duration_ms=8
2026-10-10T07:41:34.3872065Z time=2026-10-10T07:39:23.914Z level=INFO msg="schema migration complete" component=memory schema_version=2
2026-10-10T07:41:34.3872418Z time=2026-10-10T07:39:23.915Z level=INFO msg="startup WAL checkpoint (TRUNCATE) done" component=memory wal_pages_before=0 pages_moved=0
2026-10-10T07:41:34.3873321Z time=2026-10-10T07:39:25.957Z level=INFO msg="wisp: persistent log sink installed" dir=C:\Users\RUNNER~1\AppData\Local\Temp\TestTicket101UntouchedConfigRestartsAtDefault4111606320\002\logs min_level=info early_records=0 early_dropped=0
2026-10-10T07:41:34.3873668Z time=2026-10-10T07:39:25.966Z level=INFO msg="startup WAL checkpoint (TRUNCATE) done" component=memory wal_pages_before=0 pages_moved=0
2026-10-10T07:41:34.3874311Z time=2026-10-10T07:39:28.006Z level=INFO msg="wisp: persistent log sink installed" dir=C:\Users\RUNNER~1\AppData\Local\Temp\TestTicket101UntouchedConfigRestartsAtDefault4111606320\002\logs min_level=info early_records=0 early_dropped=0
2026-10-10T07:41:34.3874658Z time=2026-10-10T07:39:28.016Z level=INFO msg="startup WAL checkpoint (TRUNCATE) done" component=memory wal_pages_before=0 pages_moved=0
2026-10-10T07:41:34.3874947Z     run_mode101_test.go:381: the key is still absent after 3 cold starts, as expected:
2026-10-10T07:41:34.3875074Z         schema_version = 2
2026-10-10T07:41:34.3875201Z         
2026-10-10T07:41:34.3875323Z         [llm]
2026-10-10T07:41:34.3875475Z         text_chain = ["acme/m1"]
2026-10-10T07:41:34.3875563Z         
2026-10-10T07:41:34.3875693Z         [llm.retry]
2026-10-10T07:41:34.3875808Z         max = 1
2026-10-10T07:41:34.3875917Z         backoff_ms = 1
2026-10-10T07:41:34.3876034Z         
2026-10-10T07:41:34.3876190Z         [llm.providers.acme]
2026-10-10T07:41:34.3876561Z         protocol = "openai-chat"
2026-10-10T07:41:34.3876754Z         base_url = "http://127.0.0.1:62834/v1"
2026-10-10T07:41:34.3876978Z         api_key_ref = "dpapi:acme"
2026-10-10T07:41:34.3877135Z         
2026-10-10T07:41:34.3877296Z         [llm.providers.acme.models.m1]
2026-10-10T07:41:34.3877592Z         # 261-r2: explicit enabled, same reason as run_test.go's fixture comment.
2026-10-10T07:41:34.3877726Z         enabled = true
2026-10-10T07:41:34.3877847Z         context_window = 128000
2026-10-10T07:41:34.3878205Z         
2026-10-10T07:41:34.3878325Z         [fs]
2026-10-10T07:41:34.3878773Z         allowed_dirs = ["C:/Users/RUNNER~1/AppData/Local/Temp/TestTicket101UntouchedConfigRestartsAtDefault4111606320/002"]
2026-10-10T07:41:34.3878888Z         
2026-10-10T07:41:34.3879018Z         [risk]
2026-10-10T07:41:34.3879161Z         l1_window_sec = 1
2026-10-10T07:41:34.3879286Z         confirm_timeout_sec = 40
2026-10-10T07:41:34.3879500Z --- PASS: TestTicket101UntouchedConfigRestartsAtDefault (7.11s)
2026-10-10T07:41:34.3879676Z === RUN   TestTicket101SessionGrantDoesNotCrossRestart
2026-10-10T07:41:34.3880017Z time=2026-10-10T07:39:30.997Z level=WARN msg="goroutine outside the D38 roster (leak symptom)" goroutine=mockllm-stdout-reader owner=test
2026-10-10T07:41:34.3880654Z time=2026-10-10T07:39:31.013Z level=INFO msg="wisp: persistent log sink installed" dir=C:\Users\RUNNER~1\AppData\Local\Temp\TestTicket101SessionGrantDoesNotCrossRestart1127109412\002\logs min_level=info early_records=0 early_dropped=0
2026-10-10T07:41:34.3880964Z 2026/10/10 07:39:31 mockllm: serving on http://127.0.0.1:62843 (golden dir D:\a\wisp\wisp\internal\llm\testdata\golden)
2026-10-10T07:41:34.3881630Z time=2026-10-10T07:39:31.042Z level=INFO msg="pre-migration backup written" component=memory backup=C:\Users\RUNNER~1\AppData\Local\Temp\TestTicket101SessionGrantDoesNotCrossRestart1127109412\002\backup\wisp.db.bak-0-1 from=0 to=1
2026-10-10T07:41:34.3882032Z time=2026-10-10T07:39:31.054Z level=INFO msg="schema migration step applied" component=memory from=0 to=1 started_at=2026-10-10T07:39:31Z duration_ms=11
2026-10-10T07:41:34.3882643Z time=2026-10-10T07:39:31.078Z level=INFO msg="pre-migration backup written" component=memory backup=C:\Users\RUNNER~1\AppData\Local\Temp\TestTicket101SessionGrantDoesNotCrossRestart1127109412\002\backup\wisp.db.bak-1-2 from=1 to=2
2026-10-10T07:41:34.3883039Z time=2026-10-10T07:39:31.086Z level=INFO msg="schema migration step applied" component=memory from=1 to=2 started_at=2026-10-10T07:39:31Z duration_ms=7
2026-10-10T07:41:34.3883322Z time=2026-10-10T07:39:31.102Z level=INFO msg="schema migration complete" component=memory schema_version=2
2026-10-10T07:41:34.3883678Z time=2026-10-10T07:39:31.103Z level=INFO msg="startup WAL checkpoint (TRUNCATE) done" component=memory wal_pages_before=0 pages_moved=0
2026-10-10T07:41:34.3884282Z time=2026-10-10T07:40:11.159Z level=INFO msg="wisp: persistent log sink installed" dir=C:\Users\RUNNER~1\AppData\Local\Temp\TestTicket101SessionGrantDoesNotCrossRestart1127109412\002\logs min_level=info early_records=0 early_dropped=0
2026-10-10T07:41:34.3884630Z time=2026-10-10T07:40:11.169Z level=INFO msg="startup WAL checkpoint (TRUNCATE) done" component=memory wal_pages_before=0 pages_moved=0
2026-10-10T07:41:34.3884980Z time=2026-10-10T07:40:51.219Z level=INFO msg="startup WAL checkpoint (TRUNCATE) done" component=memory wal_pages_before=0 pages_moved=0
2026-10-10T07:41:34.3885182Z --- PASS: TestTicket101SessionGrantDoesNotCrossRestart (81.17s)
2026-10-10T07:41:34.3885321Z === RUN   TestTicket101ModeSwitchUsesTheRealL2Gate
2026-10-10T07:41:34.3885682Z time=2026-10-10T07:40:52.112Z level=WARN msg="goroutine outside the D38 roster (leak symptom)" goroutine=mockllm-stdout-reader owner=test
2026-10-10T07:41:34.3886317Z time=2026-10-10T07:40:52.126Z level=INFO msg="wisp: persistent log sink installed" dir=C:\Users\RUNNER~1\AppData\Local\Temp\TestTicket101ModeSwitchUsesTheRealL2Gate3756559883\002\logs min_level=info early_records=0 early_dropped=0
2026-10-10T07:41:34.3886691Z 2026/10/10 07:40:52 mockllm: serving on http://127.0.0.1:62880 (golden dir D:\a\wisp\wisp\internal\llm\testdata\golden)
2026-10-10T07:41:34.3887423Z time=2026-10-10T07:40:52.151Z level=INFO msg="pre-migration backup written" component=memory backup=C:\Users\RUNNER~1\AppData\Local\Temp\TestTicket101ModeSwitchUsesTheRealL2Gate3756559883\002\backup\wisp.db.bak-0-1 from=0 to=1
2026-10-10T07:41:34.3887830Z time=2026-10-10T07:40:52.164Z level=INFO msg="schema migration step applied" component=memory from=0 to=1 started_at=2026-10-10T07:40:52Z duration_ms=12
2026-10-10T07:41:34.3888516Z time=2026-10-10T07:40:52.185Z level=INFO msg="pre-migration backup written" component=memory backup=C:\Users\RUNNER~1\AppData\Local\Temp\TestTicket101ModeSwitchUsesTheRealL2Gate3756559883\002\backup\wisp.db.bak-1-2 from=1 to=2
2026-10-10T07:41:34.3888901Z time=2026-10-10T07:40:52.194Z level=INFO msg="schema migration step applied" component=memory from=1 to=2 started_at=2026-10-10T07:40:52Z duration_ms=9
2026-10-10T07:41:34.3889208Z time=2026-10-10T07:40:52.211Z level=INFO msg="schema migration complete" component=memory schema_version=2
2026-10-10T07:41:34.3889843Z time=2026-10-10T07:40:52.212Z level=INFO msg="startup WAL checkpoint (TRUNCATE) done" component=memory wal_pages_before=0 pages_moved=0
2026-10-10T07:41:34.3890219Z --- PASS: TestTicket101ModeSwitchUsesTheRealL2Gate (1.31s)
2026-10-10T07:41:34.3890511Z === RUN   TestTicket101UnreadableModeFailsLoudlyAndStrict
2026-10-10T07:41:34.3891132Z time=2026-10-10T07:40:53.384Z level=WARN msg="goroutine outside the D38 roster (leak symptom)" goroutine=mockllm-stdout-reader owner=test
2026-10-10T07:41:34.3892492Z time=2026-10-10T07:40:53.398Z level=INFO msg="wisp: persistent log sink installed" dir=C:\Users\RUNNER~1\AppData\Local\Temp\TestTicket101UnreadableModeFailsLoudlyAndStrict2269483023\002\logs min_level=info early_records=0 early_dropped=0
2026-10-10T07:41:34.3893885Z 2026/10/10 07:40:53 mockllm: serving on http://127.0.0.1:62882 (golden dir D:\a\wisp\wisp\internal\llm\testdata\golden)
2026-10-10T07:41:34.3895082Z time=2026-10-10T07:40:53.424Z level=INFO msg="pre-migration backup written" component=memory backup=C:\Users\RUNNER~1\AppData\Local\Temp\TestTicket101UnreadableModeFailsLoudlyAndStrict2269483023\002\backup\wisp.db.bak-0-1 from=0 to=1
2026-10-10T07:41:34.3895699Z time=2026-10-10T07:40:53.432Z level=INFO msg="schema migration step applied" component=memory from=0 to=1 started_at=2026-10-10T07:40:53Z duration_ms=8
2026-10-10T07:41:34.3896731Z time=2026-10-10T07:40:53.452Z level=INFO msg="pre-migration backup written" component=memory backup=C:\Users\RUNNER~1\AppData\Local\Temp\TestTicket101UnreadableModeFailsLoudlyAndStrict2269483023\002\backup\wisp.db.bak-1-2 from=1 to=2
2026-10-10T07:41:34.3897389Z time=2026-10-10T07:40:53.460Z level=INFO msg="schema migration step applied" component=memory from=1 to=2 started_at=2026-10-10T07:40:53Z duration_ms=8
2026-10-10T07:41:34.3897863Z time=2026-10-10T07:40:53.474Z level=INFO msg="schema migration complete" component=memory schema_version=2
2026-10-10T07:41:34.3898476Z time=2026-10-10T07:40:53.476Z level=INFO msg="startup WAL checkpoint (TRUNCATE) done" component=memory wal_pages_before=0 pages_moved=0
2026-10-10T07:41:34.3898958Z     run_mode101_test.go:604: control log for reference (no fail-closed line expected here):
2026-10-10T07:41:34.3900165Z         wisp run: 配置热加载已接管（每 1s 检查一次 config.toml）。手改会按 D36 三档处理：可热加载段立即生效；[risk]/[fs]/[net]/[plugins] 的放宽要先答一张 L2 卡，不答按拒绝保留旧值；重启档的改动本次不生效，会另有一句告诉你为什么不生效。
2026-10-10T07:41:34.3900377Z         echo: ## scene
2026-10-10T07:41:34.3900658Z         当前时间：2026-10-10 07:40 +00:00
2026-10-10T07:41:34.3901267Z         wisp run: 任务 ec99f2f1-26ad-467d-bcd2-ea1818bc9730 结束（completed，1 轮，0 次工具调用，成本 0 CNY（未计价））
2026-10-10T07:41:34.3901510Z         wisp run: 回复已完成
2026-10-10T07:41:34.3902169Z         [audit] wisp run: SESSION-MINT id=sess_ba4509f3d4f51566521980c252231a52 (结束点＝本进程退出，A435 第 2 条)
2026-10-10T07:41:34.3902314Z         [audit] p
2026-10-10T07:41:34.3902922Z === RUN   TestTicket101UnreadableModeFailsLoudlyAndStrict/存储损坏
2026-10-10T07:41:34.3904149Z time=2026-10-10T07:40:53.500Z level=INFO msg="wisp: persistent log sink installed" dir=C:\Users\RUNNER~1\AppData\Local\Temp\TestTicket101UnreadableModeFailsLoudlyAndStrict存储损坏408698541\001\logs min_level=info early_records=0 early_dropped=0
2026-10-10T07:41:34.3904525Z === RUN   TestTicket101UnreadableModeFailsLoudlyAndStrict/版本不认识
2026-10-10T07:41:34.3905752Z time=2026-10-10T07:40:53.510Z level=INFO msg="wisp: persistent log sink installed" dir=C:\Users\RUNNER~1\AppData\Local\Temp\TestTicket101UnreadableModeFailsLoudlyAndStrict版本不认识3310096032\001\logs min_level=info early_records=0 early_dropped=0
2026-10-10T07:41:34.3906272Z === RUN   TestTicket101UnreadableModeFailsLoudlyAndStrict/权限读不到
2026-10-10T07:41:34.3907432Z time=2026-10-10T07:40:53.563Z level=INFO msg="wisp: persistent log sink installed" dir=C:\Users\RUNNER~1\AppData\Local\Temp\TestTicket101UnreadableModeFailsLoudlyAndStrict权限读不到1009221325\001\logs min_level=info early_records=0 early_dropped=0
2026-10-10T07:41:34.3907749Z --- PASS: TestTicket101UnreadableModeFailsLoudlyAndStrict (1.04s)
2026-10-10T07:41:34.3908226Z     --- PASS: TestTicket101UnreadableModeFailsLoudlyAndStrict/存储损坏 (0.01s)
2026-10-10T07:41:34.3908659Z     --- PASS: TestTicket101UnreadableModeFailsLoudlyAndStrict/版本不认识 (0.05s)
2026-10-10T07:41:34.3909088Z     --- PASS: TestTicket101UnreadableModeFailsLoudlyAndStrict/权限读不到 (0.01s)
2026-10-10T07:41:34.3909287Z === RUN   TestRunTextTaskTextPathEndToEnd
2026-10-10T07:41:34.3909823Z time=2026-10-10T07:40:54.508Z level=WARN msg="goroutine outside the D38 roster (leak symptom)" goroutine=mockllm-stdout-reader owner=test
2026-10-10T07:41:34.3910739Z time=2026-10-10T07:40:54.522Z level=INFO msg="wisp: persistent log sink installed" dir=C:\Users\RUNNER~1\AppData\Local\Temp\TestRunTextTaskTextPathEndToEnd1862359168\002\logs min_level=info early_records=0 early_dropped=0
2026-10-10T07:41:34.3911256Z 2026/10/10 07:40:54 mockllm: serving on http://127.0.0.1:62884 (golden dir D:\a\wisp\wisp\internal\llm\testdata\golden)
2026-10-10T07:41:34.3912256Z time=2026-10-10T07:40:54.546Z level=INFO msg="pre-migration backup written" component=memory backup=C:\Users\RUNNER~1\AppData\Local\Temp\TestRunTextTaskTextPathEndToEnd1862359168\002\backup\wisp.db.bak-0-1 from=0 to=1
2026-10-10T07:41:34.3912863Z time=2026-10-10T07:40:54.554Z level=INFO msg="schema migration step applied" component=memory from=0 to=1 started_at=2026-10-10T07:40:54Z duration_ms=7
2026-10-10T07:41:34.3913812Z time=2026-10-10T07:40:54.571Z level=INFO msg="pre-migration backup written" component=memory backup=C:\Users\RUNNER~1\AppData\Local\Temp\TestRunTextTaskTextPathEndToEnd1862359168\002\backup\wisp.db.bak-1-2 from=1 to=2
2026-10-10T07:41:34.3914389Z time=2026-10-10T07:40:54.579Z level=INFO msg="schema migration step applied" component=memory from=1 to=2 started_at=2026-10-10T07:40:54Z duration_ms=8
2026-10-10T07:41:34.3915606Z time=2026-10-10T07:40:54.594Z level=INFO msg="schema migration complete" component=memory schema_version=2
2026-10-10T07:41:34.3916221Z time=2026-10-10T07:40:54.595Z level=INFO msg="startup WAL checkpoint (TRUNCATE) done" component=memory wal_pages_before=0 pages_moved=0
2026-10-10T07:41:34.3916728Z time=2026-10-10T07:40:54.624Z level=INFO msg="startup WAL checkpoint (TRUNCATE) done" component=memory wal_pages_before=0 pages_moved=0
2026-10-10T07:41:34.3916949Z --- PASS: TestRunTextTaskTextPathEndToEnd (1.05s)
2026-10-10T07:41:34.3917180Z === RUN   TestRunTextTaskFailNextIsClassified
2026-10-10T07:41:34.3917691Z time=2026-10-10T07:40:55.567Z level=WARN msg="goroutine outside the D38 roster (leak symptom)" goroutine=mockllm-stdout-reader owner=test
2026-10-10T07:41:34.3917985Z 2026/10/10 07:40:55 mockllm: serving on http://127.0.0.1:62886 (golden dir D:\a\wisp\wisp\internal\llm\testdata\golden)
2026-10-10T07:41:34.3918807Z time=2026-10-10T07:40:55.604Z level=INFO msg="wisp: persistent log sink installed" dir=C:\Users\RUNNER~1\AppData\Local\Temp\TestRunTextTaskFailNextIsClassified220468932\002\logs min_level=info early_records=0 early_dropped=0
2026-10-10T07:41:34.3919434Z time=2026-10-10T07:40:55.627Z level=INFO msg="pre-migration backup written" component=memory backup=C:\Users\RUNNER~1\AppData\Local\Temp\TestRunTextTaskFailNextIsClassified220468932\002\backup\wisp.db.bak-0-1 from=0 to=1
2026-10-10T07:41:34.3919827Z time=2026-10-10T07:40:55.636Z level=INFO msg="schema migration step applied" component=memory from=0 to=1 started_at=2026-10-10T07:40:55Z duration_ms=9
2026-10-10T07:41:34.3920518Z time=2026-10-10T07:40:55.654Z level=INFO msg="pre-migration backup written" component=memory backup=C:\Users\RUNNER~1\AppData\Local\Temp\TestRunTextTaskFailNextIsClassified220468932\002\backup\wisp.db.bak-1-2 from=1 to=2
2026-10-10T07:41:34.3920907Z time=2026-10-10T07:40:55.662Z level=INFO msg="schema migration step applied" component=memory from=1 to=2 started_at=2026-10-10T07:40:55Z duration_ms=7
2026-10-10T07:41:34.3921276Z time=2026-10-10T07:40:55.676Z level=INFO msg="schema migration complete" component=memory schema_version=2
2026-10-10T07:41:34.3921738Z time=2026-10-10T07:40:55.677Z level=INFO msg="startup WAL checkpoint (TRUNCATE) done" component=memory wal_pages_before=0 pages_moved=0
2026-10-10T07:41:34.3922068Z time=2026-10-10T07:40:55.711Z level=INFO msg="startup WAL checkpoint (TRUNCATE) done" component=memory wal_pages_before=0 pages_moved=0
2026-10-10T07:41:34.3922267Z --- PASS: TestRunTextTaskFailNextIsClassified (1.09s)
2026-10-10T07:41:34.3922441Z === RUN   TestHostDispatchThroughTheAssembledBridge
2026-10-10T07:41:34.3922802Z time=2026-10-10T07:40:58.575Z level=WARN msg="goroutine outside the D38 roster (leak symptom)" goroutine=mockllm-stdout-reader owner=test
2026-10-10T07:41:34.3923424Z time=2026-10-10T07:40:58.592Z level=INFO msg="wisp: persistent log sink installed" dir=C:\Users\RUNNER~1\AppData\Local\Temp\TestHostDispatchThroughTheAssembledBridge1968160441\002\logs min_level=info early_records=0 early_dropped=0
2026-10-10T07:41:34.3923732Z 2026/10/10 07:40:58 mockllm: serving on http://127.0.0.1:62894 (golden dir D:\a\wisp\wisp\internal\llm\testdata\golden)
2026-10-10T07:41:34.3924368Z time=2026-10-10T07:40:58.617Z level=INFO msg="pre-migration backup written" component=memory backup=C:\Users\RUNNER~1\AppData\Local\Temp\TestHostDispatchThroughTheAssembledBridge1968160441\002\backup\wisp.db.bak-0-1 from=0 to=1
2026-10-10T07:41:34.3924761Z time=2026-10-10T07:40:58.625Z level=INFO msg="schema migration step applied" component=memory from=0 to=1 started_at=2026-10-10T07:40:58Z duration_ms=7
2026-10-10T07:41:34.3925398Z time=2026-10-10T07:40:59.412Z level=INFO msg="pre-migration backup written" component=memory backup=C:\Users\RUNNER~1\AppData\Local\Temp\TestHostDispatchThroughTheAssembledBridge1968160441\002\backup\wisp.db.bak-1-2 from=1 to=2
2026-10-10T07:41:34.3925759Z time=2026-10-10T07:40:59.421Z level=INFO msg="schema migration step applied" component=memory from=1 to=2 started_at=2026-10-10T07:40:59Z duration_ms=9
2026-10-10T07:41:34.3926048Z time=2026-10-10T07:40:59.438Z level=INFO msg="schema migration complete" component=memory schema_version=2
2026-10-10T07:41:34.3926399Z time=2026-10-10T07:40:59.438Z level=INFO msg="startup WAL checkpoint (TRUNCATE) done" component=memory wal_pages_before=0 pages_moved=0
2026-10-10T07:41:34.3926763Z time=2026-10-10T07:40:59.693Z level=INFO msg="startup WAL checkpoint (TRUNCATE) done" component=memory wal_pages_before=0 pages_moved=0
2026-10-10T07:41:34.3926928Z --- PASS: TestHostDispatchThroughTheAssembledBridge (3.99s)
2026-10-10T07:41:34.3927104Z === RUN   TestComposedGateBlocksAWriteForTwoSeconds
2026-10-10T07:41:34.3927456Z time=2026-10-10T07:41:00.716Z level=WARN msg="goroutine outside the D38 roster (leak symptom)" goroutine=mockllm-stdout-reader owner=test
2026-10-10T07:41:34.3928311Z time=2026-10-10T07:41:00.728Z level=INFO msg="wisp: persistent log sink installed" dir=C:\Users\RUNNER~1\AppData\Local\Temp\TestComposedGateBlocksAWriteForTwoSeconds4183606924\002\logs min_level=info early_records=0 early_dropped=0
2026-10-10T07:41:34.3928735Z 2026/10/10 07:41:00 mockllm: serving on http://127.0.0.1:62896 (golden dir D:\a\wisp\wisp\internal\llm\testdata\golden)
2026-10-10T07:41:34.3929685Z time=2026-10-10T07:41:00.754Z level=INFO msg="pre-migration backup written" component=memory backup=C:\Users\RUNNER~1\AppData\Local\Temp\TestComposedGateBlocksAWriteForTwoSeconds4183606924\002\backup\wisp.db.bak-0-1 from=0 to=1
2026-10-10T07:41:34.3930172Z time=2026-10-10T07:41:00.761Z level=INFO msg="schema migration step applied" component=memory from=0 to=1 started_at=2026-10-10T07:41:00Z duration_ms=7
2026-10-10T07:41:34.3930985Z time=2026-10-10T07:41:00.780Z level=INFO msg="pre-migration backup written" component=memory backup=C:\Users\RUNNER~1\AppData\Local\Temp\TestComposedGateBlocksAWriteForTwoSeconds4183606924\002\backup\wisp.db.bak-1-2 from=1 to=2
2026-10-10T07:41:34.3931380Z time=2026-10-10T07:41:00.789Z level=INFO msg="schema migration step applied" component=memory from=1 to=2 started_at=2026-10-10T07:41:00Z duration_ms=9
2026-10-10T07:41:34.3931660Z time=2026-10-10T07:41:00.804Z level=INFO msg="schema migration complete" component=memory schema_version=2
2026-10-10T07:41:34.3932018Z time=2026-10-10T07:41:00.806Z level=INFO msg="startup WAL checkpoint (TRUNCATE) done" component=memory wal_pages_before=0 pages_moved=0
2026-10-10T07:41:34.3932382Z time=2026-10-10T07:41:02.855Z level=INFO msg="startup WAL checkpoint (TRUNCATE) done" component=memory wal_pages_before=0 pages_moved=0
2026-10-10T07:41:34.3932554Z --- PASS: TestComposedGateBlocksAWriteForTwoSeconds (3.16s)
2026-10-10T07:41:34.3932708Z === RUN   TestRunTextTaskKeyResolvesInTheStore
2026-10-10T07:41:34.3933063Z time=2026-10-10T07:41:03.661Z level=WARN msg="goroutine outside the D38 roster (leak symptom)" goroutine=mockllm-stdout-reader owner=test
2026-10-10T07:41:34.3933682Z time=2026-10-10T07:41:03.673Z level=INFO msg="wisp: persistent log sink installed" dir=C:\Users\RUNNER~1\AppData\Local\Temp\TestRunTextTaskKeyResolvesInTheStore3349112266\002\logs min_level=info early_records=0 early_dropped=0
2026-10-10T07:41:34.3933957Z 2026/10/10 07:41:03 mockllm: serving on http://127.0.0.1:62899 (golden dir D:\a\wisp\wisp\internal\llm\testdata\golden)
2026-10-10T07:41:34.3934563Z time=2026-10-10T07:41:03.696Z level=INFO msg="pre-migration backup written" component=memory backup=C:\Users\RUNNER~1\AppData\Local\Temp\TestRunTextTaskKeyResolvesInTheStore3349112266\002\backup\wisp.db.bak-0-1 from=0 to=1
2026-10-10T07:41:34.3934986Z time=2026-10-10T07:41:03.706Z level=INFO msg="schema migration step applied" component=memory from=0 to=1 started_at=2026-10-10T07:41:03Z duration_ms=9
2026-10-10T07:41:34.3935820Z time=2026-10-10T07:41:03.728Z level=INFO msg="pre-migration backup written" component=memory backup=C:\Users\RUNNER~1\AppData\Local\Temp\TestRunTextTaskKeyResolvesInTheStore3349112266\002\backup\wisp.db.bak-1-2 from=1 to=2
2026-10-10T07:41:34.3936228Z time=2026-10-10T07:41:03.735Z level=INFO msg="schema migration step applied" component=memory from=1 to=2 started_at=2026-10-10T07:41:03Z duration_ms=6
2026-10-10T07:41:34.3936479Z time=2026-10-10T07:41:03.749Z level=INFO msg="schema migration complete" component=memory schema_version=2
2026-10-10T07:41:34.3936836Z time=2026-10-10T07:41:03.750Z level=INFO msg="startup WAL checkpoint (TRUNCATE) done" component=memory wal_pages_before=0 pages_moved=0
2026-10-10T07:41:34.3937021Z --- PASS: TestRunTextTaskKeyResolvesInTheStore (0.92s)
2026-10-10T07:41:34.3937174Z === RUN   TestMissingBlobFailsUnconfiguredNeverSilently
2026-10-10T07:41:34.3937720Z time=2026-10-10T07:41:04.709Z level=WARN msg="goroutine outside the D38 roster (leak symptom)" goroutine=mockllm-stdout-reader owner=test
2026-10-10T07:41:34.3938129Z 2026/10/10 07:41:04 mockllm: serving on http://127.0.0.1:62902 (golden dir D:\a\wisp\wisp\internal\llm\testdata\golden)
2026-10-10T07:41:34.3939162Z time=2026-10-10T07:41:04.740Z level=INFO msg="wisp: persistent log sink installed" dir=C:\Users\RUNNER~1\AppData\Local\Temp\TestMissingBlobFailsUnconfiguredNeverSilently2942935065\002\logs min_level=info early_records=0 early_dropped=0
2026-10-10T07:41:34.3939353Z --- PASS: TestMissingBlobFailsUnconfiguredNeverSilently (1.00s)
2026-10-10T07:41:34.3939496Z === RUN   TestSecretArgvCarriesNoSecret
2026-10-10T07:41:34.3939659Z === RUN   TestSecretArgvCarriesNoSecret/from-stdin
2026-10-10T07:41:34.3939866Z === RUN   TestSecretArgvCarriesNoSecret/interactive-without-console
2026-10-10T07:41:34.3939996Z --- PASS: TestSecretArgvCarriesNoSecret (2.74s)
2026-10-10T07:41:34.3940288Z     --- PASS: TestSecretArgvCarriesNoSecret/from-stdin (0.66s)
2026-10-10T07:41:34.3940564Z     --- PASS: TestSecretArgvCarriesNoSecret/interactive-without-console (0.05s)
2026-10-10T07:41:34.3940718Z === RUN   TestSecretRealBinaryRefusesValueFlag
2026-10-10T07:41:34.3940868Z --- PASS: TestSecretRealBinaryRefusesValueFlag (2.45s)
2026-10-10T07:41:34.3941120Z === RUN   TestProcessCommandLineProbeHelperProcess
2026-10-10T07:41:34.3941401Z --- PASS: TestProcessCommandLineProbeHelperProcess (0.00s)
2026-10-10T07:41:34.3941636Z === RUN   TestProcessCommandLineProbeDetectsAPlantedValue
2026-10-10T07:41:34.3941939Z --- PASS: TestProcessCommandLineProbeDetectsAPlantedValue (0.06s)
2026-10-10T07:41:34.3942134Z === RUN   TestSecretSetGetListRoundTrip
2026-10-10T07:41:34.3942349Z --- PASS: TestSecretSetGetListRoundTrip (0.01s)
2026-10-10T07:41:34.3942548Z === RUN   TestSecretSetRejectsBadNamesAndEmptyInput
2026-10-10T07:41:34.3942819Z === RUN   TestSecretSetRejectsBadNamesAndEmptyInput/traversal
2026-10-10T07:41:34.3943088Z === RUN   TestSecretSetRejectsBadNamesAndEmptyInput/dotdot
2026-10-10T07:41:34.3943324Z === RUN   TestSecretSetRejectsBadNamesAndEmptyInput/separator
2026-10-10T07:41:34.3943562Z === RUN   TestSecretSetRejectsBadNamesAndEmptyInput/space
2026-10-10T07:41:34.3943740Z === RUN   TestSecretSetRejectsBadNamesAndEmptyInput/empty
2026-10-10T07:41:34.3943927Z === RUN   TestSecretSetRejectsBadNamesAndEmptyInput/empty_stdin
2026-10-10T07:41:34.3944110Z === RUN   TestSecretSetRejectsBadNamesAndEmptyInput/multiline_stdin
2026-10-10T07:41:34.3944289Z === RUN   TestSecretSetRejectsBadNamesAndEmptyInput/no_name
2026-10-10T07:41:34.3944472Z === RUN   TestSecretSetRejectsBadNamesAndEmptyInput/two_names
2026-10-10T07:41:34.3944632Z --- PASS: TestSecretSetRejectsBadNamesAndEmptyInput (0.00s)
2026-10-10T07:41:34.3944887Z     --- PASS: TestSecretSetRejectsBadNamesAndEmptyInput/traversal (0.00s)
2026-10-10T07:41:34.3945129Z     --- PASS: TestSecretSetRejectsBadNamesAndEmptyInput/dotdot (0.00s)
2026-10-10T07:41:34.3945380Z     --- PASS: TestSecretSetRejectsBadNamesAndEmptyInput/separator (0.00s)
2026-10-10T07:41:34.3945590Z     --- PASS: TestSecretSetRejectsBadNamesAndEmptyInput/space (0.00s)
2026-10-10T07:41:34.3945902Z     --- PASS: TestSecretSetRejectsBadNamesAndEmptyInput/empty (0.00s)
2026-10-10T07:41:34.3946287Z     --- PASS: TestSecretSetRejectsBadNamesAndEmptyInput/empty_stdin (0.00s)
2026-10-10T07:41:34.3946696Z     --- PASS: TestSecretSetRejectsBadNamesAndEmptyInput/multiline_stdin (0.00s)
2026-10-10T07:41:34.3947054Z     --- PASS: TestSecretSetRejectsBadNamesAndEmptyInput/no_name (0.00s)
2026-10-10T07:41:34.3947420Z     --- PASS: TestSecretSetRejectsBadNamesAndEmptyInput/two_names (0.00s)
2026-10-10T07:41:34.3947692Z === RUN   TestSecretSetConfirmationMismatchStoresNothing
2026-10-10T07:41:34.3947965Z --- PASS: TestSecretSetConfirmationMismatchStoresNothing (0.00s)
2026-10-10T07:41:34.3948226Z === RUN   TestSecretSetWithoutConsolePointsAtFromStdin
2026-10-10T07:41:34.3948495Z --- PASS: TestSecretSetWithoutConsolePointsAtFromStdin (0.00s)
2026-10-10T07:41:34.3948635Z === RUN   TestSecretFlagsAreBoolOnly
2026-10-10T07:41:34.3948757Z --- PASS: TestSecretFlagsAreBoolOnly (0.00s)
2026-10-10T07:41:34.3948944Z === RUN   TestSecretValueCarryingFlagsAreRefusedAndUnechoed
2026-10-10T07:41:34.3949162Z === RUN   TestSecretValueCarryingFlagsAreRefusedAndUnechoed/--value
2026-10-10T07:41:34.3949467Z === RUN   TestSecretValueCarryingFlagsAreRefusedAndUnechoed/--secret
2026-10-10T07:41:34.3949750Z === RUN   TestSecretValueCarryingFlagsAreRefusedAndUnechoed/--key
2026-10-10T07:41:34.3949995Z === RUN   TestSecretValueCarryingFlagsAreRefusedAndUnechoed/-k
2026-10-10T07:41:34.3950207Z === RUN   TestSecretValueCarryingFlagsAreRefusedAndUnechoed/--api-key
2026-10-10T07:41:34.3950401Z === RUN   TestSecretValueCarryingFlagsAreRefusedAndUnechoed/--from-file
2026-10-10T07:41:34.3950610Z === RUN   TestSecretValueCarryingFlagsAreRefusedAndUnechoed/--file
2026-10-10T07:41:34.3950897Z === RUN   TestSecretValueCarryingFlagsAreRefusedAndUnechoed/--stdin
2026-10-10T07:41:34.3951080Z === RUN   TestSecretValueCarryingFlagsAreRefusedAndUnechoed/positional
2026-10-10T07:41:34.3951294Z --- PASS: TestSecretValueCarryingFlagsAreRefusedAndUnechoed (0.00s)
2026-10-10T07:41:34.3951571Z     --- PASS: TestSecretValueCarryingFlagsAreRefusedAndUnechoed/--value (0.00s)
2026-10-10T07:41:34.3951853Z     --- PASS: TestSecretValueCarryingFlagsAreRefusedAndUnechoed/--secret (0.00s)
2026-10-10T07:41:34.3952105Z     --- PASS: TestSecretValueCarryingFlagsAreRefusedAndUnechoed/--key (0.00s)
2026-10-10T07:41:34.3952368Z     --- PASS: TestSecretValueCarryingFlagsAreRefusedAndUnechoed/-k (0.00s)
2026-10-10T07:41:34.3952652Z     --- PASS: TestSecretValueCarryingFlagsAreRefusedAndUnechoed/--api-key (0.00s)
2026-10-10T07:41:34.3952937Z     --- PASS: TestSecretValueCarryingFlagsAreRefusedAndUnechoed/--from-file (0.00s)
2026-10-10T07:41:34.3953182Z     --- PASS: TestSecretValueCarryingFlagsAreRefusedAndUnechoed/--file (0.00s)
2026-10-10T07:41:34.3953454Z     --- PASS: TestSecretValueCarryingFlagsAreRefusedAndUnechoed/--stdin (0.00s)
2026-10-10T07:41:34.3953748Z     --- PASS: TestSecretValueCarryingFlagsAreRefusedAndUnechoed/positional (0.00s)
2026-10-10T07:41:34.3953897Z === RUN   TestSecretFromStdinWritesNoIntermediateFile
2026-10-10T07:41:34.3954093Z --- PASS: TestSecretFromStdinWritesNoIntermediateFile (0.00s)
2026-10-10T07:41:34.3954268Z === RUN   TestSecretFailurePathsLogAndPrintNoPlaintext
2026-10-10T07:41:34.3954585Z === RUN   TestSecretFailurePathsLogAndPrintNoPlaintext/bad_dpapi_decrypt_(corrupted_blob,_non-portable)
2026-10-10T07:41:34.3954825Z === RUN   TestSecretFailurePathsLogAndPrintNoPlaintext/bad_dpapi_decrypt_(portable,_P13)
2026-10-10T07:41:34.3955075Z === RUN   TestSecretFailurePathsLogAndPrintNoPlaintext/unwritable_store_dir
2026-10-10T07:41:34.3955540Z === RUN   TestSecretFailurePathsLogAndPrintNoPlaintext/unset_name_(no_such_blob)
2026-10-10T07:41:34.3955847Z === RUN   TestSecretFailurePathsLogAndPrintNoPlaintext/store_write_failure_surfaces_the_ref_only
2026-10-10T07:41:34.3956019Z --- PASS: TestSecretFailurePathsLogAndPrintNoPlaintext (0.02s)
2026-10-10T07:41:34.3956420Z     --- PASS: TestSecretFailurePathsLogAndPrintNoPlaintext/bad_dpapi_decrypt_(corrupted_blob,_non-portable) (0.00s)
2026-10-10T07:41:34.3956766Z     --- PASS: TestSecretFailurePathsLogAndPrintNoPlaintext/bad_dpapi_decrypt_(portable,_P13) (0.00s)
2026-10-10T07:41:34.3957045Z     --- PASS: TestSecretFailurePathsLogAndPrintNoPlaintext/unwritable_store_dir (0.00s)
2026-10-10T07:41:34.3957362Z     --- PASS: TestSecretFailurePathsLogAndPrintNoPlaintext/unset_name_(no_such_blob) (0.00s)
2026-10-10T07:41:34.3957734Z     --- PASS: TestSecretFailurePathsLogAndPrintNoPlaintext/store_write_failure_surfaces_the_ref_only (0.00s)
2026-10-10T07:41:34.3957910Z === RUN   TestSecretUnsetRefusesWhileReferenced
2026-10-10T07:41:34.3958099Z === RUN   TestSecretUnsetRefusesWhileReferenced/refused_while_referenced
2026-10-10T07:41:34.3958369Z === RUN   TestSecretUnsetRefusesWhileReferenced/refused_for_a_voice.realtime_reference_too
2026-10-10T07:41:34.3958624Z === RUN   TestSecretUnsetRefusesWhileReferenced/an_unreadable_config_fails_closed
2026-10-10T07:41:34.3958876Z === RUN   TestSecretUnsetRefusesWhileReferenced/force_deletes_and_writes_an_audit_line
2026-10-10T07:41:34.3959093Z === RUN   TestSecretUnsetRefusesWhileReferenced/unreferenced_delete_is_audited_at_info
2026-10-10T07:41:34.3959408Z === RUN   TestSecretUnsetRefusesWhileReferenced/no_config_at_all_means_no_references
2026-10-10T07:41:34.3959586Z --- PASS: TestSecretUnsetRefusesWhileReferenced (0.01s)
2026-10-10T07:41:34.3959836Z     --- PASS: TestSecretUnsetRefusesWhileReferenced/refused_while_referenced (0.00s)
2026-10-10T07:41:34.3960186Z     --- PASS: TestSecretUnsetRefusesWhileReferenced/refused_for_a_voice.realtime_reference_too (0.00s)
2026-10-10T07:41:34.3960498Z     --- PASS: TestSecretUnsetRefusesWhileReferenced/an_unreadable_config_fails_closed (0.00s)
2026-10-10T07:41:34.3960894Z     --- PASS: TestSecretUnsetRefusesWhileReferenced/force_deletes_and_writes_an_audit_line (0.00s)
2026-10-10T07:41:34.3961185Z     --- PASS: TestSecretUnsetRefusesWhileReferenced/unreferenced_delete_is_audited_at_info (0.00s)
2026-10-10T07:41:34.3961503Z     --- PASS: TestSecretUnsetRefusesWhileReferenced/no_config_at_all_means_no_references (0.00s)
2026-10-10T07:41:34.3961675Z === RUN   TestSecretSameNameUnderThreeEnvsIsThreeBlobs
2026-10-10T07:41:34.3961872Z --- PASS: TestSecretSameNameUnderThreeEnvsIsThreeBlobs (0.01s)
2026-10-10T07:41:34.3961997Z === RUN   TestSecretPortableModeUsesTicket06Seam
2026-10-10T07:41:34.3962176Z --- PASS: TestSecretPortableModeUsesTicket06Seam (0.01s)
2026-10-10T07:41:34.3962356Z === RUN   TestSecretEndToEndConfigRefResolvesAtRequestTime
2026-10-10T07:41:34.3962541Z --- PASS: TestSecretEndToEndConfigRefResolvesAtRequestTime (0.01s)
2026-10-10T07:41:34.3962685Z === RUN   TestSecretUsageAndUnknownSubcommand
2026-10-10T07:41:34.3962853Z --- PASS: TestSecretUsageAndUnknownSubcommand (0.00s)
2026-10-10T07:41:34.3962992Z === RUN   TestSecretOverwriteIsAnnounced
2026-10-10T07:41:34.3963116Z --- PASS: TestSecretOverwriteIsAnnounced (0.01s)
2026-10-10T07:41:34.3963284Z === RUN   TestSLO156FixtureChildrenDoWhatTheirNamesSay
2026-10-10T07:41:34.3963475Z --- PASS: TestSLO156FixtureChildrenDoWhatTheirNamesSay (0.05s)
2026-10-10T07:41:34.3963619Z === RUN   TestSLO156ExitedAsksTheOSForAChildNobodyReaped
2026-10-10T07:41:34.3963822Z --- PASS: TestSLO156ExitedAsksTheOSForAChildNobodyReaped (0.04s)
2026-10-10T07:41:34.3964009Z === RUN   TestSLO156LiveSubjectStaysAliveUntilTheOSDisagrees
2026-10-10T07:41:34.3964495Z     slo_exit_os_156_windows_test.go:206: Wait on a killed child reports the kill as an error (exit status 1); that is the fixture, not a failure
2026-10-10T07:41:34.3964699Z --- PASS: TestSLO156LiveSubjectStaysAliveUntilTheOSDisagrees (0.00s)
2026-10-10T07:41:34.3964916Z === RUN   TestSLO156ReportLoopNamesTheDeadSubjectItWasWaitingOn
2026-10-10T07:41:34.3965173Z --- PASS: TestSLO156ReportLoopNamesTheDeadSubjectItWasWaitingOn (0.04s)
2026-10-10T07:41:34.3965348Z === RUN   TestSLO156WaitReadyNamesTheDeadSubjectToo
2026-10-10T07:41:34.3965538Z --- PASS: TestSLO156WaitReadyNamesTheDeadSubjectToo (0.05s)
2026-10-10T07:41:34.3965772Z === RUN   TestSLO144EveryPrefixOfARealReportIsUnwrittenNotCorrupt
2026-10-10T07:41:34.3966022Z --- PASS: TestSLO144EveryPrefixOfARealReportIsUnwrittenNotCorrupt (0.01s)
2026-10-10T07:41:34.3966216Z === RUN   TestSLO144ReportsThatContradictThemselvesAreCorruptNow
2026-10-10T07:41:34.3966462Z === RUN   TestSLO144ReportsThatContradictThemselvesAreCorruptNow/html-head
2026-10-10T07:41:34.3966709Z === RUN   TestSLO144ReportsThatContradictThemselvesAreCorruptNow/stray-comma
2026-10-10T07:41:34.3966959Z === RUN   TestSLO144ReportsThatContradictThemselvesAreCorruptNow/wrong-type
2026-10-10T07:41:34.3967198Z === RUN   TestSLO144ReportsThatContradictThemselvesAreCorruptNow/trailing-garbage
2026-10-10T07:41:34.3967461Z === RUN   TestSLO144ReportsThatContradictThemselvesAreCorruptNow/second-document
2026-10-10T07:41:34.3967779Z === RUN   TestSLO144ReportsThatContradictThemselvesAreCorruptNow/complete-but-no-state-report
2026-10-10T07:41:34.3968103Z === RUN   TestSLO144ReportsThatContradictThemselvesAreCorruptNow/empty-object-is-a-finished-lie
2026-10-10T07:41:34.3968319Z --- PASS: TestSLO144ReportsThatContradictThemselvesAreCorruptNow (0.00s)
2026-10-10T07:41:34.3968724Z     --- PASS: TestSLO144ReportsThatContradictThemselvesAreCorruptNow/html-head (0.00s)
2026-10-10T07:41:34.3969070Z     --- PASS: TestSLO144ReportsThatContradictThemselvesAreCorruptNow/stray-comma (0.00s)
2026-10-10T07:41:34.3969385Z     --- PASS: TestSLO144ReportsThatContradictThemselvesAreCorruptNow/wrong-type (0.00s)
2026-10-10T07:41:34.3969813Z     --- PASS: TestSLO144ReportsThatContradictThemselvesAreCorruptNow/trailing-garbage (0.00s)
2026-10-10T07:41:34.3970243Z     --- PASS: TestSLO144ReportsThatContradictThemselvesAreCorruptNow/second-document (0.00s)
2026-10-10T07:41:34.3970724Z     --- PASS: TestSLO144ReportsThatContradictThemselvesAreCorruptNow/complete-but-no-state-report (0.00s)
2026-10-10T07:41:34.3971117Z     --- PASS: TestSLO144ReportsThatContradictThemselvesAreCorruptNow/empty-object-is-a-finished-lie (0.00s)
2026-10-10T07:41:34.3971364Z === RUN   TestSLO144LoopRetriesAnUnfinishedFileAndReadsTheWholeReport
2026-10-10T07:41:34.3971637Z --- PASS: TestSLO144LoopRetriesAnUnfinishedFileAndReadsTheWholeReport (0.02s)
2026-10-10T07:41:34.3971804Z === RUN   TestSLO144LoopGiveUpSentencesOnRealFiles
2026-10-10T07:41:34.3971961Z --- PASS: TestSLO144LoopGiveUpSentencesOnRealFiles (0.05s)
2026-10-10T07:41:34.3972142Z === RUN   TestSLO144CorruptReportIsJudgedOnTheFirstRead
2026-10-10T07:41:34.3972356Z --- PASS: TestSLO144CorruptReportIsJudgedOnTheFirstRead (0.00s)
2026-10-10T07:41:34.3972571Z === RUN   TestSLO144UnfinishedReportKeepsPollingThenNamesBudgetAndBytes
2026-10-10T07:41:34.3972852Z --- PASS: TestSLO144UnfinishedReportKeepsPollingThenNamesBudgetAndBytes (0.06s)
2026-10-10T07:41:34.3973082Z === RUN   TestSLO144ReportThatArrivesAfterMissingReadingsIsCollected
2026-10-10T07:41:34.3973348Z --- PASS: TestSLO144ReportThatArrivesAfterMissingReadingsIsCollected (0.00s)
2026-10-10T07:41:34.3973564Z === RUN   TestSLO147UnwrittenSentenceNamesTheOffsetTheDocumentStoppedAt
2026-10-10T07:41:34.3973864Z --- PASS: TestSLO147UnwrittenSentenceNamesTheOffsetTheDocumentStoppedAt (0.01s)
2026-10-10T07:41:34.3974076Z === RUN   TestSLO147LoopGiveUpSentenceAgreesWithTheBytesItRead
2026-10-10T07:41:34.3974297Z --- PASS: TestSLO147LoopGiveUpSentenceAgreesWithTheBytesItRead (0.06s)
2026-10-10T07:41:34.3974467Z === RUN   TestSLO147OffsetSemanticsRenderThreeDifferentSentences
2026-10-10T07:41:34.3974699Z --- PASS: TestSLO147OffsetSemanticsRenderThreeDifferentSentences (0.04s)
2026-10-10T07:41:34.3974922Z === RUN   TestSLO149CorruptSentenceNamesThePositionTheDecoderObjectedAt
2026-10-10T07:41:34.3975170Z --- PASS: TestSLO149CorruptSentenceNamesThePositionTheDecoderObjectedAt (0.00s)
2026-10-10T07:41:34.3975575Z === RUN   TestSLO149CorruptLegsWithoutADecoderErrorKeepTheirOwnEnd
2026-10-10T07:41:34.3975828Z --- PASS: TestSLO149CorruptLegsWithoutADecoderErrorKeepTheirOwnEnd (0.00s)
2026-10-10T07:41:34.3976045Z === RUN   TestSLO152CorruptLegWithNoNamedPositionRefusesToBorrowOne
2026-10-10T07:41:34.3976337Z --- PASS: TestSLO152CorruptLegWithNoNamedPositionRefusesToBorrowOne (0.00s)
2026-10-10T07:41:34.3976602Z === RUN   TestSLO149ExitedGiveUpSentenceCarriesTheLastReading
2026-10-10T07:41:34.3976881Z --- PASS: TestSLO149ExitedGiveUpSentenceCarriesTheLastReading (0.01s)
2026-10-10T07:41:34.3977093Z === RUN   TestRunPacketMarksTheRosterRowACardIsHolding
2026-10-10T07:41:34.3977599Z time=2026-10-10T07:41:11.362Z level=WARN msg="goroutine outside the D38 roster (leak symptom)" goroutine=mockllm-stdout-reader owner=test
2026-10-10T07:41:34.3978074Z 2026/10/10 07:41:11 mockllm: serving on http://127.0.0.1:62911 (golden dir D:\a\wisp\wisp\internal\llm\testdata\golden)
2026-10-10T07:41:34.3978987Z time=2026-10-10T07:41:11.395Z level=INFO msg="wisp: persistent log sink installed" dir=C:\Users\RUNNER~1\AppData\Local\Temp\TestRunPacketMarksTheRosterRowACardIsHolding643802764\002\logs min_level=info early_records=0 early_dropped=0
2026-10-10T07:41:34.3980404Z time=2026-10-10T07:41:11.421Z level=INFO msg="pre-migration backup written" component=memory backup=C:\Users\RUNNER~1\AppData\Local\Temp\TestRunPacketMarksTheRosterRowACardIsHolding643802764\002\backup\wisp.db.bak-0-1 from=0 to=1
2026-10-10T07:41:34.3980817Z time=2026-10-10T07:41:11.432Z level=INFO msg="schema migration step applied" component=memory from=0 to=1 started_at=2026-10-10T07:41:11Z duration_ms=10
2026-10-10T07:41:34.3981541Z time=2026-10-10T07:41:11.452Z level=INFO msg="pre-migration backup written" component=memory backup=C:\Users\RUNNER~1\AppData\Local\Temp\TestRunPacketMarksTheRosterRowACardIsHolding643802764\002\backup\wisp.db.bak-1-2 from=1 to=2
2026-10-10T07:41:34.3982084Z time=2026-10-10T07:41:11.460Z level=INFO msg="schema migration step applied" component=memory from=1 to=2 started_at=2026-10-10T07:41:11Z duration_ms=8
2026-10-10T07:41:34.3982457Z time=2026-10-10T07:41:11.476Z level=INFO msg="schema migration complete" component=memory schema_version=2
2026-10-10T07:41:34.3982789Z time=2026-10-10T07:41:11.477Z level=INFO msg="startup WAL checkpoint (TRUNCATE) done" component=memory wal_pages_before=0 pages_moved=0
2026-10-10T07:41:34.3983245Z time=2026-10-10T07:41:11.483Z level=WARN msg="goroutine outside the D38 roster (leak symptom)" goroutine=subagent-finish-285157dc-d8dd-4e34-a2c5-79dba27cb32c owner=tools
2026-10-10T07:41:34.3988855Z     subagent_blocked_197_test.go:168: tasks wire bytes: {"rows":[{"taskId":"0644eb82-9ce6-4e68-a58a-e9163ca3e4bf","label":"总结一下 rootprompt197r3 aaaaaaaaaaaaaaaaaaaaaaaaaaaaaaaaaaaaaaaaaaaaaaaaaaaaaaaaaaaaaaaaaaaaaaaaaaaaaaaaaaaaaaaaaaaaaaaaaaaaaaaaaaaaaaaaaaaaaaaaaaaaaaaaaaaaaaaaaaaaaaaaaaaaaaaaaaaaaaaaaaaaaaaaaaaaaaaaaaaaaaaaaaaaaaaaaaaaaaaaaaaaaaaaaaaaaaaaaaaaaaaaaaaaaaaaaaaaaaaaaaaaaaaaaaaaaaaaaaaaaaaaaaaaaaaaaaaaaaaaaaaaaaaaaaaaaaaaaaaaaaaaaaaaaaaaaaaaaaaaaaaaaaaaaaaaaaaaaaaaaaaaaaaaaaaaaaaaaaaa","kind":"root","parentTaskId":"","status":"","statusKnown":false,"statusReason":"宿主没有登记这一维（fail-closed：不替任务编一个状态）","streamKey":"0644eb82-9ce6-4e68-a58a-e9163ca3e4bf","blockedOnApproval":false,"streamTruncated":false,"streamElidedRunes":0,"streamDropped":false},{"taskId":"285157dc-d8dd-4e34-a2c5-79dba27cb32c","label":"载体层正控：把一句话原样说出来","kind":"subagent","parentTaskId":"0644eb82-9ce6-4e68-a58a-e9163ca3e4bf","status":"Thinking","statusKnown":true,"streamKey":"subagent:285157dc-d8dd-4e34-a2c5-79dba27cb32c","blockedOnApproval":true,"streamTruncated":false,"streamElidedRunes":0,"streamDropped":false}],"inFlightSlots":1,"poolCap":4,"streamTruncated":false,"streamElidedRunes":0,"droppedStreamKeys":[]}
2026-10-10T07:41:34.3994267Z     subagent_blocked_197_test.go:222: tasks wire bytes: {"rows":[{"taskId":"0644eb82-9ce6-4e68-a58a-e9163ca3e4bf","label":"总结一下 rootprompt197r3 aaaaaaaaaaaaaaaaaaaaaaaaaaaaaaaaaaaaaaaaaaaaaaaaaaaaaaaaaaaaaaaaaaaaaaaaaaaaaaaaaaaaaaaaaaaaaaaaaaaaaaaaaaaaaaaaaaaaaaaaaaaaaaaaaaaaaaaaaaaaaaaaaaaaaaaaaaaaaaaaaaaaaaaaaaaaaaaaaaaaaaaaaaaaaaaaaaaaaaaaaaaaaaaaaaaaaaaaaaaaaaaaaaaaaaaaaaaaaaaaaaaaaaaaaaaaaaaaaaaaaaaaaaaaaaaaaaaaaaaaaaaaaaaaaaaaaaaaaaaaaaaaaaaaaaaaaaaaaaaaaaaaaaaaaaaaaaaaaaaaaaaaaaaaaaaaaaaaaaaa","kind":"root","parentTaskId":"","status":"","statusKnown":false,"statusReason":"宿主没有登记这一维（fail-closed：不替任务编一个状态）","streamKey":"0644eb82-9ce6-4e68-a58a-e9163ca3e4bf","blockedOnApproval":false,"streamTruncated":false,"streamElidedRunes":0,"streamDropped":false},{"taskId":"285157dc-d8dd-4e34-a2c5-79dba27cb32c","label":"载体层正控：把一句话原样说出来","kind":"subagent","parentTaskId":"0644eb82-9ce6-4e68-a58a-e9163ca3e4bf","status":"Settling","statusKnown":true,"streamKey":"subagent:285157dc-d8dd-4e34-a2c5-79dba27cb32c","blockedOnApproval":false,"streamTruncated":false,"streamElidedRunes":0,"streamDropped":false}],"inFlightSlots":0,"poolCap":4,"streamTruncated":false,"streamElidedRunes":0,"droppedStreamKeys":[]}
2026-10-10T07:41:34.3995777Z     subagent_blocked_197_test.go:234: blocked row on the run's own packet: task=285157dc-d8dd-4e34-a2c5-79dba27cb32c status=Thinking streamKey=subagent:285157dc-d8dd-4e34-a2c5-79dba27cb32c card=ticket197.blocked.probe pending=1 bytes=3147 sha256=d237e28b4e40f263 | after the card: blocked=false answer=reject why="任务上下文已结束，审批请求已作废并按拒绝处理"
2026-10-10T07:41:34.3995965Z --- PASS: TestRunPacketMarksTheRosterRowACardIsHolding (1.26s)
2026-10-10T07:41:34.3996242Z === RUN   TestRunPacketCarriesTheSubagentItsRosterRowFed
2026-10-10T07:41:34.3996613Z time=2026-10-10T07:41:12.709Z level=WARN msg="goroutine outside the D38 roster (leak symptom)" goroutine=mockllm-stdout-reader owner=test
2026-10-10T07:41:34.3996927Z 2026/10/10 07:41:12 mockllm: serving on http://127.0.0.1:62915 (golden dir D:\a\wisp\wisp\internal\llm\testdata\golden)
2026-10-10T07:41:34.3997580Z time=2026-10-10T07:41:12.739Z level=INFO msg="wisp: persistent log sink installed" dir=C:\Users\RUNNER~1\AppData\Local\Temp\TestRunPacketCarriesTheSubagentItsRosterRowFed3393021427\002\logs min_level=info early_records=0 early_dropped=0
2026-10-10T07:41:34.3998320Z time=2026-10-10T07:41:12.766Z level=INFO msg="pre-migration backup written" component=memory backup=C:\Users\RUNNER~1\AppData\Local\Temp\TestRunPacketCarriesTheSubagentItsRosterRowFed3393021427\002\backup\wisp.db.bak-0-1 from=0 to=1
2026-10-10T07:41:34.3998722Z time=2026-10-10T07:41:12.773Z level=INFO msg="schema migration step applied" component=memory from=0 to=1 started_at=2026-10-10T07:41:12Z duration_ms=7
2026-10-10T07:41:34.3999375Z time=2026-10-10T07:41:12.799Z level=INFO msg="pre-migration backup written" component=memory backup=C:\Users\RUNNER~1\AppData\Local\Temp\TestRunPacketCarriesTheSubagentItsRosterRowFed3393021427\002\backup\wisp.db.bak-1-2 from=1 to=2
2026-10-10T07:41:34.3999742Z time=2026-10-10T07:41:12.806Z level=INFO msg="schema migration step applied" component=memory from=1 to=2 started_at=2026-10-10T07:41:12Z duration_ms=7
2026-10-10T07:41:34.4000026Z time=2026-10-10T07:41:12.821Z level=INFO msg="schema migration complete" component=memory schema_version=2
2026-10-10T07:41:34.4000386Z time=2026-10-10T07:41:12.822Z level=INFO msg="startup WAL checkpoint (TRUNCATE) done" component=memory wal_pages_before=0 pages_moved=0
2026-10-10T07:41:34.4000860Z time=2026-10-10T07:41:12.828Z level=WARN msg="goroutine outside the D38 roster (leak symptom)" goroutine=subagent-finish-3ec76e32-9488-4370-b84b-a7cd530a97cc owner=tools
2026-10-10T07:41:34.4006211Z     subagent_carrier_197_test.go:278: tasks wire bytes: {"rows":[{"taskId":"3ec76e32-9488-4370-b84b-a7cd530a97cc","label":"载体层正控：把一句话原样说出来","kind":"subagent","parentTaskId":"da4d5b3e-9043-4a60-807c-cc2c4a7c5fce","status":"Thinking","statusKnown":true,"streamKey":"subagent:3ec76e32-9488-4370-b84b-a7cd530a97cc","blockedOnApproval":false,"streamTruncated":false,"streamElidedRunes":0,"streamDropped":false},{"taskId":"da4d5b3e-9043-4a60-807c-cc2c4a7c5fce","label":"总结一下 rootprompt197r3 aaaaaaaaaaaaaaaaaaaaaaaaaaaaaaaaaaaaaaaaaaaaaaaaaaaaaaaaaaaaaaaaaaaaaaaaaaaaaaaaaaaaaaaaaaaaaaaaaaaaaaaaaaaaaaaaaaaaaaaaaaaaaaaaaaaaaaaaaaaaaaaaaaaaaaaaaaaaaaaaaaaaaaaaaaaaaaaaaaaaaaaaaaaaaaaaaaaaaaaaaaaaaaaaaaaaaaaaaaaaaaaaaaaaaaaaaaaaaaaaaaaaaaaaaaaaaaaaaaaaaaaaaaaaaaaaaaaaaaaaaaaaaaaaaaaaaaaaaaaaaaaaaaaaaaaaaaaaaaaaaaaaaaaaaaaaaaaaaaaaaaaaaaaaaaaaaaaaaaaa","kind":"root","parentTaskId":"","status":"","statusKnown":false,"statusReason":"宿主没有登记这一维（fail-closed：不替任务编一个状态）","streamKey":"da4d5b3e-9043-4a60-807c-cc2c4a7c5fce","blockedOnApproval":false,"streamTruncated":false,"streamElidedRunes":0,"streamDropped":false}],"inFlightSlots":1,"poolCap":4,"streamTruncated":false,"streamElidedRunes":0,"droppedStreamKeys":[]}
2026-10-10T07:41:34.4006929Z     subagent_carrier_197_test.go:388: packet tasks section: rows=2 poolCap=4 child=3ec76e32-9488-4370-b84b-a7cd530a97cc runStatus=Thinking afterStatus=Settling key=subagent:3ec76e32-9488-4370-b84b-a7cd530a97cc bytes=2845
2026-10-10T07:41:34.4007173Z --- PASS: TestRunPacketCarriesTheSubagentItsRosterRowFed (1.35s)
2026-10-10T07:41:34.4007298Z === RUN   TestSubagentStreamKeyHasOneMintSite
2026-10-10T07:41:34.4007470Z --- PASS: TestSubagentStreamKeyHasOneMintSite (0.09s)
2026-10-10T07:41:34.4007646Z === RUN   TestRunPacketReportsTheStreamLogPastItsBound
2026-10-10T07:41:34.4007980Z time=2026-10-10T07:41:14.115Z level=WARN msg="goroutine outside the D38 roster (leak symptom)" goroutine=mockllm-stdout-reader owner=test
2026-10-10T07:41:34.4008714Z time=2026-10-10T07:41:14.128Z level=INFO msg="wisp: persistent log sink installed" dir=C:\Users\RUNNER~1\AppData\Local\Temp\TestRunPacketReportsTheStreamLogPastItsBound2548910174\002\logs min_level=info early_records=0 early_dropped=0
2026-10-10T07:41:34.4009020Z 2026/10/10 07:41:14 mockllm: serving on http://127.0.0.1:62919 (golden dir D:\a\wisp\wisp\internal\llm\testdata\golden)
2026-10-10T07:41:34.4009829Z time=2026-10-10T07:41:14.153Z level=INFO msg="pre-migration backup written" component=memory backup=C:\Users\RUNNER~1\AppData\Local\Temp\TestRunPacketReportsTheStreamLogPastItsBound2548910174\002\backup\wisp.db.bak-0-1 from=0 to=1
2026-10-10T07:41:34.4010518Z time=2026-10-10T07:41:14.164Z level=INFO msg="schema migration step applied" component=memory from=0 to=1 started_at=2026-10-10T07:41:14Z duration_ms=10
2026-10-10T07:41:34.4011482Z time=2026-10-10T07:41:14.183Z level=INFO msg="pre-migration backup written" component=memory backup=C:\Users\RUNNER~1\AppData\Local\Temp\TestRunPacketReportsTheStreamLogPastItsBound2548910174\002\backup\wisp.db.bak-1-2 from=1 to=2
2026-10-10T07:41:34.4012081Z time=2026-10-10T07:41:14.189Z level=INFO msg="schema migration step applied" component=memory from=1 to=2 started_at=2026-10-10T07:41:14Z duration_ms=6
2026-10-10T07:41:34.4012483Z time=2026-10-10T07:41:14.203Z level=INFO msg="schema migration complete" component=memory schema_version=2
2026-10-10T07:41:34.4013025Z time=2026-10-10T07:41:14.205Z level=INFO msg="startup WAL checkpoint (TRUNCATE) done" component=memory wal_pages_before=0 pages_moved=0
2026-10-10T07:41:34.4013689Z time=2026-10-10T07:41:14.211Z level=WARN msg="goroutine outside the D38 roster (leak symptom)" goroutine=subagent-finish-eb0c25b4-0da9-46bc-8f73-1ea4a51e062c owner=tools
2026-10-10T07:41:34.4014373Z time=2026-10-10T07:41:14.220Z level=WARN msg="goroutine outside the D38 roster (leak symptom)" goroutine=subagent-finish-345d8a2d-ce36-435f-9530-3fd1ee671e3a owner=tools
2026-10-10T07:41:34.4015056Z time=2026-10-10T07:41:14.221Z level=WARN msg="goroutine outside the D38 roster (leak symptom)" goroutine=subagent-finish-ef9ab2fa-7f79-4028-9941-fda5fe318d95 owner=tools
2026-10-10T07:41:34.4016146Z time=2026-10-10T07:41:14.222Z level=WARN msg="goroutine outside the D38 roster (leak symptom)" goroutine=subagent-finish-88b88b07-230d-4825-876a-6462d88d626e owner=tools
2026-10-10T07:41:34.4016861Z time=2026-10-10T07:41:14.223Z level=WARN msg="goroutine outside the D38 roster (leak symptom)" goroutine=subagent-finish-10740e8e-58f9-4a76-a624-cfce2842e250 owner=tools
2026-10-10T07:41:34.4017597Z time=2026-10-10T07:41:14.225Z level=WARN msg="goroutine outside the D38 roster (leak symptom)" goroutine=subagent-finish-be6f4c01-ece2-426a-9864-2ff530df1573 owner=tools
2026-10-10T07:41:34.4018277Z time=2026-10-10T07:41:14.226Z level=WARN msg="goroutine outside the D38 roster (leak symptom)" goroutine=subagent-finish-79ae713e-46db-40c2-b0ca-4b06956e4d76 owner=tools
2026-10-10T07:41:34.4019015Z time=2026-10-10T07:41:14.227Z level=WARN msg="goroutine outside the D38 roster (leak symptom)" goroutine=subagent-finish-170edb74-37ed-487a-b03f-358bef245b7b owner=tools
2026-10-10T07:41:34.4019736Z time=2026-10-10T07:41:14.228Z level=WARN msg="goroutine outside the D38 roster (leak symptom)" goroutine=subagent-finish-e77527f0-5ac9-49e2-a5ce-1d7e5842454a owner=tools
2026-10-10T07:41:34.4020418Z time=2026-10-10T07:41:14.229Z level=WARN msg="goroutine outside the D38 roster (leak symptom)" goroutine=subagent-finish-8ff1f04d-f3ff-40cc-afbf-7734b415062e owner=tools
2026-10-10T07:41:34.4021084Z time=2026-10-10T07:41:14.230Z level=WARN msg="goroutine outside the D38 roster (leak symptom)" goroutine=subagent-finish-6bd9e129-25ed-4a83-874a-0b8469078e8e owner=tools
2026-10-10T07:41:34.4021713Z time=2026-10-10T07:41:14.230Z level=WARN msg="goroutine outside the D38 roster (leak symptom)" goroutine=subagent-finish-2f19d4f1-b0e0-4fbf-9c0e-bf61410d0063 owner=tools
2026-10-10T07:41:34.4022355Z time=2026-10-10T07:41:14.232Z level=WARN msg="goroutine outside the D38 roster (leak symptom)" goroutine=subagent-finish-9b098bed-0606-449f-916c-8e07026ce07d owner=tools
2026-10-10T07:41:34.4022960Z time=2026-10-10T07:41:14.233Z level=WARN msg="goroutine outside the D38 roster (leak symptom)" goroutine=subagent-finish-c3797d2c-9574-434b-b3ed-82e070104ee9 owner=tools
2026-10-10T07:41:34.4023652Z time=2026-10-10T07:41:14.235Z level=WARN msg="goroutine outside the D38 roster (leak symptom)" goroutine=subagent-finish-7c78a57c-73f9-47f3-a216-3f4e090c1389 owner=tools
2026-10-10T07:41:34.4024480Z time=2026-10-10T07:41:14.235Z level=WARN msg="goroutine outside the D38 roster (leak symptom)" goroutine=subagent-finish-f50f6b3e-7e48-49f4-8e4c-930d60cfa524 owner=tools
2026-10-10T07:41:34.4024964Z time=2026-10-10T07:41:14.236Z level=WARN msg="goroutine outside the D38 roster (leak symptom)" goroutine=subagent-finish-16443023-3aec-48b3-985f-ffa96c37ea13 owner=tools
2026-10-10T07:41:34.4025428Z time=2026-10-10T07:41:14.238Z level=WARN msg="goroutine outside the D38 roster (leak symptom)" goroutine=subagent-finish-a93758fa-c305-44bd-93c2-b77dc73bcc6f owner=tools
2026-10-10T07:41:34.4025851Z time=2026-10-10T07:41:14.239Z level=WARN msg="goroutine outside the D38 roster (leak symptom)" goroutine=subagent-finish-d47f9a68-9ab4-4084-a06e-773fcad94ee9 owner=tools
2026-10-10T07:41:34.4026307Z time=2026-10-10T07:41:14.240Z level=WARN msg="goroutine outside the D38 roster (leak symptom)" goroutine=subagent-finish-bb83ed5e-a7cf-4e96-a55b-5df1b40ea809 owner=tools
2026-10-10T07:41:34.4026758Z time=2026-10-10T07:41:14.241Z level=WARN msg="goroutine outside the D38 roster (leak symptom)" goroutine=subagent-finish-8c777caa-3b24-418c-afd2-21e61b92c943 owner=tools
2026-10-10T07:41:34.4027210Z time=2026-10-10T07:41:14.243Z level=WARN msg="goroutine outside the D38 roster (leak symptom)" goroutine=subagent-finish-be4bda3f-60ed-4b70-8f5a-31e70abe6f78 owner=tools
2026-10-10T07:41:34.4027630Z time=2026-10-10T07:41:14.244Z level=WARN msg="goroutine outside the D38 roster (leak symptom)" goroutine=subagent-finish-8ec9bedf-7349-4887-8474-00fb8098e227 owner=tools
2026-10-10T07:41:34.4028086Z time=2026-10-10T07:41:14.245Z level=WARN msg="goroutine outside the D38 roster (leak symptom)" goroutine=subagent-finish-c8d7c416-07ba-418c-8cef-7f99c284a18e owner=tools
2026-10-10T07:41:34.4028522Z time=2026-10-10T07:41:14.246Z level=WARN msg="goroutine outside the D38 roster (leak symptom)" goroutine=subagent-finish-46419770-2d60-4f81-a2fd-00a522dfa615 owner=tools
2026-10-10T07:41:34.4028969Z time=2026-10-10T07:41:14.248Z level=WARN msg="goroutine outside the D38 roster (leak symptom)" goroutine=subagent-finish-39de47d7-754a-4e11-ab11-deb78b174ea1 owner=tools
2026-10-10T07:41:34.4029391Z time=2026-10-10T07:41:14.249Z level=WARN msg="goroutine outside the D38 roster (leak symptom)" goroutine=subagent-finish-5e9952db-a30d-42a7-b56e-3bf11499adf6 owner=tools
2026-10-10T07:41:34.4029847Z time=2026-10-10T07:41:14.250Z level=WARN msg="goroutine outside the D38 roster (leak symptom)" goroutine=subagent-finish-536fc90c-805d-4d4b-be62-fa47d166f11b owner=tools
2026-10-10T07:41:34.4030458Z time=2026-10-10T07:41:14.253Z level=WARN msg="goroutine outside the D38 roster (leak symptom)" goroutine=subagent-finish-02f70998-71b8-4595-9ca3-23401c08ee47 owner=tools
2026-10-10T07:41:34.4031102Z time=2026-10-10T07:41:14.253Z level=WARN msg="goroutine outside the D38 roster (leak symptom)" goroutine=subagent-finish-5e562fe5-2727-4c7c-ad05-cb8ddca1afa6 owner=tools
2026-10-10T07:41:34.4031733Z time=2026-10-10T07:41:14.255Z level=WARN msg="goroutine outside the D38 roster (leak symptom)" goroutine=subagent-finish-51d6cec3-5d75-43fe-8632-3b5691f71f06 owner=tools
2026-10-10T07:41:34.4032986Z time=2026-10-10T07:41:14.256Z level=WARN msg="goroutine outside the D38 roster (leak symptom)" goroutine=subagent-finish-2fc5e673-65f5-4469-bbdb-aeaea5ee640c owner=tools
2026-10-10T07:41:34.4034168Z time=2026-10-10T07:41:14.262Z level=WARN msg="goroutine outside the D38 roster (leak symptom)" goroutine=subagent-finish-5619d0ad-c970-4113-b7db-19f17fc72e63 owner=tools
2026-10-10T07:41:34.4111349Z     subagent_carrier_197_test.go:548: tasks wire bytes: {"rows":[{"taskId":"02f70998-71b8-4595-9ca3-23401c08ee47","label":"溢出正控 28 llllllllllllllllllllllllllllllllllllllllllllllllllllllllllllllllllllllllllllllllllllllllll","kind":"subagent","parentTaskId":"1692a686-f9aa-4782-918b-4db3bf267cdb","status":"Settling","statusKnown":true,"streamKey":"subagent:02f70998-71b8-4595-9ca3-23401c08ee47","blockedOnApproval":false,"streamTruncated":false,"streamElidedRunes":0,"streamDropped":false},{"taskId":"10740e8e-58f9-4a76-a624-cfce2842e250","label":"溢出正控 04 llllllllllllllllllllllllllllllllllllllllllllllllllllllllllllllllllllllllllllllllllllllllll","kind":"subagent","parentTaskId":"1692a686-f9aa-4782-918b-4db3bf267cdb","status":"Settling","statusKnown":true,"streamKey":"subagent:10740e8e-58f9-4a76-a624-cfce2842e250","blockedOnApproval":false,"streamTruncated":false,"streamElidedRunes":0,"streamDropped":false},{"taskId":"16443023-3aec-48b3-985f-ffa96c37ea13","label":"溢出正控 16 llllllllllllllllllllllllllllllllllllllllllllllllllllllllllllllllllllllllllllllllllllllllll","kind":"subagent","parentTaskId":"1692a686-f9aa-4782-918b-4db3bf267cdb","status":"Settling","statusKnown":true,"streamKey":"subagent:16443023-3aec-48b3-985f-ffa96c37ea13","blockedOnApproval":false,"streamTruncated":false,"streamElidedRunes":0,"streamDropped":false},{"taskId":"1692a686-f9aa-4782-918b-4db3bf267cdb","label":"总结一下 这份笔记","kind":"root","parentTaskId":"","status":"","statusKnown":false,"statusReason":"宿主没有登记这一维（fail-closed：不替任务编一个状态）","streamKey":"1692a686-f9aa-4782-918b-4db3bf267cdb","blockedOnApproval":false,"streamTruncated":false,"streamElidedRunes":0,"streamDropped":false},{"taskId":"170edb74-37ed-487a-b03f-358bef245b7b","label":"溢出正控 07 llllllllllllllllllllllllllllllllllllllllllllllllllllllllllllllllllllllllllllllllllllllllll","kind":"subagent","parentTaskId":"1692a686-f9aa-4782-918b-4db3bf267cdb","status":"Settling","statusKnown":true,"streamKey":"subagent:170edb74-37ed-487a-b03f-358bef245b7b","blockedOnApproval":false,"streamTruncated":false,"streamElidedRunes":0,"streamDropped":false},{"taskId":"2f19d4f1-b0e0-4fbf-9c0e-bf61410d0063","label":"溢出正控 11 llllllllllllllllllllllllllllllllllllllllllllllllllllllllllllllllllllllllllllllllllllllllll","kind":"subagent","parentTaskId":"1692a686-f9aa-4782-918b-4db3bf267cdb","status":"Settling","statusKnown":true,"streamKey":"subagent:2f19d4f1-b0e0-4fbf-9c0e-bf61410d0063","blockedOnApproval":false,"streamTruncated":false,"streamElidedRunes":0,"streamDropped":false},{"taskId":"2fc5e673-65f5-4469-bbdb-aeaea5ee640c","label":"溢出正控 31 llllllllllllllllllllllllllllllllllllllllllllllllllllllllllllllllllllllllllllllllllllllllll","kind":"subagent","parentTaskId":"1692a686-f9aa-4782-918b-4db3bf267cdb","status":"Settling","statusKnown":true,"streamKey":"subagent:2fc5e673-65f5-4469-bbdb-aeaea5ee640c","blockedOnApproval":false,"streamTruncated":false,"streamElidedRunes":0,"streamDropped":false},{"taskId":"345d8a2d-ce36-435f-9530-3fd1ee671e3a","label":"溢出正控 01 llllllllllllllllllllllllllllllllllllllllllllllllllllllllllllllllllllllllllllllllllllllllll","kind":"subagent","parentTaskId":"1692a686-f9aa-4782-918b-4db3bf267cdb","status":"Settling","statusKnown":true,"streamKey":"subagent:345d8a2d-ce36-435f-9530-3fd1ee671e3a","blockedOnApproval":false,"streamTruncated":false,"streamElidedRunes":0,"streamDropped":false},{"taskId":"39de47d7-754a-4e11-ab11-deb78b174ea1","label":"溢出正控 25 llllllllllllllllllllllllllllllllllllllllllllllllllllllllllllllllllllllllllllllllllllllllll","kind":"subagent","parentTaskId":"1692a686-f9aa-4782-918b-4db3bf267cdb","status":"Settling","statusKnown":true,"streamKey":"subagent:39de47d7-754a-4e11-ab11-deb78b174ea1","blockedOnApproval":false,"streamTruncated":false,"streamElidedRunes":0,"streamDropped":false},{"taskId":"46419770-2d60-4f81-a2fd-00a522dfa615","label":"溢出正控 24 llllllllllllllllllllllllllllllllllllllllllllllllllllllllllllllllllllllllllllllllllllllllll","kind":"subagent","parentTaskId":"1692a686-f9aa-4782-918b-4db3bf267cdb","status":"Settling","statusKnown":true,"streamKey":"subagent:46419770-2d60-4f81-a2fd-00a522dfa615","blockedOnApproval":false,"streamTruncated":false,"streamElidedRunes":0,"streamDropped":false},{"taskId":"51d6cec3-5d75-43fe-8632-3b5691f71f06","label":"溢出正控 30 llllllllllllllllllllllllllllllllllllllllllllllllllllllllllllllllllllllllllllllllllllllllll","kind":"subagent","parentTaskId":"1692a686-f9aa-4782-918b-4db3bf267cdb","status":"Settling","statusKnown":true,"streamKey":"subagent:51d6cec3-5d75-43fe-8632-3b5691f71f06","blockedOnApproval":false,"streamTruncated":false,"streamElidedRunes":0,"streamDropped":false},{"taskId":"536fc90c-805d-4d4b-be62-fa47d166f11b","label":"溢出正控 27 llllllllllllllllllllllllllllllllllllllllllllllllllllllllllllllllllllllllllllllllllllllllll","kind":"subagent","parentTaskId":"1692a686-f9aa-4782-918b-4db3bf267cdb","status":"Settling","statusKnown":true,"streamKey":"subagent:536fc90c-805d-4d4b-be62-fa47d166f11b","blockedOnApproval":false,"streamTruncated":false,"streamElidedRunes":0,"streamDropped":false},{"taskId":"5619d0ad-c970-4113-b7db-19f17fc72e63","label":"溢出正控 32 llllllllllllllllllllllllllllllllllllllllllllllllllllllllllllllllllllllllllllllllllllllllll","kind":"subagent","parentTaskId":"1692a686-f9aa-4782-918b-4db3bf267cdb","status":"Settling","statusKnown":true,"streamKey":"subagent:5619d0ad-c970-4113-b7db-19f17fc72e63","blockedOnApproval":false,"streamTruncated":false,"streamElidedRunes":0,"streamDropped":false},{"taskId":"5e562fe5-2727-4c7c-ad05-cb8ddca1afa6","label":"溢出正控 29 llllllllllllllllllllllllllllllllllllllllllllllllllllllllllllllllllllllllllllllllllllllllll","kind":"subagent","parentTaskId":"1692a686-f9aa-4782-918b-4db3bf267cdb","status":"Settling","statusKnown":true,"streamKey":"subagent:5e562fe5-2727-4c7c-ad05-cb8ddca1afa6","blockedOnApproval":false,"streamTruncated":false,"streamElidedRunes":0,"streamDropped":false},{"taskId":"5e9952db-a30d-42a7-b56e-3bf11499adf6","label":"溢出正控 26 llllllllllllllllllllllllllllllllllllllllllllllllllllllllllllllllllllllllllllllllllllllllll","kind":"subagent","parentTaskId":"1692a686-f9aa-4782-918b-4db3bf267cdb","status":"Settling","statusKnown":true,"streamKey":"subagent:5e9952db-a30d-42a7-b56e-3bf11499adf6","blockedOnApproval":false,"streamTruncated":false,"streamElidedRunes":0,"streamDropped":false},{"taskId":"6bd9e129-25ed-4a83-874a-0b8469078e8e","label":"溢出正控 10 llllllllllllllllllllllllllllllllllllllllllllllllllllllllllllllllllllllllllllllllllllllllll","kind":"subagent","parentTaskId":"1692a686-f9aa-4782-918b-4db3bf267cdb","status":"Settling","statusKnown":true,"streamKey":"subagent:6bd9e129-25ed-4a83-874a-0b8469078e8e","blockedOnApproval":false,"streamTruncated":false,"streamElidedRunes":0,"streamDropped":false},{"taskId":"79ae713e-46db-40c2-b0ca-4b06956e4d76","label":"溢出正控 06 llllllllllllllllllllllllllllllllllllllllllllllllllllllllllllllllllllllllllllllllllllllllll","kind":"subagent","parentTaskId":"1692a686-f9aa-4782-918b-4db3bf267cdb","status":"Settling","statusKnown":true,"streamKey":"subagent:79ae713e-46db-40c2-b0ca-4b06956e4d76","blockedOnApproval":false,"streamTruncated":false,"streamElidedRunes":0,"streamDropped":false},{"taskId":"7c78a57c-73f9-47f3-a216-3f4e090c1389","label":"溢出正控 14 llllllllllllllllllllllllllllllllllllllllllllllllllllllllllllllllllllllllllllllllllllllllll","kind":"subagent","parentTaskId":"1692a686-f9aa-4782-918b-4db3bf267cdb","status":"Settling","statusKnown":true,"streamKey":"subagent:7c78a57c-73f9-47f3-a216-3f4e090c1389","blockedOnApproval":false,"streamTruncated":false,"streamElidedRunes":0,"streamDropped":false},{"taskId":"88b88b07-230d-4825-876a-6462d88d626e","label":"溢出正控 03 llllllllllllllllllllllllllllllllllllllllllllllllllllllllllllllllllllllllllllllllllllllllll","kind":"subagent","parentTaskId":"1692a686-f9aa-4782-918b-4db3bf267cdb","status":"Settling","statusKnown":true,"streamKey":"subagent:88b88b07-230d-4825-876a-6462d88d626e","blockedOnApproval":false,"streamTruncated":false,"streamElidedRunes":0,"streamDropped":false},{"taskId":"8c777caa-3b24-418c-afd2-21e61b92c943","label":"溢出正控 20 llllllllllllllllllllllllllllllllllllllllllllllllllllllllllllllllllllllllllllllllllllllllll","kind":"subagent","parentTaskId":"1692a686-f9aa-4782-918b-4db3bf267cdb","status":"Settling","statusKnown":true,"streamKey":"subagent:8c777caa-3b24-418c-afd2-21e61b92c943","blockedOnApproval":false,"streamTruncated":false,"streamElidedRunes":0,"streamDropped":false},{"taskId":"8ec9bedf-7349-4887-8474-00fb8098e227","label":"溢出正控 22 llllllllllllllllllllllllllllllllllllllllllllllllllllllllllllllllllllllllllllllllllllllllll","kind":"subagent","parentTaskId":"1692a686-f9aa-4782-918b-4db3bf267cdb","status":"Settling","statusKnown":true,"streamKey":"subagent:8ec9bedf-7349-4887-8474-00fb8098e227","blockedOnApproval":false,"streamTruncated":false,"streamElidedRunes":0,"streamDropped":false},{"taskId":"8ff1f04d-f3ff-40cc-afbf-7734b415062e","label":"溢出正控 09 llllllllllllllllllllllllllllllllllllllllllllllllllllllllllllllllllllllllllllllllllllllllll","kind":"subagent","parentTaskId":"1692a686-f9aa-4782-918b-4db3bf267cdb","status":"Settling","statusKnown":true,"streamKey":"subagent:8ff1f04d-f3ff-40cc-afbf-7734b415062e","blockedOnApproval":false,"streamTruncated":false,"streamElidedRunes":0,"streamDropped":false},{"taskId":"9b098bed-0606-449f-916c-8e07026ce07d","label":"溢出正控 12 llllllllllllllllllllllllllllllllllllllllllllllllllllllllllllllllllllllllllllllllllllllllll","kind":"subagent","parentTaskId":"1692a686-f9aa-4782-918b-4db3bf267cdb","status":"Settling","statusKnown":true,"streamKey":"subagent:9b098bed-0606-449f-916c-8e07026ce07d","blockedOnApproval":false,"streamTruncated":false,"streamElidedRunes":0,"streamDropped":false},{"taskId":"a93758fa-c305-44bd-93c2-b77dc73bcc6f","label":"溢出正控 17 llllllllllllllllllllllllllllllllllllllllllllllllllllllllllllllllllllllllllllllllllllllllll","kind":"subagent","parentTaskId":"1692a686-f9aa-4782-918b-4db3bf267cdb","status":"Settling","statusKnown":true,"streamKey":"subagent:a93758fa-c305-44bd-93c2-b77dc73bcc6f","blockedOnApproval":false,"streamTruncated":false,"streamElidedRunes":0,"streamDropped":false},{"taskId":"bb83ed5e-a7cf-4e96-a55b-5df1b40ea809","label":"溢出正控 19 llllllllllllllllllllllllllllllllllllllllllllllllllllllllllllllllllllllllllllllllllllllllll","kind":"subagent","parentTaskId":"1692a686-f9aa-4782-918b-4db3bf267cdb","status":"Settling","statusKnown":true,"streamKey":"subagent:bb83ed5e-a7cf-4e96-a55b-5df1b40ea809","blockedOnApproval":false,"streamTruncated":false,"streamElidedRunes":0,"streamDropped":false},{"taskId":"be4bda3f-60ed-4b70-8f5a-31e70abe6f78","label":"溢出正控 21 llllllllllllllllllllllllllllllllllllllllllllllllllllllllllllllllllllllllllllllllllllllllll","kind":"subagent","parentTaskId":"1692a686-f9aa-4782-918b-4db3bf267cdb","status":"Settling","statusKnown":true,"streamKey":"subagent:be4bda3f-60ed-4b70-8f5a-31e70abe6f78","blockedOnApproval":false,"streamTruncated":false,"streamElidedRunes":0,"streamDropped":false},{"taskId":"be6f4c01-ece2-426a-9864-2ff530df1573","label":"溢出正控 05 llllllllllllllllllllllllllllllllllllllllllllllllllllllllllllllllllllllllllllllllllllllllll","kind":"subagent","parentTaskId":"1692a686-f9aa-4782-918b-4db3bf267cdb","status":"Settling","statusKnown":true,"streamKey":"subagent:be6f4c01-ece2-426a-9864-2ff530df1573","blockedOnApproval":false,"streamTruncated":false,"streamElidedRunes":0,"streamDropped":false},{"taskId":"c3797d2c-9574-434b-b3ed-82e070104ee9","label":"溢出正控 13 llllllllllllllllllllllllllllllllllllllllllllllllllllllllllllllllllllllllllllllllllllllllll","kind":"subagent","parentTaskId":"1692a686-f9aa-4782-918b-4db3bf267cdb","status":"Settling","statusKnown":true,"streamKey":"subagent:c3797d2c-9574-434b-b3ed-82e070104ee9","blockedOnApproval":false,"streamTruncated":false,"streamElidedRunes":0,"streamDropped":false},{"taskId":"c8d7c416-07ba-418c-8cef-7f99c284a18e","label":"溢出正控 23 llllllllllllllllllllllllllllllllllllllllllllllllllllllllllllllllllllllllllllllllllllllllll","kind":"subagent","parentTaskId":"1692a686-f9aa-4782-918b-4db3bf267cdb","status":"Settling","statusKnown":true,"streamKey":"subagent:c8d7c416-07ba-418c-8cef-7f99c284a18e","blockedOnApproval":false,"streamTruncated":false,"streamElidedRunes":0,"streamDropped":false},{"taskId":"d47f9a68-9ab4-4084-a06e-773fcad94ee9","label":"溢出正控 18 llllllllllllllllllllllllllllllllllllllllllllllllllllllllllllllllllllllllllllllllllllllllll","kind":"subagent","parentTaskId":"1692a686-f9aa-4782-918b-4db3bf267cdb","status":"Settling","statusKnown":true,"streamKey":"subagent:d47f9a68-9ab4-4084-a06e-773fcad94ee9","blockedOnApproval":false,"streamTruncated":false,"streamElidedRunes":0,"streamDropped":false},{"taskId":"e77527f0-5ac9-49e2-a5ce-1d7e5842454a","label":"溢出正控 08 llllllllllllllllllllllllllllllllllllllllllllllllllllllllllllllllllllllllllllllllllllllllll","kind":"subagent","parentTaskId":"1692a686-f9aa-4782-918b-4db3bf267cdb","status":"Settling","statusKnown":true,"streamKey":"subagent:e77527f0-5ac9-49e2-a5ce-1d7e5842454a","blockedOnApproval":false,"streamTruncated":false,"streamElidedRunes":0,"streamDropped":false},{"taskId":"eb0c25b4-0da9-46bc-8f73-1ea4a51e062c","label":"溢出正控 00 llllllllllllllllllllllllllllllllllllllllllllllllllllllllllllllllllllllllllllllllllllllllll","kind":"subagent","parentTaskId":"1692a686-f9aa-4782-918b-4db3bf267cdb","status":"Settling","statusKnown":true,"streamKey":"subagent:eb0c25b4-0da9-46bc-8f73-1ea4a51e062c","blockedOnApproval":false,"streamTruncated":false,"streamElidedRunes":0,"streamDropped":false},{"taskId":"ef9ab2fa-7f79-4028-9941-fda5fe318d95","label":"溢出正控 02 llllllllllllllllllllllllllllllllllllllllllllllllllllllllllllllllllllllllllllllllllllllllll","kind":"subagent","parentTaskId":"1692a686-f9aa-4782-918b-4db3bf267cdb","status":"Settling","statusKnown":true,"streamKey":"subagent:ef9ab2fa-7f79-4028-9941-fda5fe318d95","blockedOnApproval":false,"streamTruncated":false,"streamElidedRunes":0,"streamDropped":false},{"taskId":"f50f6b3e-7e48-49f4-8e4c-930d60cfa524","label":"溢出正控 15 llllllllllllllllllllllllllllllllllllllllllllllllllllllllllllllllllllllllllllllllllllllllll","kind":"subagent","parentTaskId":"1692a686-f9aa-4782-918b-4db3bf267cdb","status":"Settling","statusKnown":true,"streamKey":"subagent:f50f6b3e-7e48-49f4-8e4c-930d60cfa524","blockedOnApproval":false,"streamTruncated":false,"streamElidedRunes":0,"streamDropped":false}],"inFlightSlots":0,"poolCap":4,"streamTruncated":true,"streamElidedRunes":0,"droppedStreamKeys":[]}
2026-10-10T07:41:34.4112674Z     subagent_carrier_197_test.go:591: bound crossed: rows=34 streams=34 truncated=true elided=0 dropped=[]
2026-10-10T07:41:34.4112913Z --- PASS: TestRunPacketReportsTheStreamLogPastItsBound (1.00s)
2026-10-10T07:41:34.4113188Z === RUN   Test197SubagentSelfApprovalIsRefusedAndTheHostAnswerLands
2026-10-10T07:41:34.4113836Z time=2026-10-10T07:41:15.078Z level=WARN msg="goroutine outside the D38 roster (leak symptom)" goroutine=mockllm-stdout-reader owner=test
2026-10-10T07:41:34.4114281Z 2026/10/10 07:41:15 mockllm: serving on http://127.0.0.1:62921 (golden dir D:\a\wisp\wisp\internal\llm\testdata\golden)
2026-10-10T07:41:34.4115238Z time=2026-10-10T07:41:15.107Z level=INFO msg="wisp: persistent log sink installed" dir=C:\Users\RUNNER~1\AppData\Local\Temp\Test197SubagentSelfApprovalIsRefusedAndTheHostAnswerLands3521384588\002\logs min_level=info early_records=0 early_dropped=0
2026-10-10T07:41:34.4116120Z time=2026-10-10T07:41:15.129Z level=INFO msg="pre-migration backup written" component=memory backup=C:\Users\RUNNER~1\AppData\Local\Temp\Test197SubagentSelfApprovalIsRefusedAndTheHostAnswerLands3521384588\002\backup\wisp.db.bak-0-1 from=0 to=1
2026-10-10T07:41:34.4116547Z time=2026-10-10T07:41:15.137Z level=INFO msg="schema migration step applied" component=memory from=0 to=1 started_at=2026-10-10T07:41:15Z duration_ms=7
2026-10-10T07:41:34.4117418Z time=2026-10-10T07:41:15.158Z level=INFO msg="pre-migration backup written" component=memory backup=C:\Users\RUNNER~1\AppData\Local\Temp\Test197SubagentSelfApprovalIsRefusedAndTheHostAnswerLands3521384588\002\backup\wisp.db.bak-1-2 from=1 to=2
2026-10-10T07:41:34.4117823Z time=2026-10-10T07:41:15.168Z level=INFO msg="schema migration step applied" component=memory from=1 to=2 started_at=2026-10-10T07:41:15Z duration_ms=9
2026-10-10T07:41:34.4118382Z time=2026-10-10T07:41:15.183Z level=INFO msg="schema migration complete" component=memory schema_version=2
2026-10-10T07:41:34.4118781Z time=2026-10-10T07:41:15.184Z level=INFO msg="startup WAL checkpoint (TRUNCATE) done" component=memory wal_pages_before=0 pages_moved=0
2026-10-10T07:41:34.4119332Z time=2026-10-10T07:41:15.190Z level=WARN msg="goroutine outside the D38 roster (leak symptom)" goroutine=subagent-finish-a9c1d788-75fe-40b1-a277-1b2be3a6c158 owner=tools
2026-10-10T07:41:34.4121468Z     subagent_selfapproval_197_test.go:366: child=a9c1d788-75fe-40b1-a277-1b2be3a6c158 corr1=a9c1d788-75fe-40b1-a277-1b2be3a6c158-corr-1 corr2=a9c1d788-75fe-40b1-a277-1b2be3a6c158-corr-2 | 空令牌=approval: 原生令牌无效（缺失/已用/与本次请求不绑定） | 假令牌=approval: 原生令牌无效（缺失/已用/与本次请求不绑定） | 自称来源=approval: 原生令牌无效（缺失/已用/与本次请求不绑定） | 借证=approval: 原生令牌无效（缺失/已用/与本次请求不绑定） | 重放=approval: correlation_id 无对应待审批项 | 面板递证=面板来源的「允许」被服务端 API 直接拒绝（F2 第三层），可改为拒绝或查看完整参数 | 烧后再试=approval: 原生令牌无效（缺失/已用/与本次请求不绑定） | 宿主允许=<nil> | 落盘=true/false
2026-10-10T07:41:34.4121727Z --- PASS: Test197SubagentSelfApprovalIsRefusedAndTheHostAnswerLands (10.94s)
2026-10-10T07:41:34.4121943Z === RUN   Test197NoAllowDoorIsReachableFromASubagentsAssembly
2026-10-10T07:41:34.4122181Z --- PASS: Test197NoAllowDoorIsReachableFromASubagentsAssembly (0.00s)
2026-10-10T07:41:34.4122400Z === RUN   TestSubagentStreamKeyPrefixAgreesAcrossBothPackages
2026-10-10T07:41:34.4122621Z --- PASS: TestSubagentStreamKeyPrefixAgreesAcrossBothPackages (0.00s)
2026-10-10T07:41:34.4122835Z === RUN   TestSubagentStreamKeyBuildersAgreeAcrossBothPackages
2026-10-10T07:41:34.4123086Z --- PASS: TestSubagentStreamKeyBuildersAgreeAcrossBothPackages (0.00s)
2026-10-10T07:41:34.4123296Z === RUN   TestCompositionRootClosesTheLoopTasksTaintScope
2026-10-10T07:41:34.4123706Z time=2026-10-10T07:41:26.007Z level=WARN msg="goroutine outside the D38 roster (leak symptom)" goroutine=mockllm-stdout-reader owner=test
2026-10-10T07:41:34.4124436Z time=2026-10-10T07:41:26.020Z level=INFO msg="wisp: persistent log sink installed" dir=C:\Users\RUNNER~1\AppData\Local\Temp\TestCompositionRootClosesTheLoopTasksTaintScope1243328497\002\logs min_level=info early_records=0 early_dropped=0
2026-10-10T07:41:34.4124766Z 2026/10/10 07:41:26 mockllm: serving on http://127.0.0.1:62926 (golden dir D:\a\wisp\wisp\internal\llm\testdata\golden)
2026-10-10T07:41:34.4125490Z time=2026-10-10T07:41:26.046Z level=INFO msg="pre-migration backup written" component=memory backup=C:\Users\RUNNER~1\AppData\Local\Temp\TestCompositionRootClosesTheLoopTasksTaintScope1243328497\002\backup\wisp.db.bak-0-1 from=0 to=1
2026-10-10T07:41:34.4125879Z time=2026-10-10T07:41:26.057Z level=INFO msg="schema migration step applied" component=memory from=0 to=1 started_at=2026-10-10T07:41:26Z duration_ms=11
2026-10-10T07:41:34.4126601Z time=2026-10-10T07:41:26.082Z level=INFO msg="pre-migration backup written" component=memory backup=C:\Users\RUNNER~1\AppData\Local\Temp\TestCompositionRootClosesTheLoopTasksTaintScope1243328497\002\backup\wisp.db.bak-1-2 from=1 to=2
2026-10-10T07:41:34.4127202Z time=2026-10-10T07:41:26.089Z level=INFO msg="schema migration step applied" component=memory from=1 to=2 started_at=2026-10-10T07:41:26Z duration_ms=7
2026-10-10T07:41:34.4127497Z time=2026-10-10T07:41:26.106Z level=INFO msg="schema migration complete" component=memory schema_version=2
2026-10-10T07:41:34.4127847Z time=2026-10-10T07:41:26.107Z level=INFO msg="startup WAL checkpoint (TRUNCATE) done" component=memory wal_pages_before=0 pages_moved=0
2026-10-10T07:41:34.4128073Z --- PASS: TestCompositionRootClosesTheLoopTasksTaintScope (0.94s)
2026-10-10T07:41:34.4128334Z === RUN   TestAdmitTaskRevokeRemovesTheCrossTaskTaintHit
2026-10-10T07:41:34.4128717Z time=2026-10-10T07:41:26.939Z level=WARN msg="goroutine outside the D38 roster (leak symptom)" goroutine=mockllm-stdout-reader owner=test
2026-10-10T07:41:34.4129396Z time=2026-10-10T07:41:26.952Z level=INFO msg="wisp: persistent log sink installed" dir=C:\Users\RUNNER~1\AppData\Local\Temp\TestAdmitTaskRevokeRemovesTheCrossTaskTaintHit439242258\002\logs min_level=info early_records=0 early_dropped=0
2026-10-10T07:41:34.4129710Z 2026/10/10 07:41:26 mockllm: serving on http://127.0.0.1:62933 (golden dir D:\a\wisp\wisp\internal\llm\testdata\golden)
2026-10-10T07:41:34.4130403Z time=2026-10-10T07:41:26.978Z level=INFO msg="pre-migration backup written" component=memory backup=C:\Users\RUNNER~1\AppData\Local\Temp\TestAdmitTaskRevokeRemovesTheCrossTaskTaintHit439242258\002\backup\wisp.db.bak-0-1 from=0 to=1
2026-10-10T07:41:34.4130823Z time=2026-10-10T07:41:26.986Z level=INFO msg="schema migration step applied" component=memory from=0 to=1 started_at=2026-10-10T07:41:26Z duration_ms=7
2026-10-10T07:41:34.4131558Z time=2026-10-10T07:41:27.005Z level=INFO msg="pre-migration backup written" component=memory backup=C:\Users\RUNNER~1\AppData\Local\Temp\TestAdmitTaskRevokeRemovesTheCrossTaskTaintHit439242258\002\backup\wisp.db.bak-1-2 from=1 to=2
2026-10-10T07:41:34.4131950Z time=2026-10-10T07:41:27.014Z level=INFO msg="schema migration step applied" component=memory from=1 to=2 started_at=2026-10-10T07:41:27Z duration_ms=8
2026-10-10T07:41:34.4132237Z time=2026-10-10T07:41:27.032Z level=INFO msg="schema migration complete" component=memory schema_version=2
2026-10-10T07:41:34.4132611Z time=2026-10-10T07:41:27.034Z level=INFO msg="startup WAL checkpoint (TRUNCATE) done" component=memory wal_pages_before=0 pages_moved=0
2026-10-10T07:41:34.4132825Z --- PASS: TestAdmitTaskRevokeRemovesTheCrossTaskTaintHit (0.92s)
2026-10-10T07:41:34.4133009Z === RUN   TestTicket224SessionVerbPutsARowOnDiskInTheAssembledRun
2026-10-10T07:41:34.4133388Z time=2026-10-10T07:41:27.863Z level=WARN msg="goroutine outside the D38 roster (leak symptom)" goroutine=mockllm-stdout-reader owner=test
2026-10-10T07:41:34.4134243Z time=2026-10-10T07:41:27.877Z level=INFO msg="wisp: persistent log sink installed" dir=C:\Users\RUNNER~1\AppData\Local\Temp\TestTicket224SessionVerbPutsARowOnDiskInTheAssembledRun1918851657\002\logs min_level=info early_records=0 early_dropped=0
2026-10-10T07:41:34.4134560Z 2026/10/10 07:41:27 mockllm: serving on http://127.0.0.1:62935 (golden dir D:\a\wisp\wisp\internal\llm\testdata\golden)
2026-10-10T07:41:34.4135270Z time=2026-10-10T07:41:27.903Z level=INFO msg="pre-migration backup written" component=memory backup=C:\Users\RUNNER~1\AppData\Local\Temp\TestTicket224SessionVerbPutsARowOnDiskInTheAssembledRun1918851657\002\backup\wisp.db.bak-0-1 from=0 to=1
2026-10-10T07:41:34.4135715Z time=2026-10-10T07:41:27.911Z level=INFO msg="schema migration step applied" component=memory from=0 to=1 started_at=2026-10-10T07:41:27Z duration_ms=8
2026-10-10T07:41:34.4136433Z time=2026-10-10T07:41:27.930Z level=INFO msg="pre-migration backup written" component=memory backup=C:\Users\RUNNER~1\AppData\Local\Temp\TestTicket224SessionVerbPutsARowOnDiskInTheAssembledRun1918851657\002\backup\wisp.db.bak-1-2 from=1 to=2
2026-10-10T07:41:34.4137235Z time=2026-10-10T07:41:27.939Z level=INFO msg="schema migration step applied" component=memory from=1 to=2 started_at=2026-10-10T07:41:27Z duration_ms=8
2026-10-10T07:41:34.4137503Z time=2026-10-10T07:41:27.954Z level=INFO msg="schema migration complete" component=memory schema_version=2
2026-10-10T07:41:34.4137877Z time=2026-10-10T07:41:27.955Z level=INFO msg="startup WAL checkpoint (TRUNCATE) done" component=memory wal_pages_before=0 pages_moved=0
2026-10-10T07:41:34.4138255Z time=2026-10-10T07:41:28.008Z level=INFO msg="startup WAL checkpoint (TRUNCATE) done" component=memory wal_pages_before=0 pages_moved=0
2026-10-10T07:41:34.4138678Z time=2026-10-10T07:41:28.014Z level=INFO msg="startup WAL checkpoint (TRUNCATE) done" component=memory wal_pages_before=0 pages_moved=0
2026-10-10T07:41:34.4138893Z --- PASS: TestTicket224SessionVerbPutsARowOnDiskInTheAssembledRun (0.95s)
2026-10-10T07:41:34.4139101Z === RUN   TestTicket224LiveGrantStopsTheAssembledBridgeFromAsking
2026-10-10T07:41:34.4139465Z time=2026-10-10T07:41:28.809Z level=WARN msg="goroutine outside the D38 roster (leak symptom)" goroutine=mockllm-stdout-reader owner=test
2026-10-10T07:41:34.4140179Z time=2026-10-10T07:41:28.821Z level=INFO msg="wisp: persistent log sink installed" dir=C:\Users\RUNNER~1\AppData\Local\Temp\TestTicket224LiveGrantStopsTheAssembledBridgeFromAsking2851495559\002\logs min_level=info early_records=0 early_dropped=0
2026-10-10T07:41:34.4140456Z 2026/10/10 07:41:28 mockllm: serving on http://127.0.0.1:62937 (golden dir D:\a\wisp\wisp\internal\llm\testdata\golden)
2026-10-10T07:41:34.4141174Z time=2026-10-10T07:41:28.851Z level=INFO msg="pre-migration backup written" component=memory backup=C:\Users\RUNNER~1\AppData\Local\Temp\TestTicket224LiveGrantStopsTheAssembledBridgeFromAsking2851495559\002\backup\wisp.db.bak-0-1 from=0 to=1
2026-10-10T07:41:34.4141575Z time=2026-10-10T07:41:28.860Z level=INFO msg="schema migration step applied" component=memory from=0 to=1 started_at=2026-10-10T07:41:28Z duration_ms=9
2026-10-10T07:41:34.4142304Z time=2026-10-10T07:41:28.880Z level=INFO msg="pre-migration backup written" component=memory backup=C:\Users\RUNNER~1\AppData\Local\Temp\TestTicket224LiveGrantStopsTheAssembledBridgeFromAsking2851495559\002\backup\wisp.db.bak-1-2 from=1 to=2
2026-10-10T07:41:34.4142703Z time=2026-10-10T07:41:28.887Z level=INFO msg="schema migration step applied" component=memory from=1 to=2 started_at=2026-10-10T07:41:28Z duration_ms=7
2026-10-10T07:41:34.4142959Z time=2026-10-10T07:41:28.906Z level=INFO msg="schema migration complete" component=memory schema_version=2
2026-10-10T07:41:34.4143323Z time=2026-10-10T07:41:28.907Z level=INFO msg="startup WAL checkpoint (TRUNCATE) done" component=memory wal_pages_before=0 pages_moved=0
2026-10-10T07:41:34.4143681Z time=2026-10-10T07:41:30.964Z level=INFO msg="startup WAL checkpoint (TRUNCATE) done" component=memory wal_pages_before=0 pages_moved=0
2026-10-10T07:41:34.4143922Z --- PASS: TestTicket224LiveGrantStopsTheAssembledBridgeFromAsking (2.95s)
2026-10-10T07:41:34.4144089Z === RUN   TestTicket224ProductionSessionDoesNotSurviveRestart
2026-10-10T07:41:34.4144460Z time=2026-10-10T07:41:31.896Z level=WARN msg="goroutine outside the D38 roster (leak symptom)" goroutine=mockllm-stdout-reader owner=test
2026-10-10T07:41:34.4145129Z time=2026-10-10T07:41:31.909Z level=INFO msg="wisp: persistent log sink installed" dir=C:\Users\RUNNER~1\AppData\Local\Temp\TestTicket224ProductionSessionDoesNotSurviveRestart3342796782\002\logs min_level=info early_records=0 early_dropped=0
2026-10-10T07:41:34.4145432Z 2026/10/10 07:41:31 mockllm: serving on http://127.0.0.1:62939 (golden dir D:\a\wisp\wisp\internal\llm\testdata\golden)
2026-10-10T07:41:34.4146078Z time=2026-10-10T07:41:31.934Z level=INFO msg="pre-migration backup written" component=memory backup=C:\Users\RUNNER~1\AppData\Local\Temp\TestTicket224ProductionSessionDoesNotSurviveRestart3342796782\002\backup\wisp.db.bak-0-1 from=0 to=1
2026-10-10T07:41:34.4146485Z time=2026-10-10T07:41:31.941Z level=INFO msg="schema migration step applied" component=memory from=0 to=1 started_at=2026-10-10T07:41:31Z duration_ms=7
2026-10-10T07:41:34.4147338Z time=2026-10-10T07:41:31.961Z level=INFO msg="pre-migration backup written" component=memory backup=C:\Users\RUNNER~1\AppData\Local\Temp\TestTicket224ProductionSessionDoesNotSurviveRestart3342796782\002\backup\wisp.db.bak-1-2 from=1 to=2
2026-10-10T07:41:34.4147733Z time=2026-10-10T07:41:31.969Z level=INFO msg="schema migration step applied" component=memory from=1 to=2 started_at=2026-10-10T07:41:31Z duration_ms=8
2026-10-10T07:41:34.4147988Z time=2026-10-10T07:41:31.983Z level=INFO msg="schema migration complete" component=memory schema_version=2
2026-10-10T07:41:34.4148408Z time=2026-10-10T07:41:31.984Z level=INFO msg="startup WAL checkpoint (TRUNCATE) done" component=memory wal_pages_before=0 pages_moved=0
2026-10-10T07:41:34.4149097Z time=2026-10-10T07:41:32.014Z level=INFO msg="wisp: persistent log sink installed" dir=C:\Users\RUNNER~1\AppData\Local\Temp\TestTicket224ProductionSessionDoesNotSurviveRestart3342796782\002\logs min_level=info early_records=0 early_dropped=0
2026-10-10T07:41:34.4149462Z time=2026-10-10T07:41:32.022Z level=INFO msg="startup WAL checkpoint (TRUNCATE) done" component=memory wal_pages_before=0 pages_moved=0
2026-10-10T07:41:34.4149816Z time=2026-10-10T07:41:34.065Z level=INFO msg="startup WAL checkpoint (TRUNCATE) done" component=memory wal_pages_before=0 pages_moved=0
2026-10-10T07:41:34.4150017Z --- PASS: TestTicket224ProductionSessionDoesNotSurviveRestart (3.10s)
2026-10-10T07:41:34.4150125Z FAIL
2026-10-10T07:41:34.4150298Z FAIL	github.com/CarlosShao/wisp/cmd/wisp	467.999s
2026-10-10T07:41:34.4150381Z FAIL
2026-10-10T07:41:34.4725946Z runtests.sh: go test exited 1 - packages=[./cmd/wisp/ -count=1 -skip ^(TestDefaultDeadlineWallClockMeasurement|TestSubprocessCrashWriter|TestHelperProcess|TestLiveWasapiSmoke|TestRealDownloadVadThroughPipeline|TestRealDownloadPuncArchiveThroughPipeline|TestSyncRegistryProbeLive)$] top-level: PASS=278 FAIL=8 SKIP=2, === RUN=398, '[no tests to run]'=0
2026-10-10T07:41:34.5763801Z portable-tests.sh: four numbers (all from -v output): === RUN=398  --- PASS=278  --- FAIL=8  --- SKIP=2
2026-10-10T07:41:34.5764975Z portable-tests.sh: unaccounted SKIP lines, each with the file:line and reason it printed:
2026-10-10T07:41:34.5925224Z     panel_host_windows_test.go:985: no cold/hot sample recorded in this process: the lifecycle test did not run in this binary (use -run 'TestPanelHostRealWindowHopAndLifecycle|TestPanelHostLatencyPercentilesAC2'). Named skip - an empty aggregate is not a green latency gate
2026-10-10T07:41:34.5925428Z --- SKIP: TestPanelHostLatencyPercentilesAC2 (0.00s)
2026-10-10T07:41:34.5925586Z --
2026-10-10T07:41:34.5926065Z     resident_audio_247_live_windows_test.go:130: AC#2 needs a real microphone: run with WISP_LIVE_MIC=1 after both tasklist rulers read 0
2026-10-10T07:41:34.5926299Z --- SKIP: TestAC247LiveMicrophoneLevelsReachTheBallSeam (0.00s)
2026-10-10T07:41:34.6540403Z portable-tests.sh:   FAIL (own line) github.com/CarlosShao/wisp/cmd/wisp
2026-10-10T07:41:34.6704122Z portable-tests.sh: strict runner exited 1 for scope=[./cmd/wisp/]
2026-10-10T07:41:34.6780905Z ##[error]Process completed with exit code 1.
2026-10-10T07:41:34.6947311Z ##[group]Run go vet -tags winlive ./cmd/wisp/ ./internal/ball/
2026-10-10T07:41:34.6947716Z [36;1mgo vet -tags winlive ./cmd/wisp/ ./internal/ball/[0m
2026-10-10T07:41:34.6957268Z shell: C:\Program Files\Git\bin\bash.EXE --noprofile --norc -e -o pipefail {0}
2026-10-10T07:41:34.6957351Z env:
2026-10-10T07:41:34.6957469Z   WISP_ENV: test
2026-10-10T07:41:34.6957577Z ##[endgroup]
2026-10-10T07:41:42.2201055Z ##[group]Run bash scripts/portable-tests.sh --scope=census
2026-10-10T07:41:42.2201896Z [36;1mbash scripts/portable-tests.sh --scope=census[0m
2026-10-10T07:41:42.2215044Z shell: C:\Program Files\Git\bin\bash.EXE --noprofile --norc -e -o pipefail {0}
2026-10-10T07:41:42.2215614Z env:
2026-10-10T07:41:42.2215962Z   WISP_ENV: test
2026-10-10T07:41:42.2216271Z ##[endgroup]
2026-10-10T07:41:43.3933137Z portable-tests.sh: census GOOS=windows - go list ./... = 35 packages (one row each)
2026-10-10T07:41:43.3934069Z portable-tests.sh: PACKAGE                                        TESTS(t/x)  CLAIMED BY
2026-10-10T07:41:43.7308091Z portable-tests.sh: github.com/CarlosShao/wisp/cmd/balldebug       0/0          NO-SCOPE <-NO-TESTS
2026-10-10T07:41:44.0799609Z portable-tests.sh: github.com/CarlosShao/wisp/cmd/llmrecord       1/0         corewindows
2026-10-10T07:41:44.4584758Z portable-tests.sh: github.com/CarlosShao/wisp/cmd/wisp            71/0        cli
2026-10-10T07:41:44.6282746Z portable-tests.sh: github.com/CarlosShao/wisp/frontend            0/0          NO-SCOPE <-NO-TESTS
2026-10-10T07:41:44.8459108Z portable-tests.sh: github.com/CarlosShao/wisp/internal/agent      21/0        core
2026-10-10T07:41:45.0642591Z portable-tests.sh: github.com/CarlosShao/wisp/internal/agent/approval 9/11        core
2026-10-10T07:41:45.2378210Z portable-tests.sh: github.com/CarlosShao/wisp/internal/agent/scheduler 0/0          NO-SCOPE <-NO-TESTS
2026-10-10T07:41:45.4263924Z portable-tests.sh: github.com/CarlosShao/wisp/internal/audio      8/0         corewindows
2026-10-10T07:41:45.6314938Z portable-tests.sh: github.com/CarlosShao/wisp/internal/ball       11/0        corewindows
2026-10-10T07:41:45.8210965Z portable-tests.sh: github.com/CarlosShao/wisp/internal/buildinfo  1/0         core
2026-10-10T07:41:46.0423982Z portable-tests.sh: github.com/CarlosShao/wisp/internal/config     16/1        corewindows
2026-10-10T07:41:46.2716954Z portable-tests.sh: github.com/CarlosShao/wisp/internal/llm        2/8         core
2026-10-10T07:41:46.4813493Z portable-tests.sh: github.com/CarlosShao/wisp/internal/llm/adaptertest 1/0         core
2026-10-10T07:41:46.6938959Z portable-tests.sh: github.com/CarlosShao/wisp/internal/llm/anthropic 3/0         core
2026-10-10T07:41:46.8981896Z portable-tests.sh: github.com/CarlosShao/wisp/internal/llm/golden 1/0         core
2026-10-10T07:41:47.0974383Z portable-tests.sh: github.com/CarlosShao/wisp/internal/llm/openaichat 4/0         core
2026-10-10T07:41:47.3157157Z portable-tests.sh: github.com/CarlosShao/wisp/internal/llm/openairesponses 2/0         core
2026-10-10T07:41:47.5194807Z portable-tests.sh: github.com/CarlosShao/wisp/internal/memory     11/0        core
2026-10-10T07:41:47.7256932Z portable-tests.sh: github.com/CarlosShao/wisp/internal/models     16/0        core
2026-10-10T07:41:47.9278763Z portable-tests.sh: github.com/CarlosShao/wisp/internal/observe    15/0        core
2026-10-10T07:41:48.1482025Z portable-tests.sh: github.com/CarlosShao/wisp/internal/panel      22/0        core
2026-10-10T07:41:48.3677008Z portable-tests.sh: github.com/CarlosShao/wisp/internal/perm       3/0         corewindows
2026-10-10T07:41:48.5719179Z portable-tests.sh: github.com/CarlosShao/wisp/internal/plugin     1/0         corewindows
2026-10-10T07:41:48.7702317Z portable-tests.sh: github.com/CarlosShao/wisp/internal/proc       11/0        corewindows
2026-10-10T07:41:48.9778520Z portable-tests.sh: github.com/CarlosShao/wisp/internal/projctx    0/1         corewindows
2026-10-10T07:41:49.1912392Z portable-tests.sh: github.com/CarlosShao/wisp/internal/risk       20/0        corewindows
2026-10-10T07:41:49.3805721Z portable-tests.sh: github.com/CarlosShao/wisp/internal/secret     4/0         corewindows
2026-10-10T07:41:49.5928079Z portable-tests.sh: github.com/CarlosShao/wisp/internal/session    2/0         corewindows
2026-10-10T07:41:49.7614788Z portable-tests.sh: github.com/CarlosShao/wisp/internal/speech     0/0          NO-SCOPE <-NO-TESTS
2026-10-10T07:41:49.9548838Z portable-tests.sh: github.com/CarlosShao/wisp/internal/statemachine 2/0         core
2026-10-10T07:41:50.1449089Z portable-tests.sh: github.com/CarlosShao/wisp/internal/streamkey  0/0          NO-SCOPE <-NO-TESTS
2026-10-10T07:41:50.3589028Z portable-tests.sh: github.com/CarlosShao/wisp/internal/tools      50/3        core
2026-10-10T07:41:50.5535383Z portable-tests.sh: github.com/CarlosShao/wisp/internal/watchdog   0/0          NO-SCOPE <-NO-TESTS
2026-10-10T07:41:50.7586642Z portable-tests.sh: github.com/CarlosShao/wisp/internal/winsec     12/8        corewinsec
2026-10-10T07:41:51.1186045Z portable-tests.sh: github.com/CarlosShao/wisp/tools/signmodels    0/0          NO-SCOPE <-NO-TESTS
2026-10-10T07:41:51.1187133Z portable-tests.sh: census totals: packages=35 with-zero-compiled-tests=7 claimed-by-no-scope=7 unclaimed-with-tests=0
2026-10-10T07:41:51.1374885Z ##[group]Run bash scripts/portable-tests.sh --scope=windows
2026-10-10T07:41:51.1375412Z [36;1mbash scripts/portable-tests.sh --scope=windows[0m
2026-10-10T07:41:51.1386445Z shell: C:\Program Files\Git\bin\bash.EXE --noprofile --norc -e -o pipefail {0}
2026-10-10T07:41:51.1386836Z env:
2026-10-10T07:41:51.1387082Z   WISP_ENV: test
2026-10-10T07:41:51.1387301Z ##[endgroup]
2026-10-10T07:42:02.4725903Z portable-tests.sh: platform=windows scope=[./internal/proc/ ./internal/secret/ ./internal/config/ ./internal/risk/ ./internal/ball/ ./internal/perm/ ./internal/plugin/ ./cmd/llmrecord/ ./internal/session/ ./internal/projctx/ ./internal/audio/]
2026-10-10T07:42:02.4727488Z portable-tests.sh: 11 ledger entries, 7 accounted on this platform:
2026-10-10T07:42:02.4737156Z portable-tests.sh:   TestDefaultDeadlineWallClockMeasurement              [opt-in] 300s wall-clock measurement gated by WISP_84_MEASURE=1 (ticket84_no_owner_test.go:224, docs/evidence/s1/84-ac1-bounded-wait.md); it measures a deadline instead of asserting a property, so a CI run of it produces a duration nobody checks
2026-10-10T07:42:02.4739137Z portable-tests.sh:   TestSubprocessCrashWriter                            [reexec] child-process entry point of TestCrashRecoveryKillMidWrite (concurrent_test.go:186); not a test of its own, it skips whenever it is not the re-exec'd child
2026-10-10T07:42:02.4743827Z portable-tests.sh:   TestHelperProcess                                    [reexec] child-process entry point of the job-object cases (jobscope_windows_test.go:87, //go:build windows); skips unless re-exec'd with the helper env var set
2026-10-10T07:42:02.4750058Z portable-tests.sh:   TestLiveWasapiSmoke                                  [fixture] live WASAPI capture needs WISP_LIVE_MIC=1 and a physical microphone (hotplug_test.go:527, //go:build windows); a hosted runner has no audio endpoint, so the case has no subject there. Real-hardware smoke is ticket 16's
2026-10-10T07:42:02.4754312Z portable-tests.sh:   TestRealDownloadVadThroughPipeline                   [opt-in] real-network spot check gated by WISP_IT_REAL_MIRROR=1 (manifest_real_test.go:120); CI has no business pulling model archives from a third-party mirror
2026-10-10T07:42:02.4758354Z portable-tests.sh:   TestRealDownloadPuncArchiveThroughPipeline           [opt-in] real-network spot check gated by WISP_IT_REAL_MIRROR=1 (manifest_real_test.go:147); same reason as the VAD row
2026-10-10T07:42:02.4774755Z portable-tests.sh:   TestSyncRegistryProbeLive                            [fixture] P12 live registry evidence; on ubuntu it is now out of scope by platform instead of by skip (ticket 93 AC#2 moved it verbatim into syncdirs_windows_test.go), and on a Windows host whose HKCU Accounts key carries no UserFolder the hive has nothing to say. Measured on a windows host at HEAD 84e43af: --- SKIP at syncdirs_windows_test.go:133. As of ticket 110 AC#4 the windows leg carries ./internal/risk/ in its scope, so this row is re-verified against the compiled WINDOWS test binary (go test -list) and printed with its reason in that step's log - which is the step-level answer R-93-4 asked for. Remedy for a real run: a host with a sync record, or fold the shape check into the fixture-driven case. next= on ticket 93
2026-10-10T07:42:02.4988518Z portable-tests.sh: -skip pattern built from the ledger: ^(TestDefaultDeadlineWallClockMeasurement|TestSubprocessCrashWriter|TestHelperProcess|TestLiveWasapiSmoke|TestRealDownloadVadThroughPipeline|TestRealDownloadPuncArchiveThroughPipeline|TestSyncRegistryProbeLive)$
2026-10-10T07:42:24.5562344Z === RUN   TestBootTestEnvBootsAllPackages
2026-10-10T07:42:24.5563248Z time=2026-10-10T07:42:03.345Z level=INFO msg="shutdown step skipped (module not present)" step=1 name=scheduler-close
2026-10-10T07:42:24.5564337Z time=2026-10-10T07:42:03.375Z level=INFO msg="shutdown step skipped (module not present)" step=2 name=stop-hotkey-kws
2026-10-10T07:42:24.5568413Z time=2026-10-10T07:42:03.375Z level=INFO msg="shutdown step skipped (module not present)" step=3 name=cancel-task-roots
2026-10-10T07:42:24.5569588Z time=2026-10-10T07:42:03.375Z level=INFO msg="shutdown step skipped (module not present)" step=4 name=stop-audio
2026-10-10T07:42:24.5570829Z time=2026-10-10T07:42:03.375Z level=INFO msg="shutdown step skipped (module not present)" step=5 name=release-speech-sessions
2026-10-10T07:42:24.5572776Z time=2026-10-10T07:42:03.375Z level=INFO msg="shutdown step skipped (module not present)" step=6 name=destroy-panel-webview
2026-10-10T07:42:24.5573799Z time=2026-10-10T07:42:03.375Z level=INFO msg="shutdown step skipped (module not present)" step=7 name=flush-logs-close-db
2026-10-10T07:42:24.5574590Z --- PASS: TestBootTestEnvBootsAllPackages (0.04s)
2026-10-10T07:42:24.5575138Z === RUN   TestBootSingleInstanceConflict
2026-10-10T07:42:24.5576115Z time=2026-10-10T07:42:03.384Z level=INFO msg="shutdown step skipped (module not present)" step=1 name=scheduler-close
2026-10-10T07:42:24.5577124Z time=2026-10-10T07:42:03.384Z level=INFO msg="shutdown step skipped (module not present)" step=2 name=stop-hotkey-kws
2026-10-10T07:42:24.5578146Z time=2026-10-10T07:42:03.384Z level=INFO msg="shutdown step skipped (module not present)" step=3 name=cancel-task-roots
2026-10-10T07:42:24.5579050Z time=2026-10-10T07:42:03.384Z level=INFO msg="shutdown step skipped (module not present)" step=4 name=stop-audio
2026-10-10T07:42:24.5580034Z time=2026-10-10T07:42:03.384Z level=INFO msg="shutdown step skipped (module not present)" step=5 name=release-speech-sessions
2026-10-10T07:42:24.5581130Z time=2026-10-10T07:42:03.384Z level=INFO msg="shutdown step skipped (module not present)" step=6 name=destroy-panel-webview
2026-10-10T07:42:24.5583328Z time=2026-10-10T07:42:03.384Z level=INFO msg="shutdown step skipped (module not present)" step=7 name=flush-logs-close-db
2026-10-10T07:42:24.5584185Z --- PASS: TestBootSingleInstanceConflict (0.00s)
2026-10-10T07:42:24.5584945Z === RUN   TestCrossVetForLinux
2026-10-10T07:42:24.5585386Z --- PASS: TestCrossVetForLinux (10.55s)
2026-10-10T07:42:24.5585784Z === RUN   TestMutexNamesPerEnv
2026-10-10T07:42:24.5586435Z time=2026-10-10T07:42:13.935Z level=INFO msg="shutdown step skipped (module not present)" step=1 name=scheduler-close
2026-10-10T07:42:24.5589270Z time=2026-10-10T07:42:13.935Z level=INFO msg="shutdown step skipped (module not present)" step=2 name=stop-hotkey-kws
2026-10-10T07:42:24.5590320Z time=2026-10-10T07:42:13.935Z level=INFO msg="shutdown step skipped (module not present)" step=3 name=cancel-task-roots
2026-10-10T07:42:24.5591523Z time=2026-10-10T07:42:13.935Z level=INFO msg="shutdown step skipped (module not present)" step=4 name=stop-audio
2026-10-10T07:42:24.5592575Z time=2026-10-10T07:42:13.935Z level=INFO msg="shutdown step skipped (module not present)" step=5 name=release-speech-sessions
2026-10-10T07:42:24.5593661Z time=2026-10-10T07:42:13.935Z level=INFO msg="shutdown step skipped (module not present)" step=6 name=destroy-panel-webview
2026-10-10T07:42:24.5594740Z time=2026-10-10T07:42:13.935Z level=INFO msg="shutdown step skipped (module not present)" step=7 name=flush-logs-close-db
2026-10-10T07:42:24.5595724Z time=2026-10-10T07:42:14.082Z level=INFO msg="shutdown step skipped (module not present)" step=1 name=scheduler-close
2026-10-10T07:42:24.5596755Z time=2026-10-10T07:42:14.082Z level=INFO msg="shutdown step skipped (module not present)" step=2 name=stop-hotkey-kws
2026-10-10T07:42:24.5597745Z time=2026-10-10T07:42:14.082Z level=INFO msg="shutdown step skipped (module not present)" step=3 name=cancel-task-roots
2026-10-10T07:42:24.5598668Z time=2026-10-10T07:42:14.082Z level=INFO msg="shutdown step skipped (module not present)" step=4 name=stop-audio
2026-10-10T07:42:24.5599628Z time=2026-10-10T07:42:14.082Z level=INFO msg="shutdown step skipped (module not present)" step=5 name=release-speech-sessions
2026-10-10T07:42:24.5600658Z time=2026-10-10T07:42:14.082Z level=INFO msg="shutdown step skipped (module not present)" step=6 name=destroy-panel-webview
2026-10-10T07:42:24.5602164Z time=2026-10-10T07:42:14.082Z level=INFO msg="shutdown step skipped (module not present)" step=7 name=flush-logs-close-db
2026-10-10T07:42:24.5603139Z time=2026-10-10T07:42:14.082Z level=INFO msg="shutdown step skipped (module not present)" step=1 name=scheduler-close
2026-10-10T07:42:24.5603770Z time=2026-10-10T07:42:14.082Z level=INFO msg="shutdown step skipped (module not present)" step=2 name=stop-hotkey-kws
2026-10-10T07:42:24.5604417Z time=2026-10-10T07:42:14.082Z level=INFO msg="shutdown step skipped (module not present)" step=3 name=cancel-task-roots
2026-10-10T07:42:24.5605070Z time=2026-10-10T07:42:14.082Z level=INFO msg="shutdown step skipped (module not present)" step=4 name=stop-audio
2026-10-10T07:42:24.5605712Z time=2026-10-10T07:42:14.082Z level=INFO msg="shutdown step skipped (module not present)" step=5 name=release-speech-sessions
2026-10-10T07:42:24.5606403Z time=2026-10-10T07:42:14.082Z level=INFO msg="shutdown step skipped (module not present)" step=6 name=destroy-panel-webview
2026-10-10T07:42:24.5607080Z time=2026-10-10T07:42:14.082Z level=INFO msg="shutdown step skipped (module not present)" step=7 name=flush-logs-close-db
2026-10-10T07:42:24.5607761Z time=2026-10-10T07:42:14.083Z level=INFO msg="shutdown step skipped (module not present)" step=1 name=scheduler-close
2026-10-10T07:42:24.5608534Z time=2026-10-10T07:42:14.083Z level=INFO msg="shutdown step skipped (module not present)" step=2 name=stop-hotkey-kws
2026-10-10T07:42:24.5609525Z time=2026-10-10T07:42:14.083Z level=INFO msg="shutdown step skipped (module not present)" step=3 name=cancel-task-roots
2026-10-10T07:42:24.5610425Z time=2026-10-10T07:42:14.083Z level=INFO msg="shutdown step skipped (module not present)" step=4 name=stop-audio
2026-10-10T07:42:24.5611641Z time=2026-10-10T07:42:14.083Z level=INFO msg="shutdown step skipped (module not present)" step=5 name=release-speech-sessions
2026-10-10T07:42:24.5612670Z time=2026-10-10T07:42:14.083Z level=INFO msg="shutdown step skipped (module not present)" step=6 name=destroy-panel-webview
2026-10-10T07:42:24.5613663Z time=2026-10-10T07:42:14.083Z level=INFO msg="shutdown step skipped (module not present)" step=7 name=flush-logs-close-db
2026-10-10T07:42:24.5614398Z --- PASS: TestMutexNamesPerEnv (0.15s)
2026-10-10T07:42:24.5614820Z === RUN   TestLayoutForProdDev
2026-10-10T07:42:24.5615229Z --- PASS: TestLayoutForProdDev (0.00s)
2026-10-10T07:42:24.5615700Z === RUN   TestLayoutForTestEnv
2026-10-10T07:42:24.5616177Z === RUN   TestLayoutForTestEnv/explicit_WISP_TEST_DATA_DIR
2026-10-10T07:42:24.5616775Z === RUN   TestLayoutForTestEnv/falls_back_to_TEMP_per_pid
2026-10-10T07:42:24.5618204Z     envfork_test.go:139: test DataDir = "C:\\Users\\runneradmin\\AppData\\Local\\Temp\\wisp-test-3184" (TMPDIR = "C:\\Users\\RUNNER~1\\AppData\\Local\\Temp", which reaches "C:\\Users\\runneradmin\\AppData\\Local\\Temp")
2026-10-10T07:42:24.5619381Z --- PASS: TestLayoutForTestEnv (0.00s)
2026-10-10T07:42:24.5620008Z     --- PASS: TestLayoutForTestEnv/explicit_WISP_TEST_DATA_DIR (0.00s)
2026-10-10T07:42:24.5620688Z     --- PASS: TestLayoutForTestEnv/falls_back_to_TEMP_per_pid (0.00s)
2026-10-10T07:42:24.5621282Z === RUN   TestLayoutForkMatrix
2026-10-10T07:42:24.5621592Z --- PASS: TestLayoutForkMatrix (0.00s)
2026-10-10T07:42:24.5621915Z === RUN   TestPortableOverride
2026-10-10T07:42:24.5622212Z === RUN   TestPortableOverride/no_marker_is_a_no-op
2026-10-10T07:42:24.5622605Z === RUN   TestPortableOverride/explicit_test_data_dir_beats_the_marker
2026-10-10T07:42:24.5622982Z --- PASS: TestPortableOverride (0.00s)
2026-10-10T07:42:24.5623349Z     --- PASS: TestPortableOverride/no_marker_is_a_no-op (0.00s)
2026-10-10T07:42:24.5623825Z     --- PASS: TestPortableOverride/explicit_test_data_dir_beats_the_marker (0.00s)
2026-10-10T07:42:24.5624428Z === RUN   TestSummaryBadge
2026-10-10T07:42:24.5624804Z --- PASS: TestSummaryBadge (0.00s)
2026-10-10T07:42:24.5625217Z === RUN   TestLayoutForUnknownEnv
2026-10-10T07:42:24.5625892Z --- PASS: TestLayoutForUnknownEnv (0.00s)
2026-10-10T07:42:24.5626354Z === RUN   TestDefaultLayoutUnknownEnvFails
2026-10-10T07:42:24.5627196Z --- PASS: TestDefaultLayoutUnknownEnvFails (0.00s)
2026-10-10T07:42:24.5627895Z === RUN   TestExternalSamplerReadsSubjectFromOutside
2026-10-10T07:42:24.5628518Z --- PASS: TestExternalSamplerReadsSubjectFromOutside (0.02s)
2026-10-10T07:42:24.5629101Z === RUN   TestExternalSamplerRefusesToMeasureItself
2026-10-10T07:42:24.5629680Z --- PASS: TestExternalSamplerRefusesToMeasureItself (0.00s)
2026-10-10T07:42:24.5630276Z === RUN   TestExternalSamplerFailClosedOnDeadSubject
2026-10-10T07:42:24.5630828Z --- PASS: TestExternalSamplerFailClosedOnDeadSubject (0.00s)
2026-10-10T07:42:24.5631417Z === RUN   TestExternalSamplerTracksSubjectGrowth
2026-10-10T07:42:24.5631906Z --- PASS: TestExternalSamplerTracksSubjectGrowth (0.26s)
2026-10-10T07:42:24.5632432Z === RUN   TestJobScopeKillsChildOnClose
2026-10-10T07:42:24.5632925Z --- PASS: TestJobScopeKillsChildOnClose (0.01s)
2026-10-10T07:42:24.5633408Z === RUN   TestJobScopeTreeAccounting
2026-10-10T07:42:24.5633847Z --- PASS: TestJobScopeTreeAccounting (0.02s)
2026-10-10T07:42:24.5634358Z === RUN   TestStartInJobRejectsBadCommand
2026-10-10T07:42:24.5634847Z --- PASS: TestStartInJobRejectsBadCommand (0.01s)
2026-10-10T07:42:24.5635444Z === RUN   TestShutdownHookSetRunsEveryRegisteredStepInOrder
2026-10-10T07:42:24.5636121Z --- PASS: TestShutdownHookSetRunsEveryRegisteredStepInOrder (0.00s)
2026-10-10T07:42:24.5636796Z === RUN   TestShutdownHookSetRefusesEveryShapeThatWouldLie
2026-10-10T07:42:24.5637538Z === RUN   TestShutdownHookSetRefusesEveryShapeThatWouldLie/nil_hook_is_not_a_registration
2026-10-10T07:42:24.5638427Z === RUN   TestShutdownHookSetRefusesEveryShapeThatWouldLie/steps_without_a_slot_are_refused
2026-10-10T07:42:24.5639327Z === RUN   TestShutdownHookSetRefusesEveryShapeThatWouldLie/one_slot_has_one_owner
2026-10-10T07:42:24.5640259Z time=2026-10-10T07:42:14.417Z level=INFO msg="shutdown step skipped (module not present)" step=1 name=scheduler-close
2026-10-10T07:42:24.5641289Z time=2026-10-10T07:42:14.417Z level=INFO msg="shutdown step skipped (module not present)" step=2 name=stop-hotkey-kws
2026-10-10T07:42:24.5642241Z time=2026-10-10T07:42:14.417Z level=INFO msg="shutdown step skipped (module not present)" step=4 name=stop-audio
2026-10-10T07:42:24.5643250Z time=2026-10-10T07:42:14.417Z level=INFO msg="shutdown step skipped (module not present)" step=5 name=release-speech-sessions
2026-10-10T07:42:24.5644338Z time=2026-10-10T07:42:14.417Z level=INFO msg="shutdown step skipped (module not present)" step=6 name=destroy-panel-webview
2026-10-10T07:42:24.5645388Z time=2026-10-10T07:42:14.417Z level=INFO msg="shutdown step skipped (module not present)" step=7 name=flush-logs-close-db
2026-10-10T07:42:24.5646465Z time=2026-10-10T07:42:14.417Z level=INFO msg="shutdown step skipped (module not present)" step=9 name=close-job-object
2026-10-10T07:42:24.5647807Z === RUN   TestShutdownHookSetRefusesEveryShapeThatWouldLie/registration_after_the_sequence_started_is_refused
2026-10-10T07:42:24.5648730Z --- PASS: TestShutdownHookSetRefusesEveryShapeThatWouldLie (0.00s)
2026-10-10T07:42:24.5649643Z     --- PASS: TestShutdownHookSetRefusesEveryShapeThatWouldLie/nil_hook_is_not_a_registration (0.00s)
2026-10-10T07:42:24.5650767Z     --- PASS: TestShutdownHookSetRefusesEveryShapeThatWouldLie/steps_without_a_slot_are_refused (0.00s)
2026-10-10T07:42:24.5651868Z     --- PASS: TestShutdownHookSetRefusesEveryShapeThatWouldLie/one_slot_has_one_owner (0.00s)
2026-10-10T07:42:24.5652962Z     --- PASS: TestShutdownHookSetRefusesEveryShapeThatWouldLie/registration_after_the_sequence_started_is_refused (0.00s)
2026-10-10T07:42:24.5653807Z === RUN   TestShutdownHookSetZeroValueIsUsable
2026-10-10T07:42:24.5654350Z --- PASS: TestShutdownHookSetZeroValueIsUsable (0.00s)
2026-10-10T07:42:24.5654938Z === RUN   TestRuntimeCancelStepExecutesWhenRegistered
2026-10-10T07:42:24.5655968Z time=2026-10-10T07:42:14.417Z level=INFO msg="shutdown step skipped (module not present)" step=1 name=scheduler-close
2026-10-10T07:42:24.5657002Z time=2026-10-10T07:42:14.417Z level=INFO msg="shutdown step skipped (module not present)" step=2 name=stop-hotkey-kws
2026-10-10T07:42:24.5658140Z time=2026-10-10T07:42:14.417Z level=INFO msg="shutdown step skipped (module not present)" step=4 name=stop-audio
2026-10-10T07:42:24.5659226Z time=2026-10-10T07:42:14.417Z level=INFO msg="shutdown step skipped (module not present)" step=5 name=release-speech-sessions
2026-10-10T07:42:24.5660308Z time=2026-10-10T07:42:14.417Z level=INFO msg="shutdown step skipped (module not present)" step=6 name=destroy-panel-webview
2026-10-10T07:42:24.5661257Z time=2026-10-10T07:42:14.417Z level=INFO msg="shutdown step skipped (module not present)" step=7 name=flush-logs-close-db
2026-10-10T07:42:24.5662157Z --- PASS: TestRuntimeCancelStepExecutesWhenRegistered (0.00s)
2026-10-10T07:42:24.5662823Z === RUN   TestRuntimeCancelStepIsSkippedWhenUnregistered
2026-10-10T07:42:24.5663714Z time=2026-10-10T07:42:14.419Z level=INFO msg="shutdown step skipped (module not present)" step=1 name=scheduler-close
2026-10-10T07:42:24.5664716Z time=2026-10-10T07:42:14.419Z level=INFO msg="shutdown step skipped (module not present)" step=2 name=stop-hotkey-kws
2026-10-10T07:42:24.5665682Z time=2026-10-10T07:42:14.419Z level=INFO msg="shutdown step skipped (module not present)" step=3 name=cancel-task-roots
2026-10-10T07:42:24.5666635Z time=2026-10-10T07:42:14.419Z level=INFO msg="shutdown step skipped (module not present)" step=4 name=stop-audio
2026-10-10T07:42:24.5667898Z time=2026-10-10T07:42:14.419Z level=INFO msg="shutdown step skipped (module not present)" step=5 name=release-speech-sessions
2026-10-10T07:42:24.5668992Z time=2026-10-10T07:42:14.419Z level=INFO msg="shutdown step skipped (module not present)" step=6 name=destroy-panel-webview
2026-10-10T07:42:24.5670007Z time=2026-10-10T07:42:14.419Z level=INFO msg="shutdown step skipped (module not present)" step=7 name=flush-logs-close-db
2026-10-10T07:42:24.5670865Z --- PASS: TestRuntimeCancelStepIsSkippedWhenUnregistered (0.00s)
2026-10-10T07:42:24.5671502Z === RUN   TestRuntimeRegistrationRefusalsReachTheCaller
2026-10-10T07:42:24.5672235Z time=2026-10-10T07:42:14.420Z level=INFO msg="shutdown step skipped (module not present)" step=1 name=scheduler-close
2026-10-10T07:42:24.5673187Z time=2026-10-10T07:42:14.420Z level=INFO msg="shutdown step skipped (module not present)" step=2 name=stop-hotkey-kws
2026-10-10T07:42:24.5674118Z time=2026-10-10T07:42:14.420Z level=INFO msg="shutdown step skipped (module not present)" step=4 name=stop-audio
2026-10-10T07:42:24.5675144Z time=2026-10-10T07:42:14.420Z level=INFO msg="shutdown step skipped (module not present)" step=5 name=release-speech-sessions
2026-10-10T07:42:24.5676162Z time=2026-10-10T07:42:14.420Z level=INFO msg="shutdown step skipped (module not present)" step=6 name=destroy-panel-webview
2026-10-10T07:42:24.5677213Z time=2026-10-10T07:42:14.420Z level=INFO msg="shutdown step skipped (module not present)" step=7 name=flush-logs-close-db
2026-10-10T07:42:24.5678032Z --- PASS: TestRuntimeRegistrationRefusalsReachTheCaller (0.00s)
2026-10-10T07:42:24.5678567Z === RUN   TestShutdownOrderAudit
2026-10-10T07:42:24.5679011Z --- PASS: TestShutdownOrderAudit (0.00s)
2026-10-10T07:42:24.5679459Z === RUN   TestShutdownFastPathSkipsOnlyStep7
2026-10-10T07:42:24.5680189Z time=2026-10-10T07:42:14.421Z level=WARN msg="fast shutdown: skipping non-critical log/db flushes (D38e fast path)"
2026-10-10T07:42:24.5680933Z --- PASS: TestShutdownFastPathSkipsOnlyStep7 (0.00s)
2026-10-10T07:42:24.5681461Z === RUN   TestShutdownBoundedWaitAbandonsAndContinues
2026-10-10T07:42:24.5682228Z time=2026-10-10T07:42:14.421Z level=INFO msg="shutdown step skipped (module not present)" step=1 name=scheduler-close
2026-10-10T07:42:24.5683135Z time=2026-10-10T07:42:14.421Z level=INFO msg="shutdown step skipped (module not present)" step=2 name=stop-hotkey-kws
2026-10-10T07:42:24.5684991Z time=2026-10-10T07:42:14.501Z level=ERROR msg="shutdown step abandoned wait (deadline exceeded)" step=3 name=cancel-task-roots
2026-10-10T07:42:24.5685939Z time=2026-10-10T07:42:14.501Z level=INFO msg="shutdown step skipped (module not present)" step=4 name=stop-audio
2026-10-10T07:42:24.5688053Z time=2026-10-10T07:42:14.501Z level=INFO msg="shutdown step skipped (module not present)" step=5 name=release-speech-sessions
2026-10-10T07:42:24.5689045Z time=2026-10-10T07:42:14.562Z level=ERROR msg="shutdown step abandoned wait (deadline exceeded)" step=6 name=destroy-panel-webview
2026-10-10T07:42:24.5690066Z time=2026-10-10T07:42:14.562Z level=INFO msg="shutdown step skipped (module not present)" step=7 name=flush-logs-close-db
2026-10-10T07:42:24.5691112Z time=2026-10-10T07:42:14.562Z level=INFO msg="shutdown step skipped (module not present)" step=9 name=close-job-object
2026-10-10T07:42:24.5691950Z --- PASS: TestShutdownBoundedWaitAbandonsAndContinues (0.14s)
2026-10-10T07:42:24.5692586Z === RUN   TestShutdownNilHooksAreRecordedSkipped
2026-10-10T07:42:24.5693105Z time=2026-10-10T07:42:14.562Z level=INFO msg="shutdown step skipped (module not present)" step=1 name=scheduler-close
2026-10-10T07:42:24.5693755Z time=2026-10-10T07:42:14.562Z level=INFO msg="shutdown step skipped (module not present)" step=2 name=stop-hotkey-kws
2026-10-10T07:42:24.5694400Z time=2026-10-10T07:42:14.562Z level=INFO msg="shutdown step skipped (module not present)" step=3 name=cancel-task-roots
2026-10-10T07:42:24.5695020Z time=2026-10-10T07:42:14.562Z level=INFO msg="shutdown step skipped (module not present)" step=4 name=stop-audio
2026-10-10T07:42:24.5695690Z time=2026-10-10T07:42:14.562Z level=INFO msg="shutdown step skipped (module not present)" step=5 name=release-speech-sessions
2026-10-10T07:42:24.5696383Z time=2026-10-10T07:42:14.562Z level=INFO msg="shutdown step skipped (module not present)" step=6 name=destroy-panel-webview
2026-10-10T07:42:24.5697084Z time=2026-10-10T07:42:14.562Z level=INFO msg="shutdown step skipped (module not present)" step=7 name=flush-logs-close-db
2026-10-10T07:42:24.5697719Z time=2026-10-10T07:42:14.562Z level=INFO msg="shutdown step skipped (module not present)" step=9 name=close-job-object
2026-10-10T07:42:24.5698442Z --- PASS: TestShutdownNilHooksAreRecordedSkipped (0.00s)
2026-10-10T07:42:24.5698862Z === RUN   TestSingleInstanceSecondExitsAfterSignallingFirst
2026-10-10T07:42:24.5699300Z --- PASS: TestSingleInstanceSecondExitsAfterSignallingFirst (0.01s)
2026-10-10T07:42:24.5699716Z === RUN   TestAcquireRejectsEmptyNames
2026-10-10T07:42:24.5700033Z --- PASS: TestAcquireRejectsEmptyNames (0.00s)
2026-10-10T07:42:24.5700426Z === RUN   TestParseSystemProcessesKeepsLastSnapshotEntry
2026-10-10T07:42:24.5700837Z --- PASS: TestParseSystemProcessesKeepsLastSnapshotEntry (0.00s)
2026-10-10T07:42:24.5701251Z === RUN   TestWalkSystemProcessesStopsAtTerminator
2026-10-10T07:42:24.5701663Z --- PASS: TestWalkSystemProcessesStopsAtTerminator (0.00s)
2026-10-10T07:42:24.5702062Z === RUN   TestParseSystemProcessesSkipsPIDZero
2026-10-10T07:42:24.5702473Z --- PASS: TestParseSystemProcessesSkipsPIDZero (0.00s)
2026-10-10T07:42:24.5702859Z === RUN   TestParseSystemProcessesRejectsTruncatedEntry
2026-10-10T07:42:24.5703256Z --- PASS: TestParseSystemProcessesRejectsTruncatedEntry (0.00s)
2026-10-10T07:42:24.5703684Z === RUN   TestParseSystemProcessesRejectsNonAdvancingEntry
2026-10-10T07:42:24.5704099Z --- PASS: TestParseSystemProcessesRejectsNonAdvancingEntry (0.00s)
2026-10-10T07:42:24.5704516Z === RUN   TestSystemProcessSnapshotSeesSelf
2026-10-10T07:42:24.5704886Z --- PASS: TestSystemProcessSnapshotSeesSelf (0.00s)
2026-10-10T07:42:24.5705356Z === RUN   TestWalkSystemProcessesEmptyBuffer
2026-10-10T07:42:24.5705892Z --- PASS: TestWalkSystemProcessesEmptyBuffer (0.00s)
2026-10-10T07:42:24.5706303Z PASS
2026-10-10T07:42:24.5706676Z ok  	github.com/CarlosShao/wisp/internal/proc	11.265s
2026-10-10T07:42:24.5707159Z === RUN   TestExistsAndDelete
2026-10-10T07:42:24.5707819Z --- PASS: TestExistsAndDelete (0.01s)
2026-10-10T07:42:24.5708545Z === RUN   TestBlobPathRejectsTraversalOutsideCharset
2026-10-10T07:42:24.5709096Z --- PASS: TestBlobPathRejectsTraversalOutsideCharset (0.00s)
2026-10-10T07:42:24.5709762Z === RUN   TestBlobsListsMetadataOnly
2026-10-10T07:42:24.5710232Z --- PASS: TestBlobsListsMetadataOnly (0.03s)
2026-10-10T07:42:24.5710649Z === RUN   TestBlobsEmptyAndMissingDir
2026-10-10T07:42:24.5711112Z --- PASS: TestBlobsEmptyAndMissingDir (0.00s)
2026-10-10T07:42:24.5711548Z === RUN   TestConfigRefs
2026-10-10T07:42:24.5711928Z --- PASS: TestConfigRefs (0.00s)
2026-10-10T07:42:24.5712406Z === RUN   TestMigratePlaintextMigratesAndBacksUp
2026-10-10T07:42:24.5712962Z --- PASS: TestMigratePlaintextMigratesAndBacksUp (0.01s)
2026-10-10T07:42:24.5713504Z === RUN   TestMigratePlaintextIdempotent
2026-10-10T07:42:24.5714010Z --- PASS: TestMigratePlaintextIdempotent (0.03s)
2026-10-10T07:42:24.5714517Z === RUN   TestMigratePlaintextNoConfigIsNoOp
2026-10-10T07:42:24.5715072Z --- PASS: TestMigratePlaintextNoConfigIsNoOp (0.00s)
2026-10-10T07:42:24.5715596Z === RUN   TestMigratePlaintextKeepsFirstBackup
2026-10-10T07:42:24.5716187Z --- PASS: TestMigratePlaintextKeepsFirstBackup (0.02s)
2026-10-10T07:42:24.5716754Z === RUN   TestMigratePlaintextLeavesNonSecretsAlone
2026-10-10T07:42:24.5717390Z === RUN   TestMigratePlaintextLeavesNonSecretsAlone/empty_api_key_is_not_migrated
2026-10-10T07:42:24.5718154Z === RUN   TestMigratePlaintextLeavesNonSecretsAlone/unparseable_config_is_an_explicit_error
2026-10-10T07:42:24.5718665Z --- PASS: TestMigratePlaintextLeavesNonSecretsAlone (0.01s)
2026-10-10T07:42:24.5719196Z     --- PASS: TestMigratePlaintextLeavesNonSecretsAlone/empty_api_key_is_not_migrated (0.01s)
2026-10-10T07:42:24.5719900Z     --- PASS: TestMigratePlaintextLeavesNonSecretsAlone/unparseable_config_is_an_explicit_error (0.00s)
2026-10-10T07:42:24.5720373Z === RUN   TestParseRefValid
2026-10-10T07:42:24.5720659Z --- PASS: TestParseRefValid (0.00s)
2026-10-10T07:42:24.5720942Z === RUN   TestParseRefInvalid
2026-10-10T07:42:24.5721218Z --- PASS: TestParseRefInvalid (0.00s)
2026-10-10T07:42:24.5721528Z === RUN   TestNewRefUniqueAndParseable
2026-10-10T07:42:24.5721844Z --- PASS: TestNewRefUniqueAndParseable (0.00s)
2026-10-10T07:42:24.5722174Z === RUN   TestValidBlobIDCharset
2026-10-10T07:42:24.5722449Z --- PASS: TestValidBlobIDCharset (0.00s)
2026-10-10T07:42:24.5722739Z === RUN   TestStoreResolveRoundTrip
2026-10-10T07:42:24.5723060Z --- PASS: TestStoreResolveRoundTrip (0.00s)
2026-10-10T07:42:24.5723352Z === RUN   TestBlobFileNotPlaintext
2026-10-10T07:42:24.5723636Z --- PASS: TestBlobFileNotPlaintext (0.00s)
2026-10-10T07:42:24.5723960Z === RUN   TestStoreRejectsEnvRefsAndEmpty
2026-10-10T07:42:24.5724279Z --- PASS: TestStoreRejectsEnvRefsAndEmpty (0.00s)
2026-10-10T07:42:24.5724621Z === RUN   TestResolveEnvRef
2026-10-10T07:42:24.5724916Z === RUN   TestResolveEnvRef/arbitrary_placeholder_value
2026-10-10T07:42:24.5725293Z === RUN   TestResolveEnvRef/missing_variable_is_an_explicit_error
2026-10-10T07:42:24.5725716Z === RUN   TestResolveEnvRef/empty_variable_is_an_explicit_error
2026-10-10T07:42:24.5726045Z --- PASS: TestResolveEnvRef (0.00s)
2026-10-10T07:42:24.5726431Z     --- PASS: TestResolveEnvRef/arbitrary_placeholder_value (0.00s)
2026-10-10T07:42:24.5726897Z     --- PASS: TestResolveEnvRef/missing_variable_is_an_explicit_error (0.00s)
2026-10-10T07:42:24.5727381Z     --- PASS: TestResolveEnvRef/empty_variable_is_an_explicit_error (0.00s)
2026-10-10T07:42:24.5728351Z === RUN   TestPortableDecryptFailureExplicit
2026-10-10T07:42:24.5728858Z === RUN   TestPortableDecryptFailureExplicit/portable_mode_surfaces_ErrPortableDecrypt_with_env:_guidance
2026-10-10T07:42:24.5729648Z === RUN   TestPortableDecryptFailureExplicit/portable_mode_still_decrypts_own_blobs
2026-10-10T07:42:24.5730394Z === RUN   TestPortableDecryptFailureExplicit/non-portable_mode_also_fails_explicitly
2026-10-10T07:42:24.5730973Z --- PASS: TestPortableDecryptFailureExplicit (0.01s)
2026-10-10T07:42:24.5731806Z     --- PASS: TestPortableDecryptFailureExplicit/portable_mode_surfaces_ErrPortableDecrypt_with_env:_guidance (0.00s)
2026-10-10T07:42:24.5732511Z     --- PASS: TestPortableDecryptFailureExplicit/portable_mode_still_decrypts_own_blobs (0.00s)
2026-10-10T07:42:24.5733533Z     --- PASS: TestPortableDecryptFailureExplicit/non-portable_mode_also_fails_explicitly (0.00s)
2026-10-10T07:42:24.5734198Z === RUN   TestResolveErrorsCarryNoSecret
2026-10-10T07:42:24.5734694Z --- PASS: TestResolveErrorsCarryNoSecret (0.00s)
2026-10-10T07:42:24.5735143Z === RUN   TestRedactSecret
2026-10-10T07:42:24.5735503Z --- PASS: TestRedactSecret (0.00s)
2026-10-10T07:42:24.5735806Z PASS
2026-10-10T07:42:24.5736070Z ok  	github.com/CarlosShao/wisp/internal/secret	0.166s
2026-10-10T07:42:24.5736614Z time=2026-10-10T07:42:03.619Z level=INFO msg="winsec: sealing path resolver installed" resolver=risk.c26Pipeline probes_passed=2
2026-10-10T07:42:24.5737167Z === RUN   TestBoundaryNoPlaintextSecretFields
2026-10-10T07:42:24.5737499Z --- PASS: TestBoundaryNoPlaintextSecretFields (0.00s)
2026-10-10T07:42:24.5737918Z === RUN   TestBoundaryNoRuntimeObservationFields
2026-10-10T07:42:24.5738468Z --- PASS: TestBoundaryNoRuntimeObservationFields (0.00s)
2026-10-10T07:42:24.5738951Z === RUN   TestRoundTripLoadMarshalLoad
2026-10-10T07:42:24.5739418Z --- PASS: TestRoundTripLoadMarshalLoad (0.02s)
2026-10-10T07:42:24.5739941Z === RUN   TestRoundTripBytes
2026-10-10T07:42:24.5740364Z --- PASS: TestRoundTripBytes (0.00s)
2026-10-10T07:42:24.5740806Z === RUN   TestResolvedNeverPersists
2026-10-10T07:42:24.5741097Z --- PASS: TestResolvedNeverPersists (0.00s)
2026-10-10T07:42:24.5741416Z === RUN   TestValidateTextChainValid
2026-10-10T07:42:24.5741706Z --- PASS: TestValidateTextChainValid (0.00s)
2026-10-10T07:42:24.5742023Z === RUN   TestValidateTextChainUnknownElement
2026-10-10T07:42:24.5742386Z --- PASS: TestValidateTextChainUnknownElement (0.00s)
2026-10-10T07:42:24.5742707Z === RUN   TestValidateVoiceCloudChains
2026-10-10T07:42:24.5743054Z === RUN   TestValidateVoiceCloudChains/valid_cloud_chains
2026-10-10T07:42:24.5743426Z === RUN   TestValidateVoiceCloudChains/unknown_element_named
2026-10-10T07:42:24.5743816Z === RUN   TestValidateVoiceCloudChains/local-sherpa_never_in_chains
2026-10-10T07:42:24.5744203Z --- PASS: TestValidateVoiceCloudChains (0.00s)
2026-10-10T07:42:24.5744598Z     --- PASS: TestValidateVoiceCloudChains/valid_cloud_chains (0.00s)
2026-10-10T07:42:24.5745086Z     --- PASS: TestValidateVoiceCloudChains/unknown_element_named (0.00s)
2026-10-10T07:42:24.5745587Z     --- PASS: TestValidateVoiceCloudChains/local-sherpa_never_in_chains (0.00s)
2026-10-10T07:42:24.5745985Z === RUN   TestValidateRoleReferences
2026-10-10T07:42:24.5746374Z === RUN   TestValidateRoleReferences/both_empty_is_unset-ok
2026-10-10T07:42:24.5746751Z === RUN   TestValidateRoleReferences/provider_without_model
2026-10-10T07:42:24.5747145Z === RUN   TestValidateRoleReferences/model_without_provider
2026-10-10T07:42:24.5747514Z === RUN   TestValidateRoleReferences/unknown_provider_named
2026-10-10T07:42:24.5748207Z === RUN   TestValidateRoleReferences/unknown_model_named
2026-10-10T07:42:24.5748600Z === RUN   TestValidateRoleReferences/valid_pair
2026-10-10T07:42:24.5748923Z --- PASS: TestValidateRoleReferences (0.00s)
2026-10-10T07:42:24.5749363Z     --- PASS: TestValidateRoleReferences/both_empty_is_unset-ok (0.00s)
2026-10-10T07:42:24.5749835Z     --- PASS: TestValidateRoleReferences/provider_without_model (0.00s)
2026-10-10T07:42:24.5750286Z     --- PASS: TestValidateRoleReferences/model_without_provider (0.00s)
2026-10-10T07:42:24.5750779Z     --- PASS: TestValidateRoleReferences/unknown_provider_named (0.00s)
2026-10-10T07:42:24.5751230Z     --- PASS: TestValidateRoleReferences/unknown_model_named (0.00s)
2026-10-10T07:42:24.5751670Z     --- PASS: TestValidateRoleReferences/valid_pair (0.00s)
2026-10-10T07:42:24.5752005Z === RUN   TestValidateRealtimeReferences
2026-10-10T07:42:24.5752555Z === RUN   TestValidateRealtimeReferences/disabled_with_dangling_pair_tolerated
2026-10-10T07:42:24.5753052Z === RUN   TestValidateRealtimeReferences/enabled_requires_existing_pair
2026-10-10T07:42:24.5753578Z === RUN   TestValidateRealtimeReferences/enabled_without_pair_rejected
2026-10-10T07:42:24.5754005Z === RUN   TestValidateRealtimeReferences/enabled_valid_pair
2026-10-10T07:42:24.5754364Z --- PASS: TestValidateRealtimeReferences (0.00s)
2026-10-10T07:42:24.5754843Z     --- PASS: TestValidateRealtimeReferences/disabled_with_dangling_pair_tolerated (0.00s)
2026-10-10T07:42:24.5755428Z     --- PASS: TestValidateRealtimeReferences/enabled_requires_existing_pair (0.00s)
2026-10-10T07:42:24.5755955Z     --- PASS: TestValidateRealtimeReferences/enabled_without_pair_rejected (0.00s)
2026-10-10T07:42:24.5756471Z     --- PASS: TestValidateRealtimeReferences/enabled_valid_pair (0.00s)
2026-10-10T07:42:24.5756824Z === RUN   TestSplitChainElement
2026-10-10T07:42:24.5757102Z --- PASS: TestSplitChainElement (0.00s)
2026-10-10T07:42:24.5757452Z === RUN   TestTicket261P1MissingEnabledKeyDecodesFalse
2026-10-10T07:42:24.5757840Z --- PASS: TestTicket261P1MissingEnabledKeyDecodesFalse (0.00s)
2026-10-10T07:42:24.5758261Z === RUN   TestTicket261P1SettingsWriteMaterializesFalse
2026-10-10T07:42:24.5759651Z time=2026-10-10T07:42:03.698Z level=INFO msg="config: wrote merged change into config.toml (ticket 226: only the keys listed changed value, every other key keeps the value the file already held; the file is re-laid in canonical form, so comments and hand-chosen key order are not preserved)" key=llm.providers.mock261.models.t261-nokey.context_window wrote=[llm.providers.mock261.models.t261-nokey.context_window]
2026-10-10T07:42:24.5761033Z --- PASS: TestTicket261P1SettingsWriteMaterializesFalse (0.01s)
2026-10-10T07:42:24.5761439Z === RUN   TestLoadFileMergesDefaultsAndOverrides
2026-10-10T07:42:24.5761799Z --- PASS: TestLoadFileMergesDefaultsAndOverrides (0.01s)
2026-10-10T07:42:24.5762184Z === RUN   TestLoadFileUnknownKeyErrorNamesLine
2026-10-10T07:42:24.5762531Z --- PASS: TestLoadFileUnknownKeyErrorNamesLine (0.02s)
2026-10-10T07:42:24.5762923Z === RUN   TestLoadFileUnknownKeyLineNumbersAreOneBased
2026-10-10T07:42:24.5763316Z --- PASS: TestLoadFileUnknownKeyLineNumbersAreOneBased (0.04s)
2026-10-10T07:42:24.5763710Z === RUN   TestLoadFileWrongTypeErrorHasPosition
2026-10-10T07:42:24.5764102Z --- PASS: TestLoadFileWrongTypeErrorHasPosition (0.01s)
2026-10-10T07:42:24.5764441Z === RUN   TestLoadFileRejectsInvalidValues
2026-10-10T07:42:24.5764786Z --- PASS: TestLoadFileRejectsInvalidValues (0.00s)
2026-10-10T07:42:24.5765104Z === RUN   TestLoadFilePresetInheritance
2026-10-10T07:42:24.5765410Z --- PASS: TestLoadFilePresetInheritance (0.02s)
2026-10-10T07:42:24.5765778Z === RUN   TestLoadFileUnknownProviderNeedsProtocol
2026-10-10T07:42:24.5766143Z --- PASS: TestLoadFileUnknownProviderNeedsProtocol (0.00s)
2026-10-10T07:42:24.5766522Z === RUN   TestLoadFileResolvesSecrets
2026-10-10T07:42:24.5766826Z --- PASS: TestLoadFileResolvesSecrets (0.02s)
2026-10-10T07:42:24.5767142Z === RUN   TestLoadFileResolveFailureIsError
2026-10-10T07:42:24.5767497Z --- PASS: TestLoadFileResolveFailureIsError (0.01s)
2026-10-10T07:42:24.5768143Z === RUN   TestLoadFileNilResolverSkipsResolution
2026-10-10T07:42:24.5768622Z --- PASS: TestLoadFileNilResolverSkipsResolution (0.00s)
2026-10-10T07:42:24.5768994Z === RUN   TestLoadFileNewerSchemaVersionRejected
2026-10-10T07:42:24.5769346Z --- PASS: TestLoadFileNewerSchemaVersionRejected (0.00s)
2026-10-10T07:42:24.5769865Z === RUN   TestSaveFileRoundTripsThroughLoad
2026-10-10T07:42:24.5770445Z --- PASS: TestSaveFileRoundTripsThroughLoad (0.07s)
2026-10-10T07:42:24.5770942Z === RUN   TestConfirmLockedRunsOutsideTheManagerLock
2026-10-10T07:42:24.5771688Z time=2026-10-10T07:42:03.921Z level=WARN msg="config: locked loosening approved via L2 re-confirmation (D36 rule 1)" section=fs keys=[fs.allowed_dirs]
2026-10-10T07:42:24.5772622Z --- PASS: TestConfirmLockedRunsOutsideTheManagerLock (0.03s)
2026-10-10T07:42:24.5774023Z === RUN   TestCheckAndReloadAsksOncePerFileChange
2026-10-10T07:42:24.5774669Z time=2026-10-10T07:42:03.936Z level=WARN msg="config: locked loosening rejected; keeping previous values" section=fs keys=[fs.allowed_dirs]
2026-10-10T07:42:24.5775379Z --- PASS: TestCheckAndReloadAsksOncePerFileChange (0.02s)
2026-10-10T07:42:24.5775742Z === RUN   TestManagerHotTierAppliesImmediately
2026-10-10T07:42:24.5776100Z --- PASS: TestManagerHotTierAppliesImmediately (0.01s)
2026-10-10T07:42:24.5776471Z === RUN   TestManagerRestartTierKeepsOldValues
2026-10-10T07:42:24.5776808Z --- PASS: TestManagerRestartTierKeepsOldValues (0.01s)
2026-10-10T07:42:24.5777132Z === RUN   TestManagerThemeIsHotInsideApp
2026-10-10T07:42:24.5777478Z --- PASS: TestManagerThemeIsHotInsideApp (0.01s)
2026-10-10T07:42:24.5777795Z === RUN   TestManagerReloadTierEmitsEvent
2026-10-10T07:42:24.5778137Z --- PASS: TestManagerReloadTierEmitsEvent (0.01s)
2026-10-10T07:42:24.5778476Z === RUN   TestManagerVoiceHotKeysDoNotEmitReload
2026-10-10T07:42:24.5778836Z --- PASS: TestManagerVoiceHotKeysDoNotEmitReload (0.03s)
2026-10-10T07:42:24.5779222Z === RUN   TestManagerLockedLooseningRejectedKeepsOld
2026-10-10T07:42:24.5779971Z time=2026-10-10T07:42:04.048Z level=WARN msg="config: locked loosening rejected; keeping previous values" section=fs keys=[fs.allowed_dirs]
2026-10-10T07:42:24.5780661Z --- PASS: TestManagerLockedLooseningRejectedKeepsOld (0.02s)
2026-10-10T07:42:24.5781036Z === RUN   TestManagerLockedLooseningApprovedApplies
2026-10-10T07:42:24.5781631Z time=2026-10-10T07:42:04.061Z level=WARN msg="config: locked loosening approved via L2 re-confirmation (D36 rule 1)" section=fs keys=[fs.allowed_dirs]
2026-10-10T07:42:24.5782300Z --- PASS: TestManagerLockedLooseningApprovedApplies (0.01s)
2026-10-10T07:42:24.5782709Z === RUN   TestManagerLockedTighteningHotAppliesWithoutHook
2026-10-10T07:42:24.5783298Z time=2026-10-10T07:42:04.075Z level=INFO msg="config: locked section tightened, hot-applied" section=fs keys=[fs.allowed_dirs]
2026-10-10T07:42:24.5783883Z --- PASS: TestManagerLockedTighteningHotAppliesWithoutHook (0.01s)
2026-10-10T07:42:24.5784311Z === RUN   TestManagerLockedNilConfirmHookDenies
2026-10-10T07:42:24.5784966Z time=2026-10-10T07:42:04.087Z level=WARN msg="config: locked loosening rejected; keeping previous values" section=fs keys=[fs.allowed_dirs]
2026-10-10T07:42:24.5786083Z --- PASS: TestManagerLockedNilConfirmHookDenies (0.01s)
2026-10-10T07:42:24.5786476Z === RUN   TestManagerLockedBothDirectionsLogged
2026-10-10T07:42:24.5786826Z --- PASS: TestManagerLockedBothDirectionsLogged (0.04s)
2026-10-10T07:42:24.5787339Z === RUN   TestManagerLoadErrorKeepsCurrentConfig
2026-10-10T07:42:24.5787711Z --- PASS: TestManagerLoadErrorKeepsCurrentConfig (0.03s)
2026-10-10T07:42:24.5788078Z === RUN   TestManagerMissingFileKeepsCurrentAndErrors
2026-10-10T07:42:24.5788482Z --- PASS: TestManagerMissingFileKeepsCurrentAndErrors (0.00s)
2026-10-10T07:42:24.5788830Z === RUN   TestMigrateV1Fixture
2026-10-10T07:42:24.5789131Z --- PASS: TestMigrateV1Fixture (0.08s)
2026-10-10T07:42:24.5789426Z === RUN   TestMigrateNoVersionKeyAssumedV1
2026-10-10T07:42:24.5789756Z --- PASS: TestMigrateNoVersionKeyAssumedV1 (0.04s)
2026-10-10T07:42:24.5790109Z === RUN   TestMigrateCorruptFileUntouched
2026-10-10T07:42:24.5790427Z --- PASS: TestMigrateCorruptFileUntouched (0.00s)
2026-10-10T07:42:24.5790759Z === RUN   TestMigrateUnsupportedVersionUntouched
2026-10-10T07:42:24.5791149Z --- PASS: TestMigrateUnsupportedVersionUntouched (0.00s)
2026-10-10T07:42:24.5791559Z === RUN   TestMigrateHigherIntermediateVersionRejected
2026-10-10T07:42:24.5791979Z --- PASS: TestMigrateHigherIntermediateVersionRejected (0.00s)
2026-10-10T07:42:24.5792338Z === RUN   TestAC2BaselineModeIsDecorative
2026-10-10T07:42:24.5792988Z     private_acl_windows_test.go:56: seeded wide parent C:\Users\RUNNER~1\AppData\Local\Temp\TestAC2BaselineModeIsDecorative4235375498\001\data
2026-10-10T07:42:24.5794022Z         C:\Users\RUNNER~1\AppData\Local\Temp\TestAC2BaselineModeIsDecorative4235375498\001\data BUILTIN\Users:(OI)(CI)(RX)
2026-10-10T07:42:24.5795849Z                                                                                                 NT AUTHORITY\SYSTEM:(OI)(CI)(F)
2026-10-10T07:42:24.5798052Z                                                                                                 BUILTIN\Administrators:(OI)(CI)(F)
2026-10-10T07:42:24.5799990Z                                                                                                 runnervmfi6oq\runneradmin:(OI)(CI)(F)
2026-10-10T07:42:24.5802142Z                                                                                                 NT AUTHORITY\SYSTEM:(I)(OI)(CI)(F)
2026-10-10T07:42:24.5804403Z                                                                                                 BUILTIN\Administrators:(I)(OI)(CI)(F)
2026-10-10T07:42:24.5807109Z                                                                                                 runnervmfi6oq\runneradmin:(I)(OI)(CI)(F)
2026-10-10T07:42:24.5807554Z         
2026-10-10T07:42:24.5807901Z         Successfully processed 1 files; Failed processing 0 files
2026-10-10T07:42:24.5808744Z     private_acl_windows_test.go:63: BASELINE (pre-wiring shape) icacls C:\Users\RUNNER~1\AppData\Local\Temp\TestAC2BaselineModeIsDecorative4235375498\001\data\config.toml.bak-1
2026-10-10T07:42:24.5809824Z         C:\Users\RUNNER~1\AppData\Local\Temp\TestAC2BaselineModeIsDecorative4235375498\001\data\config.toml.bak-1 BUILTIN\Users:(I)(RX)
2026-10-10T07:42:24.5811580Z                                                                                                                   NT AUTHORITY\SYSTEM:(I)(F)
2026-10-10T07:42:24.5813129Z                                                                                                                   BUILTIN\Administrators:(I)(F)
2026-10-10T07:42:24.5814724Z                                                                                                                   runnervmfi6oq\runneradmin:(I)(F)
2026-10-10T07:42:24.5815080Z         
2026-10-10T07:42:24.5815430Z         Successfully processed 1 files; Failed processing 0 files
2026-10-10T07:42:24.5815843Z --- PASS: TestAC2BaselineModeIsDecorative (0.09s)
2026-10-10T07:42:24.5816185Z === RUN   TestAC2MigrationBackupLandsPrivate
2026-10-10T07:42:24.5816862Z     private_acl_windows_test.go:77: seeded wide parent C:\Users\RUNNER~1\AppData\Local\Temp\TestAC2MigrationBackupLandsPrivate1084830478\001\data
2026-10-10T07:42:24.5817742Z         C:\Users\RUNNER~1\AppData\Local\Temp\TestAC2MigrationBackupLandsPrivate1084830478\001\data BUILTIN\Users:(OI)(CI)(RX)
2026-10-10T07:42:24.5819817Z                                                                                                    NT AUTHORITY\SYSTEM:(OI)(CI)(F)
2026-10-10T07:42:24.5821135Z                                                                                                    BUILTIN\Administrators:(OI)(CI)(F)
2026-10-10T07:42:24.5823290Z                                                                                                    runnervmfi6oq\runneradmin:(OI)(CI)(F)
2026-10-10T07:42:24.5825077Z                                                                                                    NT AUTHORITY\SYSTEM:(I)(OI)(CI)(F)
2026-10-10T07:42:24.5826945Z                                                                                                    BUILTIN\Administrators:(I)(OI)(CI)(F)
2026-10-10T07:42:24.5828463Z                                                                                                    runnervmfi6oq\runneradmin:(I)(OI)(CI)(F)
2026-10-10T07:42:24.5828825Z         
2026-10-10T07:42:24.5829200Z         Successfully processed 1 files; Failed processing 0 files
2026-10-10T07:42:24.5830777Z time=2026-10-10T07:42:04.473Z level=WARN msg="winsec: seal cleared principals that stood on this object" path=C:\Users\RUNNER~1\AppData\Local\Temp\TestAC2MigrationBackupLandsPrivate1084830478\001\data\config.toml.bak-1 kind=inherited cleared="" cleared_inherited=S-1-5-32-545(A;ID;0x1200a9;;;BU) policy="winsec owns the grants on this tree; out-of-band ACEs are removed at the next seal"
2026-10-10T07:42:24.5833135Z time=2026-10-10T07:42:04.500Z level=WARN msg="winsec: seal cleared principals that stood on this object" path=C:\Users\runneradmin\AppData\Local\Temp\TestAC2MigrationBackupLandsPrivate1084830478\001\data\.wisp-config-2706743334.tmp kind=inherited cleared="" cleared_inherited=S-1-5-32-545(A;ID;0x1200a9;;;BU) policy="winsec owns the grants on this tree; out-of-band ACEs are removed at the next seal"
2026-10-10T07:42:24.5834756Z     private_acl_windows_test.go:89: icacls C:\Users\RUNNER~1\AppData\Local\Temp\TestAC2MigrationBackupLandsPrivate1084830478\001\data\config.toml.bak-1
2026-10-10T07:42:24.5835802Z         C:\Users\RUNNER~1\AppData\Local\Temp\TestAC2MigrationBackupLandsPrivate1084830478\001\data\config.toml.bak-1 NT AUTHORITY\SYSTEM:(F)
2026-10-10T07:42:24.5837487Z                                                                                                                      BUILTIN\Administrators:(F)
2026-10-10T07:42:24.5839133Z                                                                                                                      runnervmfi6oq\runneradmin:(F)
2026-10-10T07:42:24.5839483Z         
2026-10-10T07:42:24.5839816Z         Successfully processed 1 files; Failed processing 0 files
2026-10-10T07:42:24.5840509Z     private_acl_windows_test.go:90: icacls C:\Users\RUNNER~1\AppData\Local\Temp\TestAC2MigrationBackupLandsPrivate1084830478\001\data\config.toml
2026-10-10T07:42:24.5841455Z         C:\Users\RUNNER~1\AppData\Local\Temp\TestAC2MigrationBackupLandsPrivate1084830478\001\data\config.toml NT AUTHORITY\SYSTEM:(F)
2026-10-10T07:42:24.5843132Z                                                                                                                BUILTIN\Administrators:(F)
2026-10-10T07:42:24.5844656Z                                                                                                                runnervmfi6oq\runneradmin:(F)
2026-10-10T07:42:24.5845041Z         
2026-10-10T07:42:24.5845378Z         Successfully processed 1 files; Failed processing 0 files
2026-10-10T07:42:24.5845765Z --- PASS: TestAC2MigrationBackupLandsPrivate (0.18s)
2026-10-10T07:42:24.5846350Z === RUN   TestAC2SaveFileLandsPrivate
2026-10-10T07:42:24.5847106Z     private_acl_windows_test.go:108: seeded wide parent C:\Users\RUNNER~1\AppData\Local\Temp\TestAC2SaveFileLandsPrivate2587543045\001\data
2026-10-10T07:42:24.5847963Z         C:\Users\RUNNER~1\AppData\Local\Temp\TestAC2SaveFileLandsPrivate2587543045\001\data BUILTIN\Users:(OI)(CI)(RX)
2026-10-10T07:42:24.5849348Z                                                                                             NT AUTHORITY\SYSTEM:(OI)(CI)(F)
2026-10-10T07:42:24.5850680Z                                                                                             BUILTIN\Administrators:(OI)(CI)(F)
2026-10-10T07:42:24.5852009Z                                                                                             runnervmfi6oq\runneradmin:(OI)(CI)(F)
2026-10-10T07:42:24.5853296Z                                                                                             NT AUTHORITY\SYSTEM:(I)(OI)(CI)(F)
2026-10-10T07:42:24.5854620Z                                                                                             BUILTIN\Administrators:(I)(OI)(CI)(F)
2026-10-10T07:42:24.5855909Z                                                                                             runnervmfi6oq\runneradmin:(I)(OI)(CI)(F)
2026-10-10T07:42:24.5856273Z         
2026-10-10T07:42:24.5856594Z         Successfully processed 1 files; Failed processing 0 files
2026-10-10T07:42:24.5857376Z     private_acl_windows_test.go:122: BASELINE (pre-wiring shape) icacls C:\Users\RUNNER~1\AppData\Local\Temp\TestAC2SaveFileLandsPrivate2587543045\001\data\config.toml
2026-10-10T07:42:24.5858436Z         C:\Users\RUNNER~1\AppData\Local\Temp\TestAC2SaveFileLandsPrivate2587543045\001\data\config.toml BUILTIN\Users:(I)(RX)
2026-10-10T07:42:24.5860592Z                                                                                                         NT AUTHORITY\SYSTEM:(I)(F)
2026-10-10T07:42:24.5862805Z                                                                                                         BUILTIN\Administrators:(I)(F)
2026-10-10T07:42:24.5864183Z                                                                                                         runnervmfi6oq\runneradmin:(I)(F)
2026-10-10T07:42:24.5864570Z         
2026-10-10T07:42:24.5864901Z         Successfully processed 1 files; Failed processing 0 files
2026-10-10T07:42:24.5866536Z time=2026-10-10T07:42:04.718Z level=WARN msg="winsec: seal cleared principals that stood on this object" path=C:\Users\runneradmin\AppData\Local\Temp\TestAC2SaveFileLandsPrivate2587543045\001\data\.wisp-config-3920796224.tmp kind=inherited cleared="" cleared_inherited=S-1-5-32-545(A;ID;0x1200a9;;;BU) policy="winsec owns the grants on this tree; out-of-band ACEs are removed at the next seal"
2026-10-10T07:42:24.5868254Z     private_acl_windows_test.go:130: icacls C:\Users\RUNNER~1\AppData\Local\Temp\TestAC2SaveFileLandsPrivate2587543045\001\data\config.toml
2026-10-10T07:42:24.5869192Z         C:\Users\RUNNER~1\AppData\Local\Temp\TestAC2SaveFileLandsPrivate2587543045\001\data\config.toml NT AUTHORITY\SYSTEM:(F)
2026-10-10T07:42:24.5870733Z                                                                                                         BUILTIN\Administrators:(F)
2026-10-10T07:42:24.5872179Z                                                                                                         runnervmfi6oq\runneradmin:(F)
2026-10-10T07:42:24.5872527Z         
2026-10-10T07:42:24.5872853Z         Successfully processed 1 files; Failed processing 0 files
2026-10-10T07:42:24.5873239Z --- PASS: TestAC2SaveFileLandsPrivate (0.18s)
2026-10-10T07:42:24.5873609Z === RUN   TestAC11SettingWriteReportsTheKeyPathItChanged
2026-10-10T07:42:24.5874851Z time=2026-10-10T07:42:04.744Z level=INFO msg="config: wrote merged change into config.toml (ticket 226: only the keys listed changed value, every other key keeps the value the file already held; the file is re-laid in canonical form, so comments and hand-chosen key order are not preserved)" key=llm.providers.deepseek.base_url wrote=[llm.providers.deepseek.base_url]
2026-10-10T07:42:24.5876045Z --- PASS: TestAC11SettingWriteReportsTheKeyPathItChanged (0.01s)
2026-10-10T07:42:24.5876521Z === RUN   TestAC11MultiFieldSaveIsOneWritePerKeyAndStopsOnFailure
2026-10-10T07:42:24.5877964Z time=2026-10-10T07:42:04.763Z level=INFO msg="config: wrote merged change into config.toml (ticket 226: only the keys listed changed value, every other key keeps the value the file already held; the file is re-laid in canonical form, so comments and hand-chosen key order are not preserved)" key=llm.providers.deepseek.models.deepseek-chat.context_window wrote=[llm.providers.deepseek.models.deepseek-chat.context_window]
2026-10-10T07:42:24.5879392Z --- PASS: TestAC11MultiFieldSaveIsOneWritePerKeyAndStopsOnFailure (0.07s)
2026-10-10T07:42:24.5879838Z === RUN   TestAC7InvalidValueLeavesTheFileByteIdentical
2026-10-10T07:42:24.5880364Z === RUN   TestAC7InvalidValueLeavesTheFileByteIdentical/plaintext_credential_in_the_reference_field
2026-10-10T07:42:24.5880943Z === RUN   TestAC7InvalidValueLeavesTheFileByteIdentical/negative_context_window
2026-10-10T07:42:24.5881420Z === RUN   TestAC7InvalidValueLeavesTheFileByteIdentical/negative_price
2026-10-10T07:42:24.5881966Z === RUN   TestAC7InvalidValueLeavesTheFileByteIdentical/chat_model_that_is_not_in_the_catalog
2026-10-10T07:42:24.5882546Z === RUN   TestAC7InvalidValueLeavesTheFileByteIdentical/a_provider_the_config_does_not_declare
2026-10-10T07:42:24.5883192Z === RUN   TestAC7InvalidValueLeavesTheFileByteIdentical/a_model_the_provider's_catalog_does_not_list
2026-10-10T07:42:24.5883717Z --- PASS: TestAC7InvalidValueLeavesTheFileByteIdentical (0.17s)
2026-10-10T07:42:24.5884455Z     --- PASS: TestAC7InvalidValueLeavesTheFileByteIdentical/plaintext_credential_in_the_reference_field (0.03s)
2026-10-10T07:42:24.5885236Z     --- PASS: TestAC7InvalidValueLeavesTheFileByteIdentical/negative_context_window (0.03s)
2026-10-10T07:42:24.5885817Z     --- PASS: TestAC7InvalidValueLeavesTheFileByteIdentical/negative_price (0.06s)
2026-10-10T07:42:24.5886771Z     --- PASS: TestAC7InvalidValueLeavesTheFileByteIdentical/chat_model_that_is_not_in_the_catalog (0.02s)
2026-10-10T07:42:24.5887649Z     --- PASS: TestAC7InvalidValueLeavesTheFileByteIdentical/a_provider_the_config_does_not_declare (0.03s)
2026-10-10T07:42:24.5888394Z     --- PASS: TestAC7InvalidValueLeavesTheFileByteIdentical/a_model_the_provider's_catalog_does_not_list (0.01s)
2026-10-10T07:42:24.5888931Z === RUN   TestAC11SettingWriteKeepsAForeignHandEditedKey
2026-10-10T07:42:24.5890650Z time=2026-10-10T07:42:05.032Z level=WARN msg="config: wrote merged change into config.toml and kept hand edits this process does not hold (ticket 226); the file was NOT claimed as our own write, so the next reload reads it back and a loosening there is denied until it is confirmed (D36 rule 1). Only the keys listed under wrote changed value; the file is re-laid in canonical form, so comments and hand-chosen key order are not preserved" key=llm.providers.deepseek.base_url wrote=[llm.providers.deepseek.base_url] kept_in_file_not_in_memory=[ball.size]
2026-10-10T07:42:24.5892341Z --- PASS: TestAC11SettingWriteKeepsAForeignHandEditedKey (0.05s)
2026-10-10T07:42:24.5892802Z === RUN   TestAC11ControlSnapshotWriteIsWhatRevertsTheHandEdit
2026-10-10T07:42:24.5894686Z time=2026-10-10T07:42:05.076Z level=WARN msg="config: wrote merged change into config.toml and kept hand edits this process does not hold (ticket 226); the file was NOT claimed as our own write, so the next reload reads it back and a loosening there is denied until it is confirmed (D36 rule 1). Only the keys listed under wrote changed value; the file is re-laid in canonical form, so comments and hand-chosen key order are not preserved" key=llm.providers.deepseek.base_url wrote=[llm.providers.deepseek.base_url] kept_in_file_not_in_memory=[ball.size]
2026-10-10T07:42:24.5897181Z --- PASS: TestAC11ControlSnapshotWriteIsWhatRevertsTheHandEdit (0.04s)
2026-10-10T07:42:24.5897797Z === RUN   TestAC3SettingWriteStoresARefNeverAValue
2026-10-10T07:42:24.5899545Z time=2026-10-10T07:42:05.089Z level=INFO msg="config: wrote merged change into config.toml (ticket 226: only the keys listed changed value, every other key keeps the value the file already held; the file is re-laid in canonical form, so comments and hand-chosen key order are not preserved)" key=llm.providers.deepseek.api_key_ref wrote=[llm.providers.deepseek.api_key_ref]
2026-10-10T07:42:24.5901343Z --- PASS: TestAC3SettingWriteStoresARefNeverAValue (0.01s)
2026-10-10T07:42:24.5902070Z === RUN   TestAC11WritingTheValueTheFileAlreadyHoldsChangesNoBytes
2026-10-10T07:42:24.5904073Z time=2026-10-10T07:42:05.094Z level=INFO msg="config: wrote merged change into config.toml (ticket 226: only the keys listed changed value, every other key keeps the value the file already held; the file is re-laid in canonical form, so comments and hand-chosen key order are not preserved)" key=llm.providers.deepseek.base_url wrote=[llm.providers.deepseek.base_url]
2026-10-10T07:42:24.5906213Z time=2026-10-10T07:42:05.095Z level=INFO msg="config: config.toml already carries this key; nothing written" key=llm.providers.deepseek.base_url
2026-10-10T07:42:24.5907446Z --- PASS: TestAC11WritingTheValueTheFileAlreadyHoldsChangesNoBytes (0.01s)
2026-10-10T07:42:24.5907964Z === RUN   TestTicket257R1AC1CleanMachineRefusesAllSevenFields
2026-10-10T07:42:24.5908981Z     settings_257_test.go:183: clean machine, seven refusals by reason: map[第 2 种拒因：行不存在:7] (fields: 7)
2026-10-10T07:42:24.5909524Z --- PASS: TestTicket257R1AC1CleanMachineRefusesAllSevenFields (0.01s)
2026-10-10T07:42:24.5910161Z === RUN   TestTicket257R1AC1HandAddedRowsUnlockAllSevenFields
2026-10-10T07:42:24.5911363Z time=2026-10-10T07:42:05.107Z level=INFO msg="config: wrote merged change into config.toml (ticket 226: only the keys listed changed value, every other key keeps the value the file already held; the file is re-laid in canonical form, so comments and hand-chosen key order are not preserved)" key=llm.providers.deepseek.base_url wrote=[llm.providers.deepseek.base_url]
2026-10-10T07:42:24.5913439Z time=2026-10-10T07:42:05.117Z level=INFO msg="config: wrote merged change into config.toml (ticket 226: only the keys listed changed value, every other key keeps the value the file already held; the file is re-laid in canonical form, so comments and hand-chosen key order are not preserved)" key=llm.providers.deepseek.api_key_ref wrote=[llm.providers.deepseek.api_key_ref]
2026-10-10T07:42:24.5915704Z time=2026-10-10T07:42:05.130Z level=INFO msg="config: wrote merged change into config.toml (ticket 226: only the keys listed changed value, every other key keeps the value the file already held; the file is re-laid in canonical form, so comments and hand-chosen key order are not preserved)" key=llm.providers.deepseek.models.deepseek-chat.context_window wrote=[llm.providers.deepseek.models.deepseek-chat.context_window]
2026-10-10T07:42:24.5918990Z time=2026-10-10T07:42:05.137Z level=INFO msg="config: wrote merged change into config.toml (ticket 226: only the keys listed changed value, every other key keeps the value the file already held; the file is re-laid in canonical form, so comments and hand-chosen key order are not preserved)" key=llm.providers.deepseek.models.deepseek-chat.price.in wrote=[llm.providers.deepseek.models.deepseek-chat.price.in]
2026-10-10T07:42:24.5921826Z time=2026-10-10T07:42:05.141Z level=INFO msg="config: wrote merged change into config.toml (ticket 226: only the keys listed changed value, every other key keeps the value the file already held; the file is re-laid in canonical form, so comments and hand-chosen key order are not preserved)" key=llm.providers.deepseek.models.deepseek-chat.price.out wrote=[llm.providers.deepseek.models.deepseek-chat.price.out]
2026-10-10T07:42:24.5923832Z time=2026-10-10T07:42:05.147Z level=INFO msg="config: wrote merged change into config.toml (ticket 226: only the keys listed changed value, every other key keeps the value the file already held; the file is re-laid in canonical form, so comments and hand-chosen key order are not preserved)" key=llm.roles.chat.model wrote=[llm.roles.chat.model]
2026-10-10T07:42:24.5925666Z time=2026-10-10T07:42:05.154Z level=INFO msg="config: wrote merged change into config.toml (ticket 226: only the keys listed changed value, every other key keeps the value the file already held; the file is re-laid in canonical form, so comments and hand-chosen key order are not preserved)" key=llm.providers.deepseek.api_key_ref wrote=[llm.providers.deepseek.api_key_ref]
2026-10-10T07:42:24.5927243Z --- PASS: TestTicket257R1AC1HandAddedRowsUnlockAllSevenFields (0.05s)
2026-10-10T07:42:24.5927648Z === RUN   TestTicket257R1AC2MissingFileIsItsOwnSentence
2026-10-10T07:42:24.5928039Z --- PASS: TestTicket257R1AC2MissingFileIsItsOwnSentence (0.00s)
2026-10-10T07:42:24.5928443Z === RUN   TestTicket257R1AC2MissingRowIsItsOwnSentence
2026-10-10T07:42:24.5928795Z --- PASS: TestTicket257R1AC2MissingRowIsItsOwnSentence (0.03s)
2026-10-10T07:42:24.5929160Z === RUN   TestTicket257R1AC2InvalidValueIsItsOwnSentence
2026-10-10T07:42:24.5929518Z --- PASS: TestTicket257R1AC2InvalidValueIsItsOwnSentence (0.00s)
2026-10-10T07:42:24.5929898Z === RUN   TestEverySectionHasATierInRegistry
2026-10-10T07:42:24.5930211Z --- PASS: TestEverySectionHasATierInRegistry (0.00s)
2026-10-10T07:42:24.5930543Z === RUN   TestRegistryCoversSchemaSectionsGreen
2026-10-10T07:42:24.5930925Z --- PASS: TestRegistryCoversSchemaSectionsGreen (0.00s)
2026-10-10T07:42:24.5931284Z === RUN   TestPerKeySectionsAreRegisteredPerKey
2026-10-10T07:42:24.5931654Z --- PASS: TestPerKeySectionsAreRegisteredPerKey (0.00s)
2026-10-10T07:42:24.5932151Z === RUN   TestVoicePerKeyRowsMirrorPlanVoiceWalks
2026-10-10T07:42:24.5932527Z --- PASS: TestVoicePerKeyRowsMirrorPlanVoiceWalks (0.00s)
2026-10-10T07:42:24.5933024Z === RUN   TestEveryAppKeyIsRegisteredInTierRegistry
2026-10-10T07:42:24.5933399Z --- PASS: TestEveryAppKeyIsRegisteredInTierRegistry (0.00s)
2026-10-10T07:42:24.5933761Z === RUN   TestAppKeyWalkSeesTheRosterItClaims
2026-10-10T07:42:24.5934134Z --- PASS: TestAppKeyWalkSeesTheRosterItClaims (0.00s)
2026-10-10T07:42:24.5934478Z === RUN   TestUnwiredSecurityKeysFailLoudly
2026-10-10T07:42:24.5934861Z === RUN   TestUnwiredSecurityKeysFailLoudly/risk.shell_enabled
2026-10-10T07:42:24.5935268Z === RUN   TestUnwiredSecurityKeysFailLoudly/risk.allow_shell_string
2026-10-10T07:42:24.5935682Z === RUN   TestUnwiredSecurityKeysFailLoudly/risk.shell_allowlist
2026-10-10T07:42:24.5936113Z === RUN   TestUnwiredSecurityKeysFailLoudly/risk.blacklist_overrides
2026-10-10T07:42:24.5936509Z === RUN   TestUnwiredSecurityKeysFailLoudly/net.allowlist
2026-10-10T07:42:24.5936927Z === RUN   TestUnwiredSecurityKeysFailLoudly/net.block_private_ranges
2026-10-10T07:42:24.5937300Z --- PASS: TestUnwiredSecurityKeysFailLoudly (0.03s)
2026-10-10T07:42:24.5937734Z     --- PASS: TestUnwiredSecurityKeysFailLoudly/risk.shell_enabled (0.01s)
2026-10-10T07:42:24.5938294Z     --- PASS: TestUnwiredSecurityKeysFailLoudly/risk.allow_shell_string (0.01s)
2026-10-10T07:42:24.5940020Z     --- PASS: TestUnwiredSecurityKeysFailLoudly/risk.shell_allowlist (0.01s)
2026-10-10T07:42:24.5941183Z     --- PASS: TestUnwiredSecurityKeysFailLoudly/risk.blacklist_overrides (0.01s)
2026-10-10T07:42:24.5941969Z     --- PASS: TestUnwiredSecurityKeysFailLoudly/net.allowlist (0.00s)
2026-10-10T07:42:24.5942736Z     --- PASS: TestUnwiredSecurityKeysFailLoudly/net.block_private_ranges (0.00s)
2026-10-10T07:42:24.5944116Z === RUN   TestUnwiredGuardLeavesHonestConfigsAlone
2026-10-10T07:42:24.5945654Z === RUN   TestUnwiredGuardLeavesHonestConfigsAlone/empty_file
2026-10-10T07:42:24.5946453Z === RUN   TestUnwiredGuardLeavesHonestConfigsAlone/guarded_keys_at_defaults
2026-10-10T07:42:24.5947176Z === RUN   TestUnwiredGuardLeavesHonestConfigsAlone/SaveFile_output_reloads
2026-10-10T07:42:24.5948012Z === RUN   TestUnwiredGuardLeavesHonestConfigsAlone/tightening_a_guarded_key_past_its_default_is_still_rejected
2026-10-10T07:42:24.5948592Z --- PASS: TestUnwiredGuardLeavesHonestConfigsAlone (0.02s)
2026-10-10T07:42:24.5949058Z     --- PASS: TestUnwiredGuardLeavesHonestConfigsAlone/empty_file (0.00s)
2026-10-10T07:42:24.5949638Z     --- PASS: TestUnwiredGuardLeavesHonestConfigsAlone/guarded_keys_at_defaults (0.00s)
2026-10-10T07:42:24.5950235Z     --- PASS: TestUnwiredGuardLeavesHonestConfigsAlone/SaveFile_output_reloads (0.01s)
2026-10-10T07:42:24.5950971Z     --- PASS: TestUnwiredGuardLeavesHonestConfigsAlone/tightening_a_guarded_key_past_its_default_is_still_rejected (0.00s)
2026-10-10T07:42:24.5951507Z === RUN   TestUnwiredGuardFiresBeforeAnyFileWrite
2026-10-10T07:42:24.5951878Z --- PASS: TestUnwiredGuardFiresBeforeAnyFileWrite (0.00s)
2026-10-10T07:42:24.5952262Z === RUN   TestUnwiredGuardIsScopedNotABigStick
2026-10-10T07:42:24.5952606Z --- PASS: TestUnwiredGuardIsScopedNotABigStick (0.01s)
2026-10-10T07:42:24.5953015Z === RUN   TestUnwiredKeysStillRoundTripAtTheByteLevel
2026-10-10T07:42:24.5953402Z --- PASS: TestUnwiredKeysStillRoundTripAtTheByteLevel (0.00s)
2026-10-10T07:42:24.5953783Z === RUN   TestEveryLockedSectionKeyIsAccountedFor
2026-10-10T07:42:24.5954177Z --- PASS: TestEveryLockedSectionKeyIsAccountedFor (0.00s)
2026-10-10T07:42:24.5954495Z === RUN   TestValidateDefaultsPass
2026-10-10T07:42:24.5954768Z --- PASS: TestValidateDefaultsPass (0.00s)
2026-10-10T07:42:24.5955072Z === RUN   TestValidateEnumErrors
2026-10-10T07:42:24.5955344Z === RUN   TestValidateEnumErrors/theme
2026-10-10T07:42:24.5956303Z === RUN   TestValidateEnumErrors/observe.level
2026-10-10T07:42:24.5957217Z === RUN   TestValidateEnumErrors/proxy.mode
2026-10-10T07:42:24.5957727Z === RUN   TestValidateEnumErrors/over_budget
2026-10-10T07:42:24.5958076Z === RUN   TestValidateEnumErrors/protocol
2026-10-10T07:42:24.5958388Z === RUN   TestValidateEnumErrors/provider_billing
2026-10-10T07:42:24.5958830Z === RUN   TestValidateEnumErrors/model_billing
2026-10-10T07:42:24.5959110Z === RUN   TestValidateEnumErrors/thinking_intensity
2026-10-10T07:42:24.5959614Z === RUN   TestValidateEnumErrors/thinking_levels_element
2026-10-10T07:42:24.5960180Z --- PASS: TestValidateEnumErrors (0.00s)
2026-10-10T07:42:24.5960479Z     --- PASS: TestValidateEnumErrors/theme (0.00s)
2026-10-10T07:42:24.5960935Z     --- PASS: TestValidateEnumErrors/observe.level (0.00s)
2026-10-10T07:42:24.5961475Z     --- PASS: TestValidateEnumErrors/proxy.mode (0.00s)
2026-10-10T07:42:24.5962029Z     --- PASS: TestValidateEnumErrors/over_budget (0.00s)
2026-10-10T07:42:24.5962608Z     --- PASS: TestValidateEnumErrors/protocol (0.00s)
2026-10-10T07:42:24.5963783Z     --- PASS: TestValidateEnumErrors/provider_billing (0.00s)
2026-10-10T07:42:24.5965495Z     --- PASS: TestValidateEnumErrors/model_billing (0.00s)
2026-10-10T07:42:24.5965918Z     --- PASS: TestValidateEnumErrors/thinking_intensity (0.00s)
2026-10-10T07:42:24.5966360Z     --- PASS: TestValidateEnumErrors/thinking_levels_element (0.00s)
2026-10-10T07:42:24.5966764Z === RUN   TestValidateEnumAcceptsEveryListedValue
2026-10-10T07:42:24.5967133Z --- PASS: TestValidateEnumAcceptsEveryListedValue (0.00s)
2026-10-10T07:42:24.5967501Z === RUN   TestValidateHardcodedReadOnly
2026-10-10T07:42:24.5967947Z === RUN   TestValidateHardcodedReadOnly/audio.half_duplex=false
2026-10-10T07:42:24.5968821Z === RUN   TestValidateHardcodedReadOnly/privacy.keep_transcript=true
2026-10-10T07:42:24.5969638Z === RUN   TestValidateHardcodedReadOnly/privacy.keep_audio=true
2026-10-10T07:42:24.5970705Z === RUN   TestValidateHardcodedReadOnly/models.verify_signature=false
2026-10-10T07:42:24.5971412Z --- PASS: TestValidateHardcodedReadOnly (0.00s)
2026-10-10T07:42:24.5972145Z     --- PASS: TestValidateHardcodedReadOnly/audio.half_duplex=false (0.00s)
2026-10-10T07:42:24.5972944Z     --- PASS: TestValidateHardcodedReadOnly/privacy.keep_transcript=true (0.00s)
2026-10-10T07:42:24.5974636Z     --- PASS: TestValidateHardcodedReadOnly/privacy.keep_audio=true (0.00s)
2026-10-10T07:42:24.5975458Z     --- PASS: TestValidateHardcodedReadOnly/models.verify_signature=false (0.00s)
2026-10-10T07:42:24.5975928Z === RUN   TestValidateBallSizeRange
2026-10-10T07:42:24.5976233Z --- PASS: TestValidateBallSizeRange (0.00s)
2026-10-10T07:42:24.5976548Z === RUN   TestValidateRiskConfirmTimeoutRange
2026-10-10T07:42:24.5976919Z === RUN   TestValidateRiskConfirmTimeoutRange/reject_30
2026-10-10T07:42:24.5977282Z === RUN   TestValidateRiskConfirmTimeoutRange/reject_10
2026-10-10T07:42:24.5977999Z === RUN   TestValidateRiskConfirmTimeoutRange/reject_3601
2026-10-10T07:42:24.5978707Z === RUN   TestValidateRiskConfirmTimeoutRange/reject_99999
2026-10-10T07:42:24.5979201Z === RUN   TestValidateRiskConfirmTimeoutRange/reject_0
2026-10-10T07:42:24.5980314Z === RUN   TestValidateRiskConfirmTimeoutRange/reject_-1
2026-10-10T07:42:24.5981206Z === RUN   TestValidateRiskConfirmTimeoutRange/accept_31
2026-10-10T07:42:24.5981581Z === RUN   TestValidateRiskConfirmTimeoutRange/accept_300
2026-10-10T07:42:24.5981940Z === RUN   TestValidateRiskConfirmTimeoutRange/accept_3600
2026-10-10T07:42:24.5982277Z --- PASS: TestValidateRiskConfirmTimeoutRange (0.00s)
2026-10-10T07:42:24.5982861Z     --- PASS: TestValidateRiskConfirmTimeoutRange/reject_30 (0.00s)
2026-10-10T07:42:24.5983348Z     --- PASS: TestValidateRiskConfirmTimeoutRange/reject_10 (0.00s)
2026-10-10T07:42:24.5983993Z     --- PASS: TestValidateRiskConfirmTimeoutRange/reject_3601 (0.00s)
2026-10-10T07:42:24.5984465Z     --- PASS: TestValidateRiskConfirmTimeoutRange/reject_99999 (0.00s)
2026-10-10T07:42:24.5985155Z     --- PASS: TestValidateRiskConfirmTimeoutRange/reject_0 (0.00s)
2026-10-10T07:42:24.5985617Z     --- PASS: TestValidateRiskConfirmTimeoutRange/reject_-1 (0.00s)
2026-10-10T07:42:24.5986843Z     --- PASS: TestValidateRiskConfirmTimeoutRange/accept_31 (0.00s)
2026-10-10T07:42:24.5987292Z     --- PASS: TestValidateRiskConfirmTimeoutRange/accept_300 (0.00s)
2026-10-10T07:42:24.5988003Z     --- PASS: TestValidateRiskConfirmTimeoutRange/accept_3600 (0.00s)
2026-10-10T07:42:24.5988451Z === RUN   TestValidateRiskConfirmTimeoutBandRejectsWarningLeadPlusOne
2026-10-10T07:42:24.5988984Z --- PASS: TestValidateRiskConfirmTimeoutBandRejectsWarningLeadPlusOne (0.00s)
2026-10-10T07:42:24.5989597Z === RUN   TestValidateAPIKeyRefFormat
2026-10-10T07:42:24.5990087Z === RUN   TestValidateAPIKeyRefFormat/empty_is_keyless
2026-10-10T07:42:24.5990489Z === RUN   TestValidateAPIKeyRefFormat/dpapi_ref
2026-10-10T07:42:24.5990836Z === RUN   TestValidateAPIKeyRefFormat/env_ref
2026-10-10T07:42:24.5991183Z === RUN   TestValidateAPIKeyRefFormat/plaintext_key
2026-10-10T07:42:24.5991520Z === RUN   TestValidateAPIKeyRefFormat/bare_blob_id
2026-10-10T07:42:24.5991854Z === RUN   TestValidateAPIKeyRefFormat/traversal_blob_id
2026-10-10T07:42:24.5992223Z === RUN   TestValidateAPIKeyRefFormat/empty_env_name
2026-10-10T07:42:24.5992559Z === RUN   TestValidateAPIKeyRefFormat/unknown_scheme
2026-10-10T07:42:24.5992927Z --- PASS: TestValidateAPIKeyRefFormat (0.00s)
2026-10-10T07:42:24.5993282Z     --- PASS: TestValidateAPIKeyRefFormat/empty_is_keyless (0.00s)
2026-10-10T07:42:24.5993729Z     --- PASS: TestValidateAPIKeyRefFormat/dpapi_ref (0.00s)
2026-10-10T07:42:24.5994138Z     --- PASS: TestValidateAPIKeyRefFormat/env_ref (0.00s)
2026-10-10T07:42:24.5994538Z     --- PASS: TestValidateAPIKeyRefFormat/plaintext_key (0.00s)
2026-10-10T07:42:24.5994981Z     --- PASS: TestValidateAPIKeyRefFormat/bare_blob_id (0.00s)
2026-10-10T07:42:24.5995401Z     --- PASS: TestValidateAPIKeyRefFormat/traversal_blob_id (0.00s)
2026-10-10T07:42:24.5995822Z     --- PASS: TestValidateAPIKeyRefFormat/empty_env_name (0.00s)
2026-10-10T07:42:24.5996253Z     --- PASS: TestValidateAPIKeyRefFormat/unknown_scheme (0.00s)
2026-10-10T07:42:24.5996628Z === RUN   TestValidateRealtimeAPIKeyRefFormat
2026-10-10T07:42:24.5997026Z --- PASS: TestValidateRealtimeAPIKeyRefFormat (0.00s)
2026-10-10T07:42:24.5997386Z === RUN   TestAC1AllowedDirsWriteKeepsAHandEditedKey
2026-10-10T07:42:24.5998937Z time=2026-10-10T07:42:05.292Z level=WARN msg="config: wrote merged change into config.toml and kept hand edits this process does not hold (ticket 226); the file was NOT claimed as our own write, so the next reload reads it back and a loosening there is denied until it is confirmed (D36 rule 1). Only the keys listed under wrote changed value; the file is re-laid in canonical form, so comments and hand-chosen key order are not preserved" key=fs.allowed_dirs wrote=[fs.allowed_dirs] kept_in_file_not_in_memory=[ball.size]
2026-10-10T07:42:24.6000472Z --- PASS: TestAC1AllowedDirsWriteKeepsAHandEditedKey (0.04s)
2026-10-10T07:42:24.6000912Z === RUN   TestAC1ControlSnapshotWriteIsWhatRevertsTheHandEdit
2026-10-10T07:42:24.6001340Z --- PASS: TestAC1ControlSnapshotWriteIsWhatRevertsTheHandEdit (0.04s)
2026-10-10T07:42:24.6001806Z === RUN   TestAC2GuardedWriteReportsTheKeysItWroteAndTheOnesItKept
2026-10-10T07:42:24.6002308Z --- PASS: TestAC2GuardedWriteReportsTheKeysItWroteAndTheOnesItKept (0.07s)
2026-10-10T07:42:24.6002744Z === RUN   TestAC2CleanWriteReportsOneKeyAtInfoLevel
2026-10-10T07:42:24.6003129Z --- PASS: TestAC2CleanWriteReportsOneKeyAtInfoLevel (0.01s)
2026-10-10T07:42:24.6003523Z === RUN   TestAC2UnreadableFileIsRefusedAndNothingIsWritten
2026-10-10T07:42:24.6003955Z --- PASS: TestAC2UnreadableFileIsRefusedAndNothingIsWritten (0.01s)
2026-10-10T07:42:24.6004407Z === RUN   TestAC3AdoptionClaimsOnlyWhatThisWriteProduced
2026-10-10T07:42:24.6005963Z time=2026-10-10T07:42:05.434Z level=INFO msg="config: wrote merged change into config.toml (ticket 226: only the keys listed changed value, every other key keeps the value the file already held; the file is re-laid in canonical form, so comments and hand-chosen key order are not preserved)" key=fs.allowed_dirs wrote=[fs.allowed_dirs]
2026-10-10T07:42:24.6008791Z time=2026-10-10T07:42:05.466Z level=WARN msg="config: wrote merged change into config.toml and kept hand edits this process does not hold (ticket 226); the file was NOT claimed as our own write, so the next reload reads it back and a loosening there is denied until it is confirmed (D36 rule 1). Only the keys listed under wrote changed value; the file is re-laid in canonical form, so comments and hand-chosen key order are not preserved" key=fs.allowed_dirs wrote=[fs.allowed_dirs] kept_in_file_not_in_memory=[ball.size]
2026-10-10T07:42:24.6010594Z --- PASS: TestAC3AdoptionClaimsOnlyWhatThisWriteProduced (0.04s)
2026-10-10T07:42:24.6011075Z === RUN   TestAC3HandAddedEntryIsPreservedButNotAppliedToMemory
2026-10-10T07:42:24.6012679Z time=2026-10-10T07:42:05.490Z level=WARN msg="config: wrote merged change into config.toml and kept hand edits this process does not hold (ticket 226); the file was NOT claimed as our own write, so the next reload reads it back and a loosening there is denied until it is confirmed (D36 rule 1). Only the keys listed under wrote changed value; the file is re-laid in canonical form, so comments and hand-chosen key order are not preserved" key=fs.allowed_dirs wrote=[fs.allowed_dirs] kept_in_file_not_in_memory=[fs.allowed_dirs]
2026-10-10T07:42:24.6014406Z time=2026-10-10T07:42:05.491Z level=WARN msg="config: locked loosening rejected; keeping previous values" section=fs keys=[fs.allowed_dirs]
2026-10-10T07:42:24.6015044Z --- PASS: TestAC3HandAddedEntryIsPreservedButNotAppliedToMemory (0.02s)
2026-10-10T07:42:24.6015523Z === RUN   TestAC4PermissionModeWriteKeepsAHandEditedKey
2026-10-10T07:42:24.6017256Z time=2026-10-10T07:42:05.509Z level=WARN msg="config: wrote merged change into config.toml and kept hand edits this process does not hold (ticket 226); the file was NOT claimed as our own write, so the next reload reads it back and a loosening there is denied until it is confirmed (D36 rule 1). Only the keys listed under wrote changed value; the file is re-laid in canonical form, so comments and hand-chosen key order are not preserved" key=risk.permission_mode wrote=[risk.permission_mode] kept_in_file_not_in_memory=[ball.size]
2026-10-10T07:42:24.6020029Z time=2026-10-10T07:42:05.511Z level=INFO msg="config: wrote merged change into config.toml (ticket 226: only the keys listed changed value, every other key keeps the value the file already held; the file is re-laid in canonical form, so comments and hand-chosen key order are not preserved)" key=risk.permission_mode wrote=[risk.permission_mode]
2026-10-10T07:42:24.6021513Z --- PASS: TestAC4PermissionModeWriteKeepsAHandEditedKey (0.02s)
2026-10-10T07:42:24.6022184Z === RUN   TestAC5SetAllowedDirsPersistsARevocationWithoutAClobber
2026-10-10T07:42:24.6024182Z time=2026-10-10T07:42:05.528Z level=WARN msg="config: wrote merged change into config.toml and kept hand edits this process does not hold (ticket 226); the file was NOT claimed as our own write, so the next reload reads it back and a loosening there is denied until it is confirmed (D36 rule 1). Only the keys listed under wrote changed value; the file is re-laid in canonical form, so comments and hand-chosen key order are not preserved" key=fs.allowed_dirs wrote=[fs.allowed_dirs] kept_in_file_not_in_memory=[ball.size]
2026-10-10T07:42:24.6026165Z --- PASS: TestAC5SetAllowedDirsPersistsARevocationWithoutAClobber (0.01s)
2026-10-10T07:42:24.6026858Z === RUN   TestAddAllowedDirStillRefusesARelativeHop
2026-10-10T07:42:24.6027446Z --- PASS: TestAddAllowedDirStillRefusesARelativeHop (0.01s)
2026-10-10T07:42:24.6028026Z === RUN   TestGuardedWriteFailureRollsBackMemory
2026-10-10T07:42:24.6028638Z --- PASS: TestGuardedWriteFailureRollsBackMemory (0.00s)
2026-10-10T07:42:24.6029056Z === RUN   TestGuardedWriteDoesNotRewriteAFileThatAlreadySaysIt
2026-10-10T07:42:24.6029650Z time=2026-10-10T07:42:05.557Z level=INFO msg="config: config.toml already carries this key; nothing written" key=fs.allowed_dirs
2026-10-10T07:42:24.6030419Z --- PASS: TestGuardedWriteDoesNotRewriteAFileThatAlreadySaysIt (0.01s)
2026-10-10T07:42:24.6030818Z === RUN   TestDiffKeyPathsNamesRealKeyPaths
2026-10-10T07:42:24.6031265Z --- PASS: TestDiffKeyPathsNamesRealKeyPaths (0.00s)
2026-10-10T07:42:24.6031656Z === RUN   TestConfirmTimeoutFloorSitsAboveApprovalWarningLead
2026-10-10T07:42:24.6032134Z --- PASS: TestConfirmTimeoutFloorSitsAboveApprovalWarningLead (0.01s)
2026-10-10T07:42:24.6032548Z === RUN   TestConfirmTimeoutIsBandedOnTheLoadPath
2026-10-10T07:42:24.6032913Z === RUN   TestConfirmTimeoutIsBandedOnTheLoadPath/reject_30
2026-10-10T07:42:24.6033327Z === RUN   TestConfirmTimeoutIsBandedOnTheLoadPath/reject_10
2026-10-10T07:42:24.6033699Z === RUN   TestConfirmTimeoutIsBandedOnTheLoadPath/reject_1
2026-10-10T07:42:24.6034098Z === RUN   TestConfirmTimeoutIsBandedOnTheLoadPath/reject_2
2026-10-10T07:42:24.6034478Z === RUN   TestConfirmTimeoutIsBandedOnTheLoadPath/reject_20
2026-10-10T07:42:24.6034865Z === RUN   TestConfirmTimeoutIsBandedOnTheLoadPath/reject_3601
2026-10-10T07:42:24.6035291Z === RUN   TestConfirmTimeoutIsBandedOnTheLoadPath/reject_99999
2026-10-10T07:42:24.6035680Z === RUN   TestConfirmTimeoutIsBandedOnTheLoadPath/reject_0
2026-10-10T07:42:24.6036104Z === RUN   TestConfirmTimeoutIsBandedOnTheLoadPath/reject_-1
2026-10-10T07:42:24.6036493Z === RUN   TestConfirmTimeoutIsBandedOnTheLoadPath/accept_31
2026-10-10T07:42:24.6036888Z === RUN   TestConfirmTimeoutIsBandedOnTheLoadPath/accept_300
2026-10-10T07:42:24.6037325Z === RUN   TestConfirmTimeoutIsBandedOnTheLoadPath/accept_3600
2026-10-10T07:42:24.6037714Z --- PASS: TestConfirmTimeoutIsBandedOnTheLoadPath (0.02s)
2026-10-10T07:42:24.6038175Z     --- PASS: TestConfirmTimeoutIsBandedOnTheLoadPath/reject_30 (0.00s)
2026-10-10T07:42:24.6038680Z     --- PASS: TestConfirmTimeoutIsBandedOnTheLoadPath/reject_10 (0.00s)
2026-10-10T07:42:24.6039134Z     --- PASS: TestConfirmTimeoutIsBandedOnTheLoadPath/reject_1 (0.00s)
2026-10-10T07:42:24.6039628Z     --- PASS: TestConfirmTimeoutIsBandedOnTheLoadPath/reject_2 (0.00s)
2026-10-10T07:42:24.6040088Z     --- PASS: TestConfirmTimeoutIsBandedOnTheLoadPath/reject_20 (0.00s)
2026-10-10T07:42:24.6040591Z     --- PASS: TestConfirmTimeoutIsBandedOnTheLoadPath/reject_3601 (0.00s)
2026-10-10T07:42:24.6041062Z     --- PASS: TestConfirmTimeoutIsBandedOnTheLoadPath/reject_99999 (0.00s)
2026-10-10T07:42:24.6041539Z     --- PASS: TestConfirmTimeoutIsBandedOnTheLoadPath/reject_0 (0.00s)
2026-10-10T07:42:24.6042023Z     --- PASS: TestConfirmTimeoutIsBandedOnTheLoadPath/reject_-1 (0.00s)
2026-10-10T07:42:24.6042474Z     --- PASS: TestConfirmTimeoutIsBandedOnTheLoadPath/accept_31 (0.00s)
2026-10-10T07:42:24.6042952Z     --- PASS: TestConfirmTimeoutIsBandedOnTheLoadPath/accept_300 (0.00s)
2026-10-10T07:42:24.6043434Z     --- PASS: TestConfirmTimeoutIsBandedOnTheLoadPath/accept_3600 (0.00s)
2026-10-10T07:42:24.6043837Z === RUN   TestMinimumLegalConfirmTimeoutKeepsC18Warning
2026-10-10T07:42:24.6044390Z     validate_267_test.go:136: smallest legal timeout 31s, warning lead 30s, arming lead 1s > 0
2026-10-10T07:42:24.6044877Z --- PASS: TestMinimumLegalConfirmTimeoutKeepsC18Warning (0.00s)
2026-10-10T07:42:24.6045505Z PASS
2026-10-10T07:42:24.6045778Z ok  	github.com/CarlosShao/wisp/internal/config	2.015s
2026-10-10T07:42:24.6046340Z time=2026-10-10T07:42:03.650Z level=INFO msg="winsec: sealing path resolver installed" resolver=risk.c26Pipeline probes_passed=2
2026-10-10T07:42:24.6046905Z === RUN   TestR9PanicInSubAssessorFailsClosed
2026-10-10T07:42:24.6047256Z --- PASS: TestR9PanicInSubAssessorFailsClosed (0.00s)
2026-10-10T07:42:24.6047650Z === RUN   TestR9PanicInWiredDependencyFailsClosed
2026-10-10T07:42:24.6048022Z --- PASS: TestR9PanicInWiredDependencyFailsClosed (0.00s)
2026-10-10T07:42:24.6048367Z === RUN   TestFusionTakesMaxSeverity
2026-10-10T07:42:24.6048712Z --- PASS: TestFusionTakesMaxSeverity (0.00s)
2026-10-10T07:42:24.6049044Z === RUN   TestFusionSingleDenyBeatsAnyConfirm
2026-10-10T07:42:24.6049531Z --- PASS: TestFusionSingleDenyBeatsAnyConfirm (0.00s)
2026-10-10T07:42:24.6049873Z === RUN   TestFusionR4BlocksSessionOverride
2026-10-10T07:42:24.6050208Z --- PASS: TestFusionR4BlocksSessionOverride (0.00s)
2026-10-10T07:42:24.6050644Z === RUN   TestDecisionGoldenSnapshots
2026-10-10T07:42:24.6050952Z --- PASS: TestDecisionGoldenSnapshots (0.00s)
2026-10-10T07:42:24.6051281Z === RUN   TestClassifyAnchorSpellingIsNotVerdict
2026-10-10T07:42:24.6052740Z     pathresolver_anchor_spelling_windows_test.go:57: Resolve("C:\\Users\\RUNNER~1\\AppData\\Local\\Temp\\TestClassifyAnchorSpellingIsNotVerdict484475104\\001\\profile\\.ssh\\id_testkey") canonical "C:\\Users\\runneradmin\\AppData\\Local\\Temp\\TestClassifyAnchorSpellingIsNotVerdict484475104\\001\\profile\\.ssh\\id_testkey": test premise broken (candidate must be the real path)
2026-10-10T07:42:24.6053972Z --- FAIL: TestClassifyAnchorSpellingIsNotVerdict (0.06s)
2026-10-10T07:42:24.6054351Z === RUN   TestClassifySpellingInvariance
2026-10-10T07:42:24.6054668Z --- PASS: TestClassifySpellingInvariance (0.07s)
2026-10-10T07:42:24.6055023Z === RUN   TestCanonicalInputGainsNoSecondForm
2026-10-10T07:42:24.6056975Z     pathresolver_anchor_spelling_windows_test.go:140: canonical "C:\\Users\\RUNNER~1\\AppData\\Local\\Temp\\TestCanonicalInputGainsNoSecondForm4019438579\\001\\not-created-yet\\deep.txt" produced 2 comparison forms ["c:\\users\\runner~1\\appdata\\local\\temp\\testcanonicalinputgainsnosecondform4019438579\\001\\not-created-yet\\deep.txt" "c:\\users\\runneradmin\\appdata\\local\\temp\\testcanonicalinputgainsnosecondform4019438579\\001\\not-created-yet\\deep.txt"], want 1 (verdict must not move for a path with one spelling)
2026-10-10T07:42:24.6059129Z --- FAIL: TestCanonicalInputGainsNoSecondForm (0.10s)
2026-10-10T07:42:24.6059667Z === RUN   TestOverrideOnlyAcceptsTheResolvedForm
2026-10-10T07:42:24.6060220Z --- PASS: TestOverrideOnlyAcceptsTheResolvedForm (0.04s)
2026-10-10T07:42:24.6060746Z === RUN   TestAListWinsWhereBothTablesHit
2026-10-10T07:42:24.6061624Z     pathresolver_anchor_spelling_windows_test.go:238: B-only control must stay overridable by design: {Allow:false NeedL2:true Class:B Reason:B-list sensitive path; single-file override requires one L2 confirm: id_*}
2026-10-10T07:42:24.6062398Z --- FAIL: TestAListWinsWhereBothTablesHit (0.02s)
2026-10-10T07:42:24.6062757Z === RUN   TestClassifyFailClosedWhenSpellingUnprovable
2026-10-10T07:42:24.6063173Z --- PASS: TestClassifyFailClosedWhenSpellingUnprovable (0.07s)
2026-10-10T07:42:24.6063526Z === RUN   TestResolvePerCallBudget
2026-10-10T07:42:24.6064029Z     pathresolver_budget_norace_test.go:34: C26 Resolve: 336330 ns/op = 0.336 ms/op (budget 1.000 ms, 6259 samples)
2026-10-10T07:42:24.6064512Z --- PASS: TestResolvePerCallBudget (2.15s)
2026-10-10T07:42:24.6064841Z === RUN   TestC26ExpansionMustNotRewriteOntoAnotherTree
2026-10-10T07:42:24.6065504Z === RUN   TestC26ExpansionMustNotRewriteOntoAnotherTree/percent_env_var_spelling
2026-10-10T07:42:24.6067602Z     pathresolver_expansion_test.go:80: risk.c26Pipeline.Resolve (seam installed into winsec): refused as required: risk: expansion moved this path onto a tree the caller did not name: C:\Users\RUNNER~1\AppData\Local\Temp\TestC26ExpansionMustNotRewriteOntoAnotherTreepercent_env_var_sp4116673397\001\a%WISP102PROBE_TARGET%b\artifacts expands to C:\Users\RUNNER~1\AppData\Local\Temp\TestC26ExpansionMustNotRewriteOntoAnotherTreepercent_env_var_sp4116673397\001\aelsewhereb\artifacts (env); act on the expanded tree only if you asked for it by name
2026-10-10T07:42:24.6071736Z     pathresolver_expansion_test.go:83: winsec.ResolvePath (sealing caller's view): refused as required: winsec: refusing to seal C:\Users\RUNNER~1\AppData\Local\Temp\TestC26ExpansionMustNotRewriteOntoAnotherTreepercent_env_var_sp4116673397\001\a%WISP102PROBE_TARGET%b\artifacts: risk: expansion moved this path onto a tree the caller did not name: C:\Users\RUNNER~1\AppData\Local\Temp\TestC26ExpansionMustNotRewriteOntoAnotherTreepercent_env_var_sp4116673397\001\a%WISP102PROBE_TARGET%b\artifacts expands to C:\Users\RUNNER~1\AppData\Local\Temp\TestC26ExpansionMustNotRewriteOntoAnotherTreepercent_env_var_sp4116673397\001\aelsewhereb\artifacts (env); act on the expanded tree only if you asked for it by name
2026-10-10T07:42:24.6076067Z     pathresolver_expansion_test.go:86: risk.syncSet.resolveTarget (fs.write sync judgement): refused as required: risk: expansion moved this path onto a tree the caller did not name: C:\Users\RUNNER~1\AppData\Local\Temp\TestC26ExpansionMustNotRewriteOntoAnotherTreepercent_env_var_sp4116673397\001\a%WISP102PROBE_TARGET%b\artifacts expands to C:\Users\RUNNER~1\AppData\Local\Temp\TestC26ExpansionMustNotRewriteOntoAnotherTreepercent_env_var_sp4116673397\001\aelsewhereb\artifacts (env); act on the expanded tree only if you asked for it by name
2026-10-10T07:42:24.6078471Z === RUN   TestC26ExpansionMustNotRewriteOntoAnotherTree/leading_tilde_spelling
2026-10-10T07:42:24.6123732Z     pathresolver_expansion_test.go:95: risk.c26Pipeline.Resolve ~ ~\wisp102-tilde-probe\artifacts: refused as required: risk: expansion moved this path onto a tree the caller did not name: ~\wisp102-tilde-probe\artifacts expands to C:\Users\runneradmin\wisp102-tilde-probe\artifacts (home); act on the expanded tree only if you asked for it by name
2026-10-10T07:42:24.6127345Z     pathresolver_expansion_test.go:98: winsec.ResolvePath ~ ~\wisp102-tilde-probe\artifacts: refused as required: winsec: refusing to seal ~\wisp102-tilde-probe\artifacts: risk: expansion moved this path onto a tree the caller did not name: ~\wisp102-tilde-probe\artifacts expands to C:\Users\runneradmin\wisp102-tilde-probe\artifacts (home); act on the expanded tree only if you asked for it by name
2026-10-10T07:42:24.6130793Z     pathresolver_expansion_test.go:101: risk.syncSet.resolveTarget ~ ~\wisp102-tilde-probe\artifacts: refused as required: risk: expansion moved this path onto a tree the caller did not name: ~\wisp102-tilde-probe\artifacts expands to C:\Users\runneradmin\wisp102-tilde-probe\artifacts (home); act on the expanded tree only if you asked for it by name
2026-10-10T07:42:24.6133862Z     pathresolver_expansion_test.go:95: risk.c26Pipeline.Resolve ~ ~/wisp102-tilde-probe/artifacts: refused as required: risk: expansion moved this path onto a tree the caller did not name: ~/wisp102-tilde-probe/artifacts expands to C:\Users\runneradmin\wisp102-tilde-probe\artifacts (home); act on the expanded tree only if you asked for it by name
2026-10-10T07:42:24.6137237Z     pathresolver_expansion_test.go:98: winsec.ResolvePath ~ ~/wisp102-tilde-probe/artifacts: refused as required: winsec: refusing to seal ~/wisp102-tilde-probe/artifacts: risk: expansion moved this path onto a tree the caller did not name: ~/wisp102-tilde-probe/artifacts expands to C:\Users\runneradmin\wisp102-tilde-probe\artifacts (home); act on the expanded tree only if you asked for it by name
2026-10-10T07:42:24.6140537Z     pathresolver_expansion_test.go:101: risk.syncSet.resolveTarget ~ ~/wisp102-tilde-probe/artifacts: refused as required: risk: expansion moved this path onto a tree the caller did not name: ~/wisp102-tilde-probe/artifacts expands to C:\Users\runneradmin\wisp102-tilde-probe\artifacts (home); act on the expanded tree only if you asked for it by name
2026-10-10T07:42:24.6142277Z --- PASS: TestC26ExpansionMustNotRewriteOntoAnotherTree (0.00s)
2026-10-10T07:42:24.6143094Z     --- PASS: TestC26ExpansionMustNotRewriteOntoAnotherTree/percent_env_var_spelling (0.00s)
2026-10-10T07:42:24.6144334Z     --- PASS: TestC26ExpansionMustNotRewriteOntoAnotherTree/leading_tilde_spelling (0.00s)
2026-10-10T07:42:24.6145251Z === RUN   TestPathResolverJunctionWindows
2026-10-10T07:42:24.6145680Z --- PASS: TestPathResolverJunctionWindows (0.02s)
2026-10-10T07:42:24.6146140Z === RUN   TestPathResolverShortNameAListDenied
2026-10-10T07:42:24.6148266Z     pathresolver_junction_windows_test.go:135: short name did not expand to long path: got "C:\\Users\\runneradmin\\AppData\\Local\\Temp\\TestPathResolverShortNameAListDenied439913515\\001\\.git-credentials" want "C:\\Users\\RUNNER~1\\AppData\\Local\\Temp\\TestPathResolverShortNameAListDenied439913515\\001\\.git-credentials"
2026-10-10T07:42:24.6150646Z --- FAIL: TestPathResolverShortNameAListDenied (0.01s)
2026-10-10T07:42:24.6151113Z === RUN   TestPathResolverUNCAListDenied
2026-10-10T07:42:24.6153310Z     pathresolver_junction_windows_test.go:164: UNC spelling "\\\\?\\UNC\\localhost\\c$\\Users\\RUNNER~1\\AppData\\Local\\Temp\\TestPathResolverUNCAListDenied3702314258\\001\\.git-credentials" normalized to "C:\\Users\\runneradmin\\AppData\\Local\\Temp\\TestPathResolverUNCAListDenied3702314258\\001\\.git-credentials", want "C:\\Users\\RUNNER~1\\AppData\\Local\\Temp\\TestPathResolverUNCAListDenied3702314258\\001\\.git-credentials"
2026-10-10T07:42:24.6154899Z --- FAIL: TestPathResolverUNCAListDenied (0.01s)
2026-10-10T07:42:24.6155407Z === RUN   TestPathResolverExtendedLengthPrefixAListDenied
2026-10-10T07:42:24.6157270Z     pathresolver_junction_windows_test.go:182: \\?\ spelling normalized to "C:\\Users\\runneradmin\\AppData\\Local\\Temp\\TestPathResolverExtendedLengthPrefixAListDenied2977748093\\001\\.git-credentials", want "C:\\Users\\RUNNER~1\\AppData\\Local\\Temp\\TestPathResolverExtendedLengthPrefixAListDenied2977748093\\001\\.git-credentials"
2026-10-10T07:42:24.6158938Z --- FAIL: TestPathResolverExtendedLengthPrefixAListDenied (0.01s)
2026-10-10T07:42:24.6159481Z === RUN   TestPathResolverCaseAndDotMixDenied
2026-10-10T07:42:24.6159960Z --- PASS: TestPathResolverCaseAndDotMixDenied (0.01s)
2026-10-10T07:42:24.6160463Z === RUN   TestReparseExceptionExplicitPathOnly
2026-10-10T07:42:24.6160990Z --- PASS: TestReparseExceptionExplicitPathOnly (0.05s)
2026-10-10T07:42:24.6161467Z === RUN   TestAListDenyAndUnoverridable
2026-10-10T07:42:24.6161906Z --- PASS: TestAListDenyAndUnoverridable (0.01s)
2026-10-10T07:42:24.6162388Z === RUN   TestBListDefaultDenyAndOverride
2026-10-10T07:42:24.6163545Z     pathresolver_junction_windows_test.go:292: B-list single-file override must allow: {Allow:false NeedL2:true Class:B Reason:B-list sensitive path; single-file override requires one L2 confirm: .env*}
2026-10-10T07:42:24.6164690Z --- FAIL: TestBListDefaultDenyAndOverride (0.01s)
2026-10-10T07:42:24.6164988Z === RUN   TestResolveIdempotent
2026-10-10T07:42:24.6165241Z --- PASS: TestResolveIdempotent (0.01s)
2026-10-10T07:42:24.6165517Z === RUN   TestResolveExpansion
2026-10-10T07:42:24.6165758Z --- PASS: TestResolveExpansion (0.01s)
2026-10-10T07:42:24.6166027Z === RUN   TestC26RewriteAccountIsRecorded
2026-10-10T07:42:24.6166338Z === RUN   TestC26RewriteAccountIsRecorded/percent_env_var
2026-10-10T07:42:24.6166672Z === RUN   TestC26RewriteAccountIsRecorded/dollar_env_var
2026-10-10T07:42:24.6167017Z === RUN   TestC26RewriteAccountIsRecorded/leading_home_tilde
2026-10-10T07:42:24.6167384Z === RUN   TestC26RewriteAccountIsRecorded/clean_absolute_is_not_marked
2026-10-10T07:42:24.6167833Z === RUN   TestC26RewriteAccountIsRecorded/unexpandable_construct_is_not_marked
2026-10-10T07:42:24.6168217Z --- PASS: TestC26RewriteAccountIsRecorded (0.00s)
2026-10-10T07:42:24.6168614Z     --- PASS: TestC26RewriteAccountIsRecorded/percent_env_var (0.00s)
2026-10-10T07:42:24.6169057Z     --- PASS: TestC26RewriteAccountIsRecorded/dollar_env_var (0.00s)
2026-10-10T07:42:24.6169479Z     --- PASS: TestC26RewriteAccountIsRecorded/leading_home_tilde (0.00s)
2026-10-10T07:42:24.6169964Z     --- PASS: TestC26RewriteAccountIsRecorded/clean_absolute_is_not_marked (0.00s)
2026-10-10T07:42:24.6170644Z     --- PASS: TestC26RewriteAccountIsRecorded/unexpandable_construct_is_not_marked (0.00s)
2026-10-10T07:42:24.6171117Z === RUN   TestC26RewrittenSyncRootDoesNotDisarmSuspectNet
2026-10-10T07:42:24.6171506Z --- PASS: TestC26RewrittenSyncRootDoesNotDisarmSuspectNet (0.00s)
2026-10-10T07:42:24.6171886Z === RUN   TestC26RewriteAccountIsConsumedAtEverySecurityLeg
2026-10-10T07:42:24.6172292Z --- PASS: TestC26RewriteAccountIsConsumedAtEverySecurityLeg (0.07s)
2026-10-10T07:42:24.6172699Z === RUN   TestResolveCanonicalIsPlatformShaped
2026-10-10T07:42:24.6173524Z --- PASS: TestResolveCanonicalIsPlatformShaped (0.00s)
2026-10-10T07:42:24.6173876Z === RUN   TestResolveKeepsSeparatorsOutOfPosixNames
2026-10-10T07:42:24.6174723Z --- PASS: TestResolveKeepsSeparatorsOutOfPosixNames (0.00s)
2026-10-10T07:42:24.6175062Z === RUN   TestDoubleSlashSpellingIsNotUNC
2026-10-10T07:42:24.6175345Z --- PASS: TestDoubleSlashSpellingIsNotUNC (0.00s)
2026-10-10T07:42:24.6175650Z === RUN   TestTierAAnchorsMatchNativeSpelling
2026-10-10T07:42:24.6175988Z === RUN   TestTierAAnchorsMatchNativeSpelling/~/.ssh/**
2026-10-10T07:42:24.6176346Z === RUN   TestTierAAnchorsMatchNativeSpelling/~/.ssh/_dir_itself
2026-10-10T07:42:24.6176734Z === RUN   TestTierAAnchorsMatchNativeSpelling/~/.git-credentials
2026-10-10T07:42:24.6177103Z === RUN   TestTierAAnchorsMatchNativeSpelling/~/.aws/credentials
2026-10-10T07:42:24.6177462Z === RUN   TestTierAAnchorsMatchNativeSpelling/~/.kube/config
2026-10-10T07:42:24.6177812Z === RUN   TestTierAAnchorsMatchNativeSpelling/.git/config
2026-10-10T07:42:24.6178187Z === RUN   TestTierAAnchorsMatchNativeSpelling/%APPDATA%\wisp\config.toml
2026-10-10T07:42:24.6178851Z === RUN   TestTierAAnchorsMatchNativeSpelling/%APPDATA%\Microsoft\Protect\**
2026-10-10T07:42:24.6179521Z === RUN   TestTierAAnchorsMatchNativeSpelling/%LOCALAPPDATA%\Microsoft\Credentials\**
2026-10-10T07:42:24.6180198Z === RUN   TestTierAAnchorsMatchNativeSpelling/browser_credential_store
2026-10-10T07:42:24.6180768Z --- PASS: TestTierAAnchorsMatchNativeSpelling (0.01s)
2026-10-10T07:42:24.6181322Z     --- PASS: TestTierAAnchorsMatchNativeSpelling/~/.ssh/** (0.00s)
2026-10-10T07:42:24.6181979Z     --- PASS: TestTierAAnchorsMatchNativeSpelling/~/.ssh/_dir_itself (0.00s)
2026-10-10T07:42:24.6182671Z     --- PASS: TestTierAAnchorsMatchNativeSpelling/~/.git-credentials (0.00s)
2026-10-10T07:42:24.6183342Z     --- PASS: TestTierAAnchorsMatchNativeSpelling/~/.aws/credentials (0.00s)
2026-10-10T07:42:24.6184363Z     --- PASS: TestTierAAnchorsMatchNativeSpelling/~/.kube/config (0.00s)
2026-10-10T07:42:24.6185038Z     --- PASS: TestTierAAnchorsMatchNativeSpelling/.git/config (0.00s)
2026-10-10T07:42:24.6185825Z     --- PASS: TestTierAAnchorsMatchNativeSpelling/%APPDATA%\wisp\config.toml (0.00s)
2026-10-10T07:42:24.6186679Z     --- PASS: TestTierAAnchorsMatchNativeSpelling/%APPDATA%\Microsoft\Protect\** (0.00s)
2026-10-10T07:42:24.6187571Z     --- PASS: TestTierAAnchorsMatchNativeSpelling/%LOCALAPPDATA%\Microsoft\Credentials\** (0.00s)
2026-10-10T07:42:24.6188472Z     --- PASS: TestTierAAnchorsMatchNativeSpelling/browser_credential_store (0.00s)
2026-10-10T07:42:24.6189110Z === RUN   TestOverrideKeyKeepsPosixBackslashesDistinct
2026-10-10T07:42:24.6189679Z --- PASS: TestOverrideKeyKeepsPosixBackslashesDistinct (0.00s)
2026-10-10T07:42:24.6190193Z === RUN   TestSyncAncestorWalkVerifiesNativeChain
2026-10-10T07:42:24.6190651Z --- PASS: TestSyncAncestorWalkVerifiesNativeChain (0.00s)
2026-10-10T07:42:24.6191261Z === RUN   TestPointer183RefereeTwinFragmentOutsideSpanStaysExempted
2026-10-10T07:42:24.6191687Z --- PASS: TestPointer183RefereeTwinFragmentOutsideSpanStaysExempted (0.00s)
2026-10-10T07:42:24.6192142Z === RUN   TestPointer183RefereeControlBodyWithoutTwinIsClean
2026-10-10T07:42:24.6192549Z --- PASS: TestPointer183RefereeControlBodyWithoutTwinIsClean (0.00s)
2026-10-10T07:42:24.6192955Z === RUN   TestPointer183PathAppearingTwiceInBodyStaysExempted
2026-10-10T07:42:24.6193371Z --- PASS: TestPointer183PathAppearingTwiceInBodyStaysExempted (0.00s)
2026-10-10T07:42:24.6193741Z === RUN   TestPointer183BodySecretOutsideSpanStillHits
2026-10-10T07:42:24.6194111Z --- PASS: TestPointer183BodySecretOutsideSpanStillHits (0.00s)
2026-10-10T07:42:24.6194475Z === RUN   TestPointer183ForeignMarkCarryingSamePathStillHits
2026-10-10T07:42:24.6194860Z --- PASS: TestPointer183ForeignMarkCarryingSamePathStillHits (0.00s)
2026-10-10T07:42:24.6195249Z === RUN   TestPointer183AlmostPathInSameHostMarkStillHits
2026-10-10T07:42:24.6195807Z --- PASS: TestPointer183AlmostPathInSameHostMarkStillHits (0.00s)
2026-10-10T07:42:24.6196211Z === RUN   TestPointer183WorstCaseOfTheLandedExemptionIsPinned
2026-10-10T07:42:24.6197169Z --- PASS: TestPointer183WorstCaseOfTheLandedExemptionIsPinned (0.00s)
2026-10-10T07:42:24.6197572Z === RUN   TestPointer183DeclaredPathAbsentFromBodyStillHits
2026-10-10T07:42:24.6197976Z --- PASS: TestPointer183DeclaredPathAbsentFromBodyStillHits (0.00s)
2026-10-10T07:42:24.6198364Z === RUN   TestPointer185SecondRereadOfAHostArtifactIsClean
2026-10-10T07:42:24.6198767Z --- PASS: TestPointer185SecondRereadOfAHostArtifactIsClean (0.00s)
2026-10-10T07:42:24.6199235Z === RUN   TestPointer185TheReadBackBodyIsWhatBlocksTheRereadWhenNothingDeclaredIt
2026-10-10T07:42:24.6199789Z --- PASS: TestPointer185TheReadBackBodyIsWhatBlocksTheRereadWhenNothingDeclaredIt (0.00s)
2026-10-10T07:42:24.6200263Z === RUN   TestPointer185AModelNominatedFileIsNotOnTheRoster
2026-10-10T07:42:24.6200641Z --- PASS: TestPointer185AModelNominatedFileIsNotOnTheRoster (0.00s)
2026-10-10T07:42:24.6201076Z === RUN   TestPointer185ForeignContentCarryingTheHostPathStillHits
2026-10-10T07:42:24.6201710Z --- PASS: TestPointer185ForeignContentCarryingTheHostPathStillHits (0.00s)
2026-10-10T07:42:24.6202283Z === RUN   TestPointer185RosterDoesNotCrossScopeIDs
2026-10-10T07:42:24.6202760Z --- PASS: TestPointer185RosterDoesNotCrossScopeIDs (0.00s)
2026-10-10T07:42:24.6203255Z === RUN   TestPointer185RosterDiesWithTheMarksItWasDerivedFrom
2026-10-10T07:42:24.6203679Z --- PASS: TestPointer185RosterDiesWithTheMarksItWasDerivedFrom (0.00s)
2026-10-10T07:42:24.6204092Z === RUN   TestPointer185SiblingArtifactInSameDirectoryStillHits
2026-10-10T07:42:24.6204852Z --- PASS: TestPointer185SiblingArtifactInSameDirectoryStillHits (0.00s)
2026-10-10T07:42:24.6205360Z === RUN   TestPointer185OneRuneDifferentPathStillHits
2026-10-10T07:42:24.6205894Z --- PASS: TestPointer185OneRuneDifferentPathStillHits (0.00s)
2026-10-10T07:42:24.6206461Z === RUN   TestPointer185SameBasenameOtherDirectoryStillHits
2026-10-10T07:42:24.6207057Z --- PASS: TestPointer185SameBasenameOtherDirectoryStillHits (0.00s)
2026-10-10T07:42:24.6207710Z === RUN   TestPointer185CostFaceOfTheRosterIsPinnedAndNarrowerThanTheSpan
2026-10-10T07:42:24.6208325Z --- PASS: TestPointer185CostFaceOfTheRosterIsPinnedAndNarrowerThanTheSpan (0.01s)
2026-10-10T07:42:24.6208750Z === RUN   TestExfilSyncWriteWindowsSpellingInvariant
2026-10-10T07:42:24.6209165Z === RUN   TestExfilSyncWriteWindowsSpellingInvariant/sync_root,_native_spelling
2026-10-10T07:42:24.6209662Z === RUN   TestExfilSyncWriteWindowsSpellingInvariant/sync_root,_all-forward-slash
2026-10-10T07:42:24.6210173Z === RUN   TestExfilSyncWriteWindowsSpellingInvariant/sync_root,_both_separators_at_once
2026-10-10T07:42:24.6210736Z === RUN   TestExfilSyncWriteWindowsSpellingInvariant/sync_root,_forward_slash_under_a_backslash_parent
2026-10-10T07:42:24.6211288Z === RUN   TestExfilSyncWriteWindowsSpellingInvariant/plain_dir,_native_spelling
2026-10-10T07:42:24.6211792Z === RUN   TestExfilSyncWriteWindowsSpellingInvariant/plain_dir,_all-forward-slash
2026-10-10T07:42:24.6212287Z === RUN   TestExfilSyncWriteWindowsSpellingInvariant/plain_dir,_both_separators_at_once
2026-10-10T07:42:24.6212758Z --- PASS: TestExfilSyncWriteWindowsSpellingInvariant (0.01s)
2026-10-10T07:42:24.6213249Z     --- PASS: TestExfilSyncWriteWindowsSpellingInvariant/sync_root,_native_spelling (0.00s)
2026-10-10T07:42:24.6213825Z     --- PASS: TestExfilSyncWriteWindowsSpellingInvariant/sync_root,_all-forward-slash (0.00s)
2026-10-10T07:42:24.6214454Z     --- PASS: TestExfilSyncWriteWindowsSpellingInvariant/sync_root,_both_separators_at_once (0.00s)
2026-10-10T07:42:24.6215125Z     --- PASS: TestExfilSyncWriteWindowsSpellingInvariant/sync_root,_forward_slash_under_a_backslash_parent (0.00s)
2026-10-10T07:42:24.6215774Z     --- PASS: TestExfilSyncWriteWindowsSpellingInvariant/plain_dir,_native_spelling (0.00s)
2026-10-10T07:42:24.6216530Z     --- PASS: TestExfilSyncWriteWindowsSpellingInvariant/plain_dir,_all-forward-slash (0.00s)
2026-10-10T07:42:24.6217163Z     --- PASS: TestExfilSyncWriteWindowsSpellingInvariant/plain_dir,_both_separators_at_once (0.00s)
2026-10-10T07:42:24.6217672Z === RUN   TestMarkInspectSourceAttribution
2026-10-10T07:42:24.6217975Z --- PASS: TestMarkInspectSourceAttribution (0.00s)
2026-10-10T07:42:24.6218287Z === RUN   TestMarkNegativeNoTaintNoHit
2026-10-10T07:42:24.6218560Z --- PASS: TestMarkNegativeNoTaintNoHit (0.00s)
2026-10-10T07:42:24.6218859Z === RUN   TestMarkEmptyAfterNormalization
2026-10-10T07:42:24.6219139Z --- PASS: TestMarkEmptyAfterNormalization (0.00s)
2026-10-10T07:42:24.6219422Z === RUN   TestMarkUnknownSourceToolFailClosed
2026-10-10T07:42:24.6219745Z --- PASS: TestMarkUnknownSourceToolFailClosed (0.00s)
2026-10-10T07:42:24.6220029Z === RUN   TestSensitiveSourceSetComplete
2026-10-10T07:42:24.6220308Z --- PASS: TestSensitiveSourceSetComplete (0.00s)
2026-10-10T07:42:24.6220557Z === RUN   TestFourChannelExfilSuite
2026-10-10T07:42:24.6220817Z === RUN   TestFourChannelExfilSuite/web.search_query
2026-10-10T07:42:24.6221104Z === RUN   TestFourChannelExfilSuite/notify_text
2026-10-10T07:42:24.6221363Z === RUN   TestFourChannelExfilSuite/notify_url
2026-10-10T07:42:24.6221639Z === RUN   TestFourChannelExfilSuite/clipboard.write
2026-10-10T07:42:24.6221939Z === RUN   TestFourChannelExfilSuite/fs.write_into_sync_dir
2026-10-10T07:42:24.6222222Z --- PASS: TestFourChannelExfilSuite (0.00s)
2026-10-10T07:42:24.6222570Z     --- PASS: TestFourChannelExfilSuite/web.search_query (0.00s)
2026-10-10T07:42:24.6222935Z     --- PASS: TestFourChannelExfilSuite/notify_text (0.00s)
2026-10-10T07:42:24.6223281Z     --- PASS: TestFourChannelExfilSuite/notify_url (0.00s)
2026-10-10T07:42:24.6223663Z     --- PASS: TestFourChannelExfilSuite/clipboard.write (0.00s)
2026-10-10T07:42:24.6224061Z     --- PASS: TestFourChannelExfilSuite/fs.write_into_sync_dir (0.00s)
2026-10-10T07:42:24.6224711Z === RUN   TestR4EndToEndViaAssessor
2026-10-10T07:42:24.6224985Z --- PASS: TestR4EndToEndViaAssessor (0.00s)
2026-10-10T07:42:24.6225236Z === RUN   TestSyncWriteNegative
2026-10-10T07:42:24.6225487Z --- PASS: TestSyncWriteNegative (0.00s)
2026-10-10T07:42:24.6225759Z === RUN   TestDetectorUnknownToolScansEverything
2026-10-10T07:42:24.6226092Z --- PASS: TestDetectorUnknownToolScansEverything (0.01s)
2026-10-10T07:42:24.6226377Z === RUN   TestScopesNeverInherit
2026-10-10T07:42:24.6226620Z --- PASS: TestScopesNeverInherit (0.00s)
2026-10-10T07:42:24.6226885Z === RUN   TestDisposalScopeClearsTaints
2026-10-10T07:42:24.6227396Z time=2026-10-10T07:42:06.515Z level=INFO msg="scope disposed" scope=session-1 completed=1 failed=0 disposal_incomplete=false timed_out=false
2026-10-10T07:42:24.6227934Z --- PASS: TestDisposalScopeClearsTaints (0.01s)
2026-10-10T07:42:24.6228226Z === RUN   TestInspectUnknownScopeIsEmptyStore
2026-10-10T07:42:24.6228535Z --- PASS: TestInspectUnknownScopeIsEmptyStore (0.00s)
2026-10-10T07:42:24.6228839Z === RUN   TestNamedChannelParamEscape
2026-10-10T07:42:24.6229172Z === RUN   TestNamedChannelParamEscape/table_key_still_gets_its_contract_label
2026-10-10T07:42:24.6229562Z === RUN   TestNamedChannelParamEscape/renamed_query_key
2026-10-10T07:42:24.6229864Z === RUN   TestNamedChannelParamEscape/abbreviated_key
2026-10-10T07:42:24.6230219Z === RUN   TestNamedChannelParamEscape/harmless_table_key,_tainted_extra_key
2026-10-10T07:42:24.6230619Z === RUN   TestNamedChannelParamEscape/payload_under_another_name
2026-10-10T07:42:24.6230965Z === RUN   TestNamedChannelParamEscape/nested_object_payload
2026-10-10T07:42:24.6231287Z === RUN   TestNamedChannelParamEscape/array_payload
2026-10-10T07:42:24.6231645Z === RUN   TestNamedChannelParamEscape/[]string_payload
2026-10-10T07:42:24.6232073Z === RUN   TestNamedChannelParamEscape/byte_payload
2026-10-10T07:42:24.6232420Z === RUN   TestNamedChannelParamEscape/deep_map_under_an_unknown_key
2026-10-10T07:42:24.6232754Z --- PASS: TestNamedChannelParamEscape (0.00s)
2026-10-10T07:42:24.6233306Z     --- PASS: TestNamedChannelParamEscape/table_key_still_gets_its_contract_label (0.00s)
2026-10-10T07:42:24.6233787Z     --- PASS: TestNamedChannelParamEscape/renamed_query_key (0.00s)
2026-10-10T07:42:24.6234263Z     --- PASS: TestNamedChannelParamEscape/abbreviated_key (0.00s)
2026-10-10T07:42:24.6234732Z     --- PASS: TestNamedChannelParamEscape/harmless_table_key,_tainted_extra_key (0.00s)
2026-10-10T07:42:24.6235224Z     --- PASS: TestNamedChannelParamEscape/payload_under_another_name (0.00s)
2026-10-10T07:42:24.6235689Z     --- PASS: TestNamedChannelParamEscape/nested_object_payload (0.00s)
2026-10-10T07:42:24.6236090Z     --- PASS: TestNamedChannelParamEscape/array_payload (0.00s)
2026-10-10T07:42:24.6236490Z     --- PASS: TestNamedChannelParamEscape/[]string_payload (0.00s)
2026-10-10T07:42:24.6236888Z     --- PASS: TestNamedChannelParamEscape/byte_payload (0.00s)
2026-10-10T07:42:24.6237315Z     --- PASS: TestNamedChannelParamEscape/deep_map_under_an_unknown_key (0.00s)
2026-10-10T07:42:24.6237694Z === RUN   TestWriteGateNotSelectedByPayloadKey
2026-10-10T07:42:24.6238008Z --- PASS: TestWriteGateNotSelectedByPayloadKey (0.02s)
2026-10-10T07:42:24.6238325Z === RUN   TestWriteGatePlainLocalWriteNotFlagged
2026-10-10T07:42:24.6238659Z --- PASS: TestWriteGatePlainLocalWriteNotFlagged (0.04s)
2026-10-10T07:42:24.6238972Z === RUN   TestWriteGateEveryPathTargetJudged
2026-10-10T07:42:24.6239322Z === RUN   TestWriteGateEveryPathTargetJudged/decoy_path_+_real_dest
2026-10-10T07:42:24.6239680Z === RUN   TestWriteGateEveryPathTargetJudged/reversed_order
2026-10-10T07:42:24.6240060Z === RUN   TestWriteGateEveryPathTargetJudged/file+destination,_no_tool_name
2026-10-10T07:42:24.6240558Z === RUN   TestWriteGateEveryPathTargetJudged/three-way:_path+dest_non-sync,_file_in_sync_root
2026-10-10T07:42:24.6241085Z === RUN   TestWriteGateEveryPathTargetJudged/single_sync_dest_only
2026-10-10T07:42:24.6241752Z === RUN   TestWriteGateEveryPathTargetJudged/casing_decoy:_Path_hides_the_sync_target_from_an_exact-match_scan
2026-10-10T07:42:24.6242551Z === RUN   TestWriteGateEveryPathTargetJudged/path-shaped_key_with_no_checkable_value
2026-10-10T07:42:24.6243094Z --- PASS: TestWriteGateEveryPathTargetJudged (0.02s)
2026-10-10T07:42:24.6243706Z     --- PASS: TestWriteGateEveryPathTargetJudged/decoy_path_+_real_dest (0.00s)
2026-10-10T07:42:24.6244376Z     --- PASS: TestWriteGateEveryPathTargetJudged/reversed_order (0.00s)
2026-10-10T07:42:24.6245349Z     --- PASS: TestWriteGateEveryPathTargetJudged/file+destination,_no_tool_name (0.00s)
2026-10-10T07:42:24.6245968Z     --- PASS: TestWriteGateEveryPathTargetJudged/three-way:_path+dest_non-sync,_file_in_sync_root (0.00s)
2026-10-10T07:42:24.6246516Z     --- PASS: TestWriteGateEveryPathTargetJudged/single_sync_dest_only (0.00s)
2026-10-10T07:42:24.6247216Z     --- PASS: TestWriteGateEveryPathTargetJudged/casing_decoy:_Path_hides_the_sync_target_from_an_exact-match_scan (0.00s)
2026-10-10T07:42:24.6247962Z     --- PASS: TestWriteGateEveryPathTargetJudged/path-shaped_key_with_no_checkable_value (0.00s)
2026-10-10T07:42:24.6248411Z === RUN   TestWriteGateAllPathsNonSyncStaysExempt
2026-10-10T07:42:24.6248742Z --- PASS: TestWriteGateAllPathsNonSyncStaysExempt (0.06s)
2026-10-10T07:42:24.6249073Z === RUN   TestDeepNestingFailsClosedNotSilent
2026-10-10T07:42:24.6249373Z --- PASS: TestDeepNestingFailsClosedNotSilent (0.06s)
2026-10-10T07:42:24.6249660Z === RUN   TestNormalizationEndToEnd
2026-10-10T07:42:24.6249928Z === RUN   TestNormalizationEndToEnd/soft-hyphen
2026-10-10T07:42:24.6250215Z === RUN   TestNormalizationEndToEnd/bom/word-joiner
2026-10-10T07:42:24.6250505Z === RUN   TestNormalizationEndToEnd/combining_mark
2026-10-10T07:42:24.6250800Z === RUN   TestNormalizationEndToEnd/lowercase
2026-10-10T07:42:24.6251084Z === RUN   TestNormalizationEndToEnd/whitespace_split
2026-10-10T07:42:24.6251382Z === RUN   TestNormalizationEndToEnd/full-width
2026-10-10T07:42:24.6251671Z === RUN   TestNormalizationEndToEnd/zero-width_split
2026-10-10T07:42:24.6252120Z --- PASS: TestNormalizationEndToEnd (0.00s)
2026-10-10T07:42:24.6252482Z     --- PASS: TestNormalizationEndToEnd/soft-hyphen (0.00s)
2026-10-10T07:42:24.6252863Z     --- PASS: TestNormalizationEndToEnd/bom/word-joiner (0.00s)
2026-10-10T07:42:24.6253339Z     --- PASS: TestNormalizationEndToEnd/combining_mark (0.00s)
2026-10-10T07:42:24.6253697Z     --- PASS: TestNormalizationEndToEnd/lowercase (0.00s)
2026-10-10T07:42:24.6254062Z     --- PASS: TestNormalizationEndToEnd/whitespace_split (0.00s)
2026-10-10T07:42:24.6254438Z     --- PASS: TestNormalizationEndToEnd/full-width (0.00s)
2026-10-10T07:42:24.6254801Z     --- PASS: TestNormalizationEndToEnd/zero-width_split (0.00s)
2026-10-10T07:42:24.6255144Z === RUN   TestFragmentThresholdClampedToContractFloor
2026-10-10T07:42:24.6255492Z --- PASS: TestFragmentThresholdClampedToContractFloor (0.00s)
2026-10-10T07:42:24.6255827Z === RUN   TestFragmentThresholdStricterAllowed
2026-10-10T07:42:24.6256151Z --- PASS: TestFragmentThresholdStricterAllowed (0.00s)
2026-10-10T07:42:24.6256457Z === RUN   TestResidualLimitsAreLoggedNotSilent
2026-10-10T07:42:24.6256809Z --- PASS: TestResidualLimitsAreLoggedNotSilent (0.00s)
2026-10-10T07:42:24.6257300Z === RUN   TestConcurrentMarkInspect
2026-10-10T07:42:24.6257550Z --- PASS: TestConcurrentMarkInspect (0.01s)
2026-10-10T07:42:24.6257823Z === RUN   TestLLMParaphraseResidual
2026-10-10T07:42:24.6258067Z --- PASS: TestLLMParaphraseResidual (0.00s)
2026-10-10T07:42:24.6258369Z === RUN   TestScopeCloseRefusesAnotherOwnersRegistration
2026-10-10T07:42:24.6258754Z --- PASS: TestScopeCloseRefusesAnotherOwnersRegistration (0.00s)
2026-10-10T07:42:24.6259143Z === RUN   TestScopeCloseRefusedOnEmptyRegistrationIsStillVisible
2026-10-10T07:42:24.6259575Z --- PASS: TestScopeCloseRefusedOnEmptyRegistrationIsStillVisible (0.01s)
2026-10-10T07:42:24.6259926Z === RUN   TestScopeCloseIsIdempotent
2026-10-10T07:42:24.6260186Z --- PASS: TestScopeCloseIsIdempotent (0.00s)
2026-10-10T07:42:24.6260461Z === RUN   TestScopeIDGrantsNoPower
2026-10-10T07:42:24.6260713Z --- PASS: TestScopeIDGrantsNoPower (0.00s)
2026-10-10T07:42:24.6260974Z === RUN   TestRuleDeclaredR1
2026-10-10T07:42:24.6261205Z --- PASS: TestRuleDeclaredR1 (0.00s)
2026-10-10T07:42:24.6261441Z === RUN   TestRulePathAllowlistR2
2026-10-10T07:42:24.6262829Z --- PASS: TestRulePathAllowlistR2 (0.00s)
2026-10-10T07:42:24.6263216Z === RUN   TestRuleSensitivePathR3
2026-10-10T07:42:24.6263608Z --- PASS: TestRuleSensitivePathR3 (0.00s)
2026-10-10T07:42:24.6264021Z === RUN   TestRuleTaintR4
2026-10-10T07:42:24.6264358Z --- PASS: TestRuleTaintR4 (0.00s)
2026-10-10T07:42:24.6264736Z === RUN   TestRuleNetworkR5
2026-10-10T07:42:24.6265083Z --- PASS: TestRuleNetworkR5 (0.00s)
2026-10-10T07:42:24.6265454Z === RUN   TestRuleShellR6
2026-10-10T07:42:24.6265817Z --- PASS: TestRuleShellR6 (0.00s)
2026-10-10T07:42:24.6266174Z === RUN   TestRuleBatchScaleR7
2026-10-10T07:42:24.6266530Z --- PASS: TestRuleBatchScaleR7 (0.00s)
2026-10-10T07:42:24.6266862Z === RUN   TestRuleIrreversibleR8
2026-10-10T07:42:24.6267203Z --- PASS: TestRuleIrreversibleR8 (0.00s)
2026-10-10T07:42:24.6267629Z === RUN   TestShapeAHostReReadOfDeclaredPathIsClean
2026-10-10T07:42:24.6268147Z --- PASS: TestShapeAHostReReadOfDeclaredPathIsClean (0.02s)
2026-10-10T07:42:24.6268646Z === RUN   TestShapeAW1RestOfHostMarkStillIndexed
2026-10-10T07:42:24.6269151Z --- PASS: TestShapeAW1RestOfHostMarkStillIndexed (0.00s)
2026-10-10T07:42:24.6269696Z === RUN   TestShapeAW2ForeignMarkCarryingSamePathStillHits
2026-10-10T07:42:24.6270279Z --- PASS: TestShapeAW2ForeignMarkCarryingSamePathStillHits (0.00s)
2026-10-10T07:42:24.6270869Z === RUN   TestShapeAW3NeverMintedSiblingUnderSameDirStillHits
2026-10-10T07:42:24.6271464Z --- PASS: TestShapeAW3NeverMintedSiblingUnderSameDirStillHits (0.00s)
2026-10-10T07:42:24.6272066Z === RUN   TestShapeAW4PositionalExclusionNeverLeavesHostMark
2026-10-10T07:42:24.6272658Z --- PASS: TestShapeAW4PositionalExclusionNeverLeavesHostMark (0.00s)
2026-10-10T07:42:24.6273463Z === RUN   TestShapeAFExclusionDiesWithScopeClose
2026-10-10T07:42:24.6273942Z --- PASS: TestShapeAFExclusionDiesWithScopeClose (0.00s)
2026-10-10T07:42:24.6274425Z === RUN   TestShapeAW5EmptyCheckPrecedesExclusion
2026-10-10T07:42:24.6275052Z --- PASS: TestShapeAW5EmptyCheckPrecedesExclusion (0.00s)
2026-10-10T07:42:24.6275610Z === RUN   TestShapeAOrderOneSpanLocatedAfterNormalization
2026-10-10T07:42:24.6276238Z --- PASS: TestShapeAOrderOneSpanLocatedAfterNormalization (0.00s)
2026-10-10T07:42:24.6276890Z === RUN   TestSyncAncestorActableLegFailsClosedOnMovedAncestor116
2026-10-10T07:42:24.6278277Z     syncdirs_ancestor_actable_leg_116_test.go:218: raw="C:\\Users\\RUNNER~1\\AppData\\Local\\Temp\\TestSyncAncestorActableLegFailsClosedOnMovedAncestor1161843822964\\001\\%WISP116ANC\\\\B%\\new.md"
2026-10-10T07:42:24.6280063Z          anc="C:\\Users\\RUNNER~1\\AppData\\Local\\Temp\\TestSyncAncestorActableLegFailsClosedOnMovedAncestor1161843822964\\001\\%WISP116ANC\\B%"
2026-10-10T07:42:24.6281605Z          moved="C:\\Users\\RUNNER~1\\AppData\\Local\\Temp\\TestSyncAncestorActableLegFailsClosedOnMovedAncestor1161843822964\\wisp116-escape"
2026-10-10T07:42:24.6285106Z         verdict: Sync=true Root={Provider:sync-suspect Path: Source:suspect-fallback} Why="write target spelling could not be anchored on a C26-verifiable ancestor (8.3/\\\\?\\/missing chain); fail-closed as sync-suspect: risk: expansion moved this path onto a tree the caller did not name: C:\\Users\\RUNNER~1\\AppData\\Local\\Temp\\TestSyncAncestorActableLegFailsClosedOnMovedAncestor1161843822964\\001\\%WISP116ANC\\B% expands to C:\\Users\\runneradmin\\AppData\\Local\\Temp\\TestSyncAncestorActableLegFailsClosedOnMovedAncestor1161843822964\\wisp116-escape (env); act on the expanded tree only if you asked for it by name"
2026-10-10T07:42:24.6287087Z --- PASS: TestSyncAncestorActableLegFailsClosedOnMovedAncestor116 (0.25s)
2026-10-10T07:42:24.6287543Z === RUN   TestSyncFirstActableLegStillRefusesEnvRewriteAtVerdict116
2026-10-10T07:42:24.6287998Z --- PASS: TestSyncFirstActableLegStillRefusesEnvRewriteAtVerdict116 (0.00s)
2026-10-10T07:42:24.6288468Z === RUN   TestSyncFirstActableLegStillRefusesHomeRewriteAtVerdict116
2026-10-10T07:42:24.6288916Z --- PASS: TestSyncFirstActableLegStillRefusesHomeRewriteAtVerdict116 (0.03s)
2026-10-10T07:42:24.6289363Z === RUN   TestSyncAncestorLegStillMatchesPlainSameTreeWrite116
2026-10-10T07:42:24.6289767Z --- PASS: TestSyncAncestorLegStillMatchesPlainSameTreeWrite116 (0.11s)
2026-10-10T07:42:24.6290186Z === RUN   TestSyncAncestorLegReResolvesThroughJunctionToRealTree
2026-10-10T07:42:24.6290609Z --- PASS: TestSyncAncestorLegReResolvesThroughJunctionToRealTree (0.13s)
2026-10-10T07:42:24.6291005Z === RUN   TestSyncAncestorLegNotExemptedStaysFailClosed
2026-10-10T07:42:24.6291384Z --- PASS: TestSyncAncestorLegNotExemptedStaysFailClosed (0.06s)
2026-10-10T07:42:24.6291773Z === RUN   TestSyncRedTeamNewFileSpellingsDeniedAndLandNoBytes
2026-10-10T07:42:24.6293077Z     syncdirs_redteam_windows_test.go:85: sync root long  = C:\Users\RUNNER~1\AppData\Local\Temp\TestSyncRedTeamNewFileSpellingsDeniedAndLandNoBytes3125725354\001\profile\OneDrive Copilot Sync
2026-10-10T07:42:24.6294154Z     syncdirs_redteam_windows_test.go:86: sync root 8.3   = C:\Users\RUNNER~1\AppData\Local\Temp\TESTSY~1\001\profile\ONEDRI~1
2026-10-10T07:42:24.6294722Z === RUN   TestSyncRedTeamNewFileSpellingsDeniedAndLandNoBytes/plain_long_spelling
2026-10-10T07:42:24.6295293Z === RUN   TestSyncRedTeamNewFileSpellingsDeniedAndLandNoBytes/extended-length_\\?\_spelling
2026-10-10T07:42:24.6296121Z === RUN   TestSyncRedTeamNewFileSpellingsDeniedAndLandNoBytes/OS_8.3_short-name_spelling
2026-10-10T07:42:24.6296888Z === RUN   TestSyncRedTeamNewFileSpellingsDeniedAndLandNoBytes/8.3_+_\\?\_combined
2026-10-10T07:42:24.6297649Z --- PASS: TestSyncRedTeamNewFileSpellingsDeniedAndLandNoBytes (0.01s)
2026-10-10T07:42:24.6298476Z     --- PASS: TestSyncRedTeamNewFileSpellingsDeniedAndLandNoBytes/plain_long_spelling (0.00s)
2026-10-10T07:42:24.6299726Z     --- PASS: TestSyncRedTeamNewFileSpellingsDeniedAndLandNoBytes/extended-length_\\?\_spelling (0.00s)
2026-10-10T07:42:24.6300777Z     --- PASS: TestSyncRedTeamNewFileSpellingsDeniedAndLandNoBytes/OS_8.3_short-name_spelling (0.00s)
2026-10-10T07:42:24.6301895Z     --- PASS: TestSyncRedTeamNewFileSpellingsDeniedAndLandNoBytes/8.3_+_\\?\_combined (0.00s)
2026-10-10T07:42:24.6302820Z === RUN   TestSyncRedTeamGuardPlainNewFileWriteAllowed
2026-10-10T07:42:24.6303694Z     syncdirs_redteam_windows_test.go:152: non-sync dir 8.3 = C:\Users\RUNNER~1\AppData\Local\Temp\TESTSY~1\001\profile\work
2026-10-10T07:42:24.6304440Z --- PASS: TestSyncRedTeamGuardPlainNewFileWriteAllowed (0.01s)
2026-10-10T07:42:24.6304958Z === RUN   TestSyncRedTeamUnverifiableChainFailClosed
2026-10-10T07:42:24.6305465Z --- PASS: TestSyncRedTeamUnverifiableChainFailClosed (1.27s)
2026-10-10T07:42:24.6305946Z === RUN   TestSyncRedTeamRealOneDrive
2026-10-10T07:42:24.6306596Z     syncdirs_redteam_windows_test.go:220: no live sync root on this machine (detected roots: [])
2026-10-10T07:42:24.6307192Z --- SKIP: TestSyncRedTeamRealOneDrive (0.00s)
2026-10-10T07:42:24.6307350Z === RUN   TestSyncDefaultLocationProbe
2026-10-10T07:42:24.6307512Z --- PASS: TestSyncDefaultLocationProbe (0.01s)
2026-10-10T07:42:24.6307664Z === RUN   TestSyncDropboxHostDBConfig
2026-10-10T07:42:24.6307840Z --- PASS: TestSyncDropboxHostDBConfig (0.01s)
2026-10-10T07:42:24.6307989Z === RUN   TestSyncFixtureFallbackAndMatch
2026-10-10T07:42:24.6308246Z     syncdirs_test.go:162: write under fixture root must be sync
2026-10-10T07:42:24.6308441Z --- FAIL: TestSyncFixtureFallbackAndMatch (0.01s)
2026-10-10T07:42:24.6308628Z === RUN   TestSyncFallbackNotDisarmableByWeakRoot
2026-10-10T07:42:24.6308960Z     syncdirs_test.go:213: source "default": under-profile fallback must stay armed
2026-10-10T07:42:24.6309312Z     syncdirs_test.go:213: source "fixture": under-profile fallback must stay armed
2026-10-10T07:42:24.6309669Z     syncdirs_test.go:213: source "options": under-profile fallback must stay armed
2026-10-10T07:42:24.6309995Z     syncdirs_test.go:213: source "": under-profile fallback must stay armed
2026-10-10T07:42:24.6310208Z --- FAIL: TestSyncFallbackNotDisarmableByWeakRoot (0.01s)
2026-10-10T07:42:24.6310383Z === RUN   TestSyncUnverifiedRootKeepsFallback
2026-10-10T07:42:24.6310646Z     syncdirs_test.go:233: suspect fallback must stay armed
2026-10-10T07:42:24.6310857Z --- FAIL: TestSyncUnverifiedRootKeepsFallback (0.01s)
2026-10-10T07:42:24.6310997Z === RUN   TestSyncEnvConfiguredRoots
2026-10-10T07:42:24.6311175Z --- PASS: TestSyncEnvConfiguredRoots (0.02s)
2026-10-10T07:42:24.6311324Z === RUN   TestSyncRegistryProbeTable
2026-10-10T07:42:24.6311535Z === RUN   TestSyncRegistryProbeTable/empty_hive_yields_nothing
2026-10-10T07:42:24.6311861Z === RUN   TestSyncRegistryProbeTable/personal_+_business_accounts,_decoys_ignored
2026-10-10T07:42:24.6312081Z === RUN   TestSyncRegistryProbeTable/duplicate_accounts_dedupe
2026-10-10T07:42:24.6312298Z === RUN   TestSyncRegistryProbeTable/dropbox_installer_path
2026-10-10T07:42:24.6312462Z --- PASS: TestSyncRegistryProbeTable (0.00s)
2026-10-10T07:42:24.6312775Z     --- PASS: TestSyncRegistryProbeTable/empty_hive_yields_nothing (0.00s)
2026-10-10T07:42:24.6313219Z     --- PASS: TestSyncRegistryProbeTable/personal_+_business_accounts,_decoys_ignored (0.00s)
2026-10-10T07:42:24.6313536Z     --- PASS: TestSyncRegistryProbeTable/duplicate_accounts_dedupe (0.00s)
2026-10-10T07:42:24.6313852Z     --- PASS: TestSyncRegistryProbeTable/dropbox_installer_path (0.00s)
2026-10-10T07:42:24.6314052Z === RUN   TestSyncSuspectFallbackIsComponentBounded
2026-10-10T07:42:24.6314307Z     syncdirs_test.go:355: under-profile must be suspect
2026-10-10T07:42:24.6314530Z --- FAIL: TestSyncSuspectFallbackIsComponentBounded (0.01s)
2026-10-10T07:42:24.6314710Z === RUN   TestSyncNormalNewFileWriteNotFlagged
2026-10-10T07:42:24.6314923Z --- PASS: TestSyncNormalNewFileWriteNotFlagged (0.02s)
2026-10-10T07:42:24.6315333Z === RUN   TestSyncSuspectFallbackWhenUndetectable
2026-10-10T07:42:24.6316076Z     syncdirs_test.go:402: under-profile path must be sync-suspect, got {Sync:false Root:{Provider: Path: Source:} Why:write target is not under any sync root}
2026-10-10T07:42:24.6316412Z --- FAIL: TestSyncSuspectFallbackWhenUndetectable (0.01s)
2026-10-10T07:42:24.6316582Z === RUN   TestSyncUnresolvablePathFailClosed
2026-10-10T07:42:24.6316760Z --- PASS: TestSyncUnresolvablePathFailClosed (0.00s)
2026-10-10T07:42:24.6316914Z === RUN   TestSyncDotDotTailFailsClosed
2026-10-10T07:42:24.6317091Z --- PASS: TestSyncDotDotTailFailsClosed (0.00s)
2026-10-10T07:42:24.6317234Z === RUN   TestSyncRootsIntrospection
2026-10-10T07:42:24.6317383Z --- PASS: TestSyncRootsIntrospection (0.00s)
2026-10-10T07:42:24.6317531Z === RUN   TestSyncDetectionOnThisMachine
2026-10-10T07:42:24.6318134Z     syncdirs_test.go:494: P12 evidence: no sync location detected on this machine -> under-profile allowed dirs fall back to sync-suspect
2026-10-10T07:42:24.6318301Z --- PASS: TestSyncDetectionOnThisMachine (0.00s)
2026-10-10T07:42:24.6318504Z === RUN   TestSyncConfirmedGradesDisarmFallbackWindows
2026-10-10T07:42:24.6318761Z --- PASS: TestSyncConfirmedGradesDisarmFallbackWindows (0.01s)
2026-10-10T07:42:24.6318974Z === RUN   TestWriteGatePlainTargetInsideProfileWindows
2026-10-10T07:42:24.6319221Z --- PASS: TestWriteGatePlainTargetInsideProfileWindows (0.00s)
2026-10-10T07:42:24.6319373Z === RUN   TestNormalizeTaintContractForm
2026-10-10T07:42:24.6319545Z --- PASS: TestNormalizeTaintContractForm (0.00s)
2026-10-10T07:42:24.6319683Z === RUN   TestFragmentMatchExactBoundary
2026-10-10T07:42:24.6319869Z --- PASS: TestFragmentMatchExactBoundary (0.00s)
2026-10-10T07:42:24.6320031Z === RUN   TestFragmentMatchAcrossTransforms
2026-10-10T07:42:24.6320222Z --- PASS: TestFragmentMatchAcrossTransforms (0.00s)
2026-10-10T07:42:24.6320333Z === RUN   TestFragmentMatchCJK
2026-10-10T07:42:24.6320477Z --- PASS: TestFragmentMatchCJK (0.00s)
2026-10-10T07:42:24.6320661Z === RUN   TestNormalizeTaintDropsIgnorableChars
2026-10-10T07:42:24.6320831Z === RUN   TestNormalizeTaintDropsIgnorableChars/zwsp
2026-10-10T07:42:24.6321035Z === RUN   TestNormalizeTaintDropsIgnorableChars/zwnj+zwj
2026-10-10T07:42:24.6321261Z === RUN   TestNormalizeTaintDropsIgnorableChars/soft_hyphen
2026-10-10T07:42:24.6321470Z === RUN   TestNormalizeTaintDropsIgnorableChars/word_joiner
2026-10-10T07:42:24.6321650Z === RUN   TestNormalizeTaintDropsIgnorableChars/bom
2026-10-10T07:42:24.6321886Z === RUN   TestNormalizeTaintDropsIgnorableChars/combining_marks
2026-10-10T07:42:24.6322165Z === RUN   TestNormalizeTaintDropsIgnorableChars/full-width_+_ignorable_mix
2026-10-10T07:42:24.6322362Z --- PASS: TestNormalizeTaintDropsIgnorableChars (0.00s)
2026-10-10T07:42:24.6322640Z     --- PASS: TestNormalizeTaintDropsIgnorableChars/zwsp (0.00s)
2026-10-10T07:42:24.6323257Z     --- PASS: TestNormalizeTaintDropsIgnorableChars/zwnj+zwj (0.00s)
2026-10-10T07:42:24.6323602Z     --- PASS: TestNormalizeTaintDropsIgnorableChars/soft_hyphen (0.00s)
2026-10-10T07:42:24.6323904Z     --- PASS: TestNormalizeTaintDropsIgnorableChars/word_joiner (0.00s)
2026-10-10T07:42:24.6324195Z     --- PASS: TestNormalizeTaintDropsIgnorableChars/bom (0.00s)
2026-10-10T07:42:24.6324536Z     --- PASS: TestNormalizeTaintDropsIgnorableChars/combining_marks (0.00s)
2026-10-10T07:42:24.6324916Z     --- PASS: TestNormalizeTaintDropsIgnorableChars/full-width_+_ignorable_mix (0.00s)
2026-10-10T07:42:24.6325113Z === RUN   TestFragmentIndexShortSourceNeverMatches
2026-10-10T07:42:24.6325354Z --- PASS: TestFragmentIndexShortSourceNeverMatches (0.00s)
2026-10-10T07:42:24.6325539Z === RUN   TestFragmentHashCollisionCannotFakeHit
2026-10-10T07:42:24.6325738Z --- PASS: TestFragmentHashCollisionCannotFakeHit (0.00s)
2026-10-10T07:42:24.6325839Z FAIL
2026-10-10T07:42:24.6326038Z FAIL	github.com/CarlosShao/wisp/internal/risk	5.219s
2026-10-10T07:42:24.6326156Z === RUN   TestDockGeometryShape
2026-10-10T07:42:24.6326313Z --- PASS: TestDockGeometryShape (0.00s)
2026-10-10T07:42:24.6326688Z === RUN   TestDockTangentMeansGapZero
2026-10-10T07:42:24.6326873Z --- PASS: TestDockTangentMeansGapZero (0.00s)
2026-10-10T07:42:24.6327197Z === RUN   TestDockPosKeepsTheOrbTangentAtEveryRampLevel
2026-10-10T07:42:24.6327478Z --- PASS: TestDockPosKeepsTheOrbTangentAtEveryRampLevel (0.00s)
2026-10-10T07:42:24.6327667Z === RUN   TestDockSquashIsMonotonicAndClamped
2026-10-10T07:42:24.6327848Z --- PASS: TestDockSquashIsMonotonicAndClamped (0.00s)
2026-10-10T07:42:24.6328007Z === RUN   TestDockProgressReadsThePush
2026-10-10T07:42:24.6328203Z --- PASS: TestDockProgressReadsThePush (0.00s)
2026-10-10T07:42:24.6328408Z === RUN   TestNearestDockEdgePicksTheEdgeYouPushed
2026-10-10T07:42:24.6328644Z --- PASS: TestNearestDockEdgePicksTheEdgeYouPushed (0.00s)
2026-10-10T07:42:24.6328808Z === RUN   TestDockedLeavesAHittableStrip
2026-10-10T07:42:24.6328990Z --- PASS: TestDockedLeavesAHittableStrip (0.00s)
2026-10-10T07:42:24.6329141Z === RUN   TestDockFreePosKeepsTheBallReachable
2026-10-10T07:42:24.6329357Z --- PASS: TestDockFreePosKeepsTheBallReachable (0.00s)
2026-10-10T07:42:24.6329564Z === RUN   TestDockOnSecondaryMonitorWithNegativeOrigin
2026-10-10T07:42:24.6329819Z --- PASS: TestDockOnSecondaryMonitorWithNegativeOrigin (0.00s)
2026-10-10T07:42:24.6329970Z === RUN   TestDockHoverPopBackWalksTheRampHome
2026-10-10T07:42:24.6330157Z --- PASS: TestDockHoverPopBackWalksTheRampHome (0.00s)
2026-10-10T07:42:24.6330294Z === RUN   TestDockRampWalksItsBudget
2026-10-10T07:42:24.6330440Z --- PASS: TestDockRampWalksItsBudget (0.00s)
2026-10-10T07:42:24.6331404Z === RUN   TestWindowlessSTAReachesTheBorrowWiring260r5
2026-10-10T07:42:24.6332832Z time=2026-10-10T07:42:04.344Z level=INFO msg="cancel hotkey left unbound while idle: the configured key is borrowed only during Confirming and handed back at session end (ticket 245)" hotkey=cancel binding=Ctrl+Alt+F9
2026-10-10T07:42:24.6333939Z     hotkey_borrow_refused_260r5_test.go:293: 260-r5 rig: IsWindow(0x1D0A5C)=0 uiRun-inline=true closure-entered=true sta.hwnd=0x0 door="260-r5 rig: this door creates no window and runs no pump" refusal="Invalid window handle."
2026-10-10T07:42:24.6334204Z --- PASS: TestWindowlessSTAReachesTheBorrowWiring260r5 (0.04s)
2026-10-10T07:42:24.6334397Z === RUN   TestRefusedBorrowIsNamedOnTheReport260r5
2026-10-10T07:42:24.6335203Z time=2026-10-10T07:42:04.381Z level=INFO msg="cancel hotkey left unbound while idle: the configured key is borrowed only during Confirming and handed back at session end (ticket 245)" hotkey=cancel binding=Ctrl+Alt+F9
2026-10-10T07:42:24.6337335Z     hotkey_borrow_refused_260r5_test.go:386: 260-r5 refused borrow: line={Name:cancel ID:3 Binding:Ctrl+Alt+F9 Status:registration failed Acc:{Mods:16387 VK:120} Err:Invalid window handle. Note:} problems=["hotkey cancel = \"Ctrl+Alt+F9\" was not registered: Invalid window handle."] logged="time=2026-10-10T07:42:04.382Z level=ERROR msg=\"cancel takeover refused by Win32; Confirming will have no cancel key\" hotkey=cancel binding=Ctrl+Alt+F9 err=\"Invalid window handle.\"\n"
2026-10-10T07:42:24.6337570Z --- PASS: TestRefusedBorrowIsNamedOnTheReport260r5 (0.00s)
2026-10-10T07:42:24.6337790Z === RUN   TestRefusedBorrowIsNotAStandingAnnouncement260r5
2026-10-10T07:42:24.6338621Z time=2026-10-10T07:42:04.382Z level=INFO msg="cancel hotkey left unbound while idle: the configured key is borrowed only during Confirming and handed back at session end (ticket 245)" hotkey=cancel binding=Ctrl+Alt+F9
2026-10-10T07:42:24.6338880Z --- PASS: TestRefusedBorrowIsNotAStandingAnnouncement260r5 (0.00s)
2026-10-10T07:42:24.6339054Z === RUN   TestBorrowDefaultIsBitIdentical260
2026-10-10T07:42:24.6339826Z time=2026-10-10T07:42:04.385Z level=INFO msg="cancel hotkey left unbound while idle: the configured key is borrowed only during Confirming and handed back at session end (ticket 245)" hotkey=cancel binding=Esc
2026-10-10T07:42:24.6340844Z time=2026-10-10T07:42:04.385Z level=INFO msg="cancel hotkey left unbound while idle: the configured key is borrowed only during Confirming and handed back at session end (ticket 245)" hotkey=cancel binding=Esc
2026-10-10T07:42:24.6341625Z time=2026-10-10T07:42:04.385Z level=INFO msg="cancel hotkey left unbound while idle: the configured key is borrowed only during Confirming and handed back at session end (ticket 245)" hotkey=cancel binding=Esc
2026-10-10T07:42:24.6341957Z --- PASS: TestBorrowDefaultIsBitIdentical260 (0.00s)
2026-10-10T07:42:24.6342145Z === RUN   TestBorrowFollowsConfiguredBinding260
2026-10-10T07:42:24.6343395Z time=2026-10-10T07:42:04.385Z level=INFO msg="cancel hotkey left unbound while idle: the configured key is borrowed only during Confirming and handed back at session end (ticket 245)" hotkey=cancel binding=Ctrl+Alt+K
2026-10-10T07:42:24.6344283Z time=2026-10-10T07:42:04.385Z level=INFO msg="cancel hotkey left unbound while idle: the configured key is borrowed only during Confirming and handed back at session end (ticket 245)" hotkey=cancel binding=Ctrl+Alt+Space
2026-10-10T07:42:24.6345076Z time=2026-10-10T07:42:04.385Z level=INFO msg="cancel hotkey left unbound while idle: the configured key is borrowed only during Confirming and handed back at session end (ticket 245)" hotkey=cancel binding=F9
2026-10-10T07:42:24.6345289Z --- PASS: TestBorrowFollowsConfiguredBinding260 (0.00s)
2026-10-10T07:42:24.6345482Z === RUN   TestBorrowUnparsableFallsBackLoudly260
2026-10-10T07:42:24.6346247Z time=2026-10-10T07:42:04.385Z level=ERROR msg="hotkey not attempted (bad binding)" hotkey=cancel binding=Ctrl+Alt+NotAKey+ err="unknown key \"NotAKey\" in hotkey \"Ctrl+Alt+NotAKey+\""
2026-10-10T07:42:24.6347033Z time=2026-10-10T07:42:04.385Z level=INFO msg="cancel hotkey left unbound while idle: the configured key is borrowed only during Confirming and handed back at session end (ticket 245)" hotkey=cancel binding=Esc
2026-10-10T07:42:24.6347681Z time=2026-10-10T07:42:04.385Z level=ERROR msg="hotkey not attempted (bad binding)" hotkey=cancel binding=Ctrl+Alt+NotAKey+ err="unknown key \"NotAKey\" in hotkey \"Ctrl+Alt+NotAKey+\""
2026-10-10T07:42:24.6348456Z --- PASS: TestBorrowUnparsableFallsBackLoudly260 (0.00s)
2026-10-10T07:42:24.6348788Z === RUN   TestBorrowReceiptSharesOneSourceWithRegistration260
2026-10-10T07:42:24.6349310Z --- PASS: TestBorrowReceiptSharesOneSourceWithRegistration260 (0.00s)
2026-10-10T07:42:24.6349435Z === RUN   TestBorrowFailureNamesTheKeyItTried260
2026-10-10T07:42:24.6349864Z time=2026-10-10T07:42:04.385Z level=ERROR msg="cancel takeover refused by Win32; Confirming will have no cancel key" hotkey=cancel binding=Ctrl+Alt+K err="invalid argument"
2026-10-10T07:42:24.6350405Z time=2026-10-10T07:42:04.385Z level=INFO msg="cancel hotkey left unbound while idle: the configured key is borrowed only during Confirming and handed back at session end (ticket 245)" hotkey=cancel binding=Ctrl+Alt+K
2026-10-10T07:42:24.6350566Z --- PASS: TestBorrowFailureNamesTheKeyItTried260 (0.00s)
2026-10-10T07:42:24.6350708Z === RUN   TestConfiguredCancelStillNeverBoundWhileIdle260
2026-10-10T07:42:24.6351251Z time=2026-10-10T07:42:04.385Z level=INFO msg="cancel hotkey left unbound while idle: the configured key is borrowed only during Confirming and handed back at session end (ticket 245)" hotkey=cancel binding=Ctrl+Alt+K
2026-10-10T07:42:24.6351438Z --- PASS: TestConfiguredCancelStillNeverBoundWhileIdle260 (0.00s)
2026-10-10T07:42:24.6351668Z === RUN   TestLiveBorrowHelperPremiseIsConfigDependent260
2026-10-10T07:42:24.6353698Z     hotkey_cancel_borrow_260_test.go:347: named conflict for the orchestrator: hotkey_live_test.go:107 reads rep.Live()[hkCancel].VK == vkEscape for a ball booted with liveHotkeys().Cancel = "Ctrl+Alt+V"; under 形ⓐ that slot holds VK 0x56, so the helper's bare-Esc premise is now config-dependent (winlive tier not run this round)
2026-10-10T07:42:24.6353969Z --- PASS: TestLiveBorrowHelperPremiseIsConfigDependent260 (0.00s)
2026-10-10T07:42:24.6354125Z === RUN   TestBorrowWishFollowsSeed260r2
2026-10-10T07:42:24.6354311Z --- PASS: TestBorrowWishFollowsSeed260r2 (0.00s)
2026-10-10T07:42:24.6356286Z === RUN   TestBorrowWishDefaultCellIsBitIdentical260r2
2026-10-10T07:42:24.6356646Z --- PASS: TestBorrowWishDefaultCellIsBitIdentical260r2 (0.00s)
2026-10-10T07:42:24.6357010Z === RUN   TestBorrowWishRefusedSeedIsNotSilent260r2
2026-10-10T07:42:24.6357778Z --- PASS: TestBorrowWishRefusedSeedIsNotSilent260r2 (0.00s)
2026-10-10T07:42:24.6357998Z === RUN   TestRegisterAllLiveSet
2026-10-10T07:42:24.6358837Z time=2026-10-10T07:42:04.385Z level=INFO msg="cancel hotkey left unbound while idle: the configured key is borrowed only during Confirming and handed back at session end (ticket 245)" hotkey=cancel binding=Esc
2026-10-10T07:42:24.6359018Z --- PASS: TestRegisterAllLiveSet (0.00s)
2026-10-10T07:42:24.6359196Z === RUN   TestDefaultHotkeysIdlePassHoldsNoEsc
2026-10-10T07:42:24.6360029Z time=2026-10-10T07:42:04.387Z level=INFO msg="cancel hotkey left unbound while idle: the configured key is borrowed only during Confirming and handed back at session end (ticket 245)" hotkey=cancel binding=Esc
2026-10-10T07:42:24.6360243Z --- PASS: TestDefaultHotkeysIdlePassHoldsNoEsc (0.00s)
2026-10-10T07:42:24.6360394Z === RUN   TestCancelBorrowRoundTrip
2026-10-10T07:42:24.6361300Z time=2026-10-10T07:42:04.387Z level=INFO msg="cancel hotkey left unbound while idle: the configured key is borrowed only during Confirming and handed back at session end (ticket 245)" hotkey=cancel binding=Esc
2026-10-10T07:42:24.6361911Z time=2026-10-10T07:42:04.387Z level=INFO msg="cancel hotkey left unbound while idle: the configured key is borrowed only during Confirming and handed back at session end (ticket 245)" hotkey=cancel binding=Esc
2026-10-10T07:42:24.6362561Z time=2026-10-10T07:42:04.387Z level=ERROR msg="cancel takeover refused by Win32; Confirming will have no cancel key" hotkey=cancel binding=Esc err="Hot key is already registered."
2026-10-10T07:42:24.6362730Z --- PASS: TestCancelBorrowRoundTrip (0.00s)
2026-10-10T07:42:24.6363414Z === RUN   TestCancelBorrowFailureIsAProblemLine
2026-10-10T07:42:24.6363895Z time=2026-10-10T07:42:04.387Z level=ERROR msg="cancel takeover refused by Win32; Confirming will have no cancel key" hotkey=cancel binding=Esc err="invalid argument"
2026-10-10T07:42:24.6364571Z time=2026-10-10T07:42:04.387Z level=INFO msg="cancel hotkey left unbound while idle: the configured key is borrowed only during Confirming and handed back at session end (ticket 245)" hotkey=cancel binding=Esc
2026-10-10T07:42:24.6365010Z --- PASS: TestCancelBorrowFailureIsAProblemLine (0.00s)
2026-10-10T07:42:24.6365594Z === RUN   TestStandbyIsNotDisabledAndNotAProblem
2026-10-10T07:42:24.6366488Z time=2026-10-10T07:42:04.387Z level=INFO msg="cancel hotkey left unbound while idle: the configured key is borrowed only during Confirming and handed back at session end (ticket 245)" hotkey=cancel binding=Esc
2026-10-10T07:42:24.6366823Z time=2026-10-10T07:42:04.387Z level=INFO msg="hotkey disabled (unset in config)" hotkey=mute
2026-10-10T07:42:24.6367148Z time=2026-10-10T07:42:04.387Z level=INFO msg="hotkey disabled (unset in config)" hotkey=cancel
2026-10-10T07:42:24.6367478Z time=2026-10-10T07:42:04.387Z level=INFO msg="hotkey disabled (unset in config)" hotkey=panel
2026-10-10T07:42:24.6367842Z time=2026-10-10T07:42:04.387Z level=INFO msg="hotkey disabled (unset in config)" hotkey=mute
2026-10-10T07:42:24.6368597Z time=2026-10-10T07:42:04.387Z level=ERROR msg="hotkey not attempted (bad binding)" hotkey=cancel binding=Ctrl+Alt+NotAKey+ err="unknown key \"NotAKey\" in hotkey \"Ctrl+Alt+NotAKey+\""
2026-10-10T07:42:24.6368901Z time=2026-10-10T07:42:04.387Z level=INFO msg="hotkey disabled (unset in config)" hotkey=panel
2026-10-10T07:42:24.6369122Z --- PASS: TestStandbyIsNotDisabledAndNotAProblem (0.00s)
2026-10-10T07:42:24.6369308Z === RUN   TestRegisterAllSplitsFailureFamilies
2026-10-10T07:42:24.6369948Z time=2026-10-10T07:42:04.387Z level=ERROR msg="hotkey occupied by another program, not registered" hotkey=mute binding=Ctrl+Alt+M err="Hot key is already registered."
2026-10-10T07:42:24.6371545Z time=2026-10-10T07:42:04.387Z level=INFO msg="cancel hotkey left unbound while idle: the configured key is borrowed only during Confirming and handed back at session end (ticket 245)" hotkey=cancel binding=Esc
2026-10-10T07:42:24.6372338Z time=2026-10-10T07:42:04.387Z level=ERROR msg="hotkey not attempted (bad binding)" hotkey=panel binding=Ctrl+Alt+Bogus+ err="unknown key \"Bogus\" in hotkey \"Ctrl+Alt+Bogus+\""
2026-10-10T07:42:24.6372640Z time=2026-10-10T07:42:04.387Z level=INFO msg="hotkey disabled (unset in config)" hotkey=mute
2026-10-10T07:42:24.6372913Z time=2026-10-10T07:42:04.387Z level=INFO msg="hotkey disabled (unset in config)" hotkey=cancel
2026-10-10T07:42:24.6373207Z time=2026-10-10T07:42:04.387Z level=INFO msg="hotkey disabled (unset in config)" hotkey=panel
2026-10-10T07:42:24.6373406Z --- PASS: TestRegisterAllSplitsFailureFamilies (0.00s)
2026-10-10T07:42:24.6373579Z === RUN   TestUnregisterAllDropsKnownSlots
2026-10-10T07:42:24.6373767Z --- PASS: TestUnregisterAllDropsKnownSlots (0.00s)
2026-10-10T07:42:24.6373903Z === RUN   TestHotkeyStatusString
2026-10-10T07:42:24.6374062Z --- PASS: TestHotkeyStatusString (0.00s)
2026-10-10T07:42:24.6374250Z === RUN   TestHotkeyReloaderRebindsOnConfigChange
2026-10-10T07:42:24.6375385Z time=2026-10-10T07:42:04.387Z level=INFO msg="cancel hotkey left unbound while idle: the configured key is borrowed only during Confirming and handed back at session end (ticket 245)" hotkey=cancel binding=Esc
2026-10-10T07:42:24.6375957Z time=2026-10-10T07:42:04.387Z level=INFO msg="ball: hotkeys rebound after config change" summon=Ctrl+Alt+R mute=Ctrl+Alt+M cancel=Esc panel=Ctrl+Alt+P live=3
2026-10-10T07:42:24.6376714Z time=2026-10-10T07:42:04.387Z level=INFO msg="cancel hotkey left unbound while idle: the configured key is borrowed only during Confirming and handed back at session end (ticket 245)" hotkey=cancel binding=Esc
2026-10-10T07:42:24.6377306Z time=2026-10-10T07:42:04.387Z level=INFO msg="ball: hotkeys rebound after config change" summon=Ctrl+Alt+Q mute=Ctrl+Alt+M cancel=Esc panel=Ctrl+Alt+P live=3
2026-10-10T07:42:24.6377551Z --- PASS: TestHotkeyReloaderRebindsOnConfigChange (0.00s)
2026-10-10T07:42:24.6377794Z === RUN   TestHotkeyReloaderSectionsHookIgnoresOtherSections
2026-10-10T07:42:24.6378619Z time=2026-10-10T07:42:04.387Z level=INFO msg="cancel hotkey left unbound while idle: the configured key is borrowed only during Confirming and handed back at session end (ticket 245)" hotkey=cancel binding=Esc
2026-10-10T07:42:24.6379185Z time=2026-10-10T07:42:04.387Z level=INFO msg="ball: hotkeys rebound after config change" summon=Ctrl+Alt+Q mute=Ctrl+Alt+M cancel=Esc panel=Ctrl+Alt+J live=3
2026-10-10T07:42:24.6379463Z --- PASS: TestHotkeyReloaderSectionsHookIgnoresOtherSections (0.00s)
2026-10-10T07:42:24.6379592Z === RUN   TestApplyHotkeyDefaults
2026-10-10T07:42:24.6379747Z --- PASS: TestApplyHotkeyDefaults (0.00s)
2026-10-10T07:42:24.6379886Z === RUN   TestParseAccelerator
2026-10-10T07:42:24.6380029Z --- PASS: TestParseAccelerator (0.00s)
2026-10-10T07:42:24.6380153Z === RUN   TestDefaultHotkeys
2026-10-10T07:42:24.6380310Z --- PASS: TestDefaultHotkeys (0.00s)
2026-10-10T07:42:24.6380508Z === RUN   TestLiquidRotationIsMonotonicInLevel
2026-10-10T07:42:24.6380695Z --- PASS: TestLiquidRotationIsMonotonicInLevel (0.00s)
2026-10-10T07:42:24.6380906Z === RUN   TestLiquidConvergesAndBorderFadesInOnSilence
2026-10-10T07:42:24.6381238Z --- PASS: TestLiquidConvergesAndBorderFadesInOnSilence (0.00s)
2026-10-10T07:42:24.6381420Z === RUN   TestSummonBurstIsBoundedAndRetires
2026-10-10T07:42:24.6381578Z --- PASS: TestSummonBurstIsBoundedAndRetires (0.00s)
2026-10-10T07:42:24.6381740Z === RUN   TestMotionOnlyAppliesInPrototypeMode
2026-10-10T07:42:24.6381938Z --- PASS: TestMotionOnlyAppliesInPrototypeMode (0.00s)
2026-10-10T07:42:24.6382094Z === RUN   TestBorderIsNeverAppliedInOneFrame
2026-10-10T07:42:24.6382289Z --- PASS: TestBorderIsNeverAppliedInOneFrame (0.00s)
2026-10-10T07:42:24.6382459Z === RUN   TestBorderGlidesInAfterTheSessionEnds
2026-10-10T07:42:24.6383774Z --- PASS: TestBorderGlidesInAfterTheSessionEnds (0.00s)
2026-10-10T07:42:24.6383989Z === RUN   TestSpeakingGlidesTheBorderBackOut
2026-10-10T07:42:24.6384317Z --- PASS: TestSpeakingGlidesTheBorderBackOut (0.00s)
2026-10-10T07:42:24.6384539Z === RUN   TestTransitionTimerSetIsTheFrozenTimerSet
2026-10-10T07:42:24.6384783Z --- PASS: TestTransitionTimerSetIsTheFrozenTimerSet (0.00s)
2026-10-10T07:42:24.6384992Z === RUN   TestSleepingFrameLosesTheBorderAuthority
2026-10-10T07:42:24.6385221Z --- PASS: TestSleepingFrameLosesTheBorderAuthority (0.00s)
2026-10-10T07:42:24.6385376Z === RUN   TestLiquidDrivenStateSet
2026-10-10T07:42:24.6385523Z --- PASS: TestLiquidDrivenStateSet (0.00s)
2026-10-10T07:42:24.6385679Z === RUN   TestPushLevelIsInputHardened
2026-10-10T07:42:24.6386151Z --- PASS: TestPushLevelIsInputHardened (0.00s)
2026-10-10T07:42:24.6386317Z === RUN   TestRepaintIsSkippedWhenNothingChanged
2026-10-10T07:42:24.6386540Z --- PASS: TestRepaintIsSkippedWhenNothingChanged (0.00s)
2026-10-10T07:42:24.6386701Z === RUN   TestPositionStoreRoundTrip
2026-10-10T07:42:24.6386865Z --- PASS: TestPositionStoreRoundTrip (0.03s)
2026-10-10T07:42:24.6387007Z === RUN   TestResolvePosition
2026-10-10T07:42:24.6387237Z === RUN   TestResolvePosition/saved_visible_on_its_monitor:_kept
2026-10-10T07:42:24.6387503Z === RUN   TestResolvePosition/saved_partially_off_right_edge:_clamped
2026-10-10T07:42:24.6387747Z === RUN   TestResolvePosition/saved_monitor_detached:_primary_default
2026-10-10T07:42:24.6387962Z === RUN   TestResolvePosition/nothing_saved:_primary_default
2026-10-10T07:42:24.6388362Z === RUN   TestResolvePosition/saved_point_on_no_monitor:_that-monitor_default_impossible_->_primary
2026-10-10T07:42:24.6388597Z === RUN   TestResolvePosition/primary_detection_when_listed_second
2026-10-10T07:42:24.6388734Z --- PASS: TestResolvePosition (0.00s)
2026-10-10T07:42:24.6389038Z     --- PASS: TestResolvePosition/saved_visible_on_its_monitor:_kept (0.00s)
2026-10-10T07:42:24.6389369Z     --- PASS: TestResolvePosition/saved_partially_off_right_edge:_clamped (0.00s)
2026-10-10T07:42:24.6389681Z     --- PASS: TestResolvePosition/saved_monitor_detached:_primary_default (0.00s)
2026-10-10T07:42:24.6390061Z     --- PASS: TestResolvePosition/nothing_saved:_primary_default (0.00s)
2026-10-10T07:42:24.6390385Z     --- PASS: TestResolvePosition/saved_point_on_no_monitor:_that-monitor_default_impossible_->_primary (0.00s)
2026-10-10T07:42:24.6390602Z     --- PASS: TestResolvePosition/primary_detection_when_listed_second (0.00s)
2026-10-10T07:42:24.6390710Z === RUN   TestDefaultPositionInsideWorkArea
2026-10-10T07:42:24.6390825Z --- PASS: TestDefaultPositionInsideWorkArea (0.00s)
2026-10-10T07:42:24.6390970Z === RUN   TestSTAReleaseAfterFailedCreateHandsBackNoWindow
2026-10-10T07:42:24.6391520Z     sta_release_windows_test.go:268: 33-r8 create-error door: tid=2492 planted hwnd=0x401DC | after plant: ball windows=1 all windows=2 classes=[WispBallWindow IME] queue head=empty
2026-10-10T07:42:24.6392270Z     sta_release_windows_test.go:270: 33-r8 create-error door: after the plants (window-addressed PostMessageW rc=1, thread-addressed PostThreadMessageW rc=1): ball windows=1 all=2 classes=[WispBallWindow IME] queue head=msg 0x82F8 on hwnd 0x401DC
2026-10-10T07:42:24.6392846Z     sta_release_windows_test.go:272: 33-r8 create-error door: the instant start() returned: ball windows=0 all windows=0 classes=[] queue head=empty (start err=plant: renderer init failed plant err=<nil>)
2026-10-10T07:42:24.6393014Z --- PASS: TestSTAReleaseAfterFailedCreateHandsBackNoWindow (0.01s)
2026-10-10T07:42:24.6393152Z === RUN   TestSTAReleaseAfterPumpExitDispatchesItsQueue
2026-10-10T07:42:24.6394876Z     sta_release_windows_test.go:448: 33-r8 pump-exit door=quit-only: tid=2492 hwnd=0x501DC createErr=<nil> | after create: ball windows=1 all=2 classes=[WispBallWindow IME] head=empty | AT RELEASE: ball windows=0 all=0 classes=[] head=empty staThread.hwnd=0x0 | plant PostMessage rc=1 | this file's own pump moved 0 | after own teardown: ball windows=0 head=empty | what the release unwind logged=""
2026-10-10T07:42:24.6396047Z     sta_release_windows_test.go:448: 33-r8 pump-exit door=real-Close: tid=2492 hwnd=0x601DC createErr=<nil> | after create: ball windows=1 all=2 classes=[WispBallWindow IME] head=empty | AT RELEASE: ball windows=0 all=0 classes=[] head=empty staThread.hwnd=0x0 | plant PostMessage rc=0 | this file's own pump moved 0 | after own teardown: ball windows=0 head=empty | what the release unwind logged=""
2026-10-10T07:42:24.6396295Z --- PASS: TestSTAReleaseAfterPumpExitDispatchesItsQueue (0.03s)
2026-10-10T07:42:24.6396422Z === RUN   TestReleasePumpCapIsALoudReadingNotAGreen
2026-10-10T07:42:24.6397761Z     sta_release_windows_test.go:602: 33-r8b cap leg (planted 4160, want pump to stop at the cap): tid=2492 posted=4160 postErr=<nil> pumped=4096 head-after="msg 0x82F9 on hwnd 0x0" windows(ball/all)=0/0 classes=[] | own drain moved 64, head-final="empty" | logged="time=2026-10-10T07:42:04.473Z level=WARN msg=\"ball: the ui-sta release pump hit its cap before the thread's queue was empty; the thread goes back to the Go pool non-empty\" cap=4096 pumped=4096\n"
2026-10-10T07:42:24.6398418Z     sta_release_windows_test.go:605: 33-r8b control leg (planted 8, under the cap): tid=2492 posted=8 postErr=<nil> pumped=8 head-after="empty" windows(ball/all)=0/0 classes=[] | own drain moved 0, head-final="empty" | logged=""
2026-10-10T07:42:24.6398570Z --- PASS: TestReleasePumpCapIsALoudReadingNotAGreen (0.02s)
2026-10-10T07:42:24.6398661Z === RUN   TestC21TableColourRowsMatchCode
2026-10-10T07:42:24.6399411Z     tokens_table_test.go:780: light table reuses the :root value by cascade for 2 field(s): BallHalo, OnSolid (the table states this in prose above its light rows)
2026-10-10T07:42:24.6399857Z     tokens_table_test.go:805: verified 114/114 colour rows against tokens.go (40 palette fields checked in code -> table, 36 look colours, 4 looks)
2026-10-10T07:42:24.6399974Z --- PASS: TestC21TableColourRowsMatchCode (0.00s)
2026-10-10T07:42:24.6400084Z === RUN   TestC21GeometryRowsMatchCodeConstants
2026-10-10T07:42:24.6400791Z     tokens_table_test.go:955: docs/evidence/s1/c21-native-tokens.md:169: this row states a rule (缓动) without naming a Go constant, so there is no value to compare
2026-10-10T07:42:24.6401857Z     tokens_table_test.go:1059: MATCHED WITHOUT THE PROMISED UNIT (4): BallSizeMaxPx=72 @ docs/evidence/s1/c21-native-tokens.md:141, BallSizeMinPx=44 @ docs/evidence/s1/c21-native-tokens.md:141, FontSizeMicroPx=11 @ docs/evidence/s1/c21-native-tokens.md:159, FontSizeMonoPx=12.5 @ docs/evidence/s1/c21-native-tokens.md:159
2026-10-10T07:42:24.6415233Z     tokens_table_test.go:1063: NUMBERS NO NAMED CONSTANT CLAIMS (52): 0.35 @ docs/evidence/s1/c21-native-tokens.md:155, 0.55 @ docs/evidence/s1/c21-native-tokens.md:162, 0.8s @ docs/evidence/s1/c21-native-tokens.md:151, 1 @ docs/evidence/s1/c21-native-tokens.md:154, 1 @ docs/evidence/s1/c21-native-tokens.md:155, 1 @ docs/evidence/s1/c21-native-tokens.md:162, 1 @ docs/evidence/s1/c21-native-tokens.md:163, 1000 @ docs/evidence/s1/c21-native-tokens.md:165, 10fps @ docs/evidence/s1/c21-native-tokens.md:149, 160ms @ docs/evidence/s1/c21-native-tokens.md:157, 16px @ docs/evidence/s1/c21-native-tokens.md:166, 180ms @ docs/evidence/s1/c21-native-tokens.md:167, 2 @ docs/evidence/s1/c21-native-tokens.md:167, 2.1 @ docs/evidence/s1/c21-native-tokens.md:157, 21.75 @ docs/evidence/s1/c21-native-tokens.md:166, 22 @ docs/evidence/s1/c21-native-tokens.md:166, 22 @ docs/evidence/s1/c21-native-tokens.md:166, 220ms @ docs/evidence/s1/c21-native-tokens.md:167, 22px @ docs/evidence/s1/c21-native-tokens.md:168, 24 @ docs/evidence/s1/c21-native-tokens.md:168, 260ms @ docs/evidence/s1/c21-native-tokens.md:148, 2px @ docs/evidence/s1/c21-native-tokens.md:152, 3 @ docs/evidence/s1/c21-native-tokens.md:151, 30 @ docs/evidence/s1/c21-native-tokens.md:166, 30 @ docs/evidence/s1/c21-native-tokens.md:168, 300ms @ docs/evidence/s1/c21-native-tokens.md:167, 32 @ docs/evidence/s1/c21-native-tokens.md:168, 33 @ docs/evidence/s1/c21-native-tokens.md:163, 33ms @ docs/evidence/s1/c21-native-tokens.md:165, 34.72px @ docs/evidence/s1/c21-native-tokens.md:145, 4.2 @ docs/evidence/s1/c21-native-tokens.md:163, 44 @ docs/evidence/s1/c21-native-tokens.md:166, 56 @ docs/evidence/s1/c21-native-tokens.md:145, 5px @ docs/evidence/s1/c21-native-tokens.md:166, 62 @ docs/evidence/s1/c21-native-tokens.md:145, 62 @ docs/evidence/s1/c21-native-tokens.md:166, 72 @ docs/evidence/s1/c21-native-tokens.md:166, 74 @ docs/evidence/s1/c21-native-tokens.md:157, 74 @ docs/evidence/s1/c21-native-tokens.md:162, 74 @ docs/evidence/s1/c21-native-tokens.md:163, 8 @ docs/evidence/s1/c21-native-tokens.md:145, 8 @ docs/evidence/s1/c21-native-tokens.md:157, 8 @ docs/evidence/s1/c21-native-tokens.md:166, 8 @ docs/evidence/s1/c21-native-tokens.md:167, 838 @ docs/evidence/s1/c21-native-tokens.md:145, 8px @ docs/evidence/s1/c21-native-tokens.md:166, 9 @ docs/evidence/s1/c21-native-tokens.md:166, 9 @ docs/evidence/s1/c21-native-tokens.md:168, 900ms @ docs/evidence/s1/c21-native-tokens.md:167, 96dpi @ docs/evidence/s1/c21-native-tokens.md:161, 96dpi @ docs/evidence/s1/c21-native-tokens.md:166, 96dpi @ docs/evidence/s1/c21-native-tokens.md:168
2026-10-10T07:42:24.6416240Z     tokens_table_test.go:1065: checked 67 constant declarations across 29 geometry rows against 56 exported tokens.go constants + 11 tabled from hit.go/liquid.go
2026-10-10T07:42:24.6416450Z --- PASS: TestC21GeometryRowsMatchCodeConstants (0.04s)
2026-10-10T07:42:24.6416589Z === RUN   TestC21TokenConsumerReport
2026-10-10T07:42:24.6417085Z     tokens_table_test.go:1149: ZERO-CONSUMER TOKENS (27 of 116 checked; 89 are referenced by 18 non-test files):
2026-10-10T07:42:24.6417613Z     tokens_table_test.go:1156:   UNCONSUMED BallSizeLargePx (declared at docs/evidence/s1/c21-native-tokens.md:143)
2026-10-10T07:42:24.6418131Z     tokens_table_test.go:1156:   UNCONSUMED BallSizeSmallPx (declared at docs/evidence/s1/c21-native-tokens.md:142)
2026-10-10T07:42:24.6418634Z     tokens_table_test.go:1156:   UNCONSUMED CountdownFontPx (declared at docs/evidence/s1/c21-native-tokens.md:159)
2026-10-10T07:42:24.6419091Z     tokens_table_test.go:1156:   UNCONSUMED DurBaseMs (declared at docs/evidence/s1/c21-native-tokens.md:147)
2026-10-10T07:42:24.6419557Z     tokens_table_test.go:1156:   UNCONSUMED DurFastMs (declared at docs/evidence/s1/c21-native-tokens.md:146)
2026-10-10T07:42:24.6420018Z     tokens_table_test.go:1156:   UNCONSUMED DurSlowMs (declared at docs/evidence/s1/c21-native-tokens.md:148)
2026-10-10T07:42:24.6420970Z     tokens_table_test.go:1156:   UNCONSUMED FirstRunGuidePulseMs (declared at docs/evidence/s1/c21-native-tokens.md:154)
2026-10-10T07:42:24.6421358Z     tokens_table_test.go:1156:   UNCONSUMED FontSizeMonoPx (declared at docs/evidence/s1/c21-native-tokens.md:159)
2026-10-10T07:42:24.6421544Z     tokens_table_test.go:1156:   UNCONSUMED Palette.FgPrimary
2026-10-10T07:42:24.6421722Z     tokens_table_test.go:1156:   UNCONSUMED Palette.FgTertiary
2026-10-10T07:42:24.6421902Z     tokens_table_test.go:1156:   UNCONSUMED Palette.GlassHi
2026-10-10T07:42:24.6422082Z     tokens_table_test.go:1156:   UNCONSUMED Palette.GlassHiSoft
2026-10-10T07:42:24.6422312Z     tokens_table_test.go:1156:   UNCONSUMED Palette.GlassRing
2026-10-10T07:42:24.6422599Z     tokens_table_test.go:1156:   UNCONSUMED Palette.InfoLine
2026-10-10T07:42:24.6422768Z     tokens_table_test.go:1156:   UNCONSUMED Palette.OrbShadow
2026-10-10T07:42:24.6422942Z     tokens_table_test.go:1156:   UNCONSUMED Palette.TintAccentHi
2026-10-10T07:42:24.6423104Z     tokens_table_test.go:1156:   UNCONSUMED Palette.TintDangerHi
2026-10-10T07:42:24.6423269Z     tokens_table_test.go:1156:   UNCONSUMED Palette.TintDangerLo
2026-10-10T07:42:24.6423446Z     tokens_table_test.go:1156:   UNCONSUMED Palette.TintNeutralHi
2026-10-10T07:42:24.6423619Z     tokens_table_test.go:1156:   UNCONSUMED Palette.TintNeutralLo
2026-10-10T07:42:24.6423869Z     tokens_table_test.go:1156:   UNCONSUMED Palette.TintSuccessHi
2026-10-10T07:42:24.6424419Z     tokens_table_test.go:1156:   UNCONSUMED Palette.TintSuccessLo
2026-10-10T07:42:24.6424597Z     tokens_table_test.go:1156:   UNCONSUMED Palette.TintWarmHi
2026-10-10T07:42:24.6424840Z     tokens_table_test.go:1156:   UNCONSUMED Palette.TintWarmLo
2026-10-10T07:42:24.6425014Z     tokens_table_test.go:1156:   UNCONSUMED Palette.TintWarnHi
2026-10-10T07:42:24.6425176Z     tokens_table_test.go:1156:   UNCONSUMED Palette.TintWarnLo
2026-10-10T07:42:24.6425327Z     tokens_table_test.go:1156:   UNCONSUMED looks[*].Deep
2026-10-10T07:42:24.6425897Z     tokens_table_test.go:1198: 未接线豁免: 24 row(s) attribute all 27 zero-consumer token(s); 89/116 checked tokens are live
2026-10-10T07:42:24.6426020Z --- PASS: TestC21TokenConsumerReport (0.02s)
2026-10-10T07:42:24.6426128Z === RUN   TestC21CodeTokensAreTabledOrExempt
2026-10-10T07:42:24.6426535Z     tokens_table_test.go:1304: EXEMPT HTClient (hit.go) is outside the table on purpose: Win32 hit-test return value, not a design token
2026-10-10T07:42:24.6426966Z     tokens_table_test.go:1304: EXEMPT HTTransparent (hit.go) is outside the table on purpose: Win32 hit-test return value, not a design token
2026-10-10T07:42:24.6427357Z     tokens_table_test.go:1304: EXEMPT HTNowhere (hit.go) is outside the table on purpose: Win32 hit-test return value, not a design token
2026-10-10T07:42:24.6427840Z     tokens_table_test.go:1304: EXEMPT AltSummonSpace (hotkey_windows.go) is outside the table on purpose: Default hotkey text (SPEC-04 surface), not a C21 token
2026-10-10T07:42:24.6427966Z --- PASS: TestC21CodeTokensAreTabledOrExempt (0.15s)
2026-10-10T07:42:24.6428080Z === RUN   TestC21TableColourRowsMatchTokensCSS
2026-10-10T07:42:24.6428706Z     tokens_table_test.go:1530: three-way colour check: 78/78 cited rows agree across docs/evidence/s1/c21-native-tokens.md, design/assets/tokens.css and internal/ball/tokens.go (:root=129 decls, light=65)
2026-10-10T07:42:24.6428847Z --- PASS: TestC21TableColourRowsMatchTokensCSS (0.00s)
2026-10-10T07:42:24.6428935Z === RUN   TestTokenGoldenValues
2026-10-10T07:42:24.6429030Z --- PASS: TestTokenGoldenValues (0.00s)
2026-10-10T07:42:24.6429128Z === RUN   TestPremultipliedDerivation
2026-10-10T07:42:24.6429236Z --- PASS: TestPremultipliedDerivation (0.00s)
2026-10-10T07:42:24.6429342Z === RUN   TestNoHardcodedColorsInBallPackage
2026-10-10T07:42:24.6429468Z --- PASS: TestNoHardcodedColorsInBallPackage (0.01s)
2026-10-10T07:42:24.6429569Z === RUN   TestVisualForCoversAllTwentyStates
2026-10-10T07:42:24.6429682Z --- PASS: TestVisualForCoversAllTwentyStates (0.00s)
2026-10-10T07:42:24.6429776Z === RUN   TestSleepingSizeTruthTable
2026-10-10T07:42:24.6429882Z --- PASS: TestSleepingSizeTruthTable (0.00s)
2026-10-10T07:42:24.6430002Z === RUN   TestRecordedSleepingDiffBoxIsNotA44pxBody
2026-10-10T07:42:24.6430158Z --- PASS: TestRecordedSleepingDiffBoxIsNotA44pxBody (0.00s)
2026-10-10T07:42:24.6430245Z === RUN   TestAnimatedWhitelist
2026-10-10T07:42:24.6430336Z --- PASS: TestAnimatedWhitelist (0.00s)
2026-10-10T07:42:24.6430445Z === RUN   TestAnimationPolicyZeroTimerInSleeping
2026-10-10T07:42:24.6430583Z --- PASS: TestAnimationPolicyZeroTimerInSleeping (0.00s)
2026-10-10T07:42:24.6430679Z === RUN   TestHitTestAndDPIInjection
2026-10-10T07:42:24.6430774Z --- PASS: TestHitTestAndDPIInjection (0.00s)
2026-10-10T07:42:24.6430838Z PASS
2026-10-10T07:42:24.6430962Z ok  	github.com/CarlosShao/wisp/internal/ball	0.423s
2026-10-10T07:42:24.6431261Z time=2026-10-10T07:42:04.830Z level=INFO msg="winsec: sealing path resolver installed" resolver=risk.c26Pipeline probes_passed=2
2026-10-10T07:42:24.6431366Z === RUN   TestTicket90ThreeModesAndNoFourth
2026-10-10T07:42:24.6431486Z --- PASS: TestTicket90ThreeModesAndNoFourth (0.00s)
2026-10-10T07:42:24.6431655Z === RUN   TestTicket90OnlyAutoCostsAConfirmAndAllThreeAreAudited
2026-10-10T07:42:24.6431843Z --- PASS: TestTicket90OnlyAutoCostsAConfirmAndAllThreeAreAudited (0.00s)
2026-10-10T07:42:24.6431960Z === RUN   TestTicket90NoConfirmChannelMeansNoAuto
2026-10-10T07:42:24.6432176Z --- PASS: TestTicket90NoConfirmChannelMeansNoAuto (0.00s)
2026-10-10T07:42:24.6432296Z === RUN   TestTicket90ConfirmRefusalLeavesModeAlone
2026-10-10T07:42:24.6432496Z --- PASS: TestTicket90ConfirmRefusalLeavesModeAlone (0.00s)
2026-10-10T07:42:24.6432606Z === RUN   TestTicket90PersistFailureKeepsMemory
2026-10-10T07:42:24.6432737Z --- PASS: TestTicket90PersistFailureKeepsMemory (0.00s)
2026-10-10T07:42:24.6432824Z === RUN   TestTicket90SnapshotIsReadOnly
2026-10-10T07:42:24.6432938Z --- PASS: TestTicket90SnapshotIsReadOnly (0.00s)
2026-10-10T07:42:24.6433028Z === RUN   TestTicket90ScreenTable
2026-10-10T07:42:24.6433125Z --- PASS: TestTicket90ScreenTable (0.00s)
2026-10-10T07:42:24.6433242Z === RUN   TestTicket90TaintFlagAndDenyAreNeverSilenced
2026-10-10T07:42:24.6433402Z --- PASS: TestTicket90TaintFlagAndDenyAreNeverSilenced (0.00s)
2026-10-10T07:42:24.6433498Z === RUN   TestTicket90ParseModeIsLoud
2026-10-10T07:42:24.6433600Z --- PASS: TestTicket90ParseModeIsLoud (0.00s)
2026-10-10T07:42:24.6433721Z === RUN   TestTicket90ManualSwitchSurvivesRestart
2026-10-10T07:42:24.6434619Z time=2026-10-10T07:42:04.901Z level=INFO msg="config: wrote merged change into config.toml (ticket 226: only the keys listed changed value, every other key keeps the value the file already held; the file is re-laid in canonical form, so comments and hand-chosen key order are not preserved)" key=risk.permission_mode wrote=[risk.permission_mode]
2026-10-10T07:42:24.6435771Z time=2026-10-10T07:42:04.942Z level=INFO msg="config: wrote merged change into config.toml (ticket 226: only the keys listed changed value, every other key keeps the value the file already held; the file is re-laid in canonical form, so comments and hand-chosen key order are not preserved)" key=risk.permission_mode wrote=[risk.permission_mode]
2026-10-10T07:42:24.6436035Z --- PASS: TestTicket90ManualSwitchSurvivesRestart (0.08s)
2026-10-10T07:42:24.6436162Z === RUN   TestTicket90UntouchedConfigStartsAtTheDefault
2026-10-10T07:42:24.6436325Z --- PASS: TestTicket90UntouchedConfigStartsAtTheDefault (0.03s)
2026-10-10T07:42:24.6436455Z === RUN   TestTicket90SessionGrantDoesNotSurviveRestart
2026-10-10T07:42:24.6436603Z --- PASS: TestTicket90SessionGrantDoesNotSurviveRestart (0.31s)
2026-10-10T07:42:24.6436741Z === RUN   TestTicket90ConfigKeyChangesWhatTheChainAsks
2026-10-10T07:42:24.6436895Z --- PASS: TestTicket90ConfigKeyChangesWhatTheChainAsks (0.05s)
2026-10-10T07:42:24.6437027Z === RUN   TestTicket90HandEditLooseningGoesThroughD36
2026-10-10T07:42:24.6437407Z time=2026-10-10T07:42:05.421Z level=WARN msg="config: locked loosening approved via L2 re-confirmation (D36 rule 1)" section=risk keys=[risk.permission_mode]
2026-10-10T07:42:24.6438225Z     ticket90_persist_test.go:365: t90dump file=2569 bytes err=<nil> report=&{Hot:[] Reload:[] Restart:[] Locked:[{Section:risk Direction:loosen Approved:true Keys:[risk.permission_mode]}]} locked=[{Section:risk Direction:loosen Approved:true Keys:[risk.permission_mode]}]
2026-10-10T07:42:24.6438559Z time=2026-10-10T07:42:05.454Z level=INFO msg="config: locked section tightened, hot-applied" section=risk keys=[risk.permission_mode]
2026-10-10T07:42:24.6439420Z time=2026-10-10T07:42:05.457Z level=INFO msg="config: wrote merged change into config.toml (ticket 226: only the keys listed changed value, every other key keeps the value the file already held; the file is re-laid in canonical form, so comments and hand-chosen key order are not preserved)" key=risk.permission_mode wrote=[risk.permission_mode]
2026-10-10T07:42:24.6439565Z --- PASS: TestTicket90HandEditLooseningGoesThroughD36 (0.12s)
2026-10-10T07:42:24.6439634Z PASS
2026-10-10T07:42:24.6439980Z ok  	github.com/CarlosShao/wisp/internal/perm	0.756s
2026-10-10T07:42:24.6440091Z === RUN   TestDisposeRunsInReverseOrder
2026-10-10T07:42:24.6440428Z time=2026-10-10T07:42:05.946Z level=INFO msg="scope disposed" scope=task-reverse completed=3 failed=0 disposal_incomplete=false timed_out=false
2026-10-10T07:42:24.6440633Z --- PASS: TestDisposeRunsInReverseOrder (0.06s)
2026-10-10T07:42:24.6440727Z === RUN   TestDisposeIsIdempotent
2026-10-10T07:42:24.6441072Z time=2026-10-10T07:42:06.015Z level=INFO msg="scope disposed" scope=task-idempotent completed=2 failed=0 disposal_incomplete=false timed_out=false
2026-10-10T07:42:24.6441241Z --- PASS: TestDisposeIsIdempotent (0.04s)
2026-10-10T07:42:24.6441344Z === RUN   TestDisposePanicDoesNotBlockOthers
2026-10-10T07:42:24.6444961Z time=2026-10-10T07:42:06.033Z level=ERROR msg="goroutine panic recovered" goroutine=disposal-worker owner=scope:task-panic root="" error_class=internal recovered="destroy failed: injected" stack="goroutine 19 [running]:\nruntime/debug.Stack()\n\tC:/hostedtoolcache/windows/go/1.27.2/x64/src/runtime/debug/stack.go:26 +0x5e\ngithub.com/CarlosShao/wisp/internal/observe.(*Registry).run.func1()\n\tD:/a/wisp/wisp/internal/observe/goroutine.go:302 +0xbe\npanic({0x7ff779875d50?, 0x7ff7796ae250?})\n\tC:/hostedtoolcache/windows/go/1.27.2/x64/src/runtime/panic.go:859 +0x125\ngithub.com/CarlosShao/wisp/internal/plugin.TestDisposePanicDoesNotBlockOthers.func1()\n\tD:/a/wisp/wisp/internal/plugin/disposal_test.go:87 +0x25\ngithub.com/CarlosShao/wisp/internal/plugin.(*DisposalScope).Dispose.func1({0x0?, 0x0?})\n\tD:/a/wisp/wisp/internal/plugin/disposal.go:297 +0x13\ngithub.com/CarlosShao/wisp/internal/observe.(*Registry).run(0x0?, 0x0?, {0x7ff77969b8e6?, 0x35f76899ffd0?}, {0x35f76883bb30?, 0x0?}, 0x0?, 0x0?)\n\tD:/a/wisp/wisp/internal/observe/goroutine.go:340 +0x97\ncreated by github.com/CarlosShao/wisp/internal/observe.(*Registry).Spawn in goroutine 15\n\tD:/a/wisp/wisp/internal/observe/goroutine.go:281 +0x387\n" at=2026-10-10T07:42:06Z
2026-10-10T07:42:24.6445530Z time=2026-10-10T07:42:06.036Z level=ERROR msg="disposal step failed" scope=task-panic step=panics kind=panic err="internal: panic in goroutine \"disposal-worker\" (owner scope:task-panic): destroy failed: injected"
2026-10-10T07:42:24.6445983Z time=2026-10-10T07:42:06.036Z level=INFO msg="scope disposed" scope=task-panic completed=2 failed=1 disposal_incomplete=false timed_out=false
2026-10-10T07:42:24.6446197Z --- PASS: TestDisposePanicDoesNotBlockOthers (0.02s)
2026-10-10T07:42:24.6446397Z === RUN   TestDisposeTimeoutMarksIncomplete
2026-10-10T07:42:24.6446795Z time=2026-10-10T07:42:06.123Z level=ERROR msg="disposal step failed" scope=task-timeout step=blocks kind=incomplete err="timed out after 60ms (total budget 60ms)"
2026-10-10T07:42:24.6447205Z time=2026-10-10T07:42:06.123Z level=ERROR msg="disposal step failed" scope=task-timeout step=never-runs kind=incomplete err="disposal budget exhausted before this step ran"
2026-10-10T07:42:24.6447537Z time=2026-10-10T07:42:06.123Z level=INFO msg="scope disposed" scope=task-timeout completed=0 failed=2 disposal_incomplete=true timed_out=true
2026-10-10T07:42:24.6447665Z --- PASS: TestDisposeTimeoutMarksIncomplete (0.09s)
2026-10-10T07:42:24.6447756Z === RUN   TestDisposeTailOrder
2026-10-10T07:42:24.6448084Z time=2026-10-10T07:42:06.128Z level=INFO msg="scope disposed" scope=task-tail completed=1 failed=0 disposal_incomplete=false timed_out=false
2026-10-10T07:42:24.6448172Z --- PASS: TestDisposeTailOrder (0.00s)
2026-10-10T07:42:24.6448276Z === RUN   TestDeferAfterDisposeIsVisible
2026-10-10T07:42:24.6448600Z time=2026-10-10T07:42:06.128Z level=INFO msg="scope disposed" scope=task-late completed=0 failed=0 disposal_incomplete=false timed_out=false
2026-10-10T07:42:24.6448898Z time=2026-10-10T07:42:06.128Z level=ERROR msg="disposal_incomplete: Defer called after Dispose" scope=task-late step=step-1
2026-10-10T07:42:24.6449005Z --- PASS: TestDeferAfterDisposeIsVisible (0.00s)
2026-10-10T07:42:24.6449106Z === RUN   TestGoGoroutineGetsScopeCtx
2026-10-10T07:42:24.6449426Z time=2026-10-10T07:42:06.131Z level=INFO msg="scope disposed" scope=task-go completed=0 failed=0 disposal_incomplete=false timed_out=false
2026-10-10T07:42:24.6449530Z --- PASS: TestGoGoroutineGetsScopeCtx (0.00s)
2026-10-10T07:42:24.6449597Z PASS
2026-10-10T07:42:24.6449812Z ok  	github.com/CarlosShao/wisp/internal/plugin	0.293s
2026-10-10T07:42:24.6450122Z time=2026-10-10T07:42:06.243Z level=INFO msg="winsec: sealing path resolver installed" resolver=risk.c26Pipeline probes_passed=2
2026-10-10T07:42:24.6450288Z === RUN   TestRecordWithoutKeyFailsExplicitly
2026-10-10T07:42:24.6450415Z --- PASS: TestRecordWithoutKeyFailsExplicitly (0.00s)
2026-10-10T07:42:24.6450543Z === RUN   TestRecordCapturesSSEAndWritesParsableGolden
2026-10-10T07:42:24.6450923Z recorded C:\Users\RUNNER~1\AppData\Local\Temp\TestRecordCapturesSSEAndWritesParsableGolden1118599986\001\record-smoke.sse (167 bytes of SSE)
2026-10-10T07:42:24.6451071Z --- PASS: TestRecordCapturesSSEAndWritesParsableGolden (0.01s)
2026-10-10T07:42:24.6451144Z PASS
2026-10-10T07:42:24.6451263Z ok  	github.com/CarlosShao/wisp/cmd/llmrecord	0.063s
2026-10-10T07:42:24.6451355Z === RUN   TestTicket224MintIsRandomAndValid
2026-10-10T07:42:24.6451475Z --- PASS: TestTicket224MintIsRandomAndValid (0.00s)
2026-10-10T07:42:24.6451624Z === RUN   TestTicket224TestLiteralsAreOutsideTheMintedShape
2026-10-10T07:42:24.6451803Z --- PASS: TestTicket224TestLiteralsAreOutsideTheMintedShape (0.00s)
2026-10-10T07:42:24.6451914Z === RUN   TestTicket224RecordWritesOneRowPerAnswer
2026-10-10T07:42:24.6452525Z time=2026-10-10T07:42:07.278Z level=INFO msg="pre-migration backup written" component=memory backup=C:\Users\RUNNER~1\AppData\Local\Temp\TestTicket224RecordWritesOneRowPerAnswer2328259667\001\data\backup\wisp.db.bak-0-1 from=0 to=1
2026-10-10T07:42:24.6452880Z time=2026-10-10T07:42:07.334Z level=INFO msg="schema migration step applied" component=memory from=0 to=1 started_at=2026-10-10T07:42:07Z duration_ms=18
2026-10-10T07:42:24.6453709Z time=2026-10-10T07:42:07.392Z level=INFO msg="pre-migration backup written" component=memory backup=C:\Users\RUNNER~1\AppData\Local\Temp\TestTicket224RecordWritesOneRowPerAnswer2328259667\001\data\backup\wisp.db.bak-1-2 from=1 to=2
2026-10-10T07:42:24.6454241Z time=2026-10-10T07:42:07.434Z level=INFO msg="schema migration step applied" component=memory from=1 to=2 started_at=2026-10-10T07:42:07Z duration_ms=41
2026-10-10T07:42:24.6454633Z time=2026-10-10T07:42:07.498Z level=INFO msg="schema migration complete" component=memory schema_version=2
2026-10-10T07:42:24.6454963Z time=2026-10-10T07:42:07.500Z level=INFO msg="startup WAL checkpoint (TRUNCATE) done" component=memory wal_pages_before=0 pages_moved=0
2026-10-10T07:42:24.6455212Z --- PASS: TestTicket224RecordWritesOneRowPerAnswer (0.78s)
2026-10-10T07:42:24.6455389Z === RUN   TestTicket224RecordRefusesUnusableSubjects
2026-10-10T07:42:24.6456464Z time=2026-10-10T07:42:07.611Z level=INFO msg="pre-migration backup written" component=memory backup=C:\Users\RUNNER~1\AppData\Local\Temp\TestTicket224RecordRefusesUnusableSubjects3676283552\001\data\backup\wisp.db.bak-0-1 from=0 to=1
2026-10-10T07:42:24.6456913Z time=2026-10-10T07:42:07.620Z level=INFO msg="schema migration step applied" component=memory from=0 to=1 started_at=2026-10-10T07:42:07Z duration_ms=8
2026-10-10T07:42:24.6457514Z time=2026-10-10T07:42:07.638Z level=INFO msg="pre-migration backup written" component=memory backup=C:\Users\RUNNER~1\AppData\Local\Temp\TestTicket224RecordRefusesUnusableSubjects3676283552\001\data\backup\wisp.db.bak-1-2 from=1 to=2
2026-10-10T07:42:24.6457861Z time=2026-10-10T07:42:07.646Z level=INFO msg="schema migration step applied" component=memory from=1 to=2 started_at=2026-10-10T07:42:07Z duration_ms=7
2026-10-10T07:42:24.6458094Z time=2026-10-10T07:42:07.657Z level=INFO msg="schema migration complete" component=memory schema_version=2
2026-10-10T07:42:24.6458422Z time=2026-10-10T07:42:07.659Z level=INFO msg="startup WAL checkpoint (TRUNCATE) done" component=memory wal_pages_before=0 pages_moved=0
2026-10-10T07:42:24.6458571Z === RUN   TestTicket224RecordRefusesUnusableSubjects/no_tool
2026-10-10T07:42:24.6458718Z === RUN   TestTicket224RecordRefusesUnusableSubjects/blank_tool
2026-10-10T07:42:24.6458866Z === RUN   TestTicket224RecordRefusesUnusableSubjects/no_pattern
2026-10-10T07:42:24.6459150Z === RUN   TestTicket224RecordRefusesUnusableSubjects/unresolved_path
2026-10-10T07:42:24.6459304Z --- PASS: TestTicket224RecordRefusesUnusableSubjects (0.12s)
2026-10-10T07:42:24.6459579Z     --- PASS: TestTicket224RecordRefusesUnusableSubjects/no_tool (0.00s)
2026-10-10T07:42:24.6459870Z     --- PASS: TestTicket224RecordRefusesUnusableSubjects/blank_tool (0.00s)
2026-10-10T07:42:24.6460579Z     --- PASS: TestTicket224RecordRefusesUnusableSubjects/no_pattern (0.00s)
2026-10-10T07:42:24.6460806Z     --- PASS: TestTicket224RecordRefusesUnusableSubjects/unresolved_path (0.00s)
2026-10-10T07:42:24.6460930Z === RUN   TestTicket224CoveringMatchesItsOwnSession
2026-10-10T07:42:24.6461538Z time=2026-10-10T07:42:07.710Z level=INFO msg="pre-migration backup written" component=memory backup=C:\Users\RUNNER~1\AppData\Local\Temp\TestTicket224CoveringMatchesItsOwnSession3856209578\001\data\backup\wisp.db.bak-0-1 from=0 to=1
2026-10-10T07:42:24.6462015Z time=2026-10-10T07:42:07.720Z level=INFO msg="schema migration step applied" component=memory from=0 to=1 started_at=2026-10-10T07:42:07Z duration_ms=9
2026-10-10T07:42:24.6462766Z time=2026-10-10T07:42:07.823Z level=INFO msg="pre-migration backup written" component=memory backup=C:\Users\RUNNER~1\AppData\Local\Temp\TestTicket224CoveringMatchesItsOwnSession3856209578\001\data\backup\wisp.db.bak-1-2 from=1 to=2
2026-10-10T07:42:24.6463464Z time=2026-10-10T07:42:07.832Z level=INFO msg="schema migration step applied" component=memory from=1 to=2 started_at=2026-10-10T07:42:07Z duration_ms=8
2026-10-10T07:42:24.6463723Z time=2026-10-10T07:42:07.876Z level=INFO msg="schema migration complete" component=memory schema_version=2
2026-10-10T07:42:24.6464047Z time=2026-10-10T07:42:07.878Z level=INFO msg="startup WAL checkpoint (TRUNCATE) done" component=memory wal_pages_before=0 pages_moved=0
2026-10-10T07:42:24.6464213Z === RUN   TestTicket224CoveringMatchesItsOwnSession/another_tool
2026-10-10T07:42:24.6464356Z === RUN   TestTicket224CoveringMatchesItsOwnSession/another_path
2026-10-10T07:42:24.6464509Z === RUN   TestTicket224CoveringMatchesItsOwnSession/no_paths
2026-10-10T07:42:24.6464666Z === RUN   TestTicket224CoveringMatchesItsOwnSession/blank_path
2026-10-10T07:42:24.6464824Z === RUN   TestTicket224CoveringMatchesItsOwnSession/unresolved_path
2026-10-10T07:42:24.6465024Z === RUN   TestTicket224CoveringMatchesItsOwnSession/partial_coverage_of_two
2026-10-10T07:42:24.6465175Z --- PASS: TestTicket224CoveringMatchesItsOwnSession (0.21s)
2026-10-10T07:42:24.6465397Z     --- PASS: TestTicket224CoveringMatchesItsOwnSession/another_tool (0.00s)
2026-10-10T07:42:24.6465762Z     --- PASS: TestTicket224CoveringMatchesItsOwnSession/another_path (0.00s)
2026-10-10T07:42:24.6465973Z     --- PASS: TestTicket224CoveringMatchesItsOwnSession/no_paths (0.00s)
2026-10-10T07:42:24.6466177Z     --- PASS: TestTicket224CoveringMatchesItsOwnSession/blank_path (0.00s)
2026-10-10T07:42:24.6466397Z     --- PASS: TestTicket224CoveringMatchesItsOwnSession/unresolved_path (0.00s)
2026-10-10T07:42:24.6466647Z     --- PASS: TestTicket224CoveringMatchesItsOwnSession/partial_coverage_of_two (0.00s)
2026-10-10T07:42:24.6466785Z === RUN   TestTicket224CoveringDoesNotCrossToANewSession
2026-10-10T07:42:24.6467420Z time=2026-10-10T07:42:07.920Z level=INFO msg="pre-migration backup written" component=memory backup=C:\Users\RUNNER~1\AppData\Local\Temp\TestTicket224CoveringDoesNotCrossToANewSession2975125766\001\data\backup\wisp.db.bak-0-1 from=0 to=1
2026-10-10T07:42:24.6467768Z time=2026-10-10T07:42:07.931Z level=INFO msg="schema migration step applied" component=memory from=0 to=1 started_at=2026-10-10T07:42:07Z duration_ms=11
2026-10-10T07:42:24.6468399Z time=2026-10-10T07:42:07.948Z level=INFO msg="pre-migration backup written" component=memory backup=C:\Users\RUNNER~1\AppData\Local\Temp\TestTicket224CoveringDoesNotCrossToANewSession2975125766\001\data\backup\wisp.db.bak-1-2 from=1 to=2
2026-10-10T07:42:24.6468829Z time=2026-10-10T07:42:07.955Z level=INFO msg="schema migration step applied" component=memory from=1 to=2 started_at=2026-10-10T07:42:07Z duration_ms=7
2026-10-10T07:42:24.6469072Z time=2026-10-10T07:42:07.970Z level=INFO msg="schema migration complete" component=memory schema_version=2
2026-10-10T07:42:24.6469453Z time=2026-10-10T07:42:07.972Z level=INFO msg="startup WAL checkpoint (TRUNCATE) done" component=memory wal_pages_before=0 pages_moved=0
2026-10-10T07:42:24.6469605Z --- PASS: TestTicket224CoveringDoesNotCrossToANewSession (0.13s)
2026-10-10T07:42:24.6469732Z === RUN   TestTicket224ExpiredOrRevokedRowIsNotLive
2026-10-10T07:42:24.6470336Z time=2026-10-10T07:42:08.065Z level=INFO msg="pre-migration backup written" component=memory backup=C:\Users\RUNNER~1\AppData\Local\Temp\TestTicket224ExpiredOrRevokedRowIsNotLive2359988652\001\data\backup\wisp.db.bak-0-1 from=0 to=1
2026-10-10T07:42:24.6470690Z time=2026-10-10T07:42:08.074Z level=INFO msg="schema migration step applied" component=memory from=0 to=1 started_at=2026-10-10T07:42:08Z duration_ms=8
2026-10-10T07:42:24.6471290Z time=2026-10-10T07:42:08.094Z level=INFO msg="pre-migration backup written" component=memory backup=C:\Users\RUNNER~1\AppData\Local\Temp\TestTicket224ExpiredOrRevokedRowIsNotLive2359988652\001\data\backup\wisp.db.bak-1-2 from=1 to=2
2026-10-10T07:42:24.6471656Z time=2026-10-10T07:42:08.323Z level=INFO msg="schema migration step applied" component=memory from=1 to=2 started_at=2026-10-10T07:42:08Z duration_ms=228
2026-10-10T07:42:24.6471889Z time=2026-10-10T07:42:08.346Z level=INFO msg="schema migration complete" component=memory schema_version=2
2026-10-10T07:42:24.6472208Z time=2026-10-10T07:42:08.353Z level=INFO msg="startup WAL checkpoint (TRUNCATE) done" component=memory wal_pages_before=0 pages_moved=0
2026-10-10T07:42:24.6472345Z --- PASS: TestTicket224ExpiredOrRevokedRowIsNotLive (0.38s)
2026-10-10T07:42:24.6472479Z === RUN   TestTicket224LedgerFailsClosedOnStoreErrors
2026-10-10T07:42:24.6472684Z --- PASS: TestTicket224LedgerFailsClosedOnStoreErrors (0.00s)
2026-10-10T07:42:24.6472870Z === RUN   TestTicket224NewLedgerRefusesHandWrittenIDs
2026-10-10T07:42:24.6473826Z time=2026-10-10T07:42:08.479Z level=INFO msg="pre-migration backup written" component=memory backup=C:\Users\RUNNER~1\AppData\Local\Temp\TestTicket224NewLedgerRefusesHandWrittenIDs3174427444\001\data\backup\wisp.db.bak-0-1 from=0 to=1
2026-10-10T07:42:24.6474401Z time=2026-10-10T07:42:08.506Z level=INFO msg="schema migration step applied" component=memory from=0 to=1 started_at=2026-10-10T07:42:08Z duration_ms=27
2026-10-10T07:42:24.6475370Z time=2026-10-10T07:42:08.531Z level=INFO msg="pre-migration backup written" component=memory backup=C:\Users\RUNNER~1\AppData\Local\Temp\TestTicket224NewLedgerRefusesHandWrittenIDs3174427444\001\data\backup\wisp.db.bak-1-2 from=1 to=2
2026-10-10T07:42:24.6475901Z time=2026-10-10T07:42:08.558Z level=INFO msg="schema migration step applied" component=memory from=1 to=2 started_at=2026-10-10T07:42:08Z duration_ms=27
2026-10-10T07:42:24.6476244Z time=2026-10-10T07:42:08.601Z level=INFO msg="schema migration complete" component=memory schema_version=2
2026-10-10T07:42:24.6476735Z time=2026-10-10T07:42:08.606Z level=INFO msg="startup WAL checkpoint (TRUNCATE) done" component=memory wal_pages_before=0 pages_moved=0
2026-10-10T07:42:24.6476967Z --- PASS: TestTicket224NewLedgerRefusesHandWrittenIDs (0.20s)
2026-10-10T07:42:24.6477155Z === RUN   TestTicket224WildcardRowCoversAConcretePath
2026-10-10T07:42:24.6478174Z time=2026-10-10T07:42:08.689Z level=INFO msg="pre-migration backup written" component=memory backup=C:\Users\RUNNER~1\AppData\Local\Temp\TestTicket224WildcardRowCoversAConcretePath1348167947\002\data\backup\wisp.db.bak-0-1 from=0 to=1
2026-10-10T07:42:24.6478716Z time=2026-10-10T07:42:08.700Z level=INFO msg="schema migration step applied" component=memory from=0 to=1 started_at=2026-10-10T07:42:08Z duration_ms=11
2026-10-10T07:42:24.6479868Z time=2026-10-10T07:42:08.719Z level=INFO msg="pre-migration backup written" component=memory backup=C:\Users\RUNNER~1\AppData\Local\Temp\TestTicket224WildcardRowCoversAConcretePath1348167947\002\data\backup\wisp.db.bak-1-2 from=1 to=2
2026-10-10T07:42:24.6480883Z time=2026-10-10T07:42:08.729Z level=INFO msg="schema migration step applied" component=memory from=1 to=2 started_at=2026-10-10T07:42:08Z duration_ms=9
2026-10-10T07:42:24.6481373Z time=2026-10-10T07:42:08.744Z level=INFO msg="schema migration complete" component=memory schema_version=2
2026-10-10T07:42:24.6482255Z time=2026-10-10T07:42:08.744Z level=INFO msg="startup WAL checkpoint (TRUNCATE) done" component=memory wal_pages_before=0 pages_moved=0
2026-10-10T07:42:24.6482520Z --- PASS: TestTicket224WildcardRowCoversAConcretePath (0.16s)
2026-10-10T07:42:24.6482693Z === RUN   TestTicket224DialectIsPathMatchNotRegex
2026-10-10T07:42:24.6483026Z === RUN   TestTicket224DialectIsPathMatchNotRegex/question_mark_is_a_single_character
2026-10-10T07:42:24.6484176Z time=2026-10-10T07:42:08.789Z level=INFO msg="pre-migration backup written" component=memory backup=C:\Users\RUNNER~1\AppData\Local\Temp\TestTicket224DialectIsPathMatchNotRegexquestion_mark_is_a_singl308577829\001\data\backup\wisp.db.bak-0-1 from=0 to=1
2026-10-10T07:42:24.6484750Z time=2026-10-10T07:42:08.801Z level=INFO msg="schema migration step applied" component=memory from=0 to=1 started_at=2026-10-10T07:42:08Z duration_ms=12
2026-10-10T07:42:24.6485692Z time=2026-10-10T07:42:08.840Z level=INFO msg="pre-migration backup written" component=memory backup=C:\Users\RUNNER~1\AppData\Local\Temp\TestTicket224DialectIsPathMatchNotRegexquestion_mark_is_a_singl308577829\001\data\backup\wisp.db.bak-1-2 from=1 to=2
2026-10-10T07:42:24.6486048Z time=2026-10-10T07:42:08.876Z level=INFO msg="schema migration step applied" component=memory from=1 to=2 started_at=2026-10-10T07:42:08Z duration_ms=36
2026-10-10T07:42:24.6486293Z time=2026-10-10T07:42:09.055Z level=INFO msg="schema migration complete" component=memory schema_version=2
2026-10-10T07:42:24.6486689Z time=2026-10-10T07:42:09.058Z level=INFO msg="startup WAL checkpoint (TRUNCATE) done" component=memory wal_pages_before=0 pages_moved=0
2026-10-10T07:42:24.6487018Z === RUN   TestTicket224DialectIsPathMatchNotRegex/bracket_is_a_class_over_one_character
2026-10-10T07:42:24.6488090Z time=2026-10-10T07:42:09.246Z level=INFO msg="pre-migration backup written" component=memory backup=C:\Users\RUNNER~1\AppData\Local\Temp\TestTicket224DialectIsPathMatchNotRegexbracket_is_a_class_over_4263327256\001\data\backup\wisp.db.bak-0-1 from=0 to=1
2026-10-10T07:42:24.6488749Z time=2026-10-10T07:42:09.313Z level=INFO msg="schema migration step applied" component=memory from=0 to=1 started_at=2026-10-10T07:42:09Z duration_ms=66
2026-10-10T07:42:24.6489570Z time=2026-10-10T07:42:09.362Z level=INFO msg="pre-migration backup written" component=memory backup=C:\Users\RUNNER~1\AppData\Local\Temp\TestTicket224DialectIsPathMatchNotRegexbracket_is_a_class_over_4263327256\001\data\backup\wisp.db.bak-1-2 from=1 to=2
2026-10-10T07:42:24.6489927Z time=2026-10-10T07:42:09.385Z level=INFO msg="schema migration step applied" component=memory from=1 to=2 started_at=2026-10-10T07:42:09Z duration_ms=22
2026-10-10T07:42:24.6490169Z time=2026-10-10T07:42:09.431Z level=INFO msg="schema migration complete" component=memory schema_version=2
2026-10-10T07:42:24.6490480Z time=2026-10-10T07:42:09.432Z level=INFO msg="startup WAL checkpoint (TRUNCATE) done" component=memory wal_pages_before=0 pages_moved=0
2026-10-10T07:42:24.6490752Z === RUN   TestTicket224DialectIsPathMatchNotRegex/a_regex-shaped_row_is_honoured_as_a_literal_pattern
2026-10-10T07:42:24.6491412Z time=2026-10-10T07:42:09.727Z level=INFO msg="pre-migration backup written" component=memory backup=C:\Users\RUNNER~1\AppData\Local\Temp\TestTicket224DialectIsPathMatchNotRegexa_regex-shaped_row_is_ho3649172775\001\data\backup\wisp.db.bak-0-1 from=0 to=1
2026-10-10T07:42:24.6491757Z time=2026-10-10T07:42:09.766Z level=INFO msg="schema migration step applied" component=memory from=0 to=1 started_at=2026-10-10T07:42:09Z duration_ms=39
2026-10-10T07:42:24.6492573Z time=2026-10-10T07:42:09.809Z level=INFO msg="pre-migration backup written" component=memory backup=C:\Users\RUNNER~1\AppData\Local\Temp\TestTicket224DialectIsPathMatchNotRegexa_regex-shaped_row_is_ho3649172775\001\data\backup\wisp.db.bak-1-2 from=1 to=2
2026-10-10T07:42:24.6492998Z time=2026-10-10T07:42:09.828Z level=INFO msg="schema migration step applied" component=memory from=1 to=2 started_at=2026-10-10T07:42:09Z duration_ms=18
2026-10-10T07:42:24.6493273Z time=2026-10-10T07:42:09.866Z level=INFO msg="schema migration complete" component=memory schema_version=2
2026-10-10T07:42:24.6493782Z time=2026-10-10T07:42:09.868Z level=INFO msg="startup WAL checkpoint (TRUNCATE) done" component=memory wal_pages_before=0 pages_moved=0
2026-10-10T07:42:24.6494043Z --- PASS: TestTicket224DialectIsPathMatchNotRegex (1.17s)
2026-10-10T07:42:24.6494475Z     --- PASS: TestTicket224DialectIsPathMatchNotRegex/question_mark_is_a_single_character (0.40s)
2026-10-10T07:42:24.6494947Z     --- PASS: TestTicket224DialectIsPathMatchNotRegex/bracket_is_a_class_over_one_character (0.45s)
2026-10-10T07:42:24.6495466Z     --- PASS: TestTicket224DialectIsPathMatchNotRegex/a_regex-shaped_row_is_honoured_as_a_literal_pattern (0.31s)
2026-10-10T07:42:24.6495702Z === RUN   TestTicket224PatternWithoutStarIsNeverReinterpreted
2026-10-10T07:42:24.6496716Z time=2026-10-10T07:42:09.994Z level=INFO msg="pre-migration backup written" component=memory backup=C:\Users\RUNNER~1\AppData\Local\Temp\TestTicket224PatternWithoutStarIsNeverReinterpreted3153573719\001\data\backup\wisp.db.bak-0-1 from=0 to=1
2026-10-10T07:42:24.6497226Z time=2026-10-10T07:42:10.034Z level=INFO msg="schema migration step applied" component=memory from=0 to=1 started_at=2026-10-10T07:42:09Z duration_ms=39
2026-10-10T07:42:24.6498087Z time=2026-10-10T07:42:10.092Z level=INFO msg="pre-migration backup written" component=memory backup=C:\Users\RUNNER~1\AppData\Local\Temp\TestTicket224PatternWithoutStarIsNeverReinterpreted3153573719\001\data\backup\wisp.db.bak-1-2 from=1 to=2
2026-10-10T07:42:24.6498465Z time=2026-10-10T07:42:10.131Z level=INFO msg="schema migration step applied" component=memory from=1 to=2 started_at=2026-10-10T07:42:10Z duration_ms=39
2026-10-10T07:42:24.6498696Z time=2026-10-10T07:42:10.161Z level=INFO msg="schema migration complete" component=memory schema_version=2
2026-10-10T07:42:24.6499013Z time=2026-10-10T07:42:10.163Z level=INFO msg="startup WAL checkpoint (TRUNCATE) done" component=memory wal_pages_before=0 pages_moved=0
2026-10-10T07:42:24.6499219Z === RUN   TestTicket224PatternWithoutStarIsNeverReinterpreted//work/note[s].txt
2026-10-10T07:42:24.6499412Z === RUN   TestTicket224PatternWithoutStarIsNeverReinterpreted//work/a?c.txt
2026-10-10T07:42:24.6499604Z === RUN   TestTicket224PatternWithoutStarIsNeverReinterpreted//work/[a-c].txt
2026-10-10T07:42:24.6499909Z === RUN   TestTicket224PatternWithoutStarIsNeverReinterpreted//work/plain.txt
2026-10-10T07:42:24.6500195Z --- PASS: TestTicket224PatternWithoutStarIsNeverReinterpreted (0.29s)
2026-10-10T07:42:24.6500946Z     --- PASS: TestTicket224PatternWithoutStarIsNeverReinterpreted//work/note[s].txt (0.01s)
2026-10-10T07:42:24.6501366Z     --- PASS: TestTicket224PatternWithoutStarIsNeverReinterpreted//work/a?c.txt (0.00s)
2026-10-10T07:42:24.6501795Z     --- PASS: TestTicket224PatternWithoutStarIsNeverReinterpreted//work/[a-c].txt (0.00s)
2026-10-10T07:42:24.6502210Z     --- PASS: TestTicket224PatternWithoutStarIsNeverReinterpreted//work/plain.txt (0.00s)
2026-10-10T07:42:24.6502407Z === RUN   TestTicket224MalformedWildcardIsRefusedAtTheDoorAndIgnoredOnDisk
2026-10-10T07:42:24.6503274Z time=2026-10-10T07:42:10.283Z level=INFO msg="pre-migration backup written" component=memory backup=C:\Users\RUNNER~1\AppData\Local\Temp\TestTicket224MalformedWildcardIsRefusedAtTheDoorAndIgnoredOnDisk4023239401\001\data\backup\wisp.db.bak-0-1 from=0 to=1
2026-10-10T07:42:24.6503824Z time=2026-10-10T07:42:10.351Z level=INFO msg="schema migration step applied" component=memory from=0 to=1 started_at=2026-10-10T07:42:10Z duration_ms=68
2026-10-10T07:42:24.6504616Z time=2026-10-10T07:42:10.381Z level=INFO msg="pre-migration backup written" component=memory backup=C:\Users\RUNNER~1\AppData\Local\Temp\TestTicket224MalformedWildcardIsRefusedAtTheDoorAndIgnoredOnDisk4023239401\001\data\backup\wisp.db.bak-1-2 from=1 to=2
2026-10-10T07:42:24.6505317Z time=2026-10-10T07:42:10.427Z level=INFO msg="schema migration step applied" component=memory from=1 to=2 started_at=2026-10-10T07:42:10Z duration_ms=46
2026-10-10T07:42:24.6505798Z time=2026-10-10T07:42:10.489Z level=INFO msg="schema migration complete" component=memory schema_version=2
2026-10-10T07:42:24.6506314Z time=2026-10-10T07:42:10.491Z level=INFO msg="startup WAL checkpoint (TRUNCATE) done" component=memory wal_pages_before=0 pages_moved=0
2026-10-10T07:42:24.6507613Z time=2026-10-10T07:42:10.621Z level=INFO msg="pre-migration backup written" component=memory backup=C:\Users\RUNNER~1\AppData\Local\Temp\TestTicket224MalformedWildcardIsRefusedAtTheDoorAndIgnoredOnDisk4023239401\002\ghost-data\backup\wisp.db.bak-0-1 from=0 to=1
2026-10-10T07:42:24.6508050Z time=2026-10-10T07:42:10.648Z level=INFO msg="schema migration step applied" component=memory from=0 to=1 started_at=2026-10-10T07:42:10Z duration_ms=27
2026-10-10T07:42:24.6508767Z time=2026-10-10T07:42:10.682Z level=INFO msg="pre-migration backup written" component=memory backup=C:\Users\RUNNER~1\AppData\Local\Temp\TestTicket224MalformedWildcardIsRefusedAtTheDoorAndIgnoredOnDisk4023239401\002\ghost-data\backup\wisp.db.bak-1-2 from=1 to=2
2026-10-10T07:42:24.6509126Z time=2026-10-10T07:42:10.709Z level=INFO msg="schema migration step applied" component=memory from=1 to=2 started_at=2026-10-10T07:42:10Z duration_ms=26
2026-10-10T07:42:24.6509371Z time=2026-10-10T07:42:10.736Z level=INFO msg="schema migration complete" component=memory schema_version=2
2026-10-10T07:42:24.6509692Z time=2026-10-10T07:42:10.738Z level=INFO msg="startup WAL checkpoint (TRUNCATE) done" component=memory wal_pages_before=0 pages_moved=0
2026-10-10T07:42:24.6509920Z --- PASS: TestTicket224MalformedWildcardIsRefusedAtTheDoorAndIgnoredOnDisk (0.58s)
2026-10-10T07:42:24.6510053Z === RUN   TestTicket224PatternCoversIsTheOnlyMatcher
2026-10-10T07:42:24.6510212Z --- PASS: TestTicket224PatternCoversIsTheOnlyMatcher (0.00s)
2026-10-10T07:42:24.6510279Z PASS
2026-10-10T07:42:24.6510406Z ok  	github.com/CarlosShao/wisp/internal/session	4.123s
2026-10-10T07:42:24.6510715Z time=2026-10-10T07:42:07.033Z level=INFO msg="winsec: sealing path resolver installed" resolver=risk.c26Pipeline probes_passed=2
2026-10-10T07:42:24.6510838Z === RUN   TestWalksUpFromWorkspaceInPriorityOrder
2026-10-10T07:42:24.6510973Z --- PASS: TestWalksUpFromWorkspaceInPriorityOrder (0.22s)
2026-10-10T07:42:24.6511082Z === RUN   TestUpwardWalkTerminatesAtTheRoot
2026-10-10T07:42:24.6511203Z --- PASS: TestUpwardWalkTerminatesAtTheRoot (0.01s)
2026-10-10T07:42:24.6511317Z === RUN   TestFileNamePriorityInsideOneDirectory
2026-10-10T07:42:24.6511446Z --- PASS: TestFileNamePriorityInsideOneDirectory (0.01s)
2026-10-10T07:42:24.6511556Z === RUN   TestSameFileSeenTwiceIsInjectedOnce
2026-10-10T07:42:24.6511684Z --- PASS: TestSameFileSeenTwiceIsInjectedOnce (0.00s)
2026-10-10T07:42:24.6511837Z === RUN   TestOverBudgetDropsBroadFirstAndTruncatesOnlyTheLast
2026-10-10T07:42:24.6512023Z --- PASS: TestOverBudgetDropsBroadFirstAndTruncatesOnlyTheLast (0.01s)
2026-10-10T07:42:24.6512143Z === RUN   TestLoaderHasNoImportPathToPermOrConfig
2026-10-10T07:42:24.6512282Z --- PASS: TestLoaderHasNoImportPathToPermOrConfig (0.00s)
2026-10-10T07:42:24.6512412Z === RUN   TestLoadedContentCarriesTheExistingC25SourceName
2026-10-10T07:42:24.6512587Z --- PASS: TestLoadedContentCarriesTheExistingC25SourceName (0.00s)
2026-10-10T07:42:24.6512704Z === RUN   TestPanelCarrierCarriesTheManifest
2026-10-10T07:42:24.6512816Z --- PASS: TestPanelCarrierCarriesTheManifest (0.02s)
2026-10-10T07:42:24.6512926Z === RUN   TestOffSwitchReadsNothingAndSaysWhy
2026-10-10T07:42:24.6513152Z --- PASS: TestOffSwitchReadsNothingAndSaysWhy (0.01s)
2026-10-10T07:42:24.6513259Z === RUN   TestZeroBudgetIsStatedNotSilent
2026-10-10T07:42:24.6513369Z --- PASS: TestZeroBudgetIsStatedNotSilent (0.00s)
2026-10-10T07:42:24.6513507Z PASS
2026-10-10T07:42:24.6513639Z ok  	github.com/CarlosShao/wisp/internal/projctx	0.625s
2026-10-10T07:42:24.6513734Z === RUN   TestAC247RealCaptureLoopEmitsLevels
2026-10-10T07:42:24.6513860Z --- PASS: TestAC247RealCaptureLoopEmitsLevels (0.28s)
2026-10-10T07:42:24.6513985Z === RUN   TestAC247LevelSinkGetsOneScalarPerSeamFrame
2026-10-10T07:42:24.6514140Z --- PASS: TestAC247LevelSinkGetsOneScalarPerSeamFrame (0.01s)
2026-10-10T07:42:24.6514262Z === RUN   TestAC247LevelSinkRunsEvenWithNoFrameConsumer
2026-10-10T07:42:24.6514796Z time=2026-10-10T07:42:08.174Z level=WARN msg="audio frames dropped: bounded channel full (slow consumer)" source=wav-injector dropped_frames_total=1 dropped_bytes_total=1024 bounded_window=192ms frame_ms=32
2026-10-10T07:42:24.6514957Z --- PASS: TestAC247LevelSinkRunsEvenWithNoFrameConsumer (0.08s)
2026-10-10T07:42:24.6515082Z === RUN   TestAC247CaptureRegistryReplacesTheDefault
2026-10-10T07:42:24.6515224Z --- PASS: TestAC247CaptureRegistryReplacesTheDefault (0.00s)
2026-10-10T07:42:24.6515357Z === RUN   TestAC247CaptureConfigDefaultsKeepTheOldShape
2026-10-10T07:42:24.6515828Z time=2026-10-10T07:42:08.244Z level=ERROR msg="audio level: seam frame rejected, no level emitted" err="audio level: frame is 1022 bytes, the C8 seam guarantees 1024 (FrameSamples 512 int16 samples)"
2026-10-10T07:42:24.6515976Z --- PASS: TestAC247CaptureConfigDefaultsKeepTheOldShape (0.00s)
2026-10-10T07:42:24.6516082Z === RUN   TestGateHalfDuplexClosedZeroFrames
2026-10-10T07:42:24.6516204Z --- PASS: TestGateHalfDuplexClosedZeroFrames (0.63s)
2026-10-10T07:42:24.6516297Z === RUN   TestGatePathCFullDuplex
2026-10-10T07:42:24.6516390Z --- PASS: TestGatePathCFullDuplex (0.14s)
2026-10-10T07:42:24.6516476Z === RUN   TestGateMutedEvents
2026-10-10T07:42:24.6516573Z --- PASS: TestGateMutedEvents (0.93s)
2026-10-10T07:42:24.6516646Z === RUN   TestGateStartMuted
2026-10-10T07:42:24.6516736Z --- PASS: TestGateStartMuted (0.47s)
2026-10-10T07:42:24.6516889Z === RUN   TestGateStopIdempotent
2026-10-10T07:42:24.6517063Z --- PASS: TestGateStopIdempotent (0.00s)
2026-10-10T07:42:24.6517192Z === RUN   TestHotplugReenumerateOnce
2026-10-10T07:42:24.6517710Z time=2026-10-10T07:42:10.552Z level=INFO msg="audio capture reopened after device change" source=wasapi-mic device="Fake Mic B"
2026-10-10T07:42:24.6518007Z time=2026-10-10T07:42:10.696Z level=INFO msg="audio capture reopened after device change" source=wasapi-mic device="Fake Mic B"
2026-10-10T07:42:24.6518107Z --- PASS: TestHotplugReenumerateOnce (0.36s)
2026-10-10T07:42:24.6518206Z === RUN   TestHotplugStaleHandleFailsLoudly
2026-10-10T07:42:24.6519127Z time=2026-10-10T07:42:10.890Z level=ERROR msg="audio source failed" source=wasapi-mic error="audio_device: hotplug reopen failed; keeping no stale handle (previous device Dying Mic): audio_device: Open capture on device Dying Mic (0x8889000A): capture device is held in exclusive mode by another application; close that application or pick another device"
2026-10-10T07:42:24.6519258Z --- PASS: TestHotplugStaleHandleFailsLoudly (0.42s)
2026-10-10T07:42:24.6519373Z === RUN   TestHotplugReenumerateFailureNamesDevice
2026-10-10T07:42:24.6520083Z time=2026-10-10T07:42:11.343Z level=ERROR msg="audio source failed" source=wasapi-mic error="audio_device: hotplug reopen failed; keeping no stale handle (previous device Unplugged Mic): audio_device: capture device enumeration failed: audio_device: no capture endpoint present"
2026-10-10T07:42:24.6520235Z --- PASS: TestHotplugReenumerateFailureNamesDevice (0.15s)
2026-10-10T07:42:24.6520345Z === RUN   TestOpenOccupiedAndPermissionDenied
2026-10-10T07:42:24.6520518Z === RUN   TestOpenOccupiedAndPermissionDenied/occupied_(exclusive_mode)
2026-10-10T07:42:24.6521530Z time=2026-10-10T07:42:11.355Z level=ERROR msg="audio source failed" source=wasapi-mic error="audio_device: Initialize(shared mode) on device Busy Mic (0x8889000A): capture device is held in exclusive mode by another application; close that application or pick another device"
2026-10-10T07:42:24.6521751Z === RUN   TestOpenOccupiedAndPermissionDenied/permission_denied
2026-10-10T07:42:24.6522475Z time=2026-10-10T07:42:11.356Z level=ERROR msg="audio source failed" source=wasapi-mic error="audio_device: Initialize(shared mode) on device Busy Mic (0x80070005): microphone access denied: allow desktop apps to use the microphone under Windows Settings > Privacy & security > Microphone"
2026-10-10T07:42:24.6522613Z --- PASS: TestOpenOccupiedAndPermissionDenied (0.00s)
2026-10-10T07:42:24.6522859Z     --- PASS: TestOpenOccupiedAndPermissionDenied/occupied_(exclusive_mode) (0.00s)
2026-10-10T07:42:24.6523215Z     --- PASS: TestOpenOccupiedAndPermissionDenied/permission_denied (0.00s)
2026-10-10T07:42:24.6523327Z === RUN   TestEndpointsPairQueryable
2026-10-10T07:42:24.6523428Z --- PASS: TestEndpointsPairQueryable (0.00s)
2026-10-10T07:42:24.6523519Z === RUN   TestPinnedThreadStable10s
2026-10-10T07:42:24.6524029Z time=2026-10-10T07:42:14.428Z level=WARN msg="audio frames dropped: bounded channel full (slow consumer)" source=wasapi-mic dropped_frames_total=1 dropped_bytes_total=1024 bounded_window=192ms frame_ms=32
2026-10-10T07:42:24.6524543Z time=2026-10-10T07:42:15.505Z level=WARN msg="audio frames dropped: bounded channel full (slow consumer)" source=wasapi-mic dropped_frames_total=13 dropped_bytes_total=13312 bounded_window=192ms frame_ms=32
2026-10-10T07:42:24.6525034Z time=2026-10-10T07:42:16.541Z level=WARN msg="audio frames dropped: bounded channel full (slow consumer)" source=wasapi-mic dropped_frames_total=24 dropped_bytes_total=24576 bounded_window=192ms frame_ms=32
2026-10-10T07:42:24.6525534Z time=2026-10-10T07:42:17.621Z level=WARN msg="audio frames dropped: bounded channel full (slow consumer)" source=wasapi-mic dropped_frames_total=36 dropped_bytes_total=36864 bounded_window=192ms frame_ms=32
2026-10-10T07:42:24.6526031Z time=2026-10-10T07:42:18.656Z level=WARN msg="audio frames dropped: bounded channel full (slow consumer)" source=wasapi-mic dropped_frames_total=47 dropped_bytes_total=48128 bounded_window=192ms frame_ms=32
2026-10-10T07:42:24.6526520Z time=2026-10-10T07:42:19.732Z level=WARN msg="audio frames dropped: bounded channel full (slow consumer)" source=wasapi-mic dropped_frames_total=59 dropped_bytes_total=60416 bounded_window=192ms frame_ms=32
2026-10-10T07:42:24.6527007Z time=2026-10-10T07:42:20.748Z level=WARN msg="audio frames dropped: bounded channel full (slow consumer)" source=wasapi-mic dropped_frames_total=70 dropped_bytes_total=71680 bounded_window=192ms frame_ms=32
2026-10-10T07:42:24.6527105Z --- PASS: TestPinnedThreadStable10s (10.06s)
2026-10-10T07:42:24.6527213Z === RUN   TestCaptureLoopWavIntegrity
2026-10-10T07:42:24.6527318Z --- PASS: TestCaptureLoopWavIntegrity (1.05s)
2026-10-10T07:42:24.6527407Z === RUN   TestLevelSilentFrameIsExactZero
2026-10-10T07:42:24.6527524Z --- PASS: TestLevelSilentFrameIsExactZero (0.00s)
2026-10-10T07:42:24.6527637Z === RUN   TestLevelFullScaleSquareEndpoints
2026-10-10T07:42:24.6527755Z --- PASS: TestLevelFullScaleSquareEndpoints (0.00s)
2026-10-10T07:42:24.6527836Z === RUN   TestLevelSineAgainstRootTwo
2026-10-10T07:42:24.6527942Z --- PASS: TestLevelSineAgainstRootTwo (0.00s)
2026-10-10T07:42:24.6528036Z === RUN   TestLevelIsLinearInAmplitude
2026-10-10T07:42:24.6528135Z --- PASS: TestLevelIsLinearInAmplitude (0.00s)
2026-10-10T07:42:24.6528247Z === RUN   TestLevelSineToleranceIsNamedAndBounded
2026-10-10T07:42:24.6528391Z --- PASS: TestLevelSineToleranceIsNamedAndBounded (0.00s)
2026-10-10T07:42:24.6528541Z === RUN   TestLevelSameInputSameBits
2026-10-10T07:42:24.6528687Z --- PASS: TestLevelSameInputSameBits (0.00s)
2026-10-10T07:42:24.6528865Z === RUN   TestFrameLevelRejectsNonSeamFrames
2026-10-10T07:42:24.6529063Z --- PASS: TestFrameLevelRejectsNonSeamFrames (0.00s)
2026-10-10T07:42:24.6529240Z === RUN   TestSeamCodecRoundTrip
2026-10-10T07:42:24.6529340Z --- PASS: TestSeamCodecRoundTrip (0.00s)
2026-10-10T07:42:24.6529463Z === RUN   TestLevelOverBoundedChannelFromWavInjector
2026-10-10T07:42:24.6529673Z --- PASS: TestLevelOverBoundedChannelFromWavInjector (0.10s)
2026-10-10T07:42:24.6529758Z === RUN   TestLevelFrameIsOneSeamFrame
2026-10-10T07:42:24.6529866Z --- PASS: TestLevelFrameIsOneSeamFrame (0.00s)
2026-10-10T07:42:24.6529981Z === RUN   TestParseWaveFormatSubFormatOffset300
2026-10-10T07:42:24.6530121Z === RUN   TestParseWaveFormatSubFormatOffset300/S1_float_at_24
2026-10-10T07:42:24.6530263Z === RUN   TestParseWaveFormatSubFormatOffset300/S2_pcm_at_24
2026-10-10T07:42:24.6530444Z === RUN   TestParseWaveFormatSubFormatOffset300/S3_bogus_subtype_7_at_24
2026-10-10T07:42:24.6530619Z === RUN   TestParseWaveFormatSubFormatOffset300/S4_data1_shifted_to_26
2026-10-10T07:42:24.6530747Z --- PASS: TestParseWaveFormatSubFormatOffset300 (0.00s)
2026-10-10T07:42:24.6530964Z     --- PASS: TestParseWaveFormatSubFormatOffset300/S1_float_at_24 (0.00s)
2026-10-10T07:42:24.6531166Z     --- PASS: TestParseWaveFormatSubFormatOffset300/S2_pcm_at_24 (0.00s)
2026-10-10T07:42:24.6531402Z     --- PASS: TestParseWaveFormatSubFormatOffset300/S3_bogus_subtype_7_at_24 (0.00s)
2026-10-10T07:42:24.6531636Z     --- PASS: TestParseWaveFormatSubFormatOffset300/S4_data1_shifted_to_26 (0.00s)
2026-10-10T07:42:24.6531736Z === RUN   TestResample48kTo16kLengthExact
2026-10-10T07:42:24.6531853Z --- PASS: TestResample48kTo16kLengthExact (0.00s)
2026-10-10T07:42:24.6531934Z === RUN   TestResamplerSineSNR48k
2026-10-10T07:42:24.6532033Z --- PASS: TestResamplerSineSNR48k (0.00s)
2026-10-10T07:42:24.6532122Z === RUN   TestResamplerSineSNR44k1
2026-10-10T07:42:24.6532211Z --- PASS: TestResamplerSineSNR44k1 (0.00s)
2026-10-10T07:42:24.6532299Z === RUN   TestResamplerChunkInvariant
2026-10-10T07:42:24.6532404Z --- PASS: TestResamplerChunkInvariant (0.00s)
2026-10-10T07:42:24.6532492Z === RUN   TestResamplerLatencyBounded
2026-10-10T07:42:24.6532589Z --- PASS: TestResamplerLatencyBounded (0.00s)
2026-10-10T07:42:24.6532688Z === RUN   TestResamplerPassthroughAndFlush
2026-10-10T07:42:24.6532811Z --- PASS: TestResamplerPassthroughAndFlush (0.00s)
2026-10-10T07:42:24.6532896Z === RUN   TestMonoDownmixAndFloatConvert
2026-10-10T07:42:24.6533011Z --- PASS: TestMonoDownmixAndFloatConvert (0.00s)
2026-10-10T07:42:24.6533106Z === RUN   TestWavInjectorFrameExact
2026-10-10T07:42:24.6533208Z --- PASS: TestWavInjectorFrameExact (0.10s)
2026-10-10T07:42:24.6533293Z === RUN   TestWavInjectorRateConversion
2026-10-10T07:42:24.6533403Z --- PASS: TestWavInjectorRateConversion (0.00s)
2026-10-10T07:42:24.6533519Z === RUN   TestWavInjectorBackpressureDropCounted
2026-10-10T07:42:24.6533649Z --- PASS: TestWavInjectorBackpressureDropCounted (1.64s)
2026-10-10T07:42:24.6533739Z === RUN   TestWavInjectorCtxCancel
2026-10-10T07:42:24.6533838Z --- PASS: TestWavInjectorCtxCancel (0.16s)
2026-10-10T07:42:24.6533923Z === RUN   TestWavInjectorBadFile
2026-10-10T07:42:24.6534012Z --- PASS: TestWavInjectorBadFile (0.00s)
2026-10-10T07:42:24.6534104Z === RUN   TestBoundedWindowInvariants
2026-10-10T07:42:24.6534213Z --- PASS: TestBoundedWindowInvariants (0.00s)
2026-10-10T07:42:24.6534272Z PASS
2026-10-10T07:42:24.6534398Z ok  	github.com/CarlosShao/wisp/internal/audio	16.628s
2026-10-10T07:42:24.6534463Z FAIL
2026-10-10T07:42:24.7576683Z runtests.sh: go test exited 1 - packages=[./internal/proc/ ./internal/secret/ ./internal/config/ ./internal/risk/ ./internal/ball/ ./internal/perm/ ./internal/plugin/ ./cmd/llmrecord/ ./internal/session/ ./internal/projctx/ ./internal/audio/ -count=1 -skip ^(TestDefaultDeadlineWallClockMeasurement|TestSubprocessCrashWriter|TestHelperProcess|TestLiveWasapiSmoke|TestRealDownloadVadThroughPipeline|TestRealDownloadPuncArchiveThroughPipeline|TestSyncRegistryProbeLive)$] top-level: PASS=427 FAIL=12 SKIP=1, === RUN=624, '[no tests to run]'=0
2026-10-10T07:42:24.8612609Z portable-tests.sh: four numbers (all from -v output): === RUN=624  --- PASS=427  --- FAIL=12  --- SKIP=1
2026-10-10T07:42:24.8613068Z portable-tests.sh: unaccounted SKIP lines, each with the file:line and reason it printed:
2026-10-10T07:42:24.8768873Z     syncdirs_redteam_windows_test.go:220: no live sync root on this machine (detected roots: [])
2026-10-10T07:42:24.8769034Z --- SKIP: TestSyncRedTeamRealOneDrive (0.00s)
2026-10-10T07:42:24.9392184Z portable-tests.sh:   ok (own line)  github.com/CarlosShao/wisp/cmd/llmrecord
2026-10-10T07:42:25.0031138Z portable-tests.sh:   ok (own line)  github.com/CarlosShao/wisp/internal/audio
2026-10-10T07:42:25.0654734Z portable-tests.sh:   ok (own line)  github.com/CarlosShao/wisp/internal/ball
2026-10-10T07:42:25.1287885Z portable-tests.sh:   ok (own line)  github.com/CarlosShao/wisp/internal/config
2026-10-10T07:42:25.1924347Z portable-tests.sh:   ok (own line)  github.com/CarlosShao/wisp/internal/perm
2026-10-10T07:42:25.2554665Z portable-tests.sh:   ok (own line)  github.com/CarlosShao/wisp/internal/plugin
2026-10-10T07:42:25.3199445Z portable-tests.sh:   ok (own line)  github.com/CarlosShao/wisp/internal/proc
2026-10-10T07:42:25.3823195Z portable-tests.sh:   ok (own line)  github.com/CarlosShao/wisp/internal/projctx
2026-10-10T07:42:25.4458939Z portable-tests.sh:   FAIL (own line) github.com/CarlosShao/wisp/internal/risk
2026-10-10T07:42:25.5096262Z portable-tests.sh:   ok (own line)  github.com/CarlosShao/wisp/internal/secret
2026-10-10T07:42:25.5785807Z portable-tests.sh:   ok (own line)  github.com/CarlosShao/wisp/internal/session
2026-10-10T07:42:25.5951915Z portable-tests.sh: strict runner exited 1 for scope=[./internal/proc/ ./internal/secret/ ./internal/config/ ./internal/risk/ ./internal/ball/ ./internal/perm/ ./internal/plugin/ ./cmd/llmrecord/ ./internal/session/ ./internal/projctx/ ./internal/audio/]
2026-10-10T07:42:25.6009878Z ##[error]Process completed with exit code 1.
2026-10-10T07:42:25.6138535Z ##[group]Run bash tools/d22scan/runtests.sh ./internal/risk/ -run TestPathResolverJunctionWindows
2026-10-10T07:42:25.6139181Z [36;1mbash tools/d22scan/runtests.sh ./internal/risk/ -run TestPathResolverJunctionWindows[0m
2026-10-10T07:42:25.6148529Z shell: C:\Program Files\Git\bin\bash.EXE --noprofile --norc -e -o pipefail {0}
2026-10-10T07:42:25.6148865Z env:
2026-10-10T07:42:25.6149023Z   WISP_ENV: test
2026-10-10T07:42:25.6149193Z ##[endgroup]
2026-10-10T07:42:26.3631609Z time=2026-10-10T07:42:26.268Z level=INFO msg="winsec: sealing path resolver installed" resolver=risk.c26Pipeline probes_passed=2
2026-10-10T07:42:26.3632381Z === RUN   TestPathResolverJunctionWindows
2026-10-10T07:42:26.3632859Z --- PASS: TestPathResolverJunctionWindows (0.02s)
2026-10-10T07:42:26.3633211Z PASS
2026-10-10T07:42:26.3633497Z ok  	github.com/CarlosShao/wisp/internal/risk	0.057s
2026-10-10T07:42:26.5649367Z runtests.sh: OK - packages=[./internal/risk/ -run TestPathResolverJunctionWindows] top-level: PASS=1 FAIL=0 SKIP=0, === RUN=1, '[no tests to run]'=0
2026-10-10T07:42:26.5896039Z Post job cleanup.
2026-10-10T07:42:26.7457887Z [command]"C:\Program Files\Git\bin\git.exe" version
2026-10-10T07:42:26.7696382Z git version 2.55.0.windows.5
2026-10-10T07:42:26.7758218Z Temporarily overriding HOME='D:\a\_temp\3ec9debf-81c3-41c8-bd60-6a51e947dfca' before making global git config changes
2026-10-10T07:42:26.7759013Z Adding repository directory to the temporary git global config as a safe directory
2026-10-10T07:42:26.7766864Z [command]"C:\Program Files\Git\bin\git.exe" config --global --add safe.directory D:\a\wisp\wisp
2026-10-10T07:42:26.8035840Z [command]"C:\Program Files\Git\bin\git.exe" config --local --name-only --get-regexp core\.sshCommand
2026-10-10T07:42:26.8300305Z [command]"C:\Program Files\Git\bin\git.exe" submodule foreach --recursive "sh -c \"git config --local --name-only --get-regexp 'core\.sshCommand' && git config --local --unset-all 'core.sshCommand' || :\""
2026-10-10T07:42:27.3425807Z [command]"C:\Program Files\Git\bin\git.exe" config --local --name-only --get-regexp http\.https\:\/\/github\.com\/\.extraheader
2026-10-10T07:42:27.3649130Z http.https://github.com/.extraheader
2026-10-10T07:42:27.3693723Z [command]"C:\Program Files\Git\bin\git.exe" config --local --unset-all http.https://github.com/.extraheader
2026-10-10T07:42:27.3954922Z [command]"C:\Program Files\Git\bin\git.exe" submodule foreach --recursive "sh -c \"git config --local --name-only --get-regexp 'http\.https\:\/\/github\.com\/\.extraheader' && git config --local --unset-all 'http.https://github.com/.extraheader' || :\""
2026-10-10T07:42:27.8468839Z [command]"C:\Program Files\Git\bin\git.exe" config --local --name-only --get-regexp ^includeIf\.gitdir:
2026-10-10T07:42:27.8728247Z [command]"C:\Program Files\Git\bin\git.exe" submodule foreach --recursive "git config --local --show-origin --name-only --get-regexp remote.origin.url"
2026-10-10T07:42:28.3602390Z Cleaning up orphan processes
2026-10-10T07:42:28.3690266Z ##[warning]Node.js 20 is deprecated. The following actions target Node.js 20 but are being forced to run on Node.js 24: actions/cache@v4, actions/checkout@v4, actions/setup-go@v5. For more information see: https://github.blog/changelog/2025-09-19-deprecation-of-node-20-on-github-actions-runners/
